1.592756637931778229e-07 6.301995705861570868e-05 2.173629275319609560e-04 4.383042702441443741e-04 7.048550309567168989e-04 9.928792247097574259e-04 1.266769479622623573e-03 1.472500246249439744e-03 1.544548291621872455e-03 1.442204051308606334e-03 1.194584954853474771e-03 8.909079397929254738e-04 6.154555880905594268e-04 4.062838742834861154e-04 2.635291910313825839e-04 1.720824078893246349e-04 1.154705040482912687e-04 8.050512705084632726e-05 5.782867435179225087e-05 4.161239765578382435e-05 2.911464764350697550e-05 1.955432774480337260e-05 1.267344752195359772e-05 8.034593780915605350e-06 5.056552326130924261e-06 3.203347967077838448e-06 2.067668279567315499e-06 1.368338511877661587e-06 9.225396028639696223e-07 6.217983367932878812e-07 4.111207794064557063e-07 2.648208706305487871e-07 1.669668856397942882e-07 1.040261302578180650e-07 6.469802921161841089e-08 4.055746251036352818e-08 2.583241672875906625e-08 1.675913840244141944e-08 1.099019545766024974e-08 7.174642992165624431e-09 4.606379897834091609e-09 2.902106191082188614e-09 1.803410100033747429e-09 1.113791984557696589e-09 6.889721142036879709e-10 4.299780298459333309e-10 2.721603224391444862e-10 1.746252907577066732e-10 1.125780594859435728e-10 7.202731398010676779e-11 4.540852015290528626e-11 2.822995810615632798e-11 1.739738893601775842e-11 1.069538909546048290e-11 6.600139583252033705e-12 4.111384278137842042e-12 2.592929290432180315e-12 1.650592729965136779e-12 1.050764952921498615e-12 6.627029064197318222e-13 4.127030934618063337e-13 2.544192517245597095e-13 1.560300030050863714e-13 9.570373384643712558e-14 5.901371346566287548e-14 3.673650963972473834e-14 2.310574728377079073e-14 1.460988191776750738e-14 9.205674336362149362e-15 5.743778718355610624e-15 3.546716203092304838e-15 2.174636945831355984e-15 1.329972085862016921e-15 8.150542228146102818e-16 5.026669065633448268e-16 3.128459130745405039e-16 1.962486483662659152e-16 1.233095589558550593e-16 7.702853135767707010e-17 4.766953909966167452e-17 2.926160979530835034e-17 1.788020128992051986e-17 1.092005366717067270e-17 6.692509395013100207e-18 4.130119364057164633e-18 2.569812095965453270e-18 1.607263038383288123e-18 1.003784364811509664e-18 6.224902147626409913e-19 3.828561141201024667e-19 2.340579440581426007e-19 1.427274888091617364e-19 8.712880673524980386e-20 5.343032000303580556e-20 3.299715433577377958e-20 2.051558934658775696e-20 1.278411241849080318e-20 7.934514683222248476e-21 4.886771015503510263e-21 2.986851911953235325e-21 1.815383928855674484e-21 1.099495351181004615e-21 6.645651579549582906e-22 4.012337814185192125e-22 2.421014527429263852e-22 1.460357914649093471e-22 8.807413428197927278e-23 5.311278667207030015e-23 3.202798293796982299e-23 1.931298677443646796e-23 1.164564864044076041e-23 7.022228510011991529e-24 4.234329640756737647e-24 2.553251180300288559e-24 1.539578997043358167e-24 9.283466627126792573e-25 5.597811357281369775e-25 3.375407967202775130e-25 2.035327254203052940e-25 1.227275900356207444e-25 7.400314114410653968e-26 4.462293140151265038e-26 2.690704695553037430e-26 1.622459911404836617e-26 9.783222080883698906e-27 5.899155566945106152e-27 3.557114015805510437e-27 2.144893446874473809e-27 1.293342827149414003e-27 7.798688885117868302e-28 4.702507877044752579e-28 2.835551034131965826e-28 1.709800361269451035e-28 1.030987360192544999e-28 6.216719571177188907e-29 3.748600974050851786e-29 2.260357589196911327e-29 1.362966201630378634e-29 8.218508768976597881e-30 4.955653801602228993e-30 2.988194731142316959e-30 1.801842523448421500e-30 1.086487585788010056e-30 6.551378706564068466e-31 3.950396076145169977e-31 2.382037408823782077e-31 1.436337548858401527e-31 8.660928441410404458e-32 5.222427104741380478e-32 3.149055560130127398e-32
1.592730460280087137e-07 6.302013033848985490e-05 2.173642225599963396e-04 4.383086836406721674e-04 7.048662581321000695e-04 9.929041639887786850e-04 1.266820534216581444e-03 1.472596595014660651e-03 1.544709199167413911e-03 1.442428882098030192e-03 1.194837941064075216e-03 8.911387889560126946e-04 6.156345855286787057e-04 4.064092554126168288e-04 2.636133624342239072e-04 1.721397387063930114e-04 1.155125331800000707e-04 8.053992676177990334e-05 5.786107692815652663e-05 4.164373299910955766e-05 2.914311090517261745e-05 1.957740757172784821e-05 1.269027080508827454e-05 8.045990259510738896e-06 5.063986518088247002e-06 3.208168980573931916e-06 2.070875861928756744e-06 1.370598850758739201e-06 9.242524514187921257e-07 6.231522101428056136e-07 4.121683603043417413e-07 2.655817055462493944e-07 1.674848648776373100e-07 1.043632863868691412e-07 6.491272345469733934e-08 4.069411874540070467e-08 2.592130157117587031e-08 1.681951772279961348e-08 1.103334526826333428e-08 7.206227820326146200e-09 4.629006684549070286e-09 2.917571671304788993e-09 1.813524457198888073e-09 1.120220133886489129e-09 6.930100052353941887e-10 4.325262364657718351e-10 2.738040048066560240e-10 1.757257765241485412e-10 1.133422513656275117e-10 7.256272645378813309e-11 4.577450291484768413e-11 2.847087274086595927e-11 1.755108844450174016e-11 1.079168143908936205e-11 6.660177636106694078e-12 4.149140375286020763e-12 2.617219550358184727e-12 1.666736867227516562e-12 1.061760821855176626e-12 6.701717256645767628e-13 4.176459399404393522e-13 2.575926857131565934e-13 1.580227630470069776e-13 9.694149130367804303e-14 5.978264447906629384e-14 3.721982784168039124e-14 2.341670357213430874e-14 1.481549745990764954e-14 9.343474505339785589e-15 5.835119933106796202e-15 3.605757245889058217e-15 2.211899501359853812e-15 1.353132701546528344e-15 8.293689448025233626e-16 5.115496051102767117e-16 3.184370523300595327e-16 1.998496796013672032e-16 1.256783262550432456e-16 7.859233045770446630e-17 4.868559336172460414e-17 2.990697531270020835e-17 1.828272358298689984e-17 1.116861741466241929e-17 6.845760890445776191e-18 4.225278454880450201e-18 2.629861558155850992e-18 1.645972210255149396e-18 1.029085815037009672e-18 6.389554297871662604e-19 3.933802562177571417e-19 2.406563961644094253e-19 1.468098015729321744e-19 8.963978660037054415e-20 5.497739686084123480e-20 3.395960438592133585e-20 2.112468695143827294e-20 1.317656964017558277e-20 8.188948669220610424e-21 5.050022606622866905e-21 3.089689706077753431e-21 1.879086436702592341e-21 1.138498180060326827e-21 6.882772983886863017e-22 4.155925664288494469e-22 2.507775721092757421e-22 1.512721830124702384e-22 9.123258068011331310e-23 5.501726097903464151e-23 3.317614480240582958e-23 2.000512421639472391e-23 1.206286479437995571e-23 7.273717555416526435e-24 4.385919898461707733e-24 2.644624719809894216e-24 1.594655702850079263e-24 9.615448647374816499e-25 5.797917612150178539e-25 3.496024396543692155e-25 2.108030213071946497e-25 1.271098443608328500e-25 7.664459468019464254e-26 4.621509721651831448e-26 2.786674264741242866e-26 1.680306630368879712e-26 1.013189952587231294e-26 6.109324692991183646e-27 3.683795727197148739e-27 2.221252206622197746e-27 1.339368881972086459e-27 8.076115789435934080e-28 4.869729849546140205e-28 2.936345815879119528e-28 1.770555455163826912e-28 1.067608114421531468e-28 6.437454882578326227e-29 3.881651404226035516e-29 2.340555063875683903e-29 1.411306023271121301e-29 8.509881788552680220e-30 5.131281724936225690e-30 3.094056156696377046e-30 1.865651510470894411e-30 1.124949057884795372e-30 6.783208845445465566e-31 4.090133852584727698e-31 2.466265644065313559e-31 1.487106888506082235e-31 8.966945240313659432e-32 5.406881480017946733e-32 3.260237076892304594e-32
1.592651911040464519e-07 6.302064990983775525e-05 2.173681089734733215e-04 4.383219218416948095e-04 7.048999284893382993e-04 9.929789252330293442e-04 1.266973659099053994e-03 1.472885547295534796e-03 1.545191820507075273e-03 1.443103278376580518e-03 1.195596860490663691e-03 8.918313484986033950e-04 6.161716064349221289e-04 4.067854175981204198e-04 2.638658825461296644e-04 1.723117278651481422e-04 1.156386129349313186e-04 8.064431791331975639e-05 5.795828408268364964e-05 4.173776133488156238e-05 2.922855689224509903e-05 1.964672506902450261e-05 1.274081649858186036e-05 8.080239057799628601e-06 5.086330195978722282e-06 3.222658772619940475e-06 2.080515685563208157e-06 1.377391064093674349e-06 9.293992907262150425e-07 6.272215687902800435e-07 4.153192207007279296e-07 2.678719285456556418e-07 1.690450607224627186e-07 1.053792387379486263e-07 6.555978672764807779e-08 4.110599645185879459e-08 2.618916921590670779e-08 1.700144710157009112e-08 1.116335789235780773e-08 7.301441881601179371e-09 4.697284838818351597e-09 2.964290759740915019e-09 1.844103904235046112e-09 1.139664522639083809e-09 7.052268796005427071e-10 4.402360375255262768e-10 2.787762592556460988e-10 1.790540960929459725e-10 1.156537526070770317e-10 7.418360084163718983e-11 4.688397887756730455e-11 2.920216857487771514e-11 1.801807911926950416e-11 1.108440436385935622e-11 6.842726746249960141e-12 4.263933510889461975e-12 2.691052851697564002e-12 1.715799233490229039e-12 1.095191224555528959e-12 6.929087841651749424e-13 4.327191231469596224e-13 2.672842408530819499e-13 1.641144338789793378e-13 1.007270825307292579e-13 6.213468825855577340e-14 3.869799731805002674e-14 2.436741572781812851e-14 1.544410569784391456e-14 9.765127083741194056e-15 6.115121212128153882e-15 3.787102302835360870e-15 2.326525392670469293e-15 1.424444269945764580e-15 8.734626541250128515e-16 5.389119445814225737e-16 3.356552952652077634e-16 2.109354484967252245e-16 1.329725096368132325e-16 8.341489735630267700e-17 5.182610054569946346e-17 3.190595860177547418e-17 1.953135885570057475e-17 1.194030614697767929e-17 7.321690722096860032e-18 4.520768619345364101e-18 2.816254829131484359e-18 1.766097111839360566e-18 1.107666161251494749e-18 6.902018397366080425e-19 4.262210576339114243e-19 2.612910903672195346e-19 1.595935151376775304e-19 9.750831460780174143e-20 5.982616316138709591e-20 3.697526040875551316e-20 2.303229885169696794e-20 1.440579687987436750e-20 8.987091218106270363e-21 5.563541796490130901e-21 3.414084204713584231e-21 2.080456789382226292e-21 1.261954693350065562e-21 7.633908280907401230e-22 4.610956242825447154e-22 2.782778033799679979e-22 1.678712296088489750e-22 1.012450049249451637e-22 6.105455130558267992e-23 3.681583288002728721e-23 2.219916026819061630e-23 1.338538078924982549e-23 8.070878948014406197e-24 4.866410942121864858e-24 2.934239676132086716e-24 1.769219778502363551e-24 1.066762315801675430e-24 6.432108692751000367e-25 3.878278505035775650e-25 2.338431019624611344e-25 1.409970764550815223e-25 8.501501550204536808e-26 5.126030212771281624e-26 3.090769947916703494e-26 1.863597838461651171e-26 1.123667226276678836e-26 6.775217311234563208e-27 4.085156931361511411e-27 2.463169280099014267e-27 1.485182332777349366e-27 8.954993792550502781e-28 5.399465914019154403e-28 3.255639571726978049e-28 1.963006932455901382e-28 1.183606517837227656e-28 7.136624766292909184e-29 4.303069667756232917e-29 2.594561038568656798e-29 1.564405762073927876e-29 9.432676094434249823e-30 5.687487252950272191e-30 3.429303723416694901e-30 2.067718748964960679e-30 1.246743120366218729e-30 7.517310605984367778e-31 4.532606422578994585e-31 2.732961568147386100e-31 1.647855171310673144e-31 9.935839190937755355e-32 5.990872386531142315e-32 3.612231565140618473e-32
1.592520799851961947e-07 6.302151527725436894e-05 2.173745808462768071e-04 4.383439691777066228e-04 7.049560059193773652e-04 9.931034302438621932e-04 1.267228709616656686e-03 1.473366865576747689e-03 1.545995842303462533e-03 1.444226960332603863e-03 1.196861595626023999e-03 8.929856561360109777e-04 6.170667354564473607e-04 4.074124181063984700e-04 2.642867682961379965e-04 1.725983651284100000e-04 1.158487202015610873e-04 8.081827653461467640e-05 5.812029392186338929e-05 4.189454923873622686e-05 2.937115395791962860e-05 1.976251428857566926e-05 1.282531237240017673e-05 8.137518590058303295e-06 5.123706938888865505e-06 3.246897787957804008e-06 2.096639098113505932e-06 1.388748810683236220e-06 9.380050276875444580e-07 6.340296268622654453e-07 4.205977194927135912e-07 2.717147393245620888e-07 1.716663163987997924e-07 1.070875044841048990e-07 6.664821017587257071e-08 4.179885596661494716e-08 2.663968019031789688e-08 1.730731365114032368e-08 1.138193015049904536e-08 7.461668091321547910e-09 4.812412185091389028e-09 3.043237137134008609e-09 1.895863323968844849e-09 1.172609588950230027e-09 7.259355785924995944e-10 4.533050875490645743e-10 2.872020336882573653e-10 1.846916485493455136e-10 1.195698253337842338e-10 7.693418027643452809e-11 4.877184338945277617e-11 3.044980624683300830e-11 1.881629224768693126e-11 1.158528101447018576e-11 7.155215637306291694e-12 4.460417165059550128e-12 2.817365914795911485e-12 1.799699817493381981e-12 1.152403285079102756e-12 7.319195860229488969e-13 4.586685506393234470e-13 2.840178237999662037e-13 1.746528364163104626e-13 1.072827084134348595e-13 6.620899135275643425e-14 4.125779390025437482e-14 2.601273233968031070e-14 1.653180256747899823e-14 1.049591242975337856e-14 6.602111085153483254e-15 4.103741827684341773e-15 2.527280301864768832e-15 1.549573037099715508e-15 9.509007848453844324e-16 5.869707305436699367e-16 3.658811823205553204e-16 2.303823803316146655e-16 1.457733846542570387e-16 9.190157857112911642e-17 5.737709011048656551e-17 3.545419189342608242e-17 2.175436415345503595e-17 1.331652015438742796e-17 8.171015369710638996e-18 5.047999280840572948e-18 3.148573866476911615e-18 1.980151861305082968e-18 1.247882992288130976e-18 7.820102584560006889e-19 4.853552857334777186e-19 2.986065033546313834e-19 1.827763421223223785e-19 1.117982968897634978e-19 6.863531742436003231e-20 4.245143023648223312e-20 2.649317254040747189e-20 1.663588337392506624e-20 1.043897260294066309e-20 6.502517696523518259e-21 4.010536552738272113e-21 2.452299226444588170e-21 1.490552418643587549e-21 9.026947355066429546e-22 5.455562516433563292e-22 3.293442950859920462e-22 1.987008911655278270e-22 1.198426196377412340e-22 7.226864293857541538e-23 4.357627816746978696e-23 2.627424023034961375e-23 1.584161861530368016e-23 9.551318468516104198e-24 5.758695739236932261e-24 3.472029227085570571e-24 2.093349683739866890e-24 1.262117386914274058e-24 7.609523879863456605e-25 4.587912162688356432e-25 2.766130330434860262e-25 1.667746921011030965e-25 1.005512878871557576e-25 6.062407391649871123e-26 3.655128014621044777e-26 2.203738523548735402e-26 1.328671237619435191e-26 8.010783654358914433e-27 4.829836973495039021e-27 2.911990409936089998e-27 1.755688275100401924e-27 1.058534158733905161e-27 6.382081494751578205e-28 3.847864886323869734e-28 2.319942826674786648e-28 1.398732772059190451e-28 8.433196478461912284e-29 5.084516804396169745e-29 3.065541185968808355e-29 1.848266634642868917e-29 1.114351217449893867e-29 6.718611982463772297e-30 4.050764809512842818e-30 2.442274622316848769e-30 1.472488680852982816e-30 8.877883328209207951e-31 5.352626027898861907e-31 3.227188771840606223e-31 1.945726698409165968e-31 1.173111538417671912e-31 7.072887896806986850e-32 4.264363750801085959e-32
1.592336887256131448e-07 6.302272564927534912e-05 2.173836312927945446e-04 4.383748015335809365e-04 7.050344316173378983e-04 9.932775845410139921e-04 1.267585438668853304e-03 1.474040164967381147e-03 1.547120729857144909e-03 1.445799454892221112e-03 1.198631946192955499e-03 8.946017744865365036e-04 6.183201131307965084e-04 4.082903522163971706e-04 2.648760476120698209e-04 1.729996334658551443e-04 1.161428163345003777e-04 8.106176256727519653e-05 5.834710294865865372e-05 4.211420683711733612e-05 2.957118183814225269e-05 1.992516531455672469e-05 1.294413888996786581e-05 8.218127299807197159e-06 5.176323617554541787e-06 3.281020730695575021e-06 2.119332073910227073e-06 1.404728415025415356e-06 9.501112657853256560e-07 6.436150673016138092e-07 4.280444740875611741e-07 2.771489524018157280e-07 1.753802660811113306e-07 1.095108305757802668e-07 6.819314463693288347e-08 4.278240958107217239e-08 2.727900633475281485e-08 1.774113906958589188e-08 1.169191436471252693e-08 7.689225386685192259e-09 4.976399820612424595e-09 3.156052703807824317e-09 1.970013441848692342e-09 1.219878226704037746e-09 7.556683964244177559e-10 4.720699227063626623e-10 2.992940451708981869e-10 1.927768374595781187e-10 1.251875451114568304e-10 8.088931821232535814e-11 5.149729746421961483e-11 3.225807396534865449e-11 1.997647100504755644e-11 1.231447667668659456e-11 7.610445031167737442e-12 4.746614844505421761e-12 3.001220044517163403e-12 1.921740884640578749e-12 1.235705753240966506e-12 7.889261147980105630e-13 4.967776178269298162e-13 3.087008475546581419e-13 1.902436260571013330e-13 1.169965698495178836e-13 7.224905486595821392e-14 4.505112949179478926e-14 2.844857826672046541e-14 1.814152333745095927e-14 1.157975189731382619e-14 7.327976416166996117e-15 4.578425996029710060e-15 2.829628926295386113e-15 1.738569647020964838e-15 1.068027588185948047e-15 6.596760394482840203e-16 4.115746039130632778e-16 2.597492565148420690e-16 1.651105996518414659e-16 1.047685624533351545e-16 6.584596631496312609e-17 4.090159455213159717e-17 2.518291739071381269e-17 1.544474334821902522e-17 9.485885216196305259e-18 5.864098929262965857e-18 3.662412187216640990e-18 2.310815571344320080e-18 1.464813502777470677e-18 9.248050091707121207e-19 5.780025575349486813e-19 3.574486849303787568e-19 2.194931778344187046e-19 1.344836970609238331e-19 8.262992575981162637e-20 5.114602289620158865e-20 3.198061732556633509e-20 2.017042040069055637e-20 1.274733636883114950e-20 8.005854694351346079e-21 4.973198560591578205e-21 3.056385374132161282e-21 1.863537538480559768e-21 1.130563117762754134e-21 6.839041869867887097e-22 4.130507785271353223e-22 2.492524928088870766e-22 1.503412026514682334e-22 9.065927736479562507e-23 5.466276189681992528e-23 3.295656828848223255e-23 1.986905317078395330e-23 1.197855237910746270e-23 7.221497502783594686e-24 4.353594305703545624e-24 2.624626219398384906e-24 1.582290942343300963e-24 9.539044789898857478e-25 5.750733698428315028e-25 3.466901731716104880e-25 2.090064826430622981e-25 1.260021496889293620e-25 7.596195583530430059e-26 4.579460467168878484e-26 2.760784361349016187e-26 1.664372977124015566e-26 1.003387819146259975e-26 6.049047467007948881e-27 3.646743017122755871e-27 2.198484091888763325e-27 1.325383301890270445e-27 7.990237014640114778e-28 4.817013120259121547e-28 2.903995883646707660e-28 1.750709803257849091e-28 1.055437038477141776e-28 6.362832607142361278e-29 3.835912262918299282e-29 2.312527108169298646e-29 1.394135543115023820e-29 8.404718395329683253e-30 5.066888341921357340e-30 3.054636248577540077e-30 1.841525208659481989e-30 1.110186227804756235e-30 6.692894860250078611e-31 4.034894370729480010e-31 2.432485930657091770e-31 1.466454201567676482e-31 8.840700364142359459e-32 5.329725459200197045e-32
1.592099808830772840e-07 6.302427971849257522e-05 2.173952525934403875e-04 4.384143879145158107e-04 7.051351214327251666e-04 9.935011862064633756e-04 1.268043517964727697e-03 1.474904872831428850e-03 1.548565747621535003e-03 1.447820099089131268e-03 1.200907633095709510e-03 8.966797887857792587e-04 6.199319372506176089e-04 4.094193531715797137e-04 2.656337600879981123e-04 1.735155089044244957e-04 1.165208472363786718e-04 8.137471963137679761e-05 5.863870550959472493e-05 4.239688661961985662e-05 2.982903034133179809e-05 2.013522422741490791e-05 1.309783047491976130e-05 8.322485283313316238e-06 5.244471759512914109e-06 3.325217508296563102e-06 2.148715809866075019e-06 1.425409210214818881e-06 9.657764473433644312e-07 6.560320320013278214e-07 4.377163861980391063e-07 2.842292156278468760e-07 1.802316776138832524e-07 1.126815235447130509e-07 7.021615189658162517e-08 4.407049148469100418e-08 2.811593884000011726e-08 1.830864544814471893e-08 1.209735548406498082e-08 7.987390080847494106e-09 5.192093991565616116e-09 3.305076097809437062e-09 2.068289938165962987e-09 1.282655426527479147e-09 7.951937827358430142e-10 4.970168958274579546e-10 3.153596623839296346e-10 2.035092911830568157e-10 1.326463288412231687e-10 8.615617855373179515e-11 5.514541486755291412e-11 3.469113302210390735e-11 2.154348575656651987e-11 1.330156874941888737e-11 8.227240480666735952e-12 5.134337840442007269e-12 3.250061718747328596e-12 2.086767000527864710e-12 1.348468222421993266e-12 8.664377607221454275e-13 5.489285625961942216e-13 3.426770114583269734e-13 2.117908343575357316e-13 1.304510353256186194e-13 8.062110549668626145e-14 5.030663108976078085e-14 3.181913286660720734e-14 2.036746312283947807e-14 1.308203496028503043e-14 8.340245897785150475e-15 5.245374131205803398e-15 3.257082893246198062e-15 2.006838648396266224e-15 1.234613882122974432e-15 7.631249660674137619e-16 4.765329884423904239e-16 3.014366777759763120e-16 1.925610326558109039e-16 1.231080203035249857e-16 7.801007029728913144e-17 4.879037936075017017e-17 3.017929342690569255e-17 1.855791701727853890e-17 1.141248790712177230e-17 7.059853009353374602e-18 4.414296056633567870e-18 2.793967859634683621e-18 1.782157719423038969e-18 1.134941562105329051e-18 7.155832011407552179e-19 4.455839920768202869e-19 2.748250546810967733e-19 1.687874629510286181e-19 1.038178375539948957e-19 6.430255143423826152e-20 4.026985629030300298e-20 2.550398799012897032e-20 1.624041565711967718e-20 1.029879368550946699e-20 6.456502428473489050e-21 3.995473890983640563e-21 2.446927018301914145e-21 1.488288623153912837e-21 9.015350989726333900e-22 5.448652176134524929e-22 3.288972374642132690e-22 1.984020893233549361e-22 1.196414180308455017e-22 7.213357689905430635e-23 4.348621410542691125e-23 2.621463021461701230e-23 1.580244487932294644e-23 9.525739937831311830e-24 5.742089133041691343e-24 3.461301510819659415e-24 2.086450234495137200e-24 1.257697361559559552e-24 7.581305800836664968e-25 4.569953114374248351e-25 2.754732305143263179e-25 1.660531128520449970e-25 1.000955153996794469e-25 6.033679091272658979e-26 3.637054341551712823e-26 2.192387760056498517e-26 1.321554098574276317e-26 7.966224149040655082e-27 4.801977247102325991e-27 2.894594105859811070e-27 1.744838553744248573e-27 1.051774952464399520e-27 6.340016663153069601e-28 3.821712163115598281e-28 2.303698023723037316e-28 1.388651043800857458e-28 8.370679236482222234e-29 5.045779585335537992e-29 3.041556235093214165e-29 1.833426168296071401e-29 1.105174869299244297e-29 6.661907159662235288e-30 4.015745221570935272e-30 2.420659624647732777e-30 1.459154576569325192e-30 8.795668984771849657e-31 5.301960061796370840e-31 3.195979810690689821e-31 1.926511484673382331e-31 1.161285965624433690e-31 7.000140433543271018e-32
1.591809077903058087e-07 6.302617596004621899e-05 2.174094307925985116e-04 4.384626840900872347e-04 7.052579707329499018e-04 9.937739985271111347e-04 1.268602513199164339e-03 1.475960274910372797e-03 1.550329945186848957e-03 1.450288039430992857e-03 1.203688292821285732e-03 8.992198082455993930e-04 6.219024596427649536e-04 4.107995915963539853e-04 2.665599554723726422e-04 1.741459600065504716e-04 1.169827428418199428e-04 8.175707485189502393e-05 5.899509313988175974e-05 4.274278170458013353e-05 3.014519757398103378e-05 2.039339304553143390e-05 1.328707725492502699e-05 8.451136586085802546e-06 5.328529474579631291e-06 3.379734573700707120e-06 2.184947569725638419e-06 1.450894026686291383e-06 9.850760556697213834e-07 6.713501124477011922e-07 4.496866717892831868e-07 2.930263080028823192e-07 1.862789309484362187e-07 1.166419155118780135e-07 7.274556203664199122e-08 4.568130025052676961e-08 2.916204271938194890e-08 1.901734948355183916e-08 1.260354446138694459e-08 8.360426344203006931e-09 5.463206294795403839e-09 3.493382342884383623e-09 2.192994641224352917e-09 1.362522159761901304e-09 8.455404612312813373e-10 5.287980297656382119e-10 3.358109022190524370e-10 2.171560027715075142e-10 1.421316185890500692e-10 9.287667447604259701e-11 5.982934429174379526e-11 3.783520897471358196e-11 2.357823215266498835e-11 1.458696516462198689e-11 9.031414547959717808e-12 5.639803476791775642e-12 3.574108986855586949e-12 2.301402692863591164e-12 1.495268135726013922e-12 9.678542664946126953e-13 6.176904243357928598e-13 3.878029910774360218e-13 2.405568726230019983e-13 1.484648875550354803e-13 9.184186357856595062e-14 5.734721175297243593e-14 3.632774310333425073e-14 2.334180459356598570e-14 1.509388699486940266e-14 9.705165519555339525e-15 6.152789061429531635e-15 3.843218565959215045e-15 2.376617483303484426e-15 1.464858017248620662e-15 9.062056841708387304e-16 5.662946536861892663e-16 3.589366136433741474e-16 2.304033629341465845e-16 1.484884667731483471e-16 9.499002497408421755e-17 5.991274984417283602e-17 3.728053090642239509e-17 2.300503267900224994e-17 1.417119330214417534e-17 8.772476408162650019e-18 5.489627766780513188e-18 3.483594644574595958e-18 2.235299984782970167e-18 1.436736697719063566e-18 9.152081270077400124e-19 5.748313789269827216e-19 3.566191425369981186e-19 2.197375186680612078e-19 1.353486800839103788e-19 8.387539352014545577e-20 5.257746859644084937e-20 3.340829161496517956e-20 2.142621707760840391e-20 1.372956105742420630e-20 8.701969116011751103e-21 5.433054083876262034e-21 3.347313831466108447e-21 2.043203167231217849e-21 1.240098581271577446e-21 7.502348004835247784e-22 4.530767169838061853e-22 2.733608205959946626e-22 1.648479923036136855e-22 9.938402754822401340e-23 5.990861559515585244e-23 3.611023185776307479e-23 2.176479495887689688e-23 1.311807429956824683e-23 7.906439468496835902e-24 4.765290282319280951e-24 2.872079612932810378e-24 1.731023243547149792e-24 1.043299405356071107e-24 6.288033205022270165e-25 3.789837509454456251e-25 2.284158824149390762e-25 1.376676749086331655e-25 8.297316207560063474e-26 5.000843877726875435e-26 3.014039552798166905e-26 1.816580280802403582e-26 1.094864167841877789e-26 6.598814028656884194e-27 3.977146008283206891e-27 2.397050484403991061e-27 1.444717144247776883e-27 8.707399531965933200e-28 5.248003521348716855e-28 3.163004161903058070e-28 1.906362159874308121e-28 1.148976257548164764e-28 6.924950925830304210e-29 4.173710728126768112e-29 2.515521254749106937e-29 1.516120209394197540e-29 9.137750217729836723e-30 5.507378539254327764e-30 3.319331088273735614e-30 2.000581364624354087e-30 1.205762754615129284e-30 7.267206653642401655e-31 4.379990370786777576e-31 2.639847270415160783e-31 1.591052267509453909e-31 9.589370363634227365e-32
1.591464125480213967e-07 6.302841270517304899e-05 2.174261504340518816e-04 4.385196381447470674e-04 7.054028469251626436e-04 9.940957755105836631e-04 1.269261893649200256e-03 1.477205503666258971e-03 1.552412153330398050e-03 1.453202227693339236e-03 1.206973478219279788e-03 9.022219631269269872e-04 6.242319879782741096e-04 4.124312756194726615e-04 2.676546944967345175e-04 1.748909479301638894e-04 1.175284169867865072e-04 8.220873848179335863e-05 5.941625364505869356e-05 4.315212373270706654e-05 3.052028758765795127e-05 2.070052961162736872e-05 1.351272730281578544e-05 8.604752148108004990e-06 5.428963942340235230e-06 3.444876658329811833e-06 2.228221780765496631e-06 1.481309826883783138e-06 1.008102889483800793e-06 6.896543430674326266e-07 4.640448928097358921e-07 3.036275090447853746e-07 1.935946309261612716e-07 1.214449706603596014e-07 7.581694245324588541e-08 4.763771850224374139e-08 3.043186086914126074e-08 1.987668728210917969e-08 1.321708942417381131e-08 8.813626476587809589e-09 5.794351906802834417e-09 3.724833305585118601e-09 2.347049185952998573e-09 1.461500277012210160e-09 9.080297125449774575e-10 5.682523503712979075e-10 3.611779188297779988e-10 2.340596338301189702e-10 1.538798749806535137e-10 1.012307151662115023e-10 6.569315738697962308e-11 4.180145183905872373e-11 2.616016636614619146e-11 1.622383286719696617e-11 1.005708897578803426e-11 6.284489476998884488e-12 3.986886909545577044e-12 2.574382487310790921e-12 1.682094480823944345e-12 1.097604916611172358e-12 7.064357168915545965e-13 4.465516916773969599e-13 2.782452740647907804e-13 1.721526267226028221e-13 1.066179361852862455e-13 6.661513466099896272e-14 4.225253157506314911e-14 2.724435287262776166e-14 1.773823098007996696e-14 1.151194894871962099e-14 7.366299730198407843e-15 4.634495970306647398e-15 2.879093888110729112e-15 1.778844003169104718e-15 1.101545149943768425e-15 6.887353294243061518e-16 4.372023232843092374e-16 2.818470710144562600e-16 1.831012423817119150e-16 1.183540136919978753e-16 7.539296551075288597e-17 4.726205891968670045e-17 2.929681078765549274e-17 1.808713209104019338e-17 1.120518195132512108e-17 7.014910088190486946e-18 4.459351063716151617e-18 2.876010344331454673e-18 1.865521982661404931e-18 1.201871991994766770e-18 7.627447675547530347e-19 4.767401677675325602e-19 2.950356679098993406e-19 1.820835538427185657e-19 1.128902558083360547e-19 7.078538107473928641e-20 4.507060749214601125e-20 2.907904106237041983e-20 1.882636680205602040e-20 1.207931448207803683e-20 7.624132908488426068e-21 4.734010409076291000e-21 2.903645451041741410e-21 1.767134794169616365e-21 1.070603738683275800e-21 6.469959259934712163e-22 3.904720265889061198e-22 2.354875807241706943e-22 1.419653471195411735e-22 8.556782679618773154e-23 5.156954704594742527e-23 3.107794341172529213e-23 1.872831297368180468e-23 1.128595768196932213e-23 6.801029789274023315e-24 4.098350395851114964e-24 2.469690414764227319e-24 1.488248407808222233e-24 8.968257333633343848e-25 5.404313691390128751e-25 3.256664047842040001e-25 1.962480401996383135e-25 1.182599456068475981e-25 7.126396951137313401e-26 4.294398454489715622e-26 2.587823561930298116e-26 1.559433953460913807e-26 9.397218131523125194e-27 5.662805296024316670e-27 3.412431567615855455e-27 2.056346385022148398e-27 1.239163444189490945e-27 7.467253826693094093e-28 4.499800245928267112e-28 2.711599568269055047e-28 1.634021915785823560e-28 9.846688473050525961e-29 5.933658107520113494e-29 3.575648669413207004e-29 2.154701732955287919e-29 1.298432812402546401e-29 7.824413664938944501e-30 4.715026346776974547e-30 2.841295770235796728e-30 1.712177421758446558e-30 1.031765701510188400e-30 6.217465837845546368e-31 3.746672465283931548e-31 2.257761430171854070e-31 1.360537042615245954e-31
1.591064241998251026e-07 6.303098751111155024e-05 2.174453964421054917e-04 4.385851908491736665e-04 7.055695976868001920e-04 9.944661696462051264e-04 1.270021037667106931e-03 1.478639501342378327e-03 1.554810990840162742e-03 1.456561417565607839e-03 1.210762652502436190e-03 9.056864035219186265e-04 6.269208848608117876e-04 4.143146503880478795e-04 2.689180477694463195e-04 1.757504258469165569e-04 1.181577670998549780e-04 8.272960346563339434e-05 5.990217004052407734e-05 4.362518032212617139e-05 3.095500758818753572e-05 2.105764741593990454e-05 1.377578935431697118e-05 8.784133425013172116e-06 5.546334497199441361e-06 3.521008923531452306e-06 2.278771390450183482e-06 1.516808492671491851e-06 1.034967405833800882e-06 7.110452040405933369e-07 4.808969841991567056e-07 3.161370314036794918e-07 2.022663532573505027e-07 1.271550380436186845e-07 7.947368592541886808e-08 4.996771570286400189e-08 3.194317176843050839e-08 2.089817227496117661e-08 1.394600636917714272e-08 9.353361916896509664e-09 6.191095515068285652e-09 4.004138573857305146e-09 2.534061600705875329e-09 1.582109426113628763e-09 9.843168123114768384e-10 6.164334497172723280e-10 3.921264860968766740e-10 2.546493036504888487e-10 1.681850860507933970e-10 1.114403615911713790e-10 7.291536342496381728e-11 4.672949165809058126e-11 2.939054498167976470e-11 1.828061743950931405e-11 1.134844543871811026e-11 7.096273338925562100e-12 4.505944089953510613e-12 2.916993644158196625e-12 1.916620677755251734e-12 1.261330337582026823e-12 8.194887554235373784e-13 5.221453166157104165e-13 3.271104154209935464e-13 2.030048847480108830e-13 1.258999581151301659e-13 7.870670586793969855e-14 4.996807412703330740e-14 3.231594022610518096e-14 2.117816350494390838e-14 1.387847978372654173e-14 8.973498801913533381e-15 5.694047751695417404e-15 3.557336558632610757e-15 2.204604408951292221e-15 1.366867461700944769e-15 8.549289354721826194e-16 5.431837973414930834e-16 3.513639324509768662e-16 2.299698740879689567e-16 1.502623433021201261e-16 9.680016739410805468e-17 6.122733610992030245e-17 3.817198169465620364e-17 2.363551182410938247e-17 1.465653786973825729e-17 9.176199134289903726e-18 5.838005687306289463e-18 3.779541585745123192e-18 2.472169685282312368e-18 1.611612128937563397e-18 1.035037821061646082e-18 6.529254065054691935e-19 4.063836698756832300e-19 2.514819972861935372e-19 1.560117723152335590e-19 9.779549570468819619e-20 6.231329318627199323e-20 4.037590013057552787e-20 2.638523904686139797e-20 1.714826340143179415e-20 1.096194336106515019e-20 6.873689013361541778e-21 4.243053406170031825e-21 2.591884908681981524e-21 1.573396511074162340e-21 9.517865752701910325e-22 5.746674184235862010e-22 3.466205466072014275e-22 2.089584256849343892e-22 1.259340677549468348e-22 7.588610833300096425e-23 4.572434697100042545e-23 2.754957724082816171e-23 1.659865828339070366e-23 1.000060052086140962e-23 6.025270646849951691e-24 3.630159073089939022e-24 2.187127090252516312e-24 1.317716532765005331e-24 7.939072415940560480e-25 4.783187682873538501e-25 2.881807865064227771e-25 1.736251329801711581e-25 1.046068546514323130e-25 6.302425016572175923e-26 3.797127902052230285e-26 2.287719438468259061e-26 1.378320759180778974e-26 8.304200593961966804e-27 5.003171212698973306e-27 3.014344594408846221e-27 1.816102816623394426e-27 1.094177966975114885e-27 6.592277773929580631e-28 3.971760313078107035e-28 2.392933144677866217e-28 1.441710622859870899e-28 8.686116136058715789e-29 5.233270278541326334e-29 3.152976241530125990e-29 1.899626552901348160e-29 1.144499915016420973e-29 6.895460865555541755e-30 4.154424122228651844e-30 2.502985677656736774e-30 1.508015820778705859e-30 9.085596198235667624e-31 5.473951741080250897e-31 3.297983644645639482e-31 1.986991598539311141e-31
1.590608642013555939e-07 6.303389812805701008e-05 2.174671469352518855e-04 4.386592690017449675e-04 7.057580452245197818e-04 9.948847976280770014e-04 1.270879220168280458e-03 1.480261086864954109e-03 1.557524856528203199e-03 1.460364165719708375e-03 1.215055190655071633e-03 9.096132990640524735e-04 6.299695660845440123e-04 4.164499982238587666e-04 2.703500954262719582e-04 1.767243380825166642e-04 1.188706734352904345e-04 8.331954483670856544e-05 6.045281920367302639e-05 4.416225199930106672e-05 3.145016455841187188e-05 2.146591532033660353e-05 1.407743600992443626e-05 8.990216740736539270e-06 5.681296328146532834e-06 3.608559548763868145e-06 2.336869494317901316e-06 1.557567767208924902e-06 1.065798133592851414e-06 7.356386272748634990e-07 5.003652666064860785e-07 3.306765028921175038e-07 2.123975209360291634e-07 1.338487579519275106e-07 8.376772772712905608e-08 5.270484240551211042e-08 3.371730645259366056e-08 2.209558963320839620e-08 1.479983138829745338e-08 9.987145841590951077e-09 6.660004474401702679e-09 4.336926088735162250e-09 2.758406279400528731e-09 1.727437218652810647e-09 1.076442906341020941e-09 6.746442696324341836e-10 4.294801405774377796e-10 2.794542833499680446e-10 1.854070481058364004e-10 1.237750205550845962e-10 8.171311691240305075e-11 5.279171281544291216e-11 3.339644684034469364e-11 2.084425598680437906e-11 1.296199503791417501e-11 8.110922344460944244e-12 5.153793584985391986e-12 3.343658870476547138e-12 2.208563351160008473e-12 1.466115776350268550e-12 9.623095168854384599e-13 6.187219342817882145e-13 3.900993949116419624e-13 2.429952541049455951e-13 1.509557266452369958e-13 9.441955719507952189e-14 5.997506811785771734e-14 3.887680377421605160e-14 2.562837875853505884e-14 1.695886902787539679e-14 1.108979616004403931e-14 7.106643743697535387e-15 4.470264757755354788e-15 2.780990196372690765e-15 1.726914730402199182e-15 1.080375385401856846e-15 6.865944923597539022e-16 4.451629911926146818e-16 2.932472198506379538e-16 1.936663105486449185e-16 1.263005795162981724e-16 8.073131447224794221e-17 5.069170374234913906e-17 3.150787250711511905e-17 1.956407071365067672e-17 1.224673558434421306e-17 7.790634689444265462e-18 5.055281751917364592e-18 3.329793083871364171e-18 2.196036805395293684e-18 1.429018056072946641e-18 9.114788730306482634e-19 5.714754125040713649e-19 3.549683557262071833e-19 2.204310045778627568e-19 1.380883628820456645e-19 8.794050502784821481e-20 5.711137793621916979e-20 3.760589678159405204e-20 2.475118498790558954e-20 1.604761433298636837e-20 1.018356562955946297e-20 6.338223518880131436e-21 3.891018867801305621e-21 2.368503690118576579e-21 1.434767562790175937e-21 8.668383469246258406e-22 5.229720934420311978e-22 3.152772255555788052e-22 1.899917450388946169e-22 1.144686135034428289e-22 6.895893702107681506e-23 4.154030448555722636e-23 2.502278345159421589e-23 1.507282347971984274e-23 9.079249307196926842e-24 5.468942176726760784e-24 3.294243484140864112e-24 1.984300838041706766e-24 1.195250812012053921e-24 7.199634106741539255e-25 4.336723389919916170e-25 2.612239399890428456e-25 1.573490791213871066e-25 9.477972040236653580e-26 5.709086645307695915e-26 3.438886495901155278e-26 2.071424207529760234e-26 1.247728950223876754e-26 7.515734949913886421e-27 4.527126808178800024e-27 2.726929204715325059e-27 1.642574463039056152e-27 9.894099420225157351e-28 5.959742193385062633e-28 3.589869628542643111e-28 2.162369366244881158e-28 1.302510051854313287e-28 7.845710643396247613e-29 4.725888710954392188e-29 2.846654066582802247e-29 1.714691113226845888e-29 1.032849635046305470e-29 6.221402562738148318e-30 3.747481582432389281e-30 2.257307426907190975e-30 1.359696294025682836e-30 8.190173788235900603e-31 4.933377179606201902e-31 2.971635404267667839e-31
1.590096398829535034e-07 6.303714241966204156e-05 2.174913790042976405e-04 4.387417957459436722e-04 7.059679873769724454e-04 9.953512341402829047e-04 1.271835625768588662e-03 1.482068891573389783e-03 1.560551937442205975e-03 1.464608827348939414e-03 1.219850374748804442e-03 9.140028372221967569e-04 6.333785025100995914e-04 4.188376370716620544e-04 2.719509270905089864e-04 1.778126198934118138e-04 1.196669985284812428e-04 8.397841880122225932e-05 6.106817007837760233e-05 4.476366851713551399e-05 3.200666116095960388e-05 2.192665705990741522e-05 1.441900736163211724e-05 9.224078333634726240e-06 5.834604848337410298e-06 3.708022800722457296e-06 2.402831278216362556e-06 1.603792374316428929e-06 1.100742170222095406e-06 7.635660092901963755e-07 5.225884270232660176e-07 3.473854752678521328e-07 2.241084022350748964e-07 1.416161277216914732e-07 8.876040278857062518e-08 5.588882610787201736e-08 3.577953237516301862e-08 2.348523246270623570e-08 1.578975782630643459e-08 1.072370891767123359e-08 7.208708601753587315e-09 4.729821423366569493e-09 3.025317511631590519e-09 1.901223953669846132e-09 1.186898840320058005e-09 7.444803404533179945e-10 4.742478532526979502e-10 3.091211672114635241e-10 2.059817813163435250e-10 1.385578697403433100e-10 9.234716309231592210e-11 6.019825944114359498e-11 3.833565388138729436e-11 2.402420279550261029e-11 1.496947934509013960e-11 9.374019178430385860e-12 5.959135641681806232e-12 3.872695881990915220e-12 2.570149983530531394e-12 1.720788696632244438e-12 1.141718433925851137e-12 7.415394471455874922e-13 4.710319526179904679e-13 2.947201550516077691e-13 1.834679206879988620e-13 1.148165316536421785e-13 7.294063801100774128e-14 4.735161174871089083e-14 3.137067772019338531e-14 2.095345829873356961e-14 1.386588904408934484e-14 8.985071287845679683e-15 5.697934054133216930e-15 3.561615097808175784e-15 2.216141051171774347e-15 1.386741631394354081e-15 8.810042247671610443e-16 5.718685688697924955e-16 3.786370975356457701e-16 2.525824788982577313e-16 1.668609454690348685e-16 1.079474743712995225e-16 6.837200558991898425e-17 4.270797802736324853e-17 2.656863336474297264e-17 1.662817271851002203e-17 1.056839864907618354e-17 6.862731107188018524e-18 4.543707113540579443e-18 3.028851626710557863e-18 1.998407292427182823e-18 1.291117174584778501e-18 8.169473064783179832e-19 5.100185148610335883e-19 3.172471497496176016e-19 1.986018675539033691e-19 1.262858057464150313e-19 8.203677305924107223e-20 5.430368741398859704e-20 3.615289189584383174e-20 2.379309511874911570e-20 1.531164896806964684e-20 9.629246082946892723e-21 5.950183693505674602e-21 3.635421031430435174e-21 2.206519698127205533e-21 1.334350872526336477e-21 8.053325007359216146e-22 4.855402006067754498e-22 2.925735130905298290e-22 1.762456803091669052e-22 1.061537998744912531e-22 6.393191119952514946e-23 3.850183717991545065e-23 2.318651814116773130e-23 1.396318567283802841e-23 8.408737436042385946e-24 5.063789499670982742e-24 3.049437526505565939e-24 1.836383730074943743e-24 1.105877239010170276e-24 6.659632893123495646e-25 4.010454556779757907e-25 2.415109784895300027e-25 1.454387516585722769e-25 8.758372050385073679e-26 5.274321955758675985e-26 3.176214913592945113e-26 1.912727594054488299e-26 1.151851163171625433e-26 6.936487479895452919e-27 4.177176711099853596e-27 2.515510237938893295e-27 1.514848950351555785e-27 9.122472680042861987e-28 5.493584543536559756e-28 3.308255578803495956e-28 1.992242931330671661e-28 1.199735571469532941e-28 7.224849032241832931e-29 4.350829030980064850e-29 2.620084263669758048e-29 1.577823789405056474e-29 9.501709334038306792e-30 5.721962165523867087e-30 3.445785371095798394e-30 2.075063847010351426e-30 1.249610612803126565e-30 7.525198252949007527e-31 4.531700368571610272e-31
1.589526475604403263e-07 6.304071610397332626e-05 2.175180677889862165e-04 4.388326809179631297e-04 7.061991997992578870e-04 9.958650029841056590e-04 1.272889341410100199e-03 1.484061377080714587e-03 1.563890193904156692e-03 1.469293552738243185e-03 1.225147390797945001e-03 9.188552216186779420e-04 6.371482185686041123e-04 4.214779226656764090e-04 2.737206413035166673e-04 1.790151970131536544e-04 1.205465866666914848e-04 8.470606192031549886e-05 6.174818171988221674e-05 4.542978455636102774e-05 3.262549082847762048e-05 2.244135029296454064e-05 1.480201490627463982e-05 9.486940085719693612e-06 6.007120715948624722e-06 3.819962602050518240e-06 2.477016294018398176e-06 1.655715359719605528e-06 1.139965804892788749e-06 7.949742614080332697e-07 5.477214722272037004e-07 3.664219418886196393e-07 2.375372188953653236e-07 1.505617303062851237e-07 9.452345252305396613e-08 5.956627801571678378e-08 3.815951134365003337e-08 2.508618521904720664e-08 1.692880277574336091e-08 1.157309147092605716e-08 7.845967498414647948e-09 5.190534991580675937e-09 3.340996795371454381e-09 2.107963367296598134e-09 1.318702706031662927e-09 8.278829132060182332e-10 5.276582237055734612e-10 3.444351676250536115e-10 2.304345046858435586e-10 1.561737792396138081e-10 1.051276183788686355e-10 6.920279585193066616e-11 4.440247477975151391e-11 2.795740950657606026e-11 1.746154339681182890e-11 1.094343106622641732e-11 6.958435279665168684e-12 4.527300368079202079e-12 3.016724639794062993e-12 2.036298067016592552e-12 1.366169999706766718e-12 8.972213860645803978e-13 5.748250374620917102e-13 3.615799054935537368e-13 2.256636940528461566e-13 1.413115527503728022e-13 8.975286724561795563e-14 5.830341282656942140e-14 3.877497727163576000e-14 2.612210667972974827e-14 1.749727168270200019e-14 1.147821214009430557e-14 7.348467680959890382e-15 4.620220960800020712e-15 2.882467831226677992e-15 1.804322179225349342e-15 1.145393954723354506e-15 7.434869503815398094e-16 4.939935637784868674e-16 3.324738444448834174e-16 2.225201469384200663e-16 1.458904821288090958e-16 9.336677850165542197e-17 5.868924395360872081e-17 3.660894571949573465e-17 2.291196772080210492e-17 1.454117493147079263e-17 9.435488541885998622e-18 6.266312151879923798e-18 4.215368273433248408e-18 2.820102938502463226e-18 1.848376127428972856e-18 1.182681414372201965e-18 7.433165485672693934e-19 4.636093006268309818e-19 2.901118932120400625e-19 1.840779701575203187e-19 1.193969623609682499e-19 7.924293827535591133e-20 5.325443899011170129e-20 3.557300005984459845e-20 2.325586743143179475e-20 1.481192055710431561e-20 9.230461937911682270e-21 5.667745332809954642e-21 3.449285680195802617e-21 2.088671377747694580e-21 1.261327956662361874e-21 7.605977808706841552e-22 4.582987719910356833e-22 2.760367196277673924e-22 1.662236418480556077e-22 1.000852909160731942e-22 6.025904237441967859e-23 3.627945668476422579e-23 2.184199228392142479e-23 1.314982553287803012e-23 7.916728647067117149e-24 4.766180483603769285e-24 2.869423531366580209e-24 1.727501899641292476e-24 1.040021352597355011e-24 6.261319930428705403e-25 3.769549845178365216e-25 2.269410511396729659e-25 1.366270279424789597e-25 8.225459599361742548e-26 4.952035192455292817e-26 2.981310909431471252e-26 1.794860975768565186e-26 1.080573618817256612e-26 6.505458420708984472e-27 3.916529934740830923e-27 2.357897896605674352e-27 1.419542958396706652e-27 8.546180958531477259e-28 5.145121430917169636e-28 3.097556050689378182e-28 1.864844905195247464e-28 1.122706567209698403e-28 6.759114565177094913e-29 4.069240444418795038e-29 2.449835349701426126e-29 1.474892752741110677e-29 8.879407476707970430e-30 5.345736291045670609e-30 3.218333719712613492e-30 1.937557591228925647e-30 1.166482331005317557e-30 7.022661079625726779e-31
1.588897716798964112e-07 6.304461662996178764e-05 2.175471851761227903e-04 4.389318235510168676e-04 7.064514312211541379e-04 9.964255571387851951e-04 1.274039336137918962e-03 1.486236864284534720e-03 1.567537360989940554e-03 1.474416277428212008e-03 1.230945325900673635e-03 9.241706698067836965e-04 6.412792921667785336e-04 4.243712471681867354e-04 2.756593454004637486e-04 1.803319852247479136e-04 1.215092636130775660e-04 8.550229071388353085e-05 6.249280162635758988e-05 4.616097527129759109e-05 3.330773227496110499e-05 2.301162526751634229e-05 1.522814569022237694e-05 9.780175868120327063e-06 6.199815487397338370e-06 3.945016565633507142e-06 2.559831045741583591e-06 1.713599626622452231e-06 1.183655273289645091e-06 8.300259283751581193e-07 5.759356808622657829e-07 3.879628687435027196e-07 2.528413694578313359e-07 1.608061396392548839e-07 1.011401981939987961e-07 6.379152385963862050e-08 4.089183911974284228e-08 2.692065763277903358e-08 1.823200419306629625e-08 1.254675272426521129e-08 8.581744951558690453e-09 5.727956044584840737e-09 3.712734109282081019e-09 2.353021261043399044e-09 1.475493427917831319e-09 9.272039316947930845e-10 5.912015546289533348e-10 3.863463848728688438e-10 2.593956707685454482e-10 1.770790042162709894e-10 1.204206711050197188e-10 8.010901064922736578e-11 5.183457477993578557e-11 3.281441641785022580e-11 2.055235364526973803e-11 1.289246231560346968e-11 8.197952308027035320e-12 5.336815482471320350e-12 3.567531089562053899e-12 2.426198822769914636e-12 1.646085983873758347e-12 1.094048960032806974e-12 7.077686018404155937e-13 4.480105290097542092e-13 2.804854169419369447e-13 1.757846312300614908e-13 1.115944445472687716e-13 7.247964881339602973e-14 4.832778590531495220e-14 3.280195452266658774e-14 2.223639678502529362e-14 1.478114717218988862e-14 9.567004559158239877e-15 6.057896489700157054e-15 3.792487319874824253e-15 2.375507096784081857e-15 1.506366056874553585e-15 9.767851901364628003e-16 6.501749224614901508e-16 4.407846817241372847e-16 2.987542071601687355e-16 1.987096240843607627e-16 1.287165694373010794e-16 8.154949006185741309e-17 5.105965046892818936e-17 3.197061276720954097e-17 2.025547073155967051e-17 1.311732233979825920e-17 8.719438753807060399e-18 5.906533270854016879e-18 4.003733308736585494e-18 2.665121162099183962e-18 1.727975002221184101e-18 1.095473381175049250e-18 6.860169815684486167e-19 4.293982433968859578e-19 2.718112533221198737e-19 1.757826137572918123e-19 1.166648098877611759e-19 7.892511695460992975e-20 5.345043344500976627e-20 3.553860684129448492e-20 2.297764173313729845e-20 1.447331921737144425e-20 8.945671129299998483e-21 5.464125632061549426e-21 3.314939326661712391e-21 2.003590677506580708e-21 1.208573520243515831e-21 7.282434893998400371e-22 4.385686048671347692e-22 2.640407443968382498e-22 1.589415201048051743e-22 9.566841151275980049e-23 5.758126992099521770e-23 3.465645668846487928e-23 2.085844517139920073e-23 1.255385157857659076e-23 7.555628761813976448e-24 4.547403295768122160e-24 2.736881098418182288e-24 1.647206981784275689e-24 9.913803461576925935e-25 5.966674891291820110e-25 3.591074480724825851e-25 2.161306867048313800e-25 1.300793759627991456e-25 7.828894692276251858e-26 4.711860837175603122e-26 2.835857850905415228e-26 1.706775733509321005e-26 1.027231813063138368e-26 6.182447854871231559e-27 3.720938251886941453e-27 2.239465952212935532e-27 1.347834178160507585e-27 8.112009784931269447e-28 4.882255088604229810e-28 2.938410502677115130e-28 1.768497574475911433e-28 1.064379421479967606e-28 6.406022655708319624e-29 3.855497902080181020e-29 2.320451373937193814e-29 1.396575673375754601e-29 8.405362996907560554e-30 5.058811237839597235e-30 3.044671735113374353e-30 1.832451447337114204e-30 1.102870390957927715e-30
1.588208840227610650e-07 6.304884050183498436e-05 2.175787005514495968e-04 4.390391182243313212e-04 7.067244069142203551e-04 9.970323282518015178e-04 1.275284507252792080e-03 1.488593483424945768e-03 1.571490941340314114e-03 1.479974724039018197e-03 1.237243154505376008e-03 9.299494090352487157e-04 6.457723524540823819e-04 4.275180378096046720e-04 2.777671552275010449e-04 1.817628902087712261e-04 1.225548366016608647e-04 8.636690169104617606e-05 6.330196467934475683e-05 4.695763236208184483e-05 3.405454406539191016e-05 2.363926354848157327e-05 1.569926696970142853e-05 1.010531869355244970e-05 6.413778006752053822e-06 4.083900543125354886e-06 2.651731862919484883e-06 1.777739605071498824e-06 1.232017552827469190e-06 8.688992953959154173e-07 6.074184910742268216e-07 4.122046939707421909e-07 2.701987506720315888e-07 1.724875141973388373e-07 1.087069033637583132e-07 6.862758065469121620e-08 4.401668411111141450e-08 2.901438138516261659e-08 1.971665594820547383e-08 1.365770037894227395e-08 9.427290114915400328e-09 6.352250638647973513e-09 4.149041729679186301e-09 2.642773126455811954e-09 1.661642633286776308e-09 1.045284966318447132e-09 6.666814053444352883e-10 4.360021608492041927e-10 2.936208085837849574e-10 2.018131385215890889e-10 1.386564291903227456e-10 9.327788789853557900e-11 6.092086316690033104e-11 3.880672034324035260e-11 2.438536310425180001e-11 1.531386099538735586e-11 9.736344816468487485e-12 6.338366726506869337e-12 4.246723222296402321e-12 2.907272808558513056e-12 1.994264449674875378e-12 1.342305194944771129e-12 8.778592388989551974e-13 5.597772645477505315e-13 3.518142346237939696e-13 2.207354306574358997e-13 1.400419997241904687e-13 9.087448785348254955e-14 6.067081612981173199e-14 4.143131648573991243e-14 2.840838195137498297e-14 1.914770692087784624e-14 1.254706717119499203e-14 8.012671924356106235e-15 5.038624885065668456e-15 3.159656610168582307e-15 2.001285116471354879e-15 1.295259434107488463e-15 8.622636227332046105e-16 5.876977068911335695e-16 4.029729042420560703e-16 2.720731031970505958e-16 1.786811254975834537e-16 1.143032262316698944e-16 7.193143286146004142e-17 4.509283020724462372e-17 2.852124125181773037e-17 1.841650519798714486e-17 1.222801903912332078e-17 8.319859054077493485e-18 5.705358592938160662e-18 3.858918600052993294e-18 2.540224982187158587e-18 1.627975199327505185e-18 1.025364660355071064e-18 6.426322209490360255e-19 4.059146974713613543e-19 2.614861362178234571e-19 1.731272753283832948e-19 1.175249898607437996e-19 8.051836636717491357e-20 5.446089202144576665e-20 3.582093577936596116e-20 2.286356854990881390e-20 1.425300069617017171e-20 8.748927230240490192e-21 5.321578454893669766e-21 3.220468006140692623e-21 1.943594337097107223e-21 1.171274559214997580e-21 7.053060121517424412e-22 4.245420765521667977e-22 2.554886417248545723e-22 1.537354311018320130e-22 9.250194262196036069e-23 5.565629888860645109e-23 3.348657451356992599e-23 2.014760354762393402e-23 1.212199496532145625e-23 7.293294663438995011e-24 4.388063154651886548e-24 2.640107957458703309e-24 1.588438290020833630e-24 9.556941466437110013e-25 5.749994917886492325e-25 3.459521007736913944e-25 2.081442754225827803e-25 1.252313214130269120e-25 7.534621695529681383e-26 4.533252800053772013e-26 2.727460213818425822e-26 1.640993683047064730e-26 9.873142245388627405e-27 5.940238452405115902e-27 3.573982019848773416e-27 2.150308877188732424e-27 1.293746930276693973e-27 7.783910196816715233e-28 4.683238779783820080e-28 2.817700219255010075e-28 1.695287150381604768e-28 1.019980231607486836e-28 6.136775546446818332e-29 3.692229804103393349e-29 2.221453403843969235e-29 1.336551484405555215e-29 8.041446502422840410e-30 4.838187126026441661e-30 2.910925871279440905e-30 1.751376953257832372e-30
1.587458441642215045e-07 6.305338414779326783e-05 2.176125797989377051e-04 4.391544442998092683e-04 7.070178247761689082e-04 9.976846460239838579e-04 1.276623618762321062e-03 1.491129182993482455e-03 1.575748194786159503e-03 1.485966373929442337e-03 1.244039733259166445e-03 9.361916674522523848e-04 6.506280770587618157e-04 4.309187565369432499e-04 2.800441930398004709e-04 1.833078060220199462e-04 1.236830932999513979e-04 8.729967060060379348e-05 6.417559164016811940e-05 4.782015984416059873e-05 3.486715889797714987e-05 2.432619671164608767e-05 1.621743152559481263e-05 1.046406890089207536e-05 6.650221777721776245e-06 4.237413909891852666e-06 2.753228270121598795e-06 1.848463215344194206e-06 1.285281303345172114e-06 9.117885153163338249e-07 6.423732922472594834e-07 4.393637265814873256e-07 2.898091228665040812e-07 1.857633600068695194e-07 1.173343286487319289e-07 7.414728845482567801e-08 4.758053344000452686e-08 3.139707676637920215e-08 2.140258796209472719e-08 1.492064764093321317e-08 1.039522996003603790e-08 7.074964418680131984e-09 4.659800742084716379e-09 2.984762785846668407e-09 1.882387796035221862e-09 1.185552797253342608e-09 7.562775378394869579e-10 4.947867116935307399e-10 3.340148780670336346e-10 2.310137480300128826e-10 1.603381143495100677e-10 1.091357355011388413e-10 7.201044991710169737e-11 4.619558787383741001e-11 2.914046637785003551e-11 1.832489797014408998e-11 1.164800596251048380e-11 7.578968085726879058e-12 5.084669506439245737e-12 3.500327805969095882e-12 2.426387200231325545e-12 1.654678530696248557e-12 1.095197265069615220e-12 7.043414654099469183e-13 4.447606700716538725e-13 2.794876408481454046e-13 1.771999600892058546e-13 1.148132944306708919e-13 7.665340769503214106e-14 5.258200169321947958e-14 3.643157343965484795e-14 2.490604429036843466e-14 1.654477214509289906e-14 1.067209103481028530e-14 6.748916464145447361e-15 4.239928236746619862e-15 2.682737794992089191e-15 1.731947391013955015e-15 1.151312556598842082e-15 7.872135962333576674e-16 5.452062417952825729e-16 3.736719696753364117e-16 2.491764613337652290e-16 1.612562038034508479e-16 1.021583103104542628e-16 6.418307761770020677e-17 4.054194894314607418e-17 2.608777427152258126e-17 1.727097617893176569e-17 1.177092108736249036e-17 8.147475382845406845e-18 5.597403330304336396e-18 3.746937521318975074e-18 2.433228157869813066e-18 1.544564538341068443e-18 9.706482945131261358e-19 6.121834469379114569e-19 3.926627026881897202e-19 2.588466274935547362e-19 1.757355589986321604e-19 1.214263353078522049e-19 8.347438812009640512e-20 5.594163053623469180e-20 3.627718846945795401e-20 2.286348441151532035e-20 1.412664590339930916e-20 8.623383359893404534e-21 5.227973452734357023e-21 3.157641010283071829e-21 1.903371768699166832e-21 1.146107625346032667e-21 6.897403634033687468e-22 4.149722206321959121e-22 2.496236901572791061e-22 1.501473180276414313e-22 9.030898414469661618e-23 5.431685887582167407e-23 3.266880359653289296e-23 1.964848717258556505e-23 1.181744476292580374e-23 7.107506910688250318e-24 4.274748818431163258e-24 2.571009606810669593e-24 1.546310430559872145e-24 9.300142683044535909e-25 5.593485361827140450e-25 3.364150243306152049e-25 2.023337130849931395e-25 1.216917439283735085e-25 7.319037557436481666e-26 4.401967534269555029e-26 2.647522708760485251e-26 1.592328074295726495e-26 9.576910092387303814e-27 5.759944095297978857e-27 3.464265160276320410e-27 2.083550274308053910e-27 1.253132062510531498e-27 7.536847012607603291e-28 4.532967002444521756e-28 2.726311123299365282e-28 1.639714636567515858e-28 9.861912187446704272e-29 5.931355970343284636e-29 3.567359248202288555e-29 2.145555260776740680e-29 1.290424388673045654e-29 7.761138262533519483e-30 4.667864902337138023e-30 2.807444218797526711e-30
1.586644983615522321e-07 6.305824273448686675e-05 2.176487878124689615e-04 4.392776688539780242e-04 7.073313524169435630e-04 9.983818179812103347e-04 1.278055315508276136e-03 1.493841735035256061e-03 1.580306130674461774e-03 1.492388468191302225e-03 1.251333786891833033e-03 9.428976681221852302e-04 6.558471865113032389e-04 4.345738953573179109e-04 2.824905850281659268e-04 1.849666126840853006e-04 1.248937994113097436e-04 8.830034973044988665e-05 6.511358525223587301e-05 4.874896736685202948e-05 3.574687564295629623e-05 2.507450353291150393e-05 1.678488265347571030e-05 1.085830289251241913e-05 6.910493105989293007e-06 4.406445521503031823e-06 2.864886864619960017e-06 1.926134226815970059e-06 1.343698122877603755e-06 9.589039620009539867e-07 6.810192924676820607e-07 4.696765340487366690e-07 3.118955598055069097e-07 2.008124981717894702e-07 1.271495122605384410e-07 8.043462292814354897e-08 5.163706192702067458e-08 3.410299559340140453e-08 2.331249153468884476e-08 1.635219498373171224e-08 1.149966968139259462e-08 7.909125265871072330e-09 5.256416986193509170e-09 3.387882639321306851e-09 2.143989566253998553e-09 1.352134776177413884e-09 8.626227291023994616e-10 5.643697762993154712e-10 3.816622909635068734e-10 2.654344458827013195e-10 1.860530313078914017e-10 1.281830465547968910e-10 8.552265939853556344e-11 5.530247070057006348e-11 3.504281804501738630e-11 2.207378225206451534e-11 1.402733310290237072e-11 9.118232618091582923e-12 6.119635984319179615e-12 4.231227920363505597e-12 2.961656992828091663e-12 2.046737021572620874e-12 1.372451935811995769e-12 8.913127597896254364e-13 5.660392790091972742e-13 3.564599585809679079e-13 2.258807414534789551e-13 1.460671520868874478e-13 9.740379064936358264e-14 6.700321426563744340e-14 4.684485559574469704e-14 3.247808053622589310e-14 2.189632748551407642e-14 1.428941295936047980e-14 9.100219371882216108e-15 5.732792776932710903e-15 3.624857529984460967e-15 2.333449979749243291e-15 1.546849686548845101e-15 1.058697955629809783e-15 7.390685972450092450e-16 5.138877037930355903e-16 3.483410733169886385e-16 2.285109296329148385e-16 1.460049025216163525e-16 9.205416059818278664e-17 5.810905446091976589e-17 3.725606261906004073e-17 2.455831869787698272e-17 1.672103268216835721e-17 1.164874024543240241e-17 8.118457683530958185e-18 5.532111134044060876e-18 3.648769722341995790e-18 2.339892078970452631e-18 1.477084968637942262e-18 9.311929290705928844e-19 5.947769275938793726e-19 3.898457577123400901e-19 2.638889140057404665e-19 1.832087110201985527e-19 1.277352527599487856e-19 8.727928261372528322e-20 5.764919070769833670e-20 3.683224597845569262e-20 2.295407369349408204e-20 1.408014455511575578e-20 8.557652937636454440e-21 5.174803128484832194e-21 3.120657639080286061e-21 1.879183581041426215e-21 1.130735124745545667e-21 6.801089258423727630e-22 4.089824682429799554e-22 2.459138182112786477e-22 1.478549826320060896e-22 8.889467263989838594e-23 5.344517716515138096e-23 3.213199007385826873e-23 1.931811657921161686e-23 1.161424312312525852e-23 6.982589309086825941e-24 4.197993839346205657e-24 2.523869768731218585e-24 1.517371787730296006e-24 9.122566233127339004e-25 5.484562909175379695e-25 3.297364873593559991e-25 1.982403178805288200e-25 1.191837264693242937e-25 7.165424645037875719e-26 4.307912812092196820e-26 2.589952960627364333e-26 1.557101228920373859e-26 9.361421898748677901e-27 5.628164586969383552e-27 3.383699288129575573e-27 2.034308111446452886e-27 1.223042930168834850e-27 7.353035661570399918e-28 4.420706101648021307e-28 2.657765219221730254e-28 1.597870520693610452e-28 9.606530262448409718e-29 5.775525769325007754e-29 3.472294054228687099e-29 2.087572020377055271e-29 1.255065634474827523e-29 7.545558818864881509e-30 4.536452622470716489e-30
1.585766801093185569e-07 6.306341383671235112e-05 2.176872840752010164e-04 4.394086542693263981e-04 7.076646295751876569e-04 9.991230806880929075e-04 1.279578166967824081e-03 1.496728717483664399e-03 1.585161493003151836e-03 1.499238002472227244e-03 1.259123902059517590e-03 9.500676277622878679e-04 6.614304453942243924e-04 4.384839776933497648e-04 2.851064613642849150e-04 1.867391746331879040e-04 1.261866966026676130e-04 8.936866535535506961e-05 6.611582605858335251e-05 4.974446252004723556e-05 3.669504965448215921e-05 2.588640553959486521e-05 1.740405854808891467e-05 1.129008211582567685e-05 7.196079752587617084e-06 4.591980058919366716e-06 2.987335377505106154e-06 2.011154633989294649e-06 1.407543749909893443e-06 1.010472503583790773e-06 7.235912507587276095e-07 5.034001778433199003e-07 3.367059090638685987e-07 2.178372231210358816e-07 1.382977968551194515e-07 8.758621792077516641e-08 5.624815155160149411e-08 3.717156405655735959e-08 2.547230922097197066e-08 1.797105207471493261e-08 1.275631059131402615e-08 8.869348420744952011e-09 5.951985636998509650e-09 3.862576918368291162e-09 2.453916817304269297e-09 1.549997686078942493e-09 9.888963066510710606e-10 6.467661576607208066e-10 4.378637428402929011e-10 3.059671060808366399e-10 2.164857195228549562e-10 1.510042514749849441e-10 1.019580148716030742e-10 6.652113707629378616e-11 4.237361565104277390e-11 2.674773549487610352e-11 1.699418407267045595e-11 1.103186226404702313e-11 7.399959803256173248e-12 5.132226102533875556e-12 3.623608018494667372e-12 2.537490707697096066e-12 1.725398613241310850e-12 1.132997232752404487e-12 7.244468411249042623e-13 4.575236680542779462e-13 2.898469390093978945e-13 1.870081762556656068e-13 1.244260765685198422e-13 8.568136127619538238e-14 6.034438446788359288e-14 4.240413467808253293e-14 2.903932380671894015e-14 1.920410074827066668e-14 1.233583435629535134e-14 7.801212920007511411e-15 4.932274019735506024e-15 3.165683706243861599e-15 2.090476273034941057e-15 1.429105931128560195e-15 1.003130921040475609e-15 7.066930126967895386e-16 4.872632217800377774e-16 3.246346012595783702e-16 2.096346181633337819e-16 1.328527551831925839e-16 8.389192140038274110e-17 5.360329505433649549e-17 3.514815049934779018e-17 2.384968745165402718e-17 1.666874326782451150e-17 1.175918540195770578e-17 8.158480128356335095e-18 5.476913793558208606e-18 3.557546952425613721e-18 2.260818805674444672e-18 1.426803111773247206e-18 9.080975660388823501e-19 5.914010061878178927e-19 3.981034839728697110e-19 2.766057329135169243e-19 1.949500340108646357e-19 1.357375213957125789e-19 9.150634673816932360e-20 5.944109332445725863e-20 3.745696489840463953e-20 2.312643643887055279e-20 1.410492773580559017e-20 8.543776510308098200e-21 5.155988218212293224e-21 3.105368956908041283e-21 1.868359123990617401e-21 1.123489055211483947e-21 6.753860525597707126e-22 4.059472510514796949e-22 2.439790918194209513e-22 1.466281909132091410e-22 8.811965678318049158e-23 5.295696513363734488e-23 3.182516962975865514e-23 1.912568349469145994e-23 1.149376890101990953e-23 6.907288004738599350e-24 4.150997391429765833e-24 2.494578907183219889e-24 1.499139242087831470e-24 9.009209125928772535e-25 5.414163253670947460e-25 3.253688834284827786e-25 1.955332785310081600e-25 1.175074345997388055e-25 7.061712076266726491e-26 4.243797640089746976e-26 2.550347309457960343e-26 1.532653521053249863e-26 9.210615378832137371e-27 5.535199866080973769e-27 3.326426768999966805e-27 1.999045258845495030e-27 1.201343731375545364e-27 7.219580219654868937e-28 4.338669873269548908e-28 2.607361605023818074e-28 1.566916759722135708e-28 9.416523305247167096e-29 5.658942034278090782e-29 3.400790706843206440e-29 2.043734917529686319e-29 1.228200372554041735e-29 7.380977553404364492e-30
1.584822103938146513e-07 6.306889138929997862e-05 2.177280261894638054e-04 4.395472409443898043e-04 7.080172619777451827e-04 9.999075827010945900e-04 1.281190583045235983e-03 1.499787525526414741e-03 1.590310788134258104e-03 1.506511717781335545e-03 1.267408535865946484e-03 9.577017588235291158e-04 6.673786682398583515e-04 4.426495614243066584e-04 2.878919569954405469e-04 1.886253422238153845e-04 1.275615038904110256e-04 9.050431907257395787e-05 6.718217255790377880e-05 5.080704723999362457e-05 3.771308587863449505e-05 2.676426424510778613e-05 1.807759815212926443e-05 1.176166365686508223e-05 7.508621004947878097e-06 4.795105427881544818e-06 3.121267445177154869e-06 2.103967489576556914e-06 1.477119528824057089e-06 1.066737892967492161e-06 7.703391517548202740e-07 5.408122789799003766e-07 3.645142091778599729e-07 2.370656275346589326e-07 1.509451068547806717e-07 9.571310910497374921e-08 6.148506703423802713e-08 4.064812430453104328e-08 2.791168419178943897e-08 1.979829376750747933e-08 1.418258135534525938e-08 9.971938318606840658e-09 6.761458850081350713e-09 4.421066903539600305e-09 2.821062488539178259e-09 1.785114226671087596e-09 1.138937879144094367e-09 7.444086152370388924e-10 5.041814641983169422e-10 3.536692634447165695e-10 2.524339632020693873e-10 1.782785790863863917e-10 1.219100995023018932e-10 8.033158906254732830e-11 5.148317153390820600e-11 3.258311438149976976e-11 2.070084181823717237e-11 1.341614154975062555e-11 8.986858313751383482e-12 6.243690034611047928e-12 4.441147311811715429e-12 3.150069132120633676e-12 2.173531778252818838e-12 1.445049735668853796e-12 9.314652992328384306e-13 5.904716432687297669e-13 3.741361427931002660e-13 2.408201591916952504e-13 1.597324273343757371e-13 1.099217114233550172e-13 7.783348713951499081e-14 5.537475113581715789e-14 3.853850332571169725e-14 2.586719976429948795e-14 1.678864194532183103e-14 1.067273893515757511e-14 6.752733569844824480e-15 4.322105803051376601e-15 2.841043204806390586e-15 1.936189331982840278e-15 1.362892112923028592e-15 9.708954891193534351e-16 6.809164536955370197e-16 4.615225787576315217e-16 3.018867761161939057e-16 1.926710950480010600e-16 1.218677500371673611e-16 7.765009938417812195e-17 5.062449298080947869e-17 3.416493810851593323e-17 2.387606328873145136e-17 1.699855976318702782e-17 1.199797853245507898e-17 8.211323365311149819e-18 5.417255580450531714e-18 3.474670823098025965e-18 2.199420622451647021e-18 1.396439375568832055e-18 9.035782277689598154e-19 6.037257186120268830e-19 4.181888636456094826e-19 2.967016480734667215e-19 2.100959248682688223e-19 1.447232556053087969e-19 9.586018663190765098e-20 6.125770565157119076e-20 3.814869971541534382e-20 2.337856323500905398e-20 1.419550705173877503e-20 8.576068333616593621e-21 5.167138308760907585e-21 3.108781301785252206e-21 1.868973797375072062e-21 1.123167743513885336e-21 6.748325243123650432e-22 4.054153132863250055e-22 2.435451479349455848e-22 1.463004865405859048e-22 8.788306457596850477e-23 5.279113463495244295e-23 3.171136162383692651e-23 1.904880670972658400e-23 1.144247905149548779e-23 6.873409111715138580e-24 4.128802534313103924e-24 2.480138598703831217e-24 1.489799237996580144e-24 8.949103310644193204e-25 5.375653699480305253e-25 3.229111483891909933e-25 1.939701006849819075e-25 1.165162614829261276e-25 6.999037022429255962e-26 4.204264585795638268e-26 2.525467523499427864e-26 1.517027789253059863e-26 9.112662473454912142e-27 5.473902187876317299e-27 3.288128496807837790e-27 1.975152028680672549e-27 1.186457749482677626e-27 7.126955144982721159e-28 4.281103955064154317e-28 2.571624305351496292e-28 1.544753791841719059e-28 9.279210312477461825e-29 5.573946118646774074e-29 3.348224071583211173e-29 2.011250951279705918e-29 1.208142078467373386e-29
1.583809016961786347e-07 6.307467135962942868e-05 2.177709674965271720e-04 4.396932633542585461e-04 7.083888264053981145e-04 1.000734427279328974e-03 1.282890876734359012e-03 1.503015364805672773e-03 1.595750268588221055e-03 1.514206127300019413e-03 1.276186016586897337e-03 9.658002776540416338e-04 6.736927206431278948e-04 4.470712408838839686e-04 2.908472131846323843e-04 1.906249524435313478e-04 1.290179192284922490e-04 9.170698983566116867e-05 6.831246195004502203e-05 5.193711444667237518e-05 3.880243172039611198e-05 2.771057772071008120e-05 1.880834710575606422e-05 1.227551169302432212e-05 7.849918854449076543e-06 5.017021107101422038e-06 3.267448097322579506e-06 2.205060264449618778e-06 1.552754290558659709e-06 1.127961482063832693e-06 8.215280202294487210e-07 5.822110318676152172e-07 3.956221171144280579e-07 2.587541418615424602e-07 1.652805336042375798e-07 1.049427538332477436e-07 6.742983383484748362e-08 4.458481081445154454e-08 3.066449600268766377e-08 2.185767070947782768e-08 1.579779594261531254e-08 1.123499235726191395e-08 7.701814855499371125e-09 5.077598280379731851e-09 3.255994181338177279e-09 2.064662311212077197e-09 1.317385643088503348e-09 8.602371777776668598e-10 5.824948650541466034e-10 4.097979370950266777e-10 2.948284572423983371e-10 2.107923436747535775e-10 1.460781538967647401e-10 9.731573632477107756e-11 6.280658981672165313e-11 3.987803539016668262e-11 2.534088784487427219e-11 1.639372347785491950e-11 1.095806226212395508e-11 7.616340199967806955e-12 5.449903191669342338e-12 3.912554703315415637e-12 2.740760511688646506e-12 1.847234245882349866e-12 1.202010852060895586e-12 7.656287796686327619e-13 4.854952358002114722e-13 3.117841534167023699e-13 2.060233518177862242e-13 1.414600795374188777e-13 1.004908951110904907e-13 7.227275451126168717e-14 5.111708981563933878e-14 3.487211445555445498e-14 2.291089935750138023e-14 1.466408135928114379e-14 9.294808102255526491e-15 5.935461238611649956e-15 3.882104708799220831e-15 2.633129371195833426e-15 1.853627868520111236e-15 1.331893192120637630e-15 9.493805269409646085e-16 6.554933173651534204e-16 4.353145943234850937e-16 2.804129852897505430e-16 1.779544542486814280e-16 1.131796491789083937e-16 7.336768258165779787e-17 4.917193456974018392e-17 3.425226541960707250e-17 2.452155404643800576e-17 1.757444610449584057e-17 1.227242915367830185e-17 8.244991693952355034e-18 5.352993204157570018e-18 3.406463239604978946e-18 2.161014985042696779e-18 1.390123740823584170e-18 9.208878805009903613e-19 6.337972529667660844e-19 4.505698018769904125e-19 3.233830732703011696e-19 2.275874251844619700e-19 1.541015056922401233e-19 1.001853488653012378e-19 6.309503129011794582e-20 3.891740522459215803e-20 2.371135644344516831e-20 1.434823851542124934e-20 8.650442911410593674e-21 5.205079929054827907e-21 3.128731914524524935e-21 1.879637331244766120e-21 1.128902454799958373e-21 6.779131894060199787e-22 4.070594128575380182e-22 2.444126540015890978e-22 1.467507039759322473e-22 8.811133089472802805e-23 5.290305176601483603e-23 3.176349739481851233e-23 1.907107521397714243e-23 1.145042636189064508e-23 6.874924508364881261e-24 4.127756796654892626e-24 2.478336147704481081e-24 1.488011511401915667e-24 8.934131785769485483e-25 5.364119065214234442e-25 3.220656884185023814e-25 1.933706276963047433e-25 1.161011585114715784e-25 6.970799622665673668e-26 4.185319764246811735e-26 2.512897008807009979e-26 1.508761989757659397e-26 9.058718815170208742e-27 5.438921918982852376e-27 3.265569032790874790e-27 1.960671851246593762e-27 1.177201911709202850e-27 7.068007530376045313e-28 4.243684108248145502e-28 2.547939392132373369e-28 1.529801695970806626e-28 9.185042769135024882e-29 5.514767756688783078e-29 3.311107435706059484e-29 1.988013445801490120e-29
1.582725770576176209e-07 6.308074874756392208e-05 2.178160559211227566e-04 4.398465352918234841e-04 7.087788630649176792e-04 1.001602686384607229e-03 1.284677270040734259e-03 1.506409293515282395e-03 1.601475959654410182e-03 1.522317505146925185e-03 1.285454540382633716e-03 9.743633935832474906e-04 6.803735136418589307e-04 4.517496402338568571e-04 2.939723725935447594e-04 1.927378242185580500e-04 1.305556143355030951e-04 9.297632773802184665e-05 6.950650187128573545e-05 5.313503606132273624e-05 3.996456233582829873e-05 2.872797158599476122e-05 1.959936069158582127e-05 1.283430816892002185e-05 8.221949315655290374e-06 5.259046750619901415e-06 3.426719302194424215e-06 2.314968070714509425e-06 1.634805996921951046e-06 1.194422672582729897e-06 8.774374336258380286e-07 6.279148484738395739e-07 4.303601314500182774e-07 2.831901869371566405e-07 1.815192053021620119e-07 1.154213336704473320e-07 7.417682667407405436e-08 4.904156441188416023e-08 3.376948133077661696e-08 2.417597098951294290e-08 1.762333682218412694e-08 1.267850258467722941e-08 8.792221288115004090e-09 5.848706943550402474e-09 3.771242154627660034e-09 2.397262454997371560e-09 1.529844170569492891e-09 9.978084445338939520e-10 6.750688901708073621e-10 4.758513357637102349e-10 3.447571045604638132e-10 2.494531440315854338e-10 1.752802796264624200e-10 1.181746795013081417e-10 7.688233050960939101e-11 4.900802428005424628e-11 3.116048173631657224e-11 2.012107793011400389e-11 1.341251905937267421e-11 9.314155570410317525e-12 6.693980216243072081e-12 4.859030902008317242e-12 3.456200133216433721e-12 2.364290893330574725e-12 1.555348214792922857e-12 9.966388111875731504e-13 6.329586430405081303e-13 4.056652845303569098e-13 2.669338590341172348e-13 1.826158084153464554e-13 1.298644212972019394e-13 9.422994402685785205e-14 6.769552411881338521e-14 4.699122944133059049e-14 3.131174854138695503e-14 2.021400694001037296e-14 1.285257432949614874e-14 8.194521759475946450e-15 5.332655706400363933e-15 3.595239812030155288e-15 2.524521477002785684e-15 1.824195864049015848e-15 1.319477665168908848e-15 9.286607183845349973e-16 6.275346487955689586e-16 4.089960850195907242e-16 2.609326178880276176e-16 1.658727004926514040e-16 1.069653702028819086e-16 7.113066721443899576e-17 4.925130960781761968e-17 3.531696355309374034e-17 2.562546438420616698e-17 1.825461707903578699e-17 1.251703150521497277e-17 8.251326572133478462e-18 5.293471900065449027e-18 3.362236883836378837e-18 2.152719968491958262e-18 1.413494186405989820e-18 9.641104132272325316e-19 6.835620233611759808e-19 4.950168985069599012e-19 3.553195934831647321e-19 2.463545913120927452e-19 1.634803698062891903e-19 1.044413283574925305e-19 6.497933155568300775e-20 3.977744906888111158e-20 2.412680612189966922e-20 1.456071946007688483e-20 8.764005581013855271e-21 5.267546466197950614e-21 3.163672432560222139e-21 1.899352182720082437e-21 1.140068202591539702e-21 6.842419144658042922e-22 4.106427062759266493e-22 2.464368965574908432e-22 1.478906111021072889e-22 8.875072783678764322e-23 5.326002545276740551e-23 3.196169675407415059e-23 1.918040445095678216e-23 1.151026753216600094e-23 6.907373317024168778e-24 4.145151053864975206e-24 2.487526710284807922e-24 1.492777643276367356e-24 8.958235596077141490e-25 5.375883287368469582e-25 3.226095204577036826e-25 1.935996313545244249e-25 1.161801335725364808e-25 6.972029505771794048e-26 4.183950724106890220e-26 2.510810323068628083e-26 1.506750172977396210e-26 9.042085189326216719e-27 5.426201770731805649e-27 3.256291556572076500e-27 1.954117290369678890e-27 1.172675824060171887e-27 7.037287859350814336e-28 4.223112594211451011e-28 2.534311561468265139e-28 1.520853386523415674e-28 9.126719297113509244e-29 5.476991133153466953e-29 3.286770513702367423e-29
1.581573110148132244e-07 6.308711828912108002e-05 2.178632368111493281e-04 4.400068549573897710e-04 7.091868791423436638e-04 1.002511319470044153e-03 1.286547893324261650e-03 1.509966206048184763e-03 1.607483643751403141e-03 1.530841859720551710e-03 1.295212130148283439e-03 9.833912782623373434e-04 6.874219846074099442e-04 4.566854041838532929e-04 2.972675718654862651e-04 1.949637523320055959e-04 1.321742290132148169e-04 9.431194892751784719e-05 7.076406565718204524e-05 5.440115620653310382e-05 4.120097101365554135e-05 2.981919379779942984e-05 2.045390995491792988e-05 1.344096640086546335e-05 8.626876254295545027e-06 5.522632718609431484e-06 3.600006987360152781e-06 2.434278040934366380e-06 1.723664298016563508e-06 1.266420062742912475e-06 9.383614207317573837e-07 6.782620123143569880e-07 4.690887614071462707e-07 3.106950093466650122e-07 1.999055074299380705e-07 1.273164021235578102e-07 8.183461895951591360e-08 5.408732020558565887e-08 3.727096409893139531e-08 2.678344948895169104e-08 1.968287419025000680e-08 1.432446005932235197e-08 1.005418829599172664e-08 6.753499460589680069e-09 4.381627371277967540e-09 2.793259517107489048e-09 1.783087779027702882e-09 1.161429421528729748e-09 7.846380952136264079e-10 5.536203447634297398e-10 4.034951929559081843e-10 2.953067051971081867e-10 2.104671938575251643e-10 1.437473188063058930e-10 9.437386154926026223e-11 6.044527003272943515e-11 3.847265651522760927e-11 2.479807571540846684e-11 1.647648622761231478e-11 1.141815007324923691e-11 8.228249920800772949e-12 6.030927443990270088e-12 4.355087080971446026e-12 3.026903316072868776e-12 2.016182997295822695e-12 1.301466171340633063e-12 8.286139378986928676e-13 5.302357817667486332e-13 3.473696836810998054e-13 2.365016058980365883e-13 1.679998632250044829e-13 1.227046741163532993e-13 8.944070160200273025e-14 6.321894489612034897e-14 4.280320516735160469e-14 2.792659001717602238e-14 1.783968794607461291e-14 1.136785162674149172e-14 7.362594197518094917e-15 4.929678780524675618e-15 3.444665956601774141e-15 2.495084962680169719e-15 1.827037785296301883e-15 1.310658683533421712e-15 9.029321442275754748e-16 5.969805120832935905e-16 3.837697520361280125e-16 2.442530340794787233e-16 1.568362339902137546e-16 1.034505517370609866e-16 7.104443556907638754e-17 5.082781138074793685e-17 3.719478944023005223e-17 2.699036703716614309e-17 1.891778031344844198e-17 1.270166342506585849e-17 8.240467445859306517e-18 5.253688239750770887e-18 3.353761553503257664e-18 2.183754173686061987e-18 1.473704301238266802e-18 1.037698294197419766e-18 7.542350778675374885e-19 5.503213113374488532e-19 3.908279112728103450e-19 2.655222080812433658e-19 1.726806122899163333e-19 1.086629586693109867e-19 6.694918841607833526e-20 4.074364436778674588e-20 2.462731589072150173e-20 1.483149957472717881e-20 8.914793773309915026e-21 5.352969822516177158e-21 3.212521969715865422e-21 1.927417358391269454e-21 1.156223186799603606e-21 6.935442091146049152e-22 4.159959228248041805e-22 2.495139170381588702e-22 1.496565124192771171e-22 8.976228699687484051e-23 5.383823938478015210e-23 3.229141505071465807e-23 1.936791755155952092e-23 1.161658779724522805e-23 6.967454237087746712e-24 4.178973475155835254e-24 2.506484795402153586e-24 1.503351442094763942e-24 9.016873027470652663e-25 5.408183081819324080e-25 3.243745808082733748e-25 1.945549305046282504e-25 1.166910823578578420e-25 6.998953280191829033e-26 4.197865510050991051e-26 2.517815754826991351e-26 1.510147516455145535e-26 9.057634645899698398e-27 5.432631215255458934e-27 3.258409405337635774e-27 1.954344300574292750e-27 1.172185925716082836e-27 7.030592531910735878e-28 4.216842248757674269e-28 2.529197712732180115e-28 1.516974241082949858e-28 9.098580298884232727e-29 5.457189793545922331e-29
1.580324497612107843e-07 6.309377472655848670e-05 2.179124469623588717e-04 4.401740120740024330e-04 7.096123651182407446e-04 1.003459282886442084e-03 1.288500773831303221e-03 1.513682799267996324e-03 1.613768827574527803e-03 1.539774877475417678e-03 1.305456595990903525e-03 9.928840449515920121e-04 6.948390940434990551e-04 4.618791998990664843e-04 3.007329450240280597e-04 1.973025115083115667e-04 1.338733769331753025e-04 9.571344361541868784e-05 7.208489987467593750e-05 5.573579318414611817e-05 4.251316313962298345e-05 3.098710878643634782e-05 2.137548617876774748e-05 1.409864397755811400e-05 9.067065253987844584e-06 5.809370750764668953e-06 3.788327959941798672e-06 2.563633354545071609e-06 1.819752615714823475e-06 1.344272156781364592e-06 1.004607967764363039e-06 7.336098797992981942e-07 5.121993677867249167e-07 3.416265806274758705e-07 2.207166429404193111e-07 1.408199083909035315e-07 9.052812801516136317e-08 5.980139639437909721e-08 4.121971359006807799e-08 2.971433749678040193e-08 2.200263169805941305e-08 1.619696702623188125e-08 1.151170692314706786e-08 7.813942158326119082e-09 5.104631225628982718e-09 3.265055536065935085e-09 2.085306657323289569e-09 1.356321415935619154e-09 9.145101399457069478e-10 6.452521214210869386e-10 4.725429799039147440e-10 3.495573581153658647e-10 2.527366252928224615e-10 1.750298524412859487e-10 1.160944537788657314e-10 7.478209456895461905e-11 4.767536575699941394e-11 3.068030891854945246e-11 2.031143101313024276e-11 1.403128627172094049e-11 1.012134554437883370e-11 7.478772976594545475e-12 5.479865696702867061e-12 3.872758150455619292e-12 2.615934566463622455e-12 1.703652370354400879e-12 1.088608060470884190e-12 6.959803189006024187e-13 4.539665402524187534e-13 3.073117242650991662e-13 2.176186224948128325e-13 1.595889845993707458e-13 1.178306613137367116e-13 8.482225577018010115e-14 5.845495169793740748e-14 3.862681714064099417e-14 2.483585583449351382e-14 1.583737108797821598e-14 1.021496141157736483e-14 6.789534743888296624e-15 4.711800643740669203e-15 3.409957531076516221e-15 2.520129731609119500e-15 1.840856988380655372e-15 1.294761838650523283e-15 8.707100978974765251e-16 5.654871464597596585e-16 3.610821031558384544e-16 2.311734058577002069e-16 1.512946055650625438e-16 1.028969750081566571e-16 7.318344284042948163e-17 5.377370559146619590e-17 3.964085010857195834e-17 2.841470455224918709e-17 1.948676459070984880e-17 1.282921223319591925e-17 8.234291601795495289e-18 5.252519452119102909e-18 3.395659550472815716e-18 2.265789275996517627e-18 1.579127426418654321e-18 1.145682091068462859e-18 8.456514848407972559e-19 6.143083757570471731e-19 4.282171978279682293e-19 2.845393118736025310e-19 1.816948694909538652e-19 1.129239212390933354e-19 6.904533271907186878e-20 4.182981245372690503e-20 2.521556896839777714e-20 1.515994252578305686e-20 9.101607715549752347e-21 5.460338062433054597e-21 3.274566164961979333e-21 1.963362310766862654e-21 1.177067172100214112e-21 7.056315334427573006e-22 4.230016657796906698e-22 2.535709702946369787e-22 1.520034661465668822e-22 9.111829986609834765e-23 5.462063595571127376e-23 3.274216430055625486e-23 1.962717266122657607e-23 1.176543418454476163e-23 7.052743645111597127e-24 4.227739283650364886e-24 2.534301466997801470e-24 1.519176875794884952e-24 9.106644878933563980e-25 5.458941723827972977e-25 3.272340694240794483e-25 1.961591483863365255e-25 1.175868133764260203e-25 7.048694279779811531e-26 4.225311461961356542e-26 2.532845976685142722e-26 1.518304342472575440e-26 9.101414367355932108e-27 5.455806267997659355e-27 3.270461142851637618e-27 1.960464789510106846e-27 1.175192739802486287e-27 7.044645652748300057e-28 4.222884527092868125e-28 2.531391159775533761e-28 1.517432258131914347e-28 9.096186692140266516e-29
1.579019694490586464e-07 6.310071126317486523e-05 2.179636209482286810e-04 4.403477765676992554e-04 7.100547829854972955e-04 1.004445484158099974e-03 1.290533832529104424e-03 1.517555567252507412e-03 1.620326667100353314e-03 1.549111891113000598e-03 1.316185524368935957e-03 1.002841769359925786e-03 7.026258472316870580e-04 4.673317321440115702e-04 3.043686317773531538e-04 1.997538601488567053e-04 1.356526469106195229e-04 9.718037267964242383e-05 7.346871432944327514e-05 5.713922239110646913e-05 4.390263470183414788e-05 3.223468203010807306e-05 2.236780172604153349e-05 1.481075603881215098e-05 9.545099322652141012e-06 6.121006545621658500e-06 3.992798463262505836e-06 2.703738639027618067e-06 1.923531377117121878e-06 1.428318943713206769e-06 1.076498992387157301e-06 7.943340361355400640e-07 5.601147537365185342e-07 3.763825412184410012e-07 2.442665402584070925e-07 1.561516333399113569e-07 1.004010918135098840e-07 6.627510814989851828e-08 4.567394425075462578e-08 3.300743993143542949e-08 2.461170392649194361e-08 1.832236092271853979e-08 1.319136685356505326e-08 9.055149668313980175e-09 5.960806422015555008e-09 3.827500561118769926e-09 2.446404071889777121e-09 1.588820676246042652e-09 1.068693258015799475e-09 7.533286847939534015e-10 5.536725340614462733e-10 4.135934467181924346e-10 3.033486867233406709e-10 2.131956053787086044e-10 1.430349519634713019e-10 9.275923715388204146e-11 5.927415370463431446e-11 3.809490576377999946e-11 2.512427591886582419e-11 1.728487609171991674e-11 1.245958038328548280e-11 9.264500713502014971e-12 6.881526016173463644e-12 4.947693687284622850e-12 3.394176683977783051e-12 2.233861925657713030e-12 1.434457150842530810e-12 9.170435579382392101e-13 5.957170460167655024e-13 4.007181650195545153e-13 2.823627749436100080e-13 2.073572281456372347e-13 1.547422378884389560e-13 1.134013445031425024e-13 7.965780284296546961e-14 5.343013948144771063e-14 3.464921177425104294e-14 2.214540088175775597e-14 1.423785107794196269e-14 9.394263129738327697e-15 6.465044460108283601e-15 4.660145744010085055e-15 3.463765386128858693e-15 2.571323088706007768e-15 1.847698325738169427e-15 1.267031698845890866e-15 8.337284312702921918e-16 5.353900658865821313e-16 3.423639429703229993e-16 2.225037448662541385e-16 1.497489723377190404e-16 1.055584032456271616e-16 7.751988370169137514e-17 5.782977606750863897e-17 4.235652858336651565e-17 2.973656448535708582e-17 1.993756503382650457e-17 1.292682741356645744e-17 8.262013193928962194e-18 5.312790426941307387e-18 3.506208535065683412e-18 2.413037186213127540e-18 1.738572200414193566e-18 1.290612351839537842e-18 9.558612055455060074e-19 6.842139360486966370e-19 4.661380456187379059e-19 3.031942191598429800e-19 1.906259037109584789e-19 1.173115292699584518e-19 7.130615396817412645e-20 4.304863486445822802e-20 2.589461532112731151e-20 1.554616045037514268e-20 9.323897563491120126e-21 5.589097467266993337e-21 3.349387431519334755e-21 2.006901228406376116e-21 1.202412686480816782e-21 7.203835013787296552e-22 4.315835250596994955e-22 2.585598987945984250e-22 1.549012631669408479e-22 9.279988130988906988e-23 5.559544119564586491e-23 3.330662067398174237e-23 1.995362310970703957e-23 1.195398908760800922e-23 7.161498251280696116e-24 4.290371471763510775e-24 2.570312253436456968e-24 1.539844509533455080e-24 9.225031263751353949e-25 5.526610046107906598e-25 3.310928455478505307e-25 1.983539118731735501e-25 1.188315448431819745e-25 7.119061030974151785e-26 4.264947495008395430e-26 2.555080937458439192e-26 1.530719570205563208e-26 9.170364696357460991e-27 5.493859900876254781e-27 3.291308209592659357e-27 1.971784851798293406e-27 1.181273601308645600e-27 7.076874131938477781e-28 4.239673808310570652e-28 2.539939762347116038e-28 1.521648666388903243e-28
1.577628943264035049e-07 6.310792202652460586e-05 2.180166830976951566e-04 4.405279056041739184e-04 7.105135771780934787e-04 1.005468787119380338e-03 1.292644874391174828e-03 1.521580748578675851e-03 1.627151954199608291e-03 1.558847904669866070e-03 1.327396334297434137e-03 1.013264520768974650e-03 7.107833038418998701e-04 4.730437351719641356e-04 3.081747647942657126e-04 2.023175271762301134e-04 1.375115880334702159e-04 9.871225399318579036e-05 7.491517366002570103e-05 5.861167223695675209e-05 4.537086715328562052e-05 3.356497634056666146e-05 2.343479681939119631e-05 1.558099139353153519e-05 1.006379615527997131e-05 6.459453117824299244e-06 4.214642869665134135e-06 2.855365043075138330e-06 2.035500734718115113e-06 1.518923077731792358e-06 1.154370107933046388e-06 8.608271583653517008e-07 6.132894167082200831e-07 4.154031676387955892e-07 2.709101563366191174e-07 1.735631121921289495e-07 1.116189456017259729e-07 7.361365753034221732e-08 5.070049014537655729e-08 3.670684034472735586e-08 2.754243944383197690e-08 2.072935946488069083e-08 1.512245045410725963e-08 1.050566185216000398e-08 6.974226255442467370e-09 4.498348380871682622e-09 2.878354320820185047e-09 1.866623919384856798e-09 1.252053367058439193e-09 8.809641090551242348e-10 6.489861252300605952e-10 4.890192958786826305e-10 3.637429074340632140e-10 2.596145731436637649e-10 1.763940501788104662e-10 1.152994646076552591e-10 7.391045278459088814e-11 4.746078784543604161e-11 3.118068857349243433e-11 2.134692815033411467e-11 1.535207791762742055e-11 1.146449525062037612e-11 8.621310723886412705e-12 6.306951709148110353e-12 4.400215618412371471e-12 2.931740502582628794e-12 1.894730880445786422e-12 1.212496419192558880e-12 7.848254389162424534e-13 5.244158598914286209e-13 3.671336194574765521e-13 2.692725819418144020e-13 2.025724017554107338e-13 1.509649713826106554e-13 1.081955466291308245e-13 7.382663842570000164e-14 4.839832449488280080e-14 3.105992893434278105e-14 1.993001358676145377e-14 1.305932996253710994e-14 8.903482437122593191e-15 6.374376153559161291e-15 4.746823785410397982e-15 3.570968267679642205e-15 2.620953438732912969e-15 1.836622999255942160e-15 1.228185992858113542e-15 7.953822196270902779e-16 5.091073909856964726e-16 3.290073906800943633e-16 2.191104596942823704e-16 1.527281691528786137e-16 1.115978470777439305e-16 8.384831858844740395e-17 6.260730132334381362e-17 4.504985849278236838e-17 3.086652896376974899e-17 2.029293862259119541e-17 1.303719433723862563e-17 8.358850819503794950e-18 5.462486022302753237e-18 3.708076852456508381e-18 2.641755271141568134e-18 1.959920716678926113e-18 1.472498772627034372e-18 1.081238592681427871e-18 7.572977405061989708e-19 5.037855659590779238e-19 3.215446036489527718e-19 1.996313710217600346e-19 1.219129425454156044e-19 7.376656096213746041e-20 4.441205265679745101e-20 2.666802983986612175e-20 1.599098577256113948e-20 9.581688522972171218e-21 5.739085593309827651e-21 3.436816981803253248e-21 2.057901499344399866e-21 1.232165098094591783e-21 7.377355387883722616e-22 4.416985084239836934e-22 2.644525156902014562e-22 1.583316189105868218e-22 9.479526442841343954e-23 5.675513040567554244e-23 3.397999743960073843e-23 2.034423745300098572e-23 1.218034012032963908e-23 7.292515741233974959e-24 4.366116440706282246e-24 2.614046093029608116e-24 1.565060615184734681e-24 9.370204748215971062e-25 5.610053427291908999e-25 3.358805942591747955e-25 2.010957202752991048e-25 1.203984075892656018e-25 7.208396342571688321e-26 4.315752912606259860e-26 2.583892771119492610e-26 1.547007437057440221e-26 9.262118138155417966e-27 5.545340658926759238e-27 3.320061627866159276e-27 1.987760516573423623e-27 1.190095942216599983e-27 7.125246426153151699e-28 4.265970064458047693e-28 2.554087185534875158e-28
1.576153526660885831e-07 6.311539885260698314e-05 2.180715559002302734e-04 4.407141553818840450e-04 7.109881850616871831e-04 1.006527974367455542e-03 1.294831513152796274e-03 1.525754292467617007e-03 1.634239215337133979e-03 1.568977665093936351e-03 1.339086297639297506e-03 1.024152334351805969e-03 7.193125361437398106e-04 4.790159483874749510e-04 3.121514581651891511e-04 2.049932085926289762e-04 1.394497155947229490e-04 1.003085769423792768e-04 7.642391176755548193e-05 6.015332613975976205e-05 4.691931235734965065e-05 3.498113289073213975e-05 2.458063592133008190e-05 1.641332536546576102e-05 1.062622608919946534e-05 6.826806007165771009e-06 4.455204256197129459e-06 3.019356953872441253e-06 2.156204512587138735e-06 1.616471778938496424e-06 1.238570593938464264e-06 9.334975567257607682e-07 6.722092389831780855e-07 4.591741695896019366e-07 3.010481169393627752e-07 1.933420729677587350e-07 1.243721482474524214e-07 8.193834123347147155e-08 5.637618425620795216e-08 4.086273320897360702e-08 3.083090322476162733e-08 2.344923840694787738e-08 1.733700275944373747e-08 1.219769569524968708e-08 8.172966156881627950e-09 5.298783496568737831e-09 3.395632481280863611e-09 2.199088602260881143e-09 1.470507845954245830e-09 1.031924835354610695e-09 7.609889897592340116e-10 5.776957437778914636e-10 4.355580719869252906e-10 3.158721363555647843e-10 2.176102215606513387e-10 1.435468226764980305e-10 9.239662461439764278e-11 5.931454078603965733e-11 3.882231542399508168e-11 2.643304398024720375e-11 1.893749244714323454e-11 1.417362389950308515e-11 1.077295765162419824e-11 8.016581522515327385e-12 5.694761140657935776e-12 3.848085038155214264e-12 2.507184773788855875e-12 1.608016160669157140e-12 1.037869993296187729e-12 6.888729340199597322e-13 4.785598650663439598e-13 3.496741103816889158e-13 2.644082916517243583e-13 2.000291310108716323e-13 1.463257338802069319e-13 1.017791012177358214e-13 6.761722871170273604e-14 4.366392019677634328e-14 2.800564715236410405e-14 1.823914728619751399e-14 1.231331905959516176e-14 8.735577634558682294e-15 6.492279408705501308e-15 4.931574057463356073e-15 3.692229922950261353e-15 2.647931867840890538e-15 1.805000355057306287e-15 1.182502057660677369e-15 7.595414178930058226e-16 4.889669238563439694e-16 3.224416011638589796e-16 2.219309416753293625e-16 1.607093736507771411e-16 1.209750629478231689e-16 9.174071282138178012e-17 6.764744215783328753e-17 4.750366070802099925e-17 3.179564957985369952e-17 2.060896548921025884e-17 1.321371406120717234e-17 8.567192688577598398e-18 5.736394507006604153e-18 4.028523223832734580e-18 2.968885512233938224e-18 2.248324565664639798e-18 1.688197390677498200e-18 1.217188682400593565e-18 8.314256638351101350e-19 5.409116456003465677e-19 3.398185343985426476e-19 2.088865327586536821e-19 1.268095914903347148e-19 7.645849554350301299e-20 4.593183715990021707e-20 2.754008201764427666e-20 1.649596545913644775e-20 9.875533254226197061e-21 5.910486663849068422e-21 3.536902421691439886e-21 2.116362258951589543e-21 1.266308992352835769e-21 7.576704053646932650e-22 4.533318192562897454e-22 2.712374057721474768e-22 1.622862197783778255e-22 9.709860983394796149e-23 5.809570332408363543e-23 3.475960413759614442e-23 2.079723156356381841e-23 1.244331739164609518e-23 7.445035988727790837e-24 4.454484056026076291e-24 2.665188974883568711e-24 1.594625126487161103e-24 9.540896741430095410e-25 5.708470841327641915e-25 3.415469235268162498e-25 2.043529766887970398e-25 1.222676481238029519e-25 7.315468566444566391e-26 4.376961621587062719e-26 2.618806008328902379e-26 1.566873439140690867e-26 9.374853908325925960e-27 5.609124745236997645e-27 3.356028874162870179e-27 2.007965648067583062e-27 1.201397900610060971e-27 7.188155419768212464e-28 4.300788132923799271e-28
1.574590623135604208e-07 6.312313343308178875e-05 2.181281511367689759e-04 4.409062687407210523e-04 7.114780131361482908e-04 1.007621733802030418e-03 1.297091177234241171e-03 1.530071937329131014e-03 1.641582724100034427e-03 1.579495668980724103e-03 1.351252446009085619e-03 1.035505128680343657e-03 7.282146060160448863e-04 4.852491270961054384e-04 3.162988245425573460e-04 2.077805823619641461e-04 1.414665180690421781e-04 1.019687943845708428e-04 7.799450984073000369e-05 6.176429785191523769e-05 4.854937307771513657e-05 3.648636113065952484e-05 2.580971328370912200e-05 1.731203798571999712e-05 1.123573257715401236e-05 7.225359444749912305e-06 4.715955081922528400e-06 3.196638398704669342e-06 2.286233982477970578e-06 1.721378909681066356e-06 1.329463732718625803e-06 1.012767755348470299e-06 7.373907654305164430e-07 5.082293030433455925e-07 3.351316998716291226e-07 2.158174454232219501e-07 1.388800236897074705e-07 9.138912698049317144e-08 6.278947498370604724e-08 4.553240411830297094e-08 3.451743214793220920e-08 2.651605532843097530e-08 1.986987939010289301e-08 1.416735732997433390e-08 9.589607015356031332e-09 6.254024301969481061e-09 4.015728287795391387e-09 2.597599785122205987e-09 1.731264659098448150e-09 1.210778760340625209e-09 8.926799785693606040e-10 6.817916717704729553e-10 5.206565401571795493e-10 3.837866689796994206e-10 2.683940424531085341e-10 1.789114953391879397e-10 1.157589146308453806e-10 7.434332029055772613e-11 4.848911084771860442e-11 3.282065514866638578e-11 2.339282442536294873e-11 1.751057182437452465e-11 1.342570130185926531e-11 1.015509802432494336e-11 7.351640360332284925e-12 5.047288910586020155e-12 3.321405926114932182e-12 2.138094511202412527e-12 1.377378578578391326e-12 9.083632221073493197e-13 6.256461357970503519e-13 4.543760395236082217e-13 3.442663768840013193e-13 2.637521534547898955e-13 1.968723594939531029e-13 1.398326899164409285e-13 9.438554391818426608e-14 6.147532265447242001e-14 3.948568716734918380e-14 2.558909820102584690e-14 1.710756815522305749e-14 1.200556782058051836e-14 8.872319107013023873e-15 6.776742743305256243e-15 5.163052700732094926e-15 3.791761574939161884e-15 2.642158498204067231e-15 1.756939031173563012e-15 1.135779270073231754e-15 7.300102191249989978e-16 4.772769186126205632e-16 3.242055517263806848e-16 2.319204675643386024e-16 1.739788337220857939e-16 1.333373605015048313e-16 1.005722130437735896e-16 7.252442922874511107e-17 4.961880168466881713e-17 3.258228525764537896e-17 2.096372025880875072e-17 1.352023744875284931e-17 8.939248691932474024e-18 6.177510802881094544e-18 4.498565247417453229e-18 3.409705724474284127e-18 2.604430547720499879e-18 1.931684336619380141e-18 1.359211079861185464e-18 9.053898508608473890e-19 5.777051874781203630e-19 3.583284844547928535e-19 2.185645039976545029e-19 1.320763979281503974e-19 7.941210007541334559e-20 4.762016512944726576e-20 2.851589666430865991e-20 1.706337105831022857e-20 1.020648511219345018e-20 6.103803839335677309e-21 3.649886959121303935e-21 2.182400379522448518e-21 1.304899159195006977e-21 7.802125269155065481e-22 4.664933345399611841e-22 2.789177512143217517e-22 1.667653861213952813e-22 9.970918551404336920e-23 5.961618192652474098e-23 3.564453947820617476e-23 2.131188104373432039e-23 1.274237903378265576e-23 7.618671262066968508e-24 4.555205128256495926e-24 2.723558054410269177e-24 1.628415892042901535e-24 9.736301757923529071e-25 5.821336686207836397e-25 3.480578316053461917e-25 2.081038438442170485e-25 1.244253278527406534e-25 7.439392719842196821e-26 4.448014322332457218e-26 2.659468609301675104e-26 1.590096787268783620e-26 9.507191714915866376e-27 5.684351734247780334e-27 3.398674982830462830e-27 2.032068418510829060e-27 1.214974093832993653e-27 7.264332417329426370e-28
1.572936870772307254e-07 6.313111590802548967e-05 2.181863788662545187e-04 4.411039944148256926e-04 7.119824389576548396e-04 1.008748643918965307e-03 1.299421155625061922e-03 1.534529312055221261e-03 1.649176539131629992e-03 1.590396009463729060e-03 1.363891463272673800e-03 1.047322714123895705e-03 7.374906201500167763e-04 4.917440684470877465e-04 3.206169727086280756e-04 2.106792893467356921e-04 1.435614328786985201e-04 1.036923093437242975e-04 7.962650468514993990e-05 6.344464657876437697e-05 5.026240036568834348e-05 3.808392049612370191e-05 2.712664564871664750e-05 1.828172694830045163e-05 1.189595351236132312e-05 7.657625211841362313e-06 4.998510331897656691e-06 3.388221137788527888e-06 2.426232285902357611e-06 1.834087075879978040e-06 1.427427003752964537e-06 1.099072770702856396e-06 8.093798741971582260e-07 5.631526641266895391e-07 3.736681352398396501e-07 2.413650037489574130e-07 1.553951978348128785e-07 1.021276641789228840e-07 7.004232455876404759e-08 5.078138391707614271e-08 3.864730125400908914e-08 2.996693378754627476e-08 2.275877986219612530e-08 1.645479809175125329e-08 1.126174446851302238e-08 7.394004819940401091e-09 4.759757581736486286e-09 3.076017722547349918e-09 2.043117572008139345e-09 1.423080172557492676e-09 1.047664484301458072e-09 8.038494589794801301e-10 6.211553299606143470e-10 4.654262804448562732e-10 3.307592627359894340e-10 2.231196908211677232e-10 1.452894390770854160e-10 9.342648772458648884e-11 6.074823305661259459e-11 4.086764149791520333e-11 2.894499655892221847e-11 2.162489143160506059e-11 1.668831474867039513e-11 1.281556496668175424e-11 9.459524201931945415e-12 6.609981749550845242e-12 4.402014649697614998e-12 2.848904432750203962e-12 1.833953197058867754e-12 1.202385322316869457e-12 8.206718331220400059e-13 5.912234393002515143e-13 4.474288733014703894e-13 3.461256257157163682e-13 2.633383164731426070e-13 1.912330690146027928e-13 1.314831406983011640e-13 8.660450323628107781e-14 5.582494656534556277e-14 3.605474153180245717e-14 2.388404209531681945e-14 1.656135880236468234e-14 1.213068255923212404e-14 9.275290893400305976e-15 7.166427226647906452e-15 5.386707295515676810e-15 3.845799123107479749e-15 2.604803133528051689e-15 1.700352356964743557e-15 1.094062470890307059e-15 7.104835320140974916e-16 4.764692879451419418e-16 3.359521992256888102e-16 2.499092598052165235e-16 1.924538360474782552e-16 1.479710933040828312e-16 1.096349044792400658e-16 7.694753090454273378e-17 5.141820379613550285e-17 3.333221485177815050e-17 2.145255258404123977e-17 1.403429141913987407e-17 9.540202538129857463e-18 6.837485581215241796e-18 5.150660481363342047e-18 3.974743316470893787e-18 3.023397693543843479e-18 2.195318705266010987e-18 1.503872528243219029e-18 9.789148528014212955e-19 6.146318888204582860e-19 3.774143759134483725e-19 2.288288694888550705e-19 1.377833127385467283e-19 8.265703686933283688e-20 4.949014717989380138e-20 2.960160770220647982e-20 1.769622377477490389e-20 1.057608856761085611e-20 6.319844695948452082e-21 3.776197500560503650e-21 2.256242100495654820e-21 1.348055058634277174e-21 8.054244406136554641e-22 4.812153563310093040e-22 2.875099218512519169e-22 1.717771934153338273e-22 1.026308211454076033e-22 6.131827261226795466e-23 3.663548271813270170e-23 2.188839264859289331e-23 1.307753210028114616e-23 7.813357637635775762e-24 4.668201613053819925e-24 2.789083400092435128e-24 1.666377508260276652e-24 9.956009175685411017e-25 5.948359124389891909e-25 3.553931662812176690e-25 2.123346959129394822e-25 1.268623804726920787e-25 7.579573139485309817e-26 4.528523645775829332e-26 2.705630783186187736e-26 1.616517546861501932e-26 9.658113721646868769e-27 5.770377243396020452e-27 3.447593856377921157e-27 2.059813925007845698e-27 1.230665090609889700e-27
1.571188610195693108e-07 6.313933527520788533e-05 2.182461443701664129e-04 4.413070722606902648e-04 7.125007949183018901e-04 1.009907188736949889e-03 1.301818659731232043e-03 1.539121883422789848e-03 1.657014341933405691e-03 1.601672269368874376e-03 1.376999748956040694e-03 1.059604889463873012e-03 7.471417331442724991e-04 4.985015721574813765e-04 3.251059773568595185e-04 2.136889276755350134e-04 1.457338636625774854e-04 1.054784980843404235e-04 8.131938780385396942e-05 6.519434923636793300e-05 5.205966260608448635e-05 3.977710324830088876e-05 2.853627511665794619e-05 1.932732629486201982e-05 1.261084420842716791e-05 8.126351868194317112e-06 5.304640931676994823e-06 3.595213243656003065e-06 2.576899787821556335e-06 1.955070561640094718e-06 1.532852733663144773e-06 1.192858268087819813e-06 8.887497430326178441e-07 6.245804664916421636e-07 4.172261449588625511e-07 2.704136857903041042e-07 1.742087171215734222e-07 1.143408042955441899e-07 7.825244111975550643e-08 5.668481023128281610e-08 4.327151926508389166e-08 3.384242715351598006e-08 2.604427730340943222e-08 1.910430032193522344e-08 1.323248204864282784e-08 8.754133489285016385e-09 5.653185392501476824e-09 3.651222905389821010e-09 2.416810626242809758e-09 1.675599416164781417e-09 1.230295187594982562e-09 9.468679687111592509e-10 7.394668546743914999e-10 5.631256491536485019e-10 4.070507147898040861e-10 2.782672205687336494e-10 1.826081191587152379e-10 1.176879417018986578e-10 7.633135336563260589e-11 5.103667414705615471e-11 3.588606647263194020e-11 2.670631686991679566e-11 2.069456684399479127e-11 1.610837084701404080e-11 1.212369038648071056e-11 8.635732560730323278e-12 5.832413819596232593e-12 3.801962084309182777e-12 2.449115241487659257e-12 1.597609477694968567e-12 1.080438111468340491e-12 7.708664878207527302e-13 5.809160747283261681e-13 4.522476644605491468e-13 3.500527712800293847e-13 2.600511512363174974e-13 1.825649398040436955e-13 1.219544453194768037e-13 7.908642933554117796e-14 5.099925981784228356e-14 3.350994548417512302e-14 2.294860654959353095e-14 1.661569352083667393e-14 1.266128482661158725e-14 9.878316574296502302e-15 7.586043522894808575e-15 5.557262710770159583e-15 3.847011170304412701e-15 2.545087655372709694e-15 1.644454813971270602e-15 1.063229415676483754e-15 7.047421610368771911e-16 4.891982640621008446e-16 3.593389211278510858e-16 2.763699289138970009e-16 2.155250019097132436e-16 1.638721152999548458e-16 1.183063032437657886e-16 8.081593690413672956e-17 5.302330499817518552e-17 3.418449492204942409e-17 2.219013879779174457e-17 1.485235606945824391e-17 1.045089106567674423e-17 7.775325942663498780e-18 6.014710632641118259e-18 4.666756211733854190e-18 3.495422918062900796e-18 2.471667821897104590e-18 1.649326082712137150e-18 1.052456202819931553e-18 6.522979031542331472e-19 3.974141318430336639e-19 2.398335280176227653e-19 1.439977593550593742e-19 8.622375731581918440e-20 5.155630385058052194e-20 3.080450984975531700e-20 1.839833424132322117e-20 1.098638454703470971e-20 6.559717682246608468e-21 3.916439949778502158e-21 2.338219151708000382e-21 1.395958023737184108e-21 8.334048890212779291e-22 4.975513507579737457e-22 2.970426554084721785e-22 1.773369454861634585e-22 1.058715724029486876e-22 6.320615364936768418e-23 3.773455977691592311e-23 2.252782032837894327e-23 1.344928011616013812e-23 8.029322341169892478e-24 4.793566334745866276e-24 2.861795437417042813e-24 1.708513562265947378e-24 1.019995541392361993e-24 6.089450656493503234e-25 3.635448173223530911e-25 2.170390099480250180e-25 1.295739330802794365e-25 7.735661960678671252e-26 4.618248790047687514e-26 2.757129511943294518e-26 1.646027204487900713e-26 9.826907100855586740e-27 5.866737980089693551e-27 3.502487015868926630e-27 2.091011280532441920e-27
1.569341891191987826e-07 6.314777890736834268e-05 2.183073506703692027e-04 4.415152404688436937e-04 7.130323310484664714e-04 1.011095725855496634e-03 1.304280835704529559e-03 1.543844904103804138e-03 1.665089296689809244e-03 1.613317626947470681e-03 1.390573551282206499e-03 1.072351386493144380e-03 7.571690556347242858e-04 5.055224271954018855e-04 3.297659059585401052e-04 2.168090737190062859e-04 1.479831732478041465e-04 1.073266776682293614e-04 8.307258791628013286e-05 6.701331279235179725e-05 5.394234924564401441e-05 4.156921321437017194e-05 3.004365630009999679e-05 2.045412023779264750e-05 1.338470338464602730e-05 8.634547800204815792e-06 5.636289390685529584e-06 3.818828488495171833e-06 2.738999428898422428e-06 2.084838425161984335e-06 1.646149119516285627e-06 1.294578811113444569e-06 9.760981622672856556e-07 6.932021477214786758e-07 4.664416232508809393e-07 3.034526289948239290e-07 1.956559401421956122e-07 1.282447153048596446e-07 8.755590466235096810e-08 6.332903307971723339e-08 4.844777863159157312e-08 3.818697959874863773e-08 2.976986318730401237e-08 2.216428087021723402e-08 1.555087984460465854e-08 1.037612138926875965e-08 6.726674626417890679e-09 4.343778016521575591e-09 2.865488099924217446e-09 1.976608456711457889e-09 1.445847670383278364e-09 1.114407380598346466e-09 8.783526945466481374e-10 6.795049343534515851e-10 4.999673124261663266e-10 3.468745356132097200e-10 2.297349746778239829e-10 1.485612892319366515e-10 9.618267089353882587e-11 6.392705632294410593e-11 4.459326498276094435e-11 3.299707451419108822e-11 2.561055111116707478e-11 2.016504433775256065e-11 1.546794276111014311e-11 1.124565807229634731e-11 7.719002605307973979e-12 5.078707854822980611e-12 3.279079683356239549e-12 2.130539429137415655e-12 1.427997769723324099e-12 1.007840940931572919e-12 7.541489723256112681e-13 5.887145784254810719e-13 4.623782562806353670e-13 3.513178561950437699e-13 2.523471206564108246e-13 1.714651756540591339e-13 1.121753194569292248e-13 7.238382056169353602e-14 4.724490034030352265e-14 3.196033544776597571e-14 2.282915518104839265e-14 1.726393867365280118e-14 1.353512529480444726e-14 1.058732272371357350e-14 7.960855368744941819e-15 5.649637924653152468e-15 3.802858678777099021e-15 2.476168865583142123e-15 1.598489912872549900e-15 1.049137316764774156e-15 7.168812370879013305e-16 5.183155864813820890e-16 3.957771255707127804e-16 3.111371666720251824e-16 2.420107134262901207e-16 1.799481801160176527e-16 1.261986850109417223e-16 8.421467866467555949e-17 5.462567249613589661e-17 3.530804442004984499e-17 2.331757589700878774e-17 1.609583620366794330e-17 1.176891376372645213e-17 9.053597803371076392e-18 7.112801751852647464e-18 5.479048135881234254e-18 4.007920737485551766e-18 2.755148993518087905e-18 1.795314149470153116e-18 1.126940134932552287e-18 6.913607861734209902e-19 4.186535260360936546e-19 2.517260553953426714e-19 1.507872682752400620e-19 9.014466717553827918e-20 5.383500769393959683e-20 3.213321758053732195e-20 1.917435842979185652e-20 1.143992954082299457e-20 6.824838123322472024e-21 4.071400608179683304e-21 2.428768626737388234e-21 1.448850722487836310e-21 8.642882618777282632e-22 5.155754880859634736e-22 3.075567130078686984e-22 1.834669294368319512e-22 1.094435522301831626e-22 6.528636164726584280e-23 3.894526813335377657e-23 2.323201618099345975e-23 1.385859137460488962e-23 8.267063428660570994e-24 4.931550055601459287e-24 2.941816768934586181e-24 1.754881483605432827e-24 1.046839167377449360e-24 6.244707985874427549e-25 3.725154639574946223e-25 2.222165891026878256e-25 1.325588257245967988e-25 7.907529472610155826e-26 4.717077268612613258e-26 2.813877334847680329e-26 1.678561788284137870e-26 1.001312190184741959e-26 5.973125977286405168e-27 3.563147866384887220e-27
1.567392508230869206e-07 6.315643212979843251e-05 2.183699029254916135e-04 4.417282240303215392e-04 7.135762350554214701e-04 1.012312619399138120e-03 1.306804762961539818e-03 1.548693230211778534e-03 1.673394152544820665e-03 1.625325040894934738e-03 1.404608838393141702e-03 1.085561716907409166e-03 7.675736927679624802e-04 5.128074683707957047e-04 3.345968131751653803e-04 2.200392471802090251e-04 1.503086655117474477e-04 1.092361303209861623e-04 8.488549267834194186e-05 6.890135167304040282e-05 5.591153534582910944e-05 4.346354697730908179e-05 3.165405550755057433e-05 2.166775924862524824e-05 1.422219838493579018e-05 9.185505087057299986e-06 5.995587349391480404e-06 4.060397443724394704e-06 2.913363084385586179e-06 2.223937873610457129e-06 1.767741440504637674e-06 1.404696152459971173e-06 1.072044186469798407e-06 7.697606461518924821e-07 5.220233386023545604e-07 3.410389511101292601e-07 2.201233087550898211e-07 1.440896899643867932e-07 9.811025930458941773e-08 7.081351167352081655e-08 5.424158557378715313e-08 4.304950860403360122e-08 3.398202875917066480e-08 2.568720704654418596e-08 1.827232392373277341e-08 1.230886436099365403e-08 8.017072686836009440e-09 5.178729192320807693e-09 3.405249823894643871e-09 2.336236342026112758e-09 1.700739564999051521e-09 1.310721140926026948e-09 1.040994646749911187e-09 8.174941442717299173e-10 6.125788770644079117e-10 4.319397618910644638e-10 2.891723145738138205e-10 1.878701344741999813e-10 1.215204679492930234e-10 8.031632408283877581e-11 5.555538722622405488e-11 4.080816172902390758e-11 3.164450984431269783e-11 2.514358013109496509e-11 1.963694654506921138e-11 1.458478256879095801e-11 1.019566096700157177e-11 6.786083126541227197e-12 4.399699403008535032e-12 2.851134369613023713e-12 1.895053208255786284e-12 1.322077692117366845e-12 9.798787857865876190e-13 7.641797145122575141e-13 6.070135425587814422e-13 4.711828906485154465e-13 3.467935363254779501e-13 2.403968170883432346e-13 1.591443035559347717e-13 1.030194369348003240e-13 6.691895774846857511e-14 4.475282896438867984e-14 3.149883201564190040e-14 2.355216418241201453e-14 1.846031986266505948e-14 1.464684846664173751e-14 1.129282670122735943e-14 8.235176280264709098e-15 5.662333619897293455e-15 3.730180117092423752e-15 2.412236137384992592e-15 1.571546837073674565e-15 1.057989544592404389e-15 7.514344690928370253e-16 5.666629348409809119e-16 4.460498212382096386e-16 3.531799995512140747e-16 2.703058422040138737e-16 1.952867301176464863e-16 1.332272157881875444e-16 8.737591971438323029e-17 5.647031106423939320e-17 3.690839921022859213e-17 2.501253799770096805e-17 1.791632009443060411e-17 1.360689065871722139e-17 1.073178623731793422e-17 8.453991949579724807e-18 6.396313460622147433e-18 4.548637628540596614e-18 3.042908997202285963e-18 1.942838824522412181e-18 1.203544798010198051e-18 7.324843535150647834e-19 4.414473641301232305e-19 2.646524738309912413e-19 1.582220267061394564e-19 9.445520201897231081e-20 5.634491388733105846e-20 3.359783992763278669e-20 2.002987143755498467e-20 1.193982816277734908e-20 7.116943094131637213e-21 4.242053069242015334e-21 2.528436160429555446e-21 1.507038584573920100e-21 8.982451999356106210e-22 5.353828668043427830e-22 3.191049364930223334e-22 1.901964068071882554e-22 1.133629011424745531e-22 6.756775987784054328e-23 4.027244992947267753e-23 2.400360983261669646e-23 1.430688401980264594e-23 8.527339388740121097e-24 5.082554414369387708e-24 3.029357470035526132e-24 1.805589456512028294e-24 1.076186390748610292e-24 6.414399146991050788e-25 3.823177542291382096e-25 2.278730428607934849e-25 1.358192840474008734e-25 8.095243599973393266e-26 4.825012103458298475e-26 2.875854384201885069e-26 1.714096931100001231e-26 1.021654053602446452e-26 6.089369780089160924e-27
1.565335950533609355e-07 6.316527842293860368e-05 2.184337029363553101e-04 4.419457220763012696e-04 7.141316244656231021e-04 1.013556219042116135e-03 1.309387338715558386e-03 1.553661331684605797e-03 1.681921499647146640e-03 1.637687094906595253e-03 1.419101068272594912e-03 1.099235281932203117e-03 7.783568180162698602e-04 5.203575174341746549e-04 3.395987037191684245e-04 2.233789293085688336e-04 1.527096130880372651e-04 1.112060817264480566e-04 8.675741513314813612e-05 7.085819834661326799e-05 5.796818592343096606e-05 4.546336255761488618e-05 3.337293264948139890e-05 2.297427642690735549e-05 1.512839524797950899e-05 9.782826146949181244e-06 6.384874385820266067e-06 4.321379533338381206e-06 3.100898854846862805e-06 2.372958334181745563e-06 1.898073624314477412e-06 1.523677629696723110e-06 1.177224066293741055e-06 8.550516141574988962e-07 5.847584768421677294e-07 3.838062908343524229e-07 2.480561064002563883e-07 1.621657677969741467e-07 1.100981576173124616e-07 7.925305572520418787e-08 6.072760484398195350e-08 4.848412915669411120e-08 3.873041219165106004e-08 2.972942810981067329e-08 2.145877722571329206e-08 1.460935198645946534e-08 9.568545100490567835e-09 6.186572011781612342e-09 4.055835942152795483e-09 2.766911705419606761e-09 2.002804456915272028e-09 1.540922277029090991e-09 1.231087979814275652e-09 9.803669732869150148e-10 7.483365453483966221e-10 5.369855313828839245e-10 3.639951405247762495e-10 2.379255152459255024e-10 1.539155227717913160e-10 1.012145415485501704e-10 6.940762032348738842e-11 5.054090239554104880e-11 3.905993686972536840e-11 3.123584256648696267e-11 2.479941581386454203e-11 1.882408797227219226e-11 1.342818992855826959e-11 9.063079096040410077e-12 5.912834723447428298e-12 3.827703404239859109e-12 2.525274807256350387e-12 1.741013998917059784e-12 1.275492192007533644e-12 9.901468384472897908e-13 7.924410538691853832e-13 6.271274747631446581e-13 4.732941699322202024e-13 3.356355888825280361e-13 2.255771367147636621e-13 1.469122608500785805e-13 9.518819919454295550e-14 6.301591454706412914e-14 4.368602170114792626e-14 3.220096703982390776e-14 2.510470428724568455e-14 2.010228278423225140e-14 1.585313300959559435e-14 1.189409314050528138e-14 8.385240717463067134e-15 5.612756712769921692e-15 3.649787401122207654e-15 2.367383072720267381e-15 1.572986515191375864e-15 1.096679323666601061e-15 8.132942113482469845e-16 6.366473793306466700e-16 5.098724118487353689e-16 4.005697037302581869e-16 2.987257664346143051e-16 2.093717743785726418e-16 1.395921686771929409e-16 9.063979145753355678e-17 5.885605132421909565e-17 3.924205566309910712e-17 2.750065506695663622e-17 2.049844358117164071e-17 1.608661307424059976e-17 1.285741979441699800e-17 1.003123302394002285e-17 7.398279681406631089e-18 5.108468667779993448e-18 3.334852262229114419e-18 2.093739853028920959e-18 1.283558479862150336e-18 7.763245377563835524e-19 4.661063645819311201e-19 2.787623808491117241e-19 1.663772893911264942e-19 9.919485789003284236e-20 5.910740288764068445e-20 3.521017920110536000e-20 2.097146160632192441e-20 1.248977960333921626e-20 7.438114943954167559e-21 4.429570326887577281e-21 2.637882205750855696e-21 1.570893046154623281e-21 9.354842571236613232e-22 5.570903539764300845e-22 3.317526650257874439e-22 1.975618139845210274e-22 1.176498793736684341e-22 7.006157765619717810e-23 4.172230658609924289e-23 2.484601209141150383e-23 1.479602533653895295e-23 8.811167071595872340e-24 5.247129752151136708e-24 3.124713257124341772e-24 1.860795022428932348e-24 1.108120274675680239e-24 6.598956509612656527e-25 3.929738314621056476e-25 2.340194725792467332e-25 1.393607135083828786e-25 8.299056593378260961e-26 4.942163297302848928e-26 2.943102963825178693e-26 1.752644446278075227e-26 1.043715626945938595e-26
1.563167418212828243e-07 6.317429886509357733e-05 2.184986640280968525e-04 4.421673985144420238e-04 7.146975831713922849e-04 1.014824884498303700e-03 1.312025128786143508e-03 1.558743497254051541e-03 1.690663692997173119e-03 1.650395680713465660e-03 1.434045369170038400e-03 1.113371469158346656e-03 7.895195327981158759e-04 5.281733751380526202e-04 3.447715810603108793e-04 2.268275570135464003e-04 1.551852144470616021e-04 1.132357096172731685e-04 8.868762518929299466e-05 7.288347851218263660e-05 6.011312404961434956e-05 4.757186478294871725e-05 3.520592999932456565e-05 2.438009824280032916e-05 1.610878870819657088e-05 1.043045384434148576e-05 6.806719506793291051e-06 4.603376402331127621e-06 3.302598998862697456e-06 2.532536068576660741e-06 2.037610343491538850e-06 1.651994817565615318e-06 1.292286603923475446e-06 9.499213851273082778e-07 6.555177990057912629e-07 4.324740962543081853e-07 2.799673237639016020e-07 1.828092987932527889e-07 1.237316591128040822e-07 8.878047959706532754e-08 6.799125598702572374e-08 5.455104841929772544e-08 4.406804241341522996e-08 3.435093784926880069e-08 2.517886964837742135e-08 1.734356323664253881e-08 1.143385954239151074e-08 7.404409600962633455e-09 4.841469615277844873e-09 3.283914432667392955e-09 2.361635333723138081e-09 1.811192141033746893e-09 1.452961952869891469e-09 1.171790147900034707e-09 9.110788910200152720e-10 6.660944283028461453e-10 4.579460200533199160e-10 3.016420198414856291e-10 1.953902866955019445e-10 1.279349726215690697e-10 8.697749141536454302e-11 6.271554500087125183e-11 4.819304735006737018e-11 3.867776120437653756e-11 3.115276110080525190e-11 2.416237408807964328e-11 1.761829169430995605e-11 1.208806669498321817e-11 7.954378826171876636e-12 5.153456470246893094e-12 3.378878809089496326e-12 2.302547320047287373e-12 1.664847058040553238e-12 1.282092911821329112e-12 1.029583180145610242e-12 8.282804384472248262e-13 6.408402695764235861e-13 4.659965068701506299e-13 3.190464447361768589e-13 2.097251948145028483e-13 1.358976677044078334e-13 8.922225257028583325e-14 6.094527619413474351e-14 4.419054202035983341e-14 3.410702259089781888e-14 2.740799424213840776e-14 2.202314141788068385e-14 1.699669193314535028e-14 1.232486504130094320e-14 8.420045415323077254e-15 5.529057284263515960e-15 3.583292636692636966e-15 2.355798704185718424e-15 1.613055469324938840e-15 1.172944882238782312e-15 9.073455607843902852e-16 7.296220489885397415e-16 5.855599743304506561e-16 4.507583155875003723e-16 3.259257184691461755e-16 2.221684290434416687e-16 1.457188682552883272e-16 9.443642454185532529e-17 6.215147018181768770e-17 4.263579031275891995e-17 3.106612606521883604e-17 2.405831481391591970e-17 1.932840603375060002e-17 1.545699613137987717e-17 1.182245994574976394e-17 8.464999727059792903e-18 5.683024237639103343e-18 3.633120488108808124e-18 2.250340773172387745e-18 1.368309280269637925e-18 8.235337233478574371e-19 4.929464763982385356e-19 2.942140632091448960e-19 1.753357004149956334e-19 1.044082235991028703e-19 6.214705801553081171e-20 3.698396314937950452e-20 2.200684787601233435e-20 1.309413875021204970e-20 7.790813762361653100e-21 4.635342167045210597e-21 2.757891372485903583e-21 1.640856564908915898e-21 9.762545863770767401e-22 5.808380155360070655e-22 3.455784911281177684e-22 2.056071582356346835e-22 1.223290719324783714e-22 7.278151492185053010e-23 4.330245109955990849e-23 2.576344041184766176e-23 1.532834368336856374e-23 9.119826957002603171e-24 5.425977204338330716e-24 3.228266139353438952e-24 1.920705130652791873e-24 1.142752188804160271e-24 6.798974729511161245e-25 4.045151505090320107e-25 2.406723270592885169e-25 1.431915935322668381e-25 8.519397600999392795e-26 5.068742772701974629e-26 3.015724174274206555e-26 1.794250113505572684e-26
1.560881801316178083e-07 6.318347238081295438e-05 2.185646953872940831e-04 4.423928726778637312e-04 7.152732192513646704e-04 1.016116841926165788e-03 1.314714441646200977e-03 1.563934017366660090e-03 1.699612488559757405e-03 1.663442148078462905e-03 1.449436715525225785e-03 1.127969384684161629e-03 8.010629009340049797e-04 5.362558884648074972e-04 3.501153960063168951e-04 2.303844988505599086e-04 1.577346326090623611e-04 1.153241348283760121e-04 9.067531184654684432e-05 7.497673059521730806e-05 6.234702482867660847e-05 4.979216300267152111e-05 3.715885505359863673e-05 2.589205955633681002e-05 1.716933360208538665e-05 1.113270360168678023e-05 7.263945246691698161e-06 4.908147114878543506e-06 3.519548854179973655e-06 2.703359306074144399e-06 2.186839531940283551e-06 1.790122528230797635e-06 1.417887921171803827e-06 1.055263472897444043e-06 7.352601334720888238e-07 4.878575736248145546e-07 3.164477620875410000e-07 2.064106080316872266e-07 1.392573042344480576e-07 9.954974708904328985e-08 7.613061288199708160e-08 6.131765478011151687e-08 5.005171801077716404e-08 3.961509411514311566e-08 2.950778709891328838e-08 2.058729441954377866e-08 1.367581306041395606e-08 8.877330644674448459e-09 5.791893066506406994e-09 3.906063823215809916e-09 2.789014332243603048e-09 2.129042943389700318e-09 1.711735600863156733e-09 1.395894232604534547e-09 1.105037381149264326e-09 8.239285040347271949e-10 5.755285636825826233e-10 3.826727380949584722e-10 2.485430354588229489e-10 1.621857916620351321e-10 1.093454999340678141e-10 7.800924591733552610e-11 5.947605757479793602e-11 4.776323119550821149e-11 3.892998455944144020e-11 3.082833692886842699e-11 2.300665316033317749e-11 1.608647499058855899e-11 1.070407440279927670e-11 6.955158738166692327e-12 4.538912564342678866e-12 3.059166260633723869e-12 2.180858610716494864e-12 1.661055654688344102e-12 1.332753429571414169e-12 1.085907822051913273e-12 8.602258293292336846e-13 6.424915041748773649e-13 4.496231462345293147e-13 2.993740654248771611e-13 1.945885838505339657e-13 1.269900908225601783e-13 8.556137393974649705e-14 6.095441140481729206e-14 4.638496524606550349e-14 3.718963589105163809e-14 3.029429446720576104e-14 2.400699921290407383e-14 1.794392644388159041e-14 1.256712541412099556e-14 8.372328832387030307e-15 5.443393055572787692e-15 3.552325929157679395e-15 2.392612672620598643e-15 1.703400315304176455e-15 1.295202311737054557e-15 1.037768271903798467e-15 8.451982673451827186e-16 6.700215893211348014e-16 5.011459589825851916e-16 3.512172568069692435e-16 2.340843510664041662e-16 1.522054052644248701e-16 9.929500759888164903e-17 6.682278634391301354e-17 4.750856577132121794e-17 3.605905749775706907e-17 2.883538695496014538e-17 2.343643802019514683e-17 1.853008805528526677e-17 1.379645898205206983e-17 9.581769125891529899e-18 6.272786426948533402e-18 3.941414853642824295e-18 2.415220659977464883e-18 1.459145722054711062e-18 8.747748980915781098e-19 5.222991176220257054e-19 3.111795240720479320e-19 1.851896100183978021e-19 1.101460719792158333e-19 6.549220081954855008e-20 3.893511860175860906e-20 2.314502413943115242e-20 1.375799373217728561e-20 8.177919438880281200e-21 4.860998106567331534e-21 2.889384961472038046e-21 1.717449462479315790e-21 1.020849666933419795e-21 6.067911407005159804e-22 3.606753557671899814e-22 2.143846071793941896e-22 1.274297040857393243e-22 7.574390992910792202e-23 4.502199644933477325e-23 2.676096504197637433e-23 1.590665228660166917e-23 9.454875234250132226e-24 5.619954710268667123e-24 3.340487326968061236e-24 1.985577490931161171e-24 1.180222400182375440e-24 7.015213054837966812e-25 4.169825466045985997e-25 2.478534048819108618e-25 1.473234570837488339e-25 8.756870222141081961e-26 5.205062221894000833e-26 3.093876241890471129e-26
1.558473627470771257e-07 6.319277561742033412e-05 2.186317161329358035e-04 4.426217127875899950e-04 7.158576534570691360e-04 1.017430113825949474e-03 1.317451534432271089e-03 1.569226947930419660e-03 1.708758971448704140e-03 1.676817677014723514e-03 1.465269520974928508e-03 1.143027914097924759e-03 8.129880535189897527e-04 5.446058420578895427e-04 3.556300644560138856e-04 2.340490874214439800e-04 1.603569487476257983e-04 1.174704230271482350e-04 9.271961313292132422e-05 7.713737044658663131e-05 6.467040305850184660e-05 5.212725199165649524e-05 3.923765192350038279e-05 2.751741386484021651e-05 1.831647979856841467e-05 1.189429869621081477e-05 7.759654193183111338e-06 5.237625299276922199e-06 3.752936927494121657e-06 2.886174027987160479e-06 2.346275434474518363e-06 1.938538310164644574e-06 1.554685894579809076e-06 1.172013439456406450e-06 8.250358387596276421e-07 5.508782437184913028e-07 3.581774680862093412e-07 2.334229422561381970e-07 1.569621049840961457e-07 1.117397075498731984e-07 8.525865483514474542e-08 6.885985010976252064e-08 5.674255498796640909e-08 4.558833516612097701e-08 3.452693483417946799e-08 2.442684575864499751e-08 1.636877861515320247e-08 1.066003713862827689e-08 6.943636961870786337e-09 4.656575759252311646e-09 3.299453546187482071e-09 2.503648223132123179e-09 2.013515636053547671e-09 1.657373938447619609e-09 1.334848593079389440e-09 1.015729079556994534e-09 7.220908380729714601e-10 4.855611995546631184e-10 3.167012465746565478e-10 2.061884912914472941e-10 1.379250751276220674e-10 9.730660449650150338e-11 7.346823869108111935e-11 5.886290280475120865e-11 4.840977154352423857e-11 3.908363091606034617e-11 2.987483889908955943e-11 2.133809459242708015e-11 1.439704918561538193e-11 9.404363747972017963e-12 6.119823600345124679e-12 4.083718763936560272e-12 2.869147890154383145e-12 2.155880488553677626e-12 1.721021108884978292e-12 1.414167101704634423e-12 1.144340437129784572e-12 8.785418462102246347e-13 6.303899373205667002e-13 4.267616725706468256e-13 2.791916739488097520e-13 1.816062546652046748e-13 1.209000505436823032e-13 8.460120469216940195e-14 6.327190930841793946e-14 5.032735510587519453e-14 4.131482295311574237e-14 3.350323661603822406e-14 2.583050220446825958e-14 1.861894633890257538e-14 1.264735314787691353e-14 8.287105023715111230e-15 5.388693152425035563e-15 3.579321965560637521e-15 2.494884194444729544e-15 1.857276389648638924e-15 1.471938971469250872e-15 1.207047740110256301e-15 9.807468139289148300e-16 7.592445011041363306e-16 5.497338622058714914e-16 3.746764674380216651e-16 2.458805144556187938e-16 1.598066684647284322e-16 1.058771462475882578e-16 7.347048128829056960e-17 5.439336504293623760e-17 4.289633267022219247e-17 3.507637964890215124e-17 2.848297302419642338e-17 2.205015160588321695e-17 1.592179654474546057e-17 1.074205778379813482e-17 6.882336716957711391e-18 4.264422473870559471e-18 2.591103836345722681e-18 1.557449131017846972e-18 9.307405284228884223e-19 5.545217252522965167e-19 3.298495617602515536e-19 1.960434986039117798e-19 1.164665573516183418e-19 6.917550687289175747e-20 4.108209754513920657e-20 2.439643518987033581e-20 1.448726199100901581e-20 8.602784427703597946e-21 5.108436442752644666e-21 3.033436965103616537e-21 1.801278730408634850e-21 1.069612143044905890e-21 6.351428943986273293e-22 3.771519984240849967e-22 2.239552790172291016e-22 1.329860703874932757e-22 7.896797121603697185e-23 4.689168041492049544e-23 2.784457581241569578e-23 1.653428475072035383e-23 9.818162538528229164e-24 5.830086809671321792e-24 3.461942296968635543e-24 2.055723156751922974e-24 1.220701367432056693e-24 7.248601657799697155e-25 4.304265350277915171e-25 2.555899893430511723e-25 1.517709465714785852e-25 9.012254463507306211e-26 5.351533501574526769e-26
1.555937086550199316e-07 6.320218298315416429e-05 2.186996367385358813e-04 4.428534550782197332e-04 7.164500282521684945e-04 1.018762500466605754e-03 1.320232769562943061e-03 1.574615730098273851e-03 1.718094031162973549e-03 1.690512900056519467e-03 1.481537596614578706e-03 1.158545937311598537e-03 8.252959741808558623e-04 5.532240362293513883e-04 3.613154713830042100e-04 2.378205655870947060e-04 1.630512001408388194e-04 1.196735729883420128e-04 9.481958823449612120e-05 7.936471931183919912e-05 6.708358384790884309e-05 5.457997816378314012e-05 4.144837874840654601e-05 2.926383888188861378e-05 1.955720786708029828e-05 1.272040950219427480e-05 8.297258524660023376e-06 5.593938217594634876e-06 4.004066269917596568e-06 3.081790556006148528e-06 2.516462153018287227e-06 2.097722455132349406e-06 1.703334347800286297e-06 1.301142016151783087e-06 9.259888299248648288e-07 6.225748782721560357e-07 4.059386417086748146e-07 2.643728758579252922e-07 1.771806425997743703e-07 1.255585216744975528e-07 9.550595197751391523e-08 7.726364709751906155e-08 6.420673179017841907e-08 5.233996052400999574e-08 4.032335408622832809e-08 2.895947401972331471e-08 1.960033260280541642e-08 1.281874262850751870e-08 8.341569705495693360e-09 5.564132436343570120e-09 3.910873779120962654e-09 2.946259437401480044e-09 2.365648744416020090e-09 1.961624985636698569e-09 1.605582482271396641e-09 1.247296861367271749e-09 9.038876276178976358e-10 6.159049865253343774e-10 4.041078650407523093e-10 2.628297544553842906e-10 1.745678416118978226e-10 1.217669693662294712e-10 9.089742117046665534e-11 7.244945458722695594e-11 5.993090440977918643e-11 4.922804436360769422e-11 3.854607275583875930e-11 2.818301778213477643e-11 1.933663675112506583e-11 1.273164868455278277e-11 8.279026675796352598e-12 5.477442603519435019e-12 3.793192450437635207e-12 2.806407210588230468e-12 2.220158414002545305e-12 1.831241447528453607e-12 1.508658138813827659e-12 1.190148163011705602e-12 8.778878101191072797e-13 6.066229267135181354e-13 4.009458608641373058e-13 2.607699915868285448e-13 1.719247618920479085e-13 1.182467365945848691e-13 8.672280613010652136e-14 6.808184852101408421e-14 5.596407863437334533e-14 4.621288289295711405e-14 3.671331211556378607e-14 2.731882310955672908e-14 1.901646429795551214e-14 1.262164122794234813e-14 8.213622764570390131e-15 5.398525006302661687e-15 3.689010536734932586e-15 2.682394596866661592e-15 2.089265174839495804e-15 1.710600224177268353e-15 1.414893909558299511e-15 1.131426412235750314e-15 8.492104156941859335e-16 5.955939780874421886e-16 3.970766536881587249e-16 2.586039467606914228e-16 1.694612390937407114e-16 1.150299981869218270e-16 8.287184198682070525e-17 6.395537069553748014e-17 5.205251520515946215e-17 4.301186831551508345e-17 3.449686418959302653e-17 2.597350996950814349e-17 1.817554036966171992e-17 1.194810378328584540e-17 7.519287979577828106e-18 4.607448244564643377e-18 2.780836520722639660e-18 1.664663793977854224e-18 9.921738352714697617e-19 5.900086499608173160e-19 3.504390786462430628e-19 2.080166180644725938e-19 1.234365754057141602e-19 7.323472669994634334e-20 4.344626698460936299e-20 2.577319018622070620e-20 1.528880787102440167e-20 9.069298744458509136e-21 5.379860218107559735e-21 3.191293960022698149e-21 1.893049025422287899e-21 1.122939891096688349e-21 6.661176593538066628e-22 3.951347941491300017e-22 2.343902497935649933e-22 1.390380855445619158e-22 8.247607794292444618e-23 4.892402878247248377e-23 2.902127049599759672e-23 1.721514269245029271e-23 1.021185950834508361e-23 6.057578279826033996e-24 3.593298023357685216e-24 2.131510330139200195e-24 1.264391725066962925e-24 7.500251871244774564e-25 4.449078320672742847e-25 2.639151090198610325e-25 1.565519412052593805e-25 9.286512767635225883e-26
1.553265960626465456e-07 6.321166722211375634e-05 2.187683710069892532e-04 4.430876288666028839e-04 7.170494194174860782e-04 1.020111725677065942e-03 1.323054330817179580e-03 1.580093331101668080e-03 1.727608431780693283e-03 1.704517497008546526e-03 1.498234623128875086e-03 1.174521928208992509e-03 8.379876554374826071e-04 5.621112544615733527e-04 3.671714251620867555e-04 2.416981359299103015e-04 1.658163316564022650e-04 1.219325301526847299e-04 9.697422576383005861e-05 8.165797476375493661e-05 6.958670930442973344e-05 5.715299796104934002e-05 4.379717533609525312e-05 3.113944213312607134e-05 2.089906547797401967e-05 1.361669638412248098e-05 8.880513197832874209e-06 5.979428273911267105e-06 4.274367326874760948e-06 3.291090890082301020e-06 2.697977843623791094e-06 2.268158674108134301e-06 1.864477285829697546e-06 1.443646376194471905e-06 1.039356717022683714e-06 7.041145521001783931e-07 4.606300834970647144e-07 2.998724296493284375e-07 2.003034279661454243e-07 1.412489505628569408e-07 1.070238681671666276e-07 8.662707612562788660e-08 7.251649306637425676e-08 5.994202800511689030e-08 4.698890327970582052e-08 3.429352420343467205e-08 2.347288601700517692e-08 1.543335862859082466e-08 1.004078056303377646e-08 6.664213168808698559e-09 4.645460468403513736e-09 3.470731495901154350e-09 2.777040910505684334e-09 2.314927763147972654e-09 1.922797985041415317e-09 1.524956605806127365e-09 1.128109299290862124e-09 7.805210962644366873e-10 5.161423771241991621e-10 3.358545219896380589e-10 2.217018413532272314e-10 1.529141350365731519e-10 1.127155841873006739e-10 8.913153079550795532e-11 7.391237375948126875e-11 6.160822027479367857e-11 4.938560450559668069e-11 3.702512925984928938e-11 2.590751451023681963e-11 1.724407262632745156e-11 1.123230362789348806e-11 7.381090830053551786e-12 5.041596890734191443e-12 3.667999458863403243e-12 2.865414148294580948e-12 2.361006991406195382e-12 1.972061264905822805e-12 1.596093360418240490e-12 1.212420234812496383e-12 8.584060572363863444e-13 5.755635889186816703e-13 3.756304973592481307e-13 2.459522939950410367e-13 1.665107080599635647e-13 1.196248304045485724e-13 9.228507463232180275e-14 7.546798946800191309e-14 6.307369914438435275e-14 5.148282977021383698e-14 3.961008179455069302e-14 2.838881907670740566e-14 1.919087371090619638e-14 1.256035403916832912e-14 8.202388279391688713e-15 5.508824391518489642e-15 3.910006329560751674e-15 2.977977598355415881e-15 2.414328213364858043e-15 2.016031709428730827e-15 1.657463566887814026e-15 1.290980329561786057e-15 9.369134133554877522e-16 6.390180062046698261e-16 4.197607084213737719e-16 2.735807098386241748e-16 1.823573676059694601e-16 1.278556188781966970e-16 9.602617029587892624e-17 7.700177256326540731e-17 6.403801813964496916e-17 5.282950430910343175e-17 4.146242807914701011e-17 3.025423026114941477e-17 2.054896750858315822e-17 1.320989260896208035e-17 8.193365651723505844e-18 4.976245383828535037e-18 2.987419950942885645e-18 1.782337195740969867e-18 1.059891681773279814e-18 6.292026759477599239e-19 3.731928589131704839e-19 2.212459694038283438e-19 1.311333425692816513e-19 7.771353966977069060e-20 4.605237696646161770e-20 2.728932079051803822e-20 1.617058558159599904e-20 9.581969247850289403e-21 5.677821188161674270e-21 3.364399485839209579e-21 1.993576167683071121e-21 1.181293485360009283e-21 6.999751583112246764e-22 4.147700255529699296e-22 2.457718032764925501e-22 1.456319704582134853e-22 8.629415559163071337e-23 5.113356055688006856e-23 3.029916657893395536e-23 1.795375642997372993e-23 1.063848962353414227e-23 6.303831834981508551e-24 3.735332475365743459e-24 2.213369433429524834e-24 1.311530976239674371e-24 7.771470390339019029e-25 4.604980981695985873e-25 2.728679230067645770e-25 1.616877544137971592e-25
1.550453638304251090e-07 6.322119999894494635e-05 2.188378073357578901e-04 4.433237723129701655e-04 7.176547592993859229e-04 1.021475561272909430e-03 1.325911989012182844e-03 1.585652785614673037e-03 1.737292125790389262e-03 1.718820819175634687e-03 1.515353650598934418e-03 1.190954136561871114e-03 8.510640574983489729e-04 5.712682145755571851e-04 3.731977141145013358e-04 2.456808956960185677e-04 1.686512381662841884e-04 1.242461537150112085e-04 9.918244997550767410e-05 8.401621383906343035e-05 7.217971327256560556e-05 5.984875213592259508e-05 4.629022098204033011e-05 3.315276203599457853e-05 2.235020551921652123e-05 1.458935622726234575e-05 9.513552970730454247e-06 6.396677135510327880e-06 4.565412321927373663e-06 3.515037127389956938e-06 2.891439507111076745e-06 2.450335469740290581e-06 2.038743387229300297e-06 1.600539585682903043e-06 1.166468476838500539e-06 7.968035098146348485e-07 5.232832365865523136e-07 3.406331271098616699e-07 2.267868141525607897e-07 1.590946430477781489e-07 1.199883742268352998e-07 9.706249855296745269e-08 8.175143232299542824e-08 6.846944077730536428e-08 5.461926020772920987e-08 4.054811119410504366e-08 2.810522095040254843e-08 1.859996265194434755e-08 1.210885200467339865e-08 8.000750194562529656e-09 5.530740781996723455e-09 4.094188721453092040e-09 3.258561758039362278e-09 2.724687616749696946e-09 2.292639215793068483e-09 1.855516729530492213e-09 1.402865835245559206e-09 9.875973366286104723e-10 6.595752487756818553e-10 4.301084797771166264e-10 2.825123099943307022e-10 1.927558732725580580e-10 1.401734639573128035e-10 1.096993468859965052e-10 9.088095344002136482e-11 7.663157120448702859e-11 6.280213344955940462e-11 4.833232831952376884e-11 3.458752570515793973e-11 2.334563314676476410e-11 1.527391711981327824e-11 9.990232260098220130e-12 6.738341696493726700e-12 4.817993542523902225e-12 3.705472754051996671e-12 3.035443056530395028e-12 2.558169610527095047e-12 2.118332252333460360e-12 1.658176590186642399e-12 1.207057127118146879e-12 8.246187992474450617e-13 5.421943580178776535e-13 3.537449449506946559e-13 2.362571646914684415e-13 1.662667723993523721e-13 1.256293742198228590e-13 1.015757623909981635e-13 8.533548589734608348e-14 7.123132537323918534e-14 5.665037278243573373e-14 4.196666704865395299e-14 2.905854353773459185e-14 1.923372944000878905e-14 1.253889175902570017e-14 8.306150631703423808e-15 5.760412081624519089e-15 4.276090399370055477e-15 3.407127788973328505e-15 2.846089739577095725e-15 2.388771593746325753e-15 1.927407255993993136e-15 1.453191868399434860e-15 1.021076312859737032e-15 6.814149507764447858e-16 4.445583186308229145e-16 2.924776118710688672e-16 2.000328904123388924e-16 1.457938324800545135e-16 1.141981042350736108e-16 9.447762145927564563e-17 7.936432672019523683e-17 6.465187167086024741e-17 4.933217615320788371e-17 3.485972420098945744e-17 2.304943487796234269e-17 1.454354998356129422e-17 8.915822853977065039e-18 5.376998941141427397e-18 3.214078468775649506e-18 1.912166707530476951e-18 1.134809308879343668e-18 6.726076075317351141e-19 3.983920699459347368e-19 2.358897503429481582e-19 1.396462579981182863e-19 8.266257467616809338e-20 4.892912354756064424e-20 2.896109322645386071e-20 1.714181240818703894e-20 1.014601583332772278e-20 6.005273239017458185e-21 3.554423676969929028e-21 2.103803565378913185e-21 1.245205288693093132e-21 7.370154787995131355e-22 4.362266558256373645e-22 2.581949586440399310e-22 1.528210923447107395e-22 9.045213704395590071e-23 5.353704047751416012e-23 3.168763923452295560e-23 1.875536018149344951e-23 1.110097007764820724e-23 6.570470274495655767e-24 3.888946579138305283e-24 2.301799545531057987e-24 1.362394941486165738e-24 8.063777665014312665e-25 4.772809135462939845e-25 2.824942352009685630e-25
1.547493050233325543e-07 6.323075213921030516e-05 2.189078207571723599e-04 4.435614685038084793e-04 7.182648133869097258e-04 1.022851896033104020e-03 1.328801072760060677e-03 1.591287071324963337e-03 1.747134274015273809e-03 1.733411918113094688e-03 1.532886937807795193e-03 1.207840714697192008e-03 8.645259604853038071e-04 5.806956605795919992e-04 3.793940221712514002e-04 2.497678913978808248e-04 1.715547074971504962e-04 1.266132529307263058e-04 1.014430902313249728e-04 8.643840487145015589e-05 7.486230453952009631e-05 6.266942953662670490e-05 4.893369157979896939e-05 3.531276219587544865e-05 2.391942528830302381e-05 1.564517339141594429e-05 1.020093366308251526e-05 6.848533051821850113e-06 4.878931562463961373e-06 3.754680830438701176e-06 3.097508517601259847e-06 2.644748347923074908e-06 2.226741049136202408e-06 1.772838360035520133e-06 1.308739197914648891e-06 9.020971928708934314e-07 5.950798028445437576e-07 3.874822827012607929e-07 2.571647098528906467e-07 1.794276551343968677e-07 1.346046102350242943e-07 1.086993410756994195e-07 9.200008320861729299e-08 7.800032350195645341e-08 6.331279411503997799e-08 4.785229412459123264e-08 3.363377568702640489e-08 2.243352477355305883e-08 1.462858070770149505e-08 9.628183290531939289e-09 6.600942416108196470e-09 4.837868553803911970e-09 3.823557498256546881e-09 3.199745001726056171e-09 2.721985250373078062e-09 2.246240770281915775e-09 1.737119003854076203e-09 1.246807733472754412e-09 8.428485735256599535e-10 5.518377917341154027e-10 3.611767398533652717e-10 2.439430838168934737e-10 1.749208704035797924e-10 1.351861035116351000e-10 1.115086311152639891e-10 9.478720578435834981e-11 7.925252507680655170e-11 6.263346553286699566e-11 4.595592626045951256e-11 3.155970716078404997e-11 2.080219258454543658e-11 1.357607266073260811e-11 9.057184520230730005e-12 6.364893374685407505e-12 4.808117377948887184e-12 3.898094851788632244e-12 3.297379260775163845e-12 2.782794315737715139e-12 2.243235733144364975e-12 1.683531520182837032e-12 1.177051344828721558e-12 7.831600472009724660e-13 5.110623609678788392e-13 3.376917223200373386e-13 2.330482362629476518e-13 1.721070935993950928e-13 1.368291000978317467e-13 1.147222127432956132e-13 9.733102602632733514e-14 7.982756698374685435e-14 6.127471789463902735e-14 4.369677784941062983e-14 2.942592900556025283e-14 1.925389788814272829e-14 1.263547489928209329e-14 8.583142606852103016e-15 6.201588535168363554e-15 4.826841117592121158e-15 3.996625025567979586e-15 3.394425612337260184e-15 2.823783257016179093e-15 2.215114592166752591e-15 1.613481142945218236e-15 1.102380064539367123e-15 7.251350748817232097e-16 4.738018182053412388e-16 3.174282725999555085e-16 2.245062115066934802e-16 1.707155966542638457e-16 1.389525884968031088e-16 1.174426605168811703e-16 9.850075839315323234e-17 7.852943867887990593e-17 5.805100410311980955e-17 3.978217620911789883e-17 2.569939703583474973e-17 1.596991939873598920e-17 9.699197511821255193e-18 5.816415785642607443e-18 3.464350289278104628e-18 2.056051997503892060e-18 1.217967662210728369e-18 7.208024609799395890e-19 4.263617873485438602e-19 2.521314151774300196e-19 1.490791272217467875e-19 8.814063609509404568e-20 5.210982841146290524e-20 3.080738555993211840e-20 1.821317837339993370e-20 1.076748792636534548e-20 6.365637072201785384e-21 3.763299153376804827e-21 2.224822105077912398e-21 1.315290463332707184e-21 7.775851600034866030e-22 4.596996889051852744e-22 2.717693225755069355e-22 1.606669839222600994e-22 9.498452245821760812e-23 5.615378600502013260e-23 3.319748931243187372e-23 1.962598379481870547e-23 1.160266175035543133e-23 6.859363638277741935e-24 4.055178933825385896e-24 2.397376352904052719e-24 1.417302040355349803e-24 8.378930871897602321e-25 4.953530056053916313e-25
1.544376674103967333e-07 6.324029563247718214e-05 2.189782519113583805e-04 4.438003341844450902e-04 7.188782345208760780e-04 1.024238467057618073e-03 1.331716917897484732e-03 1.596988446330953890e-03 1.757124040431390973e-03 1.748278626426731045e-03 1.550826625202963343e-03 1.225179217832553279e-03 8.783742127168955470e-04 5.903942148091958749e-04 3.857600055582950009e-04 2.539580500028419652e-04 1.745254663829056297e-04 1.290325397637580838e-04 1.037549120527586714e-04 8.892338139644681626e-05 7.763396930439417560e-05 6.561692423650275008e-05 5.173371159945157203e-05 3.762881974137927506e-05 2.561620577365325736e-05 1.679157517962230340e-05 1.094767826829721514e-05 7.338141517538076654e-06 5.216831900449137380e-06 4.011173701206371977e-06 3.316896921751030349e-06 2.851902801812777304e-06 2.429054299499351426e-06 1.961549323514077919e-06 1.467661294963263374e-06 1.021608867392384804e-06 6.773709373025822917e-07 4.413816841556045249e-07 2.920624460765005366e-07 2.026374000639377378e-07 1.511123699278975402e-07 1.216873841201463955e-07 1.033619110808632220e-07 8.861670935685549211e-08 7.316947706239121087e-08 5.634363541980298616e-08 4.021350767915671835e-08 2.707081651987368332e-08 1.770120104594872368e-08 1.161399919188947462e-08 7.898707286831926003e-09 5.728193877405802948e-09 4.488503261089345586e-09 3.750772226638477445e-09 3.218666660276513680e-09 2.704852817930358508e-09 2.140564446416738032e-09 1.569364793456411292e-09 1.076367081653380495e-09 7.090516174482784287e-10 4.631680876567540601e-10 3.099812886198749006e-10 2.191417568987940434e-10 1.669509197251728770e-10 1.366632255622450702e-10 1.166759374847422419e-10 9.925260395709187705e-11 8.051334667129367725e-11 6.069555806990610872e-11 4.255126416159074449e-11 2.835087424531717219e-11 1.851335804239872461e-11 1.224179705613167472e-11 8.461476607279690289e-12 6.268359010048100547e-12 5.009041238180476554e-12 4.229880626609457701e-12 3.620873641244581382e-12 2.999662510482167213e-12 2.324876510592717086e-12 1.670562718838742037e-12 1.130173769503545962e-12 7.408119472106686848e-13 4.859715574581688632e-13 3.295490084288969556e-13 2.376807252924256813e-13 1.849730200716551062e-13 1.536832207359220360e-13 1.315741658412153592e-13 1.107992643888332623e-13 8.816729158711179233e-14 6.506169490666949419e-14 4.485760824805198445e-14 2.963647356639398062e-14 1.936735672288809217e-14 1.293399599184377133e-14 9.101273419767827045e-15 6.890325859117255222e-15 5.607243878791421773e-15 4.771999090207082696e-15 4.062758636594506426e-15 3.310436307714834910e-15 2.510993004594503067e-15 1.770034974847471162e-15 1.183327672938429433e-15 7.733747428652772265e-16 5.104532896112255232e-16 3.512191501629470306e-16 2.584374295948900806e-16 2.050221379318893512e-16 1.721734379759459078e-16 1.470267157712672557e-16 1.218339724467154280e-16 9.445636396221191536e-17 6.758410706081916249e-17 4.504382392237907104e-17 2.853423408279977648e-17 1.751367931358258415e-17 1.055735089745248866e-17 6.301887133279463323e-18 3.742196239695956548e-18 2.216154075305671125e-18 1.310564402877525141e-18 7.744579193055935647e-19 4.574798683877069124e-19 2.701845275122321116e-19 1.595528361621714763e-19 9.421618526633400668e-20 5.563326114309833677e-20 3.285014467248476513e-20 1.939710015961959648e-20 1.145340553040171728e-20 6.762878493730189849e-21 3.993264433623052275e-21 2.357894200718386476e-21 1.392260276755525909e-21 8.220845457948482278e-22 4.854142272904674213e-22 2.866213254858847106e-22 1.692405739127905027e-22 9.993105529631913833e-23 5.900603809612277687e-23 3.484114633091198805e-23 2.057256366910714916e-23 1.214742969474197426e-23 7.172662118926118755e-24 4.235223677121007100e-24 2.500761822516564816e-24 1.476618513986155882e-24 8.718952025453742492e-25
1.541096460187816664e-07 6.324980310512151214e-05 2.190489127209674434e-04 4.440399736503432065e-04 7.194937142993805806e-04 1.025632630753810790e-03 1.334655054488748062e-03 1.602748461929764598e-03 1.767250215460538024e-03 1.763408263977260353e-03 1.569163908202828419e-03 1.242967153998218244e-03 8.926093824139681590e-04 6.003645328031949422e-04 3.922951959152783281e-04 2.582502279969043041e-04 1.775621307047846472e-04 1.315026543947042258e-04 1.061165956745701200e-04 9.146984966097776633e-05 8.049395746208864760e-05 6.869280022353858200e-05 5.469629688762328362e-05 4.011070708196579385e-05 2.745075031270346764e-05 1.803669219105135538e-05 1.175932840366080769e-05 7.868980024186970584e-06 5.581217568966795164e-06 4.285779572397215805e-06 3.550374572693004674e-06 3.072318220459259385e-06 2.646239787058175684e-06 2.167654246063814888e-06 1.644791650028901932e-06 1.157116050377043263e-06 7.716976102041240023e-07 5.034492087560373730e-07 3.322131162441226334e-07 2.291814166682201557e-07 1.697926359373700863e-07 1.362007249953500255e-07 1.159497000812238021e-07 1.004056616313353657e-07 8.428990676450185416e-08 6.616617857988110705e-08 4.801808473181660140e-08 3.267337798141592396e-08 2.145014765483816791e-08 1.404185940674515741e-08 9.477249583785338867e-09 6.798137295608054579e-09 5.273833490666872815e-09 4.390779838797359337e-09 3.791762733337117189e-09 3.239602200187792476e-09 2.623478501380802319e-09 1.967979751415966102e-09 1.372771929136230212e-09 9.119478591156782879e-10 5.956415598872638062e-10 3.955107735423925251e-10 2.757361715151287061e-10 2.067911905611101550e-10 1.674768149773567607e-10 1.430520373916223726e-10 1.233969388854660445e-10 1.026089574714324556e-10 7.958700071189176543e-11 5.714518052920903762e-11 3.862554554775400652e-11 2.531698538435979269e-11 1.663369206238727721e-11 1.132345474123700702e-11 8.220129266867075821e-12 6.452045813340945177e-12 5.410037640666053270e-12 4.671910435921243287e-12 3.964071094555198647e-12 3.173867282470130916e-12 2.352555358343244931e-12 1.626367892673612105e-12 1.075921844994867420e-12 7.035323425546887467e-13 4.701339820113363625e-13 3.313055963770356674e-13 2.515852235769835939e-13 2.057784943895117356e-13 1.764041351298602169e-13 1.515896805277595529e-13 1.248251503665182430e-13 9.563189181209548323e-14 6.792775086700671153e-14 4.561412080052530919e-14 2.985814724338866003e-14 1.969653671673756729e-14 1.352970957628137476e-14 9.942464890734400464e-15 7.895614662643011088e-15 6.665890424860289435e-15 5.753890289020093599e-15 4.845917013101202540e-15 3.834348980245053982e-15 2.807990513808603495e-15 1.924205569516172843e-15 1.268012482757400202e-15 8.302411577703257171e-16 5.583399625496027095e-16 3.975357541687358214e-16 3.053190182505979256e-16 2.517426136936283913e-16 2.160571180400298499e-16 1.843672258786820948e-16 1.496472319598529175e-16 1.124083326959923596e-16 7.794012257889383663e-17 5.069724402175095228e-17 3.160022943054692583e-17 1.920306967887046719e-17 1.150571659664647334e-17 6.841706430521853336e-18 4.052126333118248472e-18 2.394963085866925903e-18 1.413990001062877419e-18 8.343557997292436330e-19 4.921875802320202170e-19 2.902986131940050049e-19 1.712085904434324315e-19 1.009691377497887810e-19 5.954463765847444159e-20 3.511494091684373041e-20 2.070802919426960398e-20 1.221193022062994402e-20 7.201603247648127739e-21 4.246916477957540193e-21 2.504482873971737361e-21 1.476938178879635529e-21 8.709766618997891277e-22 5.136303676675457182e-22 3.028969176673167544e-22 1.786236698273188566e-22 1.053375365775240640e-22 6.211940764616827712e-23 3.663291284692401466e-23 2.160307628145674502e-23 1.273971596137266942e-23 7.512835700054060792e-24 4.430452014510416415e-24 2.612715868489393269e-24 1.540764731618036212e-24
1.537643835765590608e-07 6.325925096003865106e-05 2.191195888048141102e-04 4.442799373029825767e-04 7.201100679254569684e-04 1.027031413032242387e-03 1.337610741199644557e-03 1.608558849659269758e-03 1.777500272751510613e-03 1.778787915695349397e-03 1.587889266009810847e-03 1.261201481790986002e-03 9.072320857009296465e-04 6.106071120012980915e-04 3.989990785446006528e-04 2.626431573280434010e-04 1.806632202373002272e-04 1.340221578791240523e-04 1.085267242408625646e-04 9.407639758011826731e-05 8.344126675691705491e-05 7.189825797150229563e-05 5.782729070079115080e-05 4.276856517956537410e-05 2.943402202639203546e-05 1.938942358182637647e-05 1.264200179747361667e-05 8.444897230363157474e-06 5.974413883067352239e-06 4.579888003137256368e-06 3.798777209568298724e-06 3.306532760152773677e-06 2.878825037620544331e-06 2.392094886303365502e-06 1.841734264264123373e-06 1.310563647869591498e-06 8.798119405242290463e-07 5.749833195281769765e-07 3.784769301345700491e-07 2.595981806022923963e-07 1.909755356697477433e-07 1.524424719471497244e-07 1.298924526989916864e-07 1.134608392206328634e-07 9.677469749284460236e-08 7.746786259281894909e-08 5.723917565756362815e-08 3.943034485660400945e-08 2.602537549838506753e-08 1.701542595990514021e-08 1.140307618606581079e-08 8.088959804680632196e-09 6.205003523854795598e-09 5.135760925360208972e-09 4.451995337066929481e-09 3.859411725333616153e-09 3.196559186508921740e-09 2.456707434892968761e-09 1.747155410136586356e-09 1.173392857433874953e-09 7.679205408577647863e-10 5.066757945443777883e-10 3.485653298041297284e-10 2.570951605128495698e-10 2.054386224672025795e-10 1.748802036456736524e-10 1.523906738925309545e-10 1.296115334753798499e-10 1.034947102690776408e-10 7.633555962291093891e-11 5.254264659391564366e-11 3.468859712387029968e-11 2.271050243980841028e-11 1.525595137699487269e-11 1.085312641563253436e-11 8.344890696819252648e-12 6.912706417427820139e-12 5.987014191286407891e-12 5.179136314054612830e-12 4.278455365955348368e-12 3.280224071947363723e-12 2.328824776585799843e-12 1.562976934966202117e-12 1.023376071598396217e-12 6.763419163109146016e-13 4.664892965638191999e-13 3.450438799465545804e-13 2.762701519712259045e-13 2.352785675890046684e-13 2.047840235919451692e-13 1.737801335631685956e-13 1.383934415495821606e-13 1.018364920498437017e-13 6.999234558011584017e-14 4.619423512915292381e-14 3.027063041399683488e-14 2.037624864724248225e-14 1.453622589210857145e-14 1.120657818818361256e-14 9.297452805092573546e-15 8.051469508563709853e-15 6.953794710544383125e-15 5.729808323053504866e-15 4.380893487777307328e-15 3.103441704480987787e-15 2.080366620762340326e-15 1.362021602707981896e-15 9.009992117775988424e-16 6.224972973331904820e-16 4.612736088298877864e-16 3.696942765556559584e-16 3.146204194508448799e-16 2.730754935531563418e-16 2.305425822269781728e-16 1.821356334231841563e-16 1.323918685535066814e-16 8.918509620314668736e-17 5.682319591498544956e-17 3.495343550934668400e-17 2.107015485540532379e-17 1.256171289129076080e-17 7.445336979602525661e-18 4.399347773513733729e-18 2.595377782422066257e-18 1.529870629992279983e-18 9.014124472670970537e-19 5.310024711531421664e-19 3.127662749829265838e-19 1.842118608609936074e-19 1.084930535536059035e-19 6.389683643297880350e-20 3.763164344286715519e-20 2.216282634365099857e-20 1.305257291767724643e-20 7.687172114321718442e-21 4.527274388430538940e-21 2.666286971775399249e-21 1.570279250176082954e-21 9.247979436180821747e-22 5.446491108908341512e-22 3.207648210528064171e-22 1.889107446878493523e-22 1.112568052369634480e-22 6.552341259916545038e-23 3.858925826286958928e-23 2.272669863747820561e-23 1.338462706844452561e-23 7.882721752540195813e-24 4.642438067289969324e-24 2.734110359792300716e-24
1.534009625551559876e-07 6.326861935450273425e-05 2.191900514311196648e-04 4.445196550245354705e-04 7.207261862978919190e-04 1.028431895481010314e-03 1.340578445650154188e-03 1.614411292625848524e-03 1.787861500412913111e-03 1.794403125238308193e-03 1.606992890912046839e-03 1.279878772010226281e-03 9.222426414057771074e-04 6.211224697107502147e-04 4.058710028557505523e-04 2.671354585921486267e-04 1.838271599013153470e-04 1.365895021755547775e-04 1.109838033326712763e-04 9.674148175736631391e-05 8.647463961652375279e-05 7.523409801460046928e-05 6.113229387399909324e-05 4.561286648424151105e-05 3.157777893767005432e-05 2.085950750822969718e-05 1.360245648442832244e-05 9.070157322128155215e-06 6.398994170191544517e-06 4.895029748710520517e-06 4.063015468936772376e-06 3.555109287839930553e-06 3.127308275168990014e-06 2.635757601538444093e-06 2.060118575383420600e-06 1.484062402232015765e-06 1.003698933106790594e-06 6.574909101157780869e-07 4.318639436684364872e-07 2.945225627599990900e-07 2.150498103264497361e-07 1.706504749019787917e-07 1.453388802898461415e-07 1.278845499088021518e-07 1.107243339494787860e-07 9.039756883331209330e-08 6.808457409908606676e-08 4.756084782839395322e-08 3.160818804852373284e-08 2.066300811614462539e-08 1.375940207313754299e-08 9.652433968385198725e-09 7.313851449475091010e-09 6.005513764063467348e-09 5.212237790778187184e-09 4.574132955145699835e-09 3.870805790993145156e-09 3.050667216279914216e-09 2.217160687958874552e-09 1.509430060237911502e-09 9.920946016791539496e-10 6.516075309550452045e-10 4.427813817978101535e-10 3.210495394941980402e-10 2.525214919627709587e-10 2.134130097596040551e-10 1.870963111652894032e-10 1.622801383563642419e-10 1.333482856368970400e-10 1.012805466403017745e-10 7.126593857027114611e-11 4.757334722764392072e-11 3.113755408723248207e-11 2.069085952848989709e-11 1.443708852991371233e-11 1.085436731360821885e-11 8.842371355738466128e-12 7.634701008254134777e-12 6.696556927188638854e-12 5.691637517830552955e-12 4.519570169092360880e-12 3.310335763200833809e-12 2.266452192375648051e-12 1.493562524058771247e-12 9.803934661360440440e-13 6.636614129515824825e-13 4.780194137318917337e-13 3.730350809886831046e-13 3.132294183922258431e-13 2.738645421596234510e-13 2.380292949256430096e-13 1.967870042650904814e-13 1.506302331539052102e-13 1.067072452982764914e-13 7.152290359430364370e-14 4.685754485183582494e-14 3.106748281958891116e-14 2.156339090676860659e-14 1.609292386158697485e-14 1.301438175204417009e-14 1.118491813605563933e-14 9.807501765847636361e-15 8.370382963044599597e-15 6.693955374846681389e-15 4.939200866889202863e-15 3.399829739680887930e-15 2.245630365783145707e-15 1.472597104576991321e-15 9.925032844300433175e-16 7.096280859383397970e-16 5.489215876698209109e-16 4.573988398729868952e-16 3.981773443303400484e-16 3.459070162347350277e-16 2.865272944680050615e-16 2.194619890872516521e-16 1.544912271664261950e-16 1.014479351314329943e-16 6.352843033098205501e-17 3.865964924928113952e-17 2.315153596145480150e-17 1.374529520238882081e-17 8.123733891984778091e-18 4.789940486646149978e-18 2.820800483707021122e-18 1.660119963820500222e-18 9.767071929595649880e-19 5.745340848158728867e-19 3.379319005069426027e-19 1.987572128006254253e-19 1.168978175641186909e-19 6.875188590830611979e-20 4.043524506840550430e-20 2.378121912790147610e-20 1.398644706780270881e-20 8.225840990344957968e-21 4.837856833885114179e-21 2.845283915638378495e-21 1.673393779856568858e-21 9.841712250053709814e-22 5.788195092802362921e-22 3.404204570427853536e-22 2.002110927666165101e-22 1.177499196559684962e-22 6.925212459929718127e-23 4.072917220564601555e-23 2.395400107861665407e-23 1.408803902411192529e-23 8.285582139403386585e-24 4.872989864939232412e-24
1.530184046075979987e-07 6.327789294196305776e-05 2.192600753654509521e-04 4.447584278983289789e-04 7.213408054341432108e-04 1.029831466892515033e-03 1.343552402222876344e-03 1.620296310234546188e-03 1.798321140720647452e-03 1.810239092779145856e-03 1.626463560463169448e-03 1.298995279675132066e-03 9.376413425325720932e-04 6.319109369845473095e-04 4.129102278801333311e-04 2.717256396741598917e-04 1.870522368918320485e-04 1.392030524756251249e-04 1.134862498562633687e-04 9.946342289683253565e-05 8.959256186924098564e-05 7.870068454722465277e-05 6.461658968597006319e-05 4.865436635478811176e-05 3.389460552622369018e-05 2.245759673982485684e-05 1.464816243663172257e-05 9.749490176857411155e-06 6.857810410856325826e-06 5.232894376208263637e-06 4.344085035983803012e-06 3.818641985200184697e-06 3.392160545282863503e-06 2.899458760372953529e-06 2.301572846501099275e-06 1.679881911523868201e-06 1.145597364267399045e-06 7.527185535326605583e-07 4.935608845224657088e-07 3.347042322182905533e-07 2.424743698542633195e-07 1.911042005233875073e-07 1.624615546438115181e-07 1.437904008644187362e-07 1.262396896892304256e-07 1.051020157636866640e-07 8.077499863791476626e-08 5.731555250615902783e-08 3.841647157056280207e-08 2.514314333778694370e-08 1.665043463618899937e-08 1.155367193509522039e-08 8.640345097224831314e-09 7.024700769210003913e-09 6.088168386190489732e-09 5.394927044865319766e-09 4.657489308126560237e-09 3.765659206933605071e-09 2.802902252439439795e-09 1.939769210059485669e-09 1.283734318332302021e-09 8.410494173920291967e-10 5.652696813137501428e-10 4.029225182540305355e-10 3.113549297261394262e-10 2.602961021028995693e-10 2.285993076474162338e-10 2.014720536488449114e-10 1.701260118232706487e-10 1.332787231413582361e-10 9.623199211097064745e-11 6.522467629282207258e-11 4.283564413945338761e-11 2.823907101140787817e-11 1.935671316129400665e-11 1.421808831901413122e-11 1.134642512953306301e-11 9.709065522472364441e-12 8.581964108917962483e-12 7.472621402056142115e-12 6.143576993596633567e-12 4.659627172407355439e-12 3.272997138959309221e-12 2.183041293409834994e-12 1.430237506363926506e-12 9.537492680728589971e-13 6.697749598224025436e-13 5.079807743603260109e-13 4.177267933927729802e-13 3.637461643218736761e-13 3.213087655432543358e-13 2.746855324984582955e-13 2.191294754796855624e-13 1.610212135894849139e-13 1.104591505986806950e-13 7.287392573684172874e-14 4.788467086788642093e-14 3.246711769200537842e-14 2.344868720295393711e-14 1.837219354477617513e-14 1.550889684822515112e-14 1.365182895119555755e-14 1.196580537349270170e-14 9.988318224400786865e-15 7.716749409677238271e-15 5.505272719882185913e-15 3.704722688836682094e-15 2.429778418473807077e-15 1.609097516423886351e-15 1.113823394790886979e-15 8.286960577900172727e-16 6.690257030886945813e-16 5.758186867844763342e-16 5.077444461318027333e-16 4.373501262774917769e-16 3.531993088845758509e-16 2.618421389415669234e-16 1.789034704573854473e-16 1.149211184842442463e-16 7.094496458451764139e-17 4.279548223577908259e-17 2.548945029548752078e-17 1.507965114777172587e-17 8.889732197228912294e-18 5.231068475198730645e-18 3.075252464710585701e-18 1.807002485429005713e-18 1.061517286516651477e-18 6.235032955487643867e-19 3.662023760313285234e-19 2.150742484043732953e-19 1.263129343281651459e-19 7.418279062772997204e-20 4.356687384526245792e-20 2.558636157219371736e-20 1.502657824485563308e-20 8.824931936027222212e-21 5.182776455230441106e-21 3.043781752511109570e-21 1.787575933118379572e-21 1.049821509699768762e-21 6.165473323834240622e-22 3.620907023529940571e-22 2.126514362969470390e-22 1.248875844988834121e-22 7.334494890925535486e-23 4.307459021183363665e-23 2.529717926701222771e-23 1.485672354703944560e-23 8.725171774650242124e-24
1.526156622060131429e-07 6.328706284253623430e-05 2.193294588392879487e-04 4.449954879127791937e-04 7.219523334671596902e-04 1.031227392858603733e-03 1.346527318115855630e-03 1.626203967723673441e-03 1.808864785068228396e-03 1.826280380890299123e-03 1.646289856603522488e-03 1.318546500649831789e-03 9.534281549032305215e-04 6.429728329249865875e-04 4.201158879509328732e-04 2.764120435805617081e-04 1.903366272766082213e-04 1.418610769166358100e-04 1.160323769695236065e-04 1.022404123579094662e-04 9.279325842372889918e-05 8.229791202686597730e-05 6.828506261820543519e-05 5.190404140003328671e-05 3.639793884691748977e-05 2.419533945896284948e-05 1.578738151939768474e-05 1.048814836510911522e-05 7.354027993345257009e-06 5.595350364191089551e-06 4.643078520568340970e-06 4.097763717891362798e-06 3.673828862221966007e-06 3.183932690051025179e-06 2.567693143428675968e-06 1.900435830920826673e-06 1.308019257041554047e-06 8.626871410763339305e-07 5.649624727196346575e-07 3.810299003113166093e-07 2.737922097164054696e-07 2.141330391787648328e-07 1.814619247671280176e-07 1.613065192441972481e-07 1.434233038250180189e-07 1.217229028452611390e-07 9.553944613487138459e-08 6.897689540420171281e-08 4.671007312739534294e-08 3.065119144251162982e-08 2.020670998520524651e-08 1.387474536682014457e-08 1.023483690517398292e-08 8.224199491715387918e-09 7.099101597383029375e-09 6.334787598577479572e-09 5.568265488232035665e-09 4.617724548968361285e-09 3.526646490698684613e-09 2.488178000665658468e-09 1.662711437260222450e-09 1.089154619072112021e-09 7.252397684760612509e-10 5.084495240322134593e-10 3.854625430845157901e-10 3.177120557002421845e-10 2.782976224460708408e-10 2.481945909987119428e-10 2.148509852311888967e-10 1.737278999217673063e-10 1.291534357150165114e-10 8.927080841686973512e-11 5.906695659594774904e-11 3.876249889046057376e-11 2.616170295467114625e-11 1.877627686927260695e-11 1.463458146885093448e-11 1.234162400145358571e-11 1.092234698028264325e-11 9.690213699604021088e-12 8.230497846649941227e-12 6.479355857671219280e-12 4.694682591864288341e-12 3.188647047862579497e-12 2.096585119099481653e-12 1.383509631056281225e-12 9.497053503983277950e-13 6.992500697192178973e-13 5.600213278620412119e-13 4.816047638334936149e-13 4.285955328223922476e-13 3.765185474626687237e-13 3.127609191617410118e-13 2.395588158742110443e-13 1.695079414126202346e-13 1.135155144216642205e-13 7.444824639430736615e-14 4.958429083945305353e-14 3.472913875003450119e-14 2.626957519014404961e-14 2.158589519589926125e-14 1.885437176355934200e-14 1.678969331626758536e-14 1.454024158675557868e-14 1.178136937896437640e-14 8.781803810564946029e-15 6.083514134354730089e-15 4.030482650271958501e-15 2.645604304642500712e-15 1.783777882655555830e-15 1.277092560944684939e-15 9.916810108711089131e-16 8.327415782559209438e-16 7.341569811228087350e-16 6.494521789838437483e-16 5.502540433906469172e-16 4.314184681979023311e-16 3.096388851329204416e-16 2.059603795642135673e-16 1.298608861408807829e-16 7.923149720762643927e-17 4.745044751462334777e-17 2.813324983242026350e-17 1.659205819726689226e-17 9.758519696770302430e-18 5.731238410708275292e-18 3.363515778290810666e-18 1.973211674631186097e-18 1.157361117110817607e-18 6.787662369904065033e-19 3.980603456829594717e-19 2.334349524488418682e-19 1.368915964400112391e-19 8.027578315149682323e-20 4.707503858795117161e-20 2.760552254913354813e-20 1.618828421110923921e-20 9.493042823966412177e-21 5.566855398640339226e-21 3.264482756090670260e-21 1.914338725775466870e-21 1.122595182201034648e-21 6.583056073108425651e-22 3.860396649452427756e-22 2.263790865903623341e-22 1.327518784965774483e-22 7.784756747089313711e-23 4.565090773018516387e-23 2.677033391551713796e-23 1.569850006101251945e-23
1.521916164879210478e-07 6.329612487556701152e-05 2.193980384535647028e-04 4.452300873500002979e-04 7.225589125638630069e-04 1.032616308899530610e-03 1.349497625039584609e-03 1.632124879096695600e-03 1.819477802877529334e-03 1.842509823969038603e-03 1.666459018761290390e-03 1.338527728980256747e-03 9.696029743879598217e-04 6.543082764159362935e-04 4.274869533745197714e-04 2.811928877116715193e-04 1.936783774868160277e-04 1.445617216635759848e-04 1.186203982385279556e-04 1.050705144341226421e-04 9.607468936250914934e-05 8.602517510650357403e-05 7.214211149369515071e-05 5.537301327244386029e-05 3.910208737653965774e-05 2.608546492856000503e-05 1.702925667888100270e-05 1.129197170863077942e-05 7.891165489003696876e-06 5.984467585188960861e-06 4.961198815004230584e-06 4.393155563982788173e-06 3.972741154677861080e-06 3.489820655467412360e-06 2.860009714829502350e-06 2.148258821530449148e-06 1.493765353356607851e-06 9.897297670441584854e-07 6.477082126454403699e-07 4.345498385993955377e-07 3.096473092374642599e-07 2.401264503753321642e-07 2.025763775774685148e-07 1.805794323846929276e-07 1.623815229322902190e-07 1.403946412238996358e-07 1.126092287952972528e-07 8.285739011758942564e-08 5.679596068784354217e-08 3.742701923766729152e-08 2.459173224430095483e-08 1.671930541167905614e-08 1.216097469657478476e-08 9.642865460913605949e-09 8.269052011676414851e-09 7.409228582082446162e-09 6.615479123152140674e-09 5.622747217416572950e-09 4.412216931904652082e-09 3.182665075963425752e-09 2.154083054558391568e-09 1.414483513433867000e-09 9.350092030298252859e-10 6.453590741049497843e-10 4.795891269749844185e-10 3.885780626901621732e-10 3.380233721348591272e-10 3.036822964674013123e-10 2.686110581098900077e-10 2.240748549646954397e-10 1.719883905634208716e-10 1.217706322092250863e-10 8.153824507944365244e-11 5.347138560432006940e-11 3.563800310838540773e-11 2.501809856235862822e-11 1.900738897139680455e-11 1.571859902037115215e-11 1.383685403274625064e-11 1.242921381238862050e-11 1.086386741291600193e-11 8.881914876031948661e-12 6.669599094023942445e-12 4.642438458882056271e-12 3.082251773084374438e-12 2.023327165949360926e-12 1.362750002795719236e-12 9.746599996478999589e-13 7.572452475933430634e-13 6.381587414621581344e-13 5.669164762938142355e-13 5.076696894573787466e-13 4.374224116998281646e-13 3.500975073656316965e-13 2.573643297258513640e-13 1.764476343411249172e-13 1.164261809153824519e-13 7.668757468067349846e-14 5.231235042133548753e-14 3.817416822594024287e-14 3.032372480965842357e-14 2.599026548081931509e-14 2.323214223589590861e-14 2.067820802912359680e-14 1.752360975688886593e-14 1.371998162708822195e-14 9.883302187079714124e-15 6.686995949043584184e-15 4.394291314343843267e-15 2.909753589816608914e-15 2.012919852886973356e-15 1.498623516810129741e-15 1.214529975481750690e-15 1.054485767207112981e-15 9.436993207758045228e-16 8.301891457563944893e-16 6.875186528394139358e-16 5.221711385839856571e-16 3.634468324322849663e-16 2.361421066258202306e-16 1.465899944176478002e-16 8.857721113076178670e-17 5.273003834237339106e-17 3.114129119638983343e-17 1.831494545283676097e-17 1.074822015480387368e-17 6.300619663885285221e-18 3.691309513431772604e-18 2.161967337140480217e-18 1.266052048269844780e-18 7.413441001198167035e-19 4.340807046517571523e-19 2.541628190755963133e-19 1.488157322962750101e-19 8.713311374864742295e-20 5.101716936855700663e-20 2.987093574103527995e-20 1.748964346266109542e-20 1.024030537580638434e-20 5.995767277377137316e-21 3.510561448861091431e-21 2.055456859328377511e-21 1.203483498380043485e-21 7.046474858384544884e-22 4.125757236390373370e-22 2.415657905942310157e-22 1.414383535213411442e-22 8.281308282124015428e-23 4.848760262949807319e-23 2.838980904823622532e-23
1.517450690009554254e-07 6.330508103814878450e-05 2.194656915045158801e-04 4.454616168104951184e-04 7.231587694072356270e-04 1.033994396374474361e-03 1.352456628980365548e-03 1.638048583066604351e-03 1.830145489029977790e-03 1.858910363774883123e-03 1.686957506911682982e-03 1.358933253531621798e-03 9.861652751679658886e-04 6.659172935161283141e-04 4.350222825478690229e-04 2.860662195834667203e-04 1.970753722073647078e-04 1.473030140853464102e-04 1.212484301635572965e-04 1.079516638688706126e-04 9.943454971419673984e-05 8.988134178323429861e-05 7.619155825761986256e-05 5.907245637004000425e-05 4.202224014085857896e-05 2.814187361777648207e-05 1.838391115679059143e-05 1.216746094382845779e-05 8.473140511084480865e-06 6.402543189759826641e-06 5.299772943894954112e-06 4.705556420681032477e-06 4.289314816200280218e-06 3.817664492704054888e-06 3.179949393375403055e-06 2.425972796161682220e-06 1.705935492672628698e-06 1.136532372294879858e-06 7.437249175871987491e-07 4.965097525186223296e-07 3.508051269740476064e-07 2.695462803103189181e-07 2.260835171532242066e-07 2.017787551336471690e-07 1.832275340509488548e-07 1.612431335116406856e-07 1.322109572993081128e-07 9.929545564724655454e-08 6.903250866581340684e-08 4.576366995642643422e-08 3.001010744812663847e-08 2.021846489147232086e-08 1.449945750878938454e-08 1.132980725502159526e-08 9.628106027859015507e-09 8.637158794781601251e-09 7.812675806827447298e-09 6.796195997159487139e-09 5.484141939173337621e-09 4.055317896339283418e-09 2.788955448029391549e-09 1.841212815271817259e-09 1.211032420689952311e-09 8.240870801945861891e-10 6.001517815301801250e-10 4.768191090927350477e-10 4.102088091723309850e-10 3.695042894410082977e-10 3.326119282455135943e-10 2.857732249959235307e-10 2.268695811973446386e-10 1.652395566300645761e-10 1.125146400485559778e-10 7.405186222476381120e-11 4.890809852990283756e-11 3.364904638681264101e-11 2.489824911745723318e-11 2.010636421690442170e-11 1.749242193480481797e-11 1.580048521687755281e-11 1.413603491958469765e-11 1.198448396378648245e-11 9.358164550137529261e-12 6.717537275648662791e-12 4.533652097713815942e-12 2.978285534675075693e-12 1.977582422453684758e-12 1.377058578049312043e-12 1.035719181462074372e-12 8.496733926790817076e-13 7.465970154774884767e-13 6.752520322180959965e-13 5.996041494382637486e-13 5.011493890139733574e-13 3.848857324893648515e-13 2.725013829928142064e-13 1.824997696365076456e-13 1.198194551013934324e-13 8.008759646696148591e-14 5.649938651953238442e-14 4.320644678900713060e-14 3.598264500646846889e-14 3.188845393987855427e-14 2.883256759429672526e-14 2.537513471023313221e-14 2.089073465330054207e-14 1.578123067869998181e-14 1.102914672769409681e-14 7.337301912621886485e-15 4.818827166046016907e-15 3.244114083947414441e-15 2.318376587378046284e-15 1.800363846441601130e-15 1.518347100077000950e-15 1.352700947449195679e-15 1.218066719425254373e-15 1.057571026477586133e-15 8.522104746461722287e-16 6.267565788256742206e-16 4.241614266478773441e-16 2.700897032844356628e-16 1.655049869254247698e-16 9.920805962421844655e-17 5.875986539400712218e-17 3.458332432802494026e-17 2.028721698734120488e-17 1.188062086897641470e-17 6.951444796395973565e-18 4.065510701999342533e-18 2.377137642951134423e-18 1.389765893639906904e-18 8.124604481597221507e-19 4.749512287602856587e-19 2.776442501214449407e-19 1.623022996436964065e-19 9.487652288205124601e-20 5.546153192123515820e-20 3.242085410410317231e-20 1.895207548829717743e-20 1.107870416946357893e-20 6.476212378025358327e-21 3.785760728968869869e-21 2.213019404103634939e-21 1.293651426932941975e-21 7.562220154953025659e-22 4.420601416969517731e-22 2.584124294529447767e-22 1.510585942530755364e-22 8.830341065755126632e-23 5.161899174685105797e-23
1.512747378104032277e-07 6.331393516924372820e-05 2.195323194054814319e-04 4.456895740517515902e-04 7.237504415954904274e-04 1.035358234693048093e-03 1.355397576360038410e-03 1.643963526119331282e-03 1.840851099221745306e-03 1.875463060781936732e-03 1.707770837065142192e-03 1.379757127350135330e-03 1.003114451651439384e-03 6.777997529669453928e-04 4.427205215145256457e-04 2.910298889647654555e-04 2.005253423660655467e-04 1.500828635740720108e-04 1.239144851673680656e-04 1.108816642826434027e-04 1.028702717681454729e-04 9.386472987760446224e-05 8.043655327266338844e-05 6.301348792953470862e-05 4.517446318183306221e-05 3.037973085873028447e-05 1.986255865160427609e-05 1.312186101583656725e-05 9.104322209490855387e-06 6.852132538369823991e-06 5.660269778114512181e-06 5.035773020571057004e-06 4.623963759338572243e-06 4.167903161948661943e-06 3.528799360229949330e-06 2.736242919207410519e-06 1.947930218658093933e-06 1.306175980484822167e-06 8.552759381206224168e-07 5.683890194658918489e-07 3.981776104586116379e-07 3.029418290075370602e-07 2.523130503419465261e-07 2.251027022380303186e-07 2.060852935718550371e-07 1.843859471999411615e-07 1.545591903714390373e-07 1.186482355235563688e-07 8.383211334910264941e-08 5.601682805986210408e-08 3.671747740087198780e-08 2.453826776985969619e-08 1.735291670428371513e-08 1.334734553725241270e-08 1.121419783320006407e-08 1.004200326610776589e-08 9.175355001154193339e-09 8.153143072923866805e-09 6.766644695368743510e-09 5.141652715797038689e-09 3.605176860997852608e-09 2.400544489868990730e-09 1.575233343621021117e-09 1.058745193672961679e-09 7.558632597379495528e-10 5.877478959389943311e-10 4.981147791602638643e-10 4.477094071244596866e-10 4.082693028130386161e-10 3.602723253787942865e-10 2.959990930018226654e-10 2.226207860189011068e-10 1.549276084347628121e-10 1.028257575975361413e-10 6.756987135336396009e-11 4.568848109226017263e-11 3.293542697475540558e-11 2.588914578339825428e-11 2.212660852830212916e-11 1.995565859572843872e-11 1.815662193970885713e-11 1.590625144136149036e-11 1.293461353033335925e-11 9.629472392151192487e-12 6.653210254362403758e-12 4.403166258239849372e-12 2.898778986434170222e-12 1.972628654612582324e-12 1.436170966453120259e-12 1.141128434320407504e-12 9.831934450558693290e-13 8.893635516893117148e-13 8.069968008003174022e-13 7.015880077413241511e-13 5.645662434412706278e-13 4.161012978669212809e-13 2.855326152649405492e-13 1.885167586400123228e-13 1.243954933136260567e-13 8.523058394244816895e-14 6.268410373450648666e-14 5.033899636787124227e-14 4.370476206031326322e-14 3.962969765601599827e-14 3.584273490474540072e-14 3.090959806955151280e-14 2.460872203164190992e-14 1.795806995179000621e-14 1.224215290397842021e-14 8.064812625408110596e-15 5.333766916566863589e-15 3.677831796012918426e-15 2.729638674205586460e-15 2.211781891343678094e-15 1.930882510132423193e-15 1.750748948203189716e-15 1.573460471783720063e-15 1.339999061320259752e-15 1.047814513263817862e-15 7.469865110596608526e-16 4.930372947383385006e-16 3.086230974694520597e-16 1.870890669504876476e-16 1.113957426090938160e-16 6.569103584992067398e-17 3.854351403115958125e-17 2.255591843767387146e-17 1.318208975490263353e-17 7.698514949523818137e-18 4.494433264757450606e-18 2.623393204475104153e-18 1.531126026344619971e-18 8.935882144889679446e-19 5.214985154394062740e-19 3.043428652661336871e-19 1.776111738919220539e-19 1.036515859226733311e-19 6.048961855117629106e-20 3.530086443657353092e-20 2.060106287814858334e-20 1.202247291686853780e-20 7.016134910540433165e-21 4.094510849290783589e-21 2.389494889409682899e-21 1.394473218736072690e-21 8.137935544641371113e-22 4.749176514326631543e-22 2.771547818550957561e-22 1.617433522847346538e-22 9.439098187225568483e-23
1.507792485806603316e-07 6.332269273657970270e-05 2.195978126089067641e-04 4.459134692027081921e-04 7.243325411486587102e-04 1.036704760018243273e-03 1.358314390279079242e-03 1.649858946566841542e-03 1.851578217603621528e-03 1.892148277989657082e-03 1.728883098482104268e-03 1.400992230793346449e-03 1.020449344554036873e-03 6.899552812946079580e-04 4.505801328203263103e-04 2.960815669578645672e-04 2.040258580480104232e-04 1.528990467531025704e-04 1.266164630784285714e-04 1.138581892532915929e-04 1.063790291301222569e-04 9.797308822828976465e-05 8.487947888124035170e-05 6.720703946593359541e-05 4.857568042946869112e-05 3.281556333945331573e-05 2.147762558023106130e-05 1.416325542391098326e-05 9.789590306946919764e-06 7.336082698004661722e-06 6.044319650968786108e-06 5.384694303310986098e-06 4.977111250691477998e-06 4.540874473952715610e-06 3.907670148962432297e-06 3.081720849542872521e-06 2.223440883728891263e-06 1.502179255442113736e-06 9.850175558930691218e-07 6.519463030484495375e-07 4.528535488229608413e-07 3.409683023178588510e-07 2.816566392320575199e-07 2.507847818089707327e-07 2.310943540161305562e-07 2.099341540249750925e-07 1.798494338973829881e-07 1.412811989429269599e-07 1.016609517535640730e-07 6.861459707797090801e-08 4.503239718974945549e-08 2.988914717096155768e-08 2.085220904230651721e-08 1.577490868879926940e-08 1.307540500130478776e-08 1.165311171723553996e-08 1.072195884051922402e-08 9.708629895783822961e-09 8.282648174249064316e-09 6.479384963381226261e-09 4.647641842511684937e-09 3.132239986086815408e-09 2.056692499495120210e-09 1.368422127060026904e-09 9.585925362556253425e-10 7.285940852509757621e-10 6.061482840574169716e-10 5.410224706141404532e-10 4.973435222116884588e-10 4.490585850962210630e-10 3.815333156381974568e-10 2.971798444639173079e-10 2.124467891347205298e-10 1.429370701803450980e-10 9.388398102314971629e-11 6.260960793329747118e-11 4.403354706267703991e-11 3.362520220478753459e-11 2.808138429574253946e-11 2.510821229061347734e-11 2.306671421137411225e-11 2.077138449222790877e-11 1.757574311169945897e-11 1.362956785242410774e-11 9.709577144314727351e-12 6.521296515950890581e-12 4.284384929350743822e-12 2.863632332833627912e-12 2.021969877960953633e-12 1.551259708010075582e-12 1.300534498203750729e-12 1.165006925085585065e-12 1.069740501936109453e-12 9.607577395941853789e-13 8.095954249918891347e-13 6.250180049888793038e-13 4.436916371409795690e-13 2.974733843401614574e-13 1.954837902175583489e-13 1.309544884371703177e-13 9.283084306348830841e-14 7.155302342685609449e-14 6.022125224835357917e-14 5.404743243330097019e-14 4.960360263255669303e-14 4.443169683398746344e-14 3.728372109392668820e-14 2.865213417339139710e-14 2.026577890212558682e-14 1.356046055458788108e-14 8.910001652400329914e-15 5.978233281638802045e-15 4.250090070534792069e-15 3.286574775350929117e-15 2.772305775330488001e-15 2.488403074746787289e-15 2.277944441565328099e-15 2.028948542579783647e-15 1.686902717045154400e-15 1.278608299973879627e-15 8.853821461236327760e-16 5.717476782957274422e-16 3.527696308919439026e-16 2.119315560512911792e-16 1.254698069348537176e-16 7.370707876606278775e-17 4.312428364119198164e-17 2.517835502302411079e-17 1.468474211087385293e-17 8.559843090172117316e-18 4.988182825491638716e-18 2.906402826117845489e-18 1.693311359079503597e-18 9.865092425099735315e-19 5.747207933084452971e-19 3.348175685224892844e-19 1.950550886041878684e-19 1.136331781105122412e-19 6.619915000008568763e-20 3.856553478704911237e-20 2.246705456302190525e-20 1.308858921109770531e-20 7.624993733269988335e-21 4.442077404081792557e-21 2.587812110643821264e-21 1.507576481892697076e-21 8.782657839211942309e-22 5.116495206092798022e-22 2.980706253248417589e-22 1.736464005334823336e-22
1.502571293839272239e-07 6.333135429203517010e-05 2.196620041712978543e-04 4.461325829408238305e-04 7.249032510130469856e-04 1.038030165730795523e-03 1.361200028937311008e-03 1.655723007924958436e-03 1.862309412153712127e-03 1.908945456113575294e-03 1.750277649497608860e-03 1.422631049298532643e-03 1.038168658515299051e-03 7.023833857829942006e-04 4.585993918214210300e-04 3.012187106945694534e-04 2.075743000777896855e-04 1.557491928318234010e-04 1.293521473351424359e-04 1.168787835962289886e-04 1.099577428185470065e-04 1.022035820941279551e-04 8.952185246802150530e-05 7.166370850643461409e-05 5.224363528633930970e-05 3.546735718414074213e-05 2.324288746787258562e-05 1.530067500648592678e-05 1.053440441532958297e-05 7.857571560988804363e-06 6.453734561478388163e-06 5.753302148252982693e-06 5.349199539054213163e-06 4.936820166563635620e-06 4.317463515259270494e-06 3.464977911970151186e-06 2.536424903030770796e-06 1.728538802639631835e-06 1.136062710635838682e-06 7.492740937714292312e-07 5.161356421375723734e-07 3.844094931359506935e-07 3.145811585845743031e-07 2.791017535734835617e-07 2.584156391033180780e-07 2.379959178368024030e-07 2.082526079128874122e-07 1.675547173572540387e-07 1.230346386805779764e-07 8.406670833941876167e-08 5.535025527378487255e-08 3.653782152106747661e-08 2.516460899178111866e-08 1.871408754802425459e-08 1.527298694992907967e-08 1.350758551697391274e-08 1.247512501006896786e-08 1.147844045462633437e-08 1.005305165221416878e-08 8.106633910361898136e-09 5.967917117631882612e-09 4.086124659469094830e-09 2.693722681172143079e-09 1.778917234318229966e-09 1.224551663347777604e-09 9.092450699495126161e-10 7.403064603998257615e-10 6.531126728888012498e-10 6.021219152478965537e-10 5.537632126358878341e-10 4.855001763414500516e-10 3.923168247228825699e-10 2.894711280905107375e-10 1.985448169204721438e-10 1.310171070051295740e-10 8.653757360763102635e-11 5.952815033440383302e-11 4.413077095445669518e-11 3.585365998816577630e-11 3.156413533305001243e-11 2.905960582238535198e-11 2.672046847210489923e-11 2.345223787483371471e-11 1.898854871685477066e-11 1.404018368598738127e-11 9.645332892263212635e-12 6.370126028525878936e-12 4.207633679338774779e-12 2.892065205794394002e-12 2.140615190080343341e-12 1.735578724680026539e-12 1.525051139931090181e-12 1.402428077040316522e-12 1.289480428793151928e-12 1.133029253240556024e-12 9.191319364791618355e-13 6.809653582721369341e-13 4.685058403483380866e-13 3.096460149077175519e-13 2.045174334649289927e-13 1.404508866943195753e-13 1.037915093340030557e-13 8.398675612768690120e-14 7.366928622570420500e-14 6.767694481297824132e-14 6.222818961292481188e-14 5.473849830771996108e-14 4.448533679085606255e-14 3.301881997752059951e-14 2.274550772688653986e-14 1.503847905600212939e-14 9.926091019756597115e-15 6.804352669465876214e-15 5.013866591924014574e-15 4.043052966286983528e-15 3.534488461570835303e-15 3.238047799467885937e-15 2.970757283764771494e-15 2.606908534669675797e-15 2.109245724134377494e-15 1.550128919144843228e-15 1.045372369081820566e-15 6.624587694350876784e-16 4.038071566510017798e-16 2.407551038698449176e-16 1.418335894741390577e-16 8.303288147317842760e-17 4.845125044714356211e-17 2.822480895006797170e-17 1.642793702481936741e-17 9.557478483502208966e-18 5.559111060011933897e-18 3.233083840210415303e-18 1.880194211854372404e-18 1.093390168457705068e-18 6.358296598092126517e-19 3.697454879611021265e-19 2.150122334856932629e-19 1.250323872567055756e-19 7.270786521496845431e-20 4.228049023785796213e-20 2.458660171926280717e-20 1.429739550728134290e-20 8.314101490846585556e-21 4.834746350084081586e-21 2.811460961132268859e-21 1.634897071232777179e-21 9.507115535270114899e-22 5.528497611179992279e-22 3.214885279913718274e-22
1.497067999766190791e-07 6.333991325039004959e-05 2.197246315660770501e-04 4.463459246183642507e-04 7.254601683425710400e-04 1.039329771984535402e-03 1.364046298835196874e-03 1.661542487541270386e-03 1.873025538359596870e-03 1.925832079727572569e-03 1.771935997903957257e-03 1.444664836510839998e-03 1.056270511426240328e-03 7.150832589230558855e-04 4.667763010269421610e-04 3.064385254754085973e-04 2.111678418216481491e-04 1.586307750577409324e-04 1.321192009019288955e-04 1.199408652746373479e-04 1.136030878911105981e-04 1.065527849694883279e-04 9.436423156964839174e-05 7.639359032654845271e-05 5.619682802472376041e-05 3.835465452376760162e-05 2.517361927988427106e-05 1.654422187504589963e-05 1.134488476769476428e-05 8.420155571496278465e-06 6.890536203913150290e-06 6.142689838234368356e-06 5.740706005025240330e-06 5.355898007959573886e-06 4.758846523122015480e-06 3.888428028028746113e-06 2.891061458121771465e-06 1.989763755110826969e-06 1.312052157846338051e-06 8.628634674403597919e-07 5.895857225798155659e-07 4.342057199034273456e-07 3.516450791896201757e-07 3.103832850246349563e-07 2.882381245413135737e-07 2.686817666324249160e-07 2.399119139932550140e-07 1.978083611046676027e-07 1.485083751488553260e-07 1.029718682546638981e-07 6.815915392030110615e-08 4.482208763458385636e-08 3.050434100477768195e-08 2.229532308677439535e-08 1.788536938643694413e-08 1.565263905189194357e-08 1.446324276172348424e-08 1.348028462535807897e-08 1.209655024478772035e-08 1.005973701824333867e-08 7.622886073521905502e-09 5.323267094078433062e-09 3.536300303258864937e-09 2.325011649705987468e-09 1.575925265581641411e-09 1.143283457946415058e-09 9.088026065073939032e-10 7.889668181214272467e-10 7.256594353223529261e-10 6.763390200976407521e-10 6.097965753672413577e-10 5.113239556271616068e-10 3.909883436227394524e-10 2.749780201943365570e-10 1.833390488106450428e-10 1.205237402440901694e-10 8.137230088290379822e-11 5.860567337035976168e-11 4.617140569238643032e-11 3.976745759157205192e-11 3.641001976276004314e-11 3.393142543694947448e-11 3.072965399108515214e-11 2.597334179158254738e-11 2.003924709667738451e-11 1.419466139544392717e-11 9.500343672727972337e-12 6.245673898057753075e-12 4.201127227965126150e-12 3.004435919054214993e-12 2.346242770463299954e-12 2.004925678206480370e-12 1.827111526309071429e-12 1.702158832779133654e-12 1.547933591452661049e-12 1.318442068492312405e-12 1.026287244968265271e-12 7.322827062110345960e-13 4.920919778234950975e-13 3.236032989849735982e-13 2.169145506747379332e-13 1.540685217704995063e-13 1.192736114722543633e-13 1.011140191990067609e-13 9.169925411587984111e-14 8.537441159161898487e-14 7.793287449482682586e-14 6.687039740955562457e-14 5.251013903344559013e-14 3.774287064592287435e-14 2.546639525947354882e-14 1.674937604063006631e-14 1.118333000172243463e-14 7.882191215471154446e-15 6.040978258796081623e-15 5.071727558499514499e-15 4.568146055879014896e-15 4.240789607223333564e-15 3.874272528004854098e-15 3.333800048205024563e-15 2.620336312207412841e-15 1.869711006339996980e-15 1.231512728325553261e-15 7.679325557678612998e-16 4.633258973143881546e-16 2.744525407018134953e-16 1.609851259802444960e-16 9.394628472050570020e-17 5.467961335443022624e-17 3.178205447595307101e-17 1.846021186426791175e-17 1.071857138152552600e-17 6.222401553960776973e-18 3.611924349924464790e-18 2.096517458195441748e-18 1.216879739525764437e-18 7.063035054330722304e-19 4.099512808005030052e-19 2.379423160639877700e-19 1.381053093849637786e-19 8.015833372168559203e-20 4.652504349610049469e-20 2.700379437008282478e-20 1.567338290304218651e-20 9.097051796764430656e-21 5.280056589872038298e-21 3.064618927289750589e-21 1.778747808265548990e-21 1.032410171051006467e-21 5.992253391965217523e-22
1.491265658050643105e-07 6.334834820961377563e-05 2.197853241120162619e-04 4.465523231311795994e-04 7.260009082981474984e-04 1.040599377590282299e-03 1.366846009236510114e-03 1.667305266976032430e-03 1.883708149489843244e-03 1.942785494047985289e-03 1.793838834216368149e-03 1.467084067522688405e-03 1.074752600515210474e-03 7.280538279190460274e-04 4.751085982614962431e-04 3.117379566099582125e-04 2.148034391316591869e-04 1.615411023313867629e-04 1.349151619156431026e-04 1.230417261859471261e-04 1.173115028197360454e-04 1.110166757800555267e-04 9.940612179987753309e-05 8.140608696774074768e-05 6.045442198204550556e-05 4.149864319654235416e-05 2.728675801483596111e-05 1.790520727989915591e-05 1.222790116560586588e-05 9.027819560795651084e-06 7.356981728326993503e-06 6.554075910626070561e-06 6.152155336697255416e-06 5.798195147889384698e-06 5.232232514130166579e-06 4.354243297165020230e-06 3.291684435412361625e-06 2.290900060822257405e-06 1.517232287064302055e-06 9.956808645791957198e-07 6.750798547571251450e-07 4.914882842755346674e-07 3.935187094280699322e-07 3.450237453990917305e-07 3.207867121950770743e-07 3.021114933909698277e-07 2.749429983784565129e-07 2.323444276346925801e-07 1.786604596800909164e-07 1.260212802950467720e-07 8.405720374768362378e-08 5.516908676400306224e-08 3.714621870107927462e-08 2.668666503454249834e-08 2.101340833511939261e-08 1.814870898275293927e-08 1.672241112124595153e-08 1.573535683202403887e-08 1.443014426034168135e-08 1.237108329229143652e-08 9.672198635165531637e-09 6.916388934088484860e-09 4.648738791945746766e-09 3.053385362198261790e-09 2.043093511559423168e-09 1.449441850342071528e-09 1.122951812811698502e-09 9.554142676028995599e-10 8.721027369051387094e-10 8.193050529506186032e-10 7.563027728592474961e-10 6.571589313175022846e-10 5.222688658242412333e-10 3.787782404999949837e-10 2.567505025529812103e-10 1.689127957183832843e-10 1.124205525820463682e-10 7.882096117564756174e-11 6.010886838666329510e-11 5.036895355934495805e-11 4.551604523462382858e-11 4.265006453238161146e-11 3.958451673346114927e-11 3.482681189341208379e-11 2.812676039113081905e-11 2.069944632626544065e-11 1.416254926312451535e-11 9.341678122384810699e-12 6.190365305256648903e-12 4.293178262283774156e-12 3.224076799616416702e-12 2.660209960840015734e-12 2.377914534163844988e-12 2.220052443192521882e-12 2.069212590312175889e-12 1.841455842717406707e-12 1.510744810098285771e-12 1.128682098754052936e-12 7.802023119034577488e-13 5.165037814808800557e-13 3.411355238789812868e-13 2.342410281279216957e-13 1.733161484079524115e-13 1.407796474654414910e-13 1.243755110818293902e-13 1.155641698891878714e-13 1.080349215013240072e-13 9.714238665122091153e-14 8.091707339887498398e-14 6.138811017597272021e-14 4.290370082983568661e-14 2.852822810789187145e-14 1.878978582884085443e-14 1.277522220882740456e-14 9.306476282722207908e-15 7.428832954885320845e-15 6.470391300334749549e-15 5.965794320142422788e-15 5.575161557351795688e-15 5.044103384621804544e-15 4.241467186338376271e-15 3.236955933109995755e-15 2.247103478390627053e-15 1.449755954849645530e-15 8.916716813101406301e-16 5.333141077839160021e-16 3.141360983872905072e-16 1.835446252351160742e-16 1.067932422611407954e-16 6.200249139605239931e-17 3.595794185775152289e-17 2.084180190033454449e-17 1.207675764807837348e-17 6.996830396943210713e-18 4.053400806526350820e-18 2.348123633433977400e-18 1.360234427030894359e-18 7.879563311636423551e-19 4.564448050251951152e-19 2.644071664808047156e-19 1.531643089633374677e-19 8.872410369503634378e-20 5.139554863690621719e-20 2.977208909507574335e-20 1.724618621686263739e-20 9.990260443617733167e-21 5.787094020062767370e-21 3.352310676297818373e-21 1.941904996308688898e-21 1.124894249105576804e-21
1.485146058296356316e-07 6.335662020522546867e-05 2.198436388888333059e-04 4.467507216366381853e-04 7.265236672869738012e-04 1.041835408340849051e-03 1.369591576209583167e-03 1.672997380992527093e-03 1.894336014233317369e-03 1.959780283995689754e-03 1.815964821999174229e-03 1.489878139427872929e-03 1.093612200425718656e-03 7.412937708575201420e-04 4.835937478027161696e-04 3.171136728804152842e-04 2.184778141226330936e-04 1.644773077922067922e-04 1.377374373569370699e-04 1.261785335006197230e-04 1.210792000279263758e-04 1.155906424303962301e-04 1.046458891258161838e-04 8.670969545666352973e-05 6.503611558757625905e-05 4.492224059598406841e-05 2.960108496558712745e-05 1.939631441849978640e-05 1.319118249605360622e-05 9.685041860763681767e-06 7.855600549815128597e-06 6.988825713092276935e-06 6.584136592033678831e-06 6.263747568584357470e-06 5.737773668531581915e-06 4.864267046057687449e-06 3.742689144785504239e-06 2.637538275648450501e-06 1.756537923765632301e-06 1.151258280428816102e-06 7.748756168912359370e-07 5.576222124364869469e-07 4.410093162946906074e-07 3.834967461608653884e-07 3.563314463233524118e-07 3.384224474570488848e-07 3.134379221635014055e-07 2.714128726499872049e-07 2.140687027718262554e-07 1.539957917822796153e-07 1.037701420880468326e-07 6.811731966124652023e-08 4.544311329973052116e-08 3.210531603674018323e-08 2.478740204622644720e-08 2.107356370854750429e-08 1.929890985681567527e-08 1.827023518286991307e-08 1.707048931909523163e-08 1.506750239492977314e-08 1.217451786425348083e-08 8.948914701933295332e-09 6.112260170322153220e-09 4.026232870976812857e-09 2.667629455971816422e-09 1.853634713435155177e-09 1.398427966098343478e-09 1.161873660966466050e-09 1.047135752507306709e-09 9.860609766977577105e-10 9.271221844964286902e-10 8.323314069168415695e-10 6.884132686764918831e-10 5.175299888744500956e-10 3.589795033416468038e-10 2.378084667395022178e-10 1.568313796026556354e-10 1.073978994811802625e-10 7.926141361460554875e-11 6.433088135686985676e-11 5.696141068350739479e-11 5.323185012305672099e-11 5.023677924170754617e-11 4.576437364501830647e-11 3.870293241506315841e-11 2.977803616511720876e-11 2.101623439983395290e-11 1.403340484632841661e-11 9.233328342748691255e-12 6.244914674257074040e-12 4.514815356267015250e-12 3.579036432580950796e-12 3.108408024785489763e-12 2.876057372762495693e-12 2.717293431134731683e-12 2.505632545463810542e-12 2.163582796486613716e-12 1.704270119088587517e-12 1.225978279821280166e-12 8.270645199322505110e-13 5.442016426586518910e-13 3.643515573297511524e-13 2.584550203753485049e-13 2.001463121025817989e-13 1.702553537236446214e-13 1.556011444835096957e-13 1.467924064675377718e-13 1.366600865169988309e-13 1.202719177358622038e-13 9.698156964757717497e-14 7.120884006443686064e-14 4.863280292504148106e-14 3.206639685199769198e-14 2.128729375858363944e-14 1.482720477563394198e-14 1.120569022313362059e-14 9.309471928985407172e-15 8.370469492258589833e-15 7.849804655387400741e-15 7.342011210760554348e-15 6.549087253532031410e-15 5.369168104815049176e-15 3.980822811901860964e-15 2.695206820658154195e-15 1.707811262761731038e-15 1.038121879497942347e-15 6.162748858134897949e-16 3.612031052194271978e-16 2.102908171998809373e-16 1.220078138665037449e-16 7.066190317171692303e-17 4.088742423019330145e-17 2.364794761475180514e-17 1.367397293772818979e-17 7.905760796461399223e-18 4.570522958564668038e-18 2.642253305162632504e-18 1.527481669178342384e-18 8.830269915778129741e-19 5.104698681735815366e-19 2.950973440042675498e-19 1.705925277894521873e-19 9.861760673529165862e-20 5.700970381479632512e-20 3.295664883269102921e-20 1.905185511004928279e-20 1.101365524921059850e-20 6.366865520746375938e-21 3.680610587748378206e-21 2.127717976541074421e-21
1.478689629694139416e-07 6.336466727180094965e-05 2.198991302709434905e-04 4.469403938476944208e-04 7.270267612369523541e-04 1.043033078950434799e-03 1.372273499337063043e-03 1.678604131715835711e-03 1.904888506129601535e-03 1.976791130175265410e-03 1.838291371262373852e-03 1.513035004088052193e-03 1.112845786095549008e-03 7.548013533484929745e-04 4.922288756295568630e-04 3.225620290824079560e-04 2.221874321093899555e-04 1.674363347659909706e-04 1.405832965145613908e-04 1.293483304207014833e-04 1.249021775303834649e-04 1.202694901698346498e-04 1.100806814374670988e-04 9.231178214475582679e-05 6.996198222922535325e-05 4.865016927850059671e-05 3.213742391098757149e-05 2.103177912160054798e-05 1.424343594452503572e-05 1.039686198334584460e-05 8.389230930236442728e-06 7.448472600215305241e-06 7.037320587162464075e-06 6.752562657727795173e-06 6.275365110508608503e-06 5.419929374039262961e-06 4.248411018080449287e-06 3.035797167282611067e-06 2.035677097070535060e-06 1.333798530649614562e-06 8.916940064450825007e-07 6.342590822626512799e-07 4.950924938937429089e-07 4.263731228092753633e-07 3.951984122672529786e-07 3.777787614320782205e-07 3.554727692605798183e-07 3.151999842565879965e-07 2.552803259884704108e-07 1.877536982259882229e-07 1.281673139345180927e-07 8.434266855648033375e-08 5.584822047550827793e-08 3.883282164080593508e-08 2.937642303714602472e-08 2.452778185072814107e-08 2.225243659249357736e-08 2.111919013827774125e-08 2.003595157987953570e-08 1.816976332940776192e-08 1.518300823933821218e-08 1.151199201837470215e-08 8.026870339788459186e-09 5.325513922568458911e-09 3.506289161985702355e-09 2.391798904081856336e-09 1.757052831089261043e-09 1.421422459358643896e-09 1.258605821977068009e-09 1.181291587053838269e-09 1.124932760999527677e-09 1.038993430998677823e-09 8.938578553355185303e-10 6.993880925773114362e-10 4.997274778790096820e-10 3.356137737465031204e-10 2.206205258099312302e-10 1.482187573620213138e-10 1.060108459940118341e-10 8.308766432359781483e-11 7.161033074761188181e-11 6.620037321573610020e-11 6.299687182803161228e-11 5.899830624972428341e-11 5.210631398673259149e-11 4.207827343581336960e-11 3.089759099953298868e-11 2.108953469764150894e-11 1.390072322840399525e-11 9.235598122105694708e-12 6.451590327535434355e-12 4.902464678501600902e-12 4.103715751430452336e-12 3.721999650145506536e-12 3.523570087716435513e-12 3.330982796363211186e-12 3.009485499124766334e-12 2.506223175476891851e-12 1.895351246450560632e-12 1.319902065644098806e-12 8.760659078859674442e-13 5.780721229408806759e-13 3.958219795759098371e-13 2.920661327991315977e-13 2.371030901229336661e-13 2.102159546259376476e-13 1.971041866065560632e-13 1.872250299900157721e-13 1.723501568266148439e-13 1.477437822076328075e-13 1.152232282485150274e-13 8.214302053620441120e-14 5.512095961030610200e-14 3.626046919000074533e-14 2.441133095398674094e-14 1.750852234977306872e-14 1.375433414560800472e-14 1.186172126084010251e-14 1.094844538553804405e-14 1.038183310091520522e-14 9.670741308360534440e-15 8.475230669382277085e-15 6.766527896403541629e-15 4.880450663114503844e-15 3.231007525209721895e-15 2.015636807734994105e-15 1.212951802496757771e-15 7.153844742287523704e-16 4.174239446396128065e-16 2.422093813965154399e-16 1.401387447375107241e-16 8.096333999029653340e-17 4.674054391329140637e-17 2.697326919374460743e-17 1.556284746985884434e-17 8.978453254798439558e-18 5.179550166941462165e-18 2.987936424787125499e-18 1.723633519308591730e-18 9.942957375235484212e-19 5.735677475558584716e-19 3.308667285657977651e-19 1.908627062176254814e-19 1.101003892556567776e-19 6.351210796390687990e-20 3.663735784224999285e-20 2.113448832498517807e-20 1.219156097533855227e-20 7.032777619973162855e-21 4.056901386155986511e-21
1.471875330108103449e-07 6.337240377931246471e-05 2.199514463583670653e-04 4.471207929840067077e-04 7.275076678979370019e-04 1.044186701592699417e-03 1.374883387722783705e-03 1.684111690850011818e-03 1.915342847082600461e-03 1.993789537823143377e-03 1.860794034181659489e-03 1.536541754288905199e-03 1.132449306751987309e-03 7.685744280086848675e-04 5.010107194965644078e-04 3.280790282220328387e-04 2.259284762224293794e-04 1.704149217417887422e-04 1.434498637309702929e-04 1.325480377855449215e-04 1.287762310951595982e-04 1.250474565145800283e-04 1.157063663149861092e-04 9.821834692607425395e-05 7.525225680675641960e-05 5.270899874272998864e-05 3.491884798927137883e-05 2.282759803878397776e-05 1.539449355974705657e-05 1.116896747453795791e-05 8.961065809280015131e-06 7.934741449655308238e-06 7.512476757834735653e-06 7.264643312465754900e-06 6.844661078742544161e-06 6.022171628135469065e-06 4.812976287510996739e-06 3.492274055651830832e-06 2.361212747556646883e-06 1.548296561029435433e-06 1.028819067034928066e-06 7.234028381321214206e-07 5.569513541322097290e-07 4.743432216822172057e-07 4.377828786305882401e-07 4.203820125404049052e-07 4.011189402737202859e-07 3.638234059913017179e-07 3.027776065665791340e-07 2.282059815100023850e-07 1.582728187371204221e-07 1.046879468928165539e-07 6.894316276361071313e-08 4.723501390046639279e-08 3.500080722606267601e-08 2.864210605840283240e-08 2.566038933760001041e-08 2.432692770872605915e-08 2.334930304511048344e-08 2.169364047625339339e-08 1.874091083058095349e-08 1.469908604881541940e-08 1.051164127991875289e-08 7.057581972798617362e-09 4.636149732288824676e-09 3.113807411543092472e-09 2.229345267349793741e-09 1.752331995988166484e-09 1.517427988178869797e-09 1.411514920340519048e-09 1.353433092564682238e-09 1.279267989030279427e-09 1.142024906870573400e-09 9.322847252705933884e-10 6.904848332218769511e-10 4.735608631594009140e-10 3.123858561477083806e-10 2.070216668339355423e-10 1.439267128807091529e-10 1.087933099400221979e-10 9.075410829947518615e-11 8.233380713421855441e-11 7.832731610280295409e-11 7.479097456403139015e-11 6.860293095647393040e-11 5.819036787932364858e-11 4.477487508427714231e-11 3.155578401690012200e-11 2.104474826513823417e-11 1.385468675913852051e-11 9.408113799847586881e-12 6.858001571127900668e-12 5.500613938925408876e-12 4.840452833730860724e-12 4.538075090713458120e-12 4.346678093194406172e-12 4.070252521873056742e-12 3.574790084676579334e-12 2.861626341725001584e-12 2.083220412923923116e-12 1.413972801315959216e-12 9.311302042515165037e-13 6.215580996969030732e-13 4.387793990518730827e-13 3.383370090546270928e-13 2.875071929344493928e-13 2.639062730420262344e-13 2.517942008124948059e-13 2.390517806667333563e-13 2.163088317325240984e-13 1.800314133813298162e-13 1.359058168033364594e-13 9.446114295986974792e-14 6.262887662601778201e-14 4.134752152351741711e-14 2.838839180946865511e-14 2.104835010920639461e-14 1.718946723620767914e-14 1.532762688833304452e-14 1.444128584007476980e-14 1.377531347337691668e-14 1.272777581042737119e-14 1.093148783462391535e-14 8.497639962747085606e-15 5.973535622649129453e-15 3.876819826664436345e-15 2.386122044375050029e-15 1.423438400473610398e-15 8.347073407582160204e-16 4.850606878842502141e-16 2.805580452451121234e-16 1.618851203196885144e-16 9.329527716737939489e-17 5.373310295092380405e-17 3.093759891572228849e-17 1.780989207318183456e-17 1.025180484878331499e-17 5.900940198185125830e-18 3.396509510119371698e-18 1.954968340965827520e-18 1.125237525701759651e-18 6.476605586771141118e-19 3.727778170607105866e-19 2.145617721543293281e-19 1.234964484310087596e-19 7.108148682532337782e-20 4.091273331145274458e-20 2.354834901432683042e-20 1.355384208345119470e-20 7.801253182757962112e-21
1.464680503673114248e-07 6.337972311420721607e-05 2.200003783407513682e-04 4.472911000410221757e-04 7.279631417737432268e-04 1.045291747372227098e-03 1.377412610810758910e-03 1.689503212982042561e-03 1.925675584603045182e-03 2.010747051852391099e-03 1.883446192227271419e-03 1.560383546315027110e-03 1.152417976887861600e-03 7.826104457783567090e-04 5.099356074614470186e-04 3.336602881290166855e-04 2.296968214495450137e-04 1.734095857686651740e-04 1.463341098219582480e-04 1.357744542812890911e-04 1.326969663716868466e-04 1.299182384330627616e-04 1.215174866998212688e-04 1.044337554263305472e-04 8.092705806233241414e-05 5.712717308702323357e-05 3.797091566980188788e-05 2.480176550784367339e-05 1.665547364663808044e-05 1.200778977242024629e-05 9.574707234670378910e-06 8.449578585334943182e-06 8.010492761742994539e-06 7.800013972131145408e-06 7.445103245445766231e-06 6.671386858157692715e-06 5.440127934820899142e-06 4.013951500442184929e-06 2.740633639610434426e-06 1.800677235219897883e-06 1.190218676411250630e-06 8.274913736358143344e-07 6.280256457307521825e-07 5.282452333562568178e-07 4.845655247021271761e-07 4.664826842821567605e-07 4.504566957576754714e-07 4.173351101984839068e-07 3.569433755730441320e-07 2.762768605037929902e-07 1.952671627915514185e-07 1.301946812773860747e-07 8.547285429861187050e-08 5.778815537480100899e-08 4.194881979959686468e-08 3.358738105956371480e-08 2.962356081414286286e-08 2.795208996260075244e-08 2.704077314175071309e-08 2.565255629803763377e-08 2.287845109730390867e-08 1.859818534269086091e-08 1.370208131167808326e-08 9.357456803167826171e-09 6.161036327328047848e-09 4.088839247334729235e-09 2.858141974132369455e-09 2.180290535518242437e-09 1.838884760863450487e-09 1.685835017121247466e-09 1.617875771324230937e-09 1.555789247456768717e-09 1.435317935313354385e-09 1.222962221126047428e-09 9.438174652995100357e-10 6.660435712180076200e-10 4.441827717478592018e-10 2.922388762176077101e-10 1.983684024415270171e-10 1.447029664320194976e-10 1.163393488970000143e-10 1.027979597854754466e-10 9.692578064717514002e-11 9.353034696184370839e-11 8.842716281459731021e-11 7.856664887493206619e-11 6.363619568933262444e-11 4.675563074850662395e-11 3.189270816675913830e-11 2.101308032198487875e-11 1.398227241647384769e-11 9.814579434587395733e-12 7.521069937767721716e-12 6.364502302828043987e-12 5.841186808595999780e-12 5.600121679543814913e-12 5.372197682935818468e-12 4.939658229443570794e-12 4.192804929629701699e-12 3.224479846490759683e-12 2.270257501349730793e-12 1.513192474974218009e-12 9.969461165142884139e-13 6.788865988397703451e-13 4.973805424886176810e-13 4.015385403999915144e-13 3.556921715493468725e-13 3.355060869276121343e-13 3.233094905133549233e-13 3.048527788490504629e-13 2.698769985412556221e-13 2.177298038656646186e-13 1.594460569116618553e-13 1.085530502189967948e-13 7.150379231761227287e-14 4.764147509804226390e-14 3.352290625389424434e-14 2.575762225731064482e-14 2.183306135747244980e-14 2.003479845502006778e-14 1.916729863226624032e-14 1.831221484315477322e-14 1.672837427347370100e-14 1.405812039033839419e-14 1.064665282714130439e-14 7.310107149522084887e-15 4.661985783950933936e-15 2.836036288811072732e-15 1.678997748112251198e-15 9.794899070762890853e-16 5.670284050012666712e-16 3.269548671959093352e-16 1.881446107235588956e-16 1.081555191565268182e-16 6.214104104925322326e-17 3.569382270533528217e-17 2.049977184645058590e-17 1.177267674730013813e-17 6.760615921839687660e-18 3.882304498252529669e-18 2.229405125863090346e-18 1.280225254624931956e-18 7.351615096930870267e-19 4.221614846128320355e-19 2.424232048165722620e-19 1.392097427821769697e-19 7.994015823262458817e-20 4.590503682043610882e-20 2.636062227481925187e-20 1.513738882823247432e-20
1.457080752925410438e-07 6.338650232452592095e-05 2.200458465151865998e-04 4.474499121526779254e-04 7.283905454324749937e-04 1.046343625277742053e-03 1.379850166962393737e-03 1.694763262794599188e-03 1.935862256047503728e-03 2.027631792366783956e-03 1.906219866200366438e-03 1.584544181756104104e-03 1.172745999772856944e-03 7.969063364004921012e-04 5.189994138152272249e-04 3.393010049566932821e-04 2.334880070075819449e-04 1.764166052884389314e-04 1.492328449671776987e-04 1.390242570306015983e-04 1.366598137889059393e-04 1.348750304007719999e-04 1.275072087450718303e-04 1.109604660615201956e-04 8.700608935833769176e-05 6.193499562290128238e-05 4.132190079660186754e-05 2.697454350084774749e-05 1.803897804066439609e-05 1.292061830332610220e-05 1.023422678899936459e-05 8.995184500498528833e-06 8.532395733658450714e-06 8.358747767915596308e-06 8.075959898032809248e-06 7.367383109106885818e-06 6.133034102203522341e-06 4.608050257407792424e-06 3.182403632887398999e-06 2.097948352159816396e-06 1.380690058687834067e-06 9.494982390959052426e-07 7.100739039817408072e-07 5.891004198443121043e-07 5.361323134061350895e-07 5.163934916774043738e-07 5.035907036243690362e-07 4.757330048811468058e-07 4.180317172659379844e-07 3.328490285245531978e-07 2.404734264544570740e-07 1.621342584132068095e-07 1.063879441490809038e-07 7.111294046049449465e-08 5.059907946652042638e-08 3.958797059423503826e-08 3.427391884020557720e-08 3.207171817124724534e-08 3.115158389835555634e-08 3.006156475712136748e-08 2.761230443655593736e-08 2.328266568826878070e-08 1.774332450783670714e-08 1.239149260330837647e-08 8.219037440522828143e-09 5.412556654056854725e-09 3.703714144246070761e-09 2.741621006314615524e-09 2.244529091024906746e-09 2.017041916149778824e-09 1.925760744402125523e-09 1.872374249223496533e-09 1.775573476571041155e-09 1.576159870791901053e-09 1.272024382315486972e-09 9.304403393228384240e-10 6.324331221799660539e-10 4.161251550508307817e-10 2.773752528546895914e-10 1.957600139626304093e-10 1.513249740909625343e-10 1.293553309508702078e-10 1.198467589035276328e-10 1.158232385215512077e-10 1.118737713924541061e-10 1.035015752983396735e-10 8.832576968941661605e-11 6.819804122448973011e-11 4.811718876934908432e-11 3.208342514031875765e-11 2.112320544890692385e-11 1.437184064002941274e-11 1.052828352829449404e-11 8.511153653225172589e-12 7.563000087661681129e-12 7.169309715562526872e-12 6.958002623945402818e-12 6.625499348201414119e-12 5.938652696680327391e-12 4.854522898032710711e-12 3.593484719441696516e-12 2.461786191859815740e-12 1.623882730460909787e-12 1.079171276653821684e-12 7.553911403623162630e-13 5.770426660757313992e-13 4.872755260434530637e-13 4.473119047906051839e-13 4.303923436952614206e-13 4.161726572696691876e-13 3.876629624085282633e-13 3.346101423316439526e-13 2.616471419881580219e-13 1.864622788209908201e-13 1.249531203530168267e-13 8.220445076544189653e-14 5.556013425893261740e-14 4.022562152654594450e-14 3.205854483410130323e-14 2.812234724463541099e-14 2.642690859788748608e-14 2.555442292671945199e-14 2.436589382068600183e-14 2.195337775861477424e-14 1.803860593104876988e-14 1.332537460645942480e-14 8.956806708857391276e-15 5.625241057026565996e-15 3.387352114688195355e-15 1.991920235479671005e-15 1.156564978886856218e-15 6.671164628106511833e-16 3.834990574416486902e-16 2.200793565522961198e-16 1.261870975006875321e-16 7.231997993678563065e-17 4.143851369422069088e-17 2.374108772844574873e-17 1.360103538133172094e-17 7.791670651655270066e-18 4.463573870193842713e-18 2.557004959713309809e-18 1.464801364761191926e-18 8.391218807890223742e-19 4.806964548666496439e-19 2.753699652134056170e-19 1.577473623518429669e-19 9.036652552560572856e-20 5.176700423106607282e-20 2.965503672033299522e-20
1.449049783238832827e-07 6.339261457144316656e-05 2.200877726449182014e-04 4.475955158173260400e-04 7.287880209531618020e-04 1.047335698638752035e-03 1.382186718807282234e-03 1.699874395028745048e-03 1.945876478398450874e-03 2.044411581141360179e-03 1.929083868107143085e-03 1.609005847972218859e-03 1.193426683275093225e-03 8.114584101359083443e-04 5.281974952912605855e-04 3.449959088601392879e-04 2.372972049459598899e-04 1.794320007741010922e-04 1.521427089367590640e-04 1.422939984255398773e-04 1.406600508447424500e-04 1.399105510217624594e-04 1.336672954659202234e-04 1.177987990509823490e-04 9.350823142821960553e-05 6.716455473967036056e-05 4.500305418083210538e-05 2.936876442089302009e-05 1.955931500583276233e-05 1.391573736070803952e-05 1.094423895423616616e-05 9.574051725619828703e-06 9.079375023183860758e-06 8.940993987814277260e-06 8.736374162631363100e-06 8.109375261356817461e-06 6.894090119048632432e-06 5.281819177743916410e-06 3.695974297545412242e-06 2.448365395243478850e-06 1.606034477461985510e-06 1.093059228422619546e-06 8.052514580273446943e-07 6.581583135855482452e-07 5.931996781326251246e-07 5.705045161362633054e-07 5.606664806094565573e-07 5.389805675870414432e-07 4.861501801377359350e-07 3.986965139489707620e-07 2.953208660705272900e-07 2.020331866172066570e-07 1.328946630127768253e-07 8.801842825171403018e-08 6.145050216300571257e-08 4.694004070393804826e-08 3.978516989719567389e-08 3.678727528151741075e-08 3.573796060617641484e-08 3.494219076405275957e-08 3.294833221266417651e-08 2.880294618918463264e-08 2.277834563300210583e-08 1.635633224017024738e-08 1.099041611219384307e-08 7.216461386599932724e-09 4.850964614187819429e-09 3.487926809059709084e-09 2.764981170904494434e-09 2.423230913826998084e-09 2.287758612830145298e-09 2.234803458329762990e-09 2.164921434526582086e-09 1.994380926485238957e-09 1.685346318064818527e-09 1.286035064192173837e-09 8.985753974095593123e-10 5.961658386122394972e-10 3.929483010428762276e-10 2.694936195612819247e-10 2.002418652714264794e-10 1.646960596800212431e-10 1.486914511830884636e-10 1.426149587862702160e-10 1.394227311944377224e-10 1.332092944404456466e-10 1.193998400385856046e-10 9.736029501534296868e-11 7.181682399128916051e-11 4.905169203557168300e-11 3.231341460398687117e-11 2.150219369095681544e-11 1.512000649324014989e-11 1.163803111531943550e-11 9.916468212853050450e-12 9.181959026067988749e-12 8.901636124793923590e-12 8.667129483455678264e-12 8.128480773911213580e-12 7.062758847656405706e-12 5.553677932584783183e-12 3.972122807967275466e-12 2.665747272262612641e-12 1.753753044015935350e-12 1.184791451254917073e-12 8.579381348620158244e-13 6.848746453138266945e-13 6.029089205410201911e-13 5.697451630637411621e-13 5.554705686818579477e-13 5.359827345922068725e-13 4.910845441826662113e-13 4.124084292372038660e-13 3.129126522977878768e-13 2.178278141451226579e-13 1.443760963796305212e-13 9.533699756735303411e-14 6.566229364998406818e-14 4.905205826256675309e-14 4.052454769232086723e-14 3.665116266600539855e-14 3.510540858558755039e-14 3.417882880919948317e-14 3.243276153637655222e-14 2.877311537068136685e-14 2.311647589643924954e-14 1.668373390474051556e-14 1.100282803723789122e-14 6.818043967494598990e-15 4.069102704685669005e-15 2.378395959037163800e-15 1.374913551657289716e-15 7.902951273405094165e-16 4.529379483705360082e-16 2.592067992158523511e-16 1.482276388435156400e-16 8.473203606857353033e-17 4.842648445783070637e-17 2.767426849967160730e-17 1.581422940619593696e-17 9.036684240310673623e-18 5.163743889055477248e-18 2.950648617146487813e-18 1.686043895661077231e-18 9.634286111946031882e-19 5.505158594712140799e-19 3.145719126465948685e-19 1.797504372954376880e-19 1.027117005084650116e-19 5.869077691931089189e-20
1.440559227531760169e-07 6.339794205877815714e-05 2.201259195223006929e-04 4.477265713836715670e-04 7.291527499246650652e-04 1.048261952633390342e-03 1.384411794671644349e-03 1.704818268324887788e-03 1.955691472676933471e-03 2.061050954015070536e-03 1.952005565990023875e-03 1.633748369325645558e-03 1.214452326394754303e-03 8.262623083066163729e-04 5.375246246774562997e-04 3.507392138785387172e-04 2.411191857492049238e-04 1.824515128611555945e-04 1.550601617857843369e-04 1.455801054394421424e-04 1.446928241516697640e-04 1.450170622016082550e-04 1.399881546260178973e-04 1.249466322114710739e-04 1.004511049577564119e-04 7.284960070239350082e-05 4.904884691581581343e-05 3.201018235588854116e-05 2.123276160472308013e-05 1.500258433206084456e-05 1.170998810892896408e-05 1.018900954682293728e-05 9.652807321545911801e-06 9.547005144523909627e-06 9.425418299272612466e-06 8.896009068041227109e-06 7.724729510902545398e-06 6.042257508146882463e-06 4.291740691857796446e-06 2.861601301449219486e-06 1.873264539784213312e-06 1.262629529036674048e-06 9.162098119933027515e-07 7.369536925259875984e-07 6.566464490824097710e-07 6.293014651398808977e-07 6.218871910727620823e-07 6.070324673063647287e-07 5.612585310291360832e-07 4.744123123292315358e-07 3.612794849680779233e-07 2.516843696320803978e-07 1.665106515003822842e-07 1.095579858663198404e-07 7.516237507206186275e-08 5.603649320625250409e-08 4.638726796682377397e-08 4.223284154780816659e-08 4.087600468935589420e-08 4.032763947744877159e-08 3.888743870147876265e-08 3.518160630976408847e-08 2.893180155266237282e-08 2.147156422585581837e-08 1.470430077479214608e-08 9.679508506965845251e-09 6.419344220646984759e-09 4.492829476682036126e-09 3.444025568284851816e-09 2.930174499209004209e-09 2.719062446146972309e-09 2.651710786006776226e-09 2.606893010046055606e-09 2.478515580064524219e-09 2.190300360457801172e-09 1.751759846454496801e-09 1.268915956514165145e-09 8.565989724906235380e-10 5.628198810351335180e-10 3.773716965767174653e-10 2.700691533806004305e-10 2.129645024112152202e-10 1.859120333511806260e-10 1.753628254327260681e-10 1.718824340019481410e-10 1.679895234116826426e-10 1.571053159115598116e-10 1.353856769357669595e-10 1.053188286571573340e-10 7.461448658040999780e-11 4.980289003054998979e-11 3.276842413936980845e-11 2.228221483699174820e-11 1.633967271982303152e-11 1.325454579674476631e-11 1.184815053745282856e-11 1.132830029222066267e-11 1.113016737414188748e-11 1.078687315200119896e-11 9.898566227341958078e-12 8.306513024727910129e-12 6.289425882662343481e-12 4.368759761508537925e-12 2.892525422271192329e-12 1.912218684631510255e-12 1.322634762493548064e-12 9.954797493443173668e-13 8.302331301302999467e-13 7.581117121426364344e-13 7.326285839486955986e-13 7.195941030441203882e-13 6.896713278091775428e-13 6.194772377262408875e-13 5.057041354896700209e-13 3.731006693407634450e-13 2.547369006467698257e-13 1.677686802089308194e-13 1.117051156051416379e-13 7.869823120474289508e-14 6.075453067333926701e-14 5.193445838438539267e-14 4.822648294473247018e-14 4.688666992110899595e-14 4.581799502315881870e-14 4.317678264303486524e-14 3.768161256014632748e-14 2.961909904105966956e-14 2.092440585934735910e-14 1.356830843665726903e-14 8.309299863904879992e-15 4.920008013434010536e-15 2.859958371662070300e-15 1.646453192002430499e-15 9.431445857145671100e-16 5.389000732691704708e-16 3.075261474363484831e-16 1.753779273180897407e-16 9.998296222948717957e-17 5.699089176181056644e-17 3.248244587664652715e-17 1.851286774947245954e-17 1.055089777808718354e-17 6.013127912898401746e-18 3.426960446999069265e-18 1.953064270668817231e-18 1.113072275990363684e-18 6.343513737540796361e-19 3.615232606761756190e-19 2.060357226929466911e-19 1.174218082873506609e-19
1.431578470844571701e-07 6.340239338187671561e-05 2.201597616256468451e-04 4.478423809482960736e-04 7.294806249687639304e-04 1.049117532634626961e-03 1.386512868524209050e-03 1.709576933585524837e-03 1.965278048632845137e-03 2.077513088497336645e-03 1.974949247996991581e-03 1.658749634746712383e-03 1.235813912576364621e-03 8.413129374672820640e-04 5.469749160116082380e-04 3.565245602005097771e-04 2.449482792386955751e-04 1.854705796626332937e-04 1.579814701474529961e-04 1.488788865240292828e-04 1.487531439701378713e-04 1.501864569704924944e-04 1.464588151739554635e-04 1.323991879604178234e-04 1.078505432359860942e-04 7.902532391388606618e-05 5.349722803953598443e-05 3.492786006146735006e-05 2.307787331559458708e-05 1.619193781335861150e-05 1.253745097800401205e-05 1.084327691354913783e-05 1.025428501530726774e-05 1.017716369153584008e-05 1.014215158025943282e-05 9.725417918093031403e-06 8.625263905563919028e-06 6.895768869095794080e-06 4.980917325350987676e-06 3.348908879152627236e-06 2.190846915594296408e-06 1.463679216958004060e-06 1.046222226507957382e-06 8.273800588402338004e-07 7.275543546235573247e-07 6.933882714851650322e-07 6.875311015112840555e-07 6.798634578370692404e-07 6.431870127290569722e-07 5.603423893595060721e-07 4.397619901869436994e-07 3.131324179865349111e-07 2.091225187138122781e-07 1.370990643182501268e-07 9.260769093194024947e-08 6.740098631432736024e-08 5.438644030264277041e-08 4.858640778709620419e-08 4.666805119982880125e-08 4.626814913474680756e-08 4.543363760913692324e-08 4.241444090856889143e-08 3.629233778139401817e-08 2.796348196741701664e-08 1.964112989188111677e-08 1.304135326853440939e-08 8.576284618929543486e-09 5.861631521581337205e-09 4.344671004510307713e-09 3.574893011279853358e-09 3.241407139375851237e-09 3.135750115412494962e-09 3.107599493771726359e-09 3.029280013215311373e-09 2.788986299908614287e-09 2.342977376771052938e-09 1.772949312991936461e-09 1.229583931030065620e-09 8.127175606918492626e-10 5.367922224288196498e-10 3.716004044541920939e-10 2.805992766376559190e-10 2.353031661648307651e-10 2.163118946777379967e-10 2.105629373536705093e-10 2.084365076105464686e-10 2.015415406647103396e-10 1.828444391550094291e-10 1.507553607180601238e-10 1.120929476491161296e-10 7.684837099208307516e-11 5.063481474024553676e-11 3.363621989118767514e-11 2.361039646133164497e-11 1.816891147031595692e-11 1.551765953456824096e-11 1.444648205247192346e-11 1.413490525072834554e-11 1.396331041762135350e-11 1.337886454967404440e-11 1.194968132450320775e-11 9.667593407200171781e-12 7.068173292422030436e-12 4.796473211721381407e-12 3.155087094508275193e-12 2.110965555725447434e-12 1.504059580847351172e-12 1.179767796256074194e-12 1.025448523855934082e-12 9.656084617128454408e-13 9.485557956152114459e-13 9.341040290531495891e-13 8.858673348786057896e-13 7.782569415760347623e-13 6.177107007512360018e-13 4.443781612053364470e-13 2.987932525869073914e-13 1.963826586251993596e-13 1.323789395290054356e-13 9.567813536316000989e-14 7.635248267378468371e-14 6.734616060024890303e-14 6.394577647598342138e-14 6.288045992478153070e-14 6.152436734280347161e-14 5.749258458997223827e-14 4.934563536632253333e-14 3.799149949444581560e-14 2.632358146078915811e-14 1.681634079296476537e-14 1.019212892870436263e-14 5.992223184383141923e-15 3.465537704111619482e-15 1.987156011890606586e-15 1.134461799166549886e-15 6.462239439420732898e-16 3.676963072859492133e-16 2.090981074188659579e-16 1.188741202952655779e-16 6.757129400390028876e-17 3.840658951087158638e-17 2.182897786992527220e-17 1.240660774669029592e-17 7.051291286540060650e-18 4.007580107123495949e-18 2.277690612384736676e-18 1.294513923627514055e-18 7.357299804861467879e-19 4.181480211300403532e-19 2.376520524242512631e-19
1.422074445019126750e-07 6.340591906928627272e-05 2.201885216597283942e-04 4.479422015976730728e-04 7.297683515999531419e-04 1.049894856421657117e-03 1.388479791816347704e-03 1.714129288168100710e-03 1.974606365375004835e-03 2.093758917713997494e-03 1.997876077909128793e-03 1.683985314446067531e-03 1.257500974491126185e-03 8.566043522992759741e-04 5.565417509794247201e-04 3.623449512193768242e-04 2.487783310607182908e-04 1.884843105963179995e-04 1.609026908835889847e-04 1.521865383718796658e-04 1.528358928348713935e-04 1.554103083130884159e-04 1.530669897619718861e-04 1.401487951930261322e-04 1.157200171590685284e-04 8.572803217190198648e-05 5.838986067610869027e-05 3.815460880815020893e-05 2.511584360179991952e-05 1.749614175303476247e-05 1.343345843894086684e-05 1.154052486900668413e-05 1.088564853947138528e-05 1.083200816089830191e-05 1.088567903097878911e-05 1.059530937654217069e-05 9.594772213131744879e-06 7.847757329456106240e-06 5.775307354422152533e-06 3.923255846063513402e-06 2.568981949189247008e-06 1.702934778994159590e-06 1.199343811674411972e-06 9.317836535343022548e-07 8.072603904826007032e-07 7.635154233598328480e-07 7.579702035275338125e-07 7.574979525960445209e-07 7.316731569907856086e-07 6.565402988630429788e-07 5.319959332670053419e-07 3.886184735664661624e-07 2.630364127111055594e-07 1.724077671036099365e-07 1.149435507214476162e-07 8.173448798309022392e-08 6.419294835856848312e-08 5.608566917279297469e-08 5.325131630172840192e-08 5.283682109093955934e-08 5.260291146410439261e-08 5.047833065664495109e-08 4.489850971805068382e-08 3.603911103212620106e-08 2.612625663325691652e-08 1.761547975889359363e-08 1.155458707856975439e-08 7.745060274901639763e-09 5.558093865391942096e-09 4.410980734787340621e-09 3.886096642406229913e-09 3.705259058526760344e-09 3.676975512204441202e-09 3.649093151529478905e-09 3.479998859734354117e-09 3.068293556828128479e-09 2.439522428450335581e-09 1.755079746538927451e-09 1.178878787640385364e-09 7.738863136507997921e-10 5.215419074862569196e-10 3.776736732043010423e-10 3.027984398383830301e-10 2.689491717083547271e-10 2.575261277627070877e-10 2.556577991786023580e-10 2.529653202871372346e-10 2.397515895599903975e-10 2.095210543503838508e-10 1.650016051222279697e-10 1.178206594894599445e-10 7.885661220680968889e-11 5.181855549483959327e-11 3.511605544252027092e-11 2.566053981103436957e-11 2.078086700534285769e-11 1.860489626474603556e-11 1.788881307100403238e-11 1.776612467483658347e-11 1.752660072513029193e-11 1.650632421136218267e-11 1.429566185762984930e-11 1.115119082755982666e-11 7.904550462765758573e-12 5.273002771680435178e-12 3.469491663619687250e-12 2.364771132071421728e-12 1.743852594396685975e-12 1.426280068864371146e-12 1.286783506301903867e-12 1.242162176074989539e-12 1.233993808975908733e-12 1.213547165814736465e-12 1.135430475088565892e-12 9.743363157172078787e-13 7.527435443750425988e-13 5.296912045317186024e-13 3.521331852966786320e-13 2.318769653209138188e-13 1.587890238343952223e-13 1.179646687017682398e-13 9.722765636233442731e-14 8.819685617992132872e-14 8.530295648093885594e-14 8.459801929709236022e-14 8.272843673542838571e-14 7.659554777216664906e-14 6.467528157690937171e-14 4.884489474329995892e-14 3.326091215237867116e-14 2.097036994745907509e-14 1.259365963299722068e-14 7.356746250097254091e-15 4.234414084628310993e-15 2.418652213401476679e-15 1.376128435931746516e-15 7.814270217636835446e-16 4.432889676194970339e-16 2.513441370573721698e-16 1.424759927234860759e-16 8.075322262837479109e-17 4.576679280644651592e-17 2.593744667374020026e-17 1.469931070558233990e-17 8.330348894530831784e-18 4.720930766470535994e-18 2.675415088038694357e-18 1.516192197267919292e-18 8.592451952954026247e-19 4.869449325564925927e-19
1.412011415264514943e-07 6.340852100134376551e-05 2.202113935852323271e-04 4.480243284578459828e-04 7.300137893459736262e-04 1.050586640269052458e-03 1.390298768106968752e-03 1.718456056384916634e-03 1.983644458825287345e-03 2.109745978411082298e-03 2.020744968884949366e-03 1.709428145772427365e-03 1.279501503132911798e-03 8.721296242643490062e-04 5.662176830421494691e-04 3.681926798764458735e-04 2.526026542412200017e-04 1.914874616451696875e-04 1.638196566889230728e-04 1.554991243151212631e-04 1.569358979146765051e-04 1.606798552275607239e-04 1.597991812930613662e-04 1.481847125776926150e-04 1.240699618788754937e-04 9.299472383807663310e-05 6.377231932825667970e-05 4.172748168064955855e-05 2.737092545620631179e-05 1.892937209495966649e-05 1.440584145695752313e-05 1.228495088164898322e-05 1.154902402246850577e-05 1.151225890239999106e-05 1.165520704588307913e-05 1.150308029217203166e-05 1.063105252871072281e-05 8.902191997699169536e-06 6.686935592173005447e-06 4.599404007258405388e-06 3.019916751250573494e-06 1.988676457107546664e-06 1.380615312775623860e-06 1.053084792374635495e-06 8.974245459385713425e-07 8.406163427420854968e-07 8.336911954540437428e-07 8.400381408291800068e-07 8.264126788881142303e-07 7.627563200513051831e-07 6.388787737951504951e-07 4.804686995522367413e-07 3.310068208629683927e-07 2.177462981481170703e-07 1.437029787100276438e-07 9.997885185489876017e-08 7.635968753662421720e-08 6.505006552286961448e-08 6.080998982116182113e-08 6.013644850936311774e-08 6.043176439623552661e-08 5.934462787899970920e-08 5.473416380098101791e-08 4.585338849588542510e-08 3.450920209729475684e-08 2.379788251492270189e-08 1.567367065014070375e-08 1.035841930474550092e-08 7.216757966896183898e-09 5.516618148705898836e-09 4.698649295914801751e-09 4.386802848917366025e-09 4.330242382417022147e-09 4.343995718042122895e-09 4.260914007219087229e-09 3.928062209798685229e-09 3.291106587421213703e-09 2.478062652308293448e-09 1.710031055367382946e-09 1.127180859409961455e-09 7.456630696483251078e-10 5.200232212328648320e-10 3.977653764088755122e-10 3.387523221356522722e-10 3.159955372368554102e-10 3.115237006413093200e-10 3.121368086722630608e-10 3.059182602618177784e-10 2.819256012823624605e-10 2.362249551230131150e-10 1.779241494106443562e-10 1.228372696423681521e-10 8.101748185842320652e-11 5.363458404984515705e-11 3.743270860479478468e-11 2.864639915405584417e-11 2.439524405774475362e-11 2.274231187124832044e-11 2.239956944991020257e-11 2.242372756001777762e-11 2.196364525456322920e-11 2.023569319672811093e-11 1.695585132762196933e-11 1.277385974516479178e-11 8.821915318027660451e-12 5.821104650546359422e-12 3.855800461403747039e-12 2.692613669291726633e-12 2.061395187051107630e-12 1.755430772281837621e-12 1.635709746125232931e-12 1.609888677754826643e-12 1.610493978522136875e-12 1.576659890069557413e-12 1.452232888141721725e-12 1.216746504355544395e-12 9.166362304499181003e-13 6.330134296670644954e-13 4.175982089121057448e-13 2.764586644039144576e-13 1.928540852948269023e-13 1.473980681636369415e-13 1.252529691234770889e-13 1.164396190016429570e-13 1.143334515496536102e-13 1.141014989023086544e-13 1.113838677789170853e-13 1.021511237071612747e-13 8.492613444035376875e-14 6.302719977289662303e-14 4.226325017656305271e-14 2.633968638107710211e-14 1.568935959743600867e-14 9.111310255997931223e-15 5.220515872040462717e-15 2.970557299250966698e-15 1.684367051137709923e-15 9.533824882851225608e-16 5.391527665440843769e-16 3.047635597997902538e-16 1.722333376662158827e-16 9.732462160183099289e-17 5.499254183013675241e-17 3.107224168766139424e-17 1.755638940894681910e-17 9.919612722126765012e-18 5.604703771789907466e-18 3.166721138775249904e-18 1.789231685801870510e-18 1.010934781792686004e-18
1.401350737489978873e-07 6.341025328384024913e-05 2.202278272222338588e-04 4.480863292840686998e-04 7.302130534104058282e-04 1.051187280138468931e-03 1.391957280150014388e-03 1.722533648589564701e-03 1.992358582963081517e-03 2.125430828262848265e-03 2.043510929596075582e-03 1.735047866965467494e-03 1.301801740491237772e-03 8.878807023072643901e-04 5.759943336485197568e-04 3.740592499442364684e-04 2.564139728361114045e-04 1.944744037390565186e-04 1.667279761798090294e-04 1.588125535581607999e-04 1.610478938822057678e-04 1.659861817007381071e-04 1.666407086710517088e-04 1.564929650030087000e-04 1.329071206678235318e-04 1.008624758597244386e-04 6.969424507646097030e-05 4.568831734543568309e-05 2.987092628274359244e-05 2.050795496960426104e-05 1.546360608811677166e-05 1.308136755016238304e-05 1.224686746987996988e-05 1.221884598870595725e-05 1.245009227541052940e-05 1.244594730617103543e-05 1.173066251010682264e-05 1.006116623797622891e-05 7.727526889276599187e-06 5.393890984196283418e-06 3.558281965749575028e-06 2.331101540262060225e-06 1.596322692583054296e-06 1.194935145001736731e-06 1.000117767454055119e-06 9.258547408639215511e-07 9.153206951027646309e-07 9.276898353478388455e-07 9.271176062001797241e-07 8.784690276837173932e-07 7.608400784615356474e-07 5.909155710593362207e-07 4.162204029706089462e-07 2.759769969770526326e-07 1.809124357049066308e-07 1.234033375119262669e-07 9.163610674332530517e-08 7.591190299136615736e-08 6.959241042559264111e-08 6.830854218963275619e-08 6.898519346142629739e-08 6.899516976828588996e-08 6.573721812686985046e-08 5.747778961237206036e-08 4.512429706711358982e-08 3.206407755555943046e-08 2.136253895406117082e-08 1.400744032075781526e-08 9.513602233473821201e-09 7.006620151075052719e-09 5.745832215212983128e-09 5.219114203806142008e-09 5.089979996528975444e-09 5.125432758906338234e-09 5.131594271783683733e-09 4.915897613465137605e-09 4.337996615389822128e-09 3.441860789877024244e-09 2.467190162577440946e-09 1.651721069233840677e-09 1.083309962694681965e-09 7.325809068212090000e-10 5.351101624767202176e-10 4.344303966251184982e-10 3.910522870757455409e-10 3.790321621548399158e-10 3.806436340498913026e-10 3.815080545215393769e-10 3.673808307678673196e-10 3.270960707121089388e-10 2.622519877553886143e-10 1.896568618010671522e-10 1.276097387009841837e-10 8.373111868492279240e-11 5.638571789738148725e-11 4.085352603770325382e-11 3.283686160976678403e-11 2.929234297719782138e-11 2.821855582874259452e-11 2.826255307948303370e-11 2.835354802348690870e-11 2.743863341432513054e-11 2.464154955467783510e-11 1.996213796486995408e-11 1.456659495231516389e-11 9.852926154578395719e-12 6.469469182973441338e-12 4.339415432918706518e-12 3.119131233487747278e-12 2.482179442066970700e-12 2.194166357696682595e-12 2.100612120097810921e-12 2.098006231721450852e-12 2.106314097961194552e-12 2.047746684847894711e-12 1.854290008564668622e-12 1.517498143199048523e-12 1.117293732784654813e-12 7.596886181534961269e-13 4.989768525986764078e-13 3.330768789144336770e-13 2.371544288935665921e-13 1.864653088187362402e-13 1.629670723740130747e-13 1.547292596898709042e-13 1.538128717145125418e-13 1.542111030857492469e-13 1.501728565352854381e-13 1.364612576845528704e-13 1.118482112252670805e-13 8.172665173641292576e-14 5.406938619482329938e-14 3.335722825787844991e-14 1.972426431554700874e-14 1.139204679956478069e-14 6.498754574258795865e-15 3.683892592571219071e-15 2.081581875055865011e-15 1.174308027746017027e-15 6.619437372892339001e-16 3.729797891437172108e-16 2.101174218548404587e-16 1.183573019111447262e-16 6.666626547965022213e-17 3.754967744876211372e-17 2.114953299966691030e-17 1.191221672776011093e-17 6.709389422142715471e-18 3.778963643174719622e-18 2.128443252074464064e-18
1.390050605836104112e-07 6.341120837536945616e-05 2.202376784247098011e-04 4.481264234602452476e-04 7.303609394317113436e-04 1.051687657416551687e-03 1.393441900782063560e-03 1.726340855263481383e-03 2.000714089996830092e-03 2.140765679872158773e-03 2.066125099609795058e-03 1.760811138453576442e-03 1.324385894114993821e-03 9.038482607721412499e-04 5.858622733232202130e-04 3.799352797753121572e-04 2.602043597127778928e-04 1.974390793005129519e-04 1.696230226662898371e-04 1.621226427354616455e-04 1.651665233969316004e-04 1.713201360342854322e-04 1.735759080095445922e-04 1.650563123874873377e-04 1.422337636253855997e-04 1.093676829998254367e-04 7.620941535931734971e-05 5.008433674911249894e-05 3.264778827080188462e-05 2.225074780263875667e-05 1.661714447905899986e-05 1.393530907518795852e-05 1.298201543650065158e-05 1.295293851495922146e-05 1.326989196392534068e-05 1.342108213565570453e-05 1.288903846034179721e-05 1.132451414347891572e-05 8.907816410216823171e-06 6.324858997906181701e-06 4.201432693881564816e-06 2.742762624866432722e-06 1.854327609392228206e-06 1.361922010045578467e-06 1.117937237375556833e-06 1.020686444857120456e-06 1.003656924606265143e-06 1.020786304654184625e-06 1.033574084835472802e-06 1.002959446695820868e-06 8.977428791619049531e-07 7.218539877293499803e-07 5.222040358706006629e-07 3.506573496667088012e-07 2.292374520686295492e-07 1.537215212863609163e-07 1.110435456540565300e-07 8.926038602735548872e-08 7.993559431699295326e-08 7.754615057287457393e-08 7.836454508998607161e-08 7.943768689857200251e-08 7.782131670388612681e-08 7.088246811707395846e-08 5.823430485252413099e-08 4.294400345924826889e-08 2.917899434027611812e-08 1.912137543996145953e-08 1.272954133239385842e-08 9.050592527178198834e-09 7.126474428069163360e-09 6.259223807341975907e-09 5.989348907215930198e-09 6.012094003340752229e-09 6.097344979476948277e-09 6.023174409388499696e-09 5.575589275371497517e-09 4.677974993896468424e-09 3.518684470103081129e-09 2.422270286935936896e-09 1.593395119840063671e-09 1.054475378120652015e-09 7.386919033883045102e-10 5.699826456530603611e-10 4.908140439503882572e-10 4.629358389498262630e-10 4.612530671737785265e-10 4.675843642770644706e-10 4.651543770525252233e-10 4.370270922061557848e-10 3.742254610635768370e-10 2.872690573883911783e-10 2.006255145741499322e-10 1.326842127950603647e-10 8.742168101478381268e-11 6.041692058993008028e-11 4.570816186458860969e-11 3.857394213621697213e-11 3.583097093549135595e-11 3.540308389576631036e-11 3.583581486888440588e-11 3.585389460284945974e-11 3.414214121591934903e-11 2.981524614833515443e-11 2.336664422806804510e-11 1.657744224049868459e-11 1.104065919686635941e-11 7.254302976345449654e-12 4.952909636092021810e-12 3.676524091583778674e-12 3.039788196787520182e-12 2.778079107484858579e-12 2.719064138347858404e-12 2.745169445862160040e-12 2.758624218681960784e-12 2.658631773812457595e-12 2.365380604694612784e-12 1.892770456596240803e-12 1.365449742950503742e-12 9.169122607769525637e-13 6.013431074063107662e-13 4.056894272851679610e-13 2.951676366754531911e-13 2.385289220000866602e-13 2.138107591275395936e-13 2.066749276290391445e-13 2.075288843549557764e-13 2.087929135057624162e-13 2.027974570728091619e-13 1.827342737097378553e-13 1.479049810795417528e-13 1.066259540153143321e-13 6.972705141623500102e-14 4.263636532082035843e-14 2.504483483158292067e-14 1.439095362369197101e-14 8.174488036457159006e-15 4.616179639321875510e-15 2.599092145329654130e-15 1.461229445188820743e-15 8.209080039774473602e-16 4.610102496571753736e-16 2.588492117282686663e-16 1.453259808623509365e-16 8.158677602967360116e-17 4.580219892136805529e-17 2.571271317987895880e-17 1.443467427818192466e-17 8.103354180980487826e-18 4.549063797104392562e-18
1.378065776952180528e-07 6.341148843889044158e-05 2.202410227638091017e-04 4.481439403113219927e-04 7.304543946460600361e-04 1.052079780667944820e-03 1.394736882783043867e-03 1.729851555180459896e-03 2.008672522898217322e-03 2.155700269206871182e-03 2.088535283896648248e-03 1.786681012702564728e-03 1.347235838915833948e-03 9.200215246438495564e-04 5.958108770832948840e-04 3.858104010181364978e-04 2.639651673044941089e-04 2.003749550859551911e-04 1.724998691780562461e-04 1.654250683673241134e-04 1.692864499331592709e-04 1.766725361040052695e-04 1.805882113936339883e-04 1.738541530107436215e-04 1.520469503375372351e-04 1.185451008564702134e-04 8.337569027574351355e-05 5.496878884871799577e-05 3.573826806124091117e-05 2.417959733213126785e-05 1.787849069948661560e-05 1.485316132243481465e-05 1.375774631731507063e-05 1.371596986488056741e-05 1.411439879318424161e-05 1.442575559539762266e-05 1.410070751028911678e-05 1.268952551827443173e-05 1.023670518438489170e-05 7.411665958833971788e-06 4.969756095864723995e-06 3.239087593556393317e-06 2.164487435017011427e-06 1.559834721395115814e-06 1.254157939592578946e-06 1.126941250970332026e-06 1.099711501912719648e-06 1.119812109628784579e-06 1.145692800493458131e-06 1.135416782130740235e-06 1.048858517939427093e-06 8.745562005867038267e-07 6.526220504146203529e-07 4.460975618312976669e-07 2.921547579285539159e-07 1.932473936602376510e-07 1.359805566614080154e-07 1.059043323208614470e-07 9.230047213469530258e-08 8.811251635380848855e-08 8.871690403715648536e-08 9.071861496711128522e-08 9.090488157442252432e-08 8.594283640819813890e-08 7.396868097566164617e-08 5.696431143669793711e-08 3.981377633249120599e-08 2.629136746173834055e-08 1.727190750693074721e-08 1.190007110959886540e-08 8.988089838087296042e-09 7.592018136362113843e-09 7.077307434353859534e-09 7.032499269808927604e-09 7.171518975986851026e-09 7.244857700351348101e-09 6.987397299047299746e-09 6.195877542747016059e-09 4.928190809950320988e-09 3.532504815922498699e-09 2.361087524537800217e-09 1.546448883139569955e-09 1.046765697817784189e-09 7.681055946337675102e-10 6.284334319101114577e-10 5.708465613127819831e-10 5.584593430082475515e-10 5.665622680062697675e-10 5.753392263990341049e-10 5.642019319607398154e-10 5.141968883031687827e-10 4.224657835866101674e-10 3.113890237514868738e-10 2.114755989856655048e-10 1.386599794484020570e-10 9.255460375070247303e-11 6.614000424471933524e-11 5.241162417834453797e-11 4.629500603025016663e-11 4.447176166283988205e-11 4.476942784691124477e-11 4.556999541022134933e-11 4.528761788447032139e-11 4.230199208271372332e-11 3.587727950116159391e-11 2.724968407472452199e-11 1.887431940897407676e-11 1.244064474113640118e-11 8.221670860144557704e-12 5.738456200823674782e-12 4.407032588869375626e-12 3.778494221031540026e-12 3.554214100022080636e-12 3.540859042494536905e-12 3.602596858356366579e-12 3.616546531903738640e-12 3.451432732250192756e-12 3.017351884934420713e-12 2.364570712011204817e-12 1.675729760809158650e-12 1.114415479164060146e-12 7.315314101403846266e-13 4.996303030530541042e-13 3.715892798616977273e-13 3.081366379450033436e-13 2.824468376866410723e-13 2.771828922913743664e-13 2.806529167985451139e-13 2.831586828297989740e-13 2.743935015122374252e-13 2.454772476139191246e-13 1.965980271069657001e-13 1.401342573533856429e-13 9.074017415943838812e-14 5.505734039480468842e-14 3.214744172712315571e-14 1.838242794742050646e-14 1.039785696161979597e-14 5.849135598332606227e-15 3.281247951662410166e-15 1.838177390706201200e-15 1.029052624653779153e-15 5.758897962106295429e-16 3.222310277211072833e-16 1.802845767440233848e-16 1.008629071499259834e-16 5.642807808400686801e-17 3.156853876341569399e-17 1.766084283602126150e-17 9.880234091263747584e-18
1.365347276053429620e-07 6.341116291888773779e-05 2.202376748957500161e-04 4.481377378939286130e-04 7.304901951460508833e-04 1.052356622867852516e-03 1.395828719895249748e-03 1.733042032747935399e-03 2.016195895930484889e-03 2.170181930434465778e-03 2.110684899959213313e-03 1.812616386833907538e-03 1.370330819421849283e-03 9.363880531146202531e-04 6.058281685912099901e-04 3.916731390075894447e-04 2.676869583647213473e-04 2.032750018232464635e-04 1.753532970837736512e-04 1.687153209991170712e-04 1.734022127682387552e-04 1.820340743506227441e-04 1.876603067988115100e-04 1.828626441831631636e-04 1.623378066027756749e-04 1.284266604471398011e-04 9.125479137577281903e-05 6.040163520950650840e-05 3.918473209968994890e-05 2.631989117814632342e-05 1.926163147781998305e-05 1.584232057119687174e-05 1.457786013149609038e-05 1.450968024486109039e-05 1.498367608047709284e-05 1.545745681013114574e-05 1.535955717016715744e-05 1.415082523735173728e-05 1.172030899556996165e-05 8.674203838482765207e-06 5.886885496745487489e-06 3.838980946198990194e-06 2.539186566433204359e-06 1.796012702407730487e-06 1.412933098980242485e-06 1.246931189169356013e-06 1.204764927777397550e-06 1.225430488359949409e-06 1.263550548713758915e-06 1.275058345595379104e-06 1.212934664187220354e-06 1.049397698253235509e-06 8.109360141297980856e-07 5.673335527199999281e-07 3.741390225385074825e-07 2.450995557034222878e-07 1.683697055449376211e-07 1.269617792088546224e-07 1.073226237239502289e-07 1.003684179645666895e-07 1.002481925144398295e-07 1.029333327365257989e-07 1.049402124007993412e-07 1.024734141201072736e-07 9.227929736111982535e-08 7.455504291890459451e-08 5.406132866496127847e-08 3.630673082956027428e-08 2.372568926781923845e-08 1.592858288066830033e-08 1.155248439928723207e-08 9.345181878985710185e-09 8.426896416545900249e-09 8.229100953639457734e-09 8.377827034957137501e-09 8.584744741871323557e-09 8.553437182812312790e-09 7.978936070378487886e-09 6.736579585124050237e-09 5.085488073955917937e-09 3.502660395930990313e-09 2.300721897382705083e-09 1.520454004355643479e-09 1.065847792205319838e-09 8.254681816881179520e-10 7.151598768490394241e-10 6.794732263199149663e-10 6.826976346459609498e-10 6.996473990250104391e-10 7.070987928337180733e-10 6.794622131570606117e-10 5.981051111515387564e-10 4.713975779917013425e-10 3.351584049546012125e-10 2.230079936003159758e-10 1.461904637434789596e-10 9.966432700317397438e-11 7.406282863533261776e-11 6.149192448861598674e-11 5.656110635606529237e-11 5.580762940159362870e-11 5.692469504461428190e-11 5.803200316536212057e-11 5.710051893829694461e-11 5.220089168950477672e-11 4.299324106897169762e-11 3.172829046910559433e-11 2.154885990874189379e-11 1.412412300863630754e-11 9.430745533753165283e-12 6.751018781563469896e-12 5.366171770595643869e-12 4.756680406146299819e-12 4.584791554886589241e-12 4.632044213794110063e-12 4.738289379776134435e-12 4.745375992881451098e-12 4.482506440790159369e-12 3.853404423583350458e-12 2.963085000461584948e-12 2.068171719468158414e-12 1.365444708022605418e-12 8.988064539355314382e-13 6.221183432759677839e-13 4.727706182031739067e-13 4.014408107652769651e-13 3.751923010387027259e-13 3.729203024196417393e-13 3.802471322338454907e-13 3.846203882899170978e-13 3.721183911771756368e-13 3.310682060138130219e-13 2.629523838047792466e-13 1.857403360022124853e-13 1.192953609515835824e-13 7.190074142923671303e-14 4.175324699331603316e-14 2.376418103497485757e-14 1.338583538029479953e-14 7.500472784119150486e-15 4.191720382429350931e-15 2.339533212691115150e-15 1.304922790652604513e-15 7.276137004858380619e-16 4.056464515086852822e-16 2.261310103467289250e-16 1.260536688256948300e-16 7.026553688804617757e-17 3.916742530168216411e-17 2.183260590006259753e-17
1.351842095950605161e-07 6.341022077089043785e-05 2.202267888218528778e-04 4.481048701634226042e-04 7.304619614521453948e-04 1.052506808162031798e-03 1.396698991545643155e-03 1.735883600617071833e-03 2.023241441389671182e-03 2.184153180792305481e-03 2.132512242275288843e-03 1.838571569822234535e-03 1.393647096612184210e-03 9.529335004450628773e-04 6.159006328667498455e-04 3.975107790866973440e-04 2.713594242180635517e-04 2.061316655544665421e-04 1.781778315161910650e-04 1.719888321496910132e-04 1.775084302983183208e-04 1.873955471089602722e-04 1.947743798644424617e-04 1.920548380302058728e-04 1.730908184528122081e-04 1.390400547502400916e-04 9.991185099041095070e-05 6.645025376530515847e-05 4.303608505469074745e-05 2.870122314911491756e-05 2.078288289574353653e-05 1.691138102585872674e-05 1.544676174534478105e-05 1.533614941296848190e-05 1.587808250220510640e-05 1.651400556654808522e-05 1.665916171718572514e-05 1.570046010165519933e-05 1.336098386849852716e-05 1.013185697221424398e-05 6.979729580130030996e-06 4.565492667957932781e-06 2.994003835605861581e-06 2.079801213415069049e-06 1.599560640173857592e-06 1.383595213826823880e-06 1.320440815767082171e-06 1.338516729758364258e-06 1.387420628704471287e-06 1.421243319366395704e-06 1.388356301577613897e-06 1.245669190165296610e-06 9.999281906769910101e-07 7.199491926460845634e-07 4.808343636114143708e-07 3.134597434723132707e-07 2.108607493842092884e-07 1.539884705053500735e-07 1.258861556784423942e-07 1.148126083238667048e-07 1.132430573313806619e-07 1.162358174592911027e-07 1.199364724358164915e-07 1.202803025773638613e-07 1.129386055463083249e-07 9.593638738828699083e-08 7.273534321508001810e-08 5.017190601963915770e-08 3.291601439457216625e-08 2.168942972218373285e-08 1.515499252952640219e-08 1.171273924534904217e-08 1.014859582667987913e-08 9.665299205059407476e-09 9.753426597065202940e-09 1.005913345797228862e-08 1.026054968009368722e-08 9.991249994836560159e-09 8.944787269827624372e-09 7.171343894877338889e-09 5.162526544112862206e-09 3.451805475453292184e-09 2.256194123636829009e-09 1.523781833512471272e-09 1.117637498595303296e-09 9.163863876172423702e-10 8.360593166172362783e-10 8.229373321329850403e-10 8.419805602004609500e-10 8.660278212010405702e-10 8.661731555451977515e-10 8.115048780663055320e-10 6.881487063821522853e-10 5.211880611718820542e-10 3.594959441020383481e-10 2.361438215789221268e-10 1.560056605655273468e-10 1.093899998997560719e-10 8.482396172415529609e-11 7.362432276038303866e-11 7.009371208292304469e-11 7.060321348654309381e-11 7.264717546842703671e-11 7.393715182281521414e-11 7.184936123551252674e-11 6.420252661848260108e-11 5.139365811792907340e-11 3.696633946975881267e-11 2.472213276998913754e-11 1.618283904612517743e-11 1.095818660166814242e-11 8.062530089723053983e-12 6.626965578275801080e-12 6.051347542202378652e-12 5.952135154794631401e-12 6.080287922343493053e-12 6.242745965618395707e-12 6.232461900875578118e-12 5.828063387391257702e-12 4.932795693340136330e-12 3.730063126097154662e-12 2.570435797501526910e-12 1.688178856766415489e-12 1.115815503916973046e-12 7.829658195265210048e-13 6.073179737150725841e-13 5.267668136637915885e-13 5.006014011011392649e-13 5.029412063817731080e-13 5.159538060168196975e-13 5.232566204406386292e-13 5.059840170102485611e-13 4.485921806284829298e-13 3.542470485510189702e-13 2.485562238295553316e-13 1.586150188484283959e-13 9.505672492801274780e-14 5.492569354953597926e-14 3.112134276915504838e-14 1.745669104965633736e-14 9.742281774155842991e-15 5.423268075289869127e-15 3.015205600914855742e-15 1.675341559795742651e-15 9.305860764261884519e-16 5.168253791267261484e-16 2.870109698898995970e-16 1.593811687064589702e-16 8.850493993340105302e-17 4.914666411441597552e-17
1.337492873117636293e-07 6.340852878022945540e-05 2.202069613769113733e-04 4.480422476031497929e-04 7.303650726026728610e-04 1.052522720307076751e-03 1.397332948432547387e-03 1.738349226851364010e-03 2.029765462800718970e-03 2.197553176941712243e-03 2.153950511695361825e-03 1.864495828581743666e-03 1.417157536391290811e-03 9.696413319425126838e-04 6.260130015983024617e-04 4.033092048527161947e-04 2.749712636634127111e-04 2.089367441054235791e-04 1.809675832717056235e-04 1.752407786041362250e-04 1.815996133142528258e-04 1.927477572000052010e-04 2.019122128214482636e-04 2.014008763546160888e-04 1.842832245955046129e-04 1.504070932289359086e-04 1.094146581592260323e-04 7.319013178935486951e-05 4.734884860906974149e-05 3.135819893707167058e-05 2.246135593236284141e-05 1.807037465958084724e-05 1.636957929091116434e-05 1.619785301130235124e-05 1.679830196923835550e-05 1.759363996177169530e-05 1.799311938366618998e-05 1.732820962164315087e-05 1.515645571587110821e-05 1.180206013499741651e-05 8.278187026596088371e-06 5.446516618787366467e-06 3.548541689187524541e-06 2.423148599475822812e-06 1.820839830937090188e-06 1.540694496028627878e-06 1.448807621902455386e-06 1.460205106821055194e-06 1.517798094169424132e-06 1.573565688034854668e-06 1.573372043319535304e-06 1.461550921225844461e-06 1.221143126309147119e-06 9.096714371573698182e-07 6.191504530514005905e-07 4.038825475558551166e-07 2.671081618675307347e-07 1.891619298828578788e-07 1.492313978929951574e-07 1.321412621371314472e-07 1.280953854482033318e-07 1.308512258460209882e-07 1.359747661828960092e-07 1.392161400295756896e-07 1.355924182394808261e-07 1.210256015939856359e-07 9.651611881748178756e-08 6.907265095330348764e-08 4.597220379949242057e-08 2.999537549245348950e-08 2.030407978542428350e-08 1.499208988808936354e-08 1.241158888395327205e-08 1.143707344508326444e-08 1.135428337441824144e-08 1.169950692907540402e-08 1.211073812001473932e-08 1.219367018790787903e-08 1.150971961319195263e-08 9.835035174661435904e-09 7.493536618512113829e-09 5.182907978648577896e-09 3.402181035220670374e-09 2.240501918375792134e-09 1.564470929659684953e-09 1.208918864855257464e-09 1.047803012829968932e-09 9.985806285452883213e-10 1.009122302473305223e-09 1.044122370066987484e-09 1.072095661390832185e-09 1.055996665756875229e-09 9.608847868215633887e-10 7.842384584078204624e-10 5.726540706057183242e-10 3.856267413023561657e-10 2.519240479039487226e-10 1.689512296728685448e-10 1.225187713828041710e-10 9.923458057252110263e-11 8.967479596626765384e-11 8.782246742814040939e-11 8.984569934246069379e-11 9.293534928104340316e-11 9.419428896051564572e-11 9.024357972927160684e-11 7.878824889214147461e-11 6.139893906812995964e-11 4.318787289567678404e-11 2.855314753053236604e-11 1.873580727755030320e-11 1.290398371630620922e-11 9.767371937279117855e-12 8.285498237556845219e-12 7.764044793189910519e-12 7.765173290937435066e-12 8.002015174956059976e-12 8.236727623542561908e-12 8.195414856310931757e-12 7.592171930048592513e-12 6.337635062475361913e-12 4.723768143091307469e-12 3.221058408223979389e-12 2.107801342650627421e-12 1.399955990755096600e-12 9.955733175195218506e-13 7.869172018647411061e-13 6.953840824408117592e-13 6.702507831295017167e-13 6.795282047310548731e-13 7.009275802723401084e-13 7.129650500111228231e-13 6.900313288321573301e-13 6.110625835001565386e-13 4.811210171085293994e-13 3.361629977944162660e-13 2.135155585752017661e-13 1.273581291879054579e-13 7.325791359354101377e-14 4.132861361534459042e-14 2.308476420424838996e-14 1.283016085481002105e-14 7.113158703574169449e-15 3.938774512573995429e-15 2.179703829446265398e-15 1.205881368658743913e-15 6.670339670466705194e-16 3.689435102129333733e-16 2.040592478647649873e-16 1.128612928576774357e-16
1.322237577860818314e-07 6.340581412744398799e-05 2.201769295297638027e-04 4.479488086718370009e-04 7.301963823013886933e-04 1.052393510358694316e-03 1.397709972002084090e-03 1.740407911277045382e-03 2.035722103472400579e-03 2.210317854753960157e-03 2.174927554829624628e-03 1.890332813179120388e-03 1.440831113468567064e-03 9.864924928938046018e-04 6.361480136771346288e-04 4.090527026568232692e-04 2.785100497483592829e-04 2.116813681266115456e-04 1.837163743334000528e-04 1.784662924989880654e-04 1.856703482195093283e-04 1.980816477919550495e-04 2.090554059382300077e-04 2.108683142522911960e-04 1.958845509931087610e-04 1.625418399346839670e-04 1.198325119512149692e-04 8.070549925222905664e-05 5.218841245646550921e-05 3.433141964936838318e-05 2.431953386763533991e-05 1.933106265018714358e-05 1.735229387000016842e-05 1.709771176041829970e-05 1.774535816392533048e-05 1.869507350316013843e-05 1.935537482745450227e-05 1.902211326633178112e-05 1.709921052307686979e-05 1.369847451052800760e-05 9.814378751319257838e-06 6.515440681461384766e-06 4.227437903306782123e-06 2.841386781096648819e-06 2.085548460058860964e-06 1.723075482209068554e-06 1.592515995035218676e-06 1.591953535060749914e-06 1.655423919936594940e-06 1.731917314949525427e-06 1.766339940105551919e-06 1.694294255023172958e-06 1.474370265756577288e-06 1.141680479334600917e-06 7.971806074313845895e-07 5.236314935510524780e-07 3.421418329540017141e-07 2.355448315201374209e-07 1.791132208043322176e-07 1.533362972324701870e-07 1.453550487117935318e-07 1.470961184337682328e-07 1.532180489971026791e-07 1.592228527778535048e-07 1.598541252639893589e-07 1.494172226238321474e-07 1.257494320730710197e-07 9.424884752246568458e-08 6.436602637504802793e-08 4.202002280718599167e-08 2.776983703962291832e-08 1.964241093676723367e-08 1.547807785303665996e-08 1.369210602900235037e-08 1.326485310877609132e-08 1.355614246450306257e-08 1.412583385864868719e-08 1.456153247374522598e-08 1.436049046799863044e-08 1.304985031522599921e-08 1.061435410352912505e-08 7.716136866716953760e-09 5.175302628560446864e-09 3.373960341621657879e-09 2.265376658639764657e-09 1.651073149089485633e-09 1.347899633988355832e-09 1.228466765059778234e-09 1.212148578071936166e-09 1.247978453249059762e-09 1.298680553063330922e-09 1.325208316068935166e-09 1.280280641077887481e-09 1.128516230669604469e-09 8.870944912701752546e-10 6.272573900685386537e-10 4.150457547528339766e-10 2.715405780405797079e-10 1.860409921699678465e-10 1.400379343054956088e-10 1.183304281340096779e-10 1.107557497257564909e-10 1.109470150970128064e-10 1.148102563506547165e-10 1.190731819276532299e-10 1.199698010872316322e-10 1.132058082208638922e-10 9.660749176311800304e-11 7.345201555942654797e-11 5.069582266454394258e-11 3.325126468644408467e-11 2.193867584004437767e-11 1.539924574652044437e-11 1.198958441246116049e-11 1.046820307839606546e-11 1.002866004493717182e-11 1.016799138444960324e-11 1.055188432550329229e-11 1.088178902142334057e-11 1.079353402123629858e-11 9.918183543446908460e-12 8.182788730591623996e-12 6.026316252380735228e-12 4.074310470405627746e-12 2.659570621412328764e-12 1.775364999937992835e-12 1.278341318963132230e-12 1.027475088812647756e-12 9.225542348045531783e-13 8.997954492092912283e-13 9.193199900853535674e-13 9.530885587171070772e-13 9.728961555121076649e-13 9.439744675663380874e-13 8.372003063342736517e-13 6.592541238591433522e-13 4.599396664987676487e-13 2.913022908533259721e-13 1.731196406038334033e-13 9.917697457416952152e-14 5.571601086293779073e-14 3.098914039737869649e-14 1.715021767326356023e-14 9.467961886906421001e-15 5.220533883090170648e-15 2.876826223885104991e-15 1.584837599429999846e-15 8.729577480997332787e-16 4.808070973983393444e-16 2.648093765633305932e-16
1.306009214581801825e-07 6.340168502162191742e-05 2.201362881117323962e-04 4.478236226925872972e-04 7.299483169765690277e-04 1.052107564649398027e-03 1.397813399334583116e-03 1.742027849099164619e-03 2.041060757831070389e-03 2.222378132965681548e-03 2.195365077036288276e-03 1.916019856169784950e-03 1.464632352221673702e-03 1.003465022448747331e-03 6.462860952709596719e-04 4.147237491882679893e-04 2.819621748088230379e-04 2.143559976310577915e-04 1.864175810557440211e-04 1.816602329247931605e-04 1.897152187577887616e-04 2.033883828142407950e-04 2.161856001409756295e-04 2.204225233297384969e-04 2.078563241227084871e-04 1.754485692841234814e-04 1.312345839557256912e-04 8.908983600298562905e-05 5.763047281917819422e-05 3.766866672175915386e-05 2.638396993811565911e-05 2.070729566943604091e-05 1.840191835095862850e-05 1.803917317263389457e-05 1.872064287687314873e-05 1.981753426438861976e-05 2.074050251768035170e-05 2.076916884185851117e-05 1.917630326283155837e-05 1.582889543521098642e-05 1.162120269597984596e-05 7.811607163317292328e-06 5.061566258245753221e-06 3.354249948512077083e-06 2.405087862835382299e-06 1.937029711775969992e-06 1.754987336584070449e-06 1.735635020455466063e-06 1.801316539956951755e-06 1.896522748052978212e-06 1.965945264366610654e-06 1.940595720205336283e-06 1.757342738075472453e-06 1.419648669946599737e-06 1.023794560988586349e-06 6.819738473323154736e-07 4.428431453156116100e-07 2.974585123810247683e-07 2.180341636881445626e-07 1.797973480480348913e-07 1.657989656564187108e-07 1.654119785081291610e-07 1.719214447492775802e-07 1.803557019048369682e-07 1.854076247857865898e-07 1.804686091001911969e-07 1.602681507184873639e-07 1.267416933594535808e-07 8.986981534149262269e-08 5.940687983145885188e-08 3.870986980588856848e-08 2.637573019779448247e-08 1.975877601221023124e-08 1.666119461090472393e-08 1.561488949967352906e-08 1.570522765784480684e-08 1.635014875280347500e-08 1.709676888052161872e-08 1.742885405119888652e-08 1.671913203772440704e-08 1.455356979851138030e-08 1.126987286891044829e-08 7.866861637906190937e-09 5.168943501576267949e-09 3.385169339473207713e-09 2.342359443136139645e-09 1.793471747024804994e-09 1.544776519110755532e-09 1.469413314290024653e-09 1.488723587813517076e-09 1.552002548101795859e-09 1.617256883170588266e-09 1.633918991508798456e-09 1.543361400973447822e-09 1.316149004955732667e-09 9.984680388952669174e-10 6.870813417573917842e-10 4.495254839727414534e-10 2.963945575258576475e-10 2.085223113589079458e-10 1.631982676206377016e-10 1.434372136585287848e-10 1.382978279676032547e-10 1.410165917654055216e-10 1.471447844855639805e-10 1.527185244152773328e-10 1.527783350424130815e-10 1.419582931044432204e-10 1.185472107530615062e-10 8.816316008830976113e-11 5.989916156135629507e-11 3.909409048529381778e-11 2.599664156179710355e-11 1.861662464575425413e-11 1.489237906185952579e-11 1.334142352301934948e-11 1.302161168103411904e-11 1.335103506325010459e-11 1.393533581368111484e-11 1.439451544061071703e-11 1.424367472666788847e-11 1.300507494842435429e-11 1.063045106386626772e-11 7.754704839383011669e-12 5.207553145342144517e-12 3.393439059856721322e-12 2.275856590077279923e-12 1.656697626539975880e-12 1.350711669469862573e-12 1.228960315231351013e-12 1.210388337007378912e-12 1.244816035618130659e-12 1.296793742257598468e-12 1.329384475820257311e-12 1.295474873819895306e-12 1.154005947832658287e-12 9.119228894542312280e-13 6.371685806342769121e-13 4.032240103202912549e-13 2.390253305780888455e-13 1.364469848068624859e-13 7.634298516674853953e-14 4.227999252791093588e-14 2.329639032910681759e-14 1.280418286197203157e-14 7.028782333735649409e-15 3.856082755265999591e-15 2.114873431037442575e-15 1.159737378322881977e-15 6.359224968298006676e-16
1.288735562234026342e-07 6.339569972572591395e-05 2.200853891160780001e-04 4.476628850937628052e-04 7.296151408052829876e-04 1.051655524317456720e-03 1.397620207002410464e-03 1.743176322765792536e-03 2.045729597818548174e-03 2.233659733132687189e-03 2.215177872695957197e-03 1.941487150407008883e-03 1.488520667344665760e-03 1.020533594706810173e-03 6.564050226525687190e-04 4.203028176712255977e-04 2.853126642236489784e-04 2.169501822629556383e-04 1.890642164342725133e-04 1.848173711374185570e-04 1.937287833631723703e-04 2.086593285776685007e-04 2.232846563556188885e-04 2.300271582764413494e-04 2.201520110128640307e-04 1.891195971049655319e-04 1.436876879254302521e-04 9.844614620888320208e-05 6.376265026941650997e-05 4.142635142908218443e-05 2.868618370707904191e-05 2.221546681702207322e-05 1.952669970071102564e-05 1.902629842333398779e-05 1.972594373816650079e-05 2.096078146377871668e-05 2.214392789450476688e-05 2.255612566737152385e-05 2.136970799828094488e-05 1.819312525213362627e-05 1.373002334070830696e-05 9.380359947170639534e-06 6.089402608834127365e-06 3.987191454927837605e-06 2.794352730538091796e-06 2.190787298053146802e-06 1.940674281733852078e-06 1.893666968306924296e-06 1.956819714604978661e-06 2.067954233812627992e-06 2.171355539550634361e-06 2.197083204394904289e-06 2.065818651556564368e-06 1.744658926420852424e-06 1.307739738869814678e-06 8.902929793187979161e-07 5.785162973231796860e-07 3.810049520037618857e-07 2.695884321692359094e-07 2.135402035730005175e-07 1.905391274258560519e-07 1.864197676890301207e-07 1.924507629779070724e-07 2.027923161075849519e-07 2.120854760352702293e-07 2.134711424794343117e-07 1.993432156687005358e-07 1.670404825751880927e-07 1.243537124254095299e-07 8.434123761216419742e-08 5.483467244504942328e-08 3.629607700941617837e-08 2.590261893446732541e-08 2.071015935429017738e-08 1.860803028798386322e-08 1.826275010895809561e-08 1.885450360855494973e-08 1.983271977230704162e-08 2.067768086850340159e-08 2.071448175160317192e-08 1.921527203645505499e-08 1.597671525900197908e-08 1.181279654115681899e-08 7.981658113046489630e-09 5.191399984437898842e-09 3.452588582509258849e-09 2.483889612342787575e-09 2.003622700280366858e-09 1.812348182630500534e-09 1.784614823295538503e-09 1.843467317023715749e-09 1.936809048879100540e-09 2.013954154631734290e-09 2.008417380236022640e-09 1.850770508522888078e-09 1.526906298891255909e-09 1.121307667459883528e-09 7.548422485265086863e-10 4.911720607797690452e-10 3.281783882123262752e-10 2.379569441762061352e-10 1.935930724990410006e-10 1.762535596475818185e-10 1.741418757680353464e-10 1.800319942712723811e-10 1.889806491046664033e-10 1.960237551575682018e-10 1.946106223750147878e-10 1.781452053059831732e-10 1.458289436561331223e-10 1.063738533750231634e-10 7.135270979087305542e-11 4.645320965214931404e-11 3.118235364451064447e-11 2.278435606910759771e-11 1.869073336819722120e-11 1.712395432198590776e-11 1.697515356566892172e-11 1.756573175409712283e-11 1.842511041370867634e-11 1.906561867169945256e-11 1.884214602423921696e-11 1.713081395892625750e-11 1.391173581117196017e-11 1.007758906205852581e-11 6.732546840945458693e-12 4.381119830118027080e-12 2.949334613064521841e-12 2.166055104551751718e-12 1.786406397132551346e-12 1.642665497900009492e-12 1.630588454066436386e-12 1.686377040210481880e-12 1.765047722133298086e-12 1.818514691963367401e-12 1.783236826495135589e-12 1.600433644750092623e-12 1.273873799440359684e-12 8.943918068906089968e-13 5.668688168035945530e-13 3.356152663579951452e-13 1.910174009050465269e-13 1.064611014336267727e-13 5.870514464408486059e-14 3.220030805374058669e-14 1.761624543418051224e-14 9.625296177214884302e-15 5.255878441322406197e-15 2.869096257845597106e-15 1.565960686671199248e-15
1.270338993560300785e-07 6.338747686373734857e-05 2.200242074403937261e-04 4.474624745531045823e-04 7.291930595775152806e-04 1.051022247885466474e-03 1.397111490415240027e-03 1.743815721285954263e-03 2.049673663949446757e-03 2.244083600388871447e-03 2.234273210732528377e-03 1.966656871876857390e-03 1.512449592418165650e-03 1.037668967074658038e-03 6.664795452232612737e-04 4.257680783316196535e-04 2.885449325865561639e-04 2.194527020184852803e-04 1.916487657727266344e-04 1.879322826201815732e-04 1.977056799774394320e-04 2.138861183931916178e-04 2.303348368717558477e-04 2.396446882227503935e-04 2.327172305313750375e-04 2.035330973361871426e-04 1.572533601869653978e-04 1.088868283871694079e-04 7.068631998724990699e-05 4.567128535364358392e-05 3.126374844306188916e-05 2.387508697632579057e-05 2.073639065012341097e-05 2.006387524272802234e-05 2.076347840281761605e-05 2.212510606122544121e-05 2.356207457240896676e-05 2.437028732624039158e-05 2.365724947695002766e-05 2.078117207239218609e-05 1.616739862661629385e-05 1.127233422907296259e-05 7.358463390628982431e-06 4.773068679248872339e-06 3.272909405880734862e-06 2.495198521805740393e-06 2.155422412373896570e-06 2.069193475949824387e-06 2.123677439513681539e-06 2.247140296154205000e-06 2.382299522461584891e-06 2.460799947945107218e-06 2.394112753557551890e-06 2.114316016263506759e-06 1.656149544949943060e-06 1.161775754581509262e-06 7.614883071191744365e-07 4.947754041953242539e-07 3.389673613453606176e-07 2.574976264496428745e-07 2.211880214392756326e-07 2.110064785768094959e-07 2.153180493377385209e-07 2.268371310935154883e-07 2.399067054836451132e-07 2.478395934419807666e-07 2.418362911892492288e-07 2.147603655477191903e-07 1.693528819859807477e-07 1.194871988035511132e-07 7.859055750874777413e-08 5.110313226881393290e-08 3.494086135656462079e-08 2.642608105653402346e-08 2.257001532435670324e-08 2.140993054783355575e-08 2.174603386506738273e-08 2.283554348822442740e-08 2.411589698204860834e-08 2.493054412532662125e-08 2.440477462980555427e-08 2.179329140691832580e-08 1.729942107436413607e-08 1.227448107257812138e-08 8.099292216697872270e-09 5.268294636292779363e-09 3.593039398199191046e-09 2.704350758241045248e-09 2.296345295997007477e-09 2.166739777400779889e-09 2.191795683803132033e-09 2.295570462303549678e-09 2.421855335851021355e-09 2.506059242297199938e-09 2.461273001169559194e-09 2.210059727034755979e-09 1.765853300896274053e-09 1.259925373730104450e-09 8.339493822716437529e-10 5.425307984439596687e-10 3.689847573250134553e-10 2.763200138821610943e-10 2.332567497953920954e-10 2.189569490312527210e-10 2.206565103991071545e-10 2.305759522881545019e-10 2.430780399950831432e-10 2.517999343674745474e-10 2.481123930562904825e-10 2.240058465277987490e-10 1.801472458989260961e-10 1.292503028296760866e-10 8.581610555328405224e-11 5.583143749538516786e-11 3.786098642447898180e-11 2.820535355805609939e-11 2.366813598055238348e-11 2.210348416744080576e-11 2.219467370040364767e-11 2.314346368883937195e-11 2.438284104050658476e-11 2.528529406870898036e-11 2.499465279919556032e-11 2.268568384873572484e-11 1.835884924478241757e-11 1.324109808914232217e-11 8.813111906706398808e-12 5.727103891315146740e-12 3.864554900896356144e-12 2.856206856850214861e-12 2.375610133068612806e-12 2.201819008996097093e-12 2.198933576488051722e-12 2.284877267292930734e-12 2.402402134250523517e-12 2.489478616166405785e-12 2.461130580397468167e-12 2.232532986788832365e-12 1.797136355870325988e-12 1.272776334408463615e-12 8.101578603549472295e-13 4.798195687599130636e-13 2.724827469326597863e-13 1.513120392178359809e-13 8.307478572288403396e-14 4.535429495804235679e-14 2.469277935180312126e-14 1.342574594341439671e-14 7.294971483149698367e-15 3.962517938235773251e-15
1.250736439044672082e-07 6.337682077304460657e-05 2.199512543984901162e-04 4.472215920445198338e-04 7.286723992600604299e-04 1.050198154785110527e-03 1.396261494981396135e-03 1.743909849480127384e-03 2.052833000419305651e-03 2.253565411119131268e-03 2.252550087789249259e-03 1.991442156500028600e-03 1.536365890712038671e-03 1.054837321800215907e-03 6.764809472094442631e-04 4.310949624474450675e-04 2.916407766711971022e-04 2.218512272506227665e-04 1.941633284940968236e-04 1.909993103671779136e-04 2.016405882117241750e-04 2.190607038144670542e-04 2.373189880436015321e-04 2.492369751723499992e-04 2.454902512308651682e-04 2.186510514377403968e-04 1.719841104758404156e-04 1.205330053330896212e-04 7.851858736221535259e-05 5.048282660254254690e-05 3.416168589129644373e-05 2.570950044947648686e-05 2.204258743353404340e-05 2.115756360215719363e-05 2.183594081191557606e-05 2.331132097982707249e-05 2.499243672438580192e-05 2.620023040692931105e-05 2.601404927509491809e-05 2.357223340417439632e-05 1.895090288129661641e-05 1.354154060213908829e-05 8.926615545032641437e-06 5.754251247944465430e-06 3.866589795574345831e-06 2.864681891875354689e-06 2.406977760504926714e-06 2.266342497205750770e-06 2.304149455415546348e-06 2.435381742963970140e-06 2.599082208457577011e-06 2.729577082738022101e-06 2.735981975740927760e-06 2.522463180459802774e-06 2.072569721824452773e-06 1.510332361249037785e-06 1.007558211810898124e-06 6.507646356627611583e-07 4.336952135115122104e-07 3.159766779860407061e-07 2.601140888331382426e-07 2.404610478508014598e-07 2.412457815532067616e-07 2.529340027021199443e-07 2.690808382162089653e-07 2.832489288459718541e-07 2.865165904889262825e-07 2.685629876166834489e-07 2.254460283313357986e-07 1.676358681023457509e-07 1.132803573109634541e-07 7.336588497981250797e-08 4.851337480040180405e-08 3.476097743014678813e-08 2.803057268140875420e-08 2.543783293443359053e-08 2.518941072552482004e-08 2.620863220102428635e-08 2.780036288069575087e-08 2.932529116154017097e-08 2.991196901970627130e-08 2.847625919964672068e-08 2.441039484287815939e-08 1.853078752071705845e-08 1.269998293006165829e-08 8.258353353340803365e-09 5.424235913954015202e-09 3.824789204929252129e-09 3.021107629343384146e-09 2.690175519313248401e-09 2.628305888577326779e-09 2.713388382019163277e-09 2.869236472036503056e-09 3.031421011075284765e-09 3.115078461182936648e-09 3.008571063392508246e-09 2.631871144144941709e-09 2.040628091209221201e-09 1.420220745368931438e-09 9.286790598596515341e-10 6.067417805885095214e-10 4.214403912145380486e-10 3.261246399571559706e-10 2.847901450693888528e-10 2.743379993827469590e-10 2.808868692670905913e-10 2.959797065265791649e-10 3.130165527677369276e-10 3.237389900780509112e-10 3.168332411294467700e-10 2.826206795227514059e-10 2.238712211462105568e-10 1.584230546660934949e-10 1.043420667753523855e-10 6.791744243244681224e-11 4.652589020626412800e-11 3.528345175747132518e-11 3.019898095904207079e-11 2.865815926066095567e-11 2.908112976506784364e-11 3.052006675950786253e-11 3.228695745045777230e-11 3.357642414995374331e-11 3.325669908074567259e-11 3.021946374565704561e-11 2.445312247344883978e-11 1.760897655454660468e-11 1.169316837819917092e-11 7.586183346719128867e-12 5.121721437553051572e-12 3.798002356199541296e-12 3.175323967581524095e-12 2.958437460885840048e-12 2.967423792828568721e-12 3.095221416764833197e-12 3.268731678862233209e-12 3.408892973124531265e-12 3.403533002155909198e-12 3.130438831917186666e-12 2.559588533969502638e-12 1.836666322718349091e-12 1.178067512618290892e-12 6.993528022647562416e-13 3.966479725598244363e-13 2.195358723403335803e-13 1.200105558271305979e-13 6.520357369391433523e-14 3.532033213948085516e-14 1.910506174890348428e-14 1.032684127891483599e-14
1.229839584796960839e-07 6.336381403582312026e-05 2.198640541956405233e-04 4.469384662458992250e-04 7.280477723834584110e-04 1.049165912290390490e-03 1.395048166823652626e-03 1.743417785468575525e-03 2.055144348519761296e-03 2.262014619250359883e-03 2.269898454298884764e-03 2.015745891811678969e-03 1.560208501256064211e-03 1.071999532059744699e-03 6.863763840297286336e-04 4.362559551101078954e-04 2.945799015021098328e-04 2.241324719540780470e-04 1.965993883395949029e-04 1.940126539193086743e-04 2.055282171665508703e-04 2.241753926934560550e-04 2.442207084234077345e-04 2.587658970390688869e-04 2.584028030743368721e-04 2.344174751845403185e-04 1.879188684946061735e-04 1.335129713992997216e-04 8.739438051941485707e-05 5.595549291760716453e-05 3.743421267015001910e-05 2.774680885431963823e-05 2.345915843975426030e-05 2.231408046470722742e-05 2.294656388339130147e-05 2.452074336905936833e-05 2.643359183978237151e-05 2.803635408580005563e-05 2.841434245196504914e-05 2.653485577744028924e-05 2.208445415607455774e-05 1.624170595919757635e-05 1.086286783615691921e-05 6.985172202432375816e-06 4.609639124792686388e-06 3.318549448321172748e-06 2.705705229335795205e-06 2.490592051640635150e-06 2.501183056197243297e-06 2.634395513496653806e-06 2.822555568730664656e-06 3.002238607488584060e-06 3.085627923785721221e-06 2.959810204326676233e-06 2.554981552281659304e-06 1.948409455346994190e-06 1.335923565364175703e-06 8.654409060581477036e-07 5.646773807244107105e-07 3.953551180117910561e-07 3.108397789120349817e-07 2.766882013260200270e-07 2.712747231891559037e-07 2.817021334891818521e-07 2.999977778224532910e-07 3.196871775161551992e-07 3.324016528747312910e-07 3.264624691457243251e-07 2.917043451310101460e-07 2.309310013793554799e-07 1.629366164355983482e-07 1.068267687904277734e-07 6.920803916908704884e-08 4.726918866541106902e-08 3.586377678874698636e-08 3.082485050487509157e-08 2.944727809510154549e-08 3.010754371104470990e-08 3.183417693231986975e-08 3.393191178388899399e-08 3.559965661779458813e-08 3.567556858493073405e-08 3.290688296295480615e-08 2.704992766735395307e-08 1.970774669652595112e-08 1.314197101373165329e-08 8.496524406238472616e-09 5.684379991880712093e-09 4.168936492525172882e-09 3.455594296346377337e-09 3.208392397940986426e-09 3.222743671024294434e-09 3.377803842141984819e-09 3.594937850912019289e-09 3.795967674076053893e-09 3.868293212222510350e-09 3.671549091972826260e-09 3.131324117214251375e-09 2.362216465716518743e-09 1.610060331702958440e-09 1.044435529638044071e-09 6.877553580517540356e-10 4.888858447842968905e-10 3.905807861216084084e-10 3.515178413104076213e-10 3.459703057951292866e-10 3.587430106454362746e-10 3.805347632209060981e-10 4.034433945760125827e-10 4.167112687195274856e-10 4.055704307836366144e-10 3.582631120993696712e-10 2.803425432508296599e-10 1.961987898022683079e-10 1.284104627106327973e-10 8.366725876315411969e-11 5.785019107708211752e-11 4.456002568629050023e-11 3.877872789025004787e-11 3.728493553662116817e-11 3.816009195041081507e-11 4.026724144537088647e-11 4.276836287402234742e-11 4.463726897365158403e-11 4.438704779877774686e-11 4.050733096753701393e-11 3.289654746394137935e-11 2.372552968575828560e-11 1.574197835090672747e-11 1.019192950440835233e-11 6.869503203376949897e-12 5.093752827131742378e-12 4.265472846938877616e-12 3.983774813242341739e-12 4.006282890407107099e-12 4.191017768334063228e-12 4.444133515698146795e-12 4.666265155801861876e-12 4.712023312661944277e-12 4.407477498546031647e-12 3.677190529666292953e-12 2.687065045718598523e-12 1.744008431454598622e-12 1.040458126440574133e-12 5.901354077000636903e-13 3.257171605841811674e-13 1.773006118736255712e-13 9.585398262803631767e-14 5.164952007961758307e-14 2.778594541193571029e-14
1.207555462203865317e-07 6.334882044466471154e-05 2.197611321119109958e-04 4.466069711216305929e-04 7.273127069483267338e-04 1.047914205687226633e-03 1.393443842885947739e-03 1.742295411587486574e-03 2.056541245661441114e-03 2.269333709051019402e-03 2.286198172899964881e-03 2.039459373310214749e-03 1.583907254939687700e-03 1.089110339113344731e-03 6.961281899657123908e-04 4.412199977832353937e-04 2.973399512046727877e-04 2.262818416197128293e-04 1.989478918412799623e-04 1.969663219563314927e-04 2.093633335517166368e-04 2.292228702071198319e-04 2.510244914155719455e-04 2.681939714953489144e-04 2.713812691496331458e-04 2.507570235256646502e-04 2.050776439990404981e-04 1.479594734921251984e-04 9.746849522175704398e-05 6.220213997315958052e-05 4.114695398654173584e-05 3.002105585289003762e-05 2.500279748603710610e-05 2.354143575078586437e-05 2.409920727847037598e-05 2.575518194244297054e-05 2.788513681907248812e-05 2.987126618098453383e-05 3.083336047132741691e-05 2.962857129505231966e-05 2.555390103425406539e-05 1.942041208627885810e-05 1.324697770218031910e-05 8.535238399016524863e-06 5.547585586019360695e-06 3.882868182871582195e-06 3.065613655726529815e-06 2.749295978402378029e-06 2.718668367233652381e-06 2.846399595933649991e-06 3.054080488053743882e-06 3.278636076523127378e-06 3.438539640414242729e-06 3.415450082118437792e-06 3.094662712418864188e-06 2.483634783551219288e-06 1.767960981753821917e-06 1.160753366869442258e-06 7.476347026382482611e-07 5.051349429458422568e-07 3.786670156372291464e-07 3.225479133978986896e-07 3.069407102746841050e-07 3.140117889442554071e-07 3.332274420343971199e-07 3.574404740481839742e-07 3.789789467829407279e-07 3.864225348387612692e-07 3.656320814467586382e-07 3.097702634157680296e-07 2.316494579479990648e-07 1.565795961688905149e-07 1.010225772396375900e-07 6.649067370526156336e-08 4.752911147867858171e-08 3.837265196586826854e-08 3.495356123908325388e-08 3.477460079853257879e-08 3.637256230506231421e-08 3.885204434750086849e-08 4.144682130576105301e-08 4.309399441163139041e-08 4.227992596760269209e-08 3.769170144849178761e-08 2.973086177984664993e-08 2.089026935189326698e-08 1.365696156015345966e-08 8.851516741474177722e-09 6.076251852845700815e-09 4.650858623038929077e-09 4.034509857756305836e-09 3.880237156431517192e-09 3.982468989796507416e-09 4.220879989266272768e-09 4.511031887842872015e-09 4.754042103965825735e-09 4.800953105176630490e-09 4.478899917707017257e-09 3.729877266455979806e-09 2.746014741421527391e-09 1.839879335039666510e-09 1.188160340723083267e-09 7.906349705299270563e-10 5.755987497446555201e-10 4.737957156229717394e-10 4.376923942108565989e-10 4.384255690799964041e-10 4.592350890890500360e-10 4.897609234781781907e-10 5.203929262846568836e-10 5.371580705481555510e-10 5.208404001309707694e-10 4.569038851540325401e-10 3.543223148478957505e-10 2.458863602940741162e-10 1.601355744724139048e-10 1.044285109506545743e-10 7.276314487912462916e-11 5.676597213121840328e-11 5.006500701607718703e-11 4.863701125526451153e-11 5.011931878246442195e-11 5.313262725520024983e-11 5.665541389096553360e-11 5.939520927275416354e-11 5.941652612581251477e-11 5.463986597232608293e-11 4.471734763776952127e-11 3.241480161341528029e-11 2.152829404649012530e-11 1.390401374760365977e-11 9.333102376499408691e-12 6.893932684135280316e-12 5.759596922509551084e-12 5.376122441866574686e-12 5.410553277043052178e-12 5.670834150187088982e-12 6.035290783206715602e-12 6.380839749449458754e-12 6.523478591559670756e-12 6.221363049191771640e-12 5.320599866104809578e-12 3.982380249585747690e-12 2.629068848901136567e-12 1.581743661621563449e-12 8.988384279977928457e-13 4.951064837125358546e-13 2.684180049038380634e-13 1.443848138861365398e-13 7.737167251501105233e-14
1.183787684239630813e-07 6.333235432416504289e-05 2.196430872151911213e-04 4.462238480911594066e-04 7.264558139080703721e-04 1.046423775676977395e-03 1.391420778803059569e-03 1.740498460782861348e-03 2.056952310961679929e-03 2.275417813630393592e-03 2.301317916954382422e-03 2.062460683430465767e-03 1.607381298952027153e-03 1.106117161399631718e-03 7.056933128785996233e-04 4.459519777020817702e-04 2.998959060491311764e-04 2.282834506650065838e-04 2.011992208280213379e-04 1.998541110790689990e-04 2.131407756070745872e-04 2.341962290593330436e-04 2.577158485015103133e-04 2.774849141145074925e-04 2.843481200557239027e-04 2.675745489075099636e-04 2.234553573439502822e-04 1.640053619575935085e-04 1.089174382095249013e-04 6.935777110296505665e-05 4.537977044199066883e-05 3.257375920223635075e-05 2.669374114213168511e-05 2.484923517691354933e-05 2.529846415499343952e-05 2.701694668287005888e-05 2.934760980592273982e-05 3.169990872353423546e-05 3.324907511480361828e-05 3.280694381278870985e-05 2.932401697448207091e-05 2.311089237407311478e-05 1.616686099975086997e-05 1.049180260434198425e-05 6.741010819552328045e-06 4.593080333811315085e-06 3.505836018904263112e-06 3.052443951341423808e-06 2.961811589368612397e-06 3.074266712334701148e-06 3.295505824000389628e-06 3.559561629438567633e-06 3.791984765301214206e-06 3.878833651135487388e-06 3.676748174307034129e-06 3.114928252805665148e-06 2.324075121733547658e-06 1.564520362682401691e-06 1.004917109973471484e-06 6.595128819739215824e-07 4.716635662248787190e-07 3.824010618527202114e-07 3.505615883641490730e-07 3.511235278706160050e-07 3.695526592057328491e-07 3.970512097834887110e-07 4.262582710371926689e-07 4.469444465973076613e-07 4.438379054681696747e-07 4.019384678747303512e-07 3.221145123109489443e-07 2.287471512595204083e-07 1.498625998930538863e-07 9.653702106588867750e-08 6.548228599924927288e-08 4.944676678127196698e-08 4.244502000276903705e-08 4.060736735740272854e-08 4.164843547124894392e-08 4.424929214265285047e-08 4.754373812238992927e-08 5.060131971037154979e-08 5.198812901519586387e-08 4.980314090000258040e-08 4.286056386234980974e-08 3.251233904227363341e-08 2.215616584875788650e-08 1.430421542625404535e-08 9.363028203407687914e-09 6.631678395972651470e-09 5.301714817401978572e-09 4.791212604632851299e-09 4.742412557990756986e-09 4.948302562704827036e-09 5.287729798887811658e-09 5.665879570177332871e-09 5.954876091455355395e-09 5.959385183085671200e-09 5.469972155229936841e-09 4.457838431349839873e-09 3.213403844157812422e-09 2.123651301601295731e-09 1.368969524714736149e-09 9.219489273818904323e-10 6.870980895204530066e-10 5.810342526837100720e-10 5.487432342874787661e-10 5.575401965624278135e-10 5.887675092565655277e-10 6.307416005702294961e-10 6.716903392957819036e-10 6.935999623247979267e-10 6.715165073390519285e-10 5.869345390617388730e-10 4.526668735937700931e-10 3.123064143785336065e-10 2.025929500404497057e-10 1.321342701376300679e-10 9.256597448109947493e-11 7.289724090646207247e-11 6.493450235933951391e-11 6.357363628091744935e-11 6.585746815690378493e-11 7.009074276984734360e-11 7.502998535293507390e-11 7.907265829342101038e-11 7.973340164038199262e-11 7.414167062848655278e-11 6.142276918736449500e-11 4.493677468257090188e-11 2.994352172944042045e-11 1.928862992116421682e-11 1.286188816339597593e-11 9.424875809404413610e-12 7.821814665475037907e-12 7.272470685903184780e-12 7.309417738537963515e-12 7.666680574902874266e-12 8.183802787090629121e-12 8.710168031870738977e-12 9.019566065242689640e-12 8.786932216201213659e-12 7.736012310713102866e-12 5.968938163905662143e-12 4.034168005797261418e-12 2.459131218145103922e-12 1.403757865911042477e-12 7.726089710319994460e-13 4.173376445116676150e-13 2.233577369417621396e-13
1.158438729432061141e-07 6.331481730100416128e-05 2.195106127845119256e-04 4.457889481495932570e-04 7.254729841077090695e-04 1.044681430046036754e-03 1.388950817087454895e-03 1.737977926838101201e-03 2.056300553708052987e-03 2.280153981696535301e-03 2.315113834428947533e-03 2.084612851996711039e-03 1.630537314903583073e-03 1.122958549230916678e-03 7.150219938342948457e-04 4.504121449238734898e-04 3.022200323976178627e-04 2.301199710606867865e-04 2.033430880574262404e-04 2.026696178543887930e-04 2.168554697586565173e-04 2.390889972693873355e-04 2.642814428122748031e-04 2.866042423541347896e-04 2.972234415517043763e-04 2.847551903155958364e-04 2.430153923258802147e-04 1.817772232470144802e-04 1.219406363463287950e-04 7.758408582556098091e-05 5.023037229910166154e-05 3.545591219522924940e-05 2.855671165468496233e-05 2.624908575069915978e-05 2.654980967823818234e-05 2.830883451469302326e-05 3.082236201931271805e-05 3.351953910786941191e-05 3.564353208495703128e-05 3.602163722136400586e-05 3.333815274430220366e-05 2.732208144003541711e-05 1.971245976694676737e-05 1.296249968915265568e-05 8.270361565504872150e-06 5.497686909572377168e-06 4.052777021060004606e-06 3.413779570072790241e-06 3.237686904385915697e-06 3.321770616252373291e-06 3.549197443767674834e-06 3.846602609874276262e-06 4.145109695917789464e-06 4.341557234360837464e-06 4.282767365852586080e-06 3.829658928599496917e-06 3.018123690682311424e-06 2.109107672871037587e-06 1.367439652515677976e-06 8.796426814128554439e-07 6.022167211752988871e-07 4.629964409419100674e-07 4.057070149714812173e-07 3.949274704869505436e-07 4.100616742712505932e-07 4.392924147143011177e-07 4.747022506939343806e-07 5.073784229615034954e-07 5.231555162382023084e-07 5.027953908145283577e-07 4.337123459468985754e-07 3.290740887453554042e-07 2.237335974552244149e-07 1.438852056941558056e-07 9.385541135583745356e-08 6.640450757507950975e-08 5.320008701213977996e-08 4.828637114751417808e-08 4.803372244786382283e-08 5.036126658192949743e-08 5.406923046734586905e-08 5.825175179225174102e-08 6.170259467164387293e-08 6.250243378260985318e-08 5.836419300235643013e-08 4.849574612686278940e-08 3.549487692117589317e-08 2.359795382288099276e-08 1.514697340754606237e-08 1.007529262836718785e-08 7.388825515857250685e-09 6.160159440263495015e-09 5.767409526777427393e-09 5.840926271010517070e-09 6.171464080765725730e-09 6.634998974211552559e-09 7.120607319693876932e-09 7.461892016601562439e-09 7.405254977525296153e-09 6.699211384303024167e-09 5.357988786372361176e-09 3.794156768509017638e-09 2.480373944125629854e-09 1.599028190042091510e-09 1.090348982053994791e-09 8.305431462820952676e-10 7.190580521547734376e-10 6.916094692575011442e-10 7.107550566134645158e-10 7.555015954834645259e-10 8.125380445000759697e-10 8.674510697156571274e-10 8.972783927624432653e-10 8.696747931551206903e-10 7.601972163493014846e-10 5.853560098267220429e-10 4.025997314588203524e-10 2.603460754434277712e-10 1.696136938069863442e-10 1.191127586119390846e-10 9.432756936291627637e-11 8.456335587189439815e-11 8.322726860177920072e-11 8.654760236022733363e-11 9.240765453187980629e-11 9.929668454551501009e-11 1.052659251368688539e-10 1.071842660190258187e-10 1.011194558412806017e-10 8.521257346093488165e-11 6.323096812034706387e-11 4.240831609029502526e-11 2.725819952071948416e-11 1.801266815654379187e-11 1.303636527837978790e-11 1.069480592859992740e-11 9.866611192962538782e-12 9.879752735464653186e-12 1.035573394919893515e-11 1.107727408721430689e-11 1.186097842045346650e-11 1.243773683098769798e-11 1.238932538171184309e-11 1.126814667703476162e-11 9.022399109784567895e-12 6.292154965200246735e-12 3.910884065187923718e-12 2.251209638700528915e-12 1.240356251409476822e-12 6.680341745429433506e-13
1.131413983885966618e-07 6.329617837375456737e-05 2.193615069981232285e-04 4.452954769626923351e-04 7.243508985327607981e-04 1.042665126582455800e-03 1.385999462768358311e-03 1.734680230102632857e-03 2.054503634007135912e-03 2.283420424722857993e-03 2.327428117793181768e-03 2.105761803154305480e-03 1.653267673162356084e-03 1.139563026940035176e-03 7.240568639885345192e-04 4.545552725614784742e-04 3.042812643831917132e-04 2.317724012804538419e-04 2.053685197767188882e-04 2.054062544411171742e-04 2.205024507186729933e-04 2.438951819192006188e-04 2.707092200662493484e-04 2.955199392292461361e-04 3.099270956463855489e-04 3.021659689467253904e-04 2.636830810107843059e-04 2.013863698076465408e-04 1.367605015870847044e-04 8.707481467564493784e-05 5.581895742648451545e-05 3.873061608865257084e-05 3.062215697390034875e-05 2.775512276328621171e-05 2.785981422433239223e-05 2.963419225963197291e-05 3.231145357251924080e-05 3.532952787979785030e-05 3.800364479317255839e-05 3.922682891626701326e-05 3.752145867658038215e-05 3.202863123899878090e-05 2.396464703650858993e-05 1.607557100280957072e-05 1.024177382307835091e-05 6.663402723129161773e-06 4.743262480243881353e-06 3.852459818722294319e-06 3.556055787902868887e-06 3.593970765670264328e-06 3.818146534325582896e-06 4.142000294807482345e-06 4.498734479049401548e-06 4.798437605007334055e-06 4.894430975864566864e-06 4.603883699013891692e-06 3.850176600538232506e-06 2.826768899754504050e-06 1.875890647638607324e-06 1.196678094041102976e-06 7.894525287187979594e-07 5.749242756087876315e-07 4.779792781094119049e-07 4.483458869975833856e-07 4.563355499497258678e-07 4.851953499859182861e-07 5.251215521503178532e-07 5.679126524376819808e-07 6.015751521014622194e-07 6.067914273682030889e-07 5.613854330314598919e-07 4.601144651955119919e-07 3.318216302036626130e-07 2.181554104944740535e-07 1.395075178238276351e-07 9.334692052559631475e-08 6.947823459604792344e-08 5.901279118131093274e-08 5.616297691668222684e-08 5.754921452326652457e-08 6.128230600301746623e-08 6.624205320056186302e-08 7.139311509905580781e-08 7.512758708098621654e-08 7.492262423106456733e-08 6.815093949613868599e-08 5.474874038475161302e-08 3.882126902527160888e-08 2.532304138042158563e-08 1.625558102516100010e-08 1.104003827994905152e-08 8.394488821032030803e-09 7.274312116047296156e-09 7.015178529137763920e-09 7.233302476901813335e-09 7.716049525181628078e-09 8.333666638235323645e-09 8.952625008102734118e-09 9.357308680276405850e-09 9.221352604094479729e-09 8.242427678544699423e-09 6.490930782027610555e-09 4.530180430826785858e-09 2.936393327666508372e-09 1.894933528471160536e-09 1.307390253616433274e-09 1.015295520950909149e-09 8.965687468511333581e-10 8.751432143428314632e-10 9.075301178154960165e-10 9.698078521065936058e-10 1.046690127555957353e-09 1.120682300923178242e-09 1.162936964324938670e-09 1.131680381761926346e-09 9.934265793186360440e-10 7.670567758852578339e-10 5.275263206859964771e-10 3.403142869029576377e-10 2.211039721634984097e-10 1.551021519555676971e-10 1.229825633591144767e-10 1.105441556850752369e-10 1.090958055804254935e-10 1.137208873151427570e-10 1.217236272600399944e-10 1.312681537911232308e-10 1.400374615547229479e-10 1.441862681939898150e-10 1.384321477747758634e-10 1.192598516734321465e-10 9.028717968641124778e-11 6.122013030953771290e-11 3.931891697820232525e-11 2.569970710027255086e-11 1.828655028700345902e-11 1.474805671397032140e-11 1.343853786531756113e-11 1.336658343806149140e-11 1.397697775950792900e-11 1.496441713061327240e-11 1.610338946104095619e-11 1.708432221610860381e-11 1.739646254727077031e-11 1.638051247422284307e-11 1.369629761699381857e-11 9.947020336563351597e-12 6.357741980144172270e-12 3.711171542647331601e-12 2.052950423474491840e-12
1.102628749847021839e-07 6.327574988128137129e-05 2.191916092018679160e-04 4.447376478528123657e-04 7.230825725905859480e-04 1.040359908678890194e-03 1.382534847356555081e-03 1.730549722880717805e-03 2.051473366663780773e-03 2.285085432673211563e-03 2.338087338550567332e-03 2.125733865399459001e-03 1.675447768809863042e-03 1.155846893349248396e-03 7.327313535125195253e-04 4.583297085061386277e-04 3.060447874530836413e-04 2.332199220171187728e-04 2.072638263156265299e-04 2.080572679083277283e-04 2.240768828856583815e-04 2.486092216663174132e-04 2.769882790636452236e-04 3.042025768922830748e-04 3.223803064321683091e-04 3.196581070181657132e-04 2.853397974141653115e-04 2.229168651106024903e-04 1.536204840235861680e-04 9.806180370650269870e-05 6.229417164041593411e-05 4.247656438568651248e-05 3.292789840298695114e-05 2.938470037056508652e-05 2.923639744437729111e-05 3.099696118138408409e-05 3.381752644513990729e-05 3.713105504017991370e-05 4.032142633414636721e-05 4.238317020518695755e-05 4.178774508700863668e-05 3.716381898520944624e-05 2.897838399421083115e-05 1.997582184781357978e-05 1.279343833268656162e-05 8.182262366467121366e-06 5.629173672773260222e-06 4.395551261092540061e-06 3.930603803920130656e-06 3.897802048583574354e-06 4.106196178093025468e-06 4.448571621172410520e-06 4.854997837971067144e-06 5.247724146355478434e-06 5.497234664173064954e-06 5.406720426766849871e-06 4.800536803349007877e-06 3.740230655473550837e-06 2.579269643253863519e-06 1.655294709559340778e-06 1.062894444235575729e-06 7.350040968851037820e-07 5.763322544803778983e-07 5.160163432305923386e-07 5.107888661718428670e-07 5.361700097548138191e-07 5.786083277055635000e-07 6.293764491736606781e-07 6.785582664065780042e-07 7.094658763586980534e-07 6.968000764597711814e-07 6.180776369477942270e-07 4.813450988029642166e-07 3.320420107796201224e-07 2.133956655193197278e-07 1.373899430577872013e-07 9.533019841946266417e-08 7.495812621031336642e-08 6.717171846294699255e-08 6.641528572188168954e-08 6.955397585287898730e-08 7.487174518224183700e-08 8.127040544808961332e-08 8.747984408088885694e-08 9.135140442943792707e-08 8.963577151799237049e-08 7.945537054437424268e-08 6.185811794874360278e-08 4.268074407084817956e-08 2.745791009705984233e-08 1.771207263271292861e-08 1.231996906027619018e-08 9.706722620258091358e-09 8.704156405177090136e-09 8.599410294591112168e-09 8.991233975972422574e-09 9.661905739409232395e-09 1.047249720570989781e-08 1.126002412270833358e-08 1.174801894500857774e-08 1.151931718061518346e-08 1.020564094679969386e-08 7.943182674108375700e-09 5.481430175127264856e-09 3.529071843859604081e-09 2.279791433075820240e-09 1.588729418824292476e-09 1.253688584853827305e-09 1.124801160360568320e-09 1.110645658570018121e-09 1.159872362965637312e-09 1.244810220851111272e-09 1.347824898004475902e-09 1.447983082748835810e-09 1.509726608582850715e-09 1.479513470138735292e-09 1.310202985222221290e-09 1.019481628375236643e-09 7.035752587771329329e-10 4.532351483205361522e-10 2.931197251660191114e-10 2.045647465383298168e-10 1.616189365452640307e-10 1.450623178210668440e-10 1.431726524745285091e-10 1.493786642121383875e-10 1.601597871666022202e-10 1.732709586544388926e-10 1.860230422878786079e-10 1.938441490730750065e-10 1.898623845857612919e-10 1.680433272964406033e-10 1.306822084045434477e-10 9.013266983422100455e-11 5.801618828295165614e-11 3.747306502800265466e-11 2.609947197050446279e-11 2.056505059115525725e-11 1.840480335333835031e-11 1.811552371817195167e-11 1.885569900626844774e-11 2.017624702161467538e-11 2.179023506045026202e-11 2.335133050246188126e-11 2.427096601959395632e-11 2.366626649123536941e-11 2.076370560682966971e-11 1.585994053815292245e-11 1.053975553813889177e-11 6.290145164497013772e-12
1.072020439561089068e-07 6.325224626585748894e-05 2.189996453166185501e-04 4.441161537122074467e-04 7.216563255452292189e-04 1.037740602090949900e-03 1.378520564319863024e-03 1.725527161265260180e-03 2.047115198670064733e-03 2.285006322101083235e-03 2.346900495847529123e-03 2.144332466699649074e-03 1.696932043669722306e-03 1.171711425625430276e-03 7.409680417538585607e-04 4.616764363432777560e-04 3.074715687151823940e-04 2.344397202955467825e-04 2.090165680991260834e-04 2.106157715459219208e-04 2.275740483422722426e-04 2.532259972889088872e-04 2.831091735946512705e-04 3.126261400503716750e-04 3.345079405220912532e-04 3.370709217647058741e-04 3.078186605515067890e-04 2.464103412366128263e-04 1.727798946570611289e-04 1.108216576432051399e-04 6.984078082707932688e-05 4.679274147373226175e-05 3.552139359294215448e-05 3.115934741388396773e-05 3.068919241361008006e-05 3.240178188257547299e-05 3.534371548989362723e-05 3.892675013270360622e-05 4.259371529621395347e-05 4.546065332583824832e-05 4.604895752301107250e-05 4.261887630217017499e-05 3.476122512183405823e-05 2.481275394655963241e-05 1.610107982787050728e-05 1.018114784917822765e-05 6.784288267129490477e-06 5.081831948900209302e-06 4.380838489839188380e-06 4.242981345208129821e-06 4.418434650203802936e-06 4.769730233079211266e-06 5.216982100831111330e-06 5.690625468574101826e-06 6.082597462797755439e-06 6.207600030329946414e-06 5.829500001050025076e-06 4.849395424579521332e-06 3.527462963845620213e-06 2.316300559988133573e-06 1.467646794182589235e-06 9.701745980960046346e-07 7.153254404658049270e-07 6.054708086616954159e-07 5.772667649732617090e-07 5.942748739912097954e-07 6.365626778391648584e-07 6.930269234488809954e-07 7.548038061450352262e-07 8.086746593397307941e-07 8.316120316044639157e-07 7.922105837831213155e-07 6.721561119598150990e-07 4.985939841008208156e-07 3.315985084941371762e-07 2.106091535037477811e-07 1.380651200543953419e-07 1.001272751126355153e-07 8.315889075852834904e-08 7.804275760381999444e-08 7.947296220734648635e-08 8.454787050870617904e-08 9.169681424106943218e-08 9.976993575230074454e-08 1.071481487575945086e-07 1.109878115118810851e-07 1.071801078980905203e-07 9.271804605381853283e-08 7.017277532043965141e-08 4.731982348928854496e-08 3.015670254579937862e-08 1.961648541035348982e-08 1.399294418586405115e-08 1.139802317520435753e-08 1.052442750357630157e-08 1.060079220076291037e-08 1.120372643705042325e-08 1.210811763204204315e-08 1.316212252076982194e-08 1.416685209995181465e-08 1.477282709975012079e-08 1.444975521590575185e-08 1.273763251957756677e-08 9.839542213431828682e-09 6.735339917249680797e-09 4.312688044554824010e-09 2.786564144144204418e-09 1.956011289868476533e-09 1.562172872531372809e-09 1.418339162167826214e-09 1.412561068772089196e-09 1.482992288985236052e-09 1.597064273799387234e-09 1.734361071837471515e-09 1.870335873690745044e-09 1.962191205485864918e-09 1.942264225571547035e-09 1.743454549439233806e-09 1.374865684622176920e-09 9.564051586443609462e-10 6.161810511370180266e-10 3.959756858850925832e-10 2.737087993484585852e-10 2.142925852130540962e-10 1.911743906830926630e-10 1.881371680096079898e-10 1.961465060754887371e-10 2.104587203809187147e-10 2.282799660066257737e-10 2.465587702887893025e-10 2.600669100027504270e-10 2.602551469718836250e-10 2.376689920232930488e-10 1.912852757148295156e-10 1.352933813465643643e-10 8.774171902615332091e-11 5.604913219811124895e-11 3.806897140566202373e-11 2.910881820545121044e-11 2.540996985455124440e-11 2.462741973393234128e-11 2.544130372680007464e-11 2.715687914437686781e-11 2.938442988309639068e-11 3.174008654332445691e-11 3.358490331971772912e-11 3.384620907565017820e-11 3.122577331888866729e-11 2.531622803285011116e-11 1.772875699925059977e-11
1.039570177792248541e-07 6.322424256581136645e-05 2.187880227670280155e-04 4.434222157185639538e-04 7.200604595068832957e-04 1.034788813924335509e-03 1.373915256471030903e-03 1.719547936624317907e-03 2.041327052134657601e-03 2.283028030980555675e-03 2.353656753706394149e-03 2.161333992867199572e-03 1.717551363022794654e-03 1.187040755489459721e-03 7.486762303837221763e-04 4.645274790890019834e-04 3.085176443878038730e-04 2.354067687897050355e-04 2.106135771975107727e-04 2.130747547955511750e-04 2.309894094413660862e-04 2.577410799527671422e-04 2.890637064779032987e-04 3.207678621267283652e-04 3.462402190484473955e-04 3.542366540247731017e-04 3.309026662582498484e-04 2.718478167091001709e-04 1.945037947135023397e-04 1.256824482309388364e-04 7.868954170926546244e-05 5.180471320236554040e-05 3.846277278618120976e-05 3.310605514087133858e-05 3.223004285093829393e-05 3.385415140181672738e-05 3.689358613112247933e-05 4.072031469232361480e-05 4.482155058466948035e-05 4.843999816766041908e-05 5.022518763485750871e-05 4.825131280742490345e-05 4.125158150289771593e-05 3.071690805503595812e-05 2.037930895379606150e-05 1.283387902646343205e-05 8.314341630454975899e-06 5.967648028418436385e-06 4.935044851707650644e-06 4.643413024264122771e-06 4.761841831086952697e-06 5.109668183655187463e-06 5.588434003832025571e-06 6.130507727009152802e-06 6.648125402578496779e-06 6.983224326716012887e-06 6.885598667821526367e-06 6.119896829727911196e-06 4.754517427719175624e-06 3.254663397289388425e-06 2.070724568722099932e-06 1.323660792796876311e-06 9.190002537551787638e-07 7.292149307663624751e-07 6.620982976950757090e-07 6.627328669201323402e-07 7.008691128794066624e-07 7.604327523452199948e-07 8.318080761165446303e-07 9.045912739060077100e-07 9.605714781673809558e-07 9.687548790372752261e-07 8.925734748852484867e-07 7.240297812801432352e-07 5.138045069784101881e-07 3.323050227501041452e-07 2.107516532876039678e-07 1.420122984728634588e-07 1.081055325176900186e-07 9.447720126472551726e-08 9.208738977266033527e-08 9.587219801384421426e-08 1.031484264702697956e-07 1.124510348588574840e-07 1.224959784554484379e-07 1.311975078167161752e-07 1.348444267354226151e-07 1.283125337293785544e-07 1.085874311438938710e-07 8.018794219440277441e-08 5.306371129594385056e-08 3.361527734229764004e-08 2.209548431694835257e-08 1.615736504573209058e-08 1.355925894205581845e-08 1.282815978908670221e-08 1.311936386980957862e-08 1.398085112769031779e-08 1.517708189815893632e-08 1.653982961158934283e-08 1.782912155402091030e-08 1.861093976954887209e-08 1.821491420377525936e-08 1.604747470269389777e-08 1.236208258713705029e-08 8.422126498981685940e-09 5.368186824871592690e-09 3.463510964147169988e-09 2.439810457752684337e-09 1.963032553990510332e-09 1.796256148807528749e-09 1.799375546018499166e-09 1.896147545985735456e-09 2.047379016154230324e-09 2.229362810047305786e-09 2.413984720585422920e-09 2.551246578913657001e-09 2.557602927746139173e-09 2.338344663872851448e-09 1.880859909580979944e-09 1.326421096391357985e-09 8.569657572732832988e-10 5.465374823203996095e-10 3.724474988954766059e-10 2.871813932143972080e-10 2.532706606743093518e-10 2.476470035130240602e-10 2.574932862448056575e-10 2.761744989525088021e-10 3.000939919820384694e-10 3.258393970663741261e-10 3.476887899484932756e-10 3.555891506237498070e-10 3.360539039021065579e-10 2.820165194562692969e-10 2.066579214210072945e-10 1.361824239159710307e-10 8.634362583068190133e-11 5.706771057455661556e-11 4.205241180205309698e-11 3.550338587986968727e-11 3.365725609244071877e-11 3.436953935552520522e-11 3.651021518704524004e-11 3.949907517785537516e-11 4.289665158706347148e-11 4.604500353609611316e-11 4.776220737514192974e-11 4.626240668953464689e-11 4.005773981945626625e-11
1.005342351488680895e-07 6.319094195240940637e-05 2.185559488066111564e-04 4.426496951778703302e-04 7.182845239803866636e-04 1.031478843932263651e-03 1.368678263996435732e-03 1.712542058099255282e-03 2.033998613519017677e-03 2.278981739839529286e-03 2.358122194783205880e-03 2.176484745062739600e-03 1.737107758394525669e-03 1.201696891182622851e-03 7.557496479639520294e-04 4.668043601397792435e-04 3.091333548281119978e-04 2.360935872567904419e-04 2.120409233242703220e-04 2.154271205451888441e-04 2.343188312399196310e-04 2.621503209748037044e-04 2.948451594425415944e-04 3.286087025584385449e-04 3.575143407432615885e-04 3.709861401089701769e-04 3.543262922230849452e-04 2.991294214764108218e-04 2.190458492600393418e-04 1.430294351725374660e-04 8.912972347487944469e-05 5.767326216812655829e-05 4.182908786025079490e-05 3.525905099003307365e-05 3.387367079841605320e-05 3.536064530896389165e-05 3.847110076319520331e-05 4.251619344403617759e-05 4.700926551779656165e-05 5.131257755419852366e-05 5.425309651220579671e-05 5.390220079959589063e-05 4.830493749659583373e-05 3.776208577449442240e-05 2.587269274494677319e-05 1.637491056150224247e-05 1.037162887410643675e-05 7.136010226739097642e-06 5.634980602308502936e-06 5.119424271079605123e-06 5.146321272102368428e-06 5.473752499285011090e-06 5.973644010690370023e-06 6.572075111116101289e-06 7.196464799011810543e-06 7.721321133078012990e-06 7.919681981044275604e-06 7.483246467107014870e-06 6.253967421160839750e-06 4.546108852201898674e-06 2.965955165050553839e-06 1.864113332101910714e-06 1.227507524270210157e-06 9.084577943152078148e-07 7.759980248686180921e-07 7.468764173047663730e-07 7.743188514853259788e-07 8.335237291534099912e-07 9.115053102972819570e-07 9.989657516622343364e-07 1.082494244060602551e-06 1.137067064421781162e-06 1.122208994179586911e-06 9.984655092462053539e-07 7.753590142382387095e-07 5.293938829270209198e-07 3.358357825195161376e-07 2.146554252129256519e-07 1.497227541957684297e-07 1.197113909849207171e-07 1.094120115936182132e-07 1.098808882700823385e-07 1.162750902338115299e-07 1.261106047670937923e-07 1.379777307943926750e-07 1.503773049874098265e-07 1.606405992396742360e-07 1.639952850404247883e-07 1.540996263889468389e-07 1.280042239813360306e-07 9.260399297154878634e-08 6.035359127689903859e-08 3.809330025226325843e-08 2.531457202313153466e-08 1.893938235342100428e-08 1.630483294881248457e-08 1.573110908847613371e-08 1.627882348399861924e-08 1.745814668063503548e-08 1.901923401115889303e-08 2.077490492846539274e-08 2.244133087613196499e-08 2.349111135337909564e-08 2.308371394429505186e-08 2.042833517501168466e-08 1.577920054201062191e-08 1.073997649780552921e-08 6.819759279476684733e-09 4.383504426180363753e-09 3.084595154949131189e-09 2.487096842962918571e-09 2.283803814612342684e-09 2.294869944910792314e-09 2.423710181414568673e-09 2.621850660610345185e-09 2.861527742179469132e-09 3.111375777164231178e-09 3.315063623261250061e-09 3.372890286686456505e-09 3.154993183644343312e-09 2.606807330057621726e-09 1.877577676195712040e-09 1.221941667040319867e-09 7.733412612729446957e-10 5.172735701080992650e-10 3.901070017844099254e-10 3.378916449309867144e-10 3.268152150935981739e-10 3.380576346766592653e-10 3.619387247465267348e-10 3.935742377494265147e-10 4.291301713257734753e-10 4.626201351460571756e-10 4.829805142367716568e-10 4.728088495967475792e-10 4.163005007300777810e-10 3.198182808926882791e-10 2.168183562019847763e-10 1.375022641021771541e-10 8.851037402874204082e-11 6.247206580740304877e-11 5.050314125830280837e-11 4.640766979266368687e-11 4.657356953706592079e-11 4.907500576905645861e-11 5.295823700203110384e-11 5.766602267364889601e-11 6.253924747531610969e-11 6.639077880074275657e-11 6.713979058110860578e-11
9.695607940681329508e-08 6.315286553166007770e-05 2.182966865559103609e-04 4.417993257003771938e-04 7.163133932043758492e-04 1.027784012117572256e-03 1.362765494336360414e-03 1.704434320890221193e-03 2.025010337202528751e-03 2.272683140528267143e-03 2.360036399159267089e-03 2.189495794705716234e-03 1.755367726986181622e-03 1.215516026362464981e-03 7.620625729644046366e-04 4.684160977802074698e-04 3.092624620427835715e-04 2.364700099619822390e-04 2.132839318245831361e-04 2.176659420664042396e-04 2.375582494922900999e-04 2.664504065431451754e-04 3.004479739751307632e-04 3.361333878703091286e-04 3.682759298821276718e-04 3.871550170556878920e-04 3.777814291173842523e-04 3.280539452892118949e-04 2.466216760412368080e-04 1.633077438702569366e-04 1.015249552474951309e-04 6.460619778876360941e-05 4.572026104552548995e-05 3.766230432722458013e-05 3.563861761415450068e-05 3.692921691624838262e-05 4.008067472483315687e-05 4.431922030331289866e-05 4.916358092378226040e-05 5.407915705946335740e-05 5.809092575045567174e-05 5.941873787059622007e-05 5.569778175482048381e-05 4.591707386935565423e-05 3.282690358079590664e-05 2.111093032263573746e-05 1.317552581280997307e-05 8.710814083301515824e-06 6.543448826849259567e-06 5.701384870994599342e-06 5.586367377590136459e-06 5.869249589904228696e-06 6.377543371591401180e-06 7.020744618447160799e-06 7.733562844297377445e-06 8.420443511358437937e-06 8.897642297617298725e-06 8.854296226522312435e-06 7.958800306047532930e-06 6.235082121545219513e-06 4.269786055033863633e-06 2.697078549590655541e-06 1.708121110656881173e-06 1.179863610167837935e-06 9.375950875403843593e-07 8.558932094280543106e-07 8.614521469558610940e-07 9.148917919935338538e-07 9.961262029720620517e-07 1.094330986328379225e-06 1.199276923797167626e-06 1.293072834937546975e-06 1.341873131000561649e-06 1.294426678783614582e-06 1.111994149850798388e-06 8.290417357569192408e-07 5.480554689109374770e-07 3.437494205073981511e-07 2.231191012591561856e-07 1.617547304736704937e-07 1.354993577397446167e-07 1.285854675082908493e-07 1.321329657142307690e-07 1.414910805741350040e-07 1.543489919970179133e-07 1.692981902662847248e-07 1.845560184538474934e-07 1.967631743078664553e-07 1.998724741857618198e-07 1.860403314642957895e-07 1.523269286730230398e-07 1.084243947299154141e-07 6.980949907201966145e-08 4.394917574345769712e-08 2.949647368719363146e-08 2.250318042590818121e-08 1.977947918226930269e-08 1.937732687759058074e-08 2.023175171415714395e-08 2.180186644736124774e-08 2.381853004373571125e-08 2.607441630700318017e-08 2.824291167510812051e-08 2.970034704644209456e-08 2.940747853129898100e-08 2.628767201240618540e-08 2.048921721100078295e-08 1.399693372635118332e-08 8.863792867292098346e-09 5.660499930649479825e-09 3.957322118172107111e-09 3.178263702911382608e-09 2.914990908850482615e-09 2.929877233233490461e-09 3.096628429976225302e-09 3.353180481083858337e-09 3.666429524288758240e-09 4.002247806722991110e-09 4.299835621246054784e-09 4.445542482552719716e-09 4.269869976319152747e-09 3.650340615030226814e-09 2.710444004024668811e-09 1.789753574817572192e-09 1.126367097297187778e-09 7.368967390336967735e-10 5.395011534973614053e-10 4.552641856193096777e-10 4.330466939371024120e-10 4.441667967646288153e-10 4.738489212891302957e-10 5.149796851711954264e-10 5.630673107787992437e-10 6.120808555189558524e-10 6.506973301105044370e-10 6.587574890258998002e-10 6.105787510622587143e-10 4.975609691309273064e-10 3.527946334276947274e-10 2.268349437739126082e-10 1.430429411220736759e-10 9.637115306120071446e-11 7.379370233215879767e-11 6.493920427578818463e-11 6.350242199773302377e-11 6.605582989140183478e-11 7.089324187219159744e-11 7.717551393069186174e-11 8.421607489820653050e-11 9.090854671471612847e-11
9.327663109857713214e-08 6.311186517171772788e-05 2.180075726712111400e-04 4.408571113911378069e-04 7.141354002676791012e-04 1.023680883781509033e-03 1.356127143274859148e-03 1.695143768275701388e-03 2.014232323748112435e-03 2.263930441556574226e-03 2.359110212983461363e-03 2.200033490173118351e-03 1.772056541862645834e-03 1.228301918283729224e-03 7.674656487711229227e-04 4.692566315642381710e-04 3.088411116391977435e-04 2.365029786151928216e-04 2.143272168604485131e-04 2.197844096593677839e-04 2.407043150325476608e-04 2.706384053327845008e-04 3.058679896212916833e-04 3.433303262623905658e-04 3.784800867388037429e-04 4.025900025848735378e-04 4.009278359287508941e-04 3.583016556434451315e-04 2.773701502790252627e-04 1.870186496962321203e-04 1.163326104379607695e-04 7.287472834883798188e-05 5.026755757579231843e-05 4.037308629465171669e-05 3.754858404198315196e-05 3.856965686009819738e-05 4.172721320499915592e-05 4.613442965782504765e-05 5.129264000515572716e-05 5.674791255200116539e-05 6.171957239837320302e-05 6.467588273412742559e-05 6.315506420005957613e-05 5.500133539275179701e-05 4.142903943034740736e-05 2.742086091977954953e-05 1.703942262213616391e-05 1.087899728785292613e-05 7.756725719028574243e-06 6.435719460869823143e-06 6.103805077734970068e-06 6.306555976877295179e-06 6.806107913028619711e-06 7.482299589151626114e-06 8.267037759223066199e-06 9.087119943634188626e-06 9.805727377561260634e-06 1.015873095212473013e-05 9.747328825303323873e-06 8.288402423155187578e-06 6.092972095843451732e-06 3.973099799346624444e-06 2.472156450670734914e-06 1.607717908613073587e-06 1.180127696118581675e-06 1.006154447795235008e-06 9.701768565173598359e-07 1.008514963056911217e-06 1.088344400964296125e-06 1.193528594040478913e-06 1.314350556481678062e-06 1.438480058007109094e-06 1.542050282563487700e-06 1.580165051293931750e-06 1.489732078477558665e-06 1.237286482564668248e-06 8.891833306918395522e-07 5.727120232969949811e-07 3.575898884239499214e-07 2.369988221511348775e-07 1.787818478629259256e-07 1.561600682548914824e-07 1.527658878418937535e-07 1.597109851611412602e-07 1.725002796245389606e-07 1.889628780810863881e-07 2.076434017919814444e-07 2.264310677166525300e-07 2.411904199667887838e-07 2.443753138375758377e-07 2.262301900436268116e-07 1.835231336211081119e-07 1.291186897081101899e-07 8.233619610821011321e-08 5.169759045275678461e-08 3.495026658595534098e-08 2.706638183511768316e-08 2.416777584064898186e-08 2.394632619452793513e-08 2.516603393377259762e-08 2.721520375852640614e-08 2.979865278874250483e-08 3.268932579593647562e-08 3.552405126402052771e-08 3.759027500419193901e-08 3.763269043754929229e-08 3.418103548446398295e-08 2.708286204895283393e-08 1.868065373958891121e-08 1.182078638121001684e-08 7.479743332473175948e-09 5.163173307256653976e-09 4.101475430263782414e-09 3.736884422451240419e-09 3.744928198354573212e-09 3.954379387674043101e-09 4.282391701588092332e-09 4.688102859121603564e-09 5.134993041353455009e-09 5.560493291269722313e-09 5.842429553537795147e-09 5.774222534099853127e-09 5.141072776818833648e-09 3.978952032165387144e-09 2.694828403535221248e-09 1.696014914078360008e-09 1.083746449693829241e-09 7.645070857134753533e-10 6.223912376518811550e-10 5.776288741133745211e-10 5.847305900271802740e-10 6.200700060124727214e-10 6.724563485233178393e-10 7.360975708765533715e-10 8.049908173173333957e-10 8.683562905716497397e-10 9.053487845411631694e-10 8.823680123952010878e-10 7.692742254079641074e-10 5.814541340772360909e-10 3.869465689912126752e-10 2.423105535543222313e-10 1.561711965128263963e-10 1.121823925343074342e-10 9.311062255543687842e-11 8.759714958722865039e-11 8.927906012300784568e-11 9.490681535663647999e-11 1.029655298568999502e-10 1.126078197519314370e-10
8.961767032120330722e-08 6.307001145372404124e-05 2.176938200744900364e-04 4.398232869917648191e-04 7.117348907991695624e-04 1.019136455170178588e-03 1.348709967928375057e-03 1.684582716670983632e-03 2.001522886227017056e-03 2.252500956305316781e-03 2.355020574775842142e-03 2.207717011545221909e-03 1.786847183681250593e-03 1.239817731716006408e-03 7.717803906338728103e-04 4.692016509580029240e-04 3.077965891270801734e-04 2.361563515056457508e-04 2.151550930221097591e-04 2.217761179215802685e-04 2.437539446578827697e-04 2.747121016732477104e-04 3.111023011433342316e-04 3.501915516023103997e-04 3.880920731071417430e-04 4.171549754024962242e-04 4.234083439143430851e-04 3.894238669039171564e-04 3.113017948876790550e-04 2.147036170078138809e-04 1.341265354771957702e-04 8.283624858143912874e-05 5.564585504709452927e-05 4.346715371619556354e-05 3.963430790178335461e-05 4.029421087325689611e-05 4.341631847864241690e-05 4.796685071556882566e-05 5.340521033453084687e-05 5.933213511669418728e-05 6.514022541896355488e-05 6.959098588396545125e-05 7.039705094445816236e-05 6.467027088283073589e-05 5.171353839508815336e-05 3.572507724678186837e-05 2.240082337243258774e-05 1.392450930417631088e-05 9.425218061306000144e-06 7.395132841829752365e-06 6.732441543065535513e-06 6.801267969374569575e-06 7.267197884739302227e-06 7.962893406907496313e-06 8.805003501835626244e-06 9.732277256475217305e-06 1.064794083188275798e-05 1.135401773602975543e-05 1.148343812318656953e-05 1.056607191430154195e-05 8.474100082176277699e-06 5.874253770059442694e-06 3.695937183468191895e-06 2.305098838292402531e-06 1.564303956594497646e-06 1.227783384067400523e-06 1.114932109318147500e-06 1.121261634003728342e-06 1.191855324455223999e-06 1.299644349211084908e-06 1.431581146768926332e-06 1.578024933807391057e-06 1.723560244391256266e-06 1.836805764452519392e-06 1.859363756061264584e-06 1.715246503842025636e-06 1.381038406479357728e-06 9.612077773898214486e-07 6.066435531218083759e-07 3.790409872725516625e-07 2.573009400836943491e-07 2.016401534741120777e-07 1.825502384017916071e-07 1.828939976079106879e-07 1.936659319210719348e-07 2.104790815930924607e-07 2.312641882546272021e-07 2.544873068521852561e-07 2.777002412527867981e-07 2.959512822239585733e-07 2.999885734333651242e-07 2.775732153780043668e-07 2.244603229766948876e-07 1.568952116593501669e-07 9.930577277041602074e-08 6.210827838649821417e-08 4.212025127363315310e-08 3.292459888992640082e-08 2.970798395923345429e-08 2.966270700591921999e-08 3.131292459186804331e-08 3.394585167581241740e-08 3.723025942978585055e-08 4.092106303708266884e-08 4.463042341036545576e-08 4.757898180575324256e-08 4.830434925736145410e-08 4.483954202823608426e-08 3.642458052163954498e-08 2.557257765460993575e-08 1.623035963387875286e-08 1.015571172073338214e-08 6.875750070582592470e-09 5.357684606327890605e-09 4.817154136582674415e-09 4.794486950894343040e-09 5.047859209942093610e-09 5.461197161517250957e-09 5.981141897829367719e-09 6.568467189160985594e-09 7.161844798266247668e-09 7.638795180123254215e-09 7.768488630818435886e-09 7.235299581507174999e-09 5.904777997769864962e-09 4.164065823202921981e-09 2.649814396364929703e-09 1.658264988375948449e-09 1.120210382291630101e-09 8.697040815040296101e-10 7.790233249097474497e-10 7.729433746720107493e-10 8.118447418545326075e-10 8.767841453870416381e-10 9.591300047257289297e-10 1.052597752385938754e-09 1.147500352565459647e-09 1.224605869625339894e-09 1.247514032873085432e-09 1.165642102430715897e-09 9.554519036603579934e-10 6.763573297198185471e-10 4.309015737354239775e-10 2.689229964322262569e-10 1.804667175271075165e-10 1.389009207461766450e-10 1.234367262516674518e-10 1.217642227175734387e-10 1.273881251713686965e-10 1.372079322337490714e-10
8.626351643880974808e-08 6.302762475115423026e-05 2.173526016992617606e-04 4.386894175016967080e-04 7.090950203032147028e-04 1.014119421893627630e-03 1.340457951804471370e-03 1.672656198357015504e-03 1.986726739359667097e-03 2.238147463872250300e-03 2.347400519130993322e-03 2.212101987730064577e-03 1.799348778273077588e-03 1.249776425260091649e-03 7.747918629373458637e-04 4.681046210077878934e-04 3.060458131417476352e-04 2.353905410254467003e-04 2.157513776562304812e-04 2.236352483929844538e-04 2.467049659909786017e-04 2.786700379029127014e-04 3.161491697252112598e-04 3.567124774707020507e-04 3.970873480441702136e-04 4.307356215634366948e-04 4.448674613967545650e-04 4.208455108041600241e-04 3.482354602492091487e-04 2.469073532798706210e-04 1.556213241911505072e-04 9.496609722070106546e-05 6.209168437286858243e-05 4.704645101082483396e-05 4.193642521534413613e-05 4.211851539364356743e-05 4.515451062596763111e-05 4.982143454421757433e-05 5.551000599842292481e-05 6.184800686325037339e-05 6.836982379141840393e-05 7.412844098440844645e-05 7.719070015337871295e-05 7.445466022532024508e-05 6.345445733348260007e-05 4.639408024431610519e-05 2.984094251463812231e-05 1.827806708897228329e-05 1.178808600362053549e-05 8.696426950660822924e-06 7.526189445587578048e-06 7.377745241579071322e-06 7.772105156555258210e-06 8.469480829218349626e-06 9.355464748375999688e-06 1.036828734831196706e-05 1.143931851058341884e-05 1.243322580332016525e-05 1.306784898005737956e-05 1.285387058832310359e-05 1.129524758323400238e-05 8.544469896467361605e-06 5.630137270982520511e-06 3.466994100503978881e-06 2.202829221197421694e-06 1.577985294348029730e-06 1.323146914683385350e-06 1.265943627570571128e-06 1.312751195933765355e-06 1.416423094763409223e-06 1.554865132545014955e-06 1.717194359343709052e-06 1.893022858032113174e-06 2.063097291672363118e-06 2.186998415684414748e-06 2.190152436686107331e-06 1.982072915851386431e-06 1.553311411258488846e-06 1.052276871548754452e-06 6.538118889280479651e-07 4.101366078180406694e-07 2.852863222618225239e-07 2.313806624186174904e-07 2.157272474631979615e-07 2.201130507116780912e-07 2.352613489850935967e-07 2.568287258307541236e-07 2.828077513775782476e-07 3.115785951532690503e-07 3.403937890659784927e-07 3.635249825086815951e-07 3.698861600503931455e-07 3.440327023930238685e-07 2.793369723438500996e-07 1.951597571204551795e-07 1.228819289350689245e-07 7.638377512673442814e-08 5.167259059737643529e-08 4.049307971137661660e-08 3.671382005898743658e-08 3.680969637864809197e-08 3.895754833346432336e-08 4.229542061211830280e-08 4.643977186991300857e-08 5.112889131888794223e-08 5.596714584830354702e-08 6.014723817248164227e-08 6.205185600958359460e-08 5.916967613624411374e-08 4.973557148006231700e-08 3.592470345592441778e-08 2.302671229200024789e-08 1.424710820004770834e-08 9.398358074110744866e-09 7.113744005626149501e-09 6.258543791540716027e-09 6.154380850190049566e-09 6.443868580888802551e-09 6.955353006585558846e-09 7.613640683899575405e-09 8.374697031755678696e-09 9.180712859660473536e-09 9.918088271541775708e-09 1.035423676125470359e-08 1.009563843572709243e-08 8.771608913114692319e-09 6.561534942838834509e-09 4.300159962976893978e-09 2.661247654402051074e-09 1.717841566095878837e-09 1.256377394726769665e-09 1.070290210222895332e-09 1.029900423805577108e-09 1.065395063661611119e-09 1.142601707934189554e-09 1.246522897386511736e-09 1.369420580061418896e-09 1.502674929237469738e-09 1.630262842311124794e-09 1.719086297589262512e-09 1.709241029208307732e-09 1.531586952459303854e-09 1.186999027579622954e-09 7.978071650805172898e-10 4.954330649778372664e-10 3.131721725186339234e-10 2.205585443632414752e-10 1.807584089398194928e-10 1.691765091109978658e-10 1.722262615332905168e-10
8.397013014218625784e-08 6.298181412091958999e-05 2.169726031534287953e-04 4.374456248399349574e-04 7.062041542586440426e-04 1.008599834234429364e-03 1.331311045465939777e-03 1.659260659849814837e-03 1.969673232335889587e-03 2.220597135331251783e-03 2.335840005747345793e-03 2.212675289617147423e-03 1.809092245523023995e-03 1.257826949350136780e-03 7.762391414844145359e-04 4.657917068162140237e-04 3.034937240790864057e-04 2.341628009130240242e-04 2.161003302669427218e-04 2.253571807673236400e-04 2.495561602816581247e-04 2.825114929507094330e-04 3.210079079134119302e-04 3.628916831207871564e-04 4.054517965978027814e-04 4.432437159238177991e-04 4.649720019583940245e-04 4.518838969332904807e-04 3.877300196654483362e-04 2.841078000386012539e-04 1.816929332757103290e-04 1.099016626815547487e-04 6.993023938198530650e-05 5.125074139219169014e-05 4.450967040885266265e-05 4.406293323339027736e-05 4.694960688336247324e-05 5.170302631631754975e-05 5.761514092910982262e-05 6.431262402126902830e-05 7.143555036148755376e-05 7.829478488750178688e-05 8.338712555716096101e-05 8.385612735770675585e-05 7.610267725610293517e-05 5.957072145037695853e-05 4.005711042881086365e-05 2.458219958275968125e-05 1.523098489312345049e-05 1.053225711377597928e-05 8.573773487652553376e-06 8.075465592135129422e-06 8.338289414339379203e-06 9.010863001425767387e-06 9.926253750195402335e-06 1.100711963809225916e-05 1.219921354905665713e-05 1.341497559760304996e-05 1.446456898158379331e-05 1.495539283722924455e-05 1.426447367882750459e-05 1.194545383666732650e-05 8.548260785022113818e-06 5.407124052885245014e-06 3.304812650582373733e-06 2.168467913045347220e-06 1.649006362904567454e-06 1.467747057895482030e-06 1.462505696733799349e-06 1.549492809964521300e-06 1.688373335120048654e-06 1.861213992840465057e-06 2.058440172645984267e-06 2.268431367856928542e-06 2.467637714455295567e-06 2.605280444482005014e-06 2.587726532901671566e-06 2.306896576391793566e-06 1.768890986751085538e-06 1.172227707237296918e-06 7.194491708357956857e-07 4.535618177208443807e-07 3.226068914928600963e-07 2.693364101534322384e-07 2.569920624500197532e-07 2.658044606834055479e-07 2.860062761152758857e-07 3.132072014844809235e-07 3.454228569150520381e-07 3.809677432584071681e-07 4.168907667502757339e-07 4.468468811062901108e-07 4.579720246214893558e-07 4.308683803512372921e-07 3.542807135927723564e-07 2.492851490537048631e-07 1.566141501353072567e-07 9.649530187199255792e-08 6.465836427598583940e-08 5.038229692120268169e-08 4.561094172540504616e-08 4.574948433661710405e-08 4.845310534903944826e-08 5.263149652110357875e-08 5.782025928200217366e-08 6.373934086344494023e-08 7.000381293645395312e-08 7.583092204698946459e-08 7.955332582130892599e-08 7.819363864995665248e-08 6.862137686277898890e-08 5.169583371899792669e-08 3.385698808958630021e-08 2.079257586002218740e-08 1.329493739944942445e-08 9.666472991342815951e-09 8.228891769871776593e-09 7.936203927160137466e-09 8.232771124505033570e-09 8.849783084647906859e-09 9.671394303311590453e-09 1.064277914307693137e-08 1.170980590378721464e-08 1.277495118520636401e-08 1.362957486884214990e-08 1.385902377119312699e-08 1.287125009002031594e-08 1.040423226192229691e-08 7.210999947251784233e-09 4.505150504328694517e-09 2.796544486814735793e-09 1.908068166103761688e-09 1.517303818923684561e-09 1.393171667082896753e-09 1.406037487894429765e-09 1.490658006043140104e-09 1.617669500628726650e-09 1.774629909106361541e-09 1.952982626372731891e-09 2.140133521427970263e-09 2.310356529073356629e-09 2.409432934219201852e-09 2.343832025693414326e-09 2.025023929349206176e-09 1.499316647324100410e-09 9.703538844670372970e-10 5.950626214098136505e-10 3.838915244997593968e-10 2.831215668109072167e-10 2.439576016137361242e-10
8.540445914408878694e-08 6.292751687587272566e-05 2.165589295877390829e-04 4.360925644546873210e-04 7.030372539311834784e-04 1.002541473828473225e-03 1.321204298462106677e-03 1.644283350469954563e-03 1.950175188323065214e-03 2.199546372532342354e-03 2.319867238555110324e-03 2.208831921959334473e-03 1.815508195485434663e-03 1.263535992518424094e-03 7.758026162247355422e-04 4.620554327151188976e-04 3.000315382611884701e-04 2.324270102632115071e-04 2.161867538440176927e-04 2.269387603002903512e-04 2.523075620197935058e-04 2.862366178989432628e-04 3.256790465173242232e-04 3.687307963627010454e-04 4.131808248444525855e-04 4.546188865080577754e-04 4.834311219112269768e-04 4.817869000101945159e-04 4.290250510319773970e-04 3.265990684569920364e-04 2.133838829629714959e-04 1.285028001790676565e-04 7.961651434638688412e-05 5.627573506101675324e-05 4.742941137262840148e-05 4.615459660618039173e-05 4.881129816466174727e-05 5.361651682818914874e-05 5.972783565148136794e-05 6.674248675448497727e-05 7.436965183454157598e-05 8.212786759831456999e-05 8.893362969520491159e-05 9.246432932182201071e-05 8.884474091746296710e-05 7.493025840499439904e-05 5.371553842155308672e-05 3.375199447190657990e-05 2.037947099916656460e-05 1.322877486301705528e-05 1.002624232959115568e-05 8.960868103128170548e-06 8.994359544725217341e-06 9.599770140719193306e-06 1.052559936069681576e-05 1.165956747271729110e-05 1.294668504504100224e-05 1.432944972394547134e-05 1.569195885519541748e-05 1.677199143227137913e-05 1.703823690067708278e-05 1.573316902841537932e-05 1.255736950452348389e-05 8.545347997827735517e-06 5.243129773339983080e-06 3.220880443032461948e-06 2.203757201190357995e-06 1.778570694929004984e-06 1.664508774242492794e-06 1.709288743843779091e-06 1.837629285316837993e-06 2.015097415083402283e-06 2.227073298154806861e-06 2.464664035533374497e-06 2.714931515517746893e-06 2.950002871329368825e-06 3.107974202510668487e-06 3.073214412825304691e-06 2.714229482542615447e-06 2.049686347415602396e-06 1.335384558029844413e-06 8.110894905494340044e-07 5.131325962719349349e-07 3.715124267354346444e-07 3.172185541759170170e-07 3.079455227102859994e-07 3.216309626684976697e-07 3.476935984953035621e-07 3.815661425974198312e-07 4.212472620885101892e-07 4.650296578121462035e-07 5.099126644050692277e-07 5.492487844683146774e-07 5.687814524100180652e-07 5.447191912557584222e-07 4.580584980592655366e-07 3.278704071398707403e-07 2.065553357897714652e-07 1.258489915117341060e-07 8.283938749653298258e-08 6.354549106805000354e-08 5.700412285909100185e-08 5.695686685711492438e-08 6.024165031534183503e-08 6.540390596193982954e-08 7.184597349994323895e-08 7.925923574584979341e-08 8.728392314192930506e-08 9.521729127828609213e-08 1.014881891219349713e-07 1.029084554441731788e-07 9.492552546807727218e-08 7.574844460090755991e-08 5.161533157843744865e-08 3.180104416754324483e-08 1.968489249788383812e-08 1.358952706204936318e-08 1.102905920826317834e-08 1.031829940693049765e-08 1.054339910330616680e-08 1.125707783998497061e-08 1.226420633457935849e-08 1.348457359218993540e-08 1.486383481044227204e-08 1.632275866114101771e-08 1.769572462970043274e-08 1.861618409763060088e-08 1.839749785056478232e-08 1.625458463931590666e-08 1.229134542094623798e-08 8.028037241200232895e-09 4.896562716644416127e-09 3.115586237378518427e-09 2.267352726829859248e-09 1.939387093673912271e-09 1.878502197811155561e-09 1.952721319630015286e-09 2.099856561113661181e-09 2.294184847586545805e-09 2.524110903535212113e-09 2.779069131110365535e-09 3.041128459920042228e-09 3.271173212140768257e-09 3.385277182776181885e-09 3.242751021324646815e-09 2.729712312254263447e-09 1.956711891771738051e-09 1.234225252834755944e-09 7.523364257879317271e-10 4.947161575631410941e-10
1.102167058614886386e-07 6.286183089034393448e-05 2.161166178457432109e-04 4.346122307902044579e-04 6.995848436935772977e-04 9.959054220520088471e-04 1.310068021952940720e-03 1.627600942912940099e-03 1.928026189082847038e-03 2.174647156777219283e-03 2.298947059331116378e-03 2.199859357177615798e-03 1.817900085761394195e-03 1.266363287291135710e-03 7.730869049375367749e-04 4.566463911453069583e-04 2.955341151546508633e-04 2.301345743819417785e-04 2.159974024526642921e-04 2.283791790239715538e-04 2.549608379269276983e-04 2.898467295150338472e-04 3.301638699505661371e-04 3.742335671108392120e-04 4.202789620737846284e-04 4.648297056016805363e-04 5.000141364737611255e-04 5.097887516676160137e-04 4.710128093224576120e-04 3.743168708635546352e-04 2.518681587301941174e-04 1.519314425723814453e-04 9.179900064000730015e-05 6.240207084807469751e-05 5.080200550129678459e-05 4.843064663390782553e-05 5.075199483074970940e-05 5.556694222638354789e-05 6.185417949461183577e-05 6.915235369564473090e-05 7.720512690603336086e-05 8.568390102302027257e-05 9.386124084834953924e-05 1.000429808177337009e-04 1.008080784615083555e-04 9.151451174920235911e-05 7.109704095829066039e-05 4.695680071767355793e-05 2.823651073207635002e-05 1.735099963119673909e-05 1.215026160023330082e-05 1.015046092614324215e-05 9.789531160930484743e-06 1.025678120852839632e-05 1.116358753554519226e-05 1.233532418130003583e-05 1.369823706195679916e-05 1.520770120179815545e-05 1.679632949922885897e-05 1.831165569829086811e-05 1.939999195399354985e-05 1.936238570389471817e-05 1.731347862243120677e-05 1.320247150354526802e-05 8.600080402404492003e-06 5.168344334095475245e-06 3.223043776579702864e-06 2.310703219193982075e-06 1.969292375619297882e-06 1.917851651527938210e-06 2.012367932641599217e-06 2.184645251508238135e-06 2.405245582758714763e-06 2.662057025316571110e-06 2.946573246322249896e-06 3.244871723530704332e-06 3.525392057661972807e-06 3.715457525253018291e-06 3.675034614871457098e-06 3.239517708429404554e-06 2.428915069878041209e-06 1.563949891063788569e-06 9.404567683072727630e-07 5.946459410623061430e-07 4.352051878845496793e-07 3.772709551368850368e-07 3.705685860192551449e-07 3.895911643567626776e-07 4.224463177888467153e-07 4.641941349520986928e-07 5.127652705767004757e-07 5.664848196290293101e-07 6.224996001008599193e-07 6.743259992328097805e-07 7.071590072735451992e-07 6.932559570942749790e-07 6.025823332127689911e-07 4.446396750641170345e-07 2.833890920445847838e-07 1.706736181283447888e-07 1.093835555595771452e-07 8.158986244708950019e-08 7.181266100662952541e-08 7.108086538911883589e-08 7.488706919002933998e-08 8.116766492250490772e-08 8.909205640910776089e-08 9.829458910576247840e-08 1.084432754417538924e-07 1.189571114721409724e-07 1.285098793142173688e-07 1.341020740491102249e-07 1.302808009857070004e-07 1.116625901958168455e-07 8.113712992622453106e-08 5.124229438234047253e-08 3.093504584839029424e-08 2.009541176391932254e-08 1.526067522158480742e-08 1.362019387176803731e-08 1.357618922539418940e-08 1.433375231299952214e-08 1.553614509110789697e-08 1.704295481092304701e-08 1.878798796805439264e-08 2.070549254108748935e-08 2.267756879733158930e-08 2.443364863430104201e-08 2.536845299069960940e-08 2.441721509897780687e-08 2.063363038573461784e-08 1.477091362830491219e-08 9.252397210265958211e-09 5.603417515205987272e-09 3.689569322370898964e-09 2.850117915606987609e-09 2.576516166498504980e-09 2.584617052347736279e-09 2.734499733391838648e-09 2.964662520936234485e-09 3.251202881520409778e-09 3.581930457567135920e-09 3.943844072842459801e-09 4.313050873593533617e-09 4.634447670518655912e-09 4.786285661194672685e-09 4.561905125738638077e-09 3.798789016780541141e-09 2.678023031944873132e-09 1.662227528900952744e-09
-3.564888450458305212e-08 6.278877491888311315e-05 2.156264737607153763e-04 4.330107218139177217e-04 6.958266810392129548e-04 9.886536379054926792e-04 1.297828098167217847e-03 1.609079349220782522e-03 1.902991063895227361e-03 2.145514352199383214e-03 2.272454178916286874e-03 2.184909320554587718e-03 1.815407229258685388e-03 1.265627015049244691e-03 7.675976248541554678e-04 4.492619792812061548e-04 2.898585120452496682e-04 2.272351358579777832e-04 2.155223756442264460e-04 2.296811128767065697e-04 2.575198421276572117e-04 2.933442080113895416e-04 3.344647316132537862e-04 3.794058958838895652e-04 4.267583762011282014e-04 4.738725848550096563e-04 5.145631530168681645e-04 5.351781180023718488e-04 5.122670870445458942e-04 4.266117826512492821e-04 2.983310818318262955e-04 1.817480288012995296e-04 1.074196675719706669e-04 7.004300192717855705e-05 5.478193473608907778e-05 5.094330044157265866e-05 5.278815437581170478e-05 5.755983844255976785e-05 6.399905337398911548e-05 7.155455831799898347e-05 7.997245005384759581e-05 8.902582092826061375e-05 9.825754607801590003e-05 1.065499803088003350e-04 1.113251602243771777e-04 1.078589457843984808e-04 9.156346312280424333e-05 6.533863352473975189e-05 4.033304053590101276e-05 2.389150514907174095e-05 1.543453573395703215e-05 1.185813849541431220e-05 1.081274915010273369e-05 1.101795478813215589e-05 1.185520517264472181e-05 1.304394419983522413e-05 1.446732625920128131e-05 1.607609400447785700e-05 1.782848897256506402e-05 1.964416521169163460e-05 2.132746230299515888e-05 2.241545464713714931e-05 2.201237664013096771e-05 1.910781907570659752e-05 1.398436181189634801e-05 8.780408312608093752e-06 5.209142483827429930e-06 3.318553873773951521e-06 2.492664597028567967e-06 2.225461448493895206e-06 2.233759004107035794e-06 2.379275416731810211e-06 2.599404700994893717e-06 2.868761890634661453e-06 3.177073178496686932e-06 3.516257846513373418e-06 3.872164508163873307e-06 4.211078316606179041e-06 4.451794661169638143e-06 4.429504895768121003e-06 3.932967217351027667e-06 2.958175958287621193e-06 1.894432970082564091e-06 1.127149871136654724e-06 7.075345844661842649e-07 5.185131365161885444e-07 4.525445146738144621e-07 4.473483875007527669e-07 4.720938439223216345e-07 5.127759174766645901e-07 5.637700954564683307e-07 6.228558182623816147e-07 6.884320751625526511e-07 7.579921153331824967e-07 8.257688555482917234e-07 8.777038482155078004e-07 8.840506460736750772e-07 8.023174986631993521e-07 6.206787945970071276e-07 4.063837638373614276e-07 2.430360914234361568e-07 1.504545682060837257e-07 1.074896754695404098e-07 9.157176009477750484e-08 8.907263382480203658e-08 9.313453658346451499e-08 1.006185950902275601e-07 1.102623649044348168e-07 1.215771386645615909e-07 1.342403861843809014e-07 1.478034700436309593e-07 1.612824677684099738e-07 1.722639587231471456e-07 1.754536916869746847e-07 1.625586687126780172e-07 1.293546203680314552e-07 8.676884003854941199e-08 5.230052871838056856e-08 3.198906371939152055e-08 2.228018033956387455e-08 1.850221316830060686e-08 1.768852579267258746e-08 1.831734820564395886e-08 1.968466946067351371e-08 2.150489024440327141e-08 2.366922047812534191e-08 2.611174687327523656e-08 2.875106620924082018e-08 3.141918895945350789e-08 3.370420061538815641e-08 3.467413922542114093e-08 3.274949210235683344e-08 2.679413945345560047e-08 1.844506046773974947e-08 1.123755146953514194e-08 6.806732879910598872e-09 4.624208607414288734e-09 3.738552944771457718e-09 3.507661161921893005e-09 3.594695174113665341e-09 3.841806387003677445e-09 4.184097522458797443e-09 4.597130640209336441e-09 5.067263292418019856e-09 5.579462187658157510e-09 6.104946956335874642e-09 6.573687777907244536e-09 6.823084696036904713e-09 6.558284058527425066e-09 5.510276809433711095e-09
2.130867406112411538e-08 6.271789202938666576e-05 2.150979839008010602e-04 4.312681775682286806e-04 6.917401071432026632e-04 9.807482274600284964e-04 1.284406645077283346e-03 1.588574558117050121e-03 1.874810523387607101e-03 2.111696005964693295e-03 2.239662292928502104e-03 2.162959278157644809e-03 1.806953106298581730e-03 1.260454834635580529e-03 7.587073739342541784e-04 4.395331849364850522e-04 2.828415785622187344e-04 2.236790647930466172e-04 2.147573761520320116e-04 2.308519337243849091e-04 2.599916239887543824e-04 2.967329638179787873e-04 3.385844352661232298e-04 3.842551255240920561e-04 4.326377279988499898e-04 4.817698707726753211e-04 5.269998491003859229e-04 5.573665645795765605e-04 5.511515562275865008e-04 4.820123824638375431e-04 3.536914447930371991e-04 2.200039029817983302e-04 1.278719771892826939e-04 7.982585688284991551e-05 5.960093698768312629e-05 5.376849766197441246e-05 5.494233523042575185e-05 5.960167312971287226e-05 6.616627420408496460e-05 7.395851650613644392e-05 8.269758285899300157e-05 9.221420228547291310e-05 1.022369011092910955e-04 1.120971654200971971e-04 1.201050156318387354e-04 1.224861466202475924e-04 1.132143294519521732e-04 8.920797833752882981e-05 5.870822869159739854e-05 3.457830962631592610e-05 2.080654629814200485e-05 1.449699450555896397e-05 1.223389664668642342e-05 1.195063961594712662e-05 1.262656107790037707e-05 1.379713178551891102e-05 1.526504472376988443e-05 1.695475842880026258e-05 1.883106874084502008e-05 2.085232515475037696e-05 2.292507897460300558e-05 2.480782156407386696e-05 2.591635092401196351e-05 2.512811454494039403e-05 2.128504746109759644e-05 1.504739474294673964e-05 9.164744482557955744e-06 5.394108629123964557e-06 3.516848104557318827e-06 2.755190389681935292e-06 2.553245337673146820e-06 2.619850210671211901e-06 2.819056923838207659e-06 3.092191200702193770e-06 3.416937913296772018e-06 3.784374310275075130e-06 4.187141483026977924e-06 4.611962234467115870e-06 5.025509991168770389e-06 5.342971768329041383e-06 5.379208487811531330e-06 4.862662810884719591e-06 3.718603613839239122e-06 2.390112634844222577e-06 1.406339393557382038e-06 8.683793273866461799e-07 6.292955596536143906e-07 5.474413610683414216e-07 5.415006925126246512e-07 5.720697418598446649e-07 6.216597824089601324e-07 6.834312072326811254e-07 7.548572122837487009e-07 8.344086331522357324e-07 9.200647507678868438e-07 1.007269309812098159e-06 1.084185345017705977e-06 1.122600247871710408e-06 1.071003190629476902e-06 8.849211699925992826e-07 6.099069312256936471e-07 3.675362292017108378e-07 2.191102746517130483e-07 1.473753727900431749e-07 1.191781615832052512e-07 1.124871760753689882e-07 1.160362347456289117e-07 1.246552466710930264e-07 1.362312322192708022e-07 1.500007633481644043e-07 1.655986504506672681e-07 1.826772561609233336e-07 2.006006248718109605e-07 2.177546302226117344e-07 2.300634421914554944e-07 2.289158726382922343e-07 2.028002235426187601e-07 1.512114879025537960e-07 9.549152817459195389e-08 5.629324891914841871e-08 3.554687006246018193e-08 2.656541913238960642e-08 2.364701345070285048e-08 2.362975080911172579e-08 2.500499351625412301e-08 2.712578022031728987e-08 2.975292857725393163e-08 3.278954529561556567e-08 3.616637686350438483e-08 3.978871923549337011e-08 4.343802073770705460e-08 4.654639523858823923e-08 4.778858008333571744e-08 4.487876798396980210e-08 3.622575967160156684e-08 2.442282622434548110e-08 1.460802588418382444e-08 8.822547441740316531e-09 6.097660777688996308e-09 5.061007083868869205e-09 4.848409153416401047e-09 5.026301506833214928e-09 5.400015104836331709e-09 5.893796015957539922e-09 6.479674822985256973e-09 7.141967129323674108e-09 7.864827288657622502e-09 8.618143644008098966e-09 9.324594066993043883e-09 9.791351656941436877e-09
2.376180409935087172e-08 6.265271382432526068e-05 2.145371757694833283e-04 4.293893931375157786e-04 6.873143672282703209e-04 9.721514433849272807e-04 1.269722681229788763e-03 1.565926811931516631e-03 1.843192752093497080e-03 2.072678923861292263e-03 2.199711662735618148e-03 2.132761797329941599e-03 1.791171869026444161e-03 1.249713896587170128e-03 7.456098491543540875e-04 4.270054634081317415e-04 2.742992127331509572e-04 2.194216240557767797e-04 2.137076064815922067e-04 2.319060969812928815e-04 2.623866318515786860e-04 3.000182703813440905e-04 3.425264119354176954e-04 3.887893467199108732e-04 4.379402738521274963e-04 4.885654376234998793e-04 5.373255149716965346e-04 5.759473292668852891e-04 5.860080070801566149e-04 5.380758627427026375e-04 4.180779515235739517e-04 2.692596109731391517e-04 1.552486122971709478e-04 9.273592966827717431e-05 6.562042564851518504e-05 5.702097536972829583e-05 5.724681784957450214e-05 6.170046713801453160e-05 6.835867493190906600e-05 7.637073725484273541e-05 8.540084854290060600e-05 9.530147016448507747e-05 1.059156423494036532e-04 1.168816636519972023e-04 1.272297304933987328e-04 1.344816339468114569e-04 1.333516216623745502e-04 1.168266663226896876e-04 8.517772022656701282e-05 5.222856853238492966e-05 3.006725158406275478e-05 1.890921044702667184e-05 1.439891436335460020e-05 1.318920812875149750e-05 1.352816126984269649e-05 1.461375484010628933e-05 1.610196726707930612e-05 1.785835982757145676e-05 1.983489190408615669e-05 2.200466344843991499e-05 2.432688424413299348e-05 2.669836100393348043e-05 2.883694115336158024e-05 3.003806083472772374e-05 2.892336217403891876e-05 2.410878374793951360e-05 1.660221756506436447e-05 9.859693571970358711e-06 5.763030827444133936e-06 3.832777088620438787e-06 3.106937270112773275e-06 2.960937473224900993e-06 3.085479198176171068e-06 3.342334779070898580e-06 3.674764232476553664e-06 4.062493105833534991e-06 4.497616970667147160e-06 4.973892435861628718e-06 5.480179574075532764e-06 5.986838334274301818e-06 6.413234632464843333e-06 6.566651252566006835e-06 6.112161751668398316e-06 4.835394125324536522e-06 3.165276899941362089e-06 1.845935663333529455e-06 1.109052118870002841e-06 7.816811757058041492e-07 6.689215892337884295e-07 6.574228122167903567e-07 6.931627966238432851e-07 7.526525770544273037e-07 8.268626414022599489e-07 9.126561429565080404e-07 1.008492849363262743e-06 1.112856476140007613e-06 1.222659737515969607e-06 1.329411076352710954e-06 1.410460562004791843e-06 1.414824749112210353e-06 1.266820480537883555e-06 9.498865352408188470e-07 5.955372895245087517e-07 3.454613468189955049e-07 2.154847783845364564e-07 1.609603584097702489e-07 1.442990737023548634e-07 1.452674139166282603e-07 1.545098740223088011e-07 1.681145390931680016e-07 1.846731907874927015e-07 2.036572615213440432e-07 2.247435450627231681e-07 2.475552665127020625e-07 2.712243855835841419e-07 2.933322416561036442e-07 3.076238256117371499e-07 3.010705460150576028e-07 2.580854164495847048e-07 1.834840486787239462e-07 1.111694135282574018e-07 6.494127022232159695e-08 4.238567048804922110e-08 3.348604333519441264e-08 3.122254449952538671e-08 3.202439821646156318e-08 3.428762653710029201e-08 3.737540211525229030e-08 4.106597254125405621e-08 4.526210356253221079e-08 4.989428796939113678e-08 5.486547951189859699e-08 5.992937334069196079e-08 6.440251341218818020e-08 6.658878070464630938e-08 6.329061044367390778e-08 5.172287100510059541e-08 3.495118793895427607e-08 2.067392538268609706e-08 1.230323218993721777e-08 8.447054011552965405e-09 7.030466196852379711e-09 6.771637106896586410e-09 7.046066526334064461e-09 7.582373646828257494e-09 8.278828677877027260e-09 9.099025130501766290e-09 1.002408272246186208e-08 1.103865097146176929e-08 1.211674913252053431e-08
2.020367410172958219e-08 6.257906399417349763e-05 2.139156259922155977e-04 4.273688175710696198e-04 6.825385714726403714e-04 9.628281251853094838e-04 1.253691804973947445e-03 1.540958288682981424e-03 1.807803908612462583e-03 2.027857710504773169e-03 2.151568366044626437e-03 2.092770295680392370e-03 1.766296541035423592e-03 1.231899869318084156e-03 7.272486109356187181e-04 4.111152170822316224e-04 2.640283879208797451e-04 2.144305751897392000e-04 2.123930044434084886e-04 2.328676149604720495e-04 2.647202288971866051e-04 3.032072895169586916e-04 3.462946883053281814e-04 3.930172642489059140e-04 4.426929434672661275e-04 4.943215415713032510e-04 5.456148040961049514e-04 5.907313487586139406e-04 6.153973721432088846e-04 5.914740218669539218e-04 4.900212430536099971e-04 3.323417850069008950e-04 1.927121946556324000e-04 1.103810216500787151e-04 7.343041740692825563e-05 6.088202988831950508e-05 5.974973756428070097e-05 6.386682685943775926e-05 7.057833891041435470e-05 7.879489520089747844e-05 8.809652121422282829e-05 9.832885008721327998e-05 1.093959853826031152e-04 1.211212542009444546e-04 1.330205686698823938e-04 1.437337361983039529e-04 1.497681709872746795e-04 1.440432063195862017e-04 1.191648892104197059e-04 8.052697197350165172e-05 4.666279126123410744e-05 2.690272151537933116e-05 1.806608809648478802e-05 1.502349707751077327e-05 1.466611603321888782e-05 1.553114434126922017e-05 1.699213987361005898e-05 1.879810554117638968e-05 2.086027962811544571e-05 2.314803883005535758e-05 2.564106566051139145e-05 2.830241271097080395e-05 3.102700739324362321e-05 3.350952259652963632e-05 3.495034221294851935e-05 3.370057037973554130e-05 2.798556550703219711e-05 1.898480487937595084e-05 1.103814391273322505e-05 6.382998082470498161e-06 4.291891401560971266e-06 3.561190103888466925e-06 3.459382677860756172e-06 3.641879518238630195e-06 3.961390275691493422e-06 4.360442921397753916e-06 4.819680994632500759e-06 5.331945752633745484e-06 5.892408652282101095e-06 6.493131397047811623e-06 7.111405542396085516e-06 7.680102826114408148e-06 8.021234306623633192e-06 7.761950929113591935e-06 6.484970123134821278e-06 4.429326637935398020e-06 2.587067321209232504e-06 1.497486823294003879e-06 1.004399129732304013e-06 8.295290241100491647e-07 8.017592230982996438e-07 8.401211317027121994e-07 9.100667940661094520e-07 9.984193942915685281e-07 1.100800683083662662e-06 1.215449131064383681e-06 1.341210448908566252e-06 1.476370379313730392e-06 1.616046144528850695e-06 1.745645107799191153e-06 1.826089992557091332e-06 1.774235926379249237e-06 1.492985040056194585e-06 1.028100035064140057e-06 6.035316327945479231e-07 3.492940400609254028e-07 2.332208328736391459e-07 1.914539150878471346e-07 1.840795174784244442e-07 1.920997012759412918e-07 2.074194648256477493e-07 2.270015780108281925e-07 2.498324521388874714e-07 2.754778991209136664e-07 3.036641847883454135e-07 3.340203160969288429e-07 3.655002567924344337e-07 3.949525980984218673e-07 4.138632658244302039e-07 4.038348532054530415e-07 3.424350745905280899e-07 2.379157478849868325e-07 1.404157979519484694e-07 8.120378769999582165e-08 5.390915847090834481e-08 4.394797338671707977e-08 4.202689416072682018e-08 4.369268528090782459e-08 4.704881485406850241e-08 5.139122378575275555e-08 5.648253210870940618e-08 6.221672731261840330e-08 6.852929382176486438e-08 7.533979331699418111e-08 8.242469388107603187e-08 8.910620914181649736e-08 9.353799176594173916e-08 9.166943251054233655e-08 7.834767290314593774e-08 5.494280260447491905e-08 3.260757823528152069e-08 1.883490312714937808e-08 1.242104256252515760e-08 1.004756862208248626e-08 9.553546980480433683e-09 9.895839965884305469e-09 1.062997002968909567e-08 1.159193948077246897e-08 1.272586073570013208e-08 1.400608048198892203e-08
1.498607432528213173e-08 6.247790077587326240e-05 2.132743579810525750e-04 4.251923687835698889e-04 6.774021284360291903e-04 9.527497644980290319e-04 1.236231757490879012e-03 1.513495522824347302e-03 1.768262262756828494e-03 1.976511495816807122e-03 2.093967949286835301e-03 2.041025207581100877e-03 1.729997839176243514e-03 1.204973442625770913e-03 7.022130618846473974e-04 3.911602553230298512e-04 2.518150551156349976e-04 2.086992412349014008e-04 2.108572250855022428e-04 2.337742685628228475e-04 2.670137486273537657e-04 3.063092385083871372e-04 3.498925067961125394e-04 3.969463382836731723e-04 4.469239701171604895e-04 4.991125779461155678e-04 5.520049318477135035e-04 6.017569800078203949e-04 6.383342760890635620e-04 6.384447166130643005e-04 5.655402198202415546e-04 4.114326069977883370e-04 2.449701733401759337e-04 1.354957761391930519e-04 8.404935118130379870e-05 6.565482112590390333e-05 6.252680472080850746e-05 6.611546401664307492e-05 7.282676525096589066e-05 8.123212385415709807e-05 9.079322638044770902e-05 1.013256129359155471e-04 1.127576268648509532e-04 1.250098020452578538e-04 1.378765919619188475e-04 1.507371911015898108e-04 1.617831956217734247e-04 1.663172495416378690e-04 1.552035212349829618e-04 1.212991758337613206e-04 7.640489782191717629e-05 4.247466407292377349e-05 2.503762647967532393e-05 1.814137364451864353e-05 1.628530573986914254e-05 1.663298607141071845e-05 1.796273664663400346e-05 1.978527728258543326e-05 2.192027090071982544e-05 2.431048363765477536e-05 2.693669468800562446e-05 2.978562703698012229e-05 3.282833252815762928e-05 3.597012245874811441e-05 3.891469048274692072e-05 4.083171412616105368e-05 3.984219255089791736e-05 3.353558733005639883e-05 2.278287299920196739e-05 1.302569436865426982e-05 7.383952019537361579e-06 4.941901525640185372e-06 4.139156641084538817e-06 4.062881938933373568e-06 4.302433565234754528e-06 4.690278880552763804e-06 5.164220713892120195e-06 5.704437947812970023e-06 6.304163783424313687e-06 6.960024048128059791e-06 7.667716786386631565e-06 8.413406973807510794e-06 9.150974691381701760e-06 9.743093103456120481e-06 9.843156338165748103e-06 8.854178295239409211e-06 6.544260776537680613e-06 3.940962797611426162e-06 2.196300904335578297e-06 1.365160803235006622e-06 1.056131254295535530e-06 9.863567284479751210e-07 1.019780933255350721e-06 1.099336085599152073e-06 1.203317349181188735e-06 1.324643519337351400e-06 1.460888218597360770e-06 1.610954380542282579e-06 1.774071832061549416e-06 1.948274373183105384e-06 2.126641820909547977e-06 2.287387054475278396e-06 2.370875985060999983e-06 2.252326355155823581e-06 1.809682768240849555e-06 1.170769583946814239e-06 6.589047980135922234e-07 3.860612045161424685e-07 2.743077297170072951e-07 2.407656648595604046e-07 2.412432948571880710e-07 2.564725969238502196e-07 2.788833868153144425e-07 3.059181359232674346e-07 3.367207772839966739e-07 3.709129528418697441e-07 4.083058686534187131e-07 4.486164711668016055e-07 4.908392135190334911e-07 5.316222898619372168e-07 5.611823848602257687e-07 5.561024519036419131e-07 4.817771443465884977e-07 3.389401950069116918e-07 1.979933162734944975e-07 1.118640336392080955e-07 7.313646930778045384e-08 5.959114491475102806e-08 5.728274026954517432e-08 5.978502565351001989e-08 6.447998205531910626e-08 7.044176230215455906e-08 7.736835718694523346e-08 8.513113643520972387e-08 9.367109241943566247e-08 1.029420833662017572e-07 1.128020403378802310e-07 1.227489383005951810e-07 1.312322149965897982e-07 1.341652832863993408e-07 1.237921099125551538e-07 9.499174808403083686e-08 5.899662792448460005e-08 3.304361123839224125e-08 2.009634735008360560e-08 1.505678641837920064e-08 1.371197063556800817e-08 1.395374448479893169e-08 1.488799980560522793e-08 1.618183439744086769e-08
9.569386550843298551e-09 6.236610508636274012e-05 2.125662507184096538e-04 4.228833766351682943e-04 6.719035964772743187e-04 9.418981278701746675e-04 1.217284333518078073e-03 1.483337101561406140e-03 1.724139727556127074e-03 1.917771768840496448e-03 2.025322864352733024e-03 1.974991604959317176e-03 1.679109624047640846e-03 1.166082406243846865e-03 6.685733249812615166e-04 3.662656492824182533e-04 2.374571555148109086e-04 2.022719750938511106e-04 2.091806505572125650e-04 2.346818064926796442e-04 2.692956690311190952e-04 3.093341323104098917e-04 3.533229677758281608e-04 4.005830643616028358e-04 4.506602742516188360e-04 5.030211058867874912e-04 5.566795001698976062e-04 6.092706149320817896e-04 6.544492596778780317e-04 6.755964300160762284e-04 6.377353950107428164e-04 5.058603490377639811e-04 3.185540367134402574e-04 1.729247932443505221e-04 9.935922872196279202e-05 7.188300188014925087e-05 6.570512856006579996e-05 6.846824512946216154e-05 7.510469337653396865e-05 8.368142167438875282e-05 9.349453588204550795e-05 1.043096980683414063e-04 1.160556655386543653e-04 1.286954685734566608e-04 1.421576092778775410e-04 1.562145834573863603e-04 1.701330317260094256e-04 1.816852424514870073e-04 1.848992490857383154e-04 1.682681416131202195e-04 1.249851883889729431e-04 7.396571980655642850e-05 3.992513352722371680e-05 2.437367439455191329e-05 1.902388009208897941e-05 1.812944805123077618e-05 1.907950852265036823e-05 2.083940080428230916e-05 2.302473201685391346e-05 2.550734047099442704e-05 2.825089721641880789e-05 3.124466176446564857e-05 3.448310990039883493e-05 3.794908542691879277e-05 4.157198002397641923e-05 4.510713632090385204e-05 4.780359369303707030e-05 4.772377558377042855e-05 4.164179632501771664e-05 2.909248669613714622e-05 1.651812313012683230e-05 9.052747895172251293e-06 5.882922261742459321e-06 4.878502239501615596e-06 4.791445168223619169e-06 5.083247830756594349e-06 5.545028617534976059e-06 6.102908869787022707e-06 6.734533600918071459e-06 7.432977858694917440e-06 8.195978892526038852e-06 9.022459917453607938e-06 9.907069862982402074e-06 1.082636949544114344e-05 1.169915967052324208e-05 1.228104099464799553e-05 1.197914929642077494e-05 9.982249505129632693e-06 6.588995763738779512e-06 3.643005368852260081e-06 2.053750358557392419e-06 1.419914239992334499e-06 1.238111882482268967e-06 1.244158032941846956e-06 1.327979181119134553e-06 1.448006443694474182e-06 1.590541274876709239e-06 1.751418696681422260e-06 1.929100566338588316e-06 2.123147382789480641e-06 2.333286127335655371e-06 2.557681634784632204e-06 2.788493048889397561e-06 2.999134083489906364e-06 3.112058579593878108e-06 2.953669226241666285e-06 2.342589602302069737e-06 1.468467762473675172e-06 8.009427606964541304e-07 4.690603055879247091e-07 3.443135774962137077e-07 3.130659850774080423e-07 3.201793850958804155e-07 3.433106694210036047e-07 3.743535793094324909e-07 4.107831194176541202e-07 4.517394402064343972e-07 4.968863274274254396e-07 5.461496329095884401e-07 5.994372588912208353e-07 6.561076750371216955e-07 7.135546113745666822e-07 7.631830327403949096e-07 7.808979073406057545e-07 7.179624624506186051e-07 5.405705041931297632e-07 3.238853201110771884e-07 1.764190629347890277e-07 1.081394028485895710e-07 8.399272404041897739e-08 7.907046150743656464e-08 8.197214733234500200e-08 8.820165924201297497e-08 9.620924248860280541e-08 1.055150648792219027e-07 1.159317011756541815e-07 1.273904844895028151e-07 1.398802227862617385e-07 1.533654143075540270e-07 1.676234098886119347e-07 1.817957402269013383e-07 1.931352362313647180e-07 1.943035288498555249e-07 1.722480362326755763e-07 1.229531724210532136e-07 7.096341549322713448e-08 3.904871758449146576e-08 2.518054195358865462e-08 2.059693406428790931e-08 1.994942195628903451e-08
4.897493119767644607e-09 6.229187438054373553e-05 2.118522037506504157e-04 4.204456418491771914e-04 6.660552523557724874e-04 9.302697821437928274e-04 1.196787848317855353e-03 1.450304855029966016e-03 1.674950465872681281e-03 1.850578821576024952e-03 1.943592004133864754e-03 1.891253747277016816e-03 1.609177963055881616e-03 1.111086229227470183e-03 6.236162755058091527e-04 3.353566879272242788e-04 2.208209137971093412e-04 1.952882238150006086e-04 2.075002422342405893e-04 2.356706638804756566e-04 2.716011710147615463e-04 3.122926201483983838e-04 3.565865109295480637e-04 4.039307945308423672e-04 4.539273733588985050e-04 5.061308905572327018e-04 5.598527824829291517e-04 6.136847660217338660e-04 6.640307549579068692e-04 7.008182216700849275e-04 6.978620338317397583e-04 6.083827810861307554e-04 4.205728645735062367e-04 2.314907823868063235e-04 1.231433486356968193e-04 8.063609275179794652e-05 6.951681394716360590e-05 7.095962639909352053e-05 7.741159187568696530e-05 8.613958317746063737e-05 9.620033428338866982e-05 1.072897203776888928e-04 1.193227421170164600e-04 1.322755591285597798e-04 1.461282733976808042e-04 1.608189048323714003e-04 1.761243370334872153e-04 1.912839407373928427e-04 2.038464765223605649e-04 2.067938740949045134e-04 1.858204906609422211e-04 1.330104695373870549e-04 7.457798672736165731e-05 3.924694862280210614e-05 2.483039118026409564e-05 2.063675816522263679e-05 2.052734118107088835e-05 2.201191059662022548e-05 2.418751965681343393e-05 2.674745125748556824e-05 2.960077021399495014e-05 3.272496587222827448e-05 3.611623844661355321e-05 3.977647123247471969e-05 4.370158130889938012e-05 4.785378541462124340e-05 5.207622721308697580e-05 5.582572316435431515e-05 5.745740531606246024e-05 5.324674442096341467e-05 3.993108548976095554e-05 2.317993014337693851e-05 1.212926249558213532e-05 7.363896745813644889e-06 5.859825181319580414e-06 5.677452682551069836e-06 6.004723715853899871e-06 6.544027520831099654e-06 7.195301162615987071e-06 7.929712011681330560e-06 8.739202880461854431e-06 9.621983620498224601e-06 1.057908107700983991e-05 1.161110218835213657e-05 1.271191528879919399e-05 1.385018880091967619e-05 1.491093478810788852e-05 1.553041315789144603e-05 1.480922878737146201e-05 1.166766026579467898e-05 7.081455895022892417e-06 3.714718482424006170e-06 2.164374744316321332e-06 1.640378716334700281e-06 1.542941066156229483e-06 1.609173441589533758e-06 1.741236252104147945e-06 1.906279834111665175e-06 2.094817459086229814e-06 2.303894066388918511e-06 2.532673603299567999e-06 2.781405581594636591e-06 3.050500853452870694e-06 3.339085527322648029e-06 3.641085166508024040e-06 3.932795402646054801e-06 4.136300684591761827e-06 4.044297759466511437e-06 3.343049860372796177e-06 2.135464402864743102e-06 1.134137717511253622e-06 6.367968296722397804e-07 4.579548359887400346e-07 4.163318077607079154e-07 4.274623695714982729e-07 4.592635115634181281e-07 5.008789589787283076e-07 5.491411894573501238e-07 6.030062385510136294e-07 6.621287992244744759e-07 7.265412911606946611e-07 7.963868895842753767e-07 8.715799627985967390e-07 9.509804000044455776e-07 1.029791972253096163e-06 1.091663037810420717e-06 1.090352120579456226e-06 9.423117421185645929e-07 6.360493119902095435e-07 3.455882286743762830e-07 1.883138271314868128e-07 1.282519646451417486e-07 1.121325568317419972e-07 1.130558226228464933e-07 1.205331041524612369e-07 1.309621765921076167e-07 1.432794187693405207e-07 1.571282439039441750e-07 1.723776667693230638e-07 1.890214622819006818e-07 2.071004988771233707e-07 2.266199875288563029e-07 2.473746893302604623e-07 2.684093640931584588e-07 2.863427734142040964e-07 2.911100460699533001e-07 2.618208561074585498e-07 1.870257996420224483e-07 1.050007608942007756e-07 5.603001791734248032e-08
1.707802038694342992e-09 6.221340279958479259e-05 2.110615528458138779e-04 4.178881328580184179e-04 6.598878993864160970e-04 9.179249100584746263e-04 1.174767124339396590e-03 1.414259293953914554e-03 1.620171190128410089e-03 1.773605606507000368e-03 1.846038902107850592e-03 1.785011197648044608e-03 1.513601972058234305e-03 1.033659708193749877e-03 5.634001472521965809e-04 2.971844259606338232e-04 2.019793752731052598e-04 1.880661351148943145e-04 2.060387367147566043e-04 2.368490530301933230e-04 2.739698842640429484e-04 3.151929886517376256e-04 3.596804700916786629e-04 4.069889903969601901e-04 4.567448622749908059e-04 5.085201869322546588e-04 5.617482802148712068e-04 6.155223720352582520e-04 6.679409943939311348e-04 7.138965876135029915e-04 7.383205205395065645e-04 7.023301305427169690e-04 5.520832579926582490e-04 3.268014516018211959e-04 1.638273217357496029e-04 9.429941499045049107e-05 7.443771746338998755e-05 7.364911294354438149e-05 7.974358496516693450e-05 8.860056415447382710e-05 9.890765163659199675e-05 1.102675253417768143e-04 1.225737381759897692e-04 1.358030968876147802e-04 1.499492206501639628e-04 1.650002606638755474e-04 1.809081000636478481e-04 1.974934582180548365e-04 2.141153512646442627e-04 2.285311484962788834e-04 2.335465418054455638e-04 2.119999993030257594e-04 1.503944947193882687e-04 8.067242351733338874e-05 4.094961047484804489e-05 2.641112266263905385e-05 2.294184176473321350e-05 2.347185800649413703e-05 2.544875385798289533e-05 2.804031995387809166e-05 3.099366582275562637e-05 3.424345890811630487e-05 3.777683385594572354e-05 4.159561831434125312e-05 4.570719340316443615e-05 5.011783004685571309e-05 5.481950910845228642e-05 5.974801973365306395e-05 6.463388227734221108e-05 6.849800991371880602e-05 6.831426187426014793e-05 5.811328077493315385e-05 3.724650020121915802e-05 1.893139458871507112e-05 1.017213511572375492e-05 7.310817452704903091e-06 6.790587371848114475e-06 7.097039773825915726e-06 7.709122476511470068e-06 8.462441504864280512e-06 9.311771378476484492e-06 1.024581382026521190e-05 1.126237098493462265e-05 1.236332858394753838e-05 1.355213176186402669e-05 1.483136420334261874e-05 1.619745986432795382e-05 1.762284951704957601e-05 1.899232953642237111e-05 1.989624412392016942e-05 1.916794895643046556e-05 1.508958720994984326e-05 8.826513408595295222e-06 4.413662244232940444e-06 2.571919078703190085e-06 2.033274915136674520e-06 1.980845743758419506e-06 2.098928517426718188e-06 2.282511237173026129e-06 2.500532535354303290e-06 2.744850541453162437e-06 3.013021821293071340e-06 3.304823459202580817e-06 3.621121516741192007e-06 3.963089125634320583e-06 4.331392370234521192e-06 4.724065932609914427e-06 5.129049633341490953e-06 5.497900058490651791e-06 5.665498577055316792e-06 5.215086959833356827e-06 3.764760359515140268e-06 2.044308641914301300e-06 1.040033141178912246e-06 6.653290886837757804e-07 5.695341138117753953e-07 5.738647223722617238e-07 6.134501953675464389e-07 6.675817192335312601e-07 7.305715252117606551e-07 8.007520446810238302e-07 8.776020343919402931e-07 9.611845755459905101e-07 1.051814589034613489e-06 1.149842959202259469e-06 1.255372128971166460e-06 1.367394759833352276e-06 1.480714915495258329e-06 1.575353058728054633e-06 1.587068329219434483e-06 1.379200913176968786e-06 9.093022367417496976e-07 4.691400847203171536e-07 2.500173190585112100e-07 1.759997246347614009e-07 1.605271733793522131e-07 1.655854521126946717e-07 1.780111882410005789e-07 1.938422115578102328e-07 2.120043076304805029e-07 2.321254726230477243e-07 2.541126444924600316e-07 2.780150319497973385e-07 3.039346368996014312e-07 3.319671273737519990e-07 3.620963132165578555e-07 3.938433095358187728e-07 4.250109788446640272e-07 4.475151006556037522e-07 4.373206149864030122e-07
2.736901774908966992e-10 6.202909255242675351e-05 2.102930333142137066e-04 4.152448459509362516e-04 6.534845272635423632e-04 9.049414866974134176e-04 1.151320251885530393e-03 1.375188162357156643e-03 1.559303037158771450e-03 1.685231394172600735e-03 1.728838840815482463e-03 1.649034558740548797e-03 1.381860995959141060e-03 9.234330699327932598e-04 4.820173888652346667e-04 2.505820357583769527e-04 1.815503088640602449e-04 1.812505586844528817e-04 2.051351316922394772e-04 2.383466756590709129e-04 2.764368647745359640e-04 3.180344552075744049e-04 3.625954000130856506e-04 4.097533062510095832e-04 4.591270304112151962e-04 5.102584864728444084e-04 5.625797193845350234e-04 6.153472224307474613e-04 6.674333679432264965e-04 7.165458924906339868e-04 7.562570265787285639e-04 7.660543804347573265e-04 6.916336107222601816e-04 4.797847004785815240e-04 2.423421767231698893e-04 1.192472485066578704e-04 8.162654808346752092e-05 7.665327680825145004e-05 8.208719398573634393e-05 9.105342346341732359e-05 1.016124136355498321e-04 1.132415713461653749e-04 1.258121616316400866e-04 1.392986229045477600e-04 1.536958915056246106e-04 1.689989197930940495e-04 1.851942747203644745e-04 2.022445587240501500e-04 2.200388588789434262e-04 2.381932788922496412e-04 2.552412570362015860e-04 2.656349580376441148e-04 2.519333302505005322e-04 1.876662532161083887e-04 9.880556117562914564e-05 4.672946302848338617e-05 2.935861335009663285e-05 2.595349073131793396e-05 2.697379332650247998e-05 2.941730069267963461e-05 3.243522844109215724e-05 3.580493275108390192e-05 3.947842623646086424e-05 4.345010534525004615e-05 4.772586942227280405e-05 5.231610979218482297e-05 5.723185057749556403e-05 6.248079100329248677e-05 6.805669945304565396e-05 7.389517391011280172e-05 7.969105274022572681e-05 8.418733663318077516e-05 8.299030882863322914e-05 6.702619771950173264e-05 3.821096650730720646e-05 1.781522633465608307e-05 1.019290137227667882e-05 8.369457561972998370e-06 8.427031372157741082e-06 9.070477462303436425e-06 9.928421704980594427e-06 1.090461214568053091e-05 1.197773270417970709e-05 1.314360118706070092e-05 1.440394454667357318e-05 1.576306669039224400e-05 1.722604579413288063e-05 1.879769435235958866e-05 2.048027536109534553e-05 2.226424911017804448e-05 2.409010176198751664e-05 2.569448959362421591e-05 2.608306198049608425e-05 2.268836497626109739e-05 1.428263666010981597e-05 6.781723019654983871e-06 3.556230753855209356e-06 2.671545380738106667e-06 2.584191698052686216e-06 2.741762234273250035e-06 2.982241346913316519e-06 3.263494658672689921e-06 3.575715939515494754e-06 3.916347910102960701e-06 4.285550527782776918e-06 4.684657798439733583e-06 5.115413090647145901e-06 5.579635807209154342e-06 6.078697959100221611e-06 6.611674536206942544e-06 7.167619633962292275e-06 7.693733937877394308e-06 7.978172297953130493e-06 7.378224015054730519e-06 5.158581038211577051e-06 2.580535321550892248e-06 1.264577077840732395e-06 8.585072280108945171e-07 7.879576913977168672e-07 8.208871794062051564e-07 8.868951233372514863e-07 9.673540806040936477e-07 1.057821849602938608e-06 1.156990708302579505e-06 1.264711194950905965e-06 1.381340608300198788e-06 1.507423111925967991e-06 1.643557525941352610e-06 1.790277149456107385e-06 1.947686494183692151e-06 2.113915607127874200e-06 2.278713431613647424e-06 2.398656268967711188e-06 2.325728976002170203e-06 1.796230765113554250e-06 9.747287447882677506e-07 4.600265317020952205e-07 2.807444276113782993e-07 2.407746375901212804e-07 2.447539385239038631e-07 2.622824864560726698e-07 2.850921357823790112e-07 3.111954405036653347e-07 3.399857412420078195e-07 3.713299507726044346e-07 4.053090455674235574e-07 4.420828462690859025e-07 4.818366683889223927e-07 5.247526058250645757e-07 5.709346200822439558e-07
6.037896607769666303e-12 6.202642973270664601e-05 2.095288112535751172e-04 4.125377332970432426e-04 6.469096131004608988e-04 8.915420700863402109e-04 1.126765357921550095e-03 1.333389454144493858e-03 1.492202532683185087e-03 1.583642719164107728e-03 1.586360115936386126e-03 1.471233798281112613e-03 1.195007140218612429e-03 7.614428939585948450e-04 3.705505221714631677e-04 1.957050915299117261e-04 1.615587381892958643e-04 1.760434883820770704e-04 2.052414223858864623e-04 2.402799444121790835e-04 2.790068147993390478e-04 3.207977261426532751e-04 3.653137599600372594e-04 4.122136097488998956e-04 4.610810273207285913e-04 5.113983026229795576e-04 5.625270857782777674e-04 6.136844669360505631e-04 6.638954484621617871e-04 7.118390839227493102e-04 7.551875958649708004e-04 7.875802334194999471e-04 7.860050296320734813e-04 6.795615061130093251e-04 4.112973838541939572e-04 1.779158150267666505e-04 9.483688343634926008e-05 8.025171600332562738e-05 8.439785879212435382e-05 9.347636385720354678e-05 1.043103620021934217e-04 1.162101397046036395e-04 1.290361004695464897e-04 1.427643827860640804e-04 1.573895790536595618e-04 1.729034606390325547e-04 1.892893883031261540e-04 2.065191829219849111e-04 2.245490845750080426e-04 2.433077023603747282e-04 2.626420080676929950e-04 2.820474823564487880e-04 2.993203919895855397e-04 3.044969128878334346e-04 2.640570455271389126e-04 1.537365356779081928e-04 6.451737450034119865e-05 3.496875605589747549e-05 2.982253592612098299e-05 3.106361102563207278e-05 3.395038264567232803e-05 3.741134591033757598e-05 4.122255673434111606e-05 4.534720530004239937e-05 4.978563379930323372e-05 5.454664891693983861e-05 5.964137834409364436e-05 6.508101054039187861e-05 7.087589619586837227e-05 7.703455875349927420e-05 8.356001317765804066e-05 9.043136528487431781e-05 9.750823232226871131e-05 1.040423066922690245e-04 1.064362448832093547e-04 9.234393883740211410e-05 5.319191530714228067e-05 2.220382486149811318e-05 1.211114228438457799e-05 1.033210201531601014e-05 1.070469950138989092e-05 1.162554038381608529e-05 1.273497467865160284e-05 1.396163091543177493e-05 1.529349343454273794e-05 1.673069464219164164e-05 1.827748286711315060e-05 1.993941144625122517e-05 2.172242414769014825e-05 2.363257766188500784e-05 2.567575988779886785e-05 2.785652851999157132e-05 3.017209545614424882e-05 3.258068720199966753e-05 3.483846467618959691e-05 3.574412874330553524e-05 3.111668782397268281e-05 1.796150201597388217e-05 7.502588886413493201e-06 4.089693122480500011e-06 3.477424652758971174e-06 3.587794837872266050e-06 3.880326193781121475e-06 4.235292021508350729e-06 4.629665447376199127e-06 5.058732755608821736e-06 5.522421185955852049e-06 6.022331612770974292e-06 6.560577588398927041e-06 7.139460208081217404e-06 7.761380489980338761e-06 8.428755300634508717e-06 9.143653349446877941e-06 9.905883570520100046e-06 1.070287136372375666e-05 1.145725993155219941e-05 1.178245896658207582e-05 1.031269876568330320e-05 6.000767143906706556e-06 2.512715935458689505e-06 1.363091668467785354e-06 1.152749922825603468e-06 1.184793850956848439e-06 1.277345290570317448e-06 1.390751190797822515e-06 1.517307422541248645e-06 1.655176025718340064e-06 1.804297992699428296e-06 1.965228663301359655e-06 2.138707330168729884e-06 2.325545954491244860e-06 2.526600907863730601e-06 2.742747245104013718e-06 2.974766477236221111e-06 3.222748162473348778e-06 3.482911271535200788e-06 3.731107562781697756e-06 3.845363271716429703e-06 3.387765945425212672e-06 1.993239448634335969e-06 8.373107825841926441e-07 4.508421642862016273e-07 3.786665759444221010e-07 3.877419347240649169e-07 4.169434724398982711e-07 4.531340886232148551e-07 4.936767055817324039e-07 5.378849007648448472e-07 5.857280696497113558e-07 6.373915619088306876e-07
4.012608124544301683e-17 6.162903439670490131e-05 2.087566081227451315e-04 4.098495324532500008e-04 6.402782222012429582e-04 8.780660839069928366e-04 1.101803208576202040e-03 1.289986022672964545e-03 1.420081036492407958e-03 1.468083631062213788e-03 1.410440794869749015e-03 1.227530749996446355e-03 9.098603755231551805e-04 5.058138080620747492e-04 2.187521431749208484e-04 1.400294927947507903e-04 1.474141412099774220e-04 1.742429982699110057e-04 2.066908921664846932e-04 2.426210795510926489e-04 2.816150371576773052e-04 3.234385525496023752e-04 3.678134851729987108e-04 4.143603788890601108e-04 4.626124532664946994e-04 5.119761491548700198e-04 5.617101096225132024e-04 6.109261041137459703e-04 6.585191603023083078e-04 7.031491285979888381e-04 7.431637058301777520e-04 7.763518136945743876e-04 7.987648059841117925e-04 7.964102066578853572e-04 7.006618200685090772e-04 3.850016336818606151e-04 1.360864785116141465e-04 8.546795345965552094e-05 8.649523054736040894e-05 9.582724238466063069e-05 1.070028227508902066e-04 1.191754454897115366e-04 1.322425112025243747e-04 1.461959977122265350e-04 1.610285723019992926e-04 1.767267774988108997e-04 1.932669520049677670e-04 2.106083623017483762e-04 2.286998042356235591e-04 2.474680580789215376e-04 2.668198262357722992e-04 2.866385127115441485e-04 3.067644267724669270e-04 3.269352056196331226e-04 3.462092493312736636e-04 3.584394101915393737e-04 3.243443989741713108e-04 1.691667710071181213e-04 5.672228156161423715e-05 3.580254408864266390e-05 3.583716799140128286e-05 3.908363396179115621e-05 4.300759010715015979e-05 4.728560266414758234e-05 5.188764474137116538e-05 5.681908234186209460e-05 6.209030985827042705e-05 6.771213260365485458e-05 7.369336604398739863e-05 8.004298914244947023e-05 8.676705741015404145e-05 9.387047689643783412e-05 1.013560492650961359e-04 1.092225992030355431e-04 1.174643701337089731e-04 1.260417355682685891e-04 1.346657805847504142e-04 1.409637436157350676e-04 1.288160940961717940e-04 6.678951234420070244e-05 2.210050460810963590e-05 1.381519971671842255e-05 1.370994634826539216e-05 1.484237272367397122e-05 1.622673118987658038e-05 1.774098441234969739e-05 1.937347345573059646e-05 2.112695095502748239e-05 2.300706846730493058e-05 2.501980625022908107e-05 2.717165259255863708e-05 2.946866026996153507e-05 3.191726422539301598e-05 3.452361607790578049e-05 3.729375364287392756e-05 4.023367832550753866e-05 4.334762240216766380e-05 4.663015391943238128e-05 4.998710726240552870e-05 5.257921814703071209e-05 4.852222407207071992e-05 2.556317386819397390e-05 8.411969650862403960e-06 5.160826627563286992e-06 5.077602138342392123e-06 5.470470577665208713e-06 5.957666836934459580e-06 6.493012355853137042e-06 7.071068658775802946e-06 7.692767899359844138e-06 8.360419503370937485e-06 9.076694936213538815e-06 9.844257377958729271e-06 1.066601365715780469e-05 1.154481684592395286e-05 1.248371154836341480e-05 1.348576541799413370e-05 1.455406774061424499e-05 1.569147595459503751e-05 1.689739605832107894e-05 1.814179356826264126e-05 1.914032285824843652e-05 1.785269616318489706e-05 9.650888974954507268e-06 3.167129657511998844e-06 1.896606380833641818e-06 1.848945127396030573e-06 1.984288738443437647e-06 2.155297903486855532e-06 2.344137062276037140e-06 2.548232830955634314e-06 2.767900851155486469e-06 3.004037410488013718e-06 3.257641183369796740e-06 3.529806268866285095e-06 3.821627740903781835e-06 4.134304762748117788e-06 4.469036305637514892e-06 4.827112609862694816e-06 5.209836194167362145e-06 5.618444692858379149e-06 6.053129172814245209e-06 6.504295359243842497e-06 6.878115071548145921e-06 6.485731006009451656e-06 3.614795700051579822e-06 1.185645259763986542e-06 6.904855180372396761e-07 6.664452192244468003e-07 7.127697292263104405e-07
0.000000000000000000e+00 1.567963175691641408e-27 1.436437825286742763e-09 3.598154575006157283e-06 5.422527456672970040e-05 1.868812290206439903e-04 3.702887050738885725e-04 5.659836741036362385e-04 7.445804427939438754e-04 8.746253535078674785e-04 9.037055878626468891e-04 7.388495287462962854e-04 2.575724878174400542e-04 4.199071785541108988e-05 5.421127138265162778e-05 6.931491730762649902e-05 8.844550718799147279e-05 1.129953642433617752e-04 1.446261349979837600e-04 1.849883689629345032e-04 2.349884675171736771e-04 2.934911035365811633e-04 3.560070925359157604e-04 4.150436431556098009e-04 4.634960848733958366e-04 4.990753794867072235e-04 5.255328504289011240e-04 5.499984657731356655e-04 5.795694157234243743e-04 6.190806236107025077e-04 6.692741659397151779e-04 7.239465822497572487e-04 7.668972479203003912e-04 7.750475383705196682e-04 7.344169693141888071e-04 6.542686465669973750e-04 5.512869338146490945e-04 3.743496973885348904e-04 7.524810570193409844e-05 8.633421489894442784e-05 1.001264937550286810e-04 1.163040247976623669e-04 1.336866862756322361e-04 1.503463048739181712e-04 1.645500982124740844e-04 1.760267908981749663e-04 1.863286041964702352e-04 1.980230709091878889e-04 2.135990531496762283e-04 2.345969578083607291e-04 2.606730789144175381e-04 2.885629310007268894e-04 3.124849226931258146e-04 3.280710354155169108e-04 3.372092333296505665e-04 3.474490436262237273e-04 3.662193534984266958e-04 3.937511855233377048e-04 4.163178250671920088e-04 4.174448358363024567e-04 4.169046650480201857e-04 4.434636626000697072e-04 4.555885528336446963e-05 4.951747671328314738e-05 5.326203410332603808e-05 5.664812955333858760e-05 6.042085531913109415e-05 6.536841816602718383e-05 7.202118217302255104e-05 8.036483345738892512e-05 8.956113482786617571e-05 9.807529006096049227e-05 1.047112885638975296e-04 1.098676127290267881e-04 1.154675104936799185e-04 1.236176318913766994e-04 1.351030185021525254e-04 1.480919895339316442e-04 1.585445444573458447e-04 1.648021932462804672e-04 1.713211165882170758e-04 1.839909714299194749e-04 2.005280067187968803e-04 2.080309258277217776e-04 2.124941209392989692e-04 2.317530882725759233e-04 2.358518812404581310e-04 2.115752575275796373e-05 2.363300580347244079e-05 2.636988650035393725e-05 2.895321676494017044e-05 3.107216738166537545e-05 3.283974024219616191e-05 3.476531503595393132e-05 3.741593595458942578e-05 4.105122611229646571e-05 4.532583566835508891e-05 4.930175650437169341e-05 5.227195276230775061e-05 5.477066192569351631e-05 5.821011146805476398e-05 6.344734819016111535e-05 6.946908806103212132e-05 7.376128682700854261e-05 7.626775007762007154e-05 8.081006052171100888e-05 8.874868152910075773e-05 9.377138828048094913e-05 9.694741013224995798e-05 1.066980216156409184e-04 1.088848236715750199e-04 1.155850823169974012e-04 1.011139424494639177e-05 1.091668774794382906e-05 1.200172957125801007e-05 1.328710427556862482e-05 1.453955471510387741e-05 1.555285473435964776e-05 1.640002403960974531e-05 1.740933281535672077e-05 1.887460669675041723e-05 2.076550469189349338e-05 2.260869320006470988e-05 2.392043130288960733e-05 2.499089056406275747e-05 2.668701173079527037e-05 2.931908682906999433e-05 3.184280809660868297e-05 3.322217267860574328e-05 3.488103861917141223e-05 3.822148281341155733e-05 4.059447717857973549e-05 4.203077704093854695e-05 4.636889472279186159e-05 4.762333077236837934e-05 5.091581191789935033e-05 5.534095882019818047e-05 4.772090722771498390e-06 5.069562908409633016e-06 5.483175284201190647e-06 6.030208072113293983e-06 6.621776768429491730e-06 7.115104536365448351e-06 7.488555690516605142e-06 7.911895318758754926e-06 8.570976705342176180e-06 9.443815355958488098e-06 1.023593995528966314e-05 1.074234313212891145e-05 1.126612328677220139e-05
