7.598245731924547110e-17 1.339715473654070082e-10 3.405914374986670839e-09 2.241009623445929319e-08 8.397378916160873496e-08 2.308464779749676235e-07 5.217246992721562800e-07 1.030364743407938078e-06 1.844172250054863156e-06 3.062364509091756967e-06 4.793366011253849186e-06 7.150118156851460976e-06 1.023955350623203015e-05 1.413676034385582064e-05 1.882262050723377766e-05 2.404751694985697723e-05 2.909449220431282277e-05 3.257033917512253265e-05 3.275011519597092953e-05 2.893194842351878219e-05 2.250248395445430966e-05 1.582410349057956323e-05 1.041734742741127301e-05 6.610816576015000397e-06 4.128980774406761011e-06 2.577673913420911033e-06 1.631082745291135094e-06 1.060602133555897204e-06 7.149515795705417428e-07 4.964240422452941694e-07 3.462649381791706004e-07 2.359108635201270200e-07 1.550656526507014852e-07 9.877796524783877475e-08 6.167416347503321194e-08 3.817305331522595246e-08 2.365665719374857384e-08 1.481841571408584283e-08 9.461311016144705417e-09 6.175704988631402982e-09 4.086348805346302895e-09 2.692472490297818145e-09 1.740746302189102338e-09 1.100826943078811765e-09 6.846355815352982775e-10 4.220922604311224759e-10 2.599616552998445762e-10 1.611186226508385025e-10 1.011629526940360839e-10 6.456562881941513090e-11 4.169989556174294831e-11 2.691653346693302670e-11 1.715649473040213607e-11 1.075633272700478574e-11 6.655461868668399587e-12 4.088786638894393127e-12 2.509606975515335660e-12 1.548123600653892867e-12 9.650302282710971498e-13 6.094670048554627641e-13 3.885083898755501387e-13 2.474756460559791960e-13 1.560311870932432198e-13 9.708647640700576294e-14 5.978709515179240325e-14 3.662096078155515411e-14 2.242729914129840111e-14 1.380169697907610895e-14 8.572421607135656582e-15 5.382659186742544764e-15 3.403006493386652730e-15 2.147292640320157767e-15 1.342377810054245362e-15 8.300639034066938572e-16 5.091443902757407329e-16 3.111408326371790275e-16 1.902816024990075538e-16 1.169591692387891210e-16 7.250898716871234452e-17 4.536305722707157120e-17 2.850793743397639909e-17 1.785600473500129051e-17 1.108642142123169559e-17 6.820841556256312471e-18 4.170709218365136372e-18 2.544473365765286016e-18 1.554893279040393440e-18 9.552874027684198529e-19 5.916152243929343210e-19 3.690949014564853197e-19 2.307608400128213022e-19 1.435829628502607496e-19 8.857013282329561595e-20 5.418211836840942495e-20 3.294621533661231731e-20 1.995851098949158675e-20 1.206481858539951108e-20 7.284583534544838379e-21 4.395583472909992211e-21 2.651455572969621314e-21 1.599102751993135773e-21 9.643363641114627450e-22 5.815134692609339361e-22 3.506549720753332155e-22 2.114435424528903766e-22 1.274987110347407099e-22 7.688038477285541319e-23 4.635797412666931597e-23 2.795328788884389032e-23 1.685547928332510127e-23 1.016363798463140565e-23 6.128542489893808503e-24 3.695431693634943059e-24 2.228297318635412454e-24 1.343634312416816086e-24 8.101940111679823382e-25 4.885364456821380920e-25 2.945811183528144223e-25 1.776285799917498260e-25 1.071077215445147485e-25 6.458456183412151037e-26 3.894365005518082231e-26 2.348251402969822725e-26 1.415965027224696861e-26 8.538084788075902692e-27 5.148353980844104537e-27 3.104390430593762197e-27 1.871907017533517438e-27 1.128735563589066876e-27 6.806128512657548669e-28 4.104006892762137507e-28 2.474662731463998887e-28 1.492189412570163736e-28 8.997707908539039484e-29 5.425500739073942705e-29 3.271506317931772552e-29 1.972675722111134219e-29 1.189497780663525843e-29 7.172516771734014416e-30 4.324934243434095486e-30 2.607879047943549603e-30 1.572517117231972201e-30 9.482073510800013620e-31 5.717566891893702854e-31 3.447618406042065329e-31 2.078869018661092184e-31 1.253530956086967960e-31 7.558628483868308234e-32 4.557754579551089555e-32 2.748266679828678246e-32
7.603631985553204042e-17 1.340655193518884619e-10 3.408402582446417942e-09 2.242713225454888412e-08 8.404015164944609637e-08 2.310359487396107217e-07 5.221690195220008999e-07 1.031274439942925658e-06 1.845858834791376892e-06 3.065263758576485687e-06 4.798062339027313986e-06 7.157370754273137495e-06 1.025032641016603690e-05 1.415226150784825969e-05 1.884435846113465403e-05 2.407737478559743053e-05 2.913472660093789740e-05 3.262301735008903299e-05 3.281484399763090644e-05 2.900236844199000248e-05 2.256746437924823316e-05 1.587533168952498037e-05 1.045335272090213600e-05 6.634425725315450734e-06 4.143917492250305614e-06 2.587003314789670098e-06 1.636942514808611963e-06 1.064378751996019930e-06 7.175117635595513548e-07 4.982846209991135466e-07 3.476921896439491863e-07 2.370025842598979460e-07 1.558571925925143951e-07 9.931627852798277087e-08 6.202299124846310531e-08 3.839288249273736317e-08 2.379374632122007921e-08 1.490432197405911213e-08 9.516317696096909572e-09 6.212360612451853776e-09 4.111979929595336213e-09 2.710875340634552141e-09 1.753748663457592311e-09 1.109630256323680702e-09 6.903514342281574414e-10 4.256999041991832145e-10 2.622077707631214813e-10 1.625163017923579392e-10 1.020439761546683361e-10 6.513662231943658526e-11 4.208410720775767227e-11 2.718199811847870114e-11 1.733893583474490538e-11 1.087793042101885940e-11 6.733785951257364828e-12 4.138012387510578683e-12 2.540160000786279957e-12 1.567062942391564125e-12 9.768906744918480424e-13 6.170648413153008665e-13 3.935280387136273570e-13 2.508652840916955621e-13 1.583104811592427863e-13 9.858105747978053278e-14 6.073987686365115297e-14 3.721616618951202537e-14 2.279540279467294132e-14 1.402927426469113739e-14 8.714497129193911584e-15 5.473190936081628414e-15 3.462232125348180590e-15 2.186682708637939914e-15 1.368411635562785385e-15 8.468874723937539485e-16 5.197629696983592589e-16 3.177350966495236417e-16 1.943466376890310721e-16 1.194680440456489241e-16 7.407339129311799757e-17 4.635770117478415650e-17 2.915475899648555213e-17 1.828127582707541037e-17 1.136348560900248241e-17 6.997642910262244339e-18 4.281334998068435123e-18 2.612824172474658121e-18 1.596921557851129172e-18 9.812044419592431853e-19 6.077763540291559181e-19 3.793631653316417233e-19 2.374081967031174679e-19 1.479090754056388430e-19 9.135184133977749522e-20 5.593591489607762326e-20 3.403285099802146964e-20 2.062382549947317654e-20 1.246928223494196904e-20 7.529491018935338466e-21 4.543558668526796775e-21 2.740761077608950845e-21 1.652967553752304758e-21 9.968147097854862829e-22 6.010933584033257078e-22 3.624578642130446321e-22 2.185580783314395174e-22 1.317870994111688972e-22 7.946523883044720881e-23 4.791600101084941220e-23 2.889238877590278620e-23 1.742152129706426499e-23 1.050481878401690915e-23 6.334188458432163405e-24 3.819384290092196110e-24 2.303009415411893318e-24 1.388666818885168887e-24 8.373372226240738252e-25 5.048969340508214679e-25 3.044423514547352709e-25 1.835724063938508023e-25 1.106903431475939882e-25 6.674397475839729858e-26 4.024522861178466232e-26 2.426703581247497096e-26 1.463251787555714484e-26 8.823103943226743147e-27 5.320148169499372183e-27 3.207938694491778637e-27 1.934320312079154265e-27 1.166354916984508075e-27 7.032877563635808347e-28 4.240678896686481824e-28 2.557041174408305743e-28 1.541842645224989069e-28 9.296990468618496329e-29 5.605891887946820396e-29 3.380236213581459864e-29 2.038212132519725248e-29 1.228999523896861654e-29 7.410611514079363862e-30 4.468444612449991177e-30 2.694379163797496199e-30 1.624654596384423184e-30 9.796329310359129679e-31 5.906982823953694898e-31 3.561787785715483990e-31 2.147683954493145567e-31 1.295008755683282853e-31 7.808633452737910825e-32 4.708443563151479853e-32 2.839093539421994683e-32
7.619796237170826115e-17 1.343474974989421909e-10 3.415869013326989129e-09 2.247825384255475926e-08 8.423929638725245786e-08 2.316045379143972952e-07 5.235024271833091119e-07 1.034004511180736846e-06 1.850920535098891085e-06 3.073965052366753819e-06 4.812157451624619231e-06 7.179138557062103194e-06 1.028266078565979396e-05 1.419878863221057298e-05 1.890960691267664110e-05 2.416699785403173586e-05 2.925550098287912370e-05 3.278116073424787544e-05 3.300921805013705065e-05 2.921395232165317960e-05 2.276285307726149700e-05 1.602947664842361007e-05 1.056174416600931942e-05 6.705518327021925970e-06 4.188900561347249262e-06 2.615099950354738022e-06 1.654588851424955486e-06 1.075750254290620077e-06 7.252189852254146337e-07 5.038848615635178782e-07 3.519889248581398571e-07 2.402915245872059207e-07 1.582440953822205449e-07 1.009409168418943856e-07 6.307632979441236624e-08 3.905688053584275525e-08 2.420786913623800880e-08 1.516382092145030882e-08 9.682451623103227602e-09 6.323044426218776475e-09 4.189369487655312695e-09 2.766468151022890813e-09 1.793070920667797649e-09 1.136286581743424256e-09 7.076755155901192908e-10 4.366406317528909140e-10 2.690213760728145749e-10 1.667564192500683656e-10 1.047163946757461510e-10 6.686817965027563060e-11 4.324905707859748464e-11 2.798725701043550858e-11 1.789304456781452403e-11 1.124782183049906952e-11 6.972348959359165002e-12 4.288070274296872731e-12 2.633336304478658406e-12 1.624828674215298926e-12 1.013061289531070164e-12 6.402290608777663945e-13 4.088289975030758685e-13 2.612029876508650873e-13 1.652721879834789519e-13 1.031544884173978357e-13 6.365990133892964735e-14 3.904213108513858771e-14 2.392524863418253486e-14 1.472789733956861678e-14 9.150581843083310324e-15 5.750972390091037714e-15 3.643925949890937583e-15 2.307612905130764651e-15 1.448482545199301129e-15 8.987421630356425612e-16 5.525488752523309466e-16 3.381177750476674784e-16 2.069184138623946904e-16 1.272281552200451177e-16 7.891119754691263674e-17 4.943234024105124128e-17 3.115409204495881365e-17 1.959722018774447222e-17 1.222272729990868248e-17 7.547265144558646897e-18 4.625869891009454486e-18 2.825935272642145173e-18 1.728030479126400049e-18 1.062059270278748642e-18 6.581801206954061421e-19 4.113743317490652499e-19 2.581347941309673535e-19 1.614192990789235897e-19 1.000620612214888928e-19 6.144189959727648811e-20 3.745088475930733771e-20 2.271908953702520086e-20 1.374391000492677321e-20 8.301566245349530788e-21 5.010134409044920076e-21 3.022368978684213324e-21 1.822824200635447684e-21 1.099231318319610505e-21 6.628351883695963607e-22 3.996753658183666876e-22 2.409913772804524443e-22 1.453086834171664492e-22 8.761520682768424752e-23 5.282825696007076725e-23 3.185315639016953085e-23 1.920606298468560333e-23 1.158041318666605420e-23 6.982479544805939244e-24 4.210127433089799637e-24 2.538521144591736977e-24 1.530616234970702277e-24 9.228940340572476913e-25 5.564643645054419876e-25 3.355234469573254600e-25 2.023058264823074635e-25 1.219814821987017797e-25 7.354944860998720929e-26 4.434707048289514124e-26 2.673932568033744390e-26 1.612263290383291621e-26 9.721235862226467258e-27 5.861476053539825802e-27 3.534211288822764554e-27 2.130973379371658081e-27 1.284882869886011933e-27 7.747276457336411733e-28 4.671265678219211692e-28 2.816566977653977605e-28 1.698265542162728136e-28 1.023979147159791829e-28 6.174142192643418555e-29 3.722735167089119892e-29 2.244644955018107337e-29 1.353421811637426770e-29 8.160536017604314307e-30 4.920442948532674650e-30 2.966809871010454404e-30 1.788855373955687835e-30 1.078600816384729593e-30 6.503486743778718804e-31 3.921315391571014555e-31 2.364380063491516252e-31 1.425616795999792672e-31 8.595839900779165184e-32 5.182911972358524634e-32 3.125067104935533217e-32
7.646754942508342112e-17 1.348176683482164169e-10 3.428319089531100557e-09 2.256350157272210401e-08 8.457139518004310004e-08 2.325527760656307723e-07 5.257262625615090227e-07 1.038557902081525932e-06 1.859363188894924632e-06 3.088479117854424268e-06 4.835669771024545174e-06 7.215451601576609922e-06 1.033660364119311444e-05 1.427641264811619296e-05 1.901846966388758112e-05 2.431653485194326810e-05 2.945702887047925219e-05 3.304509572520628497e-05 3.333379973151336724e-05 2.956767085149405576e-05 2.308999318091647127e-05 1.628792256113660729e-05 1.074365234826607389e-05 6.824893153522492822e-06 4.264451066678616270e-06 2.662290621358270454e-06 1.684223767545233026e-06 1.094842141135108279e-06 7.381535876348430057e-07 5.132804684737087919e-07 3.592001914058398936e-07 2.458191125170019863e-07 1.622633517952072939e-07 1.036811445681407121e-07 6.485489414996558853e-08 4.017868880408479526e-08 2.490766499712534175e-08 1.560229922365706022e-08 9.963082931473882733e-09 6.509924596717512423e-09 4.320016409038552331e-09 2.860410361965625155e-09 1.859664668681555050e-09 1.181541556899930506e-09 7.371433070122589487e-10 4.552723648526185519e-10 2.806313561841001852e-10 1.739822182851806272e-10 1.092695042266427436e-10 6.981680253237459242e-11 4.523216096573697902e-11 2.935920210579495348e-11 1.883940652713352701e-11 1.188151244852516860e-11 7.382104462114801183e-12 4.546239010472474153e-12 2.793781077538898464e-12 1.724324231706590457e-12 1.075347660514787251e-12 6.800951209090273373e-13 4.351516367289143447e-13 2.790041983350920441e-13 1.772944477269251088e-13 1.110814296785782832e-13 6.873672979666336552e-14 4.222320192146620835e-14 2.589566129235585951e-14 1.594666139127295409e-14 9.911137475483088972e-15 6.235109995379516704e-15 3.960476205499650997e-15 2.518578491341229467e-15 1.588654697756273723e-15 9.899039056415415842e-16 6.103875934940258616e-16 3.741554951709199505e-16 2.291711453536611107e-16 1.409679982838794129e-16 8.747361059528263364e-17 5.486983660825675838e-17 3.468917247934692261e-17 2.192850886720689181e-17 1.375137936147946308e-17 8.529724085740297227e-18 5.244018234693888175e-18 3.209167015253730089e-18 1.964060386639023373e-18 1.207645740585833371e-18 7.488863832211935852e-19 4.689313973507957955e-19 2.954081484798267789e-19 1.857838228227018831e-19 1.158497242947282227e-19 7.147360325372183145e-20 4.370278757603024178e-20 2.656096960803910044e-20 1.608433826633726262e-20 9.720273925884910893e-21 5.867793594057697129e-21 3.540105182909764288e-21 2.135123038164577279e-21 1.287534448487594692e-21 7.763501085921741942e-22 4.680980542278495889e-22 2.822316893525728385e-22 1.701646333765922034e-22 1.025958928678310767e-22 6.185704100943598029e-23 3.729473366958445704e-23 2.248565053878737443e-23 1.355698699881201374e-23 8.173739329376515682e-24 4.928086520914037966e-24 2.971226986173510780e-24 1.791403093387631238e-24 1.080067254036478333e-24 6.511908256498711253e-25 3.926139665305277402e-25 2.367136024037301219e-25 1.427186351928799855e-25 8.604747933598347731e-26 5.187948081321226003e-26 3.127901653197265852e-26 1.885864815379073795e-26 1.137019796628063899e-26 6.855284680659917888e-27 4.133167090944482881e-27 2.491956351519203179e-27 1.502442635682028349e-27 9.058480788117701199e-28 5.461511290996905265e-28 3.292837538583649630e-28 1.985307450224046541e-28 1.196975443133811870e-28 7.216767414555450642e-29 4.351111145557710871e-29 2.623358508521600425e-29 1.581667218788172893e-29 9.536139200428581463e-30 5.749499627337783726e-30 3.466470577869866924e-30 2.089993746603895901e-30 1.260092581985089797e-30 7.597311320926179157e-31 4.580547503592494672e-31 2.761689569687088227e-31 1.665069355428954180e-31 1.003898478967251204e-31 6.052673738705181756e-32 3.649259377790772753e-32
7.684535561410105275e-17 1.354763428523776215e-10 3.445761853148911229e-09 2.268294304148747231e-08 8.503673430135272028e-08 2.338815475372773666e-07 5.288427598910598326e-07 1.044939520811819396e-06 1.871196524208974745e-06 3.108823735662078231e-06 4.868629865177152369e-06 7.266359952254108186e-06 1.041223332074903947e-05 1.438525176469398434e-05 1.917111972018191524e-05 2.452623361926229391e-05 2.973966609586777804e-05 3.341536578230190629e-05 3.378952444054797308e-05 3.006513971919337266e-05 2.355112612626282737e-05 1.665298678059624974e-05 1.100097457459804135e-05 6.993892566401927720e-06 4.371445313884707838e-06 2.729125044514462033e-06 1.726187060416952766e-06 1.121865455915942840e-06 7.564505930727852312e-07 5.265649255066472481e-07 3.694014210063938071e-07 2.536547065622154415e-07 1.679770849119321977e-07 1.075862998838573017e-07 6.739370989685325904e-08 4.178141170039119944e-08 2.590777843911223764e-08 1.622888993944919524e-08 1.036392429483577252e-08 6.776673067292716184e-09 4.506453826783731718e-09 2.994656740505373886e-09 1.955136158289808001e-09 1.246659554851144607e-09 7.796671162008568979e-10 4.822069106306974237e-10 2.974296807539145860e-10 1.844392095290009629e-10 1.158563647390144255e-10 7.407926951453660002e-11 4.809737245515135215e-11 3.134365735671255597e-11 2.021310085424103463e-11 1.280555050152794232e-11 7.981919173358855802e-12 4.925112914897421718e-12 3.029553935058392247e-12 1.870593931891187009e-12 1.166887702574505118e-12 7.386349299812965623e-13 4.737787573242227833e-13 3.051588545166641607e-13 1.950300213931263638e-13 1.228385307693743084e-13 7.630163457698065035e-14 4.697787801938684604e-14 2.884561571829842576e-14 1.777226954213935098e-14 1.104998154367336341e-14 6.959330551563905033e-15 4.433689923839327337e-15 2.834476396230685844e-15 1.799565639172187282e-15 1.127920870104260034e-15 6.984131712587678576e-16 4.291898238438639073e-16 2.632146744302136940e-16 1.619988973405753978e-16 1.005730961458076436e-16 6.317891509648556128e-17 4.008841368518529970e-17 2.549772104918795502e-17 1.610542362022631305e-17 1.005315691192713503e-17 6.207942529782619917e-18 3.808909993681031113e-18 2.334098208787210254e-18 1.435979533768394656e-18 8.910436071498218372e-19 5.590185012787024976e-19 3.537407460249371543e-19 2.240464722128091018e-19 1.408157626898600016e-19 8.745842264014956129e-20 5.372443626283798004e-20 3.274324391491489473e-20 1.985890293684161525e-20 1.201104613716609033e-20 7.253473462156411734e-21 4.376814293554404855e-21 2.639875638992463974e-21 1.591880765053637220e-21 9.598115442738731845e-22 5.786744150725859045e-22 3.488737848216043280e-22 2.103269333707458857e-22 1.267994848891743665e-22 7.644304929019922133e-23 4.608476884357207565e-23 2.778281460174705442e-23 1.674922663021464639e-23 1.009748258791503436e-23 6.087393548537485451e-24 3.669860871773965118e-24 2.212421119703184365e-24 1.333785457563368991e-24 8.040890597429064267e-25 4.847550306609514498e-25 2.922405619243039020e-25 1.761808344804286813e-25 1.062127932966654419e-25 6.403169496278942870e-26 3.860229856457358188e-26 2.327187270339346970e-26 1.402973603128425796e-26 8.457999732303639301e-27 5.099009654192357966e-27 3.074000978479724431e-27 1.853199475281167933e-27 1.117224203637978133e-27 6.735324166879439054e-28 4.060473402309122193e-28 2.447906565792625946e-28 1.475750721933132035e-28 8.896745585468909446e-29 5.363513013150753227e-29 3.233460096826982779e-29 1.949331375189498540e-29 1.175178507391189056e-29 7.084708848437379560e-30 4.271104274920034507e-30 2.574887990106144015e-30 1.552303042687241969e-30 9.358250710691130297e-31 5.641737080701907319e-31 3.401190913960477816e-31 2.050449970945488719e-31 1.236139102363604758e-31 7.452217328119943487e-32 4.492661303193331739e-32
7.733176586742496206e-17 1.363239558640629831e-10 3.468209952596593091e-09 2.283667286291987665e-08 8.563571430765035517e-08 2.355920899105574684e-07 5.328550459634579372e-07 1.053156236719893083e-06 1.886434157445810146e-06 3.135023884322158689e-06 4.911080705539492301e-06 7.331933684635407541e-06 1.050965949763645407e-05 1.452547146665418867e-05 1.936779927465837669e-05 2.479644108692005190e-05 3.010391057642183355e-05 3.389273060417204381e-05 3.437769786450931692e-05 3.070861604157749632e-05 2.414939585613930958e-05 1.712793528621872280e-05 1.133639446368593271e-05 7.214419274606656165e-06 4.511126702771953194e-06 2.816383513376615474e-06 1.780961033496389864e-06 1.157119632158459075e-06 7.803013993486299319e-07 5.438704713647136732e-07 3.826989651270047653e-07 2.638960612623107305e-07 1.754732531294351744e-07 1.127266446344625711e-07 7.074287324163560626e-08 4.389817945893689130e-08 2.722923489793101178e-08 1.705671033960938856e-08 1.089317769637434072e-08 7.128554967590557468e-09 4.752302629240387790e-09 3.171991494776026853e-09 2.081776735730257642e-09 1.333456289737274493e-09 8.365662990413978585e-10 5.183334327387883756e-10 3.199876208898916507e-10 1.984856644424271493e-10 1.247003683084913732e-10 7.979668612007235980e-11 5.193765873200269329e-11 3.400693305057192362e-11 2.206487429355431011e-11 1.405859961263212117e-11 8.799511549497476893e-12 5.443321857704252114e-12 3.352626446927492134e-12 2.071145853468855148e-12 1.292354377556445044e-12 8.187822362199902562e-13 5.266127019777612366e-13 3.409799415597529098e-13 2.194411933167568380e-13 1.391335409720521311e-13 8.685151196739627418e-14 5.363659260834655273e-14 3.298635491738377117e-14 2.033685053277671053e-14 1.264918506569041979e-14 7.975009757145193081e-15 5.096659689692460532e-15 3.277787029702772300e-15 2.097262564998530762e-15 1.324275461056667471e-15 8.245247897335499630e-16 5.084090914016620371e-16 3.123434565636776036e-16 1.923742350569494808e-16 1.194827401929964678e-16 7.515551578958214983e-17 4.786328490387293816e-17 3.064949953588415742e-17 1.952661114051907640e-17 1.228684294458047894e-17 7.632017635974714546e-18 4.699404418031888399e-18 2.884967074894148493e-18 1.776143851653456289e-18 1.102657078558156955e-18 6.928910814713422162e-19 4.403645527170319526e-19 2.810586649475318887e-19 1.783187098519511502e-19 1.117053664312815055e-19 6.905005334758458281e-20 4.224917187867341778e-20 2.568138642167304350e-20 1.555086247278104100e-20 9.396592252096256512e-21 5.671416609489622645e-21 3.420978858981643245e-21 2.062866076845324547e-21 1.243709826278527873e-21 7.497715660567960140e-22 4.519796009275714299e-22 2.724571233146222437e-22 1.642373586260658459e-22 9.900173631849948132e-23 5.967770678859380097e-23 3.597332855909388520e-23 2.168446390003049742e-23 1.307123207775302442e-23 7.879238374385134369e-24 4.749543709924865056e-24 2.862987840684191528e-24 1.725786629018208406e-24 1.040290628963198233e-24 6.270790151102408370e-25 3.779982994143428026e-25 2.278544017917815654e-25 1.373488409858254785e-25 8.279280081017326657e-26 4.990684896285401193e-26 3.008345590807642347e-26 1.813407053419342595e-26 1.093107504391048944e-26 6.589166033343153398e-27 3.971897442793577956e-27 2.394228528470588687e-27 1.443222119670140583e-27 8.699629387623799858e-28 5.244068147953834851e-28 3.161083020326618154e-28 1.905475973894437272e-28 1.148605925165639531e-28 6.923706146916002322e-29 4.173555591046125154e-29 2.515786473594073873e-29 1.516496292584963352e-29 9.141320336850551784e-30 5.510315976999651710e-30 3.321575116887182344e-30 2.002219346980420598e-30 1.206922069304183670e-30 7.275231275585697247e-31 4.385452172879295296e-31 2.643516065963612861e-31 1.593490685914752651e-31 9.605436482079676410e-32 5.790081537772010530e-32
7.792727591938731093e-17 1.373610667480131847e-10 3.495679639886673897e-09 2.302481263295448438e-08 8.636885016166614678e-08 2.376859935271622071e-07 5.377671390524243267e-07 1.063216878067605794e-06 1.905093583188344230e-06 3.167111600913596048e-06 4.963077352031606160e-06 7.412262885990721179e-06 1.062902316068468336e-05 1.469728450988647367e-05 1.960881971219688574e-05 2.512760325310530783e-05 3.055040211142203788e-05 3.447816494738518197e-05 3.509999202833875864e-05 3.150099347035924176e-05 2.488885445882289973e-05 1.771700423724370066e-05 1.175340955106082248e-05 7.488960090172595313e-06 4.685122604964922659e-06 2.925087802643169657e-06 1.849177219334029841e-06 1.200996548774580071e-06 8.099561960073229172e-07 5.653694921206344288e-07 3.992308577980481260e-07 2.766699743999058142e-07 1.848666255016436956e-07 1.191945606328835579e-07 7.496863371912274671e-08 4.657295535861690690e-08 2.889998159374629434e-08 1.810320484894181100e-08 1.156174618837601936e-08 7.572557651838026581e-09 5.062348851820415710e-09 3.396077201875536560e-09 2.242605578441840842e-09 1.444344722081512261e-09 9.096104808246275125e-10 5.648524477949934546e-10 3.490794188729504915e-10 2.166079937880837791e-10 1.361048830815411982e-10 8.716043570678067300e-11 5.687864129120780277e-11 3.743810201253405308e-11 2.446282598953892951e-11 1.569296824296989106e-11 9.872810017876877769e-12 6.126590129834994395e-12 3.779621918923095319e-12 2.336434886599229763e-12 1.458259888802595626e-12 9.246210148728729345e-13 5.962912944418742978e-13 3.882761745955015625e-13 2.518509981978941432e-13 1.609476543160059067e-13 1.010841682261219588e-13 6.266843660776674284e-14 3.861984210355100100e-14 2.382995378576625129e-14 1.482661611649258422e-14 9.355844311423920166e-15 5.996645189839499352e-15 3.880387843509017710e-15 2.504459625717903008e-15 1.595371604098173459e-15 1.000169137361507971e-15 6.194228259261374934e-16 3.814267956988494134e-16 2.351411267346102754e-16 1.460939613868281214e-16 9.198035140716412074e-17 5.876855123790971412e-17 3.788864191036260884e-17 2.436873915830170684e-17 1.548120388702084962e-17 9.688078543118143868e-18 5.993625890614836506e-18 3.688501433151817593e-18 2.272941157437858934e-18 1.411491907855575682e-18 8.878687993961151972e-19 5.663394395259951296e-19 3.641841252127684622e-19 2.334606621995782541e-19 1.477669830183602938e-19 9.207964819853991005e-20 5.663769809706935322e-20 3.453342217037180653e-20 2.094564333080282746e-20 1.266687383880628971e-20 7.648088640676638644e-21 4.613898734327372971e-21 2.782203541523914247e-21 1.677287885293097416e-21 1.011050156501669929e-21 6.094100808958882591e-22 3.673091682947808202e-22 2.213839421031526874e-22 1.334308833573740677e-22 8.042006891534359821e-23 4.846981662156574859e-23 2.921310414353363453e-23 1.760693319604422580e-23 1.061181220314665520e-23 6.395806329323729771e-24 3.854792497677222628e-24 2.323307423221442605e-24 1.400271795675422523e-24 8.439524830649698860e-25 5.086553835167154942e-25 3.065697454825620328e-25 1.847714811399027033e-25 1.113629139806056264e-25 6.711911667583921477e-26 4.045310651910962951e-26 2.438133735573312182e-26 1.469478273328396926e-26 8.856636386028417766e-27 5.337949495094210011e-27 3.217215155925490306e-27 1.939035460887355003e-27 1.168668657933358329e-27 7.043638239636571384e-28 4.245244305475378632e-28 2.558634983798599656e-28 1.542105120280428278e-28 9.294362881195124669e-29 5.601769959211128117e-29 3.376221380317238415e-29 2.034869495161485238e-29 1.226428422756328224e-29 7.391759912471408678e-30 4.455059389509482425e-30 2.685091831861268751e-30 1.618321444267435526e-30 9.753723376978018336e-31 5.878629369437313485e-31 3.543086258195482772e-31 2.135439988490931233e-31 1.287042880736595052e-31 7.757086997445194703e-32
7.863249292455334307e-17 1.385883579933280697e-10 3.528190767678420325e-09 2.324751088333535010e-08 8.723677072495105641e-08 2.401652014532679978e-07 5.435839479532888615e-07 1.075132232211995952e-06 1.927196202711259428e-06 3.205126056474117052e-06 5.024687215186737981e-06 7.507457712895155885e-06 1.077049662339581064e-05 1.490095093008770414e-05 1.989456161970069601e-05 2.552026516971371464e-05 3.107992212003625823e-05 3.517285715448806142e-05 3.595844033185634204e-05 3.244579567998819730e-05 2.577446895630135731e-05 1.842542749483688021e-05 1.225636708242436594e-05 7.820616976500574332e-06 4.895466510327557627e-06 3.056515500073147420e-06 1.931625221022563867e-06 1.253985861964639490e-06 8.457271401610342957e-07 5.912763547830888886e-07 4.191678217935365674e-07 2.921331123169090876e-07 1.963000193672296192e-07 1.271060982772549121e-07 8.015481786980895181e-08 4.986160710141688650e-08 3.095560890753505170e-08 1.939060347467655614e-08 1.238351721566853477e-08 8.117563419954193810e-09 5.442647392958844669e-09 3.671519816903697716e-09 2.441424902579153640e-09 1.582394469381590272e-09 1.001076646260403912e-09 6.233214990032137956e-10 3.857144175296043151e-10 2.394417370373045695e-10 1.504664492052728665e-10 9.642033027929785510e-11 6.308358720678018602e-11 4.175210611797651734e-11 2.749464993590341191e-11 1.777662302335437624e-11 1.125177325629359651e-11 7.009186122048448049e-12 4.332843138868821282e-12 2.680539410936886602e-12 1.673383575006992189e-12 1.061650918089587309e-12 6.863513480234578539e-13 4.494540473707199222e-13 2.940134811895657992e-13 1.895927305091032660e-13 1.199467674335681686e-13 7.471872813498879060e-14 4.616515921714992549e-14 2.851588810969301787e-14 1.774690167924972958e-14 1.120465652689420093e-14 7.199273191905184432e-15 4.686181528538963019e-15 3.052317483900590121e-15 1.963911774537040089e-15 1.241449317714179298e-15 7.730966785215876778e-16 4.774870367999208886e-16 2.947176358003142450e-16 1.831543049179144297e-16 1.153663770107732177e-16 7.389336785276782518e-17 4.793724832370104428e-17 3.113612167888945110e-17 1.999672546221266279e-17 1.262786544513473437e-17 7.859736650248404516e-18 4.852764551617194042e-18 2.994152763767715297e-18 1.859631708984238047e-18 1.170158302132490478e-18 7.482975671348155392e-19 4.843961578377160368e-19 3.138252128825296078e-19 2.009842397478344834e-19 1.264899327839341181e-19 7.833745139832746523e-20 4.796177127241099706e-20 2.915656072488349953e-20 1.765294666844348697e-20 1.066439564051436833e-20 6.434891933124144877e-21 3.880382782864416695e-21 2.339187217499656124e-21 1.409874237695633308e-21 8.496819438233061781e-22 5.120492335537843934e-22 3.085717585438620079e-22 1.859494526851579631e-22 1.120548385333256475e-22 6.752502128327802521e-23 4.069096622258995369e-23 2.452058509661709017e-23 1.477622238174293306e-23 8.904220019136151173e-24 5.365723383333244638e-24 3.233408991041804506e-24 1.948466683778018154e-24 1.174154689311675490e-24 7.075508289335075198e-25 4.263732681425863472e-25 2.569344218156298363e-25 1.548298214726725554e-25 9.330113662151647072e-26 5.622367840543465875e-26 3.388063776028340439e-26 2.041662245187329294e-26 1.230314716197248403e-26 7.413930998571537001e-27 4.467667672876804112e-27 2.692236337085043318e-27 1.622353546722098630e-27 9.776374363184554848e-28 5.891286512858667165e-28 3.550115358434806804e-28 2.139315246453842283e-28 1.289160847360757618e-28 7.768540392176613832e-29 4.681356864694229027e-29 2.821006390941650977e-29 1.699950951774566701e-29 1.024397976452149923e-29 6.173067599766930246e-30 3.719917890043965970e-30 2.241639004437885821e-30 1.350821597343866397e-30 8.140110803916860245e-31 4.905266841330838638e-31 2.955935535064425402e-31 1.781259851928063764e-31 1.073395079984939213e-31
7.944813623964779513e-17 1.400066361763048232e-10 3.565766782741642897e-09 2.350494297447436376e-08 8.824021876449370064e-08 2.430320083099085018e-07 5.503112705306770042e-07 1.088915039281820451e-06 1.952767266862428847e-06 3.249113521208697241e-06 5.095989901733321843e-06 7.617648100698110281e-06 1.093428350775367474e-05 1.513677804551221051e-05 2.022547480373160345e-05 2.597507093376774816e-05 3.169339339176346969e-05 3.597820754643311057e-05 3.695543166628966213e-05 3.354716838364522544e-05 2.681212891414318835e-05 1.925946990705067226e-05 1.285050823215187496e-05 8.213145773868215654e-06 5.144625781644796286e-06 3.212218008253832508e-06 2.029263825995836472e-06 1.316681709560877968e-06 8.879923501607939591e-07 6.218497167272981187e-07 4.427145349816529601e-07 3.104730097344097093e-07 2.099457878670570851e-07 1.366028832294160628e-07 8.640461732451098669e-08 5.383326826412178956e-08 3.344027273422647016e-08 2.094650965638542298e-08 1.337572630755753789e-08 8.774571336054561063e-09 5.900655425210989745e-09 4.003951523465312457e-09 2.682887947065266786e-09 1.751404920208013970e-09 1.113821150937296075e-09 6.957140048556321927e-10 4.311790002735134689e-10 2.677991522435628373e-10 1.682921812980368260e-10 1.078953732540394525e-10 7.076000650338299777e-11 4.709384453603649999e-11 3.127050422808004751e-11 2.039572068033549372e-11 1.300072432163327397e-11 8.135830477127611883e-12 5.041650332504003001e-12 3.122078222784750691e-12 1.949354835074385280e-12 1.237149721955815077e-12 8.014521413083335877e-13 5.276567524839458690e-13 3.482070052548866033e-13 2.267856237899751026e-13 1.446997063527813931e-13 9.065996014986673107e-14 5.619510049662566156e-14 3.475807686930861305e-14 2.163693233850678403e-14 1.366304832492679817e-14 8.794501986124288566e-15 5.754810446165102636e-15 3.782898664342533583e-15 2.460754466489470348e-15 1.570640449288702597e-15 9.847274195301337375e-16 6.105330775722611586e-16 3.774447280184688337e-16 2.346181570494115657e-16 1.477770550377565050e-16 9.479620531645947781e-17 6.181884210084498356e-17 4.053884550755744509e-17 2.634461958824618066e-17 1.681501360050519711e-17 1.054524944685296444e-17 6.538945739240152505e-18 4.041648342459422377e-18 2.510513924380277756e-18 1.579225639558997167e-18 1.011146101217031595e-18 6.579641759816664127e-19 4.305831078190033848e-19 2.792874816763985162e-19 1.778478143841935646e-19 1.110995131418189824e-19 6.839012193948109838e-20 4.170300980843511474e-20 2.528983702096667434e-20 1.528975534629596207e-20 9.228760181563826939e-21 5.565562025356462662e-21 3.354873389234597504e-21 2.021803706446443884e-21 1.218280062880362666e-21 7.340515638513974617e-22 4.422734910733898527e-22 2.664693801435047577e-22 1.605460154464176707e-22 9.672740674156604007e-23 5.827716168324547345e-23 3.511127678151071957e-23 2.115409868953077297e-23 1.274507092129304599e-23 7.678738797664049657e-24 4.626339330246126141e-24 2.787308551077370832e-24 1.679316659517248378e-24 1.011766133162585854e-24 6.095757420395447123e-25 3.672613376578473799e-25 2.212701071940278727e-25 1.333123180917690038e-25 8.031891142873770648e-26 4.839108360586413850e-26 2.915498891084820403e-26 1.756549585073169363e-26 1.058297931122135887e-26 6.376105294699996194e-27 3.841519248293050202e-27 2.314464622647289686e-27 1.394434374326468050e-27 8.401282980395796406e-28 5.061662062846604296e-28 3.049584557289950964e-28 1.837334428214823812e-28 1.106969732330540044e-28 6.669346469963967095e-29 4.018193184268164728e-29 2.420908336193503152e-29 1.458565306216975133e-29 8.787663376981945897e-30 5.294451149906998691e-30 3.189836908429552476e-30 1.921834617844762549e-30 1.157879980818491445e-30 6.976073994773470184e-31 4.202992467850898923e-31 2.532247464411397525e-31 1.525645660815740214e-31
8.037503833626123248e-17 1.416168303195825384e-10 3.608434708954465429e-09 2.379731110972536381e-08 8.938005058421015762e-08 2.462890597147157517e-07 5.579557928738991747e-07 1.104579992477554879e-06 1.981835906714182012e-06 3.299127368881043501e-06 5.177077235024189205e-06 7.742984182178119836e-06 1.112061873299167956e-05 1.540512040685545480e-05 2.060207822358829229e-05 2.649276355296398594e-05 3.239187957392876925e-05 3.689582622541249379e-05 3.809370338739335673e-05 3.480986954476207286e-05 2.800865455964776594e-05 2.022646617717729738e-05 1.354202097189687073e-05 8.671003080452046897e-06 5.435535451667228018e-06 3.394042520970820148e-06 2.143234586702813274e-06 1.389790902082199091e-06 9.372007840551298670e-07 6.573953529881956709e-07 4.701111832065131131e-07 3.319092417147334006e-07 2.260075403594603417e-07 1.478543864962423707e-07 9.384276935003665442e-08 5.857202233905747218e-08 3.640784393603950395e-08 2.280463544427802293e-08 1.455941253948567235e-08 9.556975177260640700e-09 6.445399825832588347e-09 4.400133781608299330e-09 2.972580249309008640e-09 1.955992201980799226e-09 1.251367834485984554e-09 7.844931312942880899e-10 4.870900793358424844e-10 3.027047042718527794e-10 1.902222438714021267e-10 1.219876819857942359e-10 8.016819504720340212e-11 5.364344758447514612e-11 3.592660589086827600e-11 2.365770213789923185e-11 1.520125745975475390e-11 9.564146189861130529e-12 5.944270540691338314e-12 3.685430377263181699e-12 2.301433840372136698e-12 1.460660171184878486e-12 9.476759276407572704e-13 6.269503968958889320e-13 4.173563861381177383e-13 2.747426195090393839e-13 1.769986298147898835e-13 1.116593194158060371e-13 6.948597175132126333e-14 4.305275159929934658e-14 2.680750105234426906e-14 1.692492862198619531e-14 1.090498949761408134e-14 7.166849713872701342e-15 4.752526193082435169e-15 3.127379083047288932e-15 2.018213288885503931e-15 1.275662095272811494e-15 7.947426887425321313e-16 4.923839754268870499e-16 3.061588210322853794e-16 1.927465577952206475e-16 1.237030440558195192e-16 8.098141886656218834e-17 5.357187099488017356e-17 3.524332554343925761e-17 2.276971216633056092e-17 1.441184258212963455e-17 8.986455856430879578e-18 5.568220058204083922e-18 3.459709708505738456e-18 2.174530567410389187e-18 1.392234597766436387e-18 9.090410126975532320e-19 6.001511087465589984e-19 3.943639416708054230e-19 2.545092251490420147e-19 1.606823422870479816e-19 9.960578379315627284e-20 6.098622693892063449e-20 3.706477220929562499e-20 2.243294278205953910e-20 1.354671573611734967e-20 8.170753858625326051e-21 4.925113730087997475e-21 2.967744424194163391e-21 1.787974164896913112e-21 1.077100856209082055e-21 6.488296734571879563e-22 3.908355874762164155e-22 2.354245468880084592e-22 1.418098346647213237e-22 8.541995855227741840e-23 5.145309639458477395e-23 3.099297214530233358e-23 1.866872674600279015e-23 1.124517053276466706e-23 6.773565359291211775e-24 4.080078979058591841e-24 2.457648647853338455e-24 1.480372504103571137e-24 8.917070898087322364e-25 5.371226002251456673e-25 3.235375045665139302e-25 1.948838433098090366e-25 1.173889017750868540e-25 7.070957765561572037e-26 4.259213856798301712e-26 2.565550987079737140e-26 1.545367781012274964e-26 9.308571883803402593e-27 5.607047822427940853e-27 3.377423054256945785e-27 2.034401497649923846e-27 1.225428199883673656e-27 7.381405660591571920e-28 4.446213130342544010e-28 2.678190592607734529e-28 1.613216604795877769e-28 9.717261427069135298e-29 5.853223265944729094e-29 3.525707614035864962e-29 2.123721172912373820e-29 1.279230189798243939e-29 7.705483654650922130e-30 4.641422538773665711e-30 2.795775599424306927e-30 1.684044306899404873e-30 1.014389433896002409e-30 6.110206954675555555e-31 3.680502554681889340e-31 2.216962396773548515e-31
8.141414587837668072e-17 1.434199932845215897e-10 3.656225147002800802e-09 2.412484416957409935e-08 9.065723559701643704e-08 2.499393516204580412e-07 5.665250855991348218e-07 1.122143726067043536e-06 2.014435121187101916e-06 3.355228058426791531e-06 5.268053229900203820e-06 7.883635973662937266e-06 1.132976850725667018e-05 1.570637986321104460e-05 2.102496007485248454e-05 2.707418501817565132e-05 3.317658491758759305e-05 3.792753099808942956e-05 3.937633354902941732e-05 3.623925790411980288e-05 2.937180473361854566e-05 2.133486496809466657e-05 1.433810192240937439e-05 9.199401856838666298e-06 5.771638584146630857e-06 3.604158350852055904e-06 2.274878107746919067e-06 1.474142748454839176e-06 9.938780906833038706e-07 6.982695551563184933e-07 5.016353296574728307e-07 3.566947665481393495e-07 2.447220757657021605e-07 1.610605610052507153e-07 1.026181621272162272e-07 6.417894892572987027e-08 3.992331739413600230e-08 2.500570652547385394e-08 1.595998013730412898e-08 1.048090636525874477e-08 7.087684070561318361e-09 4.868083641920785024e-09 3.317115035562454410e-09 2.201690073905540888e-09 1.418013464342603766e-09 8.927028811721987178e-10 5.554623051628197435e-10 3.454401147385756614e-10 2.170585233576628980e-10 1.392002840378187789e-10 9.163216537589750860e-11 6.162300482042932448e-11 4.162968932360232014e-11 2.769500430710559484e-11 1.795578056420803302e-11 1.136774915130492732e-11 7.090141293968373317e-12 4.402340352455849358e-12 2.749547335921164050e-12 1.744638272543673579e-12 1.132928622861856775e-12 7.525717387338524563e-13 5.051920236588005992e-13 3.362980643387671509e-13 2.189977312543824859e-13 1.392666304392737843e-13 8.708450644347330662e-14 5.407514075331743226e-14 3.368329261806941620e-14 2.125535793965850715e-14 1.369777075956329921e-14 9.031038039651466732e-15 6.036377656726468745e-15 4.019138854585578506e-15 2.625491868723248001e-15 1.675492128679488799e-15 1.050119576353788329e-15 6.524615112339074149e-16 4.059124477092363582e-16 2.553478794001698743e-16 1.637977151127501995e-16 1.074772810073396749e-16 7.162872181512916814e-17 4.769693214950459577e-17 3.123015926948672933e-17 1.998470343437457375e-17 1.254976701690313213e-17 7.802918713892800982e-18 4.851383647646227470e-18 3.045882080806349017e-18 1.947777797255002137e-18 1.273640149365542123e-18 8.466998490672721717e-19 5.633630665147832091e-19 3.689188828460954473e-19 2.358709754853938352e-19 1.475106065468006995e-19 9.080206137592718150e-20 5.534855287454550662e-20 3.354921129937635080e-20 2.027344732873123500e-20 1.223099786343307164e-20 7.372598148153232876e-21 4.442033392068986993e-21 2.675712916137407985e-21 1.611546714906145506e-21 9.705497047142210779e-22 5.844908162796136834e-22 3.519895143971934574e-22 2.119715681028889454e-22 1.276507324390902660e-22 7.687194220736396214e-23 4.629262260185200214e-23 2.787760069886194822e-23 1.678799492810863360e-23 1.010979092389315784e-23 6.088151774493505078e-24 3.666306267305461957e-24 2.207862372271965951e-24 1.329582369012494299e-24 8.006791012895852646e-25 4.821717217984510631e-25 2.903654764123737551e-25 1.748590926495716271e-25 1.053007493769065498e-25 6.341247484973388993e-26 3.818721129235994197e-26 2.299647048271325900e-26 1.384855391980217525e-26 8.339646982233151396e-27 5.022164204996731852e-27 3.024364623039107921e-27 1.821282817463632687e-27 1.096782800562400007e-27 6.604863890841651971e-28 3.977471838009978925e-28 2.395247272860780944e-28 1.442426177180935534e-28 8.686340237981144116e-29 5.230944080440105794e-29 3.150092584797233509e-29 1.896996630091945445e-29 1.142377919921293395e-29 6.879439273755895391e-30 4.142822081553790886e-30 2.494821760384451143e-30 1.502390277342873075e-30 9.047446119383530952e-31 5.448403288918992249e-31 3.281047270909416548e-31
8.256652093908696763e-17 1.454172992110856600e-10 3.709172243248253452e-09 2.448779775940889312e-08 9.207285644056343562e-08 2.539862286003390899e-07 5.760276030532239942e-07 1.141624831831956161e-06 2.050601762536531995e-06 3.417483116851904287e-06 5.369034107857178626e-06 8.039793452957946034e-06 1.156203043210091791e-05 1.604100549085579766e-05 2.149477771674775356e-05 2.772027613186598137e-05 3.404885367669904306e-05 3.907534475244078896e-05 4.080673209356791906e-05 3.784127952611832899e-05 3.091028439655379273e-05 2.259427792642888116e-05 1.524702745507044016e-05 9.804376419787260165e-06 6.156933830495682390e-06 3.845088059704876919e-06 2.425753330269603846e-06 1.570700691077910429e-06 1.058633537639409201e-06 7.448831633804870636e-07 5.376041375561815482e-07 3.851174424921413182e-07 2.663615044580128041e-07 1.764548441141470507e-07 1.129069005660251226e-07 7.077457913323610374e-08 4.406452037773430018e-08 2.759856493167949192e-08 1.760788409802099258e-08 1.156565291291982763e-08 7.840341356512151274e-09 5.417227251365457921e-09 3.724243987132868069e-09 2.495064721141382894e-09 1.618951687622566452e-09 1.024078919392472640e-09 6.387916595611519150e-10 3.976010734849986836e-10 2.498009354966297623e-10 1.601597072397407082e-10 1.055535359906127270e-10 7.130509616018155792e-11 4.858251802735932968e-11 3.266946299486021848e-11 2.139175722365060239e-11 1.364009055822851789e-11 8.542915772288297679e-12 5.314015233404630086e-12 3.319655468043249314e-12 2.105312697146806869e-12 1.367471817693908935e-12 9.112566678237596544e-13 6.164574065022093052e-13 4.150528755163048198e-13 2.734779492074008684e-13 1.755271859517448352e-13 1.103968425868769854e-13 6.874237563752658718e-14 4.284427984918115106e-14 2.701673161621616517e-14 1.740052137350227375e-14 1.149433736441791158e-14 7.734794050154726060e-15 5.209563756743670836e-15 3.448103498168216386e-15 2.224980862898120704e-15 1.404789959577555226e-15 8.760980394231152250e-16 5.455553968268776848e-16 3.428763314393316779e-16 2.196471401903210028e-16 1.442262010044211881e-16 9.666597913714734136e-17 6.510474280946299330e-17 4.323637868071290429e-17 2.802136154366064438e-17 1.775184059153357468e-17 1.108893209339442524e-17 6.903358409151789139e-18 4.329358252707036496e-18 2.762766090307040446e-18 1.805768411267126584e-18 1.205979675982499217e-18 8.114118758500900240e-19 5.394766140265351142e-19 3.499687957383724898e-19 2.212642524692106143e-19 1.371475524896483008e-19 8.392765984228484115e-20 5.097676671489339694e-20 3.083481082654062183e-20 1.860988557515262791e-20 1.121848087958455335e-20 6.758572657118139498e-21 4.070376431200293769e-21 2.450981647300728947e-21 1.475729229226675446e-21 8.884907229687934602e-22 5.349194546963197832e-22 3.220462495318297798e-22 1.938854078609414817e-22 1.167267607974194357e-22 7.027403875102055312e-23 4.230765505322063372e-23 2.547081040563428433e-23 1.533438800928119287e-23 9.231878231144997819e-24 5.557937413391902472e-24 3.346086917083556296e-24 2.014469859659955455e-24 1.212786417861587492e-24 7.301429101622867307e-25 4.395734150297229649e-25 2.646396810137391936e-25 1.593230124986153282e-25 9.591842841076976096e-26 5.774649099236894440e-26 3.476555315451441341e-26 2.093016675589188897e-26 1.260074529700725138e-26 7.586121213844184855e-27 4.567129460512521453e-27 2.749583208724171869e-27 1.655352204712926285e-27 9.965841051646628213e-28 5.999810045487941005e-28 3.612110648299756898e-28 2.174626069265007576e-28 1.309206445088297662e-28 7.881913769386011446e-29 4.745207671494736568e-29 2.856792969883752157e-29 1.719896501433048294e-29 1.035442192285297984e-29 6.233750302249217705e-30 3.752951455940395269e-30 2.259417517182734304e-30 1.360254076527355978e-30 8.189239654193762289e-31 4.930229379281047984e-31
8.383334239246550188e-17 1.476100447094979831e-10 3.767313698460761463e-09 2.488645397824319222e-08 9.362810805190775830e-08 2.584333842287607941e-07 5.864726798633389803e-07 1.163043826456902568e-06 2.090376524608737908e-06 3.485967148153819917e-06 5.480148250366175478e-06 8.211666507561615275e-06 1.181773294778069728e-05 1.640949360813089610e-05 2.201225774255097752e-05 2.843207658779830986e-05 3.501016977757139464e-05 4.034149294188868202e-05 4.238863149174768209e-05 3.962245250305300719e-05 3.263375086052831229e-05 2.401553309571354496e-05 1.627823438207935328e-05 1.049285760277495393e-05 6.596030918224377081e-06 4.119743931347618016e-06 2.597660159045757278e-06 1.680575959741397970e-06 1.132168138953448636e-06 7.977063075711724331e-07 5.783769919653468388e-07 4.175017253934499112e-07 2.912355308199836288e-07 1.943075200381447270e-07 1.249158709320723916e-07 7.850181526350555846e-08 4.892416817508508096e-08 3.064150349925148384e-08 1.953946183085611533e-08 1.283416798739781396e-08 8.718542257249391716e-09 6.058585488769988460e-09 4.202985256747809305e-09 2.843843349628312396e-09 1.860416490479241306e-09 1.183181930019862010e-09 7.401586409815528808e-10 4.611682341168475047e-10 2.896931955903704608e-10 1.856445410163259562e-10 1.224291106554682062e-10 8.302357555357169378e-11 5.703070559940025137e-11 3.877750783545742328e-11 2.566671073128600135e-11 1.649917151968173629e-11 1.038428304251323311e-11 6.473850300928382705e-12 4.045549489593249172e-12 2.563821488709158246e-12 1.664627878583581412e-12 1.111675273574669116e-12 7.571806353586552484e-13 5.155609842793535452e-13 3.440042939906157563e-13 2.231244150101552086e-13 1.413056313232813240e-13 8.829867279619371359e-14 5.508270454613915483e-14 3.470511858661642534e-14 2.232420203980461235e-14 1.475593735119641110e-14 9.981988847340660478e-15 6.796098254856665995e-15 4.560428024601809238e-15 2.979910810880277451e-15 1.898147399814803823e-15 1.189515796692356728e-15 7.418600027129896721e-16 4.658470128588497809e-16 2.978246624920023550e-16 1.954013167680638542e-16 1.314428828645093486e-16 8.941613007267628903e-17 6.024424620816657642e-17 3.960623347169955899e-17 2.536053877832630254e-17 1.593975802903442102e-17 9.945157149274139438e-18 6.231774113394151207e-18 3.966281563499464891e-18 2.586911910677408352e-18 1.731204184201299989e-18 1.175378443895591906e-18 7.932191962694486330e-19 5.229468796018480769e-19 3.349972208843434026e-19 2.094773557120656780e-19 1.288551391282999061e-19 7.848305737110951121e-20 4.753779381645793209e-20 2.870752726439231381e-20 1.730843796504259475e-20 1.042686871867799868e-20 6.278527607811722339e-21 3.779731997962832072e-21 2.275157253900728639e-21 1.369412037544628869e-21 8.242184287829641652e-22 4.960698742673971305e-22 2.985653197098786871e-22 1.796940693188021030e-22 1.081501201633686611e-22 6.509081002478274008e-23 3.917527305441051338e-23 2.357785116496302949e-23 1.419045507948809226e-23 8.540599912480747062e-24 5.140204613605777801e-24 3.093658868288519189e-24 1.861934641954021419e-24 1.120615015494071413e-24 6.744479525691759476e-25 4.059199933050188607e-25 2.443050499540436392e-25 1.470362592986499065e-25 8.849453396174276922e-26 5.326089344786633463e-26 3.205534447781704180e-26 1.929267503811872055e-26 1.161139635769368196e-26 6.988379014662598916e-27 4.205992091532843461e-27 2.531398116334167067e-27 1.523535062336963303e-27 9.169474651928616890e-28 5.518695793145886618e-28 3.321455635505439524e-28 1.999035270675690746e-28 1.203129727426512455e-28 7.241098555144616990e-29 4.358092655350676600e-29 2.622940628135363869e-29 1.578630397010121122e-29 9.501068776138841790e-30 5.718267433586061530e-30 3.441568860561316260e-30 2.071326037047100663e-30 1.246638299443898750e-30 7.502957148435820181e-31
8.521590746945802194e-17 1.499996476163777261e-10 3.830690741160902207e-09 2.532112131269920053e-08 9.532429736129400822e-08 2.632848583315453244e-07 5.978705299460403580e-07 1.186423163404412537e-06 2.133803969605909038e-06 3.560761792093649404e-06 5.601536191437880628e-06 8.399485021515513131e-06 1.209723615798900389e-05 1.681238776014288072e-05 2.257819587855602013e-05 2.921072475534532413e-05 3.606215612260094610e-05 4.172840062141060913e-05 4.412607650735639640e-05 4.158984951618692656e-05 3.455281816501362061e-05 2.561073212235073063e-05 1.744241056554373434e-05 1.127275893959903537e-05 7.094214938957956532e-06 4.431470422021453133e-06 2.792665844556313602e-06 1.805043495669345546e-06 1.215284132228669111e-06 8.572739454368271362e-07 6.243585740070019738e-07 4.542105605131319857e-07 3.196938653665083146e-07 2.149294288010401394e-07 1.388868435687305095e-07 8.752937821310039744e-08 5.461232432557313773e-08 3.420387351007591100e-08 2.179793777745236451e-08 1.431368478632572718e-08 9.740167106331285270e-09 6.804997881221541492e-09 4.763771395718587195e-09 3.257056462332793121e-09 2.149845846304667286e-09 1.375556493864570898e-09 8.633548460670351714e-10 5.385957404634571251e-10 3.382803603778472067e-10 2.166214704866320147e-10 1.428730831448212786e-10 9.718718276738459629e-11 6.727118672999519183e-11 4.625629219361990005e-11 3.097405002366879991e-11 2.009325276770210839e-11 1.271878411145646441e-11 7.950955188191152950e-12 4.971210786680220220e-12 3.147714025986862443e-12 2.041714036485345949e-12 1.365008167123959018e-12 9.350312630709808321e-13 6.435652054141601561e-13 4.351175526718148024e-13 2.855576518514296889e-13 1.823224833069338008e-13 1.144299861957415212e-13 7.148130711580041382e-14 4.500066627270290794e-14 2.889460502074733968e-14 1.908677838234372783e-14 1.295813078815368333e-14 8.907840092092861382e-15 6.061332619756951706e-15 4.016065641613651855e-15 2.585100488494166344e-15 1.629977336506091267e-15 1.018933375015203279e-15 6.394496176944449807e-16 4.078247438644833622e-16 2.669962672434331288e-16 1.798723027400061791e-16 1.233523788335617562e-16 8.428140205489634461e-17 5.627870497831766338e-17 3.649614422969241211e-17 2.312164391719447756e-17 1.447546956285017380e-17 9.068251140495269569e-18 5.755199620681900587e-18 3.740750605155702218e-18 2.502154610169369978e-18 1.709588142499620546e-18 1.169711421739327489e-18 7.845026308155586813e-19 5.103302017036147875e-19 3.226355383284060586e-19 1.998024831795638757e-19 1.221500270322352283e-19 7.412742266508561861e-20 4.480314396864333055e-20 2.702089420899738065e-20 1.627778731460941459e-20 9.800105018778336830e-21 5.898338102004260601e-21 3.549417760332435415e-21 2.135733705963919842e-21 1.285042296332780295e-21 7.731743045084526420e-22 4.651917106465425387e-22 2.798876006283128969e-22 1.683968023046843739e-22 1.013172104150472021e-22 6.095820709850207877e-23 3.667591206363534541e-23 2.206630119964498095e-23 1.327633181101753413e-23 7.987789669469644969e-24 4.805904378766294360e-24 2.891502824709542344e-24 1.739690977749804376e-24 1.046696082506464846e-24 6.297513176131553543e-25 3.788938622727406294e-25 2.279638878319307506e-25 1.371559143687354246e-25 8.252072299711932464e-26 4.964911469036406461e-26 2.987170373465686798e-26 1.797249939978902260e-26 1.081326788512384445e-26 6.505870983940808950e-27 3.914298407202659914e-27 2.355062382637644690e-27 1.416938171064870790e-27 8.525098084110505053e-28 5.129179157411144142e-28 3.086003066386723323e-28 1.856713254397870143e-28 1.117103267526177811e-28 6.721122431596478075e-29 4.043805801458665478e-29 2.432981325118721995e-29 1.463818595403642102e-29 8.807157120883051606e-30 5.298881760040246093e-30 3.188105710105897493e-30 1.918143955477252803e-30 1.154063437191263304e-30
8.671563348931963616e-17 1.525876460062620009e-10 3.899348119359158863e-09 2.579213465791827345e-08 9.716284334036681682e-08 2.685450360212443789e-07 6.102322394703438973e-07 1.211787225707232614e-06 2.180932458891413190e-06 3.641955729191116733e-06 5.733350608596575899e-06 8.603498522540169234e-06 1.240093122156242628e-05 1.725027875288034235e-05 2.319345710399654345e-05 3.005745776248129904e-05 3.720657421726924937e-05 4.323868961018181319e-05 4.602341342066031181e-05 4.375107832339469416e-05 3.667905896672462278e-05 2.739331062016744225e-05 1.875159568088481375e-05 1.215307486432495660e-05 7.657520434571426387e-06 4.784093335329696279e-06 3.013135603877795151e-06 1.945560439710933616e-06 1.308895978622757783e-06 9.241923018556105337e-07 6.760024509112922135e-07 4.956474895358852060e-07 3.521287334365590608e-07 2.386759980054735851e-07 1.551011521942167163e-07 9.805585461934620407e-08 6.125933351365223709e-08 3.836801557710967066e-08 2.443463385048495615e-08 1.603645812141746389e-08 1.092625550994270443e-08 7.671392394224534652e-09 5.418620907072018208e-09 3.745193818217926252e-09 2.496065751508552376e-09 1.607918536890038376e-09 1.013037384915163201e-09 6.329212729765599004e-10 3.974810455425839102e-10 2.542906924485463583e-10 1.676450618048003326e-10 1.142967191564228604e-10 7.966278507727592168e-11 5.539096225786712757e-11 3.754977836543286886e-11 2.460767605609600179e-11 1.567983002698278006e-11 9.834694971810267174e-12 6.153900577511333860e-12 3.892934746082344148e-12 2.521280217238917384e-12 1.685710547388116235e-12 1.159791227381999606e-12 8.062988679655901996e-13 5.525673952032960014e-13 3.673603996198916672e-13 2.367839565648455586e-13 1.494172425496326260e-13 9.352040818193520929e-14 5.883747820152521331e-14 3.769633864753877385e-14 2.485681299771580311e-14 1.690617794186218910e-14 1.171610744737742230e-14 8.081610440418705979e-15 5.435597961779387578e-15 3.541720516805574617e-15 2.250286911716316677e-15 1.411424021047466700e-15 8.856677843279557448e-16 5.634064589312257700e-16 3.676605046980529379e-16 2.475371050980360378e-16 1.707285524786024977e-16 1.181631409835381765e-16 8.020499553076415733e-17 5.277990928445004218e-17 3.377296469645126700e-17 2.124836647498423491e-17 1.331977834185627730e-17 8.430892998719146326e-18 5.456039213947343125e-18 3.639333527420641919e-18 2.494617812132997168e-18 1.726789398160008540e-18 1.178389599422586729e-18 7.800055823511330646e-19 4.997760356700721344e-19 3.121872243680408704e-19 1.918032519025666467e-19 1.166987862925709553e-19 7.062036420502490183e-20 4.261190336436467897e-20 2.567219629253214881e-20 1.545408788825759656e-20 9.299066273755165139e-21 5.594209592827796329e-21 3.365019064885775388e-21 2.023996676295023701e-21 1.217357495284546560e-21 7.321821765922879451e-22 4.403685734372666570e-22 2.648569985205171012e-22 1.592962367661909124e-22 9.580739075040763286e-23 5.762251496239139706e-23 3.465654361437839531e-23 2.084386255942784071e-23 1.253635003067243886e-23 7.539872373693866409e-24 4.534786729165025194e-24 2.727405629639338261e-24 1.640372932845675022e-24 9.865871499332770555e-25 5.933737277724558489e-25 3.568791468509073560e-25 2.146416657983706034e-25 1.290942468517504817e-25 7.764254207099411810e-26 4.669738958646385250e-26 2.808571352637643631e-26 1.689189291407581252e-26 1.015947292732648156e-26 6.110321127725635844e-27 3.674996188367608915e-27 2.210292503809555237e-27 1.329360005284742988e-27 7.995312930770122776e-28 4.808707092645027078e-28 2.892152452702307988e-28 1.739458371765784306e-28 1.046181166652816355e-28 6.292159969013448225e-29 3.784361479410350744e-29 2.276069247662501194e-29 1.368920820154359598e-29 8.233247796729268324e-30 4.951810819467533756e-30 2.978220867047992081e-30 1.791223424378263506e-30
8.833405977165493574e-17 1.553756988020694986e-10 3.973334070230690440e-09 2.629985502234376369e-08 9.914527578508063692e-08 2.742186478043381906e-07 6.235697701314335506e-07 1.239162313536117552e-06 2.231814185686452082e-06 3.729644658709216710e-06 5.875756278843243889e-06 8.823976636509914766e-06 1.272924048639313990e-05 1.772380479005564863e-05 2.385897551459904254e-05 3.097361138658734261e-05 3.844532357766691441e-05 4.487517537254504478e-05 4.808527876400929009e-05 4.611426013769836222e-05 3.902500299818859779e-05 2.937810066739215590e-05 2.021929242404874182e-05 1.314399199794466741e-05 8.292816436400031157e-06 5.181976593240514800e-06 3.261768050342035489e-06 2.103787532457729155e-06 1.414043091174113834e-06 9.991463301420538026e-07 7.338152559546310482e-07 5.422590033820003411e-07 3.889774464744390682e-07 2.659515625475355677e-07 1.738849843531362610e-07 1.103144244974770684e-07 6.901930744206354983e-08 4.323157417854333148e-08 2.751042570052513185e-08 1.804065765967942610e-08 1.230154816650288747e-08 8.675110379065799460e-09 6.181338389153151247e-09 4.320374385547848786e-09 2.909494233334137238e-09 1.888374258266263886e-09 1.194916208496983169e-09 7.479024770904003190e-10 4.696779593195205789e-10 3.001431380488915431e-10 1.976854389371851984e-10 1.349667265918657297e-10 9.463945799043404998e-11 6.652335602838651733e-11 4.568015579334214311e-11 3.027289655399581470e-11 1.943714823998629654e-11 1.224050882228129486e-11 7.668198607348700007e-12 4.846442570306630891e-12 3.132750541470908260e-12 2.092526392987956134e-12 1.443978583402568373e-12 1.012876165049996716e-12 7.035969512795851041e-13 4.743645571913115594e-13 3.090999381446578183e-13 1.963394018711429347e-13 1.232239253273512222e-13 7.750040207870677426e-14 4.953420342112629963e-14 3.257313988928160155e-14 2.215541049238757424e-14 1.544903034007760265e-14 1.079375495952698462e-14 7.375093513128698729e-15 4.872619388714264004e-15 3.124968341169592667e-15 1.969085388993547449e-15 1.236360002760205412e-15 7.845677047240091886e-16 5.099320053791210477e-16 3.424524602575511284e-16 2.369252267223381662e-16 1.657967654375772174e-16 1.144082951228181297e-16 7.653539932127595658e-17 4.957421374471944201e-17 3.140141737792299209e-17 1.972106488744631435e-17 1.245605735909802336e-17 8.022254452820781434e-18 5.326045777969813368e-18 3.650952011511642656e-18 2.549213580260866923e-18 1.768581183447662560e-18 1.193024216940175705e-18 7.766867023782767493e-19 4.904773514375899656e-19 3.033047944052216238e-19 1.851880592424885310e-19 1.122607901794779908e-19 6.778763985619832021e-20 4.084815363834816903e-20 2.458781742686896677e-20 1.479172204162890098e-20 8.895845153098818037e-21 5.349183253399973838e-21 3.216266263085530379e-21 1.933738600388575459e-21 1.162609030614191373e-21 6.989795020696640489e-22 4.202352332718822402e-22 2.526498505027122413e-22 1.518954869492441334e-22 9.132092335878483095e-23 5.490292786626101563e-23 3.300810587215578399e-23 1.984475046492110026e-23 1.193082977054373562e-23 7.172914253841988299e-24 4.312415717580594509e-24 2.592660173742263574e-24 1.558728837161860262e-24 9.371207243967476998e-25 5.634047626973123176e-25 3.387236223455951144e-25 2.036434547162027308e-25 1.224321361196160180e-25 7.360721695476431797e-26 4.425327009016805891e-26 2.660543346989234926e-26 1.599540754080123285e-26 9.616571843598685847e-27 5.781562850875140023e-27 3.475923597529694106e-27 2.089754131793692184e-27 1.256377537886055757e-27 7.553446090564292842e-28 4.541194515387661850e-28 2.730203853886642244e-28 1.641421229264496568e-28 9.868360738135248095e-29 5.932940425146350058e-29 3.566933052245354737e-29 2.144469771729828641e-29 1.289273034986762313e-29 7.751216550854644567e-30 4.660095758448853286e-30 2.801688268600692530e-30
9.007284974047725516e-17 1.583655837312432563e-10 4.052700305997613205e-09 2.684466953402378357e-08 1.012732352676363404e-07 2.803107655664356768e-07 6.378959502829607666e-07 1.268576641559446507e-06 2.286505149144014219e-06 3.823931272084845462e-06 6.028930074959589682e-06 9.061208717188355482e-06 1.308261748821499032e-05 1.823365052499373578e-05 2.457575443263931687e-05 3.196061992335062822e-05 3.978044107075515064e-05 4.664086396943668378e-05 5.031658766678179814e-05 4.868800586516988004e-05 4.160413148431053052e-05 3.158139451522445890e-05 2.186058827817399116e-05 1.425701471720516574e-05 9.007903778014355218e-06 5.630087617418540972e-06 3.541636098936813756e-06 2.281613833561191503e-06 1.531904533893842031e-06 1.082908339887666928e-06 7.983615475138707588e-07 5.945371845929076885e-07 4.307250051220052283e-07 2.972139227921133281e-07 1.956153112888912125e-07 1.245783581133440931e-07 7.807425777114360677e-08 4.891026834758206627e-08 3.109749333970792904e-08 2.037144317820811195e-08 1.389513943300483677e-08 9.836298023526533900e-09 7.067749794658676056e-09 4.996531248386857492e-09 3.402364169435694481e-09 2.226673038137498235e-09 1.415980029942316182e-09 8.881856500434434943e-10 5.578312999882667809e-10 3.560325774808731695e-10 2.341600517428746806e-10 1.599528696163356569e-10 1.127269639538326202e-10 8.006253905428455941e-11 5.571041536888772878e-11 3.737379695941036087e-11 2.420589234967523640e-11 1.531732155668452256e-11 9.611269992918029471e-12 6.069668788041983068e-12 3.914601985748661781e-12 2.609836570263412509e-12 1.803676024992622797e-12 1.274803035937331137e-12 8.972938719717970146e-13 6.140164493870603913e-13 4.050633297382082781e-13 2.593397359273136046e-13 1.633574900683868266e-13 1.027588932760986910e-13 6.551888480280722790e-14 4.293343766722808889e-14 2.915441817870011231e-14 2.041187770327576492e-14 1.442503064666157685e-14 1.001575668878853987e-14 6.720409239657252575e-15 4.358613175149165175e-15 2.763215109682806973e-15 1.737723102411855441e-15 1.100445531478119227e-15 7.120593690933294169e-16 4.761943745962066108e-16 3.295848505144843712e-16 2.326190135491035556e-16 1.630794699631771574e-16 1.110566443608356443e-16 7.298521469907775653e-17 4.664364926649909193e-17 2.939382547666550733e-17 1.854255768564729005e-17 1.188519809027208199e-17 7.842943254767424790e-18 5.360321463060650756e-18 3.761953415883569147e-18 2.648200083011874940e-18 1.821816977808798841e-18 1.208039241935994723e-18 7.732336292531453123e-19 4.821974714922400282e-19 2.958013573098312750e-19 1.797454342432036030e-19 1.086562877025650871e-19 6.550015653462203183e-20 3.942675566279635697e-20 2.371397940574704278e-20 1.425746295152951170e-20 8.570145000515732559e-21 5.150933841374412422e-21 3.095697785697755839e-21 1.860449600827175309e-21 1.118073388594841813e-21 6.719223002186996116e-22 4.037995888902627974e-22 2.426675321864442655e-22 1.458333787517039195e-22 8.763990906534796107e-23 5.266799046549732109e-23 3.165129608171307361e-23 1.902112530114362168e-23 1.143091227738638743e-23 6.869506920409217890e-24 4.128290331607905434e-24 2.480932201674382710e-24 1.490937911128899032e-24 8.959921792165057098e-25 5.384543368728650645e-25 3.235888431131647130e-25 1.944635453386518908e-25 1.168645683048558422e-25 7.023078438655258576e-26 4.220580409299171257e-26 2.536394708736564718e-26 1.524268582641537350e-26 9.160225354538381576e-27 5.504917538885014051e-27 3.308228339037070482e-27 1.988108752926066748e-27 1.194771342358087001e-27 7.180082872321034708e-28 4.314933596552196093e-28 2.593097081710170243e-28 1.558344369550959004e-28 9.365006776026779331e-29 5.627982725044098642e-29 3.382185438933845808e-29 2.032553918908206493e-29 1.221481053555522569e-29 7.340597217694240883e-30 4.411396096204071729e-30
9.193379324783215532e-17 1.615591976527834138e-10 4.137501993546164444e-09 2.742699119323766468e-08 1.035484720546024703e-07 2.868268016095627317e-07 6.532244701040381825e-07 1.300060334963051424e-06 2.345065139654571461e-06 3.924925248812701433e-06 6.193060918486434873e-06 9.315503942505997268e-06 1.346154682252998556e-05 1.878054858638467225e-05 2.534486637165831008e-05 3.302001623724737188e-05 4.121410046776986141e-05 4.853894880476383652e-05 5.272252184061458516e-05 5.148139015542735835e-05 4.443086659594442495e-05 3.402100817047406806e-05 2.369228790141265348e-05 1.550510629136745650e-05 9.811626189325967320e-06 6.134072499263956365e-06 3.856234127951523193e-06 2.481185241237471398e-06 1.663815971467448342e-06 1.176347951066562444e-06 8.702694430557595052e-07 6.530226905423136625e-07 4.779067050774065106e-07 3.329790754657042077e-07 2.207264735157415889e-07 1.411673783279953547e-07 8.863898584182363077e-08 5.554120549081254315e-08 3.528142510917265702e-08 2.308225897388883397e-08 1.574126323764559153e-08 1.117837814025964704e-08 8.095981203524382462e-09 5.789613413009572497e-09 3.988963003262482196e-09 2.634496054178499487e-09 1.684767012936415159e-09 1.059513717059775368e-09 6.656206771150031477e-10 4.242665033677107625e-10 2.785166215753339649e-10 1.901865554520528086e-10 1.345639077296542204e-10 9.649773441832034486e-11 6.805469225923472794e-11 4.626031696709149742e-11 3.025764118024566943e-11 1.925691704654874623e-11 1.210971346278600061e-11 7.643079459244644306e-12 4.917258421756875124e-12 3.269453539719962923e-12 2.259634049957076729e-12 1.606652072223517596e-12 1.145030407511731598e-12 7.957518544660817914e-13 5.322292149335587936e-13 3.439705494596009085e-13 2.176955072872347102e-13 1.370517273356918494e-13 8.718661517229364858e-14 5.690095277279035217e-14 3.851745003424830267e-14 2.701555387880668088e-14 1.927528311233427703e-14 1.359636015057576028e-14 9.277613576824788949e-15 6.096952941546982330e-15 3.895639289563358055e-15 2.456726152345625333e-15 1.553572078585850016e-15 1.000698132721104707e-15 6.655743686028064320e-16 4.596446540317406474e-16 3.262353629162839692e-16 2.320044814889329075e-16 1.609610161583846486e-16 1.075685535181385127e-16 6.952672435384916332e-17 4.404724431064164490e-17 2.778680761844953503e-17 1.773375170511050230e-17 1.162218921831881826e-17 7.899183799047678075e-18 5.550868649005191006e-18 3.952792119762891562e-18 2.772243068530541983e-18 1.876198581933322342e-18 1.220632080466171266e-18 7.694203890052598988e-19 4.749474739350686734e-19 2.895557805535156997e-19 1.753121642309231168e-19 1.057476963903318652e-19 6.366059432101554936e-20 3.828413822350330218e-20 2.301073689831828990e-20 1.382669627925633527e-20 8.306949355164417520e-21 4.990347529153755909e-21 2.997797144599047839e-21 1.800795349968080642e-21 1.081736726554987787e-21 6.497947646595639336e-22 3.903277971890815588e-22 2.344671667290641788e-22 1.408426575172770351e-22 8.460308232858535889e-23 5.082039712629847401e-23 3.052740346630221196e-23 1.833756426225767675e-23 1.101522607763876198e-23 6.616756807955160545e-24 3.974632013151064963e-24 2.387529118995427467e-24 1.434169316378216506e-24 8.614938383018995856e-25 5.174923381269552439e-25 3.108534361966154099e-25 1.867271293743714779e-25 1.121654670008990213e-25 6.737688320276280996e-26 4.047274541201179320e-26 2.431164879240017209e-26 1.460380957559374419e-26 8.772389562718899376e-27 5.269503018476870889e-27 3.165347578691259541e-27 1.901398530143231940e-27 1.142154623007874175e-27 6.860829869052392233e-28 4.121244667216131483e-28 2.475598131892156528e-28 1.487071650799988902e-28 8.932718384799812864e-29 5.365811237085587340e-29 3.223199141823035099e-29 1.936149493304113141e-29 1.163029243766031337e-29 6.986222017116341944e-30
9.391880907936191234e-17 1.649585551453719692e-10 4.227797735063090887e-09 2.804725875030554253e-08 1.059728461596934005e-07 2.937725092410764941e-07 6.695698825867590207e-07 1.333645407524960418e-06 2.407557737443351381e-06 4.032743218094430004e-06 6.368349767107899591e-06 9.587191223504660018e-06 1.386654425069800717e-05 1.936527839914840526e-05 2.616745298117318286e-05 3.415343166306530795e-05 4.274861185093067038e-05 5.057280762694395558e-05 5.530851742127852511e-05 5.450392349155198409e-05 4.752055519889201361e-05 3.671634344105659177e-05 2.573305601153051277e-05 1.690284696814048072e-05 1.071399688643746559e-05 6.700342326329636897e-06 4.209532309759037540e-06 2.704937366516525298e-06 1.811289203995132670e-06 1.280443576068629519e-06 9.502371534566749679e-07 7.183081534398717284e-07 5.311107304350493006e-07 3.738260364126557907e-07 2.497174228432183948e-07 1.604549897379778023e-07 1.009668560607791408e-07 6.328684230955172308e-08 4.016374641453482737e-08 2.623639259201836244e-08 1.788023980218951959e-08 1.272861904056722060e-08 9.286791605120241824e-09 6.717807987398307208e-09 4.685886763693087512e-09 3.125781136520059069e-09 2.011686674334477655e-09 1.268981808939156471e-09 7.976225706336298147e-10 5.077207254873763719e-10 3.325561495641250865e-10 2.268187578198629316e-10 1.609283825661652599e-10 1.164143948712167278e-10 8.320742742940206774e-11 5.735939418641182210e-11 3.793347753822710451e-11 2.430569049406612121e-11 1.532843223095481751e-11 9.672189699781924450e-12 6.206937644003359866e-12 4.113014304698951455e-12 2.838742838168616088e-12 2.026960341197700772e-12 1.461025771367027263e-12 1.031440625944203700e-12 7.003701754049743534e-13 4.576325562020804752e-13 2.913781268419573915e-13 1.837410119228051033e-13 1.166662012983357265e-13 7.580987157640306752e-14 5.108967800526887248e-14 3.581671852562365353e-14 2.574161460210915114e-14 1.842998624220872476e-14 1.280144891403295433e-14 8.541228564039806013e-15 5.511068008296810057e-15 3.490318684436707682e-15 2.206105050912919510e-15 1.414902628240866900e-15 9.351296556137189288e-16 6.428738971468673231e-16 4.573657283384515170e-16 3.291676046686129637e-16 2.326530190959621411e-16 1.584199141710816098e-16 1.038280120848061524e-16 6.627586249217350847e-17 4.187732395802560681e-17 2.663511366164824880e-17 1.733251951709331672e-17 1.169141582909237810e-17 8.195187379135382126e-18 5.880589489786352710e-18 4.197737525471007265e-18 2.903374214815330818e-18 1.925383236777663426e-18 1.230111479124900681e-18 7.655471600310794918e-19 4.688084211800546293e-19 2.844717016375247423e-19 1.717574719279730382e-19 1.034279834436654444e-19 6.219457761498536060e-20 3.737217328202360949e-20 2.244799215373344785e-20 1.348091836170113856e-20 8.094981140649139587e-21 4.860582419402689234e-21 2.918423090498519325e-21 1.752272377231941761e-21 1.052086668926857596e-21 6.316835964612462089e-22 3.792684535266842396e-22 2.277158893799890375e-22 1.367224028496109387e-22 8.208917432065604579e-23 4.928695835208292370e-23 2.959225818484696094e-23 1.776741213239028605e-23 1.066768624845362224e-23 6.404957991458570994e-24 3.845584282769766035e-24 2.308917316484628634e-24 1.386291073392878531e-24 8.323394364505330723e-25 4.997427671227258480e-25 3.000492614841708045e-25 1.801518005353134050e-25 1.081644763015678315e-25 6.494275326832625498e-26 3.899211040599823654e-26 2.341115208974529430e-26 1.405622923350694316e-26 8.439464213750052506e-27 5.067116865540478184e-27 3.042334522514006749e-27 1.826640196483246077e-27 1.096728312654439871e-27 6.584838076449573025e-28 3.953585586580686423e-28 2.373762089355094335e-28 1.425224352290421294e-28 8.557152645880680349e-29 5.137777872460962960e-29 3.084759914789659129e-29 1.852112716452497250e-29 1.112022202440643315e-29
9.602994770153606553e-17 1.685657877915427995e-10 4.323649547370116054e-09 2.870593650686403111e-08 1.085483260901003951e-07 3.011539780394283754e-07 6.869475975053761848e-07 1.369365776083733776e-06 2.474050268973984731e-06 4.147508753160320873e-06 6.555009585275206366e-06 9.876619200255546237e-06 1.429815656176382724e-05 1.998866659646746658e-05 2.704472551387607869e-05 3.536259596476116096e-05 4.438642107092638842e-05 5.274599935572769172e-05 5.808025276184980727e-05 5.776552229024109909e-05 5.088944611772863518e-05 3.968844674149573558e-05 2.800357044054067572e-05 1.846661046574916813e-05 1.172634259819776060e-05 7.336172245941358712e-06 4.606039173779950626e-06 2.955633427653045826e-06 1.976034675383896836e-06 1.396295650749818949e-06 1.039040545557730045e-06 7.910420767572082611e-07 5.909807250922346863e-07 4.204016552610328968e-07 2.831595981760813414e-07 1.828768786022914703e-07 1.153565987471485882e-07 7.233971686774483516e-08 4.586495995697302376e-08 2.990885315789135137e-08 2.035961689491519535e-08 1.451882098251827893e-08 1.066397279498664029e-08 7.801788252455848430e-09 5.512305424321678141e-09 3.717082700584661785e-09 2.409399361197079669e-09 1.525350121897641069e-09 9.595319743146040415e-10 6.099839100363386050e-10 3.985233301909524541e-10 2.712755667464630928e-10 1.927717668926436559e-10 1.405143993628944237e-10 1.017566651952424773e-10 7.118819006732756848e-11 4.765926775375373820e-11 3.077922879895841484e-11 1.948206938750979819e-11 1.229548050445072679e-11 7.870767613197109117e-12 5.195175812653647677e-12 3.575999806886534261e-12 2.559429462601440518e-12 1.863078657955917848e-12 1.335918352708310579e-12 9.220126053178917652e-13 6.101245649747008740e-13 3.913832964625837502e-13 2.474598393572040411e-13 1.569118995115233891e-13 1.015135250253156863e-13 6.803927362976267222e-14 4.757443874409435086e-14 3.435299882806714377e-14 2.492621028960186817e-14 1.763204705512743689e-14 1.196639458806486655e-14 7.813780797610664552e-15 4.978482190539666048e-15 3.148913706290692648e-15 2.012033785552706900e-15 1.320831955484092039e-15 9.021676883422735401e-16 6.412539415532717546e-16 4.656250947484587143e-16 3.349422994994547941e-16 2.327280641722154064e-16 1.550780257432740960e-16 9.999512542875900494e-17 6.341045991810748162e-17 4.024510109487263065e-17 2.601292627323712706e-17 1.739144238970189329e-17 1.211876877280397199e-17 8.724092276161367817e-18 6.319936514899577674e-18 4.468202364563951888e-18 3.028101246646839504e-18 1.966844090374131964e-18 1.237021056745838888e-18 7.620734313779221084e-19 4.638533717564887353e-19 2.804630055770423818e-19 1.689746741408739530e-19 1.016130168476102568e-19 6.104466630258142318e-20 3.665400912773952104e-20 2.200279360604915491e-20 1.320604486737169553e-20 7.925662597203494517e-21 4.756434899012332154e-21 2.854425435491270756e-21 1.712975729407626688e-21 1.027971979486497707e-21 6.168933079213270337e-22 3.702014910826608971e-22 2.221600223780016927e-22 1.333194361306239752e-22 8.000569932366722229e-23 4.801183779244383141e-23 2.881215261190242354e-23 1.729032146453120617e-23 1.037601094566299513e-23 6.226697537982654343e-24 3.736673200414668048e-24 2.242396789432987901e-24 1.345673834480679368e-24 8.075457813279217691e-25 4.846123718496189702e-25 2.908183738017852740e-25 1.745216000317803959e-25 1.047313086772697329e-25 6.284979632818999377e-26 3.771648562697041008e-26 2.263385676871154034e-26 1.358269371357864112e-26 8.151044269723159378e-27 4.891483536911426651e-27 2.935404397290486925e-27 1.761551257528910857e-27 1.057115958457093610e-27 6.343807169097746718e-28 3.806951269322533047e-28 2.284571012434634506e-28 1.370982800046524472e-28 8.227338208324461524e-29 4.937267921366905476e-29 2.962879841586459051e-29 1.778039412787022190e-29
9.826939424696206014e-17 1.723831434587377355e-10 4.425122819774443425e-09 2.940351426294928216e-08 1.112769886353219397e-07 3.089776323384467751e-07 7.053738711885534870e-07 1.407257221797901430e-06 2.544613839287238689e-06 4.269352334769986235e-06 6.753265274434022458e-06 1.018415624019722688e-05 1.475696152018636131e-05 2.065158691190971025e-05 2.797796300982786333e-05 3.664933723747390923e-05 4.613010921954145178e-05 5.506226114275695051e-05 6.104363629518669743e-05 6.127647725926642320e-05 5.455466017245595402e-05 4.296006271201335261e-05 3.052668477188445848e-05 2.021476040720632117e-05 1.286146722672543113e-05 8.049815099172985539e-06 5.050873652197030799e-06 3.236407929831358085e-06 2.159987407175945497e-06 1.525141879770644972e-06 1.137541899151181154e-06 8.719333399968591943e-07 6.582183575941266931e-07 4.734253088293007870e-07 3.217053835136488467e-07 2.089404854513765810e-07 1.321603084149601893e-07 8.292809944613160642e-08 5.252820244771516314e-08 3.418863673541341946e-08 2.323554683477118378e-08 1.658614510830254285e-08 1.225483231346629923e-08 9.064995728207633852e-09 6.490236742720747655e-09 4.427963403219850918e-09 2.893259016568893462e-09 1.839425115304709535e-09 1.158438814696399256e-09 7.355399296245832765e-10 4.792211785066609679e-10 3.253287071262143837e-10 2.312616689310331301e-10 1.696416459792990575e-10 1.243998875560182167e-10 8.836859027089534457e-11 5.996315615915624974e-11 3.908016946328006965e-11 2.484965865530474338e-11 1.569479787766130591e-11 1.002359164899473508e-11 6.587887838099750450e-12 4.517144646415211407e-12 3.234534747426426511e-12 2.373536957583451157e-12 1.727634316375019714e-12 1.213057993275257233e-12 8.143162979117051897e-13 5.271425910109197360e-13 3.345850407408674917e-13 2.120274270644128494e-13 1.365929293961545094e-13 9.098754527337437540e-14 6.333037124936892490e-14 4.581922774033708742e-14 3.362130491293254285e-14 2.421505600509563460e-14 1.674362008139968664e-14 1.108966050825675736e-14 7.122491934138810749e-15 4.514753016698979688e-15 2.876490128838847534e-15 1.875617322053037707e-15 1.270977435210206449e-15 8.997776285450056509e-16 6.567966673156908849e-16 4.798910271124858917e-16 3.404934194346014613e-16 2.312654958399300657e-16 1.510648778120949127e-16 9.636537207944911392e-17 6.113374999033908887e-17 3.928268765884322967e-17 2.601563135726211931e-17 1.797127479089110928e-17 1.291992030243408815e-17 9.459845841682619196e-18 6.828571548729612962e-18 4.738291601262192459e-18 3.138940176144018164e-18 2.000810643394337140e-18 1.242410227920828306e-18 7.594317816743038580e-19 4.601240647000474212e-19 2.774504403044706634e-19 1.668762686904573718e-19 1.002362734281048707e-19 6.016616081461101138e-20 3.610117779890522733e-20 2.165746949076642373e-20 1.299124554347184898e-20 7.792399811042870565e-21 4.673904085018855246e-21 2.803381075812907248e-21 1.681439350217973753e-21 1.008506159374159327e-21 6.048880380789102532e-22 3.628030748269566861e-22 2.176038973278238260e-22 1.305155464527754612e-22 7.828125001714729435e-23 4.695190528423249676e-23 2.816103866921419113e-23 1.689056226409397759e-23 1.013070196925513147e-23 6.076240688577731755e-24 3.644436573282317639e-24 2.185877517258679569e-24 1.311056021793890377e-24 7.863514207666513883e-25 4.716415976718054477e-25 2.828834421151737462e-25 1.696691772122005018e-25 1.017649865940568542e-25 6.103708797549272015e-26 3.660911511087145028e-26 2.195758928947405280e-26 1.316982740345383972e-26 7.899061757182285126e-27 4.737736853509988756e-27 2.841622357577295943e-27 1.704361781321431257e-27 1.022250220506164916e-27 6.131301022923708928e-28 3.677460907280491055e-28 2.205685004538737679e-28 1.322936249197200007e-28 7.934769995890363449e-29 4.759154110856741277e-29 2.854468102114500836e-29
1.006394717482120476e-16 1.764129852138243004e-10 4.532286302469180378e-09 3.014050694008968725e-08 1.141610173837195383e-07 3.172502295843546321e-07 7.248658118345747898e-07 1.447357414733174779e-06 2.619323254826859511e-06 4.398411322891538058e-06 6.963353716743938377e-06 1.051019025151606676e-05 1.524356806433986544e-05 2.135496005721609160e-05 2.896851506565726754e-05 3.801558183431452773e-05 4.798239213160866712e-05 5.752550540009058864e-05 6.420479455450790567e-05 6.504742017181762946e-05 5.853415231923492858e-05 4.655568062607231828e-05 3.332759967000493810e-05 2.216786820778065558e-05 1.413383759030077577e-05 8.850631736633509858e-06 5.549848053081665339e-06 3.550817033628909058e-06 2.365336900290497210e-06 1.668374807227598994e-06 1.246700035508252043e-06 9.617564299590783272e-07 7.335859114482432546e-07 5.336933484956628010e-07 3.660970594209408067e-07 2.392358441659667114e-07 1.517928243557867248e-07 9.532273725811105426e-08 6.032364507862276354e-08 3.918146118441573200e-08 2.657444980825198824e-08 1.897411530744730928e-08 1.409077893476217350e-08 1.053396765001336129e-08 7.644826727471104212e-09 5.281411593336669693e-09 3.481823536844934960e-09 2.224521364807092245e-09 1.403172012059619222e-09 8.899979217037091313e-10 5.781565122464721634e-10 3.911851992790012960e-10 2.778365790904075481e-10 2.048146708430436968e-10 1.519633224685067265e-10 1.096430539372209861e-10 7.549514867271565947e-11 4.971973871301456734e-11 3.179324918514469165e-11 2.010897203049230079e-11 1.281701757082027137e-11 8.386113563507345775e-12 5.722194740737593585e-12 4.091687546587873214e-12 3.020596540486903848e-12 2.229463142501404057e-12 1.593495406985720003e-12 1.086951623331276465e-12 7.113311344143882241e-13 4.538745932548966988e-13 2.877153255099331057e-13 1.846501797247760416e-13 1.221931490415721262e-13 8.452248310327498466e-14 6.110044093277580031e-14 4.522035171957003467e-14 3.313028920751958459e-14 2.336750825382809709e-14 1.573452010959958201e-14 1.021004343526699226e-14 6.497210399963170103e-15 4.132575556408622182e-15 2.677634209552571227e-15 1.798451267915209083e-15 1.264615231895833420e-15 9.243992074966234167e-16 6.840186953970993250e-16 4.954521841016394774e-16 3.437509934980377116e-16 2.281582844505033633e-16 1.468076141586609846e-16 9.328594635854288332e-17 5.967076392532962583e-17 3.915022808052194622e-17 2.675701846064082172e-17 1.912801688007939089e-17 1.408639642101695835e-17 1.035405360700018398e-17 7.362396583760215140e-18 4.989656974282248481e-18 3.233902622300726614e-18 2.028993474241139052e-18 1.247384234138752790e-18 7.579606558866089201e-19 4.576319038843954161e-19 2.753620195224853386e-19 1.653906395669333264e-19 9.924503631927503279e-20 5.952411207558059565e-20 3.569155140121588455e-20 2.139831613582148036e-20 1.282812758048140796e-20 7.690082017343286966e-21 4.609887228726461890e-21 2.763409440912372649e-21 1.656524498641434818e-21 9.930000581371553889e-22 5.952508775182563868e-22 3.568210581889330902e-22 2.138950483730484900e-22 1.282185586409379251e-22 7.686010972526201563e-23 4.607348709185634260e-23 2.761856770220455296e-23 1.655583974513532207e-23 9.924331707288317745e-24 5.949100792966056186e-24 3.566164573768368229e-24 2.137723026073287298e-24 1.281449478364165766e-24 7.681597404903704998e-25 4.604702696030135821e-25 2.760270526919314457e-25 1.654633074982949167e-25 9.918631474841102958e-26 5.945683778440733315e-26 3.564116247543608988e-26 2.136495161750908797e-26 1.280713438939723803e-26 7.677185242648429091e-27 4.602057841970161127e-27 2.758685079419006142e-27 1.653682684733323220e-27 9.912934398305557807e-28 5.942268688684246843e-28 3.562069085673747435e-28 2.135267998782096904e-28 1.279977821025461507e-28 7.672775610609792489e-29 4.599414505760963797e-29
1.031426446421802519e-16 1.806577903527613344e-10 4.645212079675187360e-09 3.091745452790763040e-08 1.172027027549086364e-07 3.259788596435265070e-07 7.454413646486202519e-07 1.489705872181459893e-06 2.698257065397118761e-06 4.534829956220818957e-06 7.185523613318104984e-06 1.085512882425195419e-05 1.575861562569543143e-05 2.209975379593938404e-05 3.001779991780027630e-05 3.946335446755732811e-05 4.994611991992397253e-05 6.013981708666393502e-05 6.757006048372266342e-05 6.908928934274182539e-05 6.284666560908237830e-05 5.050157089379757769e-05 3.643404143797610121e-05 2.434895397997865273e-05 1.555979403204966327e-05 9.749240465903831072e-06 6.109563673934095823e-06 3.902896676612168235e-06 2.594561627101391048e-06 1.827562079086498858e-06 1.367582033511893546e-06 1.061357547231942362e-06 8.179089639465378715e-07 6.020831694262970278e-07 4.171761134662639128e-07 2.744477641037337042e-07 1.747427011928908351e-07 1.098448999907904190e-07 6.945379178395731928e-08 4.501307140480833512e-08 3.045502560723723342e-08 2.173383043509488793e-08 1.620803424315371768e-08 1.223872487762350175e-08 9.004636802288258113e-09 6.304275788691579078e-09 4.197434547353337871e-09 2.697017312878542695e-09 1.704726658027057582e-09 1.080382474683455463e-09 6.997247817823329240e-10 4.716015405769045448e-10 3.342755266665742139e-10 2.472683708616436376e-10 1.854260311607202263e-10 1.358920747085303203e-10 9.504850606356959362e-11 6.334324519359640429e-11 4.078135252705170998e-11 2.585158193787119962e-11 1.645144096821740431e-11 1.071549575951335303e-11 7.270197253754500390e-12 5.182146127055386980e-12 3.840053340539800993e-12 2.869752968936501220e-12 2.088220065001084583e-12 1.449581688337030376e-12 9.608598942660649247e-13 6.173175158842197628e-13 3.918972712061415412e-13 2.507208374567524942e-13 1.648131457711536810e-13 1.131466618132267906e-13 8.150614977256894938e-14 6.065693429285920915e-14 4.512933574294731270e-14 3.248862842397968319e-14 2.228941411954909054e-14 1.464908872199573546e-14 9.377651343222743117e-15 5.963379389673233690e-15 3.842539174605953394e-15 2.557149112437896443e-15 1.782010320418796276e-15 1.299361058226656149e-15 9.700727369328142391e-16 7.162946274153789939e-16 5.084186766347792599e-16 3.439336719635746624e-16 2.239100816051867514e-16 1.428633576886469693e-16 9.113052952932338427e-17 5.928048734090334354e-17 4.003991832013571082e-17 2.835789905671158760e-17 2.089352245813807877e-17 1.557416981841081469e-17 1.134123420203803043e-17 7.883006660497231193e-18 5.213343287277137415e-18 3.314738922789879138e-18 2.053590459409032326e-18 1.252895853742029763e-18 7.578985929575973972e-19 4.563669469175220158e-19 2.741341705614366708e-19 1.644596024032321826e-19 9.859758897549158779e-20 5.909115436614131723e-20 3.540787602457147773e-20 2.121466200678869922e-20 1.271015447899525017e-20 7.614725756835335751e-21 4.561963365259062681e-21 2.733041436465543968e-21 1.637340511980908469e-21 9.809140158199700113e-22 5.876549786711664010e-22 3.520575488441844145e-22 2.109136928693470639e-22 1.263559868224873212e-22 7.569842379160730858e-23 4.535005630775168886e-23 2.716869727250011445e-23 1.627645393622342017e-23 9.751036215133016005e-24 5.841733544261057553e-24 3.499715310914844935e-24 2.096639148744302295e-24 1.256072373667747635e-24 7.524984966506129779e-25 4.508131850101590096e-25 2.700769884155922056e-25 1.618000140498214804e-25 9.693252542357097169e-26 5.807115988247776700e-26 3.478976324342911702e-26 2.084214658324216681e-26 1.248629003758898001e-26 7.480392591998469888e-27 4.481417071199044709e-27 2.684765367463517591e-27 1.608412018746080440e-27 9.635811208674386271e-28 5.772703546544973618e-28 3.458360226723086567e-28 2.071863791609108144e-28 1.241229741717279666e-28 7.436064465063156546e-29
1.057815225571659884e-16 1.851201493933602392e-10 4.763975535864392560e-09 3.173492182163805635e-08 1.204044409624089250e-07 3.351709379407916203e-07 7.671193121633387584e-07 1.534343967413770093e-06 2.781497501278389772e-06 4.678759265753244307e-06 7.420035577931149134e-06 1.121939905775860606e-05 1.630277490439337610e-05 2.288698290562211831e-05 3.112730490903920834e-05 4.099477880632633518e-05 5.202427654692763951e-05 6.290945098662474393e-05 7.114596219349253600e-05 7.341329398856473085e-05 6.751167600451024760e-05 5.482580931236787932e-05 3.987644620409639936e-05 2.678375195367377044e-05 1.715778894769017611e-05 1.075768844285187516e-05 6.737521026822408970e-06 4.297229694307636068e-06 2.850468855899470066e-06 2.004469820511092306e-06 1.501376786344687567e-06 1.171661755998334430e-06 9.120792473789583254e-07 6.795567746857423387e-07 4.758927239389334143e-07 3.153694036186190277e-07 2.015849962097502396e-07 1.268759697166282520e-07 8.015986176151252695e-08 5.183323845130584594e-08 3.497069028490091789e-08 2.492543259545549497e-08 1.864849880158933108e-08 1.421323972288953008e-08 1.060194123228981646e-08 7.527704817387400840e-09 5.066864681070082384e-09 3.277018465818228045e-09 2.076792672043224543e-09 1.315499456891973208e-09 8.494450965080411078e-10 5.700293501844607026e-10 4.027870006610297924e-10 2.985074819877740821e-10 2.259505236629974398e-10 1.681538397622561709e-10 1.195825400819295852e-10 8.075958408435455386e-11 5.241810322181539141e-11 3.333400385298455705e-11 2.119199651241383122e-11 1.374263686483331243e-11 9.265627647705919814e-12 6.572940867178979198e-12 4.877675918638436983e-12 3.683716271917920443e-12 2.727991580834536294e-12 1.929619553150081239e-12 1.298090850981740866e-12 8.412509663748474315e-13 5.355648410211730242e-13 3.418524769588321181e-13 2.232732138021574778e-13 1.519868198112533115e-13 1.088365249293741359e-13 8.117853388642500686e-14 6.118691439360736401e-14 4.495261902145897510e-14 3.148322541104250833e-14 2.101218578374496049e-14 1.356297040539891779e-14 8.638293823077942274e-15 5.541794596345970677e-15 3.654633942637989587e-15 2.519953605188604807e-15 1.826227332811556456e-15 1.369689577283467398e-15 1.028344269527483048e-15 7.471076933098951385e-16 5.165559540890989550e-16 3.413947812662101437e-16 2.193474033197941420e-16 1.398392526562189947e-16 9.031106543539203071e-17 6.027002693579485867e-17 4.217035065411528583e-17 3.092357597088674031e-17 2.325341739979637002e-17 1.730151224979332359e-17 1.235196939573219477e-17 8.364869543393709532e-18 5.408494396585139117e-18 3.385040253962617510e-18 2.076710034230757400e-18 1.259688077657569095e-18 7.594028797445650321e-19 4.563076509666387532e-19 2.737126036587918905e-19 1.640364601536779119e-19 9.826110799604398690e-20 5.884591375800752694e-20 3.523670633309910531e-20 2.109819100358092518e-20 1.263222690288076471e-20 7.563218498234879375e-21 4.528237500494506595e-21 2.711125064670275323e-21 1.623187738129722757e-21 9.718233887228459603e-22 5.818427408557508392e-22 3.483563446524927337e-22 2.085651489404682116e-22 1.248704589091287306e-22 7.476143875920931931e-23 4.476056709830020434e-23 2.679868616391664310e-23 1.604469336471427598e-23 9.606149436313370403e-24 5.751316318104977374e-24 3.443381717840277629e-24 2.061593727542826272e-24 1.234300767134351220e-24 7.389905989197744185e-25 4.424424903353856471e-25 2.648955988468367634e-25 1.585961561537450938e-25 9.495341129044021835e-26 5.684974046200537393e-26 3.403661802835571804e-26 2.037812938793446453e-26 1.220062924597479058e-26 7.304662325176889864e-27 4.373388503911884517e-27 2.618399886908075529e-27 1.567667258837579741e-27 9.385810955457948258e-28 5.619397024143539918e-28 3.364400057151151684e-28 2.014306463118039002e-28 1.205989317095287596e-28
1.085588644067424837e-16 1.898027649900375593e-10 4.888655326034116086e-09 3.259349823095124837e-08 1.237687325977274955e-07 3.448342079993345128e-07 7.899192675741159239e-07 1.581314908605723087e-06 2.869130471913870072e-06 4.830357115057533786e-06 7.667162007241946466e-06 1.160344753888563395e-05 1.687674722990797002e-05 2.371770907198953642e-05 3.229858645558893345e-05 4.261207443316904463e-05 5.421997943634563650e-05 6.583882973701953207e-05 7.493921224525123604e-05 7.803087857119597520e-05 7.254932831831934891e-05 5.955828636439882247e-05 4.368814707461226725e-05 2.950100161400641822e-05 1.894865666158276774e-05 1.188964826899964946e-05 7.442247015310973382e-06 4.739023404634667865e-06 3.136240684810449089e-06 2.201089635277311994e-06 1.649410682050851871e-06 1.293681371314639783e-06 1.017057822557311750e-06 7.671637223760728320e-07 5.433151719309783889e-07 3.629172401872780485e-07 2.329961158389921405e-07 1.468688602535488421e-07 9.272948142105923818e-08 5.982060392112177363e-08 4.023253173213492616e-08 2.861988821707626523e-08 2.146080754065384848e-08 1.649600775575709693e-08 1.247304307762000724e-08 8.987580359312546787e-09 6.122025200953665548e-09 3.989140831017729851e-09 2.536406359513964233e-09 1.606396767295988598e-09 1.034259292970943500e-09 6.908014398347918038e-10 4.861226577516509572e-10 3.603752099685202084e-10 2.749221757747774163e-10 2.076471476919770780e-10 1.502463679273215285e-10 1.029744741885061303e-10 6.747898001317678209e-11 4.309510876517201171e-11 2.738967214441806727e-11 1.768888755321648047e-11 1.184701886902104513e-11 8.352176731653633434e-12 6.192423933283355379e-12 4.715311560067524475e-12 3.550597447093001751e-12 2.561504672046386241e-12 1.752280266825169935e-12 1.147801943209235448e-12 7.339361900149026227e-13 4.679138240799902339e-13 3.037926902904060473e-13 2.049430903072513713e-13 1.455843368299479604e-13 1.084691821657491421e-13 8.257334002045892459e-14 6.184862626971636904e-14 4.428246817131331204e-14 3.009272527601922748e-14 1.963744379347219964e-14 1.255274198329896046e-14 8.029808838267362895e-15 5.250890965363604370e-15 3.579030522307704509e-15 2.569830857513556607e-15 1.927438451073184027e-15 1.465990672725060696e-15 1.089412502464028169e-15 7.715949032563718520e-16 5.194994240005508674e-16 3.372199749985550430e-16 2.154283746289661301e-16 1.383864368012773907e-16 9.130413816380450571e-17 6.300030604012798833e-17 4.576555688278798095e-17 3.451116842377400942e-17 2.613089816642300341e-17 1.916075402192392201e-17 1.332830032750719137e-17 8.797278450731457086e-18 5.579460098347998305e-18 3.448850485363581551e-18 2.100128517852991996e-18 1.268310376736754093e-18 7.625736501444674416e-19 4.574288504828511700e-19 2.740527099894321064e-19 1.640844235151608009e-19 9.821006398746771046e-20 5.877182757269407319e-20 3.516762312814252637e-20 2.104244774722473458e-20 1.259037687246618466e-20 7.533131730631340887e-21 4.507227035739282603e-21 2.696756618891424209e-21 1.613515919752361214e-21 9.653934009124882267e-22 5.776106205744743253e-22 3.455937617805194291e-22 2.067742983375284143e-22 1.237163742114848244e-22 7.402148500210383320e-23 4.428823717341506585e-23 2.649835962268142747e-23 1.585439166738721306e-23 9.485935654343811909e-24 5.675586737761365132e-24 3.395794148508483260e-24 2.031757847457134834e-24 1.215633153567851343e-24 7.273327211188955539e-25 4.351747775369435660e-25 2.603720161322713786e-25 1.557847335891710131e-25 9.320849290823435131e-26 5.576812919988329065e-26 3.336696193024378619e-26 1.996398596162101036e-26 1.194477148709655616e-26 7.146747455801939449e-27 4.276013086744508012e-27 2.558406888040182616e-27 1.530735681109486314e-27 9.158635932287278350e-28 5.479758078114741641e-28 3.278626731826445793e-28 1.961654710557070534e-28
1.114775828241649901e-16 1.947084506624764568e-10 5.019333346420747829e-09 3.349379750668822706e-08 1.272981825191185458e-07 3.549767358687205718e-07 8.138616670689534800e-07 1.630663732350208158e-06 2.961245546860910695e-06 4.989788117832125221e-06 7.927187061309085353e-06 1.200774026736770620e-05 1.748126474613270512e-05 2.459304085504628815e-05 3.353327003603761056e-05 4.431756143376769732e-05 5.653647913842184549e-05 6.893254112802731212e-05 7.895669756372864368e-05 8.295368564625976954e-05 7.798036349821406811e-05 6.473069795316416155e-05 4.790556133768828276e-05 3.253276583832721602e-05 2.095591837881439755e-05 1.316064352618558276e-05 8.233441775259080531e-06 5.234199387261466582e-06 3.455487307790532891e-06 2.419669820571090891e-06 1.813165754953546208e-06 1.428525806830786406e-06 1.133878734600547630e-06 8.660433672206216186e-07 6.206388775216784140e-07 4.181473813926717137e-07 2.697709722206390515e-07 1.703615971025285946e-07 1.075059578333156187e-07 6.918855505147420423e-08 4.637290055812983046e-08 3.290115156549813779e-08 2.470161663755502086e-08 1.913075310490442012e-08 1.465862335400010712e-08 1.072492824535608020e-08 7.400720040461060373e-09 4.863425024023803309e-09 3.104749293604586754e-09 1.966943796050059344e-09 1.262912681677650166e-09 8.393698958756715069e-10 5.877229905976922711e-10 4.351413842315169258e-10 3.340003523848510854e-10 2.557992805068807529e-10 1.884033199749013957e-10 1.312267184536655794e-10 8.695374763425503486e-11 5.583918704237098308e-11 3.550916485518899092e-11 2.284883633290747195e-11 1.519861511585793942e-11 1.063620999350581427e-11 7.860818421819900017e-12 6.019817066686446314e-12 4.602334319609935944e-12 3.387974348647858823e-12 2.361232451646157503e-12 1.566705283867183098e-12 1.008010490602241470e-12 6.427211517099109362e-13 4.151286421065346922e-13 2.775005853970449708e-13 1.952241356801921163e-13 1.448258703018152023e-13 1.109589013375189886e-13 8.457249179828428339e-14 6.194840674936534105e-14 4.297344585723684127e-14 2.843213767933101932e-14 1.828478847417261008e-14 1.168397996377864709e-14 7.584483688752070821e-15 5.108831303939647478e-15 3.625411455089606326e-15 2.706989467155497670e-15 2.076351470491015069e-15 1.575053511817388387e-15 1.144316968436764218e-15 7.875473138726682044e-16 5.183692791978007502e-16 3.328513093027776995e-16 2.131775303282708538e-16 1.392354247311440805e-16 9.467470249367786848e-17 6.787401534385592507e-17 5.101551725344612257e-17 3.909427183010939459e-17 2.938722225380002062e-17 2.104147428483002314e-17 1.423406814308819842e-17 9.181645245504185009e-18 5.732949504576582168e-18 3.509905054710011306e-18 2.125246118874822172e-18 1.279161088039168370e-18 7.674755657837215792e-19 4.597075353938239155e-19 2.751195782687290062e-19 1.645753239293087323e-19 9.842500205073983986e-20 5.885626288041138123e-20 3.519265419324543726e-20 2.104247276146007226e-20 1.258154257524965950e-20 7.522583373956800319e-21 4.497778143540196460e-21 2.689230000063149202e-21 1.607893522005792808e-21 9.613605980061677132e-22 5.747979230517299152e-22 3.436718629930112175e-22 2.054814961380004354e-22 1.228574331882873068e-22 7.345648506636592950e-23 4.391964715050374852e-23 2.625956562390843369e-23 1.570059935606238307e-23 9.387391364433616348e-24 5.612723089256417485e-24 3.355848204585182827e-24 2.006462280286948768e-24 1.199664179078042467e-24 7.172794408145067864e-25 4.288615140473255855e-25 2.564163807857948600e-25 1.533114028204072192e-25 9.166491689235463663e-26 5.480647123611575386e-26 3.276879957111051248e-26 1.959247149308618100e-26 1.171434243033884552e-26 7.004007566049664324e-27 4.187697455234085080e-27 2.503825104584108636e-27 1.497037506018875112e-27 8.950790094419983949e-28 5.351679099037552047e-28 3.199769950691839119e-28
1.145407489227280192e-16 1.998401294263473911e-10 5.156094696170202956e-09 3.443645753003904082e-08 1.309954981418784117e-07 3.656069081747574652e-07 8.389677653489577683e-07 1.682437294069837814e-06 3.057935929098871377e-06 5.157223616857445154e-06 8.200406594937690322e-06 1.243276260558431337e-05 1.811709023988401229e-05 2.551413363204499464e-05 3.483305016344583581e-05 4.611365723082061946e-05 5.897715894972383382e-05 7.219533644041033053e-05 8.320547056169314069e-05 8.819352008704893552e-05 8.382603624341210052e-05 7.037651562405689801e-05 5.256837366349104742e-05 3.591477656255236958e-05 2.320612636760781568e-05 1.458830757251366671e-05 9.122148369856672071e-06 5.789497495705563331e-06 3.812308733600219966e-06 2.662751499648309359e-06 1.994300710885991743e-06 1.577413136723531237e-06 1.263653360759802823e-06 9.774263616261866486e-07 7.091946975768189068e-07 4.822730759276589173e-07 3.128426986981041541e-07 1.979934402919874501e-07 1.248994610356067408e-07 8.019235802606092340e-08 5.354977967632425519e-08 3.786879726389583246e-08 2.843717349126027023e-08 2.216730263748752071e-08 1.720414565939935323e-08 1.278629685321311921e-08 8.947424290936299370e-09 5.936386810686249785e-09 3.808121507069178924e-09 2.414558675667983474e-09 1.546438885746633883e-09 1.022611142787589937e-09 7.119042959549361731e-10 5.256158056050610258e-10 4.051849100043787266e-10 3.142812896840548310e-10 2.356561040868995790e-10 1.670262984877128358e-10 1.120968833129065895e-10 7.248383077241618198e-11 4.616546309567938569e-11 2.961508088067921687e-11 1.956612769712570311e-11 1.357938103008832119e-11 9.982881933717864351e-12 7.667365760521065957e-12 5.939981360694824805e-12 4.461469370028620300e-12 3.173119859974744853e-12 2.137530166069761521e-12 1.386625331234126705e-12 8.855960288612024704e-13 5.696284904399002679e-13 3.773995387511187272e-13 2.626271922649592317e-13 1.934124708837083432e-13 1.485655411324919591e-13 1.149140390535517387e-13 8.610298213959778500e-14 6.110628785189889114e-14 4.111478556214583190e-14 2.667438508522066968e-14 1.706331451097974942e-14 1.101174264961620699e-14 7.332800129292416550e-15 5.133996288017738563e-15 3.800529552463439385e-15 2.924895014504287271e-15 2.257220271867495245e-15 1.682426571030203071e-15 1.187142252787690263e-15 7.954130303244732698e-16 5.151654913440218371e-16 3.298826345478165149e-16 2.137126502174159985e-16 1.432440563052359872e-16 1.010829684598718272e-16 7.529751069378609764e-17 5.802113811765799395e-17 4.453975565729766603e-17 3.284483120002260487e-17 2.285502191607564801e-17 1.505661449001544329e-17 9.526806338063392900e-18 5.876059229613897622e-18 3.571340112771043076e-18 2.153134992347130149e-18 1.292532518479236362e-18 7.741548436550064258e-19 4.631267614665426767e-19 2.768877797785103575e-19 1.654885755169439674e-19 9.889161217582592060e-20 5.908985642712638306e-20 3.530584363235100456e-20 2.109453189885854539e-20 1.260340145496730540e-20 7.530135766181709792e-21 4.499003720904009825e-21 2.687999076620894039e-21 1.605984931851271072e-21 9.595190473827281748e-22 5.732784546343130483e-22 3.425134099980368024e-22 2.046395193559947314e-22 1.222647932400830467e-22 7.304883927365050178e-23 4.364406727077939663e-23 2.607576815522457059e-23 1.557933816238614390e-23 9.308096917261788192e-24 5.561254736407901631e-24 3.322650645322317319e-24 1.985164829054019663e-24 1.186064927873166113e-24 7.086313400493372871e-25 4.233818607060550994e-25 2.529555071030480524e-25 1.511318611202627254e-25 9.029587735457566111e-26 5.394855463811920930e-26 3.223233034337149955e-26 1.925766364515731130e-26 1.150576471260640458e-26 6.874282574517440598e-27 4.107137777859400555e-27 2.453867809980554398e-27 1.466098181881992300e-27 8.759411856560721436e-28 5.233435046919079114e-28
1.177515974453666232e-16 2.052008335026072016e-10 5.299027647144662406e-09 3.542214014344538971e-08 1.348634888436337558e-07 3.767334306833093805e-07 8.652596221752289472e-07 1.736684240432743878e-06 3.159298426392478627e-06 5.332841648418657353e-06 8.487128137781603380e-06 1.287901923084827929e-05 1.878501710340531842e-05 2.648218952764078903e-05 3.619969033086356904e-05 4.800287742910069541e-05 6.154553632412928068e-05 7.563212862341741510e-05 8.769273987059342094e-05 9.376231377358270616e-05 9.010802521811921736e-05 7.653093193138361288e-05 5.771971075284649833e-05 3.968680827335114842e-05 2.572925176378998858e-05 1.619268053887755018e-05 1.012094907651497199e-05 6.412596509239537699e-06 4.211366397849185261e-06 2.933210503435398880e-06 2.194675287680143911e-06 1.741683672728702281e-06 1.407575694484407349e-06 1.102635440708899299e-06 8.104560658513997054e-07 5.566831796796676775e-07 3.633051541721525503e-07 2.305239853617075583e-07 1.454005088921595091e-07 9.313782871294778526e-08 6.195211034523883682e-08 4.364122911900857613e-08 3.274523358203627886e-08 2.566267130017957993e-08 2.016034726988328669e-08 1.522409623030296311e-08 1.081405651815334202e-08 7.252202074999377628e-09 4.679117480399339444e-09 2.971118457063365866e-09 1.898777150123858565e-09 1.249217338425305877e-09 8.640991207029001922e-10 6.352941674466441519e-10 4.909027356165222299e-10 3.850540405950038199e-10 2.938735846573333328e-10 2.121927009675940570e-10 1.444850849607951381e-10 9.421951791419508653e-11 6.017159565819724932e-11 3.851135988765583947e-11 2.527805272594761140e-11 1.738723916532944526e-11 1.269022329356618264e-11 9.747802806941121447e-12 7.633515266478512628e-12 5.845760495256852471e-12 4.248405066718462439e-12 2.912308838667980512e-12 1.909126269031586772e-12 1.223500141744699594e-12 7.847146065337237871e-13 5.155936141418840381e-13 3.546580527380800710e-13 2.586256493128108635e-13 1.983876331933941776e-13 1.551830420906392559e-13 1.188084743684329144e-13 8.640144724132227083e-14 5.930138204156982773e-14 3.893169136486320393e-14 2.499327646990708912e-14 1.606524517925449703e-14 1.058586536227528965e-14 7.305822928723255766e-15 5.343146361633302508e-15 4.104121971711734841e-15 3.207590430026402824e-15 2.449463644429838852e-15 1.775942479681387135e-15 1.216081662581470919e-15 7.975680393216747965e-16 5.123000883703711870e-16 3.300284431757378519e-16 2.183179822775202055e-16 1.514357178789559189e-16 1.112606391875564585e-16 8.561248162444073868e-17 6.673738296892167943e-17 5.061367387777408331e-17 3.632689639107928142e-17 2.454929004514816541e-17 1.580168164387141982e-17 9.844732825030503849e-18 6.015244343033128853e-18 3.635670204528429743e-18 2.184616544038545170e-18 1.308649678662342960e-18 7.826517732424820862e-19 4.676781999203689939e-19 2.793410544691971436e-19 1.668103540694855508e-19 9.960002526718389137e-20 5.946602141470711945e-20 3.550293154385618360e-20 2.119591529945292616e-20 1.265424612847890655e-20 7.554719732706939088e-21 4.510237136216008813e-21 2.692649580609080991e-21 1.607533407050724028e-21 9.597100027052562834e-22 5.729542618918032985e-22 3.420580725710349276e-22 2.042112724845374576e-22 1.219156804090373834e-22 7.278458593968923815e-23 4.345294954286934579e-23 2.594174016134855979e-23 1.548741542763659823e-23 9.246104342163961485e-24 5.519994336865639688e-24 3.295478435174506379e-24 1.967425589960922630e-24 1.174567980889986027e-24 7.012259821679609242e-25 4.186372232636872009e-25 2.499295935349882314e-25 1.492098605974620628e-25 8.907941706513200043e-26 5.318108677853097834e-26 3.174951166187320977e-26 1.895469896966686459e-26 1.131609886970356622e-26 6.755796746432484032e-27 4.033261833837157227e-27 2.407887867389848421e-27 1.437527296958808952e-27 8.582146857784291800e-28
1.211135323163576332e-16 2.107937020897177487e-10 5.448223608026222344e-09 3.645153070991635572e-08 1.389050652666728746e-07 3.883653223093024986e-07 8.927601127478794732e-07 1.793455010377002425e-06 3.265433438579975386e-06 5.516826912693920370e-06 8.787670820348551706e-06 1.334703403385166237e-05 1.948586924199894723e-05 2.749845733444702571e-05 3.763502297253754953e-05 4.998783572866970682e-05 6.424525706854836594e-05 7.924799153287098133e-05 9.242586384132682269e-05 9.967209045605897463e-05 9.684833460656124091e-05 8.323077950573165172e-05 6.340630139547610432e-05 4.389307889680646815e-05 2.855912079636155974e-05 1.799655021399578582e-05 1.124419264616550734e-05 7.112254271839420131e-06 4.657966383391118146e-06 3.234305987800641703e-06 2.416378522929190565e-06 1.922815874267410231e-06 1.566928877297988962e-06 1.243085581041006248e-06 9.260445360631922471e-07 6.429611920585950569e-07 4.224384048008536080e-07 2.688557328007979345e-07 1.695962257340382766e-07 1.083918829537502883e-07 7.180629479675740823e-08 5.035959875024325987e-08 3.771740310440677556e-08 2.968240921883155290e-08 2.358385660442390277e-08 1.809690085875218516e-08 1.306070614375960066e-08 8.864012632862443011e-09 5.758032953338279193e-09 3.664093982921968630e-09 2.337557893619849740e-09 1.530199089439235681e-09 1.051166087997537759e-09 7.685462135607717962e-10 5.941202644858969648e-10 4.704293412099752477e-10 3.652211670957065691e-10 2.688917156088177808e-10 1.860804842508493582e-10 1.225824028039680460e-10 7.860045184168526392e-11 5.023675014937766823e-11 3.277452139078545312e-11 2.233454527467347337e-11 1.615706107783771381e-11 1.237735401843116677e-11 9.769906192521440439e-12 7.617975044909888554e-12 5.661803806431718357e-12 3.958501921240593005e-12 2.628742472933507929e-12 1.693925261582600685e-12 1.084968319294493263e-12 7.076195143130735660e-13 4.810336275920638440e-13 3.466230806371367171e-13 2.645129896707866400e-13 2.083950786821056748e-13 1.626718516911104153e-13 1.213237482105834664e-13 8.518771528507473173e-14 5.678052752295474335e-14 3.668668833976976548e-14 2.354052509418505071e-14 1.537135675791816802e-14 1.045606862127753319e-14 7.534833813255323974e-15 5.746959755832808200e-15 4.524136566545799780e-15 3.529385812275398985e-15 2.631959272319370188e-15 1.848675159047922965e-15 1.233042645782332423e-15 7.974613956389133275e-16 5.123999429241851167e-16 3.352067847497777729e-16 2.285269885898454469e-16 1.650076661885156331e-16 1.259438404036090516e-16 9.900380617931200981e-17 7.693934194041502744e-17 5.702361718897817958e-17 3.969604756588995802e-17 2.610960802418667955e-17 1.648589152819104430e-17 1.014768574287441893e-17 6.155961090697358955e-18 3.704885380604360841e-18 2.220338005346103401e-18 1.327700603149858084e-18 7.930096455782563486e-19 4.733637909181276180e-19 2.824719958523104675e-19 1.685329673625314149e-19 1.005442880604908418e-19 5.998058236444596161e-20 3.578111718455966553e-20 2.134478857065006718e-20 1.273289232729169438e-20 7.595578103621329599e-21 4.530997728797512997e-21 2.702878088914540267e-21 1.612348291526661484e-21 9.618141361705678022e-22 5.737509158481125911e-22 3.422595674601468824e-22 2.041680525781011273e-22 1.217923378488173540e-22 7.265276431157299191e-23 4.333954192975142546e-23 2.585332997260611800e-23 1.542228274387763786e-23 9.199851821295454962e-24 5.487986110880495945e-24 3.273747461500065413e-24 1.952888040129595752e-24 1.164955984503088314e-24 6.949310036693362896e-25 4.145470784097004914e-25 2.472897011485653380e-25 1.475156851386005181e-25 8.799750762274371052e-26 5.249313888571967736e-26 3.131372358733701781e-26 1.867957042992590080e-26 1.114292110528750575e-26 6.647084911531231196e-27 3.965184479331642707e-27 2.365350851447158268e-27 1.411002358050370003e-27
1.246301326321051534e-16 2.166219803131130164e-10 5.603777082411553754e-09 3.752533796872085540e-08 1.431232375099005894e-07 4.005119151356156818e-07 9.214929004124743001e-07 1.852801822976228248e-06 3.376444931205153939e-06 5.709370713595008335e-06 9.102365317031671149e-06 1.383735005702611430e-05 2.022050099156328759e-05 2.856423263698125575e-05 3.914094935679885692e-05 5.207124385448284740e-05 6.708010316529317712e-05 8.304815787221051155e-05 9.741234326660255631e-05 1.059349337342000861e-04 1.040691901302413807e-04 9.051441976673136485e-05 6.967861526955303122e-05 4.858267646972846949e-05 3.173390443483693562e-05 2.002584330511775245e-05 1.250825767532491088e-05 7.898470691695180630e-06 5.158156264287187123e-06 3.569736967847428350e-06 2.661761596911637526e-06 2.122445010091854590e-06 1.743093277544683639e-06 1.400283751240408905e-06 1.057733264887091058e-06 7.429043203974998723e-07 4.917372949557878077e-07 3.140606673759858339e-07 1.981899369281929271e-07 1.263953864483984753e-07 8.338414865140279507e-08 5.819260044111111669e-08 4.346200533740024253e-08 3.430227125423549857e-08 2.753798702833167116e-08 2.146973217194665956e-08 1.575627173791340104e-08 1.083532326127443243e-08 7.094526867119674616e-09 4.527958091717785419e-09 2.885101297485673991e-09 1.879531723951115703e-09 1.281789886042535824e-09 9.308588236978909162e-10 7.184896486968427673e-10 5.731515749575735097e-10 4.521982496779508876e-10 3.396692827987747270e-10 2.392969494411058037e-10 1.595411698811520750e-10 1.028639752533602595e-10 6.572439650864002603e-11 4.264633153367535129e-11 2.878981668436807237e-11 2.061528583379628136e-11 1.570777437821326581e-11 1.245844367788923412e-11 9.871324728318888016e-12 7.504278909613668956e-12 5.362161168984536715e-12 3.616714572866865647e-12 2.348741739664827528e-12 1.505035391669407290e-12 9.755511618496620427e-13 6.555618191260715519e-13 4.660876088699161867e-13 3.525891860774328676e-13 2.785470674900643139e-13 2.209933221234488513e-13 1.689980231879125197e-13 1.216951348975053853e-13 8.264058986692067644e-14 5.391231997699294701e-14 3.462341641473482866e-14 2.244684884572924836e-14 1.505939881486318897e-14 1.067422810680106278e-14 8.047397860741462358e-15 6.343388269849640975e-15 5.033378484351367042e-15 3.858505034670728437e-15 2.788412842352354194e-15 1.899887253849852924e-15 1.242438505352621616e-15 7.990621231047959153e-16 5.183426351531627450e-16 3.476752269177667952e-16 2.461849742714249598e-16 1.852882933979976531e-16 1.457570478445980254e-16 1.154072886116212059e-16 8.823772235429387389e-17 6.348481944472970127e-17 4.287568525463100071e-17 2.754973615074937612e-17 1.713024260542913376e-17 1.044679072286569014e-17 6.302681654514345897e-18 3.780582577313477631e-18 2.260837264155064565e-18 1.349859100247843737e-18 8.052811064640093842e-19 4.801968640763442748e-19 2.862818006552727100e-19 1.706543955485530743e-19 1.017219827693656009e-19 6.063151036944644934e-20 3.613888660986112790e-20 2.154008396986116606e-20 1.283861124753631167e-20 7.652224002203096781e-21 4.560965211429464371e-21 2.718476360169747444e-21 1.620295449758767970e-21 9.657457050100506775e-22 5.756139584570253445e-22 3.430834957486436561e-22 2.044882341599690647e-22 1.218812266971527827e-22 7.264492928679885353e-23 4.329859382989761958e-23 2.580728265724855329e-23 1.538192764474061577e-23 9.168098054745697180e-24 5.464466083595080420e-24 3.256988461014963529e-24 1.941264466090110692e-24 1.157052833386545819e-24 6.896387805986052104e-25 4.110457482801723798e-25 2.449958035006709984e-25 1.460249716335553868e-25 8.703533707865230325e-26 5.187571560976403533e-26 3.091950879206223740e-26 1.842897033235651616e-26 1.098422842985163756e-26 6.546935179949459045e-27 3.902173058780483210e-27 2.325814165276242406e-27
1.283051591163998012e-16 2.226890178807621189e-10 5.765785641431554974e-09 3.864429381919506641e-08 1.475211141591372194e-07 4.131828477883160962e-07 9.514824407940300237e-07 1.914778643005976239e-06 3.492440406064210651e-06 5.910670937021213025e-06 9.431553774876490071e-06 1.435052940439341759e-05 2.098979700394879846e-05 2.968085687841356843e-05 4.071943976348901210e-05 5.425591190577895134e-05 7.005398793454526232e-05 8.703802154161086415e-05 1.026598168371697700e-04 1.125629560844448065e-04 1.117929288669991620e-04 9.842159991024051460e-05 7.659097278553648753e-05 5.381000905141207361e-05 3.529666664834841058e-05 2.231007449885270605e-05 1.393185812178360499e-05 8.782677600038021459e-06 5.718838011951746674e-06 3.943708140070044037e-06 2.933476005178430079e-06 2.342384995822428019e-06 1.937556530769337532e-06 1.575828534900628929e-06 1.207448017814890676e-06 8.585418444282459640e-07 5.729431024197173423e-07 3.674114313865150920e-07 2.320247661166030184e-07 1.476788183650133472e-07 9.701264225186532124e-08 6.734235022133380614e-08 5.010759386814079031e-08 3.961028287135848203e-08 3.209376560125516464e-08 2.541435467611635165e-08 1.897896532066853823e-08 1.324143994374706352e-08 8.749554033582150523e-09 5.605922118888432570e-09 3.569684568331612595e-09 2.314986622545421195e-09 1.566998601658598494e-09 1.129150729579910245e-09 8.685385755228130355e-10 6.965065785495506581e-10 5.576878975958293457e-10 4.274820659961288436e-10 3.070655253277744803e-10 2.075975740029549164e-10 1.348132237627471755e-10 8.621913172412257722e-11 5.568769608484171016e-11 3.724883348458565986e-11 2.637508769646323252e-11 1.993890298123445249e-11 1.583818585134250284e-11 1.271897866447796053e-11 9.885173640910744005e-12 7.231085641643586739e-12 4.967126529746299825e-12 3.259212674974682268e-12 2.093637979373905700e-12 1.350779396535687707e-12 8.979282338663903323e-13 6.293352134930293007e-13 4.705012718158339596e-13 3.710243104198241627e-13 2.979892171984741058e-13 2.333338629856648639e-13 1.726218667408722929e-13 1.198465761398601158e-13 7.922315058102699573e-14 5.107451531217894106e-14 3.295297648279396381e-14 2.183322626360372159e-14 1.521043864564966616e-14 1.129228241127035095e-14 8.859629376104565477e-15 7.110626873741881150e-15 5.590426570066776515e-15 4.164349121556868346e-15 2.911126952489128501e-15 1.933989606712950485e-15 1.250037720387995232e-15 8.067073682540052126e-16 5.334354386256052923e-16 3.701728331266399340e-16 2.734620470100328578e-16 2.136235484087764013e-16 1.710597027077562245e-16 1.344578946621698530e-16 1.001528466257907942e-16 6.978147058430099290e-17 4.584931199802559078e-17 2.889991523126104722e-17 1.775593537247622817e-17 1.075158718518688558e-17 6.459069649061056651e-18 3.864091667176860984e-18 2.306594104297759653e-18 1.375301629459129567e-18 8.195327978528308401e-19 4.882029907487568100e-19 2.907801260385426050e-19 1.731779845516346254e-19 1.031339666131811440e-19 6.141873896227500452e-20 3.657589129991310058e-20 2.178142293704217643e-20 1.297108091496328341e-20 7.724410590227229994e-21 4.599960953884527261e-21 2.739319798660023263e-21 1.631290175227357778e-21 9.714482010976035659e-22 5.785062383379246921e-22 3.445057135816060638e-22 2.051562741498132410e-22 1.221724190336937064e-22 7.275478147012304288e-23 4.332613083776036646e-23 2.580110300146728687e-23 1.536479031686348864e-23 9.149871668976533872e-24 5.448831374421447705e-24 3.244828388576728303e-24 1.932324666912711149e-24 1.150716824155443243e-24 6.852622812531661614e-25 4.080798892015752059e-25 2.430152666003567149e-25 1.447177902254006089e-25 8.618075358258849238e-26 5.132141857949124358e-26 3.056236915457131997e-26 1.820016738027864328e-26 1.083836436222655850e-26 6.454344050465346054e-27 3.843620285267639518e-27
1.321425610838580993e-16 2.289982676299091247e-10 5.934349885323450460e-09 3.980915282919325363e-08 1.521019027071789498e-07 4.263880677921690064e-07 9.827539673118060887e-07 1.979441180188042096e-06 3.613530857019264729e-06 6.120931990858785024e-06 9.775589773284500697e-06 1.488715315498091885e-05 2.179467217224418367e-05 3.084971858678755587e-05 4.237253303104571405e-05 5.654474779643353286e-05 7.317095659966281029e-05 9.122312780734054760e-05 1.081760560612248922e-04 1.195682703214818511e-04 1.200418853435605604e-04 1.069932760911316704e-04 8.420161658620149150e-05 5.963527358648473944e-05 3.929597649630602518e-05 2.488286174377726120e-05 1.553639805641109025e-05 9.777960232312450943e-06 6.347899847340638329e-06 4.361006711274708600e-06 3.234518060190741217e-06 2.584653972237571469e-06 2.151925913338135524e-06 1.771410054241781891e-06 1.377265354511108606e-06 9.921518538882791624e-07 6.680780972236105204e-07 4.304177006621603636e-07 2.721120202665836501e-07 1.728813786311476676e-07 1.130858527649315426e-07 7.805160883040456271e-08 5.780726553151265611e-08 4.570929254986750121e-08 3.733126616629344293e-08 3.000963901925324033e-08 2.281664527947926980e-08 1.617087546966651405e-08 1.079756836983676454e-08 6.952060238846920477e-09 4.427146196355432282e-09 2.859200880284107591e-09 1.920833964316670704e-09 1.372180925109922374e-09 1.049916905625662453e-09 8.444661492919285295e-10 6.850256836971335330e-10 5.357264478628869415e-10 3.928939861575121848e-10 2.698983087050317810e-10 1.768625470680664701e-10 1.133793073046155882e-10 7.296738375238329937e-11 4.838041370956145335e-11 3.385326931461416985e-11 2.533591630365122817e-11 2.008832779574118573e-11 1.629968179611912232e-11 1.293478772752266455e-11 9.697753218217216513e-12 6.802245626212772712e-12 4.522339613780389631e-12 2.919041479678333306e-12 1.877946551112774128e-12 1.236272376159626540e-12 8.539246535019630483e-13 6.293583619762049619e-13 4.931988430821197097e-13 3.991318591877132127e-13 3.191944580560402937e-13 2.427927727684174668e-13 1.728935888249437753e-13 1.162532993000520199e-13 7.549123807011862095e-14 4.860518987675132139e-14 3.186456421043856847e-14 2.182280977896774489e-14 1.591039035475636988e-14 1.235479181703864397e-14 9.965657334207998632e-15 8.003167640040167093e-15 6.146685208081789031e-15 4.425359014592730805e-15 3.001557535922505239e-15 1.958692244213868034e-15 1.262348539829561827e-15 8.252619724482452649e-16 5.616584850603768658e-16 4.060279082684578018e-16 3.127834695394160591e-16 2.511838954193456974e-16 2.017947107846813341e-16 1.555201003204012727e-16 1.122239082781673916e-16 7.579834325236425221e-17 4.864531978752601340e-17 3.019692656252963289e-17 1.838234539514689778e-17 1.107010701640867563e-17 6.628198327578582451e-18 3.956582296233447459e-18 2.358069659352159714e-18 1.404220015309797092e-18 8.358489561072138501e-19 4.974207558972291982e-19 2.959850823812933271e-19 1.761122795403300036e-19 1.047842134842121555e-19 6.234404662129317268e-20 3.709286825544362909e-20 2.206906386858302775e-20 1.313035275007460079e-20 7.812109920158757206e-21 4.647934710380080634e-21 2.765359169885256361e-21 1.645292040951618809e-21 9.788911608633767828e-22 5.824059400785967746e-22 3.465111177056503001e-22 2.061619650327173189e-22 1.226591394835252337e-22 7.297788628940766661e-23 4.341928289174570489e-23 2.583295050962221548e-23 1.536969952535902943e-23 9.144432160019908870e-24 5.440616413990018012e-24 3.236975948168767931e-24 1.925887158962801834e-24 1.145835313069285854e-24 6.817318234608606585e-25 4.056065246157656475e-25 2.413216563297444669e-25 1.435779216539584550e-25 8.542382768283331391e-26 5.082418140561731560e-26 3.023860538234118288e-26 1.799090964537883022e-26 1.070396024471338471e-26 6.368480926134192255e-27
1.361464839526157884e-16 2.355532840805572450e-10 6.109573391486793077e-09 4.102069216338935502e-08 1.568689058424574071e-07 4.401378212956349923e-07 1.015333495110693335e-06 2.046846883615216081e-06 3.739830775587093468e-06 6.340364769157049960e-06 1.013483823217495860e-05 1.544782127389710119e-05 2.263607154513448978e-05 3.207225225756267159e-05 4.410233670490980881e-05 5.894075774064736980e-05 7.643518722202862045e-05 9.560918674509223496e-05 1.139689632672098295e-04 1.269629655430710286e-04 1.288382767341286837e-04 1.162714021599118024e-04 9.257273497021658475e-05 6.612493753070960675e-05 4.378658908597642092e-05 2.778251731070363522e-05 1.734638393605218042e-05 1.089931595596666994e-05 7.054370458444233997e-06 4.827092171782768976e-06 3.568280787038730657e-06 2.851504223497159956e-06 2.387943530232846155e-06 1.988810713542618330e-06 1.569407791586311286e-06 1.146275233855953459e-06 7.794825819000696320e-07 5.048683671838942933e-07 3.196652795258407837e-07 2.027743081464674205e-07 1.320796521386271165e-07 9.061267553425007463e-08 6.674396739420475757e-08 5.272012363714206845e-08 4.334132600467531297e-08 3.534206681205145362e-08 2.736695825060774638e-08 1.972662375613922885e-08 1.332897128706776952e-08 8.633882045264928041e-09 5.502909874806158016e-09 3.541053391009739264e-09 2.361221009897664515e-09 1.671079900842580805e-09 1.269717564138184968e-09 1.021878828789656869e-09 8.380964146995170117e-10 6.682705951089496879e-10 5.009152362922465069e-10 3.503530580874156506e-10 2.321401310106589885e-10 1.494090701892910004e-10 9.592435425927196577e-11 6.308896309205485062e-11 4.361218849412068306e-11 3.225308922471079759e-11 2.544257881343199197e-11 2.078589512278080177e-11 1.680795514337237552e-11 1.292190485858423167e-11 9.277987497743952829e-12 6.268586916702756346e-12 4.076370394626888949e-12 2.620475149995624369e-12 1.710896042519734485e-12 1.164999364945795780e-12 8.449334256940295488e-13 6.553064992559325211e-13 5.316648770732795009e-13 4.326529493426125119e-13 3.382112979872947560e-13 2.476881515084279859e-13 1.700837875260827289e-13 1.116701546639659504e-13 7.197579736534665849e-14 4.680255511065793118e-14 3.154374466005163097e-14 2.254836435359754517e-14 1.724488706991019272e-14 1.388605274492912676e-14 1.132743644250185971e-14 8.955105856236139162e-15 6.658097257950755869e-15 4.633615018676150840e-15 3.068302708033344606e-15 1.983515620216697659e-15 1.286580030026479386e-15 8.604635578195607821e-16 6.079122934669023082e-16 4.591876280036523925e-16 3.666457945377349246e-16 2.987106886795732107e-16 2.374043280768000877e-16 1.778125651503050266e-16 1.241071046487024282e-16 8.151778501015872470e-17 5.131809103751598847e-17 3.147784856209650117e-17 1.902643625108581036e-17 1.140917880652687288e-17 6.812757617815862754e-18 4.059149924493725176e-18 2.415736912899695219e-18 1.436831432874186380e-18 8.543344639689777392e-19 5.079025832261485589e-19 3.019233814818556612e-19 1.794709897483188077e-19 1.066797456020506387e-19 6.341099628980442478e-20 3.769159497411409608e-20 2.240387087960765236e-20 1.331683066299092221e-20 7.915499240858061377e-21 4.704955775011092458e-21 2.796614946245501351e-21 1.662301312919035996e-21 9.880679045800681607e-22 5.873051666562705463e-22 3.490927604926530972e-22 2.074998844730739154e-22 1.233374240478574262e-22 7.331146312509818918e-23 4.357615427128899604e-23 2.590155943788251328e-23 1.539582352456765256e-23 9.151239813057238375e-24 5.439474541442680646e-24 3.233210350686275285e-24 1.921812316943214721e-24 1.142320536214556643e-24 6.789925300931256790e-25 4.035914975736591765e-25 2.398937980819653110e-25 1.425922862698669674e-25 8.475650586308747603e-26 5.037905958335652677e-26 2.994518967786038077e-26 1.779934743242356570e-26 1.057988853730114756e-26
1.403212773664199120e-16 2.423577218502360490e-10 6.291562674065664095e-09 4.227971118704590758e-08 1.618255221857275338e-07 4.544426539518342429e-07 1.049247799422209831e-06 2.117054899782639390e-06 3.871458095294634737e-06 6.569186599583780951e-06 1.050967534353289592e-05 1.603315249069707540e-05 2.351497010745195586e-05 3.334993855674674119e-05 4.591102707357267386e-05 6.144704594492849498e-05 7.985098995630310608e-05 1.002020646278764152e-04 1.200465692583802029e-04 1.347590848890617107e-04 1.382040870003589368e-04 1.262986833446778023e-04 1.017704261921602407e-04 7.335222471565080299e-05 4.883020002639454831e-05 3.105272538519594761e-05 1.938990418998710118e-05 1.216395702160843539e-05 7.848599769416228627e-06 5.348201460336643605e-06 3.938614599980781133e-06 3.145457204691442285e-06 2.647504811030897901e-06 2.229907389220894380e-06 1.786235942939213514e-06 1.323725599909460896e-06 9.098536622442780623e-07 5.928800774676608799e-07 3.761412490478396893e-07 2.382893594762512915e-07 1.545697839360940353e-07 1.053783616517024297e-07 7.713704045088407901e-08 6.078546548955544105e-08 5.022773865808510327e-08 4.150647210573858321e-08 3.273730047191118517e-08 2.402718315345532400e-08 1.645274311164570477e-08 1.073540789312082937e-08 6.854526049492938583e-09 4.397433892436050153e-09 2.911097966672857749e-09 2.040042289329564307e-09 1.536894895798046736e-09 1.234720728480163982e-09 1.021469259970380525e-09 8.294978307801998874e-10 6.359205973589057726e-10 4.537501922920142123e-10 3.046649655235522860e-10 1.972279377095117067e-10 1.264957077698090837e-10 8.259990018859763027e-11 5.641341542085256037e-11 4.116660467418097868e-11 3.220906837055944292e-11 2.639545651642367257e-11 2.168946508604671966e-11 1.709291755234687461e-11 1.258895006717542801e-11 8.670800884789325778e-12 5.697160979237511869e-12 3.668255615987743494e-12 2.379584260933548405e-12 1.598697021313558875e-12 1.139770021772069744e-12 8.717324426532911469e-13 7.053751963154883728e-13 5.814004292727991009e-13 4.662407079906091870e-13 3.517789143251184048e-13 2.476605682023220221e-13 1.650894005892760299e-13 1.069016479108125826e-13 6.914874367507200455e-14 4.594769025318555299e-14 3.218848923091905638e-14 2.415217544795415350e-14 1.928621827279543586e-14 1.587369749286024676e-14 1.287040998409005292e-14 9.892675397485897624e-15 7.096360485837866439e-15 4.794613797563072319e-15 3.124417926507486343e-15 2.019164693218997215e-15 1.331023826511684275e-15 9.193537894988212326e-16 6.782146253589957927e-16 5.341181118979808340e-16 4.373039122804831945e-16 3.562639460867424985e-16 2.768799976559050213e-16 2.005875800204953590e-16 1.356248111510346329e-16 8.699488775700043506e-17 5.393264804540980152e-17 3.277709029979175249e-17 1.970294932074375597e-17 1.177479043377406615e-17 7.015231842252886110e-18 4.172884343020395573e-18 2.480104997291722901e-18 1.473386789142606460e-18 8.751177232001113491e-19 5.197157123810579087e-19 3.086306567500212442e-19 1.832730801320396583e-19 1.088306475593666572e-19 6.462492565430155424e-20 3.837487493755974312e-20 2.278730069198022720e-20 1.353126085863044479e-20 8.034953618507318127e-21 4.771207859324254767e-21 2.833173847557662503e-21 1.682356658939079187e-21 9.989940411121242373e-22 5.932089747359245242e-22 3.522512332471933103e-22 2.091690040620256261e-22 1.242058734428107090e-22 7.375423063462677395e-23 4.379572704604286908e-23 2.600617876323318114e-23 1.544263286131876849e-23 9.169932723428478359e-24 5.445163846112340638e-24 3.233372610679108908e-24 1.919997034930193843e-24 1.140106340333134450e-24 6.770023305303817197e-25 4.020082507461756643e-25 2.387150329912180582e-25 1.417504911159657382e-25 8.417233502150520285e-26 4.998206304043268540e-26 2.967966405041655036e-26 1.762397157222052436e-26
1.446715039321849041e-16 2.494153343563410435e-10 6.480427144283109576e-09 4.358703105808904812e-08 1.669752438976503451e-07 4.693134046604301313e-07 1.084524410642782581e-06 2.190126064861030273e-06 4.008534151616556697e-06 6.807621198450003908e-06 1.090048850431010203e-05 1.664378428559239563e-05 2.443237271212786996e-05 3.468430425245762127e-05 4.780084864810325087e-05 6.406681477217481089e-05 8.342280808295317437e-05 1.050077860444328915e-04 1.264170360870876700e-04 1.429686081185243586e-04 1.481609540937235323e-04 1.371182963051985684e-04 1.118645923467775021e-04 8.139759396550408008e-05 5.449627709513829923e-05 3.474331822824260161e-05 2.169918753263798839e-05 1.359166531989707132e-05 8.742471162513427266e-06 5.931472376265652869e-06 4.349898371118624186e-06 3.469344565057456103e-06 2.932680876295633108e-06 2.496675777480555957e-06 2.030237901159789599e-06 1.527593768042238614e-06 1.062284591021712721e-06 6.969525543637873142e-07 4.432885748252832154e-07 2.805535571315942378e-07 1.812541431622199439e-07 1.227755598146847346e-07 8.925030856970083497e-08 7.007468204338825194e-08 5.811003183556935770e-08 4.860713151045298245e-08 3.904465058778382053e-08 2.920719797718450747e-08 2.029914580793615821e-08 1.336078484554782913e-08 8.554843950583839192e-09 5.475514081082431824e-09 3.599885702964278589e-09 2.497232024631113732e-09 1.862811454830489672e-09 1.490424544662992752e-09 1.240583848627304173e-09 1.024373328021166629e-09 8.033775219019173431e-10 5.858581821420526870e-10 3.995464351306787909e-10 2.606844175791170910e-10 1.672867117053637589e-10 1.085761506152040020e-10 7.329176227889038876e-11 5.271998283492881581e-11 4.079792481926108297e-11 3.340807976519588524e-11 2.780244351251453385e-11 2.243253894909058343e-11 1.697240803372413543e-11 1.195377771726692461e-11 7.961423545058791624e-12 5.148179887347527669e-12 3.325199507352466488e-12 2.207111648142524350e-12 1.546272231731883910e-12 1.162899234438287481e-12 9.337386283143875384e-13 7.753920467690303694e-13 6.358761835706064677e-13 4.945508756936808594e-13 3.582247208013379541e-13 2.435178858534873968e-13 1.590589321255585310e-13 1.026901848476525445e-13 6.744112425728356424e-14 4.633164690374615526e-14 3.401763752370127774e-14 2.677599082508193949e-14 2.207248704839555118e-14 1.825400530150265641e-14 1.449099691531258254e-14 1.075254653029329749e-14 7.454351719818172112e-15 4.923865021984438167e-15 3.185556332317663388e-15 2.077721924757882234e-15 1.405689637262338136e-15 1.010720724487665855e-15 7.797818099436840989e-16 6.355236220866741191e-16 5.263557917745282160e-16 4.230756845547282033e-16 3.189655732872567986e-16 2.232908223506003699e-16 1.467600906823045580e-16 9.232768524335838640e-17 5.655512342923820198e-17 3.412560002897749539e-17 2.042492644906500163e-17 1.217243455461258716e-17 7.238046993418277413e-18 4.298925256326199060e-18 2.551739618164557022e-18 1.514178361830903155e-18 8.983536256354140568e-19 5.329434068425737998e-19 3.161519722353355842e-19 1.875429896389250473e-19 1.112501590368624762e-19 6.599298464811723955e-20 3.914655098561599191e-20 2.322140586330719430e-20 1.377473118603629082e-20 8.171044126888197060e-21 4.846987220986302500e-21 2.875187281367135113e-21 1.705533969212019805e-21 1.011706624248695696e-21 6.001347925065269186e-22 3.559942744808066718e-22 2.111724305902374331e-22 1.252654846375997428e-22 7.430629829497771807e-23 4.407779188425631809e-23 2.614652837237344922e-23 1.550987280800652058e-23 9.200309542726713221e-24 5.457536417271333266e-24 3.237358874348405678e-24 1.920370599448212667e-24 1.139145637640883048e-24 6.757303950200653383e-25 4.008368655112682594e-25 2.377726293456279816e-25 1.410444700334149404e-25 8.366624275362602434e-26 4.963002218271166105e-26 2.944005874758178597e-26
1.492019486794150019e-16 2.567299720812702997e-10 6.676279064198973079e-09 4.494349451642492967e-08 1.723216561628653732e-07 4.847612064821289186e-07 1.121191616316021887e-06 2.266122906016391013e-06 4.151183698744752984e-06 7.055898580825024493e-06 1.130767623304203807e-05 1.728037265012572708e-05 2.538931392426081358e-05 3.607692185374772054e-05 4.977411447650264675e-05 6.680336456357051150e-05 8.715521790796714407e-05 1.100325356359501240e-04 1.330886454055123561e-04 1.516034381267381958e-04 1.587300617774992063e-04 1.487735785008941815e-04 1.229287501878197823e-04 9.034919554575943361e-05 6.086297150605336694e-05 3.891116423679820711e-05 2.431125343771697108e-05 1.520520877979547691e-05 9.749651153002727614e-06 6.585088710778617016e-06 4.807122847982617166e-06 3.826356239386086599e-06 3.245745404933061492e-06 2.791197692657116459e-06 2.304016452367356338e-06 1.761245312012134395e-06 1.240303010368318005e-06 8.200308994464112947e-07 5.232059597089317858e-07 3.309316251079442157e-07 2.129802723846002324e-07 1.433220585395184462e-07 1.034021027750118809e-07 8.078976217921075201e-08 6.712696160778362778e-08 5.675932987185919298e-08 4.641537722920448852e-08 3.541759590083430939e-08 2.502232421443485898e-08 1.663844801858803582e-08 1.069593875235146417e-08 6.835656851139091993e-09 4.465400002945244303e-09 3.065967767768220493e-09 2.261954668613892983e-09 1.798311015767195791e-09 1.502002623668794658e-09 1.258549515299134537e-09 1.009437241656160436e-09 7.534986492366134353e-10 5.231968557992081178e-10 3.448189120782313788e-10 2.217946378088493584e-10 1.432765827939985463e-10 9.565749563225612545e-11 6.778715053305380031e-11 5.175956892026201278e-11 4.218849368262927642e-11 3.542108146147512241e-11 2.919911793050280014e-11 2.271087683141569002e-11 1.640347639621685376e-11 1.111218496784022477e-11 7.238282073887407459e-12 4.666433099184060755e-12 3.065502552541238662e-12 2.111244496172913966e-12 1.558048349089485249e-12 1.235612736100677973e-12 1.027845948021096796e-12 8.582081533546157047e-13 6.874022587841566327e-13 5.136929411330948697e-13 3.577288285438410265e-13 2.367453940529217723e-13 1.531356572444273624e-13 9.970512842338704231e-14 6.728157043306898561e-14 4.827679455347696603e-14 3.726805789603259246e-14 3.053925162358201612e-14 2.558235578423959272e-14 2.090744006365539484e-14 1.607771038135697154e-14 1.149760571739806720e-14 7.744604957726000718e-15 5.043131415456014564e-15 3.269434453761437048e-15 2.173423677971687005e-15 1.523073490872253245e-15 1.145478131538120766e-15 9.209149020246565916e-16 7.678565710341010404e-16 6.343179896757862418e-16 4.976176902539333491e-16 3.624507845604846275e-16 2.456425465028044487e-16 1.576174580762974035e-16 9.763318844459502846e-17 5.924829118652356855e-17 3.555125425731676434e-17 2.120432309358437498e-17 1.260741241150652706e-17 7.483693220461414940e-18 4.438509368721132269e-18 2.631281476354988093e-18 1.559547364707486642e-18 9.242268446835533278e-19 5.476864620788504131e-19 3.245425402633619379e-19 1.923109802918973002e-19 1.139548459323952236e-19 6.752421895429674932e-20 4.001154539483075431e-20 2.370885344585436045e-20 1.404867938829606170e-20 8.324541171833724055e-21 4.932703756752922981e-21 2.922871497233238582e-21 1.731946169667329690e-21 1.026263885181771948e-21 6.081121725579888973e-22 3.603365734257752215e-22 2.135172613326650180e-22 1.265195491107732595e-22 7.496909706863129939e-23 4.442290184972757309e-23 2.632276878530622642e-23 1.559754377961629078e-23 9.242316943236035438e-24 5.476530387251390129e-24 3.245115404071088145e-24 1.922891546466305761e-24 1.139408445939728218e-24 6.751559176907842517e-25 4.000633090060153115e-25 2.370573181971112195e-25 1.404681980219583170e-25 8.323436207577503291e-26 4.932048056227781037e-26
1.539176255761988733e-16 2.643055809147849823e-10 6.879233497256382439e-09 4.634996561919503424e-08 1.778684357893275618e-07 5.007974758629129987e-07 1.159278431706774100e-06 2.345109585996739393e-06 4.299534824128187627e-06 7.314255078935423691e-06 1.173164805781101434e-05 1.794359203323325322e-05 2.638685800510237215e-05 3.752940952721110573e-05 5.183320565197531757e-05 6.966009401534702843e-05 9.105292864014956822e-05 1.152826587161655015e-04 1.400698191332182220e-04 1.606753918528670919e-04 1.699320384794791774e-04 1.613076888082104672e-04 1.350397479799393988e-04 1.003032871878299865e-04 6.801810929963454048e-05 4.362118259009532063e-05 2.726867045035150054e-05 1.703083084166614146e-05 1.088588369034441562e-05 7.318451301908802565e-06 5.315988770180850994e-06 4.220096900479008806e-06 3.589206748900154829e-06 3.115672113774479111e-06 2.610275023361946016e-06 2.028309894038013801e-06 1.447905846293723252e-06 9.655747144690920181e-07 6.184110248079426404e-07 3.910777364761933715e-07 2.507793353276107408e-07 1.676474221857056088e-07 1.199777162081669953e-07 9.317269881511691746e-08 7.744088597864669161e-08 6.609153928094256688e-08 5.498517753670777521e-08 4.282513436127377060e-08 3.080256499777787350e-08 2.072577624294497200e-08 1.339392283803038229e-08 8.555130873900798848e-09 5.556340578644164912e-09 3.776278447309431725e-09 2.752878903330502706e-09 2.170155447736711501e-09 1.813748711888838918e-09 1.538528324412600585e-09 1.260945846475131734e-09 9.645778037695672215e-10 6.835394662094462034e-10 4.561772722209701311e-10 2.946997036706310632e-10 1.897705692225916855e-10 1.254374586419388408e-10 8.756020528801825477e-11 6.583805146878027004e-11 5.321876084517416227e-11 4.488941795628219887e-11 3.769503595426075097e-11 3.013347357349978808e-11 2.237445722332739514e-11 1.547190772483545362e-11 1.018618917183881515e-11 6.572847533406880108e-12 4.282729920131539875e-12 2.902567112492233236e-12 2.099351179344809998e-12 1.637739354147758519e-12 1.356754144994746494e-12 1.147213428292451745e-12 9.439863902072301052e-13 7.289259619831855875e-13 5.222474121727896265e-13 3.518921332105876344e-13 2.290290710918829149e-13 1.483647698670510102e-13 9.858572772719177853e-14 6.913523567901267000e-14 5.214656524551236802e-14 4.217707352948608375e-14 3.550613833782912681e-14 2.971368489894044264e-14 2.367294718904792964e-14 1.753917805035466389e-14 1.212323227671369536e-14 7.993967730860829892e-15 5.178185543346701222e-15 3.396466333672282821e-15 2.323808511911875460e-15 1.698967999184134453e-15 1.336888327741540356e-15 1.110607115410904277e-15 9.346496056064957725e-16 7.603548184518331982e-16 5.779209388445517440e-16 4.064365156589605506e-16 2.676320505631014353e-16 1.683760637543730557e-16 1.030325467620128378e-16 6.207046808352558157e-17 3.707976834011072243e-17 2.205260325352196927e-17 1.308509582314116625e-17 7.754830036869248403e-18 4.593012812160520320e-18 2.719464189351530990e-18 1.609891982407481080e-18 9.529556400208077230e-19 5.640650828162054615e-19 3.338686725390729402e-19 1.976136260082690842e-19 1.169648529352069675e-19 6.922970035950254667e-20 4.097592673754704715e-20 2.425295891235544402e-20 1.435491004989039465e-20 8.496422772977399489e-21 5.028884924316850850e-21 2.976509357924225828e-21 1.761743961239487136e-21 1.042745496340256329e-21 6.171828503609538853e-22 3.652997497221075329e-22 2.162145411369619568e-22 1.279736100787365401e-22 7.574534431499418630e-23 4.483234613447243998e-23 2.653548251285477869e-23 1.570588855644608432e-23 9.296041073062539238e-24 5.502164320012898480e-24 3.256634944487091400e-24 1.927545333930848952e-24 1.140880411122138040e-24 6.752671854542707579e-25 3.996788509167536966e-25 2.365629299201904998e-25 1.400174657329073574e-25 8.287389202051254803e-26
1.588238028429880844e-16 2.721462006477953965e-10 7.089408267064022270e-09 4.780732932180014648e-08 1.836193488716466292e-07 5.174339148250637767e-07 1.198814611114492620e-06 2.427151920922188383e-06 4.453718920870393527e-06 7.582933217642695953e-06 1.217282450893105958e-05 1.863413518022775462e-05 2.742609846176813872e-05 3.904343116009962629e-05 5.398057188820317695e-05 7.264049929824053869e-05 9.512078363968444450e-05 1.207646628053524163e-04 1.473691102662232674e-04 1.701961959182943457e-04 1.817868665311750994e-04 1.747632466346284445e-04 1.482773774634031617e-04 1.113645859080242999e-04 7.606025995948167561e-05 4.894750031569479546e-05 3.062044072324850629e-05 1.909882674852078808e-05 1.216933776328661179e-05 8.142380085055173007e-06 5.883022555290258727e-06 4.654652342972258939e-06 3.965846103781085772e-06 3.472430878237608816e-06 2.951803692941019830e-06 2.332661333044900312e-06 1.689587959509615611e-06 1.137633325506524426e-06 7.319214125081009642e-07 4.629985596179559744e-07 2.959081358107767262e-07 1.965189735571337727e-07 1.394449201117997099e-07 1.075146635703701379e-07 8.924322086046697363e-08 7.674836173157222459e-08 6.489935257842135348e-08 5.161134016389334521e-08 3.784790888554279690e-08 2.581410554889107022e-08 1.679475997900900033e-08 1.073283173821876865e-08 6.935529498417452716e-09 4.666947965231329569e-09 3.359447452917268768e-09 2.620933498297412330e-09 2.185754547633190624e-09 1.871900638149552794e-09 1.565480965530069241e-09 1.228068834789175402e-09 8.901856197173275007e-10 6.031689397150205933e-10 3.922367445919323739e-10 2.522267275090837022e-10 1.652697266275923724e-10 1.136717735715295125e-10 8.404559886511197647e-11 6.714341369013639129e-11 5.664837528781548933e-11 4.827950949223297907e-11 3.961733742017935762e-11 3.029403193047554126e-11 2.145929690302990188e-11 1.433225503949728143e-11 9.285569597735023736e-12 6.016270499049943946e-12 4.019007845780617357e-12 2.848001954123206867e-12 2.178455283792432803e-12 1.787139106670276500e-12 1.521046019321127410e-12 1.280678904569872105e-12 1.021869965978613297e-12 7.560060850737145643e-13 5.212788096721270682e-13 3.430178851419162105e-13 2.219873815423287275e-13 1.457162170635525806e-13 1.000008881311327594e-13 7.353278470418797779e-14 5.833869586872304589e-14 4.894765067664226324e-14 4.164684485451684362e-14 3.427905817733655557e-14 2.638224292824913149e-14 1.882631696726028524e-14 1.265381787683073295e-14 8.238467155302697425e-15 5.358557447724882267e-15 3.591237665989228402e-15 2.551097743181679943e-15 1.953219660094787827e-15 1.600508250688641618e-15 1.357816876459568407e-15 1.137800177153745714e-15 9.023425103941527018e-16 6.620526559453235723e-16 4.504776059728779094e-16 2.894581004196986741e-16 1.792519382931034239e-16 1.086441451514868030e-16 6.507628387298916441e-17 3.873576907413731861e-17 2.298128202855306919e-17 1.361115716218636147e-17 8.054381635844613369e-18 4.763992141816048951e-18 2.817132958689073370e-18 1.665676347665542367e-18 9.847963596618869780e-19 5.822212043979865825e-19 3.442089966557904515e-19 2.034944552480355396e-19 1.203042438844890996e-19 7.112270680871353338e-20 4.204700477331549923e-20 2.485773586877133486e-20 1.469562043314837216e-20 8.687887853811492228e-21 5.136182489192129028e-21 3.036453706548134572e-21 1.795117462343295598e-21 1.061253347406176472e-21 6.274010938299843157e-22 3.709124989226838900e-22 2.192793142071491924e-22 1.296354739438953173e-22 7.663903983043080292e-23 4.530814171269201058e-23 2.678566576104639560e-23 1.583538549769812759e-23 9.361702489945473970e-24 5.534533625405784639e-24 3.271954271488445160e-24 1.934342706944600090e-24 1.143561736330443617e-24 6.760608862647689917e-25 3.996796214984529598e-25 2.362861142931203316e-25 1.396897034640095073e-25
1.639259943096364544e-16 2.802559633311931905e-10 7.306923896471850764e-09 4.931649101676268677e-08 1.895782495072875112e-07 5.346825047902042345e-07 1.239830618356941666e-06 2.512317338642331413e-06 4.613870691270663105e-06 7.862181661670427583e-06 1.263163693706552727e-05 1.935271314539627245e-05 2.850815808336419087e-05 4.062069557770607066e-05 5.621872927285993793e-05 7.574817502479703102e-05 9.936376023066477404e-05 1.264852192775788346e-04 1.549952106276151239e-04 1.801774914646498533e-04 1.943138020541933459e-04 1.891819550299441691e-04 1.627238700932230370e-04 1.236465288672794667e-04 8.509987617427732963e-05 5.497476860160422924e-05 3.442303214055845631e-05 2.144422309521265275e-05 1.362101881109727438e-05 9.069353316822373697e-06 6.515713025638021067e-06 5.134667706098122523e-06 4.378762808595865746e-06 3.863959837930040141e-06 3.331466819851153989e-06 2.678387912100954297e-06 1.970361043321562553e-06 1.340925620678622598e-06 8.673495795742377306e-07 5.491299291670063114e-07 3.499011281170400931e-07 2.308741895916499765e-07 1.623733464566288232e-07 1.241674452415704901e-07 1.027612408472398482e-07 8.889440092566192742e-08 7.631366201306893330e-08 6.197093276309170194e-08 4.639477019588002089e-08 3.213384386474100614e-08 2.108116636155613128e-08 1.349524493160480572e-08 8.684119898417741175e-09 5.788206734930220951e-09 4.112474594586341723e-09 3.169806115702267653e-09 2.630455220608679860e-09 2.267685950695242001e-09 1.931443757055566134e-09 1.553949957184398607e-09 1.154547659053434299e-09 7.964514891116366575e-10 5.226589573585052669e-10 3.362980041900067238e-10 2.187715053753371004e-10 1.483658168535500082e-10 1.077671483133861006e-10 8.483265440232211583e-11 7.127405909782183677e-11 6.138928224388617077e-11 5.159163155979194401e-11 4.066221625774618115e-11 2.960391884582187062e-11 2.013695696665802865e-11 1.314508221122848812e-11 8.493622888553211716e-12 5.604613287929568226e-12 3.893265823328955054e-12 2.913216704251483877e-12 2.354412396003660677e-12 2.004050192846679632e-12 1.717499807024752378e-12 1.413668168121030852e-12 1.082749652727289610e-12 7.678363576037158123e-13 5.135307962251801480e-13 3.335401150031814407e-13 2.171131460254504424e-13 1.461617000562242014e-13 1.047051642969516451e-13 8.108265164420102112e-14 6.725693916793024594e-14 5.769728513009885149e-14 4.880577993289377219e-14 3.903055421092671433e-14 2.890227092902627586e-14 1.993967105623537654e-14 1.313476798912714731e-14 8.520710642068534744e-15 5.618975767077385144e-15 3.884565689862340536e-15 2.883708244691874080e-15 2.310305543186024878e-15 1.953725398932214777e-15 1.670428885547132637e-15 1.377055912001034909e-15 1.057347771717718511e-15 7.485650637340854755e-16 4.945874816016267378e-16 3.114560580954047060e-16 1.904745140089636761e-16 1.145820770673308470e-16 6.831832601840293618e-17 4.054386893781612259e-17 2.400241811660169828e-17 1.419178016016958094e-17 8.385628967472583199e-18 4.953226660790218927e-18 2.925265083911742207e-18 1.727440910307617253e-18 1.020048832108364345e-18 6.023213453247087829e-19 3.556559790999700399e-19 2.100047674601985889e-19 1.240014397766402909e-19 7.321895706072463092e-20 4.323345579865605396e-20 2.552796274190193898e-20 1.507343577432240058e-20 8.900374805905671991e-21 5.255382214786982486e-21 3.103132378062198533e-21 1.832298771413497133e-21 1.081912836997831167e-21 6.388343424552130046e-22 3.772109009490025836e-22 2.227307677990383696e-22 1.315152737160991466e-22 7.765549135699372418e-23 4.585304175126041702e-23 2.707472969225908121e-23 1.598674722262793535e-23 9.439654233200355833e-24 5.573808780487461716e-24 3.291152785226117362e-24 1.943318668119860321e-24 1.147466463060122615e-24 6.775416227127977932e-25 4.000662897665190986e-25 2.362261311218868590e-25
1.692299856098421051e-16 2.886390916532718049e-10 7.531903556212089084e-09 5.087837674453349175e-08 1.957490804738057863e-07 5.525554992572723319e-07 1.282357638240691040e-06 2.600674859643556473e-06 4.780128044659037228e-06 8.152255201708611120e-06 1.310852744038015977e-05 2.010005493661754891e-05 2.963418885784365803e-05 4.226295707332323846e-05 5.855026302998369875e-05 7.898681358006653572e-05 1.037869702366583886e-04 1.324511653892892962e-04 1.629569563916231673e-04 1.906308206503103033e-04 2.075313093017226913e-04 2.046042171221516056e-04 1.784632733074116844e-04 1.372714092960041876e-04 9.526049221406482804e-05 6.179965578403494037e-05 3.874158290656746362e-05 2.410758035155388055e-05 1.526525667909446647e-05 1.011379146749964876e-05 7.222673430265222821e-06 5.665439823288413170e-06 4.831427913637043267e-06 4.292926430613596134e-06 3.752194182082162739e-06 3.069753181465823778e-06 2.295758726903767739e-06 1.580921960180586803e-06 1.029012520977593239e-06 6.524298505946723563e-07 4.146348254084867017e-07 2.718611738423046179e-07 1.894587643587322375e-07 1.435577563481258387e-07 1.182665611190631120e-07 1.027192550755378358e-07 8.939601949170636277e-08 7.410995659952804642e-08 5.670722274351089402e-08 3.995927625101152630e-08 2.648060857792027801e-08 1.700391379435517416e-08 1.090705452630556654e-08 7.205278199454207212e-09 5.051902413900908993e-09 3.841425007281455967e-09 3.163573043786618152e-09 2.736799513963185671e-09 2.368240713905369627e-09 1.953120805834285413e-09 1.489852371586321473e-09 1.049306144144631202e-09 6.967980501740719002e-10 4.496288088724783276e-10 2.909064122812861311e-10 1.947361848774173965e-10 1.389073771580047251e-10 1.074711978727454473e-10 8.953164736745931025e-11 7.757011417105964330e-11 6.654777089670166395e-11 5.404818136958515738e-11 4.055515313413114288e-11 2.821068103310108713e-11 1.862729685868750942e-11 1.204240127729133916e-11 7.869728254730611219e-12 5.365926505021483047e-12 3.922856018907599345e-12 3.109385125670141458e-12 2.629811907051016350e-12 2.279767874417884643e-12 1.928998653950468383e-12 1.531084308917651050e-12 1.121797699142604082e-12 7.668410652337835573e-13 5.024519811179891408e-13 3.257631940918706000e-13 2.158445796382560563e-13 1.507648994837010208e-13 1.135800755014157177e-13 9.245979617320561049e-14 7.925749670219452976e-14 6.839856155913484460e-14 5.669648487311697024e-14 4.371392482111509678e-14 3.116674618870481201e-14 2.092319156063059688e-14 1.362561489265588015e-14 8.890258263561239728e-15 6.002072074461600604e-15 4.316000039496264108e-15 3.357788990062166443e-15 2.799556590262488634e-15 2.414777126638833178e-15 2.054067578156424480e-15 1.650004379160606233e-15 1.222394095100398507e-15 8.367606894315064882e-16 5.391532441226266353e-16 3.340382079996802034e-16 2.022758064752364739e-16 1.209577177950702060e-16 7.184911545571847194e-17 4.252969434041240337e-17 2.512907423167076647e-17 1.483386460065882300e-17 8.752304540276608684e-18 5.162764566445352280e-18 3.044993375821162538e-18 1.795814663297823466e-18 1.059062865060883027e-18 6.245600961078902367e-19 3.683178073808136570e-19 2.172046501609551659e-19 1.280897682327149510e-19 7.553690707477255822e-20 4.454548213066315385e-20 2.626926832699382194e-20 1.549145499840111258e-20 9.135585809823133984e-21 5.387416734808333683e-21 3.177054971303412944e-21 1.873565504350324939e-21 1.104874704870528480e-21 6.515641465463822361e-22 3.842388954590089279e-22 2.265924689251507786e-22 1.336255843749805467e-22 7.880136916761165391e-23 4.647056034055486602e-23 2.740451087337453115e-23 1.616092447935099006e-23 9.530382834715919061e-24 5.620235221766781064e-24 3.314352056533027808e-24 1.954531993974926719e-24 1.152622066184759352e-24 6.797216067836910490e-25 4.008438466371579920e-25
1.747418450124902750e-16 2.972998890944783764e-10 7.764473031563201603e-09 5.249393207131713501e-08 2.021358689104361975e-07 5.710654272853872895e-07 1.326427544428269478e-06 2.692295090738725191e-06 4.952632128346783225e-06 8.453414650281685700e-06 1.360394881337481910e-05 2.087690746243593242e-05 3.080537134987176547e-05 4.397201448941452911e-05 6.097782527490399338e-05 8.236020517379515353e-05 1.083956604391009721e-04 1.386695064545686413e-04 1.712633344696174787e-04 2.015676657383168671e-04 2.214570121543145192e-04 2.210687519111012990e-04 1.955806999670853729e-04 1.523703516010527226e-04 1.066799623857340112e-04 6.953253437323862242e-05 4.365130738114778985e-05 2.713594200529486096e-05 1.713028558900266249e-05 1.129239495088276352e-05 8.013833873181387647e-06 6.253026582359138759e-06 5.327747584945892349e-06 4.762214516674562264e-06 4.216977624339700621e-06 3.511148470565344517e-06 2.671823547891979858e-06 1.863924251402220205e-06 1.222057212573171443e-06 7.764909272074647471e-07 4.924075753519187817e-07 3.208893087593829717e-07 2.215535695456467378e-07 1.662051844372791220e-07 1.360857376238242451e-07 1.184438634175904105e-07 1.043292932152609941e-07 8.824399145462479064e-08 6.907469291762300140e-08 4.961247169704484198e-08 3.327427814181050085e-08 2.146468703964439783e-08 1.374012233350899089e-08 9.003054297663423604e-09 6.229693660766406815e-09 4.667669378476736150e-09 3.805157347563943690e-09 3.292681965969238763e-09 2.886591489392189212e-09 2.437340663987661363e-09 1.911029377962591591e-09 1.377947947462704070e-09 9.287105751594826644e-10 6.025112771973052227e-10 3.884849854981973517e-10 2.570596125964575519e-10 1.800980156020336319e-10 1.366837056949649421e-10 1.124512085681099674e-10 9.752270291271103498e-11 8.506017654177371626e-11 7.108643153658773180e-11 5.508203473426968605e-11 3.934186130222232582e-11 2.638811631787404213e-11 1.713179767660395292e-11 1.112147545769714641e-11 7.458259119218390482e-12 5.325961931492473134e-12 4.125778620861511826e-12 3.445733165408312415e-12 3.000812915823630764e-12 2.597042378943206499e-12 2.134255256321240651e-12 1.621352461811297985e-12 1.139329757056567350e-12 7.573969970002011033e-13 4.915409543624211894e-13 3.218589036111576605e-13 2.196907545487386119e-13 1.607638305102201562e-13 1.276524911190241951e-13 1.083634981735555773e-13 9.457121608313074593e-14 8.083019494345583001e-14 6.494161493826275323e-14 4.813271610520230970e-14 3.318527216343680916e-14 2.185265680098616860e-14 1.419716440469869668e-14 9.406506660541255307e-15 6.562065279106053173e-15 4.936678575351274873e-15 4.018623957849071234e-15 3.454826005934021668e-15 3.001234625252710027e-15 2.511125717999579127e-15 1.952740178294950342e-15 1.395230587009984146e-15 9.267380703252851179e-16 5.848247494532728872e-16 3.576563550095055701e-16 2.148884639799355818e-16 1.278828765287503060e-16 7.572317366555226388e-17 4.472087743185213529e-17 2.637576905798856040e-17 1.554523742992877576e-17 9.158695494927552274e-18 5.394975336627041160e-18 3.177633561600371767e-18 1.871529743297172279e-18 1.102246105975219711e-18 6.491643741130953374e-19 3.823206983698889424e-19 2.251642317058953581e-19 1.326081428360558986e-19 7.809811780393026382e-20 4.599501080180332039e-20 2.708823885082563534e-20 1.595330823480661882e-20 9.395517627658464325e-21 5.533381974939041708e-21 3.258821568075965195e-21 1.919245400566103651e-21 1.130317450983149540e-21 6.656874290600668327e-22 3.920489347262215299e-22 2.308926988734361412e-22 1.359815922181393596e-22 8.008479050426133479e-23 4.716501376968037976e-23 2.777729091573373621e-23 1.635911513481227424e-23 9.634512192045107755e-24 5.674134842435736081e-24 3.341716276676388064e-24 1.968065261731244845e-24 1.159069338549746402e-24 6.826205195977290263e-25
1.804679386583298301e-16 3.062427699653900427e-10 8.004760645750748558e-09 5.416412221915387371e-08 2.087427261216085373e-07 5.902250774342263524e-07 1.372072912188825196e-06 2.787250169531395812e-06 5.131527241364094515e-06 8.765926744516259626e-06 1.411836431241753000e-05 2.168403546318962340e-05 3.202291504617638297e-05 4.574971133529340820e-05 6.350413500908229023e-05 8.587223753223786405e-05 1.131952130610766242e-04 1.451474182312719732e-04 1.799234902218245784e-04 2.129994427706099829e-04 2.361076609785692627e-04 2.386122262091448657e-04 2.141614561688350037e-04 1.690830821460020711e-04 1.195117110332871816e-04 7.829937843479352908e-05 4.923913629881330773e-05 3.058395872386716273e-05 1.924893498895519897e-05 1.262454693836268915e-05 8.900670576335370160e-06 6.904376724043390292e-06 5.872138068386322084e-06 5.274967515409172292e-06 4.728875264737798522e-06 4.007039458981535545e-06 3.105071566157649468e-06 2.197138641050112573e-06 1.452601747530418128e-06 9.256756381477359071e-07 5.860383390237584622e-07 3.796927569457704916e-07 2.597051791595368781e-07 1.927447915917366670e-07 1.566135530798889399e-07 1.363285030120805954e-07 1.213154681309227874e-07 1.045969375816129266e-07 8.380797985909629291e-08 6.146552884082744926e-08 4.180671521723077463e-08 2.713899781355326664e-08 1.735903757438318146e-08 1.129225833917725648e-08 7.713684572695425589e-09 5.689964917440997725e-09 4.580967838203195426e-09 3.952138910377768285e-09 3.498999234951631460e-09 3.019250110430903367e-09 2.434473883620703220e-09 1.801694651359393627e-09 1.236375048473601857e-09 8.087140507700842027e-10 5.208406952031274620e-10 3.412596913013163342e-10 2.349906887350146146e-10 1.747126287891531570e-10 1.414347757021240290e-10 1.221681072779447599e-10 1.078220591778326019e-10 9.247871870366517310e-11 7.406246469073051564e-11 5.451695205532884556e-11 3.731455063158306917e-11 2.442805617470157180e-11 1.580745707693588506e-11 1.045361541513426593e-11 7.297480130905596401e-12 5.511541610799286653e-12 4.519892308331437602e-12 3.926174961564864702e-12 3.453564831079947176e-12 2.930056760482110553e-12 2.312493462457567769e-12 1.679512362916446190e-12 1.139790636393092287e-12 7.445782519074572309e-13 4.841176013727450905e-13 3.240068124473594026e-13 2.303676186301246923e-13 1.776338492603222599e-13 1.480805549757969330e-13 1.294384165491828329e-13 1.132121214318304565e-13 9.456880912250401593e-14 7.315664746831975162e-14 5.219426788925624575e-14 3.503358470470331330e-14 2.282654752011726159e-14 1.493309512288502261e-14 1.014355445402906971e-14 7.369312952796250099e-15 5.812446387796745286e-15 4.921676934178651135e-15 4.313412969380947983e-15 3.728122547009207287e-15 3.040508726519200569e-15 2.281067942330069681e-15 1.574844126233978446e-15 1.019285283632131464e-15 6.324212117747595515e-16 3.827850263859447568e-16 2.285492322903813918e-16 1.354736979341610232e-16 7.999911846419412046e-17 4.714804769372327160e-17 2.775894613343082409e-17 1.633488246228238238e-17 9.609760449991017561e-18 5.652610890211925460e-18 3.324716897972873866e-18 1.955439011717653450e-18 1.150073574873916401e-18 6.763986062337524072e-19 3.978117180947302844e-19 2.339652148832289356e-19 1.376018962733113784e-19 8.092770708482203924e-20 4.759593818281978679e-20 2.799255009624328226e-20 1.646322799946719977e-20 9.682499844470555394e-21 5.694557633196207491e-21 3.349133663265654683e-21 1.969722133468707024e-21 1.158450410747703132e-21 6.813181050257393803e-22 4.007028314966417215e-22 2.356648941134248917e-22 1.386013223153762343e-22 8.151543579212414379e-23 4.794157920594738580e-23 2.819582566572358803e-23 1.658277841742462060e-23 9.752810337892123781e-24 5.735909091466902357e-24 3.373453595999307025e-24 1.984025371195343100e-24 1.166862552433306098e-24
1.864149471044901663e-16 3.154722118928688479e-10 8.252897221450798208e-09 5.588993140794044501e-08 2.155738475698829954e-07 6.100475046169600963e-07 1.419326981621787668e-06 2.885613788035227246e-06 5.316960805841420607e-06 9.090064155192944048e-06 1.465224771600666780e-05 2.252222121013367173e-05 3.328805775392055307e-05 4.759793549446525045e-05 6.613197839814947965e-05 8.952689592179093471e-05 1.181911462304625064e-04 1.518922494641601194e-04 1.889467358057782622e-04 2.249375264713769152e-04 2.514991259385768131e-04 2.572689071082900165e-04 2.342900503666477639e-04 1.875574515009289362e-04 1.339259549202436437e-04 8.824388492978988915e-05 5.560562925588916940e-05 3.451522154595213366e-05 2.165945422710631023e-05 1.413279496619728941e-05 9.896479684278524364e-06 7.627484372182130595e-06 6.469614520996319128e-06 5.834640917837287083e-06 5.291025213841609095e-06 4.561910359604587014e-06 3.602431018138504801e-06 2.588733347941255872e-06 1.727890844888041241e-06 1.105278121238114694e-06 6.989888995585025730e-07 4.504101890634264808e-07 3.052045092507412387e-07 2.239556616789759840e-07 1.803297308029964197e-07 1.566828225304319273e-07 1.405814187659912842e-07 1.234009513381630963e-07 1.012338101750705308e-07 7.594027775072589939e-08 5.249545517433450539e-08 3.435734310841270118e-08 2.199104237300747712e-08 1.421756040355390787e-08 9.592725482021927976e-09 6.962390976426065874e-09 5.524323448145033486e-09 4.736457186716020686e-09 4.220422045961772515e-09 3.712547348929648501e-09 3.077724385319084496e-09 2.342909736554099787e-09 1.642366769828712061e-09 1.086493555108239741e-09 7.007313413805273142e-10 4.555510034260672761e-10 3.086709709759880878e-10 2.246713019046244728e-10 1.784083797699336482e-10 1.527402196096180860e-10 1.357009722985502396e-10 1.190096607014936160e-10 9.846464472796242486e-11 7.492406938824399433e-11 5.257671507740732716e-11 3.486557202660695061e-11 2.257735501468920194e-11 1.477001284777936298e-11 1.009667766540623326e-11 7.425980597201882422e-12 5.951391520387589024e-12 5.119944785641383354e-12 4.544618729552870903e-12 3.961605858390740548e-12 3.248054393635321173e-12 2.449131259871425201e-12 1.707703555250062552e-12 1.129894691084423429e-12 7.334322664859450015e-13 4.834037663370094376e-13 3.345912726780537051e-13 2.499234902610377587e-13 2.031210381281900478e-13 1.760963065499557286e-13 1.561588187054281095e-13 1.348993921028624831e-13 1.090494219916785806e-13 8.104689438592473652e-14 5.592254452255761890e-14 3.683722202763159412e-14 2.396317356629169208e-14 1.593538040382815396e-14 1.119677638325421092e-14 8.515717465063168747e-15 7.027084435451173001e-15 6.133005634040557228e-15 5.414123122561342944e-15 4.606167525513094178e-15 3.638459124545869857e-15 2.631823040398140941e-15 1.761628578048732485e-15 1.115719699981033978e-15 6.828724025880868240e-16 4.099198597689647670e-16 2.435055056645155784e-16 1.438549589034136310e-16 8.474182126414002593e-17 4.984587181210105352e-17 2.929748596601436902e-17 1.721320111182414379e-17 1.011126597057149840e-17 5.938878362245125656e-18 3.488029418224244662e-18 2.048537350668765177e-18 1.203099254072964501e-18 7.065710428615451641e-19 4.149622211636155240e-19 2.437027489663741577e-19 1.431237979975140105e-19 8.405490198018384441e-20 4.936442922794567530e-20 2.899112919884966651e-20 1.702613648160848976e-20 9.999241843960528652e-21 5.872432394036805252e-21 3.448807659042428704e-21 2.025442509148989166e-21 1.189517581586102555e-21 6.985891074943562040e-22 4.102728267953483469e-22 2.409482062207534351e-22 1.415059303871061068e-22 8.310469974637946860e-23 4.880637228858519956e-23 2.866338466013648375e-23 1.683365473883487653e-23 9.886199247706830495e-24 5.806043730920939076e-24 3.409818370098290252e-24 2.002544564920160483e-24
1.925898832990830497e-16 3.249927836354386903e-10 8.509015782992012227e-09 5.767236228570819494e-08 2.226335093178451158e-07 6.305460158147169348e-07 1.468223669695751350e-06 2.987461144488433355e-06 5.509083316575581281e-06 9.426105345477622040e-06 1.520608312197718131e-05 2.339226442871417052e-05 3.460206534195454242e-05 4.951861881462694368e-05 6.886420799369706418e-05 9.332826301520020715e-05 1.233891144520727994e-04 1.589115244116604962e-04 1.983425606955616820e-04 2.373932745704130591e-04 2.676463773251976357e-04 2.770703491934269698e-04 2.560490996285092738e-04 2.079486607866491753e-04 1.501108446268473965e-04 9.952982865107473480e-05 6.286720235798367467e-05 3.900384499568558408e-05 2.440649923021155239e-05 1.584342834696991108e-05 1.101670525620310021e-05 8.431573551424920184e-06 7.125896447569699285e-06 6.445065465670142724e-06 5.906670607101331738e-06 5.180210364267297214e-06 4.171152897791700201e-06 3.047872193061862947e-06 2.056462436201527166e-06 1.321716114946718764e-06 8.355148282128879528e-07 5.356850105966457252e-07 3.596473418650585600e-07 2.607970845447066287e-07 2.078200451025624503e-07 1.798784290699304699e-07 1.623865564945973222e-07 1.448981213859164366e-07 1.216885040439232105e-07 9.350456200542283912e-08 6.583967769488135089e-08 4.353495061804938524e-08 2.792959576829712130e-08 1.796824188129317000e-08 1.198354902566939151e-08 8.555857564962755027e-09 6.678585173474448482e-09 5.672892214717776608e-09 5.069192247209246304e-09 4.532389197033768015e-09 3.859146083197885798e-09 3.026651046164608769e-09 2.174389151680675612e-09 1.459768046619307888e-09 9.455191907177615421e-10 6.113280657517871950e-10 4.082437372444632611e-10 2.909052578002315616e-10 2.260391445754409102e-10 1.909167230446193372e-10 1.698199779324739783e-10 1.515843743355927706e-10 1.293297609156822411e-10 1.019333939784911957e-10 7.366982537145811873e-11 4.973229761799928925e-11 3.236758865344731665e-11 2.102377395447278655e-11 1.410913224213442374e-11 1.010577700779647420e-11 7.886071435205215756e-12 6.674308065703938452e-12 5.932452059032758371e-12 5.279875498059713924e-12 4.486566719083567307e-12 3.522568414726537056e-12 2.539407414100884586e-12 1.713321918914411952e-12 1.117060494852319716e-12 7.288142437233586931e-13 4.927654058752251877e-13 3.564093318109241391e-13 2.808421532204205382e-13 2.392328293044995226e-13 2.128958669739064500e-13 1.886880743562999029e-13 1.590390670312921502e-13 1.236919885018954935e-13 8.847690937165011867e-14 5.944435360604516951e-14 3.875954898879810204e-14 2.540453562764387445e-14 1.733292891686669813e-14 1.269110821374418153e-14 1.012099125039194256e-14 8.685415166759184979e-15 7.728746666105670422e-15 6.794571950960737060e-15 5.640967978412855446e-15 4.300372071727964043e-15 3.003879231617950909e-15 1.957293292745349644e-15 1.217747303330791830e-15 7.371941272503081689e-16 4.395860312694711920e-16 2.600237033081930331e-16 1.531646990622177603e-16 9.002470875897056549e-17 5.285419737043184655e-17 3.101328933079225649e-17 1.819231764344195089e-17 1.066994928897357130e-17 6.257527843219186992e-18 3.669659545316853047e-18 2.151987583769184713e-18 1.261970217343901230e-18 7.400414602998210124e-19 4.339720471660002224e-19 2.544877136197417104e-19 1.492352956108365801e-19 8.751371248225061493e-20 5.131928247545283501e-20 3.009435203156480120e-20 1.764775207118055867e-20 1.034889017629901771e-20 6.068734750118917535e-21 3.558791382284094277e-21 2.086925293608190002e-21 1.223802326082170447e-21 7.176548850194897637e-22 4.208429112369235847e-22 2.467881980326817644e-22 1.447200678734884636e-22 8.486588179852703039e-23 4.976654584914433013e-23 2.918380193793396948e-23 1.711379162467207612e-23 1.003576793707861076e-23 5.885115367499753561e-24 3.451114364726981738e-24
1.990001121523438554e-16 3.348091365082674061e-10 8.773252443172529423e-09 5.951243635523967278e-08 2.299260658357017784e-07 6.517341759184795716e-07 1.518797546408152738e-06 3.092868913434870376e-06 5.708048306439399955e-06 9.774334518504701849e-06 1.578036479150064772e-05 2.429498211370153315e-05 3.596623171863422410e-05 5.151373658220999324e-05 7.170374247492428978e-05 9.728051857011979161e-05 1.287949089686751228e-04 1.662129462322088527e-04 2.081206402121906678e-04 2.503780526470169481e-04 2.845635495988712888e-04 2.980451315236386971e-04 2.795181530225780914e-04 2.304181459811699710e-04 1.682734552982362937e-04 1.123436520196801144e-04 7.115871890207361181e-05 4.413634898413438200e-05 2.754231553844992353e-05 1.778717226561748555e-05 1.227933332974805587e-05 9.327319217071537204e-06 7.847533189013839507e-06 7.110522634383628514e-06 6.579197371579158285e-06 5.866307730970901288e-06 4.818693506204360328e-06 3.584712532969045816e-06 2.448319253814535879e-06 1.582756315445619315e-06 1.000851531531608320e-06 6.387914784884424284e-07 4.250122027857886130e-07 3.044545730361387352e-07 2.398030937575096776e-07 2.063647159300190750e-07 1.870326621805569802e-07 1.693444183547602865e-07 1.455117220060244262e-07 1.146644480322286085e-07 8.242637761096422042e-08 5.518929017545337753e-08 3.555273193677909009e-08 2.279216101562313385e-08 1.503995345783869789e-08 1.056373722697722689e-08 8.100505981028975521e-09 6.796659862254090512e-09 6.068248253461137787e-09 5.496077167201360456e-09 4.797754988511279211e-09 3.880010849641618196e-09 2.865492206358653252e-09 1.959380963073516172e-09 1.278676260624765650e-09 8.243809346754842544e-10 5.436593567182099353e-10 3.795092390659546226e-10 2.880469068773126309e-10 2.390057543681132622e-10 2.116730510624695987e-10 1.912955358978556888e-10 1.677705959223586702e-10 1.370538080028504213e-10 1.024300622728256071e-10 7.076220088297298837e-11 4.651335139531888668e-11 3.012111091919754369e-11 1.990954342174974197e-11 1.390457682725901561e-11 1.054052391799686704e-11 8.724013829517150414e-12 7.704487035692669257e-12 6.948837687127469823e-12 6.092283936374958251e-12 4.984331284188189318e-12 3.735187328869264575e-12 2.588240594104532544e-12 1.706451653807375042e-12 1.108634390637401956e-12 7.355929660997460291e-13 5.160187411718898122e-13 3.928696018633983512e-13 3.261109434358743257e-13 2.881709756716051053e-13 2.594728647043883602e-13 2.267513660812368072e-13 1.848090504427875544e-13 1.380486993276540870e-13 9.549164988304273583e-14 6.296691597771552071e-14 4.099932335959255411e-14 2.732615113228982251e-14 1.929327020129040012e-14 1.479123483830483678e-14 1.233973400741260557e-14 1.091599676439027015e-14 9.793376483725000837e-15 8.488326379845505024e-15 6.833805759557133962e-15 5.023040221546701068e-15 3.398645886525703600e-15 2.164659821614137196e-15 1.327375363238531118e-15 7.964909061873803059e-16 4.723532108585934361e-16 2.783989899683295343e-16 1.635592947638491070e-16 9.593232218805543333e-17 5.621936275002295170e-17 3.293196287846540927e-17 1.928644445084265955e-17 1.129371516421026040e-17 6.612959175130988384e-18 3.872056225560297760e-18 2.267152165968537229e-18 1.327443909030967297e-18 7.772305781090839381e-19 4.550746487493979307e-19 2.664495081012313706e-19 1.560080298970997019e-19 9.134375321840465917e-20 5.348237499437626496e-20 3.131428372128582626e-20 1.833471912903036317e-20 1.073509843620236184e-20 6.285470549852494941e-21 3.680184213843375301e-21 2.154771977454606854e-21 1.261633113325675663e-21 7.386944548887971225e-22 4.325104435503441888e-22 2.532376986165053729e-22 1.482723317994039884e-22 8.681442177029740004e-23 5.083041276544813895e-23 2.976153972086273592e-23 1.742557650742511690e-23 1.020278921932899389e-23 5.973799937662507655e-24
2.056533718383606978e-16 3.449260023644490286e-10 9.045744984053395609e-09 6.141119241785486715e-08 2.374559519550233878e-07 6.736257946197006003e-07 1.571083817072661596e-06 3.201915223154235015e-06 5.914012312928688854e-06 1.013504155308581864e-05 1.637559706141485027e-05 2.523120811353105327e-05 3.738187848650725967e-05 5.358530765906298284e-05 7.465356623983975741e-05 1.013879397285690322e-04 1.344144580131046741e-04 1.738043995752000265e-04 2.182908470810290987e-04 2.639032666027253671e-04 3.022639603349211663e-04 3.202186473634716286e-04 3.047724607957294019e-04 2.551320781708013032e-04 1.886405380324242601e-04 1.268972808228324375e-04 8.063649643363575458e-05 5.001389806641832016e-05 3.112815995304441869e-05 2.000002445940537540e-05 1.370536678637642113e-05 1.032711287049434121e-05 8.642053809269097567e-06 7.835834260677981036e-06 7.312186130419215594e-06 6.624457517727129300e-06 5.552572192212887252e-06 4.210355111192749828e-06 2.915095579591439062e-06 1.897775364129495517e-06 1.201442738780407105e-06 7.637934806156519843e-07 5.037594296451735071e-07 3.563985869212320749e-07 2.771643996521068410e-07 2.366888470037243611e-07 2.148763124128543055e-07 1.970163475897019922e-07 1.730415847997755448e-07 1.399522199512534247e-07 1.029321277630894103e-07 6.995855407074388213e-08 4.534560124920100704e-08 2.901394388712285052e-08 1.896508125801045842e-08 1.310947862492176286e-08 9.864770955508978148e-09 8.153620517402792727e-09 7.246774465888005814e-09 6.624080561574440021e-09 5.913338130875212009e-09 4.931229433814492403e-09 3.753783474737030297e-09 2.624296677490862406e-09 1.731633280674706697e-09 1.116535067961227382e-09 7.288756905468305958e-10 4.990680166329733974e-10 3.696535618815565112e-10 3.002140155921458630e-10 2.632884258650440731e-10 2.395267844428226143e-10 2.150029438521327032e-10 1.818772215623785285e-10 1.410065292186067163e-10 1.002179059303420708e-10 6.688860731868330406e-11 4.338705039279675777e-11 2.835501280757046638e-11 1.935323722846959621e-11 1.423896215289702336e-11 1.146851372509330268e-11 9.986842216343735387e-12 9.054014755918914729e-12 8.138099771943478476e-12 6.925588428216735843e-12 5.415801364882102434e-12 3.881709661706433933e-12 2.607303867536913398e-12 1.697948629162941795e-12 1.111831148624745565e-12 7.590456945341481568e-13 5.577546687646510432e-13 4.481706176117147108e-13 3.892371410621012701e-13 3.521921046224570578e-13 3.164056794153921539e-13 2.695915906930237659e-13 2.113454966843482011e-13 1.519126710503122974e-13 1.022993611248300297e-13 6.676230796645686312e-14 4.379856722764330109e-14 2.995223930776616392e-14 2.203757266593730006e-14 1.771395850827956051e-14 1.536922940829161756e-14 1.387303562928678090e-14 1.241666610089151989e-14 1.052305304965340915e-14 8.184230354086561395e-15 5.806638416239598190e-15 3.820127611611158912e-15 2.387471926605740739e-15 1.446883814806936606e-15 8.619785492484221611e-16 5.088552339685867695e-16 2.989663718501581460e-16 1.752191936397196245e-16 1.025632719097314494e-16 5.999574511018286812e-17 3.508364347651840868e-17 2.051232601738620264e-17 1.199187659273114178e-17 7.010352925718951944e-18 4.098100305207443656e-18 2.395632096003455388e-18 1.400409350916461100e-18 8.186316078107003524e-19 4.785433742548394143e-19 2.797394649485920447e-19 1.635256871604848290e-19 9.559124710629280482e-20 5.587920535051926043e-20 3.266497190179944793e-20 1.909476609336548543e-20 1.116211234682660054e-20 6.524968694004353634e-21 3.814261579290963205e-21 2.229679871852964455e-21 1.303390504709371814e-21 7.619151198060574090e-22 4.453881223621260085e-22 2.603578461042228361e-22 1.521958144334498618e-22 8.896818850117969729e-23 5.200759688726802151e-23 3.040176696322590941e-23 1.777177739020314275e-23 1.038874062773495782e-23
2.125577971072624664e-16 3.553481924393553888e-10 9.326633766012942425e-09 6.336968495965747492e-08 2.452276757747550597e-07 6.962349266368461253e-07 1.625118335723299676e-06 3.314679649441549358e-06 6.127134799392910512e-06 1.050852190203393245e-05 1.699229424845242933e-05 2.620179326009729710e-05 3.885035457668301973e-05 5.573539371495495330e-05 7.771672897954317867e-05 1.056548982924516013e-04 1.402538277260812936e-04 1.816939525904714796e-04 2.288632624835498905e-04 2.779803960928324612e-04 3.207601802605288465e-04 3.436129697386241751e-04 3.318817248756717646e-04 2.822594460975022903e-04 2.114589231185344737e-04 1.434311392933197335e-04 9.148178627792631331e-05 5.675496790787269903e-05 3.523601267016411164e-05 2.252426662840786937e-05 1.531939938052274649e-05 1.144538288474397688e-05 9.518146595847410847e-06 8.626469080679798128e-06 8.109479137803776721e-06 7.458788557343518819e-06 6.380211212401161511e-06 4.936733289655342239e-06 3.470204532883065901e-06 2.278056643803635430e-06 1.445219744165969956e-06 9.157444514635414992e-07 5.989574776837729758e-07 4.184597213275565313e-07 3.210000326375509918e-07 2.715211238461500571e-07 2.463444713675049245e-07 2.282206283275305576e-07 2.046126054836971624e-07 1.699108361930315618e-07 1.281182193724172621e-07 8.861944873372219157e-08 5.792747549843761219e-08 3.705849495415470139e-08 2.402781946048375790e-08 1.635692176226843136e-08 1.207017632568841801e-08 9.803919299254300377e-09 8.642391221681754996e-09 7.941451937218309960e-09 7.227011483731964117e-09 6.208785770680586421e-09 4.881469345860926248e-09 3.502461959200120861e-09 2.345926475737265353e-09 1.517819980706168174e-09 9.834822785491254355e-10 6.617180255877714413e-10 4.782334318328728907e-10 3.790346588623025165e-10 3.274615035072409239e-10 2.981014883021322839e-10 2.724242281176754498e-10 2.380361460051432259e-10 1.917789599145518838e-10 1.409346274605055740e-10 9.606566140805155034e-11 6.274093189090533617e-11 4.072189406465958137e-11 2.725129457051365156e-11 1.947001470669474150e-11 1.520611935491530982e-11 1.296489310451499763e-11 1.171553049039557778e-11 1.071287956679439422e-11 9.442284509636233077e-12 7.716768875665927449e-12 5.757350327719019500e-12 3.971114528615049702e-12 2.611586045584090973e-12 1.698629766381716344e-12 1.134127717505957145e-12 8.053352471393266777e-13 6.236648744307520913e-13 5.274445913411669025e-13 4.741940464569816072e-13 4.333814786900331341e-13 3.836492838005363699e-13 3.160771655799428215e-13 2.379666867788686989e-13 1.653577043301923843e-13 1.092418722912633756e-13 7.116631390702482432e-14 4.745993755030233635e-14 3.357636976928812184e-14 2.585964865936395081e-14 2.174305150321605998e-14 1.945786243152513138e-14 1.773701732112662523e-14 1.568991647735010558e-14 1.292098254534375473e-14 9.693786693554596878e-15 6.656030398662039182e-15 4.274760335227883777e-15 2.630287697426454508e-15 1.578848082880484139e-15 9.350216864220847291e-16 5.498140181797768452e-16 3.221135411141756307e-16 1.883556084106646232e-16 1.100337531802554662e-16 6.424763237950710852e-17 3.750400567271357919e-17 2.188978475033808830e-17 1.277545161708190905e-17 7.455832055044855647e-18 4.351192629250744963e-18 2.539314913414687937e-18 1.481913273809069419e-18 8.648244666312924209e-19 5.046991903614303959e-19 2.945350406540888928e-19 1.718862702358404618e-19 1.003102543027040182e-19 5.853955764333688444e-20 3.416280494056462912e-20 1.993689840689190720e-20 1.163487347848256170e-20 6.789936790771786925e-21 3.962504753759941779e-21 2.312458036053174596e-21 1.349515646273587737e-21 7.875569849386137641e-22 4.596063825449234953e-22 2.682193554096653923e-22 1.565287718876733605e-22 9.134783129416829260e-23 5.330921709384228133e-23 3.111045535365741829e-23 1.815559269240814660e-23
2.197219446076288378e-16 3.660805951243367282e-10 9.616061371578376502e-09 6.538899081184320917e-08 2.532458198799908357e-07 7.195758599804065985e-07 1.680937568741765792e-06 3.431243179126691462e-06 6.347578130019149806e-06 1.089507648947274162e-05 1.763098038405496338e-05 2.720760510939725674e-05 4.037303597797508984e-05 5.796609890780940612e-05 8.089634513705789610e-05 1.100858637666549361e-04 1.463192218105251402e-04 1.898898620534181486e-04 2.398481882401804399e-04 2.926210310087843693e-04 3.400641140156111905e-04 3.682467506769877721e-04 3.609088738581737099e-04 3.119697029623578056e-04 2.369954416504348009e-04 1.622173166288518899e-04 1.039047852656407205e-04 6.449852161605660011e-05 3.995064370829574127e-05 2.540969059303568219e-05 1.715031188891448543e-05 1.269898202021159930e-05 1.048587513325826644e-05 9.488669195616432941e-06 8.975263361208691803e-06 8.373314782696212368e-06 7.308768633698691482e-06 5.776430977712715870e-06 4.128945570360240891e-06 2.737119595859852421e-06 1.741940411786074687e-06 1.100938926757504614e-06 7.144442792273695780e-07 4.929252981123402302e-07 3.726726480783959019e-07 3.116873598790069147e-07 2.819540568139237026e-07 2.633071614087007209e-07 2.405577900758878606e-07 2.050765655446810039e-07 1.588170683293696554e-07 1.121016078529698779e-07 7.408299582242654495e-08 4.748104557303498549e-08 3.058465349334688638e-08 2.052429633863671554e-08 1.484807170393309297e-08 1.182695332603209084e-08 1.030410245755630107e-08 9.479715992999408331e-09 8.762315811809031323e-09 7.740774125437867241e-09 6.293191830635657637e-09 4.650954316933196202e-09 3.175476513679235509e-09 2.069255022254970132e-09 1.334948224269473043e-09 8.846664399377823373e-10 6.242572361997574022e-10 4.818119924311253731e-10 4.080906213211479610e-10 3.694921889874481276e-10 3.417489849342572470e-10 3.072089576649291907e-10 2.572315413841833934e-10 1.962876138488353092e-10 1.374693715269617909e-10 9.092325698514598891e-11 5.890270129338401899e-11 3.880505098705457727e-11 2.697432737802087928e-11 2.038704142146299261e-11 1.691495888053652038e-11 1.510766726648021905e-11 1.393428757884614731e-11 1.263823517442683100e-11 1.078005849859748816e-11 8.411637295896077432e-12 6.005601653511759263e-12 4.021255670915298630e-12 2.617059053563578509e-12 1.719381413627704152e-12 1.183891718866181212e-12 8.820268004015538787e-13 7.208607801869057669e-13 6.368490144159683959e-13 5.852731482545255070e-13 5.333428974115487893e-13 4.604345105857501454e-13 3.649667704382998757e-13 2.643487861373887558e-13 1.787218572282999381e-13 1.167747732278662554e-13 7.659321116273324626e-14 5.237315244796393798e-14 3.858846733757762683e-14 3.114985152761731666e-14 2.724700504060973296e-14 2.491395007343770917e-14 2.271366986265995119e-14 1.970303197718927345e-14 1.570236933440081174e-14 1.136987766229817556e-14 7.581391919850833865e-15 4.771236049052025576e-15 2.898476499464658829e-15 1.726204453784109273e-15 1.017184118249004637e-15 5.960682398408493455e-16 3.482961003922079570e-16 2.032185520849398399e-16 1.184818268168222191e-16 6.905152559231794068e-17 4.023550805633563308e-17 2.344239818583647972e-17 1.365753193000408810e-17 7.956662658966307696e-18 4.635363348834777970e-18 2.700434181945592293e-18 1.573192459316083889e-18 9.164933437413231273e-19 5.339202119882277192e-19 3.110449792656322158e-19 1.812048925602629454e-19 1.055641819758401026e-19 6.149831610391649894e-20 3.582695077354272068e-20 2.087163453788889750e-20 1.215914597174576159e-20 7.083529072451160341e-21 4.126637192219544673e-21 2.404046672146054679e-21 1.400520600350166903e-21 8.158984490721274695e-22 4.753163065985632031e-22 2.769040577946287892e-22 1.613154359628856532e-22 9.397720671360236060e-23 5.474811092225373456e-23 3.189449606294406629e-23
2.271548207126880753e-16 3.771281742472615137e-10 9.914172579226820442e-09 6.747019910497552142e-08 2.615150415308604687e-07 7.436631176673609613e-07 1.738578585131913838e-06 3.551688182039116754e-06 6.575507521648925120e-06 1.129501167871923142e-05 1.829218931642221264e-05 2.824952746925473999e-05 4.195132507905147183e-05 6.027956936306023549e-05 8.419559334386453602e-05 1.146854003459098833e-04 1.526169814544646322e-04 1.984005732983368069e-04 2.512561563818311444e-04 3.078369088442479864e-04 3.601870986871494209e-04 3.941352773003510231e-04 3.919089106578341371e-04 3.444299740092859234e-04 2.655362158407235766e-04 1.835628038868183747e-04 1.181492380676134031e-04 7.340779500699843533e-05 4.537211226321247800e-05 2.871508921097169097e-05 1.923211921951152278e-05 1.410765814224125069e-05 1.155693913454259588e-05 1.042960080085651844e-05 9.914170896061279628e-06 9.371974666991781153e-06 8.344978841827650659e-06 6.742422943862666557e-06 4.908545775546688005e-06 3.291072785304352900e-06 2.103597020820881076e-06 1.327228626928044501e-06 8.550337462591479140e-07 5.826638550588686961e-07 4.338837850520588404e-07 3.582104422584420786e-07 3.223366088023794785e-07 3.026855969670501357e-07 2.812159305948676183e-07 2.459625614948539980e-07 1.959085324266479087e-07 1.414947496644314375e-07 9.479652683366818303e-08 6.100495809623137592e-08 3.910866719577217679e-08 2.590323539083313416e-08 1.837393482330995828e-08 1.432818839904919872e-08 1.229630067059107526e-08 1.127936681877748206e-08 1.054690583690013983e-08 9.554913365897780932e-09 8.033859119766532010e-09 6.134980787298609115e-09 4.288644161225459921e-09 2.826276328084588715e-09 1.821686683092889149e-09 1.192356608054904643e-09 8.226645174353417144e-10 6.175679673251815419e-10 5.106661862086811907e-10 4.571172963686827325e-10 4.252091526743279229e-10 3.912044293171904657e-10 3.398241091667489449e-10 2.700506376580729843e-10 1.954770245607594577e-10 1.317655041984906897e-10 8.568097184079391805e-11 5.583388712609371054e-11 3.787954287742713978e-11 2.769612603153266936e-11 2.225368568994933773e-11 1.948859308179308671e-11 1.796834605679865603e-11 1.663601958771991553e-11 1.474803467783338560e-11 1.206160332814263900e-11 8.978894296794669453e-12 6.175272769934339251e-12 4.054330411580677594e-12 2.639852564393210203e-12 1.771837176954723951e-12 1.271130794077915428e-12 9.986354200184904104e-13 8.581738875461599397e-13 7.835864305797537412e-13 7.268094250878001745e-13 6.528676115583931659e-13 5.453827632770641140e-13 4.152472816764390893e-13 2.906058881712746967e-13 1.925707037722942832e-13 1.254691078117481305e-13 8.356591314131438557e-14 5.905118997400246271e-14 4.550976286897209535e-14 3.842502926602010252e-14 3.470028913226945483e-14 3.211449411372473159e-14 2.903167179498607497e-14 2.454458291421972626e-14 1.889153951985200594e-14 1.322897019048115628e-14 8.598427807515433644e-15 5.320457655985491691e-15 3.198320346934755730e-15 1.892352522516466301e-15 1.110292365616103434e-15 6.486080548092471789e-16 3.780560430527945225e-16 2.201066994395452834e-16 1.280727213152782957e-16 7.449900678855585434e-17 4.332895014225224646e-17 2.519834569631354397e-17 1.465374363935600791e-17 8.521504683355224267e-18 4.955408267059903675e-18 2.881643578156834537e-18 1.675713959076464822e-18 9.744485093638825638e-19 5.666535143591150667e-19 3.295157018740162234e-19 1.916172298486490565e-19 1.114276463499380328e-19 6.479646813514213388e-20 3.767989639769756672e-20 2.191129568800393812e-20 1.274167185091678386e-20 7.409429513564156588e-21 4.308668929208256983e-21 2.505540796206822486e-21 1.457000939574896695e-21 8.472628905336752697e-22 4.926931658555722893e-22 2.865067718355274801e-22 1.666070000421164974e-22 9.688389661661954330e-23 5.633910592681164782e-23
2.348659119316711312e-16 3.884959671631928678e-10 1.022111432623205886e-08 6.961441665521426716e-08 2.700400591409568740e-07 7.685114452828194752e-07 1.798079052272238950e-06 3.676098378564890178e-06 6.811090972782480319e-06 1.170863916485959465e-05 1.897646428096896540e-05 2.932846032236410339e-05 4.358665119796670398e-05 6.267799314125162031e-05 8.761771592661634191e-05 1.194581678433761677e-04 1.591535868809685315e-04 2.072347256269662708e-04 2.630979441477230619e-04 3.236399577187205954e-04 3.811400151234720546e-04 4.212905334526357974e-04 4.249278965453930665e-04 3.798018570419789755e-04 2.973851433243244135e-04 2.078126801516682037e-04 1.344976832117863498e-04 8.367480502124257757e-05 5.161879529499530480e-05 3.251007449582636973e-05 2.160500454906928572e-05 1.569462779320950340e-05 1.274499082543292787e-05 1.145753452138825212e-05 1.093139817817904161e-05 1.045870115539363863e-05 9.495017826430035888e-06 7.847738700937934448e-06 5.828102780837165512e-06 3.958973872547254227e-06 2.544900965646920974e-06 1.604418628628924573e-06 1.026780411035918904e-06 6.912861011005306705e-07 5.067675314731222382e-07 4.123639805082295153e-07 3.682696295678585962e-07 3.468459926563723740e-07 3.269446485114145788e-07 2.930468591302501968e-07 2.402864033336934119e-07 1.780436242073588952e-07 1.212870002199724375e-07 7.856823625703281120e-08 5.022777413316597272e-08 3.288459896931216263e-08 2.288328971160611347e-08 1.744856335586062283e-08 1.470425742559262223e-08 1.339319224407240102e-08 1.261487328368193685e-08 1.167947438020549406e-08 1.014646131397698344e-08 8.025378595757609654e-09 5.769455821350599453e-09 3.862678982086605436e-09 2.497139022453050532e-09 1.619533689327007082e-09 1.094859464164322254e-09 7.992169947112547301e-10 6.429894374659879836e-10 5.657684727374871423e-10 5.258333237943339625e-10 4.921436352863386803e-10 4.419285230848980955e-10 3.661455112376133925e-10 2.753907641528779376e-10 1.904670340096275515e-10 1.250971168760389165e-10 8.107321343072143421e-11 5.390739409407068791e-11 3.818224799656999508e-11 2.961564714685612530e-11 2.524648144040527005e-11 2.305836519836368375e-11 2.159706783569339488e-11 1.976642813156522786e-11 1.692671408263646740e-11 1.321076390101886232e-11 9.415878185373944509e-12 6.293132791310709059e-12 4.094026135814812834e-12 2.696619097785098863e-12 1.869368416355398395e-12 1.408329294692550411e-12 1.167203554364960546e-12 1.046426994102174465e-12 9.758175948567997699e-13 9.027648473135279573e-13 7.917261753307277643e-13 6.368621012392946509e-13 4.664235869762882421e-13 3.172866750083073018e-13 2.076733255803987323e-13 1.360378731630289400e-13 9.276151988413890534e-14 6.817831938276040967e-14 5.503788744637200179e-14 4.836620584636202577e-14 4.470877635071562995e-14 4.151330638867007275e-14 3.694096811824614208e-14 3.030661080311513311e-14 2.252430848439074186e-14 1.529892113287465204e-14 9.728534251269938617e-15 5.935694988855133966e-15 3.537214368167421434e-15 2.081294303763363853e-15 1.216514922086902753e-15 7.086178573637198969e-16 4.120446478981470104e-16 2.393796984109963066e-16 1.390054870368202097e-16 8.070034793923852500e-17 4.684543322821747802e-17 2.719147460008157494e-17 1.578282687404009521e-17 9.160726878908535273e-18 5.317059852913215211e-18 3.086109661663222509e-18 1.791225367199876919e-18 1.039653526666712701e-18 6.034298447863655540e-19 3.502392503225125447e-19 2.032838036818347839e-19 1.179887794163479849e-19 6.848234468908054005e-20 3.974811385258735129e-20 2.307036280946278297e-20 1.339036209873259873e-20 7.771953917858862133e-21 4.510951023322639951e-21 2.618219219292116381e-21 1.519651142762249900e-21 8.820268288475536446e-22 5.119407374700955378e-22 2.971375814147846272e-22 1.724628181042188395e-22 1.000998375445325351e-22
2.428652182861566047e-16 4.001890826559606524e-10 1.053703562903729702e-08 7.182276638401582552e-08 2.788256865706401514e-07 7.941358188712196154e-07 1.859477224460665976e-06 3.804558812323648802e-06 7.054499229131469282e-06 1.213627583172828428e-05 1.968435785927251218e-05 3.044531975565091295e-05 4.528046937062088197e-05 6.516359896898268813e-05 9.116601837980677851e-05 1.244089195499887310e-04 1.659356549480319278e-04 2.164011537969325093e-04 2.753845835562486704e-04 3.400423360210042423e-04 4.029334114671610833e-04 4.497213756628248892e-04 4.600020605076633241e-04 4.182378672514379956e-04 3.328613951579221142e-04 2.353530740539471595e-04 1.532773831104181214e-04 9.552571645805018610e-05 5.883106595670528670e-05 3.687730185485790828e-05 2.431658655621484586e-05 1.748727815155107148e-05 1.406602033181855892e-05 1.258206221632217951e-05 1.203284633764783967e-05 1.163752253890358106e-05 1.076441089163483132e-05 9.105061535821401083e-06 6.908393546774179526e-06 4.763168412590124213e-06 3.083849304378192733e-06 1.944761987947252893e-06 1.237318879521262356e-06 8.233536534018453878e-07 5.940123864018064728e-07 4.757419457278270475e-07 4.207167360913743043e-07 3.963843904237188578e-07 3.781392872459177828e-07 3.467683530813441559e-07 2.928177913992985624e-07 2.231253322443348802e-07 1.550384743321467258e-07 1.013789379402010861e-07 6.477462446384305903e-08 4.199349833779749787e-08 2.869365282977947205e-08 2.137752698433424411e-08 1.764171143421077804e-08 1.589076295989704682e-08 1.500978446614342725e-08 1.414527078030709169e-08 1.267059910426330809e-08 1.039459603791978242e-08 7.717142520382919427e-09 5.274666571194496954e-09 3.435035410224346876e-09 2.215535883493855224e-09 1.471608341909185479e-09 1.045357220408458085e-09 8.162361505916336736e-10 7.022364873760806554e-10 6.478353707037474404e-10 6.127440726619868736e-10 5.659005634609867479e-10 4.883442458946836995e-10 3.832054234714217228e-10 2.737981811165625477e-10 1.828991688578255549e-10 1.186070824062173614e-10 7.768862358658778242e-11 5.346070145260130674e-11 3.997600568192289684e-11 3.297218580454584081e-11 2.956869870590287987e-11 2.775196554313691476e-11 2.600158327337086237e-11 2.321453623282939415e-11 1.904670494118561271e-11 1.418417540509128013e-11 9.745146976008368106e-12 6.392066420143321924e-12 4.164697903070812921e-12 2.805643351853152824e-12 2.028270849001418402e-12 1.611378390871075252e-12 1.402910383314106378e-12 1.298663679620661944e-12 1.222407630311080014e-12 1.116238387681853896e-12 9.487489576825663296e-13 7.334870380402091651e-13 5.186826592087498110e-13 3.453358968788854113e-13 2.250099001237812479e-13 1.493875901274847184e-13 1.050741935647947058e-13 8.067331520285750155e-14 6.810508884358331573e-14 6.186642120457019917e-14 5.803971374374430215e-14 5.364880303981482420e-14 4.671489947251599964e-14 3.709466748650439975e-14 2.665551617457249773e-14 1.762071979436010338e-14 1.099919677926517283e-14 6.632972944024679636e-15 3.923966755510923448e-15 2.297814854532141657e-15 1.338461713756774291e-15 7.775298536356521086e-16 4.510513154532963998e-16 2.614737471019186523e-16 1.515214363916870435e-16 8.778909210218168155e-17 5.085884864520360646e-17 2.946265162573505228e-17 1.706736948187002663e-17 9.886804830936992551e-18 5.727202978959107429e-18 3.317628690375911576e-18 1.921818003301815960e-18 1.113259386816505884e-18 6.448820420542822836e-19 3.735632138107781457e-19 2.163953241271291305e-19 1.253521004571435818e-19 7.261316143578051033e-20 4.206288614737488207e-20 2.436591854059572059e-20 1.411453274335815897e-20 8.176175825016453867e-21 4.736242584937852605e-21 2.743580163911144063e-21 1.589283483376714404e-21 9.206299212095184707e-22 5.332965834110612241e-22 3.089246170622852136e-22 1.789518665477615228e-22
2.511632899657345172e-16 4.122126985768349793e-10 1.086208752923328549e-08 7.409638646523127251e-08 2.878767822142017491e-07 8.205514255708203801e-07 1.922811922777772633e-06 3.937155845490672628e-06 7.305905728694043795e-06 1.257824372089478644e-05 2.041643196404829041e-05 3.160103727582313235e-05 4.703426027732233609e-05 6.773865599150926254e-05 9.484386799149740284e-05 1.295425030286208063e-04 1.729699411877577524e-04 2.259088897140486166e-04 2.881273739763076593e-04 3.570564745163465900e-04 4.255776359811985939e-04 4.794337837995102966e-04 4.971572366086535926e-04 4.598776287779332323e-04 3.722957443258475109e-04 2.666136587976274705e-04 1.748669548813881010e-04 1.092272211554727357e-04 6.717576692044959755e-05 4.191519836318395933e-05 2.742347756796187933e-05 1.951802910332292660e-05 1.553882711433472125e-05 1.381435909349397774e-05 1.322528610629817977e-05 1.291269403501226558e-05 1.215799931462830124e-05 1.052628718478750729e-05 8.171513715922396344e-06 5.729564777627031153e-06 3.742371996551698400e-06 2.363573747276740349e-06 1.496299356093168084e-06 9.846505094330002907e-07 6.990204655629474286e-07 5.503495500917671361e-07 4.808795398469941135e-07 4.520346504823622200e-07 4.352575093572767083e-07 4.075336017183049399e-07 3.543010279220193010e-07 2.782044669956208339e-07 1.978188627593544577e-07 1.309781172074462014e-07 8.385081770583036999e-08 5.393664820254601447e-08 3.623484381884242630e-08 2.637119099908225936e-08 2.126143048512328987e-08 1.886458643453387177e-08 1.778861894878702712e-08 1.698871214594641549e-08 1.564249017806740810e-08 1.331171770388068446e-08 1.024304012652796582e-08 7.184153936132608477e-09 4.735823626294415864e-09 3.050195641273814395e-09 1.997227326948267300e-09 1.382916680510705977e-09 1.046540020075078710e-09 8.762394050563681216e-10 7.971688955148908642e-10 7.567117527214490362e-10 7.143289410539974517e-10 6.400521172876992880e-10 5.251413742607344508e-10 3.900946694165089817e-10 2.670271214208132408e-10 1.744589161381498176e-10 1.132343897541235943e-10 7.602879119477704741e-11 5.484512976255195329e-11 4.357493913740787561e-11 3.805306170254053055e-11 3.544423536625007923e-11 3.367345251083820940e-11 3.112368604086381434e-11 2.682041264982786397e-11 2.099940116130322942e-11 1.497883981592529343e-11 1.000629155426359690e-11 6.507528530669471075e-12 4.292118553945762657e-12 2.988397683323998415e-12 2.269131700808235649e-12 1.900618986022860055e-12 1.724726420576917660e-12 1.630293880441756424e-12 1.532459286650906884e-12 1.369089975855568055e-12 1.122267492463786846e-12 8.345973246643124660e-13 5.729352901306409271e-13 3.760695436930720319e-13 2.458179990600140584e-13 1.666961347443976131e-13 1.216995287266485177e-13 9.777251080039646128e-14 8.595388877084916254e-14 8.009181917544931391e-14 7.565652863429649444e-14 6.915372909093195065e-14 5.865968696123524791e-14 4.504226458858986452e-14 3.136607123231776669e-14 2.025020903440671973e-14 1.244482399011697645e-14 7.431713406207529502e-15 4.369209033902381332e-15 2.547714619175044856e-15 1.479310444788528568e-15 8.570922177603542578e-16 4.960403773674074714e-16 2.869215202521391329e-16 1.659149478176690748e-16 9.592791515133122395e-17 5.545905806549095493e-17 3.206148767349756307e-17 1.853474176731708355e-17 1.071482710850572528e-17 6.194148729730649411e-18 3.580774585787331888e-18 2.070006783752228825e-18 1.196647573057707444e-18 6.917682270226205236e-19 3.999032015720738032e-19 2.311793891439592889e-19 1.336421095579454651e-19 7.725694355903798935e-20 4.466133671591131355e-20 2.581819694987171212e-20 1.492519795795577960e-20 8.628082516317489296e-21 4.987793666305612665e-21 2.883385224850537525e-21 1.666851299221703465e-21 9.635872548117406064e-22 5.570385300779256955e-22 3.220174638380986091e-22
2.597712676875822952e-16 4.245720596476009876e-10 1.119642297196858510e-08 7.643643061684727881e-08 2.971982773143582634e-07 8.477736424327981052e-07 1.988122522915148618e-06 4.073977112485534811e-06 7.565486539451632259e-06 1.303486987359173108e-05 2.117325740832623376e-05 3.279656009474835428e-05 4.884953000645822897e-05 7.040547371267977435e-05 9.865469383618855732e-05 1.348638577566432328e-04 1.802633385031395593e-04 2.357671655692915476e-04 3.013378932028182864e-04 3.746951213700554207e-04 4.490829775924327937e-04 5.104311866662636019e-04 5.364084691420553273e-04 5.048439395402853523e-04 4.160255569533461697e-04 3.020693624141426660e-04 1.997036783911454189e-04 1.250941036533973806e-04 7.685166076869107870e-05 4.774132204378297376e-05 3.099320696829645038e-05 2.182539648603025817e-05 1.718559927122446018e-05 1.516750255404547444e-05 1.451655206468288117e-05 1.428885823077909666e-05 1.367997792797456855e-05 1.212207967017171528e-05 9.640319624586852254e-06 6.887784992664495781e-06 4.547047813395960325e-06 2.879986946439506585e-06 1.815946109825755823e-06 1.182537030061088201e-06 8.261163528363236354e-07 6.387224717838834728e-07 5.502652217904296449e-07 5.147085474974511254e-07 4.988495212811352707e-07 4.757358753449644006e-07 4.254301990238828342e-07 3.447645041463774622e-07 2.516763174213108213e-07 1.693061264941077772e-07 1.089077999408885888e-07 6.966602883643625299e-08 4.609088205294709088e-08 3.277770626242273468e-08 2.577000730625535071e-08 2.243865302276165649e-08 2.102696353564695830e-08 2.025585820396102119e-08 1.909698099006201334e-08 1.683779236144289311e-08 1.346419588251423754e-08 9.739892055355543849e-09 6.533880034197774634e-09 4.221735732186350179e-09 2.735585637384530669e-09 1.851062691764758616e-09 1.357360604039073238e-09 1.101812154016863507e-09 9.823405485347147999e-10 9.292695993998556648e-10 8.904615758809730256e-10 8.243238048146872403e-10 7.070281295116454199e-10 5.488802512286716942e-10 3.879976307027116888e-10 2.573407571953096510e-10 1.666236224351744720e-10 1.097541552999390474e-10 7.657776200500481367e-11 5.846785302853254917e-11 4.936355984327061718e-11 4.519588848792400754e-11 4.310408065097704915e-11 4.087355509103591213e-11 3.682437368453955799e-11 3.040471674900046558e-11 2.272172853048164061e-11 1.562758871710871162e-11 1.024815626795989620e-11 6.676732697511513469e-12 4.505244354629790860e-12 3.271431057053918106e-12 2.618412103915287721e-12 2.302034072132755279e-12 2.156127476187980578e-12 2.059066024143947793e-12 1.914692655346988081e-12 1.661920319330838545e-12 1.310826315911419742e-12 9.405898791501657309e-13 6.307958611588742940e-13 4.111952184927763355e-13 2.716800446268365763e-13 1.895209441714213083e-13 1.442469115245875273e-13 1.211391357826432296e-13 1.102364575238548282e-13 1.045594215727306955e-13 9.875977309950792126e-14 8.877148590253809757e-14 7.313393154839572243e-14 5.432838607117559441e-14 3.676974812932153891e-14 2.326038429115424740e-14 1.410816031824786342e-14 8.355665568368611547e-15 4.885940590006496036e-15 2.838109648908315062e-15 1.642969195956790163e-15 9.494569393575422210e-16 5.481986145056727053e-16 3.163779046445266130e-16 1.825474121642647190e-16 1.053161835714428875e-16 6.075598757324444858e-17 3.504855411923605253e-17 2.021829528724643060e-17 1.166314308565262638e-17 6.727984125676621744e-18 3.881087527649594792e-18 2.238831810252806407e-18 1.291484718369324463e-18 7.450011742307907328e-19 4.297586064404787685e-19 2.479089336847300022e-19 1.430078100564830941e-19 8.249494300155018463e-20 4.758771952756514400e-20 2.745127102579021866e-20 1.583543583270724829e-20 9.134769295211723693e-21 5.269448274202889782e-21 3.039713889576226401e-21 1.753477792738993921e-21 1.011504530042477430e-21 5.834926558427598628e-22
2.687009272290331210e-16 4.372724743573055246e-10 1.154019675316802577e-08 7.884406617240921767e-08 3.067951661051464434e-07 8.758181227840060003e-07 2.055448942215189275e-06 4.215111478896116830e-06 7.833420282354146936e-06 1.350648627878142492e-05 2.195541391028168901e-05 3.403285032442716516e-05 5.072780924229724776e-05 7.316640079136298548e-05 1.026019860313790805e-04 1.403780157560902023e-04 1.878228768361219175e-04 2.459854156173193660e-04 3.150280083627859072e-04 3.929713804387736258e-04 4.734598151438712608e-04 5.427148403494891273e-04 5.777599804186038957e-04 5.532388964064904359e-04 4.643883212350039154e-04 3.422408809738505678e-04 2.282913970826078566e-04 1.434981855958053672e-04 8.809607849304897955e-05 5.449650750094019261e-05 3.510660326112731005e-05 2.445530894763498739e-05 1.903262870514361014e-05 1.665686214267396445e-05 1.591577280375083188e-05 1.577123327454556638e-05 1.533401019958585489e-05 1.390147298459163394e-05 1.133766199118727874e-05 8.271112650300225147e-06 5.529859321120526348e-06 3.517872833065433131e-06 2.211772374408519008e-06 1.426412543600799291e-06 9.808221815227079372e-07 7.440840880526338689e-07 6.307751953164668363e-07 5.855470442416081242e-07 5.695943554757587946e-07 5.517862150110656658e-07 5.067754312422697252e-07 4.242193490269307679e-07 3.189006277887588555e-07 2.187636798967646202e-07 1.418456691070996420e-07 9.046370999697412252e-08 5.905786710436546304e-08 4.107285687061782562e-08 3.144870826427585330e-08 2.678042800243763479e-08 2.482604488198566344e-08 2.400750011785657629e-08 2.307166463379120353e-08 2.102318476992844612e-08 1.749393987610940599e-08 1.311446852776053005e-08 9.004415325524385744e-09 5.866893890884085626e-09 3.778592337447659318e-09 2.506964233881957601e-09 1.783036538958003654e-09 1.399402214793636210e-09 1.215627410422347782e-09 1.137893365810064472e-09 1.098790317979223888e-09 1.044211907268725598e-09 9.337752382991644055e-10 7.600174631140804255e-10 5.589449296126627263e-10 3.794863271779284680e-10 2.469628660128917451e-10 1.606193805851580999e-10 1.088631421141963844e-10 7.986675058883389809e-11 6.482685308965474284e-11 5.781049300414485230e-11 5.478521179882093239e-11 5.276106862234246851e-11 4.931525157588018522e-11 4.289239064208876902e-11 3.381132350178167168e-11 2.420735772536151535e-11 1.618835428959981074e-11 1.052432608765332852e-11 6.939967923321690903e-12 4.838652995366874856e-12 3.688608064818209678e-12 3.110307325052707695e-12 2.848658995095231275e-12 2.725839023633625530e-12 2.604780896224814174e-12 2.376893583667561184e-12 1.994562194182470653e-12 1.513960669860875821e-12 1.053080869671920751e-12 6.945713993386208733e-13 4.528927829955099167e-13 3.046555170029078846e-13 2.199454246621851442e-13 1.748889355857118759e-13 1.530082443094571674e-13 1.431461921450526937e-13 1.372356108316316299e-13 1.288382183233661157e-13 1.133855571106298109e-13 9.057936449956399488e-14 6.519724341118258940e-14 4.302065123675213226e-14 2.674481692932746487e-14 1.604241664236975776e-14 9.434186277684315625e-15 5.490247143865180343e-15 3.177823195816872815e-15 1.834288254269623656e-15 1.057294343090729097e-15 6.089972120499233431e-16 3.506535318240364236e-16 2.018653816961093792e-16 1.161997734922086981e-16 6.688493661572587535e-17 3.849825096925215437e-17 2.215891096725395476e-17 1.275419773422601922e-17 7.341021801951092281e-18 4.225315919266878771e-18 2.431988420033684715e-18 1.399792421814250463e-18 8.056857464186224313e-19 4.637326512661859377e-19 2.669129505619752317e-19 1.536284342641693906e-19 8.842469208346280702e-20 5.089504523236304480e-20 2.929391732206147773e-20 1.686084738574012448e-20 9.704682755349807738e-21 5.585773073990642254e-21 3.215031507172834363e-21 1.850491857390646943e-21 1.065096906944473458e-21
2.779647284230816156e-16 4.503193122596155135e-10 1.189356547049372404e-08 8.132047402483789302e-08 3.166725033119238697e-07 9.047006440466410237e-07 2.124831626829878119e-06 4.360649032176082271e-06 8.109888153072669252e-06 1.399342979702950567e-05 2.276348991331937714e-05 3.531088503739592861e-05 5.267065310045525658e-05 7.602382440554442784e-05 1.066892937362834328e-04 1.460900990504659686e-04 1.956557199299206469e-04 2.565732773904836413e-04 3.292098856550661158e-04 4.118987533515030392e-04 4.987187582926799409e-04 5.762842745164279681e-04 6.212054467563251844e-04 6.051402208481620202e-04 5.177136563777436562e-04 3.876934879548594504e-04 2.612088349903086905e-04 1.648788513911710269e-04 1.011930374152279712e-04 6.235000009514026973e-05 3.986075909018980235e-05 2.746274569681883716e-05 2.111119823300574652e-05 1.830057959810845459e-05 1.743364619875482528e-05 1.736582825217292201e-05 1.712342016974462415e-05 1.587157291717148237e-05 1.328542827208711306e-05 9.916143078295221907e-06 6.728930895789795556e-06 4.306943029278081262e-06 2.703492604026367176e-06 1.728320961478053483e-06 1.170221391526343543e-06 8.705538962377677809e-07 7.248222609172817244e-07 6.659867966802373577e-07 6.483435110469731368e-07 6.361549185467110513e-07 5.987867178864532049e-07 5.178163483291566339e-07 4.019375028944977643e-07 2.822528749882747639e-07 1.851283222095931331e-07 1.180533234033766891e-07 7.622375134258176566e-08 5.191011744150901566e-08 3.868300934502614167e-08 3.211782370110271301e-08 2.932248534949571544e-08 2.832553651212859974e-08 2.761281372145417559e-08 2.590853175445574673e-08 2.243117744735287510e-08 1.749521881927844912e-08 1.236790628388023531e-08 8.173042549886376116e-09 5.257929982914909384e-09 3.434237066588681407e-09 2.374126604089849887e-09 1.799049517526449594e-09 1.514922792413980203e-09 1.393385672848132185e-09 1.345803348329829366e-09 1.303443366635019050e-09 1.209248678024283087e-09 1.032499895911929970e-09 7.949923142499312689e-10 5.573446905872273730e-10 3.676326780125672091e-10 2.378289407554781961e-10 1.574967024170869230e-10 1.112726533535863215e-10 8.653102328769459309e-11 7.454021774530299053e-11 6.947811364752639754e-11 6.724023075957676530e-11 6.456990839035678189e-11 5.884995214779054455e-11 4.908241778970954353e-11 3.694503250273284074e-11 2.550184525523764273e-11 1.673396436231319654e-11 1.089230650906704099e-11 7.343359481659671929e-12 5.335554473208378873e-12 4.283785000137645002e-12 3.788992831194350104e-12 3.582291097198513249e-12 3.468513590913683290e-12 3.288782653928096918e-12 2.925759044240171054e-12 2.367046129345942599e-12 1.732848171284772592e-12 1.174963751354344895e-12 7.673130120959653981e-13 5.039628560559677209e-13 3.474659332217495342e-13 2.607754521586650569e-13 2.165604828438653763e-13 1.963806981991995261e-13 1.875922619691382675e-13 1.806613923189733563e-13 1.677382026316306358e-13 1.440692107968326558e-13 1.115632031213214090e-13 7.798069991995457386e-14 5.032264497952325732e-14 3.082272374539703938e-14 1.831430190069656879e-14 1.070397138942272975e-14 6.202252799000815805e-15 3.577901997561139141e-15 2.059339191848982479e-15 1.183943917689399144e-15 6.802732901664665201e-16 3.907588457658365937e-16 2.244243795176344891e-16 1.288839267680083917e-16 7.401351437216802823e-17 4.250254602487980322e-17 2.440701284299907014e-17 1.401561503871474019e-17 8.048382282029198799e-18 4.621728982363726718e-18 2.653994811638312196e-18 1.524037029840756822e-18 8.751669229627896114e-19 5.025580490618418086e-19 2.885901818415025313e-19 1.657207387564443778e-19 9.516388519628523471e-20 5.464714349831525905e-20 3.138070999515111373e-20 1.802013600724103107e-20 1.034792716628829482e-20 5.942219112615143874e-21 3.412274497812570961e-21 1.959472888237135442e-21
2.875758695795113862e-16 4.637180008948625059e-10 1.225668736374474302e-08 8.386684959138261522e-08 3.268354061557358930e-07 9.344372120008000156e-07 2.196311476613714928e-06 4.510681060381386936e-06 8.395073780365177568e-06 1.449604191200969195e-05 2.359808231892307096e-05 3.663165586748538501e-05 5.467964065607790755e-05 7.898016973908620958e-05 1.109202248819246887e-04 1.520053194532813520e-04 2.037691693656746357e-04 2.675405922644385321e-04 3.438960014215258765e-04 4.314911829455379431e-04 5.248708031153253087e-04 6.111377684657871932e-04 6.667286112617503129e-04 6.605981683438110928e-04 5.763138471900824738e-04 4.390335375840795969e-04 2.991180208282485952e-04 1.897553573709289938e-04 1.164831580123163417e-04 7.150583239381281360e-05 4.537273192075575232e-05 3.091378318093584851e-05 2.345868701769407847e-05 2.012016303051369754e-05 1.908277188644102670e-05 1.907968698168546452e-05 1.905145442263780532e-05 1.803741097700417481e-05 1.550344864764448413e-05 1.186203418487520231e-05 8.189156575595226152e-06 5.284039835812005928e-06 3.316180584121655518e-06 2.103744468705358876e-06 1.403441541892242700e-06 1.023425221659421424e-06 8.354864271697153147e-07 7.578475378443253393e-07 7.361744941472816160e-07 7.294214341228641308e-07 7.018253267412622136e-07 6.265493990389781260e-07 5.032490489069775194e-07 3.631760239167429380e-07 2.419079180048574080e-07 1.547435398799365983e-07 9.907774386147401494e-08 6.619116516281661016e-08 4.800464372942564596e-08 3.876339956280164426e-08 3.470208383116824379e-08 3.332127573329358416e-08 3.278272422014860886e-08 3.153003676181366057e-08 2.835169994657967848e-08 2.306819129765440523e-08 1.688858843737335122e-08 1.139104505422505612e-08 7.360712258345656608e-09 4.755188016533550198e-09 3.205434585553016373e-09 2.345234826407883803e-09 1.906559857310658272e-09 1.711498129218278832e-09 1.640988506403519320e-09 1.607345772934045421e-09 1.536780700186853025e-09 1.373321193172892049e-09 1.111710130964723833e-09 8.116915671881318360e-10 5.477062457847687735e-10 3.553855032878729108e-10 2.315781786864465959e-10 1.582498327106508486e-10 1.177953018154526565e-10 9.736041728837907419e-11 8.837210381713452336e-11 8.502797292736744393e-11 8.298657299790941246e-11 7.857881896585332356e-11 6.922363284172986397e-11 5.517244558139520061e-11 3.978988830127874613e-11 2.668919573847815579e-11 1.734623469828996683e-11 1.141565701840204125e-11 7.942680008415171549e-12 6.051445693686704291e-12 5.114067428144958830e-12 4.711431666235109418e-12 4.555536517972829487e-12 4.425236077773621402e-12 4.133468066174716195e-12 3.567420716074249211e-12 2.780829151759322579e-12 1.970757600441265923e-12 1.310462704235156654e-12 8.529608583336872714e-13 5.680517592777009556e-13 4.037466152921551598e-13 3.158025966430606181e-13 2.732254781359686783e-13 2.552849154549516882e-13 2.474309013755728854e-13 2.381151255295546386e-13 2.177639368949805151e-13 1.821626042576640991e-13 1.368329260331657818e-13 9.312524390537617331e-14 5.894228166616060792e-14 3.564627475640697212e-14 2.100822828142969729e-14 1.221139228794153629e-14 7.047392245416352018e-15 4.052304329602109610e-15 2.325786417902116055e-15 1.333614901930271140e-15 7.643381683533148308e-16 4.379625127961324302e-16 2.509203930481202501e-16 1.437502187997859277e-16 8.235077374110879139e-17 4.717588727169381579e-17 2.702520742522377183e-17 1.548161463967996045e-17 8.868753530596785763e-18 5.080523551097147928e-18 2.910409661954371736e-18 1.667245913693721404e-18 9.550918530026028202e-19 5.471300763874973958e-19 3.134267231983023454e-19 1.795483620239417126e-19 1.028553458265599698e-19 5.892129560815852349e-20 3.375341397945305960e-20 1.933584355343347811e-20 1.107665274720897632e-20 6.345326269464955628e-21 3.634957814245507156e-21
2.975483477279965542e-16 4.774740226580848510e-10 1.262972235898193202e-08 8.648440108359441692e-08 3.372890521084405728e-07 9.650440244339922628e-07 2.269930092014253408e-06 4.665299975610821347e-06 8.689163164361822362e-06 1.501466882484889980e-05 2.445979631023776507e-05 3.799616875056090187e-05 5.675637436489950309e-05 8.203789933247883609e-05 1.152984454684348242e-04 1.581289767459791835e-04 2.121706592799972905e-04 2.788974081101924601e-04 3.590991494858771123e-04 4.517630843064098802e-04 5.519274679387530837e-04 6.472728601463487380e-04 7.143042183967512285e-04 7.196330478048139400e-04 6.404730939895780751e-04 4.969019775460897619e-04 3.427723300482590990e-04 2.187411036725909368e-04 1.343757769775630719e-04 8.221076628955187315e-05 5.178418561961896350e-05 3.488816250394259606e-05 2.611995525410259718e-05 2.214122694890852903e-05 2.087805693785261830e-05 2.092116448119736791e-05 2.112160170768817433e-05 2.040198993297854665e-05 1.800836442680958874e-05 1.414926779366091668e-05 9.962576616090338609e-06 6.494597661719646313e-06 4.081728159508138031e-06 2.572643892381913732e-06 1.692297418709207383e-06 1.209537134344707095e-06 9.667234840789329381e-07 8.634481052993344297e-07 8.344583295902428878e-07 8.323312913566237014e-07 8.162217636694660179e-07 7.511047915302210366e-07 6.251259271273609149e-07 4.653638152748945387e-07 3.161423215927980985e-07 2.036070138697075417e-07 1.296590694823186344e-07 8.516522555822605663e-08 6.015171684264166081e-08 4.714910318452290878e-08 4.121952784472327298e-08 3.914675807228622387e-08 3.866834383807624158e-08 3.792865538893888893e-08 3.530540143535034738e-08 2.999697548290304793e-08 2.286268071090526144e-08 1.584575769073075197e-08 1.034920962904189560e-08 6.648244749967694929e-09 4.388023247743329810e-09 3.104296545510573446e-09 2.429662363984217403e-09 2.115427657216567764e-09 1.998274677118517711e-09 1.963972925827994448e-09 1.920304050062122634e-09 1.787070748204179458e-09 1.522811784040017016e-09 1.166524824520585460e-09 8.131527836541399491e-10 5.341743791272864007e-10 3.453251377518227159e-10 2.296726541401090032e-10 1.639415869913226135e-10 1.294245474349088947e-10 1.133465603433239560e-10 1.072583752617907331e-10 1.052168752870132276e-10 1.024073027739959413e-10 9.469210414857095456e-11 8.012231557542667021e-11 6.101795438540118776e-11 4.240621749937314209e-11 2.787857066431997830e-11 1.811506417573050968e-11 1.216825116184252373e-11 8.808136995702420643e-12 7.058586928443838403e-12 6.253885228810094666e-12 5.950964502878976769e-12 5.834158417593194324e-12 5.643881010542095961e-12 5.162228250230247931e-12 4.308737665543427229e-12 3.240031688315620726e-12 2.233347122279476401e-12 1.465269722935630749e-12 9.566019408469935798e-13 6.499679830858868305e-13 4.783861939567632132e-13 3.901571436936176172e-13 3.502370768007358507e-13 3.351314291694402499e-13 3.277725660463371906e-13 3.138310058869279038e-13 2.818260497774859045e-13 2.293847753869354489e-13 1.673862413833311879e-13 1.112267808051780407e-13 6.922703903687356304e-14 4.141092738833176336e-14 2.423210066689467758e-14 1.401566575466151240e-14 8.058127674207500350e-15 4.618826705633331413e-15 2.643386863427864427e-15 1.511655592797423043e-15 8.641224386018643292e-16 4.938695216551902824e-16 2.822318877343223146e-16 1.612791408006332113e-16 9.215933830317384824e-17 5.266170900092753500e-17 3.009177075538200085e-17 1.719487883651693779e-17 9.825389489951064396e-18 5.614357528844332205e-18 3.208116791296517296e-18 1.833159192398359943e-18 1.047490622189625213e-18 5.985495130313509674e-19 3.420188226057498144e-19 1.954339127535201723e-19 1.116734268554849529e-19 6.381161817033229730e-20 3.646277113765548112e-20 2.083529168879180643e-20 1.190555094939797148e-20 6.802983394175701476e-21
3.078970255137438176e-16 4.915929116539094732e-10 1.301283201850901970e-08 8.917434996961788180e-08 3.480386754430483084e-07 9.965374514941523708e-07 2.345729354656536734e-06 4.824599336615888313e-06 8.992344665681753943e-06 1.554966115605477982e-05 2.534924533842125769e-05 3.940544328154588254e-05 5.890247958287943069e-05 8.519951203551604662e-05 1.198276780730649717e-04 1.644664571935047553e-04 2.208677568356044935e-04 2.906539769495527061e-04 3.748324469662268530e-04 4.727293878583073406e-04 5.799009414694745925e-04 6.846868690624054784e-04 7.638992442264481595e-04 7.822337322491263682e-04 7.104357759726442510e-04 5.619641605813976547e-04 3.930234138718476490e-04 2.525599887028070903e-04 1.553637300857654672e-04 9.476421246631960577e-05 5.926723518173071189e-05 3.948253040804193612e-05 2.914908773021493324e-05 2.439441925773546646e-05 2.283721582843910685e-05 2.290024408929063721e-05 2.333795685815141560e-05 2.296654036954411411e-05 2.081259736249235396e-05 1.681787136689106177e-05 1.210830613588937918e-05 7.994217504092002619e-06 5.040661400579159231e-06 3.160820972165602282e-06 2.052150346412510657e-06 1.437775058288902153e-06 1.123645976313164010e-06 9.857619583522016094e-07 9.449470756237499058e-07 9.458604825581928350e-07 9.423546617285555219e-07 8.918600367403935821e-07 7.694750402892872545e-07 5.929033904883477242e-07 4.126752703148481364e-07 2.686928991773888561e-07 1.707564545715736006e-07 1.105687943160366047e-07 7.615495261993083491e-08 5.787646143797571609e-08 4.922685790355415757e-08 4.601076990706424681e-08 4.539167336132039154e-08 4.516189127637385337e-08 4.332211069410614255e-08 3.840191580991446604e-08 3.059288141583201851e-08 2.193844945103587114e-08 1.458335008446906995e-08 9.372028387152044047e-09 6.087052882376019227e-09 4.175790566063351064e-09 3.142889634666360234e-09 2.639698230847229887e-09 2.438227150608921240e-09 2.385511816421522586e-09 2.365897742347314135e-09 2.276749618573237090e-09 2.037907467202445128e-09 1.646220737434899185e-09 1.197007518674517619e-09 8.043653569563299934e-10 5.206991004425404836e-10 3.396959662377860288e-10 2.335609251328125877e-10 1.758222887019059401e-10 1.474103579568710593e-10 1.357317789769541589e-10 1.323322607041660950e-10 1.308736684738209526e-10 1.257802125299321192e-10 1.126682823558129948e-10 9.124649990980703450e-11 6.658347248700640364e-11 4.491514848720829085e-11 2.919638655792774724e-11 1.914172138426116638e-11 1.324021034619697855e-11 1.003029585931895964e-11 8.451585186531697838e-12 7.800246218859460922e-12 7.601891024518581105e-12 7.499684699301420623e-12 7.179592601436221815e-12 6.400269627657368544e-12 5.159227640718093130e-12 3.752527944384202556e-12 2.528940092625152890e-12 1.646828323689434509e-12 1.084860217818047561e-12 7.561147697202174500e-13 5.779831476006805694e-13 4.907833502252813778e-13 4.548273175145161494e-13 4.431936875062172447e-13 4.353936114026416117e-13 4.133019954810790520e-13 3.636606004499504381e-13 2.879901530221464272e-13 2.045622570547168112e-13 1.330779173436689215e-13 8.163119326287008235e-14 4.836992180258793842e-14 2.812530270851040105e-14 1.619319138543490582e-14 9.276290189471464646e-15 5.300365109564610188e-15 3.024668752074598206e-15 1.724918410777555664e-15 9.833721769698642170e-16 5.605265619030313702e-16 3.194763554370852289e-16 1.820804181139420595e-16 1.037716423058600080e-16 5.914112229297593482e-17 3.370529424026158972e-17 1.920903360203682678e-17 1.094743358312413848e-17 6.239055124579068692e-18 3.555700518200437053e-18 2.026429272537345290e-18 1.154882197363164341e-18 6.581788207315451766e-19 3.751026303730304262e-19 2.137747025857314739e-19 1.218323186512606238e-19 6.943344391481408407e-20 3.957080666028444108e-20 2.255179421050722812e-20 1.285249063208298596e-20
3.186377056983138786e-16 5.060802512644281302e-10 1.340617951615789996e-08 9.193793197646577581e-08 3.590895666741941624e-07 1.028934043797234124e-06 2.423751689956789750e-06 4.988673633163696475e-06 9.304808975573183270e-06 1.610137395445748490e-05 2.626705052179012845e-05 4.086051293423066492e-05 6.111960402739226729e-05 8.846754234359188924e-05 1.245117007349329165e-04 1.710232317564693678e-04 2.298681597722067381e-04 3.028207547131997360e-04 3.911093456963812419e-04 4.944055653907080544e-04 6.088042116795037940e-04 7.233774202810017151e-04 8.154743781681894231e-04 8.483572790492000838e-04 7.863944140728229516e-04 6.348952647422294532e-04 4.508259743626459809e-04 2.920648513257811116e-04 1.800413591594248364e-04 1.095306503833859445e-04 6.803183750667676159e-05 4.481454397546325426e-05 3.261159865991109652e-05 2.691658936675125183e-05 2.498139248211796951e-05 2.502890718166197307e-05 2.570561545413304637e-05 2.573098160987184963e-05 2.392358227725423602e-05 1.990512752744528927e-05 1.469176650648169148e-05 9.850230047072246390e-06 6.244363779538836505e-06 3.901697266890287836e-06 2.503059404713409612e-06 1.719747970940098547e-06 1.312904061163428626e-06 1.128627299319044818e-06 1.069889824055756424e-06 1.071290267710464100e-06 1.080742700283020365e-06 1.048946156386431212e-06 9.376262858389279895e-07 7.498477734321095990e-07 5.372314132571068365e-07 3.552596434721757055e-07 2.261698832372212569e-07 1.448212370469907505e-07 9.746172465868001170e-08 7.178951569718036208e-08 5.921490263448397843e-08 5.420201250224063730e-08 5.312324366392750570e-08 5.331696908116715745e-08 5.242603437706500150e-08 4.834802020846973427e-08 4.034980377665684498e-08 3.013277498634624610e-08 2.054174696317919819e-08 1.329698077003772858e-08 8.547866394957204510e-09 5.709859286852654190e-09 4.134943520722594540e-09 3.336243803379232588e-09 2.991488694762085541e-09 2.890246233241425496e-09 2.883544281074966899e-09 2.845777095179279873e-09 2.661628260812109116e-09 2.271188538811705835e-09 1.737285679387320858e-09 1.207424220321021697e-09 7.909213729343883748e-10 5.107879034356409113e-10 3.405799791547994029e-10 2.448476732051758249e-10 1.954439627983752096e-10 1.733370299503930196e-10 1.660654826543344164e-10 1.649435662922732106e-10 1.628499194898784570e-10 1.532238646310639698e-10 1.321683285099281663e-10 1.023885414829838442e-10 7.194658120903321140e-11 4.748184414842002074e-11 3.078517287535201445e-11 2.054534832069726670e-11 1.474548021923616512e-11 1.172746680872682421e-11 1.035452967264507346e-11 9.879641953495675782e-12 9.785213612444772900e-12 9.652385378444575543e-12 9.095913606316453970e-12 7.876634324681877368e-12 6.133388055033711557e-12 4.330900909192607759e-12 2.868920903988450012e-12 1.864809992040431945e-12 1.246447826378983754e-12 8.950750842043979857e-13 7.114597952267291987e-13 6.270826094742784166e-13 5.967754558982253997e-13 5.892609936263149137e-13 5.792965096362114295e-13 5.437093683223445453e-13 4.681475621175399231e-13 3.609843284358577630e-13 2.501641839062923317e-13 1.597341863409394310e-13 9.675256020378013712e-14 5.685462105070405352e-14 3.286979013528090112e-14 1.884354675675980795e-14 1.075630729333081720e-14 6.126649677294505608e-15 3.485863073308472821e-15 1.982259683369620587e-15 1.126916892690116016e-15 6.405655608014239929e-16 3.640871383236668174e-16 2.069340904646257811e-16 1.176118767838564994e-16 6.684462766586504101e-17 3.799092933366503317e-17 2.159197447674927517e-17 1.227168814748162346e-17 6.974547164950113775e-18 3.963944779706439661e-18 2.252885464579176919e-18 1.280414542683580116e-18 7.277162401767565211e-19 4.135933313141599288e-19 2.350633840712539933e-19 1.335969177377270832e-19 7.592903699177868553e-20 4.315382980994486353e-20 2.452623001479564592e-20
3.297872145070548611e-16 5.209416714271209145e-10 1.380992985070976651e-08 9.477639330255181489e-08 3.704470622262055699e-07 1.062250526358084742e-06 2.504039996124626823e-06 5.157618888686249451e-06 9.626748920627323705e-06 1.667016649273293176e-05 2.721384092095848259e-05 4.236242427997479262e-05 6.340941718585777474e-05 9.184455927105772530e-05 1.293543447906440695e-04 1.778048553446685679e-04 2.391796937250581468e-04 3.154084033233810810e-04 4.079436309841935723e-04 5.168076636070353036e-04 6.386511913909009115e-04 7.633429563739694635e-04 8.689857121799326100e-04 9.179298143383373765e-04 8.684778650799371410e-04 7.163607964648000155e-04 5.172389733471820933e-04 3.382578031582911867e-04 2.091263765545944072e-04 1.269552131702776469e-04 7.833517742611439700e-05 5.102810141601967262e-05 3.658724166200179133e-05 2.975226971486942234e-05 2.733594076664453633e-05 2.732157381286142800e-05 2.823109108744711922e-05 2.869455479730719929e-05 2.734342092069400658e-05 2.344291347314880389e-05 1.778293947230708805e-05 1.214302386131977747e-05 7.757730587898842097e-06 4.838625383144480949e-06 3.071326612566049784e-06 2.070708885397115168e-06 1.543205045476978531e-06 1.297033190532321395e-06 1.212189037359806419e-06 1.210298510657334386e-06 1.232142639722908750e-06 1.222369476033409479e-06 1.130213763392511731e-06 9.398166441677934249e-07 6.962620009359461194e-07 4.699941273759706917e-07 3.010425529331396107e-07 1.912962210167812601e-07 1.261145724187164675e-07 9.008135973783572589e-08 7.187405525052400981e-08 6.412306402402494315e-08 6.210090816079343415e-08 6.252513889818093585e-08 6.265604787777995252e-08 5.984909588787053243e-08 5.232863089610621078e-08 4.091561042439858101e-08 2.883210747977728613e-08 1.894348316524384080e-08 1.213313872586818080e-08 7.933626164590487498e-09 5.540981833602918450e-09 4.284007799752734722e-09 3.704237154605767233e-09 3.505573212654630573e-09 3.489149199565014507e-09 3.500668611529784807e-09 3.395123550536443224e-09 3.053638372346376174e-09 2.471603946201308326e-09 1.796177960789739012e-09 1.204520604549784411e-09 7.781814636698397118e-10 5.075839932783690668e-10 3.501200231056031459e-10 2.654599580613003084e-10 2.247761883312059039e-10 2.092123385049276796e-10 2.062700564778639804e-10 2.066595056974440597e-10 2.019514142401544813e-10 1.846821036421569127e-10 1.528469645295627854e-10 1.134873217160530834e-10 7.728334248183114988e-11 5.030499671494108141e-11 3.280847769145522857e-11 2.247216171231519907e-11 1.683134761778476848e-11 1.405506601503381166e-11 1.293033504616831077e-11 1.265714939933527203e-11 1.265575698261990910e-11 1.241503989779660120e-11 1.146724688770760886e-11 9.627537068485294242e-12 7.253207628379841597e-12 4.993413767517406557e-12 3.268376346068855004e-12 2.131828831091469045e-12 1.452921462047680707e-12 1.078399667191405065e-12 8.908896901708875137e-13 8.117879767609161230e-13 7.893216843318620828e-13 7.865289144812190998e-13 7.714851548532574803e-13 7.145389282098566845e-13 6.017687715232362620e-13 4.524228661042660367e-13 3.066296194068103951e-13 1.926083136131256104e-13 1.153848303423192962e-13 6.730321742088778325e-14 3.870564782333084618e-14 2.209786476608262683e-14 1.256970104176486380e-14 7.136656405005140360e-15 4.048195338935779939e-15 2.295230931925617610e-15 1.301039156401317810e-15 7.374011498839686203e-16 4.179188266745061288e-16 2.368467157863151454e-16 1.342259317101993707e-16 7.606805070228434786e-17 4.310886001189190686e-17 2.443036635643899178e-17 1.384500169185285026e-17 7.846136169035243863e-18 4.446502748470238463e-18 2.519887990806917435e-18 1.428051540309863112e-18 8.092943600270499050e-19 4.586370536723081044e-19 2.599152492908101256e-19 1.472971623242699875e-19 8.347510984358716677e-20 4.730636928936245573e-20
3.413634943567426044e-16 5.361828471093181725e-10 1.422424955395921711e-08 9.769099241719181941e-08 3.821165544896659648e-07 1.096503800017638851e-06 2.586637602875839866e-06 5.331531689373391369e-06 9.958359183352208241e-06 1.725640229040091775e-05 2.819025299694412692e-05 4.391223685451153797e-05 6.577360969440446895e-05 9.533316619970194010e-05 1.343594955942728876e-04 1.848169634032383979e-04 2.488103108915757462e-04 3.284277845043172533e-04 4.253494295955883740e-04 5.399523297344076484e-04 6.694568327818700704e-04 8.045832246410201862e-04 9.243865429987271681e-04 9.908487241488716287e-04 9.567407962528867368e-04 8.069918644805571927e-04 5.934214389286265271e-04 3.923119287496746655e-04 2.434862810273243018e-04 1.475832782812893013e-04 9.049363843235399630e-05 5.830004082230715793e-05 4.117360216233080191e-05 3.295556272520751485e-05 2.993141206611767637e-05 2.979563893582106557e-05 3.092275415671954933e-05 3.185657711350138458e-05 3.106907374377647650e-05 2.745495220946822827e-05 2.145338661003156871e-05 1.496677997751265664e-05 9.662221707737096195e-06 6.027866967026415199e-06 3.791572591269788079e-06 2.510811739583919186e-06 1.826026539325322901e-06 1.497512095628121726e-06 1.375613880211388256e-06 1.365077177970774265e-06 1.397650672403917588e-06 1.412175382120362601e-06 1.347180975105260692e-06 1.165544491729552474e-06 8.965731298889955506e-07 6.211508489920683664e-07 4.022593792561638074e-07 2.546927892236864379e-07 1.650077614415553613e-07 1.144504382720359830e-07 8.818406805747638601e-08 7.634061694962459033e-08 7.265730726472054875e-08 7.297843123983796977e-08 7.408802808034430808e-08 7.289036322294249239e-08 6.661719227827021708e-08 5.472977851515065160e-08 4.017582081058831982e-08 2.702070747776199895e-08 1.737346026543610155e-08 1.119079071480387627e-08 7.568257187974085555e-09 5.604185136117599383e-09 4.646903456482344814e-09 4.272844827479148173e-09 4.207246080525457628e-09 4.253850602006272740e-09 4.239783953960247157e-09 3.996102367106800041e-09 3.429026569955084423e-09 2.630571301940802235e-09 1.828536985104934773e-09 1.195864725414194046e-09 7.710094324105115823e-10 5.141090043995005924e-10 3.707531194999157894e-10 2.978142834527649605e-10 2.663343193128276795e-10 2.575782243108907794e-10 2.587104698205595586e-10 2.592391257630093432e-10 2.488746420396353092e-10 2.199686555084744332e-10 1.744601535119258368e-10 1.246495558917753653e-10 8.284911457569566575e-11 5.361533291753150700e-11 3.546074110704267798e-11 2.510738875997908853e-11 1.969046215476239758e-11 1.721771606984534043e-11 1.639317073488177599e-11 1.634833993585674973e-11 1.641110906827238115e-11 1.593829684602923847e-11 1.438336338308266787e-11 1.170098601922419232e-11 8.550851733127414891e-12 5.765225537020153164e-12 3.747092657207025410e-12 2.464454250249596595e-12 1.719707979204824810e-12 1.321667783262824157e-12 1.132615874253345012e-12 1.062156794753255535e-12 1.050417315835733194e-12 1.052822030995580279e-12 1.028053563611722144e-12 9.384693063359427147e-13 7.732637405828834785e-13 5.678310973105765709e-13 3.772725259883139322e-13 2.336058414669153461e-13 1.385925921942918779e-13 8.030161568700248027e-14 4.595314743201498951e-14 2.613067487156831047e-14 1.481142902199921052e-14 8.381997819629099418e-15 4.739696727483558050e-15 2.679045403719287926e-15 1.513989936172682940e-15 8.555051853240419234e-16 4.833933623868467164e-16 2.731290553631620134e-16 1.543226621954245761e-16 8.719444069248294048e-17 4.926591171279441459e-17 2.783579110041874610e-17 1.572752084166738514e-17 8.886214604560441894e-18 5.020803658534464226e-18 2.836805991669917687e-18 1.602824641657652714e-18 9.056124294236605553e-19 5.116803425472808773e-19 2.891046574955426194e-19 1.633471051324817819e-19 9.229279438623127760e-20
3.533857083740623136e-16 5.518094990838155041e-10 1.464930673123577212e-08 1.006829966748390514e-07 3.941034840850726018e-07 1.131710922376985907e-06 2.671588262364643400e-06 5.510509793992812677e-06 1.029983749972405035e-05 1.786044873467482023e-05 2.919693054406392619e-05 4.551102265212867928e-05 6.821389316773442623e-05 9.893599898281847877e-05 1.395310883098031579e-04 1.920652711367064011e-04 2.587680866427925362e-04 3.418899606355296794e-04 4.433412102650915077e-04 5.638568325232794307e-04 7.012372301475177511e-04 8.470997405047970500e-04 9.816292642212578589e-04 1.066986141850643013e-03 1.051155367991251201e-03 9.073555937897278796e-04 6.806206021756868634e-04 4.555933252244790343e-04 2.841700390859113043e-04 1.720851219884862509e-04 1.048981343587044169e-04 6.684876586500138951e-05 4.649072497148787521e-05 3.659256895381640386e-05 3.280481523621380841e-05 3.247213732559944279e-05 3.379129950472003840e-05 3.521725637629995561e-05 3.509313394085533915e-05 3.195438675924455041e-05 2.577189173557333022e-05 1.842909141051766699e-05 1.205917069895704548e-05 7.542380309145373327e-06 4.709522986758858220e-06 3.066834756462864847e-06 2.176601565866790528e-06 1.738682465630863572e-06 1.565094135675090406e-06 1.538489898935423755e-06 1.578810349082877921e-06 1.618629649806303507e-06 1.587932399507692887e-06 1.428482760628407705e-06 1.144694797920629627e-06 8.185026451301656076e-07 5.388821928980615233e-07 3.415304111587068927e-07 2.182542329721226517e-07 1.473305501209615654e-07 1.095476324818836722e-07 9.166039694271866806e-08 8.526092274234095204e-08 8.495192416671075577e-08 8.685679551672045103e-08 8.746460669093291073e-08 8.319342948731225923e-08 7.189000081205506963e-08 5.534810949146812882e-08 3.845166039173371622e-08 2.503100530697846719e-08 1.599963209555958977e-08 1.053599122521104035e-08 7.484529055957181177e-09 5.928198675368467865e-09 5.255237649438666361e-09 5.075204146080484583e-09 5.126585842766042185e-09 5.201966851265516240e-09 5.094595577361776839e-09 4.622499416326649732e-09 3.767210522351767644e-09 2.747817619875419440e-09 1.843346648570877591e-09 1.188837162875609406e-09 7.738997054142893922e-10 5.335677627383928934e-10 4.054464422869107305e-10 3.449955577972858255e-10 3.233352633278770796e-10 3.216492384274055748e-10 3.262564616321888215e-10 3.245883284190346327e-10 3.041820649413637252e-10 2.588725319861466842e-10 1.969572563132331905e-10 1.361445746135552983e-10 8.896570459432419632e-11 5.768293507506668837e-11 3.898156217884790062e-11 2.869044829071729538e-11 2.357621770548829345e-11 2.148517932184004400e-11 2.102507126611774400e-11 2.123478224337084230e-11 2.130328223393124734e-11 2.040879753543281247e-11 1.795662781793178645e-11 1.416266877472122355e-11 1.007173139136155732e-11 6.680107475159459716e-12 4.331023335792930412e-12 2.884608128921289571e-12 2.067488862537077581e-12 1.645916000570794438e-12 1.458766259809632334e-12 1.401598904098536730e-12 1.404437439078964355e-12 1.412287023538967335e-12 1.370730922688708821e-12 1.232655775253791275e-12 9.945718191618611351e-13 7.148043333104762297e-13 4.666332113459598958e-13 2.853221702898309706e-13 1.678198751183190024e-13 9.664230155850343727e-14 5.504439676125392460e-14 3.117684333829805130e-14 1.760893013126224877e-14 9.931746114970003192e-15 5.597772877083027963e-15 3.153944878403073803e-15 1.776715179006060785e-15 1.000792638298262506e-15 5.637047967782663193e-16 3.175046175397936830e-16 1.788313722547773499e-16 1.007244829585160648e-16 5.673162461201673761e-17 3.195323338278273764e-17 1.799716548985209248e-17 1.013662224564487379e-17 5.709293121221075665e-18 3.215669320313050407e-18 1.811174958950290741e-18 1.020115669368529575e-18 5.745640212380540448e-19 3.236140984838649395e-19 1.822705226516424533e-19
3.658743557837786905e-16 5.678273932053667992e-10 1.508527087759703510e-08 1.037536840010415816e-07 4.064133461018495830e-07 1.167889095114563546e-06 2.758936160540759652e-06 5.694651888839862649e-06 1.065138267625504717e-05 1.848267727598111395e-05 3.023452439099477807e-05 4.715986585982321911e-05 7.073199893647548714e-05 1.026557253842756348e-04 1.448731089131447317e-04 1.995555703598448803e-04 2.690612171366643527e-04 3.558061903455604007e-04 4.619337835327037086e-04 5.885390790772525695e-04 7.340097150409740073e-04 8.908961893078126606e-04 1.040667229756753447e-03 1.146193585004886325e-03 1.151606144001017388e-03 1.017921378381852083e-03 7.801497603554419669e-04 5.296817195681375505e-04 3.324456768251811932e-04 2.012869573918896540e-04 1.220338267123157806e-04 7.694541570356251811e-05 5.268710952055180612e-05 4.074451844536151283e-05 3.600123166310637159e-05 3.537658222584928058e-05 3.685026302008129515e-05 3.877851063973091232e-05 3.940513430090579098e-05 3.694216203479189475e-05 3.079882484448700299e-05 2.264878678705073000e-05 1.507302168496328465e-05 9.476542881862054060e-06 5.885738695343348728e-06 3.774551743694587984e-06 2.615287786458364392e-06 2.032004462555521129e-06 1.787128723939980747e-06 1.734288959516965102e-06 1.777737295357740782e-06 1.842395797421893380e-06 1.851613539271812312e-06 1.728590643635770753e-06 1.446022702990976861e-06 1.072955332436745330e-06 7.225422972428480297e-07 4.607836355623660631e-07 2.917052902564773118e-07 1.922297253168239685e-07 1.379903220401876736e-07 1.112398116526241801e-07 1.005780726566582016e-07 9.883639755702998559e-08 1.011783194654421695e-07 1.036125714990376483e-07 1.019609984710448571e-07 9.251217221546284466e-08 7.506229623106783760e-08 5.435735629332567920e-08 3.616838173724730862e-08 2.313449329910981534e-08 1.493670120565920982e-08 1.021817154424834371e-08 7.717846451637756282e-09 6.550605817227986222e-09 6.150201609619717006e-09 6.152714400950883510e-09 6.297505531779743032e-09 6.345752689905658522e-09 6.047140829899785458e-09 5.244184490032839819e-09 4.055833831323871493e-09 2.830344401200658166e-09 1.850891818801052208e-09 1.190317495618997645e-09 7.913083960252473718e-10 5.696725899683033870e-10 4.579444139802539574e-10 4.109652944086812619e-10 3.998978449739929763e-10 4.054775863503108545e-10 4.123312172134080332e-10 4.047210156838439097e-10 3.683458496011001581e-10 3.013023310766728355e-10 2.205389708931130935e-10 1.483886296267679537e-10 9.602022096026538402e-11 6.283238280547816850e-11 4.367451375806534621e-11 3.353430212988631159e-11 2.882273082948646849e-11 2.721359408866860719e-11 2.719808043511886792e-11 2.768433839141002523e-11 2.765462656914797395e-11 2.606157549261138037e-11 2.233261507778196046e-11 1.710329789097929657e-11 1.187837196173157700e-11 7.782938242375820712e-12 5.054373848455467399e-12 3.421470609200258509e-12 2.524066923093560340e-12 2.079565320239224912e-12 1.899310280064671460e-12 1.861899191634494178e-12 1.884531975460905782e-12 1.897755019944016570e-12 1.829089824739805789e-12 1.620591388079971605e-12 1.282197178842989961e-12 9.038808732664271253e-13 5.809918229951111702e-13 3.513319130672510925e-13 2.050489651316276878e-13 1.174101606689992568e-13 6.656933228555190297e-14 3.755611703903694432e-14 2.113519128069798408e-14 1.187937903353604884e-14 6.672891852020236401e-15 3.747155865448418404e-15 2.103892455350410739e-15 1.181170432845177866e-15 6.631095935837704564e-16 3.722630642381495924e-16 2.089828008310063508e-16 1.173192096817324857e-16 6.586075526492347723e-17 3.697292267864567220e-17 2.075585400712883428e-17 1.165191496149740095e-17 6.541147502358411109e-18 3.672066581457270242e-18 2.061423088610376209e-18 1.157240746663071027e-18 6.496512728645402598e-19 3.647009281351299170e-19
3.788514116189866566e-16 5.842423433333653210e-10 1.553231272843138397e-08 1.069043438377699032e-07 4.190516799359563052e-07 1.205055678775394776e-06 2.848725890063261118e-06 5.884057640649545301e-06 1.101319586862989659e-05 1.912346243835863911e-05 3.130369224751313866e-05 4.885986229403575684e-05 7.332967757773293735e-05 1.064950441797499355e-04 1.503895912077153109e-04 2.072937273472096650e-04 2.796980158537381808e-04 3.701879224405320106e-04 4.811422998716118038e-04 6.140176332864441316e-04 7.677929239708818987e-04 9.359788060249042262e-04 1.101456549074180009e-03 1.228307547596862266e-03 1.257889126550462483e-03 1.139024822502210854e-03 8.933530418661569678e-04 6.163868626890000061e-04 3.898442031795049893e-04 2.362099795726478244e-04 1.425055814803347402e-04 8.892841199327619151e-05 5.994752760881030655e-05 4.551184790670915136e-05 3.957591437587196806e-05 3.854003805065425508e-05 4.011661687470017922e-05 4.254475116744866833e-05 4.399325014518420609e-05 4.240666322499331010e-05 3.657969725441740109e-05 2.775119125879275147e-05 1.885387387455614310e-05 1.195186213534350770e-05 7.400580811520223796e-06 4.682003400551688515e-06 3.169482180343750160e-06 2.392840629788570823e-06 2.050358362482333844e-06 1.957418923565728883e-06 1.997277988146953131e-06 2.084697936994732891e-06 2.137465578224333435e-06 2.064425875224661972e-06 1.803884160108102083e-06 1.395674551454631324e-06 9.676316585846921483e-07 6.246428613909522546e-07 3.936737464789421675e-07 2.542287218381793222e-07 1.764614167826205993e-07 1.367587437309788536e-07 1.195672101584054532e-07 1.151884262597900828e-07 1.173763824816393461e-07 1.214597611457752010e-07 1.228150483533212588e-07 1.164952665134513721e-07 9.981277939833316586e-08 7.596285049961604624e-08 5.219902297701599968e-08 3.373197066078506403e-08 2.152845961804204021e-08 1.426544282795603578e-08 1.028363876528015620e-08 8.312608560079341197e-09 7.520908342742143314e-09 7.384621164012005759e-09 7.555881245402504673e-09 7.755120963922237484e-09 7.687522828472717223e-09 7.068512014439030931e-09 5.833913096963327249e-09 4.293137178068536759e-09 2.889928187511657672e-09 1.861488491590549664e-09 1.206859649843181651e-09 8.280700665309553856e-10 6.269818138932796547e-10 5.330446591244974900e-10 5.008224241876325182e-10 5.013020185948619020e-10 5.141397643296468681e-10 5.209569954403253851e-10 5.017641111845278477e-10 4.418732177264597770e-10 3.474364614144919172e-10 2.456821724044663605e-10 1.619341599842287942e-10 1.044768997386724396e-10 6.946519316409989392e-11 4.993134871713795015e-11 4.005035112592657308e-11 3.587113680041570828e-11 3.487390788086143370e-11 3.540368952082960567e-11 3.617818136939296836e-11 3.588029247279918722e-11 3.319862896155462514e-11 2.770497519451316702e-11 2.064799290302728637e-11 1.405567689720308421e-11 9.133307467519809499e-12 5.962508187413039780e-12 4.114069987883026680e-12 3.126884114319435105e-12 2.661023800746962750e-12 2.494850677413639117e-12 2.486249222593119886e-12 2.535860895984380404e-12 2.554056892181945609e-12 2.443717539012073037e-12 2.134817818842324078e-12 1.659208714227114162e-12 1.149831837996085830e-12 7.291317886772996157e-13 4.366189705933954937e-13 2.530357762440879058e-13 1.441092678947219147e-13 8.134346093965876606e-14 4.570916202665930920e-14 2.562787323937179995e-14 1.435291403222680368e-14 8.033947521385073273e-15 4.495725207995149710e-15 2.515428704963419898e-15 1.407327803616749495e-15 7.873433060031805953e-16 4.404796722005048359e-16 2.464245967697149055e-16 1.378606983372995122e-16 7.712514890200936110e-17 4.314705114427060306e-17 2.413826247409742348e-17 1.350394879389747771e-17 7.554670117695216281e-18 4.226396137019143942e-18 2.364421406862115530e-18 1.322755444687382480e-18 7.400042765806181815e-19
3.923404655266682873e-16 6.010602145969500601e-10 1.599060408059498993e-08 1.101362763131072341e-07 4.320240592042238590e-07 1.243228190464134663e-06 2.941002409271530852e-06 6.078827613743788354e-06 1.138547998754158187e-05 1.978318421916202321e-05 3.240509839944589148e-05 5.061211948989408326e-05 7.600869892523247644e-05 1.104566842763648739e-04 1.560846153819755121e-04 2.152856803509171609e-04 2.906869092078763202e-04 3.850467965031277758e-04 5.009822490936924723e-04 6.403117156982686235e-04 8.026068733168496968e-04 9.823566820245789415e-04 1.163957752751109895e-03 1.313155754315110686e-03 1.369715524297123376e-03 1.270831987781665534e-03 1.021554695097599960e-03 7.177565307677296301e-04 4.582097920771762041e-04 2.781193720041020136e-04 1.670709556516480237e-04 1.032225159089483968e-04 6.850328682824970053e-05 5.101954245556052613e-05 4.359701693742160160e-05 4.200050240057230021e-05 4.361148871991000667e-05 4.652361321527855162e-05 4.884620171266686677e-05 4.832489446708630921e-05 4.313882157375835836e-05 3.386015996130654774e-05 2.357830638051549145e-05 1.512355480357034284e-05 9.360752142688001296e-06 5.854015800453158302e-06 3.876313883080311551e-06 2.841956161542794134e-06 2.366375282826523132e-06 2.214445918135311233e-06 2.241227507418427680e-06 2.347474177024170721e-06 2.445186666841805506e-06 2.433564928578097575e-06 2.218802732425549353e-06 1.796654733648594622e-06 1.291031470376020186e-06 8.493199166165368568e-07 5.359104364147901078e-07 3.407100570870870372e-07 2.292881359610887872e-07 1.706805710392815206e-07 1.436235044188421126e-07 1.348082438739587812e-07 1.359211983600628204e-07 1.412479582539521261e-07 1.457174774082324427e-07 1.435798782169207174e-07 1.297321968832207983e-07 1.043961286451876743e-07 7.487052429670481828e-08 4.941040801698035841e-08 3.146814772915850375e-08 2.035134477419976565e-08 1.405201787406702566e-08 1.078571822032285085e-08 9.327060805882272512e-09 8.903571096964876258e-09 9.025369468859488898e-09 9.344138509742707265e-09 9.531450204092081375e-09 9.216449320254856233e-09 8.123619715313283684e-09 6.373860494964342708e-09 4.487198259484793944e-09 2.940611292259050519e-09 1.885067802905420727e-09 1.245134817994957195e-09 8.898522331112199378e-10 7.112667420114729011e-10 6.369289561409345509e-10 6.211435570847476442e-10 6.343161983314773042e-10 6.539472013014415538e-10 6.568287836632491028e-10 6.180456902545907678e-10 5.255053225929598764e-10 3.978531445119322910e-10 2.731476491739199598e-10 1.774739924044699287e-10 1.149016228510019711e-10 7.808997801968756954e-11 5.826308578233822564e-11 4.878081004512089379e-11 4.530449693504295341e-11 4.508992504386067506e-11 4.629202652105789814e-11 4.734752473290620046e-11 4.652047402412757920e-11 4.221613264223014315e-11 3.433590144565609854e-11 2.496878892387250119e-11 1.671838160925852053e-11 1.081066539180964753e-11 7.115972922673508980e-12 5.014802313570065680e-12 3.926421522309466837e-12 3.442203873277101358e-12 3.300409669946396072e-12 3.333378231160948502e-12 3.420054416312901832e-12 3.442692237030863207e-12 3.270786014623613517e-12 2.820898187915537482e-12 2.158206246232817346e-12 1.473594667783769088e-12 9.234901397319108200e-13 5.482243898824149333e-13 3.156635934164714212e-13 1.788529014080016539e-13 1.005090708733039932e-13 5.625123455818152920e-14 3.141769985578561566e-14 1.752990018106933044e-14 9.776166867177806950e-15 5.450686368889424351e-15 3.038653293788060351e-15 1.693889590510173381e-15 9.442265008735774675e-16 5.263333690902450764e-16 2.933880835666273307e-16 1.635394270602873246e-16 9.115945025646269769e-17 5.081366704445355866e-17 2.832430002601409925e-17 1.578838612756845862e-17 8.800680300599700616e-18 4.905629296678778977e-18 2.734470213747269105e-18 1.524234057708139906e-18
4.063668989203444552e-16 6.182869274232460710e-10 1.646031749149271552e-08 1.134507936440515912e-07 4.453361043878009505e-07 1.282424279722546714e-06 3.035811073152623107e-06 6.279063189406887449e-06 1.176843993865958337e-05 2.046222445082920789e-05 3.353941246375787623e-05 5.241775570244094868e-05 7.877085019393758334e-05 1.145434024631236908e-04 1.619623063199274638e-04 2.235374369566276169e-04 3.020364322539810823e-04 4.003946342198555497e-04 5.214694515670310459e-04 6.674412139176464634e-04 8.384729981675256762e-04 1.030042025088727430e-03 1.228137271102266743e-03 1.400563763584490628e-03 1.486720568856386444e-03 1.413307442434991136e-03 1.165991104998162844e-03 8.360702685124756645e-04 5.397552203155144739e-04 3.285855500369551634e-04 1.966830752594556911e-04 1.203639416463389192e-04 7.864579909742491206e-05 5.742418707235031120e-05 4.814918692467075198e-05 4.580472146567594904e-05 4.736106609267250927e-05 5.072664464754779451e-05 5.395514493782645784e-05 5.466520002647780915e-05 5.047436803248693722e-05 4.108665468279178325e-05 2.944696662398033055e-05 1.918752800013238661e-05 1.190777356434584268e-05 7.378436694197422911e-06 4.786451275301555801e-06 3.407657515677541807e-06 2.750878559851959755e-06 2.514169792973368447e-06 2.514640490922939964e-06 2.633541328899401880e-06 2.775245190364019127e-06 2.833272245768462650e-06 2.688280368340827099e-06 2.282871282977588251e-06 1.711033173021047457e-06 1.155687127099882338e-06 7.348569675105476398e-07 4.624109765899270177e-07 3.028623542863918610e-07 2.166539539275464106e-07 1.748025641650377659e-07 1.588612448140778803e-07 1.574907925005477711e-07 1.633672800696160692e-07 1.707615771304593047e-07 1.734705596604247536e-07 1.645450761557664537e-07 1.403989164403213940e-07 1.061080688554941659e-07 7.236235799883700856e-08 4.648994263803565016e-08 2.961597758050618335e-08 1.970695047330421958e-08 1.436365058686778473e-08 1.179240990302686623e-08 1.083766298082171256e-08 1.078170039299385034e-08 1.115578744101776486e-08 1.158397978559071710e-08 1.165056173969759914e-08 1.090870704029630820e-08 9.179017346220347490e-09 6.859401413611011455e-09 4.653222295855068358e-09 2.997058892900016859e-09 1.931387606320697936e-09 1.312502278547205308e-09 9.836442398391412821e-10 8.299337373509326439e-10 7.775831234637945776e-10 7.804296457430461421e-10 8.076014561622016351e-10 8.327032282127298185e-10 8.254633772102155349e-10 7.562973900339517518e-10 6.204667651295739050e-10 4.536335347261780335e-10 3.039913269442483874e-10 1.958653221484023981e-10 1.279991486195120568e-10 8.936176024448245534e-11 6.934015886733748209e-11 6.044118797633569485e-11 5.789429499852877299e-11 5.868910341438678964e-11 6.072435831964712624e-11 6.202445556235238290e-11 6.028690965701199454e-11 5.364371236251369895e-11 4.258447291860580286e-11 3.030202004597319692e-11 2.002178681166137884e-11 1.292164553096272642e-11 8.596068060783228075e-12 6.194224485989461977e-12 4.990797441437155790e-12 4.493275395108211564e-12 4.390555061910234563e-12 4.483174436449279792e-12 4.621365065766746371e-12 4.648412802655062744e-12 4.388654553133334398e-12 3.743279804261906404e-12 2.825773998607386783e-12 1.905212157779944809e-12 1.181915284914982414e-12 6.962366283337000740e-13 3.984827970607887171e-13 2.246526763472482198e-13 1.256887581456161264e-13 7.005332233695692186e-14 3.897122887501033783e-14 2.165992505183006758e-14 1.203293870132630364e-14 6.683269553332289978e-15 3.711575167873719636e-15 2.061122960299352314e-15 1.144558212692451228e-15 6.355739946235601731e-16 3.529323857435022536e-16 1.959816910032851548e-16 1.088275356223571659e-16 6.043127330350092657e-17 3.355710794359823013e-17 1.863404844619996957e-17 1.034736749485982914e-17 5.745826477039804347e-18 3.190620332484206760e-18
4.209580761499124761e-16 6.359284588234114315e-10 1.694162651220544251e-08 1.168492145273016323e-07 4.589934835849999081e-07 1.322661716013353995e-06 3.133197601075009854e-06 6.484866682422025273e-06 1.216228220594908108e-05 2.116096895962403805e-05 3.470731337212501396e-05 5.427789961769095167e-05 8.161793675107804815e-05 1.187579838866702306e-04 1.680268318258048448e-04 2.320550708403962931e-04 3.137552265849495137e-04 4.162434303115883968e-04 5.426200468655976170e-04 6.954266755024301073e-04 8.754141879290003011e-04 1.079050365259081462e-03 1.293968684115639730e-03 1.490361523281383445e-03 1.608477113753367486e-03 1.566190252551510594e-03 1.327725798147812684e-03 9.738110591508638853e-04 6.371199619612616339e-04 3.895601417758887759e-04 2.325465097904697725e-04 1.410336487844258849e-04 9.074465134716358007e-05 6.492334861810384174e-05 5.333832723371720455e-05 5.001057149131967134e-05 5.139776006984260481e-05 5.516999560068384489e-05 5.931536993508896086e-05 6.139121372449201134e-05 5.855622475811772277e-05 4.951451555415141339e-05 3.667696946798944713e-05 2.438668309491696536e-05 1.522867538774518333e-05 9.374710476430106067e-06 5.969508115959435153e-06 4.128864689236890231e-06 3.225337793369211963e-06 2.868504723521718532e-06 2.824282868998960492e-06 2.946805994971002818e-06 3.129123912002351106e-06 3.261256825358259353e-06 3.207304945303487059e-06 2.856472408027951195e-06 2.245142805541943601e-06 1.569332444907749866e-06 1.013111327382256010e-06 6.349095544515004130e-07 4.066761965071738988e-07 2.801349516793579787e-07 2.161699786356056181e-07 1.890686012454450472e-07 1.830704749355789754e-07 1.884009694368182665e-07 1.982187212758298505e-07 2.059770749925649031e-07 2.036737809945183742e-07 1.840549753419294442e-07 1.476546561103780054e-07 1.053300035070422355e-07 6.911080919704842236e-08 4.383722573186064622e-08 2.834980723364761339e-08 1.968731004791207365e-08 1.528065788982258295e-08 1.339278183783488667e-08 1.294396220141023326e-08 1.326160766517292243e-08 1.387736080350635574e-08 1.434557404771888792e-08 1.412506233084113211e-08 1.273205798044386188e-08 1.021121242034453806e-08 7.299290824725094158e-09 4.810554975069106011e-09 3.073956219402218612e-09 2.010615033847816548e-09 1.417650792873153918e-09 1.118302252181585105e-09 9.925387452154597255e-10 9.653456037960265685e-10 9.896853173601814523e-10 1.032212867443643047e-09 1.060054537238765272e-09 1.033480948396057010e-09 9.199897123606326356e-10 7.287434302759370977e-10 5.164519387781562850e-10 3.395968116765449191e-10 2.181758504242711838e-10 1.446643186530071033e-10 1.041329289058292072e-10 8.404465229120839028e-11 7.597634078180463713e-11 7.466234274857023839e-11 7.677027442214991964e-11 7.984404428601389206e-11 8.131308814346240606e-11 7.812990123555358024e-11 6.820083323282834013e-11 5.294660880444366839e-11 3.697323525773680219e-11 2.417734476232150910e-11 1.561049317121582911e-11 1.051259120722917649e-11 7.747604649542007790e-12 6.411995581731678636e-12 5.909084548382388840e-12 5.866325307007676057e-12 6.044318782290023858e-12 6.255141592362944788e-12 6.288496578994680305e-12 5.907423931649580271e-12 4.994004873898778159e-12 3.729245862616048555e-12 2.488362227297646202e-12 1.530393241622015229e-12 8.953291487617981644e-13 5.095477268088912097e-13 2.858656955276856157e-13 1.592221021811069288e-13 8.836679610527077652e-14 4.895631957249098804e-14 2.709893776429867477e-14 1.499378512141746424e-14 8.294301376566693189e-15 4.587794333010336165e-15 2.537501271910973421e-15 1.403453033545945353e-15 7.762189298777826818e-16 4.293070126102140881e-16 2.374381270456815552e-16 1.313204321055195563e-16 7.262963096828491594e-17 4.016938830713594098e-17 2.221654514189453723e-17 1.228733760169724571e-17 6.795775756940917835e-18
4.361435657820843654e-16 6.539908563072376898e-10 1.743470592583458182e-08 1.203328654895977320e-07 4.730019074597165403e-07 1.363958413871526817e-06 3.233208026478461295e-06 6.696341145396636960e-06 1.256721514180545158e-05 2.187980676125753231e-05 3.590948304914689718e-05 5.619369060244282200e-05 8.455177980795200074e-05 1.231032399352986024e-04 1.742824007682738962e-04 2.408447184699635227e-04 3.258520317615460401e-04 4.326053504762303087e-04 5.644504960098138202e-04 7.242893063841718618e-04 9.134548062210541769e-04 1.129400699457743049e-03 1.361433730787721787e-03 1.582389611026143545e-03 1.734513399649052594e-03 1.728982140750217906e-03 1.507550327298910276e-03 1.133605481507045593e-03 7.534257520243460658e-04 4.634691786468843311e-04 2.761901914982905831e-04 1.661017383558105074e-04 1.052718538207449568e-04 7.376816105341062765e-05 5.929796198350475485e-05 5.469023153619714301e-05 5.576175495967454580e-05 5.987517778130131625e-05 6.492769768722202498e-05 6.846646276686759619e-05 6.732774909478591739e-05 5.918536088649905299e-05 4.548706816574433007e-05 3.101449527826770998e-05 1.956890371558617304e-05 1.200557346967068586e-05 7.521743657782642129e-06 5.059558119809692377e-06 3.819411794886240007e-06 3.293758318281943719e-06 3.179293181234000827e-06 3.292570528221178366e-06 3.509513027170555543e-06 3.716345716712140541e-06 3.769535803316291883e-06 3.513728402426665138e-06 2.906761292097911971e-06 2.119368426657946831e-06 1.400843792539684958e-06 8.806376023501858796e-07 5.548706904017814558e-07 3.693539417324416293e-07 2.723525170467878751e-07 2.280089527082892665e-07 2.141135347022505166e-07 2.172004845166719873e-07 2.285758192901638945e-07 2.411282662134408139e-07 2.464720303201163705e-07 2.347053437599419028e-07 2.005388716809931568e-07 1.513209511999197501e-07 1.027890065321842661e-07 6.573507310307895928e-08 4.175224735442175106e-08 2.780883322079873934e-08 2.039125762717448435e-08 1.690606839327213437e-08 1.570336591042115312e-08 1.577475842566794352e-08 1.647796830528595067e-08 1.731017392278247148e-08 1.769909010383959618e-08 1.695590044960188322e-08 1.465434751044775766e-08 1.121267127391114401e-08 7.713243582040827819e-09 4.980564618732611979e-09 3.186231106653723395e-09 2.134110950847174476e-09 1.571308533619639265e-09 1.305188529367132990e-09 1.211441332670100798e-09 1.213628816616470429e-09 1.263161472191864162e-09 1.322243980131069584e-09 1.348010213644444751e-09 1.289082050934258616e-09 1.113809947002968394e-09 8.533832320045502258e-10 5.886806575782774048e-10 3.817426555807469703e-10 2.457546468065457243e-10 1.660501530435310928e-10 1.235194717146625316e-10 1.035386792347868468e-10 9.663457508963788382e-11 9.696300339234359269e-11 1.007939381283718203e-10 1.051731581716706969e-10 1.066896830004479183e-10 1.013347824133944794e-10 8.687801724988259109e-11 6.611261841336138800e-11 4.543368324936510353e-11 2.947547444049634217e-11 1.907401750036535626e-11 1.301467930034492668e-11 9.803916669002983565e-12 8.314315941925382891e-12 7.817814165585788961e-12 7.864560818522585545e-12 8.164619819551538515e-12 8.479459213154400283e-12 8.525769617233955160e-12 7.982761602289940393e-12 6.705728466643248597e-12 4.967096071109047276e-12 3.287437422102230110e-12 2.007342845446299073e-12 1.167188125416288060e-12 6.607367547777220236e-13 3.688981343301362628e-13 2.045368630211229389e-13 1.130182047101211791e-13 6.234405251825633831e-14 3.436247597673537541e-14 1.893212187640819099e-14 1.042866727521173225e-14 5.744028846127085598e-15 3.163617723251836050e-15 1.742374040000946251e-15 9.596080556280827523e-16 5.284987636109130099e-16 2.910669443987980820e-16 1.603028406366569659e-16 8.828547642174277394e-17 4.862248728463667484e-17 2.677842369606166442e-17 1.474798924310312303e-17
4.519553938868742625e-16 6.724802220476031839e-10 1.793973204730913709e-08 1.239030778760440201e-07 4.873671125247354369e-07 1.406332423218452519e-06 3.335888746576933357e-06 6.913590448140467967e-06 1.298344864790740865e-05 2.261913013733578794e-05 3.714661007466070448e-05 5.816627506626916494e-05 8.757421721035077878e-05 1.275820072742046211e-04 1.807332611422400538e-04 2.499125784314765739e-04 3.383356844559944781e-04 4.494927201677100382e-04 5.869775568344083637e-04 7.540509478637479187e-04 9.526206891200936135e-04 1.181115579310643452e-03 1.430523073787451360e-03 1.676504784632485822e-03 1.864333775848118309e-03 1.900951453851239259e-03 1.705877784549497374e-03 1.318121671250320525e-03 8.923205170354532373e-04 5.533253860840538522e-04 3.295625880530633160e-04 1.966869946140091074e-04 1.228346353291166239e-04 8.428035441933352117e-05 6.619782226733998166e-05 5.993444210905833278e-05 6.050306705936100732e-05 6.486998301558502078e-05 7.079954856817119164e-05 7.585894279130523472e-05 7.671172003014571368e-05 7.008589210191976527e-05 5.607429728729574524e-05 3.941249665801727222e-05 2.524676713153148748e-05 1.549276779850827779e-05 9.577042232386956676e-06 6.275260819959115037e-06 4.574498956334305288e-06 3.812509054411433913e-06 3.592156342297585880e-06 3.677998527970446107e-06 3.920503779430272657e-06 4.198967128853080051e-06 4.368848185248236752e-06 4.245411193462913130e-06 3.701378951443294509e-06 2.835212463947581663e-06 1.936527118984038744e-06 1.231411130091312173e-06 7.685103015672794822e-07 4.968190831080903310e-07 3.504144631104749230e-07 2.796011664274130205e-07 2.528005233796021879e-07 2.510149102337295758e-07 2.625847578275258947e-07 2.792401539852597015e-07 2.924879148553440848e-07 2.911657192223472748e-07 2.645840485636593692e-07 2.129377077608286240e-07 1.518607824882964573e-07 9.932333393412860614e-08 6.273860729626117579e-08 4.046376637087209457e-08 2.812439740004981467e-08 2.193916222791800497e-08 1.937435740906331879e-08 1.887573901104614932e-08 1.949595217767079140e-08 2.059902301905803162e-08 2.159260901398587182e-08 2.171259845495901311e-08 2.013684666499678634e-08 1.665376165347199373e-08 1.219409989101036848e-08 8.128726313070287446e-09 5.185762120814853990e-09 3.349814980012627213e-09 2.315344236314606234e-09 1.787052682773098698e-09 1.558956565053655549e-09 1.502654005358866034e-09 1.539862045728607986e-09 1.619308181535204848e-09 1.695695268576696447e-09 1.711725160702952343e-09 1.602789936371741966e-09 1.344296515851114966e-09 9.988411942463055801e-10 6.735429234023650990e-10 4.327157291544846028e-10 2.803324030519118138e-10 1.936576781865521797e-10 1.489875310124067499e-10 1.293542325068032326e-10 1.240655515671796660e-10 1.265920656175839753e-10 1.327027708824233536e-10 1.387446114885358778e-10 1.401436815481356199e-10 1.316607777647113545e-10 1.110548446662106563e-10 8.305180462942258318e-11 5.631462151443080502e-11 3.631931094121790261e-11 2.358326050125869354e-11 1.630613242045649632e-11 1.253826610182129037e-11 1.086586668691450247e-11 1.039265803753891701e-11 1.057044200839083803e-11 1.104494624637207829e-11 1.151098842595279767e-11 1.158678276979895853e-11 1.083586126056239379e-11 9.071252387452849402e-12 6.685058280499009072e-12 4.398765665456153038e-12 2.670495351370063653e-12 1.544414295843096867e-12 8.698730830745783443e-13 4.833329509371013321e-13 2.667419820639432136e-13 1.467193027927866475e-13 8.057029891366078389e-14 4.420970191279713684e-14 2.424890693299013031e-14 1.329795719894716351e-14 7.291851900477144889e-15 3.998262649974500788e-15 2.192276470816954651e-15 1.202028315023794843e-15 6.590704077575937567e-16 3.613664428510483216e-16 1.981359529246426815e-16 1.086371816036100226e-16 5.956533138415399574e-17 3.265942773581493166e-17
4.684283357886209980e-16 6.914027195222500804e-10 1.845688278069181131e-08 1.275611953119530023e-07 5.020948691253760682e-07 1.449801887217085692e-06 3.441286501982954669e-06 7.136719205152136327e-06 1.341119427159581536e-05 2.337933434669335809e-05 3.841938836482681498e-05 6.019681534750127079e-05 9.068710194368393026e-05 1.321971466648072470e-04 1.873836975784703887e-04 2.592649035597970140e-04 3.512151098028304472e-04 4.669180164682002615e-04 6.102182785871113242e-04 7.847340623677122708e-04 9.929391343225569579e-04 1.234221161630970950e-03 1.501236784599981749e-03 1.772584655041025770e-03 1.997440974515628416e-03 2.081155232050301181e-03 1.922639994587554751e-03 1.529915475133885976e-03 1.057995936175425101e-03 6.628598220496857187e-04 3.951556802796565610e-04 2.342371704702355436e-04 1.442201570014350442e-04 9.687550723393794044e-05 7.425553814872111458e-05 6.585827538857280455e-05 6.568433795408286694e-05 7.018971227749756434e-05 7.694574875026892881e-05 8.354504837649614178e-05 8.661975562356571717e-05 8.214162556514071592e-05 6.858286860405192681e-05 4.995686119371592278e-05 3.266739615563144243e-05 2.013761891872875107e-05 1.232253517730373351e-05 7.882547976261678854e-06 5.548999859750257060e-06 4.456393000358683970e-06 4.080148946367316267e-06 4.112828679848003000e-06 4.367859700398005603e-06 4.711433524997799268e-06 5.000795866941818136e-06 5.038787373833955371e-06 4.623699724344991161e-06 3.740900806111432484e-06 2.665795947885576093e-06 1.731170715905804338e-06 1.078810673204228130e-06 6.816422771726337939e-07 4.612596404558875914e-07 3.498857187652844177e-07 3.024602828319334075e-07 2.917099953051170879e-07 3.013537198669948928e-07 3.209543912797892419e-07 3.416569453651445074e-07 3.521822745154429060e-07 3.383060957719974608e-07 2.913953997512082302e-07 2.209724848531631203e-07 1.501602142088077808e-07 9.571410534901509819e-08 6.051180927830184807e-08 4.016501664723447268e-08 2.944249558177461941e-08 2.448544390857557143e-08 2.286081373140048796e-08 2.310626058360092161e-08 2.432001072935995246e-08 2.583172177107310682e-08 2.688177708941744715e-08 2.645353560561189507e-08 2.366380801747913468e-08 1.872807599026848322e-08 1.318352291949354437e-08 8.578455582429302823e-09 5.450024170581703113e-09 3.582738528319316899e-09 2.570934169467938506e-09 2.082271951077814981e-09 1.898545674265716827e-09 1.886951309571626143e-09 1.966714284388239641e-09 2.082016451600238713e-09 2.175685811386799429e-09 2.170672565712024728e-09 1.988543614471800010e-09 1.620667574928863088e-09 1.171419730657344003e-09 7.753508151834246402e-10 4.954841351928267030e-10 3.241592513376165158e-10 2.294547058822377688e-10 1.824671199973553833e-10 1.635114319747683923e-10 1.604493270896547510e-10 1.659304549231990203e-10 1.750824677293310013e-10 1.832828459596702543e-10 1.843760745590357573e-10 1.715411580471227663e-10 1.426733108097865500e-10 1.051390823327523473e-10 7.050937692669935739e-11 4.527530719546381550e-11 2.951534079311265893e-11 2.066733396394369191e-11 1.618919058848741247e-11 1.429423997360693321e-11 1.386755058142739222e-11 1.423428627149889080e-11 1.495790662006725876e-11 1.564646943438035956e-11 1.578695543590942075e-11 1.478209616082877931e-11 1.237287534726246093e-11 9.101345797097419380e-12 5.968643651077605088e-12 3.608104044453097923e-12 2.076913142466409438e-12 1.164199123252004723e-12 6.437734323783458998e-13 3.535937992439739174e-13 1.935702476837269404e-13 1.057968756625579023e-13 5.777865698212825182e-14 3.154258878125312278e-14 1.721659829306220979e-14 9.396337374544049870e-15 5.128035696760612492e-15 2.798558144980091714e-15 1.527260724162936892e-15 8.334698002971268750e-16 4.548471726141636560e-16 2.482221978877882607e-16 1.354613762089535801e-16 7.392481184358405576e-17
4.856002540419463728e-16 7.107645619647698283e-10 1.898633739853055377e-08 1.313085714937513937e-07 5.171909926038836028e-07 1.494385068882010199e-06 3.549448280328126658e-06 7.365832752939812773e-06 1.385066494755532011e-05 2.416081760444435507e-05 3.972851742496225454e-05 6.228647679945426810e-05 9.389229807872622716e-05 1.369515418779363044e-04 1.942380307929855992e-04 2.689080024091064914e-04 3.644993165332215709e-04 4.848938589813800242e-04 6.341899803050383803e-04 8.163617107366531647e-04 1.034438866088255738e-03 1.288747175991367989e-03 1.573584594835726732e-03 1.870531299872070681e-03 2.133358241129181421e-03 2.268479540902416502e-03 2.157203482825860354e-03 1.771219083055670289e-03 1.255156730935412567e-03 7.966695680989755888e-04 4.761656756499148876e-04 2.806377621212368095e-04 1.704569823505292187e-04 1.120951007103734208e-04 8.375271809949290792e-05 7.260903479359710321e-05 7.138464768096157659e-05 7.587884888913968076e-05 8.338919497299868090e-05 9.151246153187525903e-05 9.696353604663744371e-05 9.522047300939464600e-05 8.306967498558348584e-05 6.302852881311010237e-05 4.233181512251824838e-05 2.634681974713680731e-05 1.602067476633291945e-05 1.003306546366679735e-05 6.826192991465372242e-06 5.270288709993427115e-06 4.667506580105395819e-06 4.610466864216739873e-06 4.859464428020274522e-06 5.258102578918139174e-06 5.663647107999390633e-06 5.880679674889316027e-06 5.657406204409412834e-06 4.847681719992585022e-06 3.636756369534131009e-06 2.437968777694134100e-06 1.531432776434997324e-06 9.530868785110847223e-07 6.218814704640169763e-07 4.483029376242244483e-07 3.682616744455670981e-07 3.421339787812372655e-07 3.465196394772565015e-07 3.672866732646603713e-07 3.943908254028603590e-07 4.169081345726112657e-07 4.194070923657812332e-07 3.856942608307733585e-07 3.137761661741610483e-07 2.251381901930622759e-07 1.472614146889962172e-07 9.261428756640702110e-08 5.936655024831959372e-08 4.104670016299770710e-08 3.194237841717603213e-08 2.823072136829077932e-08 2.759292745620808167e-08 2.864860242963786443e-08 3.051688117510267395e-08 3.242778756065838618e-08 3.335676005682840834e-08 3.199543620005137756e-08 2.754775390344487196e-08 2.090099658606585002e-08 1.422391840198777885e-08 9.099317020592136340e-09 5.799635218595391743e-09 3.906471333371766418e-09 2.921864673582880710e-09 2.479352715683039347e-09 2.348460495478101096e-09 2.391313684274087659e-09 2.523675404383075277e-09 2.682270650106082071e-09 2.792169585706721606e-09 2.750369715219637915e-09 2.465261412351242382e-09 1.955928414127372800e-09 1.379885237909062744e-09 8.998722876877405523e-10 5.739497195200060762e-10 3.801933219156192534e-10 2.760339332239793047e-10 2.265021853299468183e-10 2.086741386402331018e-10 2.086659133446309222e-10 2.181333155793432726e-10 2.313759779586357202e-10 2.424500146570350361e-10 2.430774121212674512e-10 2.243722756173746750e-10 1.844953521028032358e-10 1.343474987377190616e-10 8.929926935194873196e-11 5.715034622919169228e-11 3.740104193375594048e-11 2.648707160085961500e-11 2.108298945003249117e-11 1.890799442972447824e-11 1.855836974454210325e-11 1.919398726081501807e-11 2.027273422935984506e-11 2.129146851998036301e-11 2.156491236304241015e-11 2.027173348968288691e-11 1.702637746878345512e-11 1.254636312501088063e-11 8.222709064443567147e-12 4.957534345580505524e-12 2.842570093426257267e-12 1.586188086498210401e-12 8.729213784181859167e-13 4.771040735467560342e-13 2.598937100471597632e-13 1.413425762464276989e-13 7.680849965330726471e-14 4.172351714360324419e-14 2.266068467363328783e-14 1.230627821827316414e-14 6.682852246175852898e-15 3.629008653968160885e-15 1.970651361945789651e-15 1.070112614402202262e-15 5.810963489861244913e-16 3.155486407854877046e-16 1.713500516917475912e-16
5.035124896211985746e-16 7.305719973048334004e-10 1.952827623809714638e-08 1.351465693669576062e-07 5.326613398745445177e-07 1.540100370267857387e-06 3.660421423533078945e-06 7.601037114525086207e-06 1.430207521548151560e-05 2.496398093574626415e-05 4.107470156838734194e-05 6.443643536800652957e-05 9.719169336659352247e-05 1.418480980086195861e-04 2.013006138301260111e-04 2.788482332744232129e-04 3.781973924603818310e-04 5.034329990325398007e-04 6.589102403605076120e-04 8.489575201973735769e-04 1.077149981789181105e-03 1.344726883503033401e-03 1.647585930407220473e-03 1.970273726746007373e-03 2.271649814346673145e-03 2.461695861708153472e-03 2.408321570864889807e-03 2.043675248133077025e-03 1.488911200964093988e-03 9.603714430958329310e-04 5.766994226808296433e-04 3.383599503606970300e-04 2.029002918023023721e-04 1.306511536632527695e-04 9.505729976270202788e-05 8.037718616478032100e-05 7.770477077811547325e-05 8.199342092218930118e-05 9.016160527054595665e-05 9.976186324903247378e-05 1.076657406084315224e-04 1.091473390724291684e-04 9.947497345010881378e-05 7.896270635394126033e-05 5.483315142100938627e-05 3.466228636766952823e-05 2.103997018745635986e-05 1.294425261301841772e-05 8.526131983543454713e-06 6.318677187451256484e-06 5.388714567185981939e-06 5.189657040224278721e-06 5.406073283595229076e-06 5.845551277123492067e-06 6.358884872627859340e-06 6.760564806167815583e-06 6.778464772743456160e-06 6.147511146993188055e-06 4.890325741096582607e-06 3.423111647770647831e-06 2.191503091394851177e-06 1.355818863768500637e-06 8.589660702053035342e-07 5.898025788401514218e-07 4.583657539050741268e-07 4.067293440057869216e-07 4.005581323992395382e-07 4.197374865694655025e-07 4.516000215274539450e-07 4.852026701687892889e-07 5.056682127111711655e-07 4.926482737079512387e-07 4.311314891321696163e-07 3.312465559620711407e-07 2.264762571282002647e-07 1.441667343915782868e-07 9.055121508987871935e-08 5.957908210007172155e-08 4.332493259087216206e-08 3.585325273873116019e-08 3.343535979902177637e-08 3.386500156240473349e-08 3.582937456219204223e-08 3.842679638526334580e-08 4.069275861403452031e-08 4.122698672593306833e-08 3.843103692945702195e-08 3.182923591272547303e-08 2.322548686403750152e-08 1.537127104654890025e-08 9.732800592964403223e-09 6.264924543500945444e-09 4.347506812222171157e-09 3.394945694860564335e-09 3.007175173174899249e-09 2.940424249961940361e-09 3.050795258840367051e-09 3.249107381523440945e-09 3.460382127252033393e-09 3.584369384003161077e-09 3.484881671799999049e-09 3.059061459604336633e-09 2.368413757319000403e-09 1.636379320216278323e-09 1.054888387169962759e-09 6.733122962971589029e-10 4.523604473212922869e-10 3.368251522362340535e-10 2.844493602508818922e-10 2.683545844451840231e-10 2.725173152945794765e-10 2.873778373100214572e-10 3.061674288858931454e-10 3.211789372123836594e-10 3.213150841157345755e-10 2.949312517071247700e-10 2.404891176654478186e-10 1.735452226116678602e-10 1.145500720713141462e-10 7.311146596837127565e-11 4.799733207950727586e-11 3.430956026825316073e-11 2.766838635987375823e-11 2.512629944925759507e-11 2.489156949925820846e-11 2.590492669759884299e-11 2.748821458872282405e-11 2.899840713293320550e-11 2.952857328590155378e-11 2.794684594306221436e-11 2.364639975459352271e-11 1.752542254110786548e-11 1.151436727515811830e-11 6.936649806200267000e-12 3.965459501633262932e-12 2.203482954886079445e-12 1.206834649251275809e-12 6.562777631999995006e-13 3.556492315285949399e-13 1.924107656595556395e-13 1.040128925492664176e-13 5.620524838534005963e-14 3.036587172540545105e-14 1.640422687909261520e-14 8.861496620484340030e-15 4.786845128728342969e-15 2.585754775566329346e-15 1.396764536237192856e-15 7.544979308910755959e-16 4.075608112229906963e-16
5.222103202083285025e-16 7.508312899246947582e-10 2.008287972348480731e-08 1.390765541918943798e-07 5.485117840054891895e-07 1.586966264183562021e-06 3.774253538990216066e-06 7.842438983815983402e-06 1.476564092156870494e-05 2.578922796056281033e-05 4.245864990692766448e-05 6.664787499918039832e-05 1.005871798022327452e-04 1.468897362666618512e-04 2.085758319133717827e-04 2.890920008453096244e-04 3.923184978213262153e-04 5.225483087055945736e-04 6.843968660239571752e-04 8.825456438687467181e-04 1.121103908231481806e-03 1.402196963693093075e-03 1.723269723751255905e-03 2.071769216251943217e-03 2.411938291460237211e-03 2.659528811235580860e-03 2.674138980721834855e-03 2.348034605918406306e-03 1.764545379751221530e-03 1.160739949832931099e-03 7.020353260143553193e-04 4.106622908031463807e-04 2.433510024550461710e-04 1.534890323795842369e-04 1.086549699011952536e-04 8.941165657438118264e-05 8.477450116336379096e-05 8.860434651702158641e-05 9.730455363242034646e-05 1.083076603986604582e-04 1.186688324334824249e-04 1.237275821039844159e-04 1.176094713610795000e-04 9.797907434842721361e-05 7.082777569421268391e-05 4.579060729998438303e-05 2.789662634586192043e-05 1.692994690652853924e-05 1.082376829080324853e-05 7.695427923641871203e-06 6.293572320151246778e-06 5.877053982899521209e-06 6.022544717943120199e-06 6.482931747866542103e-06 7.091294806244008364e-06 7.672769556209240577e-06 7.961123052415005567e-06 7.611356970711880434e-06 6.446274951917576278e-06 4.764051718448894671e-06 3.147850819842608014e-06 1.957230609028647974e-06 1.214596888380921646e-06 7.983453416954402936e-07 5.858707184192536232e-07 4.925679891171395549e-07 4.673226168731785698e-07 4.805309617421465192e-07 5.147278259793713125e-07 5.577125303156352886e-07 5.957614274673493937e-07 6.080502740719213392e-07 5.698913210479602799e-07 4.729541320797436688e-07 3.442601923357906959e-07 2.262796424257930702e-07 1.417502734674845971e-07 8.996651306543168826e-08 6.143051846646369221e-08 4.726535505263341376e-08 4.147127057457239996e-08 4.043603083444922251e-08 4.205694728531247061e-08 4.506717011479674455e-08 4.847662455139852072e-08 5.100077617810601084e-08 5.074822675824518499e-08 4.589213085683414417e-08 3.659288246270258444e-08 2.578560013296547343e-08 1.669432998471226938e-08 1.052679080935438873e-08 6.882405769959746903e-09 4.939260745618691468e-09 4.024622625472919540e-09 3.703022573812919196e-09 3.715510856482231462e-09 3.910926551567751273e-09 4.192921055588649308e-09 4.469026109426361892e-09 4.604209682909673552e-09 4.420420415817488342e-09 3.806440082175563887e-09 2.884025455380778673e-09 1.957800250502772038e-09 1.251034751034518846e-09 8.005975980457124591e-10 5.459164519782261319e-10 4.163828702166707365e-10 3.607421968670131726e-10 3.471822708326798275e-10 3.570173437417158427e-10 3.791865310671265392e-10 4.055554025172670191e-10 4.261184863202880453e-10 4.260677694310068073e-10 3.899783344557799440e-10 3.164125063425749718e-10 2.269599149439638579e-10 1.490239904148435970e-10 9.487564103830673133e-11 6.240036240742535626e-11 4.490542377866829608e-11 3.656675044427284632e-11 3.352025641098101361e-11 3.344300122808474984e-11 3.497981630217263407e-11 3.727598717483384067e-11 3.951617077468285386e-11 4.051567325444998070e-11 3.871894503757787321e-11 3.314207206490451543e-11 2.481757783166073750e-11 1.640543246303098302e-11 9.897745253033439319e-12 5.647585781705166592e-12 3.126299797144660578e-12 1.704128258950705050e-12 9.218900764000058783e-13 4.968908957060690195e-13 2.673477921543702195e-13 1.437226184084354607e-13 7.723213285160448829e-14 4.149415465762812396e-14 2.229131063644585307e-14 1.197471069234614881e-14 6.432580451979664596e-15 3.455421230043133164e-15 1.856156725272083618e-15 9.970737178268138020e-16
5.417434970254132573e-16 7.715486980062503823e-10 2.065032775305388866e-08 1.430998915610947736e-07 5.647482210093660437e-07 1.635001326498829940e-06 3.890992487919829558e-06 8.090145734532731991e-06 1.524157933767519941e-05 2.663696517584265768e-05 4.388107640897062422e-05 6.892198750021037343e-05 1.040806649482252047e-04 1.520794122352140147e-04 2.160680982127167191e-04 2.996457532337026461e-04 4.068718599518407497e-04 5.422527724489726361e-04 7.106678815405203815e-04 9.171507238160779693e-04 1.166333307721833558e-03 1.461197355086793102e-03 1.800674057697445284e-03 2.175003537173452860e-03 2.553917968655019643e-03 2.860728751108630469e-03 2.952260157202789802e-03 2.683852595098293586e-03 2.087140975682609707e-03 1.405788901893077845e-03 8.589444642218158760e-04 5.018657182980170882e-04 2.942236356588657999e-04 1.818768132893157266e-04 1.251938649834816565e-04 1.000415111557410793e-04 9.276297275457142310e-05 9.580219819983614327e-05 1.048711185840185331e-04 1.171780181849954290e-04 1.299405511850910782e-04 1.387742299687917680e-04 1.371672917295071385e-04 1.201045124488760450e-04 9.096658383355356065e-05 6.062121357139557551e-05 3.730819706028261806e-05 2.244527543001877118e-05 1.397674982922236538e-05 9.539038793738340905e-06 7.455103973091747967e-06 6.711230894776937428e-06 6.729817631027768740e-06 7.182709224919836559e-06 7.868905024829441522e-06 8.617386308493449798e-06 9.184281251100192306e-06 9.194973851388594326e-06 8.289854155002818778e-06 6.527520972539917462e-06 4.512659285049797508e-06 2.856477418400321452e-06 1.755040208245280080e-06 1.112716299525241844e-06 7.721333163956843782e-07 6.111316677200684846e-07 5.529763439549124280e-07 5.530753252343377086e-07 5.858882076615132185e-07 6.358349208426927007e-07 6.896338226478331478e-07 7.283620836618471705e-07 7.236042446618243069e-07 6.490620170235939184e-07 5.104554502962376948e-07 3.540058067883319871e-07 2.258624214641154837e-07 1.407545595014851753e-07 9.126754026643522538e-08 6.524238253024199516e-08 5.320581509618192527e-08 4.917884836461916032e-08 4.966674536723572556e-08 5.265800505321524100e-08 5.689604206283212537e-08 6.120261951643462789e-08 6.381840697370749197e-08 6.224890604073086990e-08 5.457620480276754540e-08 4.198178611771080840e-08 2.869913362572234648e-08 1.827674641359403909e-08 1.153858052349041590e-08 7.697457790983823690e-09 5.724404033778953705e-09 4.855259318899057256e-09 4.615026820243077193e-09 4.726880920624414326e-09 5.030793996998394190e-09 5.420080827990623132e-09 5.777357902100595538e-09 5.921118641349828542e-09 5.620497654371069533e-09 4.758892152609045273e-09 3.539584566260825354e-09 2.367928694065095851e-09 1.503080524008028575e-09 9.654338495384741963e-10 6.679610755546525890e-10 5.207806412861554157e-10 4.612441346102792997e-10 4.512573177734284743e-10 4.687687837452692615e-10 5.008464819893529506e-10 5.376384372335867707e-10 5.662205193625332354e-10 5.669524809602688819e-10 5.191196696837990858e-10 4.206978772920747223e-10 3.009137818258777283e-10 1.968843179441039884e-10 1.250174795894132553e-10 8.222597972960028260e-11 5.938156138940228727e-11 4.864643638510199815e-11 4.487132883128796502e-11 4.499092553060515826e-11 4.724184836960702289e-11 5.053724757273161790e-11 5.385396745075510072e-11 5.567117204843643127e-11 5.387127691557376971e-11 4.685309293557686073e-11 3.562981040238819751e-11 2.380123744700966435e-11 1.442178305314552282e-11 8.225462821334028408e-12 4.538672832841969577e-12 2.462503052975057867e-12 1.325045357271116337e-12 7.101524691438244758e-13 3.798774811244614106e-13 2.030207539253377917e-13 1.084549219041735744e-13 5.792533983923762459e-14 3.093465661766470495e-14 1.651968290242192498e-14 8.821621804881533236e-15 4.710755302365729276e-15 2.515535504908583909e-15
5.621668788447114210e-16 7.927304559027590419e-10 2.123080087060100946e-08 1.472179588616126822e-07 5.813765977256906857e-07 1.684224275950340658e-06 4.010686458425763856e-06 8.344265317128581467e-06 1.573010892431833630e-05 2.750760127398803315e-05 4.534269957880563882e-05 7.125997242899293686e-05 1.076740683471759678e-04 1.574200851396063234e-04 2.237818459317757365e-04 3.105159799202226881e-04 4.218667642205091027e-04 5.625594734127283090e-04 7.377415011957227107e-04 9.527978460014925122e-04 1.212871986884085651e-03 1.521771069631527862e-03 1.879845673835419968e-03 2.279990243546720953e-03 2.697363518786858021e-03 3.064142034165764136e-03 3.239883040566428514e-03 3.049242256849162350e-03 2.461007782769776813e-03 1.704728400286808446e-03 1.056068322020932990e-03 6.177272685517406223e-04 3.587846743001235086e-04 2.175338797990747722e-04 1.455489835165550184e-04 1.127070709435344301e-04 1.018933924215627285e-04 1.037040260604443249e-04 1.129285001622565418e-04 1.264147133085492033e-04 1.414759973356148203e-04 1.541327120415321482e-04 1.577668885917907725e-04 1.451128583855209502e-04 1.157757784788317944e-04 8.021216273650280508e-05 5.025640601984093217e-05 3.015141357417272459e-05 1.836823854635921441e-05 1.205665532195341111e-05 8.982098179894528844e-06 7.749018175045278376e-06 7.558067046707312109e-06 7.962040224599783577e-06 8.703092613624991667e-06 9.600137259527194523e-06 1.043590929956878290e-05 1.085077797474577300e-05 1.036757489505405991e-05 8.743258656945179241e-06 6.409630884313970781e-06 4.192662809704117931e-06 2.583503142193353569e-06 1.596085922308189997e-06 1.052488049178143139e-06 7.814253254453333014e-07 6.676229700956183391e-07 6.428000862098061498e-07 6.682184561645227512e-07 7.217157978043049330e-07 7.884830836885219448e-07 8.519319780631940655e-07 8.851790886862487989e-07 8.515330723795924442e-07 7.285996171289599057e-07 5.440493334711363685e-07 3.621069819751030171e-07 2.264438752021221344e-07 1.418343871045080622e-07 9.487799043590639621e-08 7.140864958131293963e-08 6.158018082761820168e-08 5.946817456491780076e-08 6.168567032716763522e-08 6.629620171061375293e-08 7.199564038761458114e-08 7.728330223924607216e-08 7.974149848446130721e-08 7.616987363309265002e-08 6.478054436061873494e-08 4.821375388061042664e-08 3.212351023056046205e-08 2.022199437624184308e-08 1.283915963063128352e-08 8.767706438357091477e-09 6.757799702177753014e-09 5.944049385017190895e-09 5.805299424234742567e-09 6.043272291725320111e-09 6.486976316627305898e-09 7.015181548225850866e-09 7.476538936148408163e-09 7.628678434867495927e-09 7.173292853661132647e-09 5.989739750165060542e-09 4.387970778696601021e-09 2.900744944957689772e-09 1.831901483244904875e-09 1.181217859742173967e-09 8.281819502477285262e-10 6.581594499991283174e-10 5.937232705615745528e-10 5.886154706847107085e-10 6.164532218501764334e-10 6.619496159330290380e-10 7.131384049725430926e-10 7.534984811379894728e-10 7.571929957643701536e-10 6.960259066526137874e-10 5.657913465092775321e-10 4.049990587387566687e-10 2.645271688605818394e-10 1.674802519344391798e-10 1.099061309616346209e-10 7.935621026907383428e-11 6.513581808631378658e-11 6.025561850890070373e-11 6.058923138708079260e-11 6.379595750941694528e-11 6.847694699726096673e-11 7.336268542292334457e-11 7.654347951566741818e-11 7.518741984856327396e-11 6.673504007402755952e-11 5.183225004495361203e-11 3.517693399845646394e-11 2.148544597115246995e-11 1.227326145826895358e-11 6.756047726717608204e-12 3.649280881976223259e-12 1.952956664431187115e-12 1.040499398389965958e-12 5.531837174503311332e-13 2.938055121905905490e-13 1.559709049443131331e-13 8.278074192211903881e-14 4.393075532103942680e-14 2.331235032402139220e-14 1.237066477366149520e-14 6.564400591425383920e-15
5.835411847310196277e-16 8.143827665956016713e-10 2.182448088128004265e-08 1.514321485945005659e-07 5.984028916546017424e-07 1.734653865974324347e-06 4.133383788973135137e-06 8.604906276116344933e-06 1.623144952239193316e-05 2.840154744621945125e-05 4.684424177985824721e-05 7.366303644430210085e-05 1.113693207805038684e-04 1.629147372323447849e-04 2.317215578957450089e-04 3.217092069771015743e-04 4.373125535900254136e-04 5.834815789027075154e-04 7.656361058854158725e-04 9.895124793135698545e-04 1.260754800857784817e-03 1.583963986882912928e-03 1.960839342322889464e-03 2.386769106768444736e-03 2.842133902905124090e-03 3.268771946721217656e-03 3.533987864320707606e-03 3.440751904900961593e-03 2.888933304427726296e-03 2.067693697463364195e-03 1.304328282609164801e-03 7.659435198881820329e-04 4.414932243023938748e-04 2.628181612641419091e-04 1.709162692802293688e-04 1.280052182903258025e-04 1.124643621170989604e-04 1.124632172938147475e-04 1.215621012812226792e-04 1.360733189718667246e-04 1.532968544461957674e-04 1.696980715193023353e-04 1.790113766045536652e-04 1.725129121228808780e-04 1.454942535434615078e-04 1.057101796459702621e-04 6.804647995352063072e-05 4.100588959131284305e-05 2.457282443506662024e-05 1.556234030697494630e-05 1.103929885656777254e-05 9.075706579514472171e-06 8.551772827905501742e-06 8.845167324284310083e-06 9.609194519188944637e-06 1.063175915790411066e-05 1.171453454666552902e-05 1.254058030659394985e-05 1.259863979580920404e-05 1.137808477640212741e-05 8.942799937593751716e-06 6.144788151456389740e-06 3.856450689324601241e-06 2.351308966280776557e-06 1.486118478676781185e-06 1.035501343970361768e-06 8.282154490110027422e-07 7.586575209836095940e-07 7.666078599683081826e-07 8.184410489419920161e-07 8.945786659743386991e-07 9.792832767885719941e-07 1.049783963005365580e-06 1.068388191208774619e-06 9.911499442609312919e-07 8.079958274096618061e-07 5.751745861400365102e-07 3.703641508829827280e-07 2.291327451684939040e-07 1.456189636385111439e-07 1.012845021470548360e-07 8.042710056125222482e-08 7.294566503595263036e-08 7.297065239063071755e-08 7.720890386567980077e-08 8.377495164091360895e-08 9.123142696632826181e-08 9.758691173424264254e-08 9.955017210463400970e-08 9.312178324420212521e-08 7.694651871797307086e-08 5.560341380223652553e-08 3.626726655892352638e-08 2.266162290241071063e-08 1.451909286764686588e-08 1.016739027477983850e-08 8.110272059219344192e-09 7.364749077982168029e-09 7.353929934213315130e-09 7.753429643421395020e-09 8.378557188881333926e-09 9.088372257437805007e-09 9.687046896531985112e-09 9.853718847258623167e-09 9.202172843993212870e-09 7.604362851475434273e-09 5.506144661846520502e-09 3.605692164145592130e-09 2.267588244638159315e-09 1.466910064501019047e-09 1.039957895166193640e-09 8.395043681210602452e-10 7.684974969639503106e-10 7.698423296577844610e-10 8.114667426135262032e-10 8.750847785571467225e-10 9.461898327136057916e-10 1.003984671151612223e-09 1.014871431018728751e-09 9.401118590844727619e-10 7.701618214766548056e-10 5.539704018536709357e-10 3.619772723631416485e-10 2.284462649755038532e-10 1.491903059187938306e-10 1.072472244185244433e-10 8.780086987417545804e-11 8.116870340928472474e-11 8.167031223522759962e-11 8.612529540621708538e-11 9.270134167036722013e-11 9.983817486838813379e-11 1.052010403707099760e-10 1.051034381416281826e-10 9.559500701903054823e-11 7.630234306063418663e-11 5.295238809752243980e-11 3.276027946895553835e-11 1.879498967796804953e-11 1.033439589829242873e-11 5.559530889552723762e-12 2.958951432533761942e-12 1.566781918856837375e-12 8.276050485472023688e-13 4.366562294652377951e-13 2.302617189361780428e-13 1.213929625205629854e-13 6.399018419303978443e-14 3.372941144823651297e-14 1.777839891523984815e-14
6.059338924790155666e-16 8.365118121042105151e-10 2.243155219405726795e-08 1.557438568900230741e-07 6.158330762231132600e-07 1.786308960363271307e-06 4.259133196897102066e-06 8.872177739188681861e-06 1.674582212443607039e-05 2.931921732685048373e-05 4.838642996826273611e-05 7.613239297453483934e-05 1.151683647689057198e-04 1.685663671137849944e-04 2.398917188701059908e-04 3.332319809321014105e-04 4.532186168780657424e-04 6.050323357666037875e-04 7.943702176223558717e-04 1.027320440505345277e-03 1.310017524811238863e-03 1.647824569849511102e-03 2.043717131903375391e-03 2.495403929228280897e-03 2.988171835274824103e-03 3.473825044159469314e-03 3.831559039970464878e-03 3.853432902490598264e-03 3.371313355340006899e-03 2.505107653644967052e-03 1.617299826263626740e-03 9.568169924457809198e-04 5.484901973433258188e-04 3.210020101311384690e-04 2.029520257633883346e-04 1.467563632917995861e-04 1.248812098436046230e-04 1.222839118405562352e-04 1.308817699254612589e-04 1.462243099528449128e-04 1.654489071941672598e-04 1.854225279693062420e-04 2.005515992050486008e-04 2.016064649520136923e-04 1.799083294354897106e-04 1.381661383103863423e-04 9.233051514204920816e-05 5.638037675668602867e-05 3.345711267100386261e-05 2.053859119093619055e-05 1.388042069397687856e-05 1.082177245716498319e-05 9.777991947461006078e-06 9.867438877458189830e-06 1.060802261887305677e-05 1.172754129173812983e-05 1.302836375661460868e-05 1.424376211615307421e-05 1.489902657208835510e-05 1.432916662843497559e-05 1.214622311351212729e-05 8.908997850760784021e-06 5.798504174158211933e-06 3.543907193505124084e-06 2.172947611697504952e-06 1.428368841750533345e-06 1.063852036497622077e-06 9.158514328071772861e-07 8.890815783360067184e-07 9.306085262755183703e-07 1.011209845385313151e-06 1.112766599402863510e-06 1.216219696543658545e-06 1.289182165822892163e-06 1.280524716819577581e-06 1.142532036531353960e-06 8.881577486080802580e-07 6.060607801048036372e-07 3.806117882670623339e-07 2.349751140396962666e-07 1.527776381443789930e-07 1.110807908999823331e-07 9.293303150503769954e-08 8.801585482858053161e-08 9.049394765291068669e-08 9.715243277494361498e-08 1.061192067233681933e-07 1.157091518504341411e-07 1.232387252092288022e-07 1.242886632109073961e-07 1.139665028748688164e-07 9.172027482304614356e-08 6.459621259760687034e-08 4.140999044693839213e-08 2.576793370425485815e-08 1.669664872189385557e-08 1.199315174645661781e-08 9.873516195588295967e-09 9.212480173167947631e-09 9.364077853089626633e-09 9.971699675274592227e-09 1.083346773998672342e-08 1.178291185178606117e-08 1.256815373566437830e-08 1.276853546648804560e-08 1.188062936204259906e-08 9.755659078647782037e-09 7.007860111438052365e-09 4.556190273915087533e-09 2.854465076111878032e-09 1.849877188861771683e-09 1.322042194883831451e-09 1.079770589157381537e-09 9.993242427848816714e-10 1.008890452189305499e-09 1.068746333005871201e-09 1.156720760346983022e-09 1.255326400308084801e-09 1.338905197871311700e-09 1.364479424592807160e-09 1.278761400723956608e-09 1.061252552786996287e-09 7.707931763245062691e-10 5.052685297624407801e-10 3.178578849302743244e-10 2.060213233943486096e-10 1.467644450430641789e-10 1.192351621325335973e-10 1.097170831703267372e-10 1.101932014694145440e-10 1.162238859983376977e-10 1.253476978604248404e-10 1.356532938370784740e-10 1.443717691347251762e-10 1.468756236853653831e-10 1.373609250528166861e-10 1.133925679446134255e-10 8.109550550322870876e-11 5.114950752000441556e-11 2.958958926963936004e-11 1.628280931846349902e-11 8.730299865915074926e-12 4.621468034680557078e-12 2.431526164166794830e-12 1.275637280367543942e-12 6.683269060910874891e-13 3.499260563660897802e-13 1.831619753596909653e-13 9.585932363073822703e-14 5.016552189827704965e-14
6.294203211773945453e-16 8.591237880320087532e-10 2.305220200393611753e-08 1.601544746280659752e-07 6.336731702844964967e-07 1.839208546694405852e-06 4.387983491125679042e-06 9.146189437003468070e-06 1.727344887815207135e-05 3.026102672054568148e-05 4.996999500779831789e-05 7.866926272737043287e-05 1.190731526361263706e-04 1.743779891125635565e-04 2.482968432810120319e-04 3.450909175671093608e-04 4.695943892614613791e-04 6.272250532440696615e-04 8.239624818732742707e-04 1.066247817427407648e-03 1.360696728013175349e-03 1.713403578235191994e-03 2.128547642546309293e-03 2.605979872935755819e-03 3.135499319438058829e-03 3.678739699874101696e-03 4.129810464428717957e-03 4.281135609158409627e-03 3.905313642453076082e-03 3.026526321773791075e-03 2.011408644038933848e-03 1.204109996140522148e-03 6.883019900220192213e-04 3.966834727011899820e-04 2.439826686356972479e-04 1.701050613563625483e-04 1.397027933457068219e-04 1.334423855038128462e-04 1.410312625606406406e-04 1.569557601027635717e-04 1.779990731870230122e-04 2.013141046386992801e-04 2.221347110154487455e-04 2.316105776891130581e-04 2.182602609717967587e-04 1.782282139967883362e-04 1.250305180330271335e-04 7.819406811485444533e-05 4.632969260575287062e-05 2.773571987416587715e-05 1.790295500023729943e-05 1.319082879220453921e-05 1.134012948447541490e-05 1.108202437512040145e-05 1.172884401512264396e-05 1.290760547148217597e-05 1.439337537687812811e-05 1.595892398246384600e-05 1.720595916889834133e-05 1.745023711188972750e-05 1.593660189862412005e-05 1.263634026338578844e-05 8.700135272822689199e-06 5.431916119311711680e-06 3.281680491186479302e-06 2.055838753125189505e-06 1.425593286806545994e-06 1.140916679188227872e-06 1.049383889904689384e-06 1.065573344922337233e-06 1.143015866621989065e-06 1.256135406137127257e-06 1.386607231113468177e-06 1.509002544638395805e-06 1.577376504536673965e-06 1.525136885365961525e-06 1.307274574977736114e-06 9.715633973266690956e-07 6.395066938586223780e-07 3.946961784957214927e-07 2.450351009565230620e-07 1.640850780791162869e-07 1.250126828325995525e-07 1.097382265404709438e-07 1.077015794641336907e-07 1.130682633291430188e-07 1.226838830010935073e-07 1.346344553561758679e-07 1.468481118528440414e-07 1.557145801077744871e-07 1.553789907127298331e-07 1.399331153771277945e-07 1.100412659696708186e-07 7.582315514196615957e-08 4.793502453697342651e-08 2.977319122660367637e-08 1.952935179747973488e-08 1.437193193492119415e-08 1.216658112857877699e-08 1.160993142914918540e-08 1.196844558343048356e-08 1.284507218386643282e-08 1.401643862878466482e-08 1.528462425397464359e-08 1.632989271667807396e-08 1.660688989805231463e-08 1.545320945895966395e-08 1.266745351921144592e-08 9.064072889846802387e-09 5.863703344747144368e-09 3.659419456596763312e-09 2.370538080300727812e-09 1.701216963882238767e-09 1.399565372326954405e-09 1.304653672435252655e-09 1.324179083331240900e-09 1.407849935858732045e-09 1.528332847470213177e-09 1.664702741073799192e-09 1.786081765606006375e-09 1.838735908018622825e-09 1.750094610476678507e-09 1.479649426277937773e-09 1.091506367732382215e-09 7.205537743215201183e-10 4.521437442968924329e-10 2.901168667649776281e-10 2.037846161685802055e-10 1.633548823591790610e-10 1.489248248089886691e-10 1.488642426232399011e-10 1.567832212264366782e-10 1.692599521856086184e-10 1.839301383244005848e-10 1.976120842062462842e-10 2.047543466176452738e-10 1.973410350782549793e-10 1.694872024501695785e-10 1.260362516171012156e-10 8.173957474406403757e-11 4.795449895743216033e-11 2.648924498259416584e-11 1.417274701138730158e-11 7.464311029756205233e-12 3.901715974207355953e-12 2.032290880541519725e-12 1.056817681803893758e-12 5.491379216338110492e-13 2.852385579434443771e-13 1.481368994732374269e-13
6.540849434490146258e-16 8.822249634654303167e-10 2.368661735834208527e-08 1.646653953965433738e-07 6.519292388183555123e-07 1.893371621925630005e-06 4.519983839797327633e-06 9.427051551074555873e-06 1.781455307098360249e-05 3.122739352373235625e-05 5.159567167237602613e-05 8.127487256535938459e-05 1.230856479041155492e-04 1.803526329661993353e-04 2.569414667647589566e-04 3.572926284261592486e-04 4.864493237124329077e-04 6.500731003773575030e-04 8.544316311183691596e-04 1.106320927918304740e-03 1.412829636042892611e-03 1.780753765240471621e-03 2.215405153637195999e-03 2.718600420062114702e-03 3.284210110502761536e-03 3.883196049498099413e-03 4.426383290378601253e-03 4.717021668652600364e-03 4.484299569974963678e-03 3.638869061849969028e-03 2.505686428007128895e-03 1.526074344125183521e-03 8.728494174694810537e-04 4.964062394910957006e-04 2.973254050386985210e-04 1.996738711402951919e-04 1.577126796741021937e-04 1.463193191197425462e-04 1.522026004365759381e-04 1.683784903474157268e-04 1.910331596988450078e-04 2.174291744255524739e-04 2.436278522886491376e-04 2.618065445689504874e-04 2.593105091475055241e-04 2.257653660334539851e-04 1.680637902548298972e-04 1.090151063211567117e-04 6.515364028075866065e-05 3.833204265759060641e-05 2.374039307304910199e-05 1.650726197813008335e-05 1.340139448187158411e-05 1.257126989967253950e-05 1.301474884439982732e-05 1.419855056083702452e-05 1.583169035178480632e-05 1.770075349490319384e-05 1.949103194965852236e-05 2.060115689104889732e-05 2.011081661859007337e-05 1.733476635672132475e-05 1.286622144209377101e-05 8.391070783494498269e-06 5.092990673605496982e-06 3.086349807298527379e-06 2.004905075722681681e-06 1.481412569190972767e-06 1.271886521820688074e-06 1.235909171887653065e-06 1.297024120241908871e-06 1.414496021430327293e-06 1.565398371595370136e-06 1.728932524275327962e-06 1.869672741458488746e-06 1.923649212928591523e-06 1.807770520672251167e-06 1.489261321915295819e-06 1.062302613883426173e-06 6.787787636856086971e-07 4.145487183443442226e-07 2.604920405600836093e-07 1.804878431459031002e-07 1.440279874208973718e-07 1.318780104984532614e-07 1.331617849576740804e-07 1.420035167508463178e-07 1.552863256728664754e-07 1.709822038601276107e-07 1.864776706962792985e-07 1.969678318010340452e-07 1.947804626775150089e-07 1.727857320820095216e-07 1.332777310289754496e-07 9.019013926671795992e-08 5.638238221234269375e-08 3.499923146521256260e-08 2.323097333583947389e-08 1.747204378986104535e-08 1.514456397082005008e-08 1.471541001410792078e-08 1.533750906681881650e-08 1.656201450239845915e-08 1.813886606912937122e-08 1.983346942468701387e-08 2.124765384896582480e-08 2.168417271131906798e-08 2.026408369023741643e-08 1.666970595756150393e-08 1.193603101486463588e-08 7.701496815987656037e-09 4.786140218834724538e-09 3.090223048154173187e-09 2.216639897135208715e-09 1.827754846318481223e-09 1.709445748518747427e-09 1.740101106798217942e-09 1.854382482826151325e-09 2.017848263194627484e-09 2.205606479461991216e-09 2.381567821063888979e-09 2.480572648024459705e-09 2.406080750647044104e-09 2.084564303267950523e-09 1.572772381925032705e-09 1.051232644048085921e-09 6.592204949021727166e-10 4.179248932038341472e-10 2.879728149136726572e-10 2.262862967407452878e-10 2.032511226010053777e-10 2.014810783756444560e-10 2.114631764903131278e-10 2.282326230184519876e-10 2.487716949082239106e-10 2.695219880963366086e-10 2.841648457992852416e-10 2.824097096268837036e-10 2.535102657190145755e-10 1.978941671330583695e-10 1.334225553866403205e-10 8.004652357415938875e-11 4.459447673315518311e-11 2.386041230974561683e-11 1.251142952874352487e-11 6.497466598812700003e-12 3.359070720219300924e-12 1.732944563998582167e-12 8.931619900158637132e-13 4.601317230908435844e-13
6.800229899681669066e-16 9.058217577656379929e-10 2.433498314364060860e-08 1.692780339115885867e-07 6.706073289020871138e-07 1.948817336855046806e-06 4.655183518001904608e-06 9.714874881883717715e-06 1.836935918145397482e-05 3.221873801040901948e-05 5.326419859219644966e-05 8.395045560883593111e-05 1.272078237486018318e-04 1.864933439749316322e-04 2.658301482466368573e-04 3.698437635615168194e-04 5.037929663062838811e-04 6.735898852584398409e-04 8.857964747374202745e-04 1.147566250155405759e-03 1.466453986766207314e-03 1.849929520986309806e-03 2.304368738940957249e-03 2.833384321040067350e-03 3.434459861946158061e-03 4.087108914933524663e-03 4.719491088390382824e-03 5.154222315856699273e-03 5.097809600288698111e-03 4.344105530751858277e-03 3.120666876310131902e-03 1.946549372389748270e-03 1.118877431423018513e-03 6.296032276897564357e-04 3.677867138827621411e-04 2.378031477097510330e-04 1.800295342433453163e-04 1.614494330944381663e-04 1.646580625269391737e-04 1.806349018805685641e-04 2.046554821140475890e-04 2.338623115654480744e-04 2.650166778409036037e-04 2.916643542398117102e-04 3.015756835428396246e-04 2.795845868817856128e-04 2.227831600839268525e-04 1.520109389015837349e-04 9.281604834100336049e-05 5.418809622862544057e-05 3.241902387693714599e-05 2.129903576235101770e-05 1.622571333165171700e-05 1.446636272463559911e-05 1.453204840625463038e-05 1.563734255036355222e-05 1.737122622405559846e-05 1.949529489271291887e-05 2.175944785652510574e-05 2.369144975733550112e-05 2.441183610988507342e-05 2.279215414107070063e-05 1.848215065475821369e-05 1.289751574273503349e-05 8.054578311915551692e-06 4.815623015304972786e-06 2.968461966274584713e-06 2.024826183305713968e-06 1.601200201702373066e-06 1.464213211422938646e-06 1.484970528612762055e-06 1.595023053072982114e-06 1.758692213620282454e-06 1.954293199620123907e-06 2.155789659205580445e-06 2.313555192597014922e-06 2.340540446035749286e-06 2.137316247740625302e-06 1.695457988532278439e-06 1.166169422438835263e-06 7.276805693087993749e-07 4.423314014905651839e-07 2.827511033113247280e-07 2.031775039613744724e-07 1.693353850110157107e-07 1.606693192462432378e-07 1.658667107542226927e-07 1.789593867655831113e-07 1.968369687358295061e-07 2.172752030599865427e-07 2.369608587551591889e-07 2.495970185501369348e-07 2.452104305201841433e-07 2.150699873678353454e-07 1.634403239348055917e-07 1.090251832011764798e-07 6.753533516272721832e-08 4.190450886937844306e-08 2.809748329588449217e-08 2.151920848021312270e-08 1.901050513912188761e-08 1.873339227234365367e-08 1.969001843593261881e-08 2.136354554024657623e-08 2.347093874780220596e-08 2.573737798657668392e-08 2.767922055306840255e-08 2.842137999759132836e-08 2.679425257512511663e-08 2.225039438047189103e-08 1.602915712831008069e-08 1.034561051160753144e-08 6.400219098201546159e-09 4.104973825323995604e-09 2.927269610559162187e-09 2.405687611787420357e-09 2.247908835576017380e-09 2.289142991567572296e-09 2.441910155926713049e-09 2.661525104115641790e-09 2.918351446210250109e-09 3.171553655656019283e-09 3.345146137949495303e-09 3.315500244845051838e-09 2.960167301506127660e-09 2.302934837564275366e-09 1.570200706282952739e-09 9.878422176751879372e-10 6.183367096321101638e-10 4.159216653584880009e-10 3.180426858160873839e-10 2.795179318704645014e-10 2.735011012791795262e-10 2.853027980246667965e-10 3.073602469459421501e-10 3.355846259306343538e-10 3.660387223540368006e-10 3.919252760538801128e-10 4.010802371798285746e-10 3.771180988773440628e-10 3.117452279141071623e-10 2.214226027524887227e-10 1.374692916419701195e-10 7.781812589797653830e-11 4.179154506021581339e-11 2.184922677667267668e-11 1.127660734333405844e-11 5.784984092745599974e-12 2.959500349784603321e-12 1.512101642488025640e-12
7.073424277240943096e-16 9.299208150735314363e-10 2.499748233457432516e-08 1.739938153685687119e-07 6.897135254907571008e-07 2.005564870692220475e-06 4.793632134094945653e-06 1.000977066905251401e-05 1.893809265023897279e-05 3.323548249455523764e-05 5.497631810543119387e-05 8.669725203251439259e-05 1.314416632710778627e-04 1.928031821019258140e-04 2.749674645544252405e-04 3.827509998862169615e-04 5.216348416586060778e-04 6.977888286400364378e-04 9.180758713507586582e-04 1.190010380513054468e-03 1.521607887519018255e-03 1.920986522847153554e-03 2.395521361299515761e-03 2.950462380789037071e-03 3.586454892236710500e-03 4.290606570721809850e-03 5.007997978845228106e-03 5.586526060100749543e-03 5.732279391223242884e-03 5.136794569614808528e-03 3.875867233330157133e-03 2.495809463492211500e-03 1.449927588063987857e-03 8.100425601241088456e-04 4.624505127145126567e-04 2.879324695086180942e-04 2.082820144812361251e-04 1.795994858122870860e-04 1.787644355761774603e-04 1.939134275485086530e-04 2.189915622620338927e-04 2.507365210320277368e-04 2.863859886613761858e-04 3.209057579333546599e-04 3.436654245623071285e-04 3.374699107337054277e-04 2.891789348166663113e-04 2.105269551155535652e-04 1.333844403437872944e-04 7.823359688436348997e-05 4.562548350057055158e-05 2.844435650676374030e-05 2.025088225376902825e-05 1.698234635283079239e-05 1.638687056910133398e-05 1.727891680776505069e-05 1.904758568885093283e-05 2.137620896200770430e-05 2.404098098052977244e-05 2.669554775227704250e-05 2.862771830294605962e-05 2.861167167193447581e-05 2.542615661603689838e-05 1.939451738570568712e-05 1.281585647744662943e-05 7.751448991991995399e-06 4.622904904340737881e-06 2.936008612863518999e-06 2.121571190028139745e-06 1.792741385147584366e-06 1.728065863440929529e-06 1.809059429384753779e-06 1.974448650050217806e-06 2.192843328048691731e-06 2.441970762925401818e-06 2.687478095826882404e-06 2.860680597983732430e-06 2.845669029640347923e-06 2.527800408738480554e-06 1.936876367424171197e-06 1.290991415269715082e-06 7.908184146505948902e-07 4.806492314464082494e-07 3.135746246063560656e-07 2.336775784774208440e-07 2.024769785593411383e-07 1.977830938415203359e-07 2.076759586386963193e-07 2.260307366621064802e-07 2.497037249826916548e-07 2.761946260804790744e-07 3.013469748121166776e-07 3.170593461686720182e-07 3.104438271299523025e-07 2.704776820837844555e-07 2.035248616878667112e-07 1.343246613212367104e-07 8.256561904169152475e-08 5.116163508455226272e-08 3.454835129554906740e-08 2.682067038533890845e-08 2.403210931369851775e-08 2.392855727735749400e-08 2.530649621030403117e-08 2.755715199215422035e-08 3.035647342529377958e-08 3.338847302269204194e-08 3.608364482217838642e-08 3.737120567235093744e-08 3.570618078689212574e-08 3.012876384195108562e-08 2.198025267181420289e-08 1.424679903169390881e-08 8.774818413312382569e-09 5.570754423659088719e-09 3.925151035366489810e-09 3.194399601512160532e-09 2.967837250324008210e-09 3.014980120878259824e-09 3.214593247904958265e-09 3.506445223468135282e-09 3.854709697751741010e-09 4.214657876824577363e-09 4.501799012222629177e-09 4.565989118446281505e-09 4.221147079580911700e-09 3.416391530307308370e-09 2.400176174937533697e-09 1.525232837676424379e-09 9.440845826489295305e-10 6.175055774522680258e-10 4.558720662367362887e-10 3.886855782495772421e-10 3.730502474116129447e-10 3.853811365388083916e-10 4.135580553878116745e-10 4.515446741272893143e-10 4.948629698964557859e-10 5.365781043079325760e-10 5.635343644564650196e-10 5.543102647488496268e-10 4.881114660554772860e-10 3.704873059223101764e-10 2.419078504891555633e-10 1.407811230978540055e-10 7.637014680481331011e-11 3.992088858224613724e-11 2.049449946425907152e-11 1.043296483110350196e-11 5.290477259399841696e-12
7.361664271545505535e-16 9.545290420973345120e-10 2.567429926536283417e-08 1.788141458605742501e-07 7.092539728374479593e-07 2.063633482630295151e-06 4.935379369299108742e-06 1.031185072165860514e-05 1.952098020558603334e-05 3.427805140444528182e-05 5.673277689023793053e-05 8.951650834767595341e-05 1.357891601578405593e-04 1.992852218229763017e-04 2.843580157104119927e-04 3.960210414262167137e-04 5.399845261875187673e-04 7.226834675212323459e-04 9.512886706330274129e-04 1.233679961420841272e-03 1.578329671437949354e-03 1.993981371925778508e-03 2.488948982062401394e-03 3.069974384455877777e-03 3.740440389547794019e-03 4.493999263708399992e-03 5.291427967821894264e-03 6.008966524974573495e-03 6.372525934467212355e-03 6.002278639221926906e-03 4.785353881001229437e-03 3.210441137972472499e-03 1.898912107389410077e-03 1.058046872530447836e-03 5.919454859472598335e-04 3.552208009259071432e-04 2.448924264962977775e-04 2.018937535876875588e-04 1.950475211509333665e-04 2.084718307724228910e-04 2.341954671830915322e-04 2.681961906835203025e-04 3.078923808474399418e-04 3.495002513012854836e-04 3.845774676819890435e-04 3.966608494388522248e-04 3.651853091280006167e-04 2.870328246847316358e-04 1.921206129178612099e-04 1.150010877498978078e-04 6.615883478402925484e-05 3.943562962315931190e-05 2.622271402759165489e-05 2.048236725970058487e-05 1.875525375037537956e-05 1.921026685255319144e-05 2.090955267441467911e-05 2.338359240446269007e-05 2.637983180316964683e-05 2.964146857915874025e-05 3.265647264958293825e-05 3.437610743541731726e-05 3.318467899488551019e-05 2.799233992194704121e-05 2.014135673769374630e-05 1.271210441283906335e-05 7.528837093006502255e-06 4.531519558107515321e-06 2.997022244079594064e-06 2.303478996986258576e-06 2.066819230533042003e-06 2.076864952745523560e-06 2.224240643143737647e-06 2.454165653055316300e-06 2.738544823899463210e-06 3.052450590377283843e-06 3.349987653080168815e-06 3.537817931132115716e-06 3.464340130453826389e-06 3.000835337449562626e-06 2.230019351975777119e-06 1.447395867375097364e-06 8.741054620101130831e-07 5.328502243998882535e-07 3.552509070665845347e-07 2.739541917921564327e-07 2.454202883735869742e-07 2.453350231671782015e-07 2.609346608484712202e-07 2.858516270813355524e-07 3.168623885149344367e-07 3.511297687933117359e-07 3.835512213807247915e-07 4.039284695791489272e-07 3.957056356092550587e-07 3.443824752327629024e-07 2.580672845132854243e-07 1.691731782837311948e-07 1.032846932456642902e-07 6.379040284890439365e-08 4.319528002068508117e-08 3.380312217895497434e-08 3.056612548115308928e-08 3.064488669030103871e-08 3.254681813883987205e-08 3.553441672009983830e-08 3.923113567154347910e-08 4.328194870675478856e-08 4.704109751307724288e-08 4.924274123848280106e-08 4.788980063907045347e-08 4.135036907875266810e-08 3.079512394336708461e-08 2.015824411343728863e-08 1.237633799849383446e-08 7.751462201039153408e-09 5.360398474199952305e-09 4.287634103853177768e-09 3.937913173244493901e-09 3.977232912071500408e-09 4.230933272494630189e-09 4.613912641746509577e-09 5.081148138418195296e-09 5.584880614950095988e-09 6.036168694204425472e-09 6.264542205705295301e-09 6.014383778930425227e-09 5.107815621443977532e-09 3.744644868918553566e-09 2.429986569458083813e-09 1.495062361217848888e-09 9.493182528963841293e-10 6.713269785481849968e-10 5.494943483245821406e-10 5.128654146404342601e-10 5.219674092788027815e-10 5.563801980471095581e-10 6.062905393894832278e-10 6.660977088156553508e-10 7.289541823168756747e-10 7.818507235354998527e-10 8.005745639174279158e-10 7.514356348847256987e-10 6.169643182104170986e-10 4.322352210195853612e-10 2.632495139862022262e-10 1.458404660747039814e-10 7.662871524458500221e-11 3.921225875307461060e-11 1.981726468695709708e-11
7.666364709348492929e-16 9.796535736245877817e-10 2.636562483769380871e-08 1.837404351304169938e-07 7.292347625084549673e-07 2.123042544099369671e-06 5.080475241430104031e-06 1.062122731440702372e-05 2.011824948415659296e-05 3.534687133724027193e-05 5.853432491949363969e-05 9.240947718988114495e-05 1.402523191987301899e-04 2.059425547913071341e-04 2.940064228967758427e-04 4.096606187151566954e-04 5.588516223943054391e-04 7.482872903095261338e-04 9.854538555421875085e-04 1.278601654733009648e-03 1.636657752010719667e-03 2.068971215535753486e-03 2.584739630413205539e-03 3.192066199797457572e-03 3.896688550444451019e-03 4.697741467578616520e-03 5.569914388100384757e-03 6.418207254256946652e-03 7.003729052370433715e-03 6.916596077359236754e-03 5.851429140266026230e-03 4.130902329140802819e-03 2.511091016429015284e-03 1.403871725805509556e-03 7.725149453841666453e-04 4.475785628991927148e-04 2.935487212792018677e-04 2.300212480769850193e-04 2.142811081198151880e-04 2.246750325945901124e-04 2.504641826128295814e-04 2.864046497769927682e-04 3.297373985902295928e-04 3.776140662454497928e-04 4.238393119745634979e-04 4.546062976164084914e-04 4.466885690051978748e-04 3.814433765700045898e-04 2.747467080735931685e-04 1.711921519239117614e-04 9.866639861723028185e-05 5.685888740782433088e-05 3.544724243933739221e-05 2.559929988453813428e-05 2.193966994184062461e-05 2.157661445337376942e-05 2.303076616322412997e-05 2.556663510223710633e-05 2.882784957799458788e-05 3.258906794202632938e-05 3.650683706172979818e-05 3.982211716150043062e-05 4.103910574329274814e-05 3.815446865476715556e-05 3.053829265693652447e-05 2.083209032580827816e-05 1.267160473104088909e-05 7.423491393649681643e-06 4.555768824858618723e-06 3.161455283301537194e-06 2.582119596019867323e-06 2.437832944058788161e-06 2.527937386272165090e-06 2.750909934872297432e-06 3.057840603205415847e-06 3.422710747365008081e-06 3.815942160509911091e-06 4.176898529704447488e-06 4.381265521479286454e-06 4.233216822789885127e-06 3.589176586850563234e-06 2.599314907809556622e-06 1.650285838239037124e-06 9.856108197849243645e-07 6.034692023386365795e-07 4.108302273994134725e-07 3.265650988359516895e-07 3.006776916790953825e-07 3.059999473786707709e-07 3.285920549913290258e-07 3.617220111084868433e-07 4.020369029911543895e-07 4.463389335711616807e-07 4.885532448451603484e-07 5.161810152817380705e-07 5.081528296355216727e-07 4.446051211552397967e-07 3.340428034500542762e-07 2.184746720767337773e-07 1.325938876980456914e-07 8.139603276104582192e-08 5.496231335447944693e-08 4.307556126004451836e-08 3.909564354437125714e-08 3.933255100737964025e-08 4.187358657590797309e-08 4.579368678938823134e-08 5.064517166890036281e-08 5.603839877233089784e-08 6.127324172175094724e-08 6.492000455731234505e-08 6.449614097042481819e-08 5.739053849221439838e-08 4.405277903672559811e-08 2.936163205893735017e-08 1.802953449324157589e-08 1.111433637259876291e-08 7.490716430574115435e-09 5.836888792182437340e-09 5.260904766195486015e-09 5.259284624884621834e-09 5.569366514768308423e-09 6.064242925349282639e-09 6.683297685323026639e-09 7.375717941068398647e-09 8.053151735747185655e-09 8.536920813801859422e-09 8.513338156099053415e-09 7.636336338942357305e-09 5.926150252143724098e-09 3.990398464008429524e-09 2.466574306223990051e-09 1.524254871475586159e-09 1.026060826307947834e-09 7.964769735200419399e-10 7.143751777939593530e-10 7.107295396935866621e-10 7.494083127431471353e-10 8.130024353987872635e-10 8.932183914118828512e-10 9.831091279652430006e-10 1.070782337751496633e-09 1.132430303305535199e-09 1.126263588405119123e-09 1.005570869100930176e-09 7.714189217898384754e-10 5.041493922162936907e-10 2.905633415269620387e-10 1.550147617019083658e-10 7.942016683737171131e-11
7.989163140493682232e-16 1.005301640560853993e-09 2.707165413529922100e-08 1.887741287906490952e-07 7.496620634553724529e-07 2.183811418995582912e-06 5.228969822601140388e-06 1.093801313685907557e-05 2.073012922517341854e-05 3.644237109200624603e-05 6.038171685102693327e-05 9.537741865012057071e-05 1.448331553690075093e-04 2.127782886871933468e-04 3.039173304936911815e-04 4.236764957174199127e-04 5.782457707235747141e-04 7.746138402819422852e-04 1.020590312592555612e-03 1.324802029097744104e-03 1.696630512592832299e-03 2.146013412125961396e-03 2.682982531494959143e-03 3.316887091686535234e-03 4.055487475125167489e-03 4.902391714344684834e-03 5.844105266867304777e-03 6.812676250863753530e-03 7.613430521236734354e-03 7.848930752400992694e-03 7.057771744787654303e-03 5.294754059214056008e-03 3.346542981881303353e-03 1.892712382302725021e-03 1.029440000030047318e-03 5.774275415836208720e-04 3.600123011406602003e-04 2.665879346077438313e-04 2.376364881692714448e-04 2.430577926342562182e-04 2.680630740161218700e-04 3.055483261338682796e-04 3.521466500709334569e-04 4.055410275519853638e-04 4.614786583594929280e-04 5.096142271451198011e-04 5.286009196445055685e-04 4.896071878860476251e-04 3.852744906588957945e-04 2.557791051788696609e-04 1.507267989627581828e-04 8.525963935536425627e-05 5.027556608680885995e-05 3.347356590653412012e-05 2.647931360418953093e-05 2.463161707336367803e-05 2.553269319872558581e-05 2.799240854084870914e-05 3.144293424526263498e-05 3.561171178581366809e-05 4.025893354683165548e-05 4.489774139572886755e-05 4.842475211739263359e-05 4.877578588748648230e-05 4.362100368307692282e-05 3.319070378991162239e-05 2.160231620054309227e-05 1.277235647679374100e-05 7.466921797557052709e-06 4.710867038555707974e-06 3.442629594139093682e-06 2.973107510769463674e-06 2.924520354125720917e-06 3.103322632978440729e-06 3.414691019517206183e-06 3.814910608337939082e-06 4.278773518435115195e-06 4.770472528581575130e-06 5.211755513948461436e-06 5.440511467049741194e-06 5.205447363366409650e-06 4.342176520362664003e-06 3.081362590653946152e-06 1.921506043884313565e-06 1.136989615482986232e-06 6.989305494275327387e-07 4.844809394782350926e-07 3.948713568033614475e-07 3.714655749585589323e-07 3.831575610079312373e-07 4.143486281511648356e-07 4.577625012694926484e-07 5.098657080417820117e-07 5.671290669321993806e-07 6.225993270901518048e-07 6.614730735294971136e-07 6.573963144516356580e-07 5.824393541518543252e-07 4.423031296187333265e-07 2.902489832646554031e-07 1.753206150372538243e-07 1.066159108465874850e-07 7.130715205132046897e-08 5.553988956370068519e-08 5.029072319189897814e-08 5.058760912869115218e-08 5.388415820015847003e-08 5.896988901620624729e-08 6.529255125901424486e-08 7.243147189657309503e-08 7.966545229794414772e-08 8.547110237485624160e-08 8.693785935853006648e-08 8.022340317127999722e-08 6.416843101116861679e-08 4.405520922832004394e-08 2.724168216066577645e-08 1.652766356816480878e-08 1.078510442781976697e-08 8.102897955758060054e-09 7.099478471320332854e-09 6.982265802529247439e-09 7.337192705298648521e-09 7.963801888697212957e-09 8.772328606311617627e-09 9.706186226346588409e-09 1.068200445074996981e-08 1.152844226361868200e-08 1.190565277927280537e-08 1.130417291096596518e-08 9.409639865382834391e-09 6.714018799461781671e-09 4.247133581521582005e-09 2.578636616307685711e-09 1.649101780707440730e-09 1.198874634129961388e-09 1.017062598089536629e-09 9.774721542908875507e-10 1.012881188487205617e-09 1.090192724832678708e-09 1.194575688299095034e-09 1.317781723632869493e-09 1.449347977420044413e-09 1.568633883877249379e-09 1.633971960889594841e-09 1.577587853784816866e-09 1.342398815136262942e-09 9.695639779061906547e-10 5.986044364927746855e-10 3.304387550059754334e-10
8.331971074721370761e-16 1.031480349006110593e-09 2.779257839829567117e-08 1.939166638067044616e-07 7.705420567626327415e-07 2.245959614553309878e-06 5.380913516421202296e-06 1.126232150780882491e-05 2.135684938039683091e-05 3.756498161519449848e-05 6.227571097328105803e-05 9.842160021424501684e-05 1.495336962321890681e-04 2.197955484148192320e-04 3.140954082638313456e-04 4.380754652535062492e-04 5.981766468366271888e-04 8.016766898304153108e-04 1.056716970886381352e-03 1.372307762261055619e-03 1.758286095952517813e-03 2.225165174636373373e-03 2.783767237112332732e-03 3.444587353604221681e-03 4.217131026449196830e-03 5.108572700247641582e-03 6.115043057997062576e-03 7.192463652678514167e-03 8.193037948857364444e-03 8.766500525558950513e-03 8.365159890675932797e-03 6.723661988621239260e-03 4.479636096389732515e-03 2.591651674029838825e-03 1.402733644429425813e-03 7.647770187017102241e-04 4.535437000221416437e-04 3.157350873534838604e-04 2.669419411852948796e-04 2.644317606747854520e-04 2.873698073889207412e-04 3.258505281926754485e-04 3.753577925105336431e-04 4.336383121177456276e-04 4.978845244892685096e-04 5.610989057786395931e-04 6.065547431124053033e-04 6.035206404280417294e-04 5.223718463325670606e-04 3.783889193239401176e-04 2.340401413419438748e-04 1.326470076818062060e-04 7.504968475171142062e-05 4.623351666507365565e-05 3.337405757757409277e-05 2.883812538253325810e-05 2.862999246576935366e-05 3.076569533417566221e-05 3.429419115542886847e-05 3.878688564286390735e-05 4.402209059326060150e-05 4.970515189366831029e-05 5.514598495043849207e-05 5.878120632149530771e-05 5.784807447844846594e-05 4.980303672604990582e-05 3.616228471684319103e-05 2.260854963786468596e-05 1.309003823877435332e-05 7.691028733472691473e-06 5.015695398032838338e-06 3.858528389742437879e-06 3.496991889978067937e-06 3.550839428102247717e-06 3.830751787236133666e-06 4.247487325678111777e-06 4.761747616129952232e-06 5.348117708413551084e-06 5.963758687982776048e-06 6.510812961750079326e-06 6.782735097820961301e-06 6.457711351986564907e-06 5.334391753600568551e-06 3.732409867020500258e-06 2.294639759152515414e-06 1.345988443813057199e-06 8.287402754758696608e-07 5.820661737570724478e-07 4.833552332245832959e-07 4.619237432400543469e-07 4.810813001231745465e-07 5.228409301878558411e-07 5.791049794995526623e-07 6.460995716488921158e-07 7.200536986155320267e-07 7.933897100352858502e-07 8.493405428139763893e-07 8.559246990093228182e-07 7.738511617417775500e-07 5.997805236930779652e-07 3.979535986003938560e-07 2.398280842065051855e-07 1.439990202057941299e-07 9.465302678311426176e-08 7.259888599011573151e-08 6.511442929675193583e-08 6.521458128262663214e-08 6.935648616253151935e-08 7.587495286316407503e-08 8.404962412574344472e-08 9.342443326474469951e-08 1.032957181423638021e-07 1.121521870378841051e-07 1.168406610978654273e-07 1.122741526696311465e-07 9.462352968701610139e-08 6.796165751570888613e-08 4.283802366141524592e-08 2.568606892183543369e-08 1.615359614891512589e-08 1.156902341836491846e-08 9.731087113527428070e-09 9.332666717437832104e-09 9.686211368586406128e-09 1.045597534357958692e-08 1.149433980289365911e-08 1.272976234319966218e-08 1.408515009027262724e-08 1.541039455291554983e-08 1.638345462673000518e-08 1.640410936647604496e-08 1.475660218357096878e-08 1.141602424298770679e-08 7.598744963611082951e-09 4.625341933286407795e-09 2.829110543548218422e-09 1.908503460935890635e-09 1.501897028441456646e-09 1.369509836182363849e-09 1.379419352736709871e-09 1.465024134632986050e-09 1.595849723575789931e-09 1.758602497915977257e-09 1.943302605820967269e-09 2.133575190412367594e-09 2.294972430426392018e-09 2.358071637184896103e-09 2.217990659373265260e-09 1.811613569691858361e-09 1.246017640410518403e-09
8.697041200928867538e-16 1.058196443643996938e-09 2.852858045402774721e-08 1.991694439927384370e-07 7.918808854567734242e-07 2.309506633693857522e-06 5.536356843914792501e-06 1.159426618411374323e-05 2.199864097974035620e-05 3.871513654639978169e-05 6.421707047664345421e-05 1.015432973713371493e-04 1.543559819587312146e-04 2.269974808649890988e-04 3.245453559686940054e-04 4.528643611990885217e-04 6.186539768722500165e-04 8.294894583926766670e-04 1.093852769204042017e-03 1.421145313083869337e-03 1.821662615533274675e-03 2.306483292150226117e-03 2.887182861769766514e-03 3.575316232322201665e-03 4.381910200362140219e-03 5.316934261782366340e-03 6.384035407773724219e-03 7.559041809972721557e-03 8.738498617257933060e-03 9.640549612952386757e-03 9.713828653007065828e-03 8.404824429061194535e-03 5.990269558706850204e-03 3.597840469222016429e-03 1.956533927865973174e-03 1.042728456419739821e-03 5.895040415019643263e-04 3.842647887306302793e-04 3.051498387138163360e-04 2.900750212552336742e-04 3.089509913171976018e-04 3.476002816503615000e-04 3.996194498250372823e-04 4.622792131989597987e-04 5.336409152228484016e-04 6.094166443680464366e-04 6.781796487352073719e-04 7.140766966109561055e-04 6.764931182742868650e-04 5.442129371909478668e-04 3.644196145118248843e-04 2.128077321374866201e-04 1.179399079085746525e-04 6.799503593546247994e-05 4.455856803456977581e-05 3.508057836238423287e-05 3.272398861171081722e-05 3.407060131067160167e-05 3.747809621631594348e-05 4.219652959792259130e-05 4.790904794769660610e-05 5.441205145034376175e-05 6.132235475383383252e-05 6.768398944742780819e-05 7.134108144942762661e-05 6.868656213973813225e-05 5.709006504340255949e-05 3.976665670642661599e-05 2.403634919768549212e-05 1.370812897912380686e-05 8.134050242253442739e-06 5.495439944482374241e-06 4.433169152362838506e-06 4.180324541164937222e-06 4.347056461717387557e-06 4.744823851210593665e-06 5.288726620521842889e-06 5.943048982261628694e-06 6.681705854949598654e-06 7.455180489612501440e-06 8.145834449804500806e-06 8.497760722342937183e-06 8.099459447981216604e-06 6.679160251193398220e-06 4.641611826241015678e-06 2.823860086484848041e-06 1.641069358126983438e-06 1.007646155728527878e-06 7.121450593662829910e-07 5.981300990612300645e-07 5.774330288497598925e-07 6.051900889027603927e-07 6.598781012578470964e-07 7.321311373438666043e-07 8.178419782959318696e-07 9.131373009091654435e-07 1.010242755701439485e-06 1.091247357764506079e-06 1.119171441315809321e-06 1.040457504241701102e-06 8.325394573329312280e-07 5.645994039007863115e-07 3.412130040645643063e-07 2.018273745967165313e-07 1.292851025107823693e-07 9.657654831075118251e-08 8.502449822464712769e-08 8.433381698719049664e-08 8.931896925507305394e-08 9.755480936896068065e-08 1.080281845347155003e-07 1.202212892645623149e-07 1.334795406228214472e-07 1.464238244453684529e-07 1.559615549089614590e-07 1.561689945955161271e-07 1.398943745360878954e-07 1.070669602844877967e-07 7.015043454750440425e-08 4.204781070751615803e-08 2.548500903009415331e-08 1.720952612715672603e-08 1.367524228331543569e-08 1.262301123367171549e-08 1.284359600496863173e-08 1.373986585579879785e-08 1.504482290929492748e-08 1.664765916768056964e-08 1.847208718513962046e-08 2.039580072133276677e-08 2.215276874665837377e-08 2.316884419236239706e-08 2.246066673544764366e-08 1.916354084391976801e-08 1.390035931188939032e-08 8.783576107125760597e-09 5.249164911151310354e-09 3.288989361934536682e-09 2.355206394518723102e-09 1.986056396651774459e-09 1.908470232675580747e-09 1.980564230797467104e-09 2.134516003987198482e-09 2.341600518757293995e-09 2.588562911967806367e-09 2.862132925370718385e-09 3.137571009635093929e-09 3.360485455498782012e-09 3.420774916633896820e-09 3.159619186798988257e-09
9.087057078515891052e-16 1.085456200048966943e-09 2.927984423525424061e-08 2.045339263728750404e-07 8.136848135197005653e-07 2.374472082810375520e-06 5.695350452447297744e-06 1.193396130226796906e-05 2.265573614329953554e-05 3.989327152406911721e-05 6.620656315004234168e-05 1.047437936023573965e-04 1.593020678517497726e-04 2.343872543817647480e-04 3.352719067180925851e-04 4.680500647727725062e-04 6.396875357194738848e-04 8.580658163909079790e-04 1.132016671866023332e-03 1.471341109945328591e-03 1.886797716636842053e-03 2.390023745690683481e-03 2.993317343301662818e-03 3.709220141021741645e-03 4.550106073064008778e-03 5.528120790062422685e-03 6.652530217755645361e-03 7.914887120682523661e-03 9.250101212072668611e-03 1.045138123455216853e-02 1.103454728059456540e-02 1.027387495918722672e-02 7.939020701136155836e-03 5.043796033631644908e-03 2.794009443068715039e-03 1.467515012837131714e-03 7.942737451142888082e-04 4.837730890718938540e-04 3.572129271431430018e-04 3.220819705348536505e-04 3.337003811194346565e-04 3.712066915308757584e-04 4.252044076142441056e-04 4.918263404006919040e-04 5.693892140535868193e-04 6.554945292557206931e-04 7.433012187129495836e-04 8.147534714656287820e-04 8.318352695970199001e-04 7.460241257673497391e-04 5.570851924253134458e-04 3.476552478060640711e-04 1.943371968113419290e-04 1.069826177131369887e-04 6.394938721661206672e-05 4.513642150365022328e-05 3.860703581582330740e-05 3.825927880663233653e-05 4.115654950336176889e-05 4.593919746152345929e-05 5.202844556558992097e-05 5.919084530355972078e-05 6.721553081011530340e-05 7.560724065279658256e-05 8.308390530176508893e-05 8.675402174239518673e-05 8.198250196249968504e-05 6.611802692287123309e-05 4.445814079847074915e-05 2.612608459104630914e-05 1.473355910276932692e-05 8.847721056711814458e-06 6.184689539439227780e-06 5.198301803898676265e-06 5.057008305858218001e-06 5.351092961748847094e-06 5.888419942241986246e-06 6.586855704439647186e-06 7.413479690324626286e-06 8.341838094853127163e-06 9.317626056784570219e-06 1.020632864276995670e-05 1.070232925937930003e-05 1.028366856736548234e-05 8.549268894195681195e-06 5.954689384864006173e-06 3.600871926491228421e-06 2.070439852012206428e-06 1.259819407541752725e-06 8.878417870977224676e-07 7.478234228209845742e-07 7.251064521763440605e-07 7.623988303851633399e-07 8.327526062680290898e-07 9.247782158195001247e-07 1.033852936411516259e-06 1.156152121665169790e-06 1.284263460057347245e-06 1.400457505360628814e-06 1.464909774962132688e-06 1.409338808993393209e-06 1.178997123969161018e-06 8.296608510687669479e-07 5.077824116442903925e-07 2.960857026182428626e-07 1.833383664354183200e-07 1.316362937450919289e-07 1.123938408023577122e-07 1.095859017835834935e-07 1.151667898950385698e-07 1.253742247406596514e-07 1.386507729041531785e-07 1.543402420278671411e-07 1.718433091194947179e-07 1.900101476936472408e-07 2.061481206227668786e-07 2.143254606754151613e-07 2.046619152702435516e-07 1.698594237175571437e-07 1.189062713452664283e-07 7.287989485783117547e-08 4.296649601179192453e-08 2.717217952181566049e-08 2.001614330697105110e-08 1.744058614168098178e-08 1.718190293123237960e-08 1.810674358403627008e-08 1.969277909299733422e-08 2.172899755290208436e-08 2.411964697103842174e-08 2.676512364846389151e-08 2.947144748593124766e-08 3.178953885375368426e-08 3.275557394674814586e-08 3.084992386661446988e-08 2.515378647302837113e-08 1.733726352905356224e-08 1.056728151525924394e-08 6.281924923070745227e-09 4.057716370133191883e-09 3.068235737614229745e-09 2.728016744234383268e-09 2.715089871728697485e-09 2.869610863483605062e-09 3.119542487658897601e-09 3.436283474086311101e-09 3.805150617388296855e-09 4.208655930322027707e-09 4.611892574041896837e-09 4.934825171172967130e-09
9.505255285818474961e-16 1.113265629949354622e-09 3.004657031413400005e-08 2.100115721326743413e-07 8.359599763999769994e-07 2.440875596729528503e-06 5.857945255957910203e-06 1.228152162662674800e-05 2.332836834394670433e-05 4.109982518539986320e-05 6.824496224509262626e-05 1.080243828416142397e-04 1.643740249769525083e-04 2.419680645482752651e-04 3.462798328322696834e-04 4.836395085818705284e-04 6.612871716914718980e-04 8.874195148703816491e-04 1.171227692475036242e-03 1.522921521531584192e-03 1.953728750872593331e-03 2.475841990969298266e-03 3.102256731300108428e-03 3.846441311972450833e-03 4.721984681716587945e-03 5.742744352195378044e-03 6.922004144663565679e-03 8.263077006821235165e-03 9.731618229784452789e-03 1.119075747433146729e-02 1.226543965928836473e-02 1.221352851763957484e-02 1.032155965470804224e-02 7.087377936621393898e-03 4.078470817286236789e-03 2.136944607795201317e-03 1.114898196206970610e-03 6.348800259170355462e-04 4.318076971618213088e-04 3.640404744000499417e-04 3.630999869164045304e-04 3.973003886601365799e-04 4.524446076823721214e-04 5.226251985922878828e-04 6.057400594647281830e-04 7.004657021110515316e-04 8.032773413517639398e-04 9.035151372214815990e-04 9.737267860700396342e-04 9.607797235994532895e-04 8.132495393996422945e-04 5.652575378874162473e-04 3.320605264305863673e-04 1.799894101385582346e-04 9.984776874881511532e-05 6.278090830421742172e-05 4.793895544895755527e-05 4.405303605990444518e-05 4.564308157574207528e-05 5.016416838728077248e-05 5.649325473427335736e-05 6.419592723459554640e-05 7.309646702194847725e-05 8.296486569058657181e-05 9.318475989822989252e-05 1.021041036314879094e-04 1.059563954694572576e-04 9.881812078207755123e-05 7.789777502463045408e-05 5.092138562486110681e-05 2.922569686371756113e-05 1.632199711830134689e-05 9.907745373623678167e-06 7.131870712535561904e-06 6.195763230466070414e-06 6.170060518492736583e-06 6.610203963769038915e-06 7.314425381118176625e-06 8.201163567740887874e-06 9.239604828049527454e-06 1.040402261000523329e-05 1.163897739956093882e-05 1.280033953057244107e-05 1.354136807994840373e-05 1.321578977498737204e-05 1.120548391742446484e-05 7.915833074698976667e-06 4.788598297762124090e-06 2.720767764837454929e-06 1.627532493457422044e-06 1.130618029287679592e-06 9.452473069199671877e-07 9.146192782839494206e-07 9.616375945415389022e-07 1.050663327086096040e-06 1.166942478482202445e-06 1.304950584999606765e-06 1.460999372868480369e-06 1.628607882214140692e-06 1.791867021690798631e-06 1.911896786528727973e-06 1.910263164469508189e-06 1.690521798404045976e-06 1.258890401459898171e-06 7.940286180791791442e-07 4.595184340400177127e-07 2.735253521642125459e-07 1.859617267772704335e-07 1.514782203275805746e-07 1.435696811642501593e-07 1.488807332631252322e-07 1.611537576278807814e-07 1.777619523018149503e-07 1.977198205184592405e-07 2.204382008904890355e-07 2.450303040000254197e-07 2.694508775841498390e-07 2.887016467621621249e-07 2.922710916834605582e-07 2.654891311427089063e-07 2.048286206190257452e-07 1.332869448583877445e-07 7.839058531157251365e-08 4.663955812695524776e-08 3.129926237062638514e-08 2.505454602344893178e-08 2.340194598677946281e-08 2.402488300432219157e-08 2.582687558817816660e-08 2.834390472248200800e-08 3.140122422862848251e-08 3.489990347288357908e-08 3.870629856534074375e-08 4.252910967425537333e-08 4.566101778450158349e-08 4.657978208246466691e-08 4.300230414466096641e-08 3.396218258317860589e-08 2.258775740454275574e-08 1.343764123628621225e-08 7.983315522712429859e-09 5.293935956546823914e-09 4.170661867682378068e-09 3.843354409916260752e-09 3.909192169577466393e-09 4.176030386396330981e-09 4.562136688996459999e-09 5.036524280953129547e-09 5.581995104185689458e-09 6.176963550411491369e-09
9.955595302756422347e-16 1.141631120436489293e-09 3.082896479994136911e-08 2.156037777571136910e-07 8.587126806787179435e-07 2.508736818806733821e-06 6.024192328831135807e-06 1.263706236213845955e-05 2.401677211577432018e-05 4.233523886267641736e-05 7.033304658752386992e-05 1.113863694364967960e-04 1.695739440240591576e-04 2.497431359190223181e-04 3.575739521174166194e-04 4.996396949784742561e-04 6.834628244117703193e-04 9.175643966252865951e-04 1.211504923843981316e-03 1.575912907351961420e-03 2.022492786156698634e-03 2.563992198878841527e-03 3.214085270112477730e-03 3.987116591566136972e-03 4.897793727761055524e-03 5.961364349041490401e-03 7.193869783698369526e-03 8.606917874385623321e-03 1.018911936907292322e-02 1.186125871664852477e-02 1.336703258353997940e-02 1.407999967764667765e-02 1.301713196236393630e-02 9.860900453483022535e-03 6.053883532664205633e-03 3.223554811752946114e-03 1.638658355615678916e-03 8.760485089359765177e-04 5.449125877733144389e-04 4.224159085353959911e-04 3.997415968635888877e-04 4.269295331020490415e-04 4.818044791038770245e-04 5.550201412194125019e-04 6.432323514016422515e-04 7.454193782069699599e-04 8.601093371257653069e-04 9.820808010803222781e-04 1.095369285570104573e-03 1.159888448582556278e-03 1.104732939160341055e-03 8.829217698153766451e-04 5.745547931871271058e-04 3.209433115206598202e-04 1.705715195075290403e-04 9.652321565000948427e-05 6.443580757861976972e-05 5.303587311017059154e-05 5.160691624228905754e-05 5.515635066371642599e-05 6.145143214814142757e-05 6.956888728341577581e-05 7.919259944064680216e-05 9.018742557080492361e-05 1.023087769197393143e-04 1.148326788408152535e-04 1.257342703681450942e-04 1.302696692487611955e-04 1.208512281828225029e-04 9.404667048527167383e-05 6.025684461323381117e-05 3.389453995565019673e-05 1.872375376736580546e-05 1.143205205065582681e-05 8.406665916560723044e-06 7.481076125426915554e-06 7.574015882902257424e-06 8.183104202653492109e-06 9.087868679575023822e-06 1.020404361244598346e-05 1.150222456542769979e-05 1.295907612502483315e-05 1.452322951701224932e-05 1.605307220103765987e-05 1.718287886935570530e-05 1.715231199268344925e-05 1.502659304331559655e-05 1.093851686914683365e-05 6.690200141859164472e-06 3.758445377237677075e-06 2.190583389226003667e-06 1.478567366725171282e-06 1.210888329826272632e-06 1.159775454988370135e-06 1.214695304424176633e-06 1.325322504673784576e-06 1.471028387753732622e-06 1.644560020452358075e-06 1.842270702967246349e-06 2.059003227178705801e-06 2.282174009007803282e-06 2.478446787811730156e-06 2.569747638992581530e-06 2.423342972428463756e-06 1.951658820446706543e-06 1.304365310750501373e-06 7.628436976238944366e-07 4.372018802590311599e-07 2.774255612200405327e-07 2.108901336241001064e-07 1.909082083241675207e-07 1.935061450738915369e-07 2.074208459891034891e-07 2.278042105140922614e-07 2.528741674728553375e-07 2.819039154486474286e-07 3.142108743138299949e-07 3.484498193548341241e-07 3.811548458705690755e-07 4.037083104846283296e-07 3.988183678893046817e-07 3.463843804570796400e-07 2.514061992267774300e-07 1.549713540185282424e-07 8.915918814400938340e-08 5.426269015685335738e-08 3.866430205121679839e-08 3.308067482793996323e-08 3.237832438922135817e-08 3.406475383102327511e-08 3.702655022565252864e-08 4.083355669717256055e-08 4.532516025391724565e-08 5.039101617880763229e-08 5.586313844669286968e-08 6.134214453751577981e-08 6.581001722887441733e-08 6.701393626501715376e-08 6.152363729652983248e-08 4.797129507375304266e-08 3.130676648785674082e-08 1.831454621614561578e-08 1.083197072842640378e-08 7.274261387450433571e-09 5.861182456960385477e-09 5.508126163282001145e-09 5.667857308381601816e-09 6.088216496190969778e-09 6.666990655551763045e-09 7.366883381199411332e-09
1.044300221087900314e-15 1.170560378372860850e-09 3.162721254490285682e-08 2.213120347459636072e-07 8.819490757914098941e-07 2.578075553755623351e-06 6.194142782516448789e-06 1.300069921544891656e-05 2.472118349564707865e-05 4.359995691169693554e-05 7.247160133519761052e-05 1.148310696383273707e-04 1.749039359048605981e-04 2.577157304883765428e-04 3.691591402588800114e-04 5.160577054792255978e-04 7.062245376382926976e-04 9.485144498942900274e-04 1.252867596417501063e-03 1.630341661159764519e-03 2.093126613928527648e-03 2.654527664175913328e-03 3.328884379380649995e-03 4.131377465606165048e-03 5.077760999001498451e-03 6.184474364964578225e-03 7.469404330224311238e-03 8.949636304455534097e-03 1.062976180114321920e-02 1.247344479168580045e-02 1.432859623441554153e-02 1.575022423475919489e-02 1.577866092217310862e-02 1.335438857206290748e-02 9.031987313621731017e-03 5.028634251199565197e-03 2.533708161726061329e-03 1.282989799814715547e-03 7.277167192444914355e-04 5.095662629054153537e-04 4.484375882515935843e-04 4.619626433316254997e-04 5.140298033021119435e-04 5.894031983171925913e-04 6.823300382951023131e-04 7.912768010485914365e-04 9.157767600311494342e-04 1.053946753848368544e-03 1.198394199897984212e-03 1.326319436980195367e-03 1.381509492544007699e-03 1.272512812989306684e-03 9.642700029828687623e-04 5.919986871942852467e-04 3.172055974448581084e-04 1.667058107113953249e-04 9.705859194528759152e-05 6.897344055924616686e-05 6.060184461953008244e-05 6.155076190896553007e-05 6.717005032400488718e-05 7.546858287187221742e-05 8.569038191178068452e-05 9.761352232663031414e-05 1.111385474747083414e-04 1.260277944809803442e-04 1.414961824907258340e-04 1.552191833951435868e-04 1.614814030943638446e-04 1.505577895253636545e-04 1.172037095037833574e-04 7.436036183047339257e-05 4.111884356001341501e-05 2.237744607775859297e-05 1.361720357078423125e-05 1.011408574146643067e-05 9.129551718975318833e-06 9.338412654988236496e-06 1.014274255481428357e-05 1.128863444681738131e-05 1.268385664298969857e-05 1.429933811042553157e-05 1.611582913024750253e-05 1.809184605776836967e-05 2.010388718134137535e-05 2.180415727912137061e-05 2.237433004923185438e-05 2.051350353002134362e-05 1.570763586458548002e-05 9.891055847743825873e-06 5.526299750688761532e-06 3.113563563529336508e-06 2.006479094414200753e-06 1.581042384846193320e-06 1.481872639717770755e-06 1.537779807258025755e-06 1.671898557369920876e-06 1.852724801875118159e-06 2.069473885727203487e-06 2.318072355676049683e-06 2.594697778749496362e-06 2.890904952053049564e-06 3.182589134290848245e-06 3.405110346211149922e-06 3.416885884057534598e-06 3.025267893546203231e-06 2.223449312114569584e-06 1.362787149790288910e-06 7.650627509889824007e-07 4.498119393030290231e-07 3.106883385465443475e-07 2.612131774482195854e-07 2.543940272682987847e-07 2.679642454305335247e-07 2.921319260406512365e-07 3.231334561026424985e-07 3.596955329963342734e-07 4.011627031909166586e-07 4.467266245791498439e-07 4.944624325025358361e-07 5.390000679533220037e-07 5.667253612897109967e-07 5.508258125465033462e-07 4.637596297412552039e-07 3.224768666730211720e-07 1.915072929714190698e-07 1.088141480098285783e-07 6.770261696222997485e-08 5.055635581315632465e-08 4.526672525434526601e-08 4.558806538417634126e-08 4.862779221176226381e-08 5.316826765540287260e-08 5.877476786352980433e-08 6.528164392019693069e-08 7.256919876936433703e-08 8.045082476629927942e-08 8.844710027260287983e-08 9.525865938533781352e-08 9.782493066199244736e-08 9.101079208662907047e-08 7.185006737416029030e-08 4.697216054544321030e-08 2.717956497754281018e-08 1.583203207501131481e-08 1.053232589668923369e-08 8.481432035534547904e-09 7.998474486454664947e-09 8.255520694705965353e-09 8.881084510341200974e-09
1.097372389129664047e-15 1.200063151816205793e-09 3.244149176206649673e-08 2.271377858183529342e-07 9.056754980090743914e-07 2.648911493793725601e-06 6.367848017555135495e-06 1.337254838234614831e-05 2.544183971589732664e-05 4.489442674543224590e-05 7.466141861931256327e-05 1.183598131655293201e-04 1.803661368914797063e-04 2.658891503803763388e-04 3.810403378693499811e-04 5.329007228603929594e-04 7.295824971213958014e-04 9.802838334086400388e-04 1.295335126625719998e-03 1.686234310104553361e-03 2.165666881574727833e-03 2.747500745827422333e-03 3.446733008715305389e-03 4.279348923144500605e-03 5.262095616563391975e-03 6.412496501602906948e-03 7.749701118356244409e-03 9.294147375696143465e-03 1.106076217099957563e-02 1.304218201370476067e-02 1.516438007816536468e-02 1.716195030137960056e-02 1.831156142770588857e-02 1.727493860390047486e-02 1.325948563058094304e-02 8.042463286961957364e-03 4.132566104358741110e-03 2.013733652145450678e-03 1.045400713076976087e-03 6.508259672254258950e-04 5.187720825276376365e-04 5.059836876303239889e-04 5.504632470994422037e-04 6.263254945886873384e-04 7.234532311689908374e-04 8.387608810787750696e-04 9.719030985714346331e-04 1.122711196239140367e-03 1.288860616781934950e-03 1.460560077012357716e-03 1.607044504338061295e-03 1.652596610294303041e-03 1.480859985338602979e-03 1.072566410724045977e-03 6.264960707846129124e-04 3.240478232973018568e-04 1.691963327378122491e-04 1.016780012017468705e-04 7.659292419265435953e-05 7.092495283476807767e-05 7.426868243618744959e-05 8.215635874989546308e-05 9.277108054495619932e-05 1.054921720378428058e-04 1.201724726296627972e-04 1.367548307153483697e-04 1.550448059287193650e-04 1.742823455538497989e-04 1.920281078152569513e-04 2.018340427570799328e-04 1.914670319388172203e-04 1.517291916931670604e-04 9.671473347252550971e-05 5.279482154052837870e-05 2.812277723860318247e-05 1.681984246545085496e-05 1.242450709570917856e-05 1.124799565087818155e-05 1.155337830493358051e-05 1.258009972624455039e-05 1.401496872589433679e-05 1.574861193156357639e-05 1.775008787720368058e-05 2.000514415414178483e-05 2.248689893978280527e-05 2.510492013303325542e-05 2.757370179339856966e-05 2.912588037197098536e-05 2.820257252792596282e-05 2.325576566052917676e-05 1.553086209543431113e-05 8.781485927986475742e-06 4.771828648406111158e-06 2.879922974485964677e-06 2.129237495364072594e-06 1.918055955601321291e-06 1.954932456980793543e-06 2.110689431077839638e-06 2.332167022034819726e-06 2.600914315098742333e-06 2.911174948144155204e-06 3.259923064576064283e-06 3.642589179105879431e-06 4.045427110356294807e-06 4.426082537588957609e-06 4.671092398414094718e-06 4.546228845107504692e-06 3.800587238075787168e-06 2.587907613898973233e-06 1.490824828796446917e-06 8.237767719267799032e-07 5.053982613210823482e-07 3.786031216854350563e-07 3.430251630509307661e-07 3.493755759737314057e-07 3.757025798952188988e-07 4.130679699367306362e-07 4.584180698829564960e-07 5.107106661478705442e-07 5.693356705070007862e-07 6.334362945736152543e-07 7.005833219598831142e-07 7.634609360810890473e-07 8.027227039115466182e-07 7.788698764354625622e-07 6.502515928842208639e-07 4.436548425083140741e-07 2.573962037431987841e-07 1.442849156792955758e-07 9.043369273350915344e-08 6.917220710476842205e-08 6.343622224004434393e-08 6.483156897343173235e-08 6.962661809913509108e-08 7.633098830301710982e-08 8.444279553993593239e-08 9.377262424955180261e-08 1.041992498854941149e-07 1.155517622664751473e-07 1.273558033741250485e-07 1.382113356599991160e-07 1.444862589947146210e-07 1.389823395699978837e-07 1.146947784981902078e-07 7.746797998606565569e-08 4.486701886654548257e-08 2.541350118023976849e-08 1.625542566506267755e-08 1.269034999914607222e-08 1.177711902902360716e-08
1.155587619314443530e-15 1.230150807950308094e-09 3.327202165279561855e-08 2.330824561170551709e-07 9.298980974945570881e-07 2.721264428047279498e-06 6.545359495512112912e-06 1.375272650744718699e-05 2.617897960429831962e-05 4.621909991713831688e-05 7.690329805425717041e-05 1.219739455631955110e-04 1.859627107141407164e-04 2.742667470685837051e-04 3.932225627147203440e-04 5.501760487761394713e-04 7.535470634874299675e-04 1.012886936274781397e-03 1.338927204357548634e-03 1.743617607205814532e-03 2.240150221545497006e-03 2.842963072919993828e-03 3.567707661830490842e-03 4.431150084588201914e-03 5.450988706126686130e-03 6.645784705684904675e-03 8.035644228364559674e-03 9.642902272498763208e-03 1.148864270469725050e-02 1.358328222236705046e-02 1.590375890967961336e-02 1.832228966087151231e-02 2.040862445740589809e-02 2.105856409532156845e-02 1.857630786424898511e-02 1.289430683126821346e-02 7.084738335964995554e-03 3.417730180380291333e-03 1.645480839766656767e-03 9.027216918472645828e-04 6.315172586873398376e-04 5.664730369759810426e-04 5.937742616937840851e-04 6.667482077863363076e-04 7.670602043158277839e-04 8.884249443064064699e-04 1.029671577603637894e-03 1.191233413606637747e-03 1.373249125091061205e-03 1.573169588238912137e-03 1.779145190306346842e-03 1.952519708481508702e-03 1.995673121096671210e-03 1.758976579091853882e-03 1.233108056811038850e-03 6.913737819416079355e-04 3.462605499950650975e-04 1.794951257719518557e-04 1.109123913950010832e-04 8.766853497238076792e-05 8.442072488101185889e-05 9.025913134451981875e-05 1.007029876534541236e-04 1.140356235647862066e-04 1.297378102651164714e-04 1.477234901478058013e-04 1.679909051915481509e-04 1.904327819988052106e-04 2.144314318351133841e-04 2.377371116250340222e-04 2.537845001787880444e-04 2.481139961983950442e-04 2.046735945514166141e-04 1.340513043744335294e-04 7.290430113783296403e-05 3.773950522999343360e-05 2.176152623331250403e-05 1.564640210617743185e-05 1.400068107535809304e-05 1.434001404615809642e-05 1.560983410581898639e-05 1.738809247526432715e-05 1.953070069334939253e-05 2.200005276706863756e-05 2.478607702176709011e-05 2.787815996432866847e-05 3.122751103606463224e-05 3.464554514800582296e-05 3.754286233163185607e-05 3.842380072649018722e-05 3.476944055274495878e-05 2.567565276309723127e-05 1.527905154869454326e-05 8.119086833558724847e-06 4.520241027953117262e-06 3.031086570359918981e-06 2.545635989073655687e-06 2.507136564371290294e-06 2.670788837929503852e-06 2.935894395210656480e-06 3.266057556211614387e-06 3.650531289527186877e-06 4.085783078460311311e-06 4.569765942774440715e-06 5.097302181288388103e-06 5.648419198447762335e-06 6.157991647775512065e-06 6.448178933020261102e-06 6.157156291336411044e-06 4.951981954861388201e-06 3.197812818667245358e-06 1.765594937150056583e-06 9.691210238407671173e-07 6.175688240004014005e-07 4.911362728481772015e-07 4.664721972578793359e-07 4.871503591545307817e-07 5.294322153793108148e-07 5.844213711310171356e-07 6.493378837754093896e-07 7.232104421570315348e-07 8.055491180382470716e-07 8.956557139732917059e-07 9.910512243366856605e-07 1.083431085915583191e-06 1.149065196883069642e-06 1.134242236529196733e-06 9.690237162193341104e-07 6.706243928330172547e-07 3.862150055228632865e-07 2.116849020539136681e-07 1.299678107046768200e-07 9.861804582525846434e-08 9.054656930526832667e-08 9.280393044414862052e-08 9.982728016017580412e-08 1.094743584523408656e-07 1.210517793132080710e-07 1.343127904841621258e-07 1.491363604290892110e-07 1.654077817333817400e-07 1.827813945818074767e-07 2.000850723352867204e-07 2.138627642807464282e-07 2.157420421337903833e-07 1.924938932343591524e-07 1.409981960355799094e-07 8.457223988917753935e-08 4.651745406755084912e-08 2.765571595923980024e-08
1.220031229326451037e-15 1.260834280378268368e-09 3.411902379614157993e-08 2.391475784180688040e-07 9.546232364078111529e-07 2.795154234588537701e-06 6.726728869333769008e-06 1.414135091715047495e-05 2.693284351391365765e-05 4.757443138015693282e-05 7.919804872257115347e-05 1.256748295500490582e-04 1.916958542412370192e-04 2.828519266840485405e-04 4.057109270777268053e-04 5.678911276255501576e-04 7.781288042662530980e-04 1.046338441888003574e-03 1.383663875366479426e-03 1.802518676740139537e-03 2.316613451634427258e-03 2.940965756975420960e-03 3.691882673644602837e-03 4.586894595413016848e-03 5.644616890590575982e-03 6.884632818294035735e-03 8.327909055223544146e-03 9.997811046930650883e-03 1.191876517787446299e-02 1.411105224746203590e-02 1.658068117546912176e-02 1.928629741170562531e-02 2.203101540816021497e-02 2.416580624585974724e-02 2.409939879925202671e-02 1.984760936520180846e-02 1.250539166259960477e-02 6.296574969211606899e-03 2.893092118026840791e-03 1.405165857629835308e-03 8.366852798391258197e-04 6.607456290285074673e-04 6.498557197508324657e-04 7.126513811748794386e-04 8.138455906551867597e-04 9.407274680317253895e-04 1.089878344255320501e-03 1.261446343182428056e-03 1.456488172769259759e-03 1.675637836791831576e-03 1.916639393369406639e-03 2.166871191060336724e-03 2.382274159397647622e-03 2.444230854275593334e-03 2.155937195261001943e-03 1.490962255780342843e-03 8.108317362527796930e-04 3.929305574043367110e-04 2.005754988289154398e-04 1.258477613688954776e-04 1.028196131971331994e-04 1.016577053972032472e-04 1.101522842528319100e-04 1.235308494614633604e-04 1.400801971388347710e-04 1.593444292435551807e-04 1.812886708929381172e-04 2.059785412702839092e-04 2.334315860308924958e-04 2.632874124814867534e-04 2.938434692100939678e-04 3.194133318198665592e-04 3.250485243491500189e-04 2.862434848718579321e-04 1.995823309469411987e-04 1.105902610580848005e-04 5.548703445395482503e-05 3.011840251523723131e-05 2.042987342218617635e-05 1.767749065360471082e-05 1.787399051621410049e-05 1.938009769098892541e-05 2.155849876316133881e-05 2.419283053598238645e-05 2.722798858205249096e-05 3.065452510217577962e-05 3.447548850818094648e-05 3.868181001360721861e-05 4.318895767809841101e-05 4.765853086319089344e-05 5.103265475146544970e-05 5.072337161240025730e-05 4.309841431555394439e-05 2.894383660304974590e-05 1.582273991052738079e-05 8.181332956841837705e-06 4.795574973860571963e-06 3.566916132124948124e-06 3.282443882513887534e-06 3.400742110525367078e-06 3.701055784853109702e-06 4.100466653368125613e-06 4.573251545666567282e-06 5.112358484273727300e-06 5.715984380227617739e-06 6.383875196850195984e-06 7.111612333239698861e-06 7.875787940638183344e-06 8.593237114446753875e-06 9.022538331216126213e-06 8.638259116241039614e-06 6.909861757609538233e-06 4.366129497898854598e-06 2.339924076712409680e-06 1.263710486377152849e-06 8.147503586204619454e-07 6.663337811333821881e-07 6.474987466843299338e-07 6.842818283668400142e-07 7.472136664322970712e-07 8.260196693913670185e-07 9.176628242412437183e-07 1.021125464539692226e-06 1.136127878444383476e-06 1.262430617328000139e-06 1.398319378134628274e-06 1.536653623586138381e-06 1.654309373864851976e-06 1.689904254165714463e-06 1.532473335120454952e-06 1.131113766342662545e-06 6.684196181271186183e-07 3.562611870645678456e-07 2.060976123072911049e-07 1.480766233114195961e-07 1.319721843820428201e-07 1.337374388756280937e-07 1.433022544194532466e-07 1.568515773121837416e-07 1.731715358785572019e-07 1.918669059302749046e-07 2.127870423648785052e-07 2.358877083644539521e-07 2.610427762441237611e-07 2.876103061606294397e-07 3.132768889328225591e-07 3.311531394579714996e-07 3.250608917729412580e-07 2.736237411891105370e-07 1.839043262359865769e-07
1.292208657299015590e-15 1.292121260591773395e-09 3.498266388927694013e-08 2.453345482661650897e-07 9.798571590371987804e-07 2.870600782298741076e-06 6.912007926996046596e-06 1.453853931437576150e-05 2.770367326002488791e-05 4.896088011686260756e-05 8.154648796367448024e-05 1.294638462186798898e-04 1.975677998062451326e-04 2.916481607753570950e-04 4.185106473742054335e-04 5.860535729125482480e-04 8.033385445982845581e-04 1.080653384196093554e-03 1.429565653159387082e-03 1.862965166117546648e-03 2.395093776388643961e-03 3.041559719041316175e-03 3.819330570768294728e-03 4.746691159844597559e-03 5.843145254825154143e-03 7.129289787109031190e-03 8.626983270965329562e-03 1.036023799673134980e-02 1.235512624436994195e-02 1.463687934700339324e-02 1.722585198934710807e-02 2.012563067384102664e-02 2.327811819051806008e-02 2.641348050783013171e-02 2.862880205550752052e-02 2.773929274010988183e-02 2.147497515024305789e-02 1.239356663544734921e-02 5.772513734821863897e-03 2.551145943338106303e-03 1.272018918647580942e-03 8.345615472701412539e-04 7.335023844906407402e-04 7.687294356441405586e-04 8.652593126663808004e-04 9.961931444433767824e-04 1.153046916377873776e-03 1.334496242175280166e-03 1.541620681684219328e-03 1.776117918855151488e-03 2.039376873163337069e-03 2.330216762653285981e-03 2.637602417924603520e-03 2.918170257180276086e-03 3.041574405750751588e-03 2.750606044157674970e-03 1.933504980450641633e-03 1.036941221002033939e-03 4.844821811508859049e-04 2.391516036186955557e-04 1.487490159207831601e-04 1.230806023665819554e-04 1.234095271807192145e-04 1.347350703674996453e-04 1.515153038207587416e-04 1.718882341959736813e-04 1.954126224544217515e-04 2.220943743857824583e-04 2.520701230159745946e-04 2.854968377857665341e-04 3.223308408057942503e-04 3.616674255788569097e-04 3.997023104242625646e-04 4.242536105466697860e-04 4.066372805036069988e-04 3.170133578060629854e-04 1.883512611544456298e-04 9.312016065026453785e-05 4.652367110546293093e-05 2.844639435503523831e-05 2.291100225412811249e-05 2.245377590288823443e-05 2.409497436728104934e-05 2.671570474151877805e-05 2.993515394025249323e-05 3.365333199712326539e-05 3.785320896063090810e-05 4.254467064494271472e-05 4.774689107460096713e-05 5.345621152018932814e-05 5.955850356168565073e-05 6.556380318455057516e-05 6.987294818212396016e-05 6.847553390030831997e-05 5.606191965507062057e-05 3.535426438268862785e-05 1.821456738194007126e-05 9.264477366954892681e-06 5.676968309475533771e-06 4.542455760008864786e-06 4.410635377011966530e-06 4.689034265468111501e-06 5.153280413553990313e-06 5.727495353963251995e-06 6.390847425920660709e-06 7.137963937385000232e-06 7.969172216614239370e-06 8.887161965602067843e-06 9.891190337231812850e-06 1.096246815018642385e-05 1.202078530284490140e-05 1.280405256305888904e-05 1.264162250920480963e-05 1.056655161232124317e-05 6.863848882815195848e-06 3.627293009516316060e-06 1.878945776222407721e-06 1.166854544445644219e-06 9.396014564445739878e-07 9.117149506534735431e-07 9.649780518843415457e-07 1.054553367400188301e-06 1.165534112653833171e-06 1.293685232065225562e-06 1.437682648710451390e-06 1.597433289219416153e-06 1.773368209974564576e-06 1.965266916040677809e-06 2.169445454410294568e-06 2.370526930146246240e-06 2.518699606729301901e-06 2.486676817989536842e-06 2.088294814438162110e-06 1.370009608776619870e-06 7.337017185305371249e-07 3.868431642685720498e-07 2.452231934903092139e-07 2.003247736675573455e-07 1.952638033618630042e-07 2.063685400082475454e-07 2.247075970310234784e-07 2.473797859403820098e-07 2.735264987587935979e-07 3.028474838351342689e-07 3.353102683460906434e-07 3.709900909550626006e-07 4.098150519116416496e-07 4.509710316498695666e-07 4.911720896498099325e-07 5.199314880698217420e-07
1.374309729666760788e-15 1.324017009009648150e-09 3.586318833790207119e-08 2.516449695907409154e-07 1.005606168336789074e-06 2.947624011423175879e-06 7.101248697753228941e-06 1.494441016167614609e-05 2.849171288434626287e-05 5.037891053396712415e-05 8.394944402566220480e-05 1.333423986322239624e-04 2.035808185344942527e-04 3.006589895917472855e-04 4.316270602580359939e-04 6.046711934966530382e-04 8.291874018728076024e-04 1.115847236426376196e-03 1.476653636369691181e-03 1.924985423494135744e-03 2.475629069359593613e-03 3.144796050784251420e-03 3.950122581374901701e-03 4.910644139773069454e-03 6.046729938485706501e-03 7.379975863435936888e-03 8.933210778839458660e-03 1.073105583551275943e-02 1.280037789212193876e-02 1.516872793985842710e-02 1.786256506383116296e-02 2.090444219265888415e-02 2.429961361159944933e-02 2.798417677724921240e-02 3.164109824022835055e-02 3.414260797950560700e-02 3.261789157763727437e-02 2.419944835562458027e-02 1.297346941014976621e-02 5.613371699813137806e-03 2.389612336083087735e-03 1.232359329681879598e-03 8.888069475754281851e-04 8.480881141479879254e-04 9.250845438919004385e-04 1.055856720481046116e-03 1.219594216403192084e-03 1.410983897623079800e-03 1.630199168234900981e-03 1.879066140545083584e-03 2.159978823167532300e-03 2.475280849730011890e-03 2.825620166205046295e-03 3.204307834865723417e-03 3.577850358567466558e-03 3.827668344349047756e-03 3.651673660609992735e-03 2.736751773082153356e-03 1.499574905649395367e-03 6.752858809967595636e-04 3.128007829551788946e-04 1.850032511456449610e-04 1.504006953000030893e-04 1.507849289276471500e-04 1.649932459868663716e-04 1.857110581545352488e-04 2.106343532073989735e-04 2.392581943132814266e-04 2.716133327117781346e-04 3.079000028606903661e-04 3.483984267701298494e-04 3.933484575088725451e-04 4.426219290496740278e-04 4.946214762931165935e-04 5.426277991016477615e-04 5.648413852347589775e-04 5.131787287483334731e-04 3.591184987948555841e-04 1.880725574945377415e-04 8.690012934611867983e-05 4.524180168520285794e-05 3.155519857731183274e-05 2.875981397952326001e-05 3.008892277019434603e-05 3.311020179486738943e-05 3.700433176063304440e-05 4.154243466171508468e-05 4.667900891483811089e-05 5.241979743508308893e-05 5.879642423157640629e-05 6.584920522112283658e-05 7.359581861138882880e-05 8.194034028306193269e-05 9.036912683400896826e-05 9.700529383174427895e-05 9.650600127546467917e-05 8.021133418402170447e-05 5.009561531288102428e-05 2.479404327079605825e-05 1.214947902276028388e-05 7.434689300596224678e-06 6.100981124988391989e-06 6.055575832185192412e-06 6.507376148981871305e-06 7.179242362484498559e-06 7.986083837339122554e-06 8.906207033698125355e-06 9.934626265642889132e-06 1.107386909647842591e-05 1.233036797474476283e-05 1.370988950640465015e-05 1.520758685245743426e-05 1.677648549544098210e-05 1.822510856841644963e-05 1.893576714380586118e-05 1.748829112513779682e-05 1.275574138370283786e-05 7.037846922556425622e-06 3.431949790034055915e-06 1.903159213640739986e-06 1.401602966773884892e-06 1.306923430962879110e-06 1.366208073834711901e-06 1.487716037236133100e-06 1.641575518750370189e-06 1.819567283558527091e-06 2.019234074822961348e-06 2.240289160570145952e-06 2.483695641816473060e-06 2.750757818562330425e-06 3.041732489005490087e-06 3.351986252779567564e-06 3.659478064800170335e-06 3.886935355545404126e-06 3.822108940993333362e-06 3.141090779279102853e-06 1.957866101216164594e-06 9.916710103561441575e-07 5.165157762049621729e-07 3.429957001617370833e-07 2.975163805442636448e-07 3.007603023969636168e-07 3.227680429035004142e-07 3.533375442231799971e-07 3.895226395517229577e-07 4.304205952000972930e-07 4.757719385984383265e-07 5.256882675923859427e-07 5.804386576726587480e-07 6.402064786411800345e-07
1.469731899193290894e-15 1.356534128723753230e-09 3.676086840606269638e-08 2.580803401709404153e-07 1.031876770250413679e-06 3.026244087921983373e-06 7.294503650443048739e-06 1.535908292587817987e-05 2.929720841343833994e-05 5.182899139964462879e-05 8.640775629415862102e-05 1.373119106405567094e-04 2.097372227271964286e-04 3.098880278098347556e-04 4.450656296167864096e-04 6.237520002428063046e-04 8.556868248477206501e-04 1.151935966210194950e-03 1.524949627345496351e-03 1.988608709265184127e-03 2.558258180279014259e-03 3.250726415817205978e-03 4.084329044185380439e-03 5.078853879169432928e-03 6.255518991078275713e-03 7.636895412076479157e-03 9.246845664699543735e-03 1.111075311776627689e-02 1.325601391657216070e-02 1.571134636724439912e-02 1.850565359096684875e-02 2.166784247134009855e-02 2.522453510511010744e-02 2.918869989530081810e-02 3.351300441694494980e-02 3.790603277696109191e-02 4.118994136113796056e-02 3.987606435198815663e-02 2.952379369036044546e-02 1.507507276632556216e-02 6.040854195364821558e-03 2.439012475202821488e-03 1.283533252705932465e-03 9.967905829502919906e-04 1.005581146364363304e-03 1.122804167353534058e-03 1.290217694225394588e-03 1.491214301903176324e-03 1.722823052394018657e-03 1.986323012144953354e-03 2.284230180086914506e-03 2.619635243464537525e-03 2.995837910000255597e-03 3.415521249580765265e-03 3.877758312700909683e-03 4.366258489053827414e-03 4.805909124313983288e-03 4.936370241058301613e-03 4.209250770776796872e-03 2.561857460494712958e-03 1.144498071315554677e-03 4.795626421417252647e-04 2.509126563285129130e-04 1.895232618548198180e-04 1.856617942092648923e-04 2.022131769961697789e-04 2.273839979177729939e-04 2.577048344929691766e-04 2.924335074810102686e-04 3.315950974717118667e-04 3.754396260613519927e-04 4.243373407031311804e-04 4.787108746828747704e-04 5.389285094629075578e-04 6.049567295059783299e-04 6.750187749782975664e-04 7.406181272764264479e-04 7.711223311321223264e-04 6.921385305026991897e-04 4.599605496350589635e-04 2.212112489290041391e-04 9.651103417606085090e-05 5.161628474487137380e-05 3.923232131611925996e-05 3.819600370996416457e-05 4.114584432231985705e-05 4.571537537127703563e-05 5.121211456941666767e-05 5.747973470779363706e-05 6.449856581383681499e-05 7.229605903559950227e-05 8.092617096486164302e-05 9.045425735406725429e-05 1.009380616464995386e-04 1.123696982852585895e-04 1.244554151279209304e-04 1.358063322043209168e-04 1.414117085418989319e-04 1.286894894606715111e-04 8.830628409758260831e-05 4.404066301042256301e-05 1.988829128106124201e-05 1.104105434140344721e-05 8.609349172824829629e-06 8.435346691531511070e-06 9.052060592781921840e-06 9.986696726574671845e-06 1.110432896719261219e-05 1.237258750560571984e-05 1.378420009210792386e-05 1.534271618154274379e-05 1.705766094044563287e-05 1.894105684444427593e-05 2.100336837731594107e-05 2.324132346751460750e-05 2.559248659074373985e-05 2.777074129162643751e-05 2.876058423199310510e-05 2.605413310066476536e-05 1.787019669433671814e-05 9.005968886639327596e-06 4.192625816947942463e-06 2.441589748311502005e-06 1.974012864123630115e-06 1.958416614596134677e-06 2.101016057736426531e-06 2.307855864522252933e-06 2.552996698433499224e-06 2.829571016608659114e-06 3.135680399173477479e-06 3.471989336077784547e-06 3.840509673379159636e-06 4.243786474310281496e-06 4.683916412681574363e-06 5.159583444953306983e-06 5.655181653092597556e-06 6.102077600175860604e-06 6.263212853265064937e-06 5.581888273369434266e-06 3.749055807157242474e-06 1.880674896749769680e-06 9.031479416777085526e-07 5.561932946757447707e-07 4.684322734349264902e-07 4.715169513392036946e-07 5.064318045234614862e-07 5.546614445511311609e-07 6.112276026228395632e-07 6.746390350953154576e-07 7.444802850103147254e-07
1.584259837883410323e-15 1.389708037427601582e-09 3.767591970165830710e-08 2.646423724202964723e-07 1.058675699414796233e-06 3.106481673751112119e-06 7.491825999402435488e-06 1.578267875174598975e-05 3.012040941989594151e-05 5.331159821129445662e-05 8.892227490887164086e-05 1.413738272447594591e-04 2.160393614350221393e-04 3.193389516248087501e-04 4.588319258488846855e-04 6.433042018093447674e-04 8.828485854156512729e-04 1.188936052575200082e-03 1.574476200521496760e-03 2.053865353063902537e-03 2.643021232443818706e-03 3.359403524808070220e-03 4.222019887287487006e-03 5.251416549172984935e-03 6.469650860762115631e-03 7.900240716914841074e-03 9.568099479697549092e-03 1.149956386951560619e-02 1.372266038944299112e-02 1.626692607435499191e-02 1.916260471871859827e-02 2.244067702227205488e-02 2.613286623121824012e-02 3.027033357984425938e-02 3.487782614494296107e-02 3.994678631706324867e-02 4.531185087859262994e-02 5.011846356707592293e-02 5.102783454961794252e-02 4.078717005008460766e-02 2.116267881211623264e-02 7.816096759790761364e-03 2.848497768711114042e-03 1.446960092361042815e-03 1.161895126447422006e-03 1.209594622880203829e-03 1.367484613061099473e-03 1.575572934517946878e-03 1.819588706705586216e-03 2.098257743642530006e-03 2.413779844679635276e-03 2.769371459481926971e-03 3.168781647456772946e-03 3.616073852430261824e-03 4.115387483733036131e-03 4.670141163723837488e-03 5.279362140642738024e-03 5.920954300921872464e-03 6.480707506902320079e-03 6.520408031758850864e-03 5.134269563943250070e-03 2.648273171559894362e-03 1.014415584840362185e-03 4.192933005355835058e-04 2.581951957796169280e-04 2.328183121926988362e-04 2.484007593697172469e-04 2.780864656712307226e-04 3.147073041763960469e-04 3.567157048557777644e-04 4.040412372493266870e-04 4.569706322738884756e-04 5.159464443524330868e-04 5.814923544455846130e-04 6.541746590443014335e-04 7.345572952483522908e-04 8.230152027735289453e-04 9.188572589874775430e-04 1.016418094388292157e-03 1.089319319447112694e-03 1.046880410174848980e-03 7.535138022949528381e-04 3.590569031732097362e-04 1.422016402824874870e-04 7.017134898742634905e-05 5.275638796659016345e-05 5.209182779358962240e-05 5.660364571251121091e-05 6.305614069446355372e-05 7.063953775307275614e-05 7.920279045538967900e-05 8.874156453275624514e-05 9.930487431244143905e-05 1.109674037778398276e-04 1.238161080327012829e-04 1.379445712021480327e-04 1.534399816116837885e-04 1.703185529570918765e-04 1.882284883914728810e-04 2.051797110191760129e-04 2.128968097580695874e-04 1.882377832588454580e-04 1.170435520547241973e-04 5.104363544832457388e-05 2.212501207237829644e-05 1.365410127651592801e-05 1.209973722508092320e-05 1.263971242311194572e-05 1.385946900751722113e-05 1.538065407069457338e-05 1.711874627933961273e-05 1.905530725224050226e-05 2.119146641425191080e-05 2.353768174362238236e-05 2.610857341547235641e-05 2.892122860976291165e-05 3.199399512784125831e-05 3.534061057349373910e-05 3.894196018604480827e-05 4.262245372967135402e-05 4.555272031439238197e-05 4.474390587089805039e-05 3.457446211827033133e-05 1.808690184777791339e-05 7.662553594192507853e-06 3.971089523652371418e-06 3.059152249762652556e-06 3.019468151831322009e-06 3.246519054715202056e-06 3.570385004531222609e-06 3.949910265217122859e-06 4.374977986914414436e-06 4.843046291714819090e-06 5.355085615887085535e-06 5.913640005696037225e-06 6.522116511789887084e-06 7.184562978198746074e-06 7.905028572922043228e-06 8.684400936048367517e-06 9.506480495211886594e-06 1.027999579175602891e-05 1.062828175892077612e-05 9.482340913176745610e-06 6.072865774035785930e-06 2.766376812033491738e-06 1.274441527215279779e-06 8.366567999206780789e-07 7.616578370276402677e-07 7.966734625603802802e-07 8.671548018990890290e-07
1.729310191125308165e-15 1.423592086961480488e-09 3.860884802407221613e-08 2.713331714381157714e-07 1.086010453770913455e-06 3.188359018446189886e-06 7.693271833937848742e-06 1.621532290479494684e-05 3.096157138643980779e-05 5.482721459035435854e-05 9.149386147552576189e-05 1.455296051603075620e-04 2.224895975108040762e-04 3.290154573216522204e-04 4.729315578736069045e-04 6.633360752244224414e-04 9.106846114893372849e-04 1.226864309018512855e-03 1.625256554155642651e-03 2.120786694419075566e-03 2.729959751549737926e-03 3.470881469006066936e-03 4.363264972989745576e-03 5.428423380024214283e-03 6.689249251131091159e-03 8.170180556323075258e-03 9.897154656401415881e-03 1.189757309180961876e-02 1.420034958186867056e-02 1.683589105793520044e-02 1.983570866136430064e-02 2.323229178952752882e-02 2.705910920756429694e-02 3.135029359118215314e-02 3.614005256814198375e-02 4.146122265282188579e-02 4.733905723248190561e-02 5.375720508342382575e-02 6.046409599246135164e-02 6.593871504472278988e-02 6.339152364363771774e-02 4.102796595817981284e-02 1.499571986825064783e-02 4.439962396430449654e-03 1.848414371843061163e-03 1.402532207676503769e-03 1.466806993760705856e-03 1.666322436309273028e-03 1.920527324128192600e-03 2.214571295568752013e-03 2.548354573530191292e-03 2.924986725408843316e-03 3.348471712029922869e-03 3.823269162990990296e-03 4.354120743229879936e-03 4.945962941843298592e-03 5.603838350889192577e-03 6.332608659251006203e-03 7.135319001146821563e-03 8.003534736437414171e-03 8.862906812393255354e-03 9.305631364248912255e-03 7.908905847763591027e-03 4.044216202922526655e-03 1.331999160018656906e-03 4.939137464862993279e-04 3.194246764823684506e-04 3.095874175573922024e-04 3.401579541310325401e-04 3.835175016582754613e-04 4.340597250487231943e-04 4.910878918498969622e-04 5.548741219010758360e-04 6.259504840065809169e-04 7.049590880236078364e-04 7.925894615731046179e-04 8.895556417738303577e-04 9.965868412784523265e-04 1.114412828203930955e-03 1.243646281693769817e-03 1.383988673534777272e-03 1.529587978160778074e-03 1.644621153355922986e-03 1.570458283195415305e-03 1.030322542765066364e-03 3.993581156577853176e-04 1.419598675045873309e-04 8.074732930903086813e-05 7.293326435176567132e-05 7.801027765884271568e-05 8.666775408103146588e-05 9.695337933432418380e-05 1.085521791423666040e-04 1.214556510818917782e-04 1.357390363965914793e-04 1.515079854386044132e-04 1.688763945271312748e-04 1.879595277971776203e-04 2.088734202388709276e-04 2.317369056831306159e-04 2.566640524599366575e-04 2.836758439918504173e-04 3.121464831718290603e-04 3.378067351458951249e-04 3.395535907633880036e-04 2.603532460547058045e-04 1.189123600376013111e-04 4.250971410667400349e-05 2.188811289852980694e-05 1.849759153082598939e-05 1.931249493151780447e-05 2.121677806215105914e-05 2.354515289836248132e-05 2.617944842361596280e-05 2.910132087276167136e-05 3.232012726147757628e-05 3.585434412002704225e-05 3.972403487881419348e-05 4.394892190570464209e-05 4.854879420029947551e-05 5.354519186705626973e-05 5.896205347015075405e-05 6.481388333223373844e-05 7.102290316359180533e-05 7.696447107681909049e-05 7.932908022266129007e-05 6.694758091264933146e-05 3.523882686465875752e-05 1.303104961242029459e-05 6.224986284426906635e-06 4.942378089229497574e-06 5.043479615796634839e-06 5.489852471127928879e-06 6.056393636236138748e-06 6.701174365272932197e-06 7.415270806452807877e-06 8.198930472902872716e-06 9.055252839023674637e-06 9.987716759262508658e-06 1.099968034995453634e-05 1.209470063058561694e-05 1.327725242141031548e-05 1.455325562123179725e-05 1.592819695715447096e-05 1.739247262130004916e-05 1.884122410278426071e-05 1.968525575453091816e-05 1.765644090956913426e-05 1.043140398778979379e-05 4.049586673237557578e-06
1.934748826463415418e-15 1.458237885589495754e-09 3.956036980354088918e-08 2.781559764507983047e-07 1.113891379332125010e-06 3.271903376916581903e-06 7.898905540201547323e-06 1.665715356513238485e-05 3.182096679249200730e-05 5.637634243511584361e-05 9.412338804456030401e-05 1.497806906409746052e-04 2.290902353651206127e-04 3.389211011956053923e-04 4.873698638919425489e-04 6.838554634217878462e-04 9.392062137429975236e-04 1.265736772439966752e-03 1.677313019824269551e-03 2.189403297964144599e-03 2.819114691805238264e-03 3.585213846744733646e-03 4.508132194467168695e-03 5.609956992306511410e-03 6.914410741511199839e-03 8.446823012593394214e-03 1.023409990040704751e-02 1.230469730392139312e-02 1.468860618260143733e-02 1.741733816323753209e-02 2.052385797800617903e-02 2.404252437563742309e-02 2.800900433928369543e-02 3.246003815439522933e-02 3.743300880321489416e-02 4.296518902320640293e-02 4.909247417651907419e-02 5.584737029820047854e-02 6.325580975021381780e-02 7.132937567480687746e-02 8.001598472617112157e-02 8.874716427011415665e-02 9.257798245669743298e-02 6.703724831811240514e-02 1.952385952186564896e-02 4.067564901064599746e-03 1.873224430044273135e-03 1.794735715576707908e-03 2.028166946616193067e-03 2.334836613088643511e-03 2.687051803430551451e-03 3.085096648084200734e-03 3.533092780684864674e-03 4.035983517013766800e-03 4.599153347650985178e-03 5.228333950424263535e-03 5.929544447261436355e-03 6.708996559233825104e-03 7.572932901289984586e-03 8.527377551319974963e-03 9.577798666014004578e-03 1.072860226341668805e-02 1.198062045919662255e-02 1.330629944597694174e-02 1.441692849924132262e-02 1.320311946969845301e-02 6.017769695317748760e-03 1.361100447914114723e-03 5.039967908762083178e-04 4.288981090558801972e-04 4.674702315226633405e-04 5.266737572775625608e-04 5.949117760739665349e-04 6.713739114987830924e-04 7.566000406305103086e-04 8.514010106663224284e-04 9.566925994713313883e-04 1.073456232522585580e-03 1.202722027406158975e-03 1.345544363396280032e-03 1.502960247109931926e-03 1.675926217111324036e-03 1.865243509998585399e-03 2.071502366280896044e-03 2.294943977079776272e-03 2.533441693875575478e-03 2.761424815880770666e-03 2.761271678930459633e-03 1.724902023539422310e-03 4.669239816544760243e-04 1.491257238826781441e-04 1.127287162868621486e-04 1.190801779874499383e-04 1.322842452409223057e-04 1.477411355928743653e-04 1.650051786191348603e-04 1.841294145804156230e-04 2.052694484670227436e-04 2.286103208787093133e-04 2.543502017591308621e-04 2.826940600194179846e-04 3.138451803196289536e-04 3.479910152035516025e-04 3.852827562840122240e-04 4.258152485601939810e-04 4.696247347711793676e-04 5.167077588806083489e-04 5.668363101294233682e-04 6.169815125910400964e-04 6.388238221072176483e-04 4.828064190030377360e-04 1.608128095776819970e-04 4.715141499770014114e-05 3.172165568660447518e-05 3.249051160461129118e-05 3.570833701497512866e-05 3.957777537136035625e-05 4.390228832280326885e-05 4.867526353018036139e-05 5.392990853561375103e-05 5.970882860643283530e-05 6.605747222950518211e-05 7.302164878435533175e-05 8.064424551481283487e-05 8.895989216560529526e-05 9.798801883679181095e-05 1.077279614762661916e-04 1.181631992747342601e-04 1.292781433074113796e-04 1.410488761584681601e-04 1.530565464490103288e-04 1.608957800447954770e-04 1.361807253266841995e-04 5.513700939319282499e-05 1.560400615137745397e-05 9.389126606059723212e-06 9.313087754423191294e-06 1.014331407346915933e-05 1.118068557103689910e-05 1.234420159759446051e-05 1.362599627373307652e-05 1.503361945865389208e-05 1.657784881810903577e-05 1.827009408205293206e-05 2.012138371951249652e-05 2.214100425211531933e-05 2.433443530020649567e-05 2.670110954827998372e-05 2.923371238642625999e-05 3.192145269716442423e-05
2.502404184062097861e-15 1.494799089694209037e-09 4.054300872556247722e-08 2.851746572520941682e-07 1.142538798190985594e-06 3.357714087393402352e-06 8.110109246931181804e-06 1.711099992509270161e-05 3.270388906996761871e-05 5.796821209964287346e-05 9.682606584991468421e-05 1.541510139790979307e-04 2.358774855231223356e-04 3.491088958637065609e-04 5.022222888031984550e-04 7.049671342535036335e-04 9.685558370114628109e-04 1.305743600658816790e-03 1.730895512753918191e-03 2.260039056713755799e-03 2.910900541099868157e-03 3.702924344599908737e-03 4.657273773278380533e-03 5.796811884456842638e-03 7.146060568877431358e-03 8.731146533660178941e-03 1.057982889715623591e-02 1.272155863223432826e-02 1.518742871305883702e-02 1.801017976462356007e-02 2.122423242021441794e-02 2.486574258411418034e-02 2.897268342888642545e-02 3.358495759996186353e-02 3.874454491177261456e-02 4.449569628136064436e-02 5.088519555110614101e-02 5.796273368422569933e-02 6.578148961771201897e-02 7.439909776077652248e-02 8.387937587167094977e-02 9.429556402379962732e-02 1.057366636519597447e-01 1.183204015836167577e-01 1.322212906353038009e-01 1.477366257657839188e-01 1.654628908993899805e-01 1.868738888441103529e-01 2.169378348951506996e-01 2.645479273674632981e-01 2.827744933545664040e-03 3.246838286519228636e-03 3.718377225813493912e-03 4.247724288053705485e-03 4.840666070131931925e-03 5.503438371455762236e-03 6.242753837394100433e-03 7.065833350653195379e-03 7.980442902337106861e-03 8.994938762503524796e-03 1.011832578340008185e-02 1.136033565687514894e-02 1.273153840937436311e-02 1.424350752994368342e-02 1.590907767313689408e-02 1.774276574323831873e-02 1.976149614416523176e-02 2.198592632268749764e-02 2.444305035171142476e-02 2.717180339643251313e-02 3.023667581496975940e-02 3.376684105498120592e-02 3.810065483783924706e-02 4.459077791597901297e-02 4.684713113230200981e-02 9.090550288783517258e-04 1.021280784640866881e-03 1.145749194570160273e-03 1.283627568769529813e-03 1.436180534343236333e-03 1.604777940330886880e-03 1.790903874779310777e-03 1.996167142341197936e-03 2.222313796196776978e-03 2.471242642236848568e-03 2.745025041353784875e-03 3.045931402212944360e-03 3.376468104347579279e-03 3.739431570138609592e-03 4.137991568718346440e-03 4.575826736878804354e-03 5.057359000790786693e-03 5.588188011831704896e-03 6.175965539748169177e-03 6.832346592048674401e-03 7.577975317804761489e-03 8.457917179212766715e-03 9.606050316197127167e-03 1.170349601446192198e-02 3.918341022532179671e-04 3.051347848569851040e-04 3.386584136046922526e-04 3.755182107203334672e-04 4.160150149831513778e-04 4.604749905657878656e-04 5.092519985922647121e-04 5.627303649254404528e-04 6.213282029012889623e-04 6.855014835330049041e-04 7.557492099085339182e-04 8.326202124872143003e-04 9.167224388706423244e-04 1.008736212093465064e-03 1.109434044168359796e-03 1.219711822631646455e-03 1.340640604219265264e-03 1.473558311428491965e-03 1.620244179069412795e-03 1.783281296070625540e-03 1.966899431331617376e-03 2.179254083554144766e-03 2.440108354179943480e-03 2.818044558173449319e-03 3.793748205404570088e-03 9.683223737252080645e-05 1.067055069270301946e-04 1.175046333546447906e-04 1.293098603588762154e-04 1.422082026015540547e-04 1.562940437726015558e-04 1.716699035412016009e-04 1.884473543138225917e-04 2.067481515150090419e-04 2.267056566687195691e-04 2.484666956730710455e-04 2.721940664437638106e-04 2.980700637576556736e-04 3.263016344844143135e-04 3.571282743688762649e-04 3.908347484959415565e-04 4.277727429740173074e-04 4.684001594687075003e-04 5.133580608227066803e-04 5.636362228302461801e-04 6.209757158339313660e-04 6.890286433280264338e-04 7.776744018319996492e-04 9.282144874077076328e-04 1.527504898558030124e-03 3.521699372563102102e-05
