1.006842478468229535e-04 1.894083334888201336e-03 3.283637522756263031e-03 4.239357405449588855e-03 4.674883411036286941e-03 4.538053688507047607e-03 3.916520881887453412e-03 3.048429039742739551e-03 2.193527707742510668e-03 1.505491522185180590e-03 1.018175364645313580e-03 6.994652258307220956e-04 4.990294076575673256e-04 3.707191304360866677e-04 2.801431436021902563e-04 2.076080529096046168e-04 1.470436415976777858e-04 9.919117574320116665e-05 6.451960470588400949e-05 4.118777785664022128e-05 2.626417640881950608e-05 1.700089379082652359e-05 1.129986619865550991e-05 7.709328394490632305e-06 5.310025828171817321e-06 3.606036483219241948e-06 2.379814732888349242e-06 1.526899171876772702e-06 9.612959270042075905e-07 6.007991808356370949e-07 3.770521801941366410e-07 2.400821948498415309e-07 1.560410549473748241e-07 1.031212722502669831e-07 6.826420849173393481e-08 4.453272590279093000e-08 2.843454221787784713e-08 1.782873791127791070e-08 1.106420448649966266e-08 6.854921406536644837e-09 4.275620451291570877e-09 2.703782655420354454e-09 1.737578689879537343e-09 1.127451836235386258e-09 7.288381167475882197e-10 4.643709215563171447e-10 2.910285912786545525e-10 1.802316014918244744e-10 1.110409601564298287e-10 6.852921036603556782e-11 4.263890973411037739e-11 2.686981909151191097e-11 1.713786906886156399e-11 1.097397281726521055e-11 6.977009167187045968e-12 4.376927713937162805e-12 2.711864268962297801e-12 1.667557728397752120e-12 1.023577770465761908e-12 6.307435458684924711e-13 3.921468178030778059e-13 2.465703735662277533e-13 1.562882438403350037e-13 9.900331713274490320e-14 6.216027483164086829e-14 3.858018889957871560e-14 2.373009773993808230e-14 1.453241419212521164e-14 8.905081100527385598e-15 5.486230356506762139e-15 3.410763551883268920e-15 2.140352449160163803e-15 1.348742817415792241e-15 8.465391938080891465e-16 5.264033773811894794e-16 3.242704411381726174e-16 1.985272503239966326e-16 1.213091728190533822e-16 7.430092203171467706e-17 4.579819123224681350e-17 2.847544304908711718e-17 1.782846853970509605e-17 1.116980364477377738e-17 6.955407714374749986e-18 4.293189283568731531e-18 2.630805203647500058e-18 1.605972827219987383e-18 9.803318341927250897e-19 6.006341256917223000e-19 3.705135231231894891e-19 2.303085672277115815e-19 1.437566728836082584e-19 8.951770606597762155e-20 5.532949887877074850e-20 3.391358390297969739e-20 2.065113660264757747e-20 1.252165882367384478e-20 7.573334194986329474e-21 4.574040665794966858e-21 2.760448555306444334e-21 1.665258956644684806e-21 1.004363860623211493e-21 6.056928711731080237e-22 3.652490592959348018e-22 2.202483776399714275e-22 1.328095242427134435e-22 8.008325697765261327e-23 4.828941977047652818e-23 2.911796612686730589e-23 1.755777536823341686e-23 1.058711618890062756e-23 6.383895489427418925e-24 3.849406854279838487e-24 2.321142657223182622e-24 1.399618977951208098e-24 8.439520779957107961e-25 5.088921276216465869e-25 3.068553278122027918e-25 1.850297664982832574e-25 1.115705398204550862e-25 6.727558303997152816e-26 4.056630091680574046e-26 2.446095148151941273e-26 1.474963537574568104e-26 8.893838146818100050e-27 5.362868630431175863e-27 3.233739972178075497e-27 1.949903106968060175e-27 1.175766190168543051e-27 7.089717070580325100e-28 4.275007103772009220e-28 2.577773634357586890e-28 1.554363945772228338e-28 9.372612255603255561e-29 5.651563182822991545e-29 3.407819030187494942e-29 2.054870513936741582e-29 1.239060170617989431e-29 7.471371534098970847e-30 4.505139776444415549e-30 2.716540639508153637e-30 1.638038643023141028e-30 9.877159785425287241e-31 5.955798774399338812e-31 3.591269131127181354e-31 2.165488536558983166e-31 1.305761398183380388e-31 7.873571252783286958e-32 4.747660970703986923e-32 2.862777762324253684e-32
1.006790781994857352e-04 1.893974375820353878e-03 3.283430091413610998e-03 4.239068098005350713e-03 4.674542344533530458e-03 4.537700325945840177e-03 3.916193504211252716e-03 3.048154351065579352e-03 2.193316881691256739e-03 1.505343030177483258e-03 1.018081048440963154e-03 6.994158487045332986e-04 4.990178305318311710e-04 3.707406033930570814e-04 2.801922448765857684e-04 2.076740836598532191e-04 1.471113097922168442e-04 9.924824104429003319e-05 6.456177470362103117e-05 4.121667229962673579e-05 2.628343928768908216e-05 1.701396106849036927e-05 1.130930501664658500e-05 7.716810199224205180e-06 5.316381413389125937e-06 3.611394446138751860e-06 2.384017189436938931e-06 1.529924451859762188e-06 9.633351873330311269e-07 6.021231609288393588e-07 3.779023879824057452e-07 2.406363759355934137e-07 1.564178725345257831e-07 1.033935351707523394e-07 6.846970819942738584e-08 4.468647826524116178e-08 2.854394878908650417e-08 1.790237347611782867e-08 1.111182217538329861e-08 6.885099948033654082e-09 4.294718781814365849e-09 2.716080957798245934e-09 1.745791817846267014e-09 1.133187168959261102e-09 7.329392385773299757e-10 4.672550344925362817e-10 2.929751448614502860e-10 1.814944632488360999e-10 1.118395290768745129e-10 6.902905537745129932e-11 4.295322133785210084e-11 2.707143926515074873e-11 1.727155462327567789e-11 1.106551223230778553e-11 7.040193460504815011e-12 4.419595522696890180e-12 2.739716010940128088e-12 1.685230488352935655e-12 1.034610687155680985e-12 6.376052071676438044e-13 3.964520438234557593e-13 2.493312584635203518e-13 1.581121575413901440e-13 1.002335302441102441e-13 6.298674124347288578e-14 3.912225676836008183e-14 2.407605333635518554e-14 1.474886946133015071e-14 9.039220193207756290e-15 5.569423690233521575e-15 3.462978028286272335e-15 2.173878279324798222e-15 1.370817646768926595e-15 8.612235617893853890e-16 5.360534512482303615e-16 3.304648074893067161e-16 2.024194952465218539e-16 1.237225123992697919e-16 7.579054599691771360e-17 4.672173281747047107e-17 2.905622895703228492e-17 1.820193341721628334e-17 1.141458809640564255e-17 7.116025307337983691e-18 4.396841497615652639e-18 2.696288383928035895e-18 1.646679645231801234e-18 1.005427010823519416e-18 6.160966571720701463e-19 3.801124735193006750e-19 2.363624942752395028e-19 1.476519587304269272e-19 9.205360649131576491e-20 5.697008516954824734e-20 3.495547904122884325e-20 2.130031354662953348e-20 1.292056619135203552e-20 7.816366622494111531e-21 4.721385881637490850e-21 2.849539679312796203e-21 1.719047546646578712e-21 1.036812569253154051e-21 6.252596659156165971e-22 3.770453902179834663e-22 2.273593180112844843e-22 1.370958379222966190e-22 8.266687878133883575e-23 4.984670124358593283e-23 3.005661031143795880e-23 1.812353520127134751e-23 1.092812184682328428e-23 6.589432587516540830e-24 3.973291796046352453e-24 2.395812756547235410e-24 1.444625443734709797e-24 8.710791577978208364e-25 5.252426297015923047e-25 3.167103823323752791e-25 1.909697721364289550e-25 1.151507999621452040e-25 6.943353725640091062e-26 4.186697892498475262e-26 2.524491761436663712e-26 1.522216032009228544e-26 9.178646097294799735e-27 5.534532700636888595e-27 3.337208109005310924e-27 2.012267080333238850e-27 1.213355197065130543e-27 7.316279478890150799e-28 4.411564359336094768e-28 2.660081555854469037e-28 1.603973853179475458e-28 9.671628735958416199e-29 5.831790974251163082e-29 3.516448665835997525e-29 2.120345409069649564e-29 1.278524181896454186e-29 7.709234904334038639e-30 4.648508307601649026e-30 2.802953827964608857e-30 1.690122861304698166e-30 1.019108933501499562e-30 6.145014910490502306e-31 3.705316184390715275e-31 2.234228594414767582e-31 1.347193373960848749e-31 8.123295849681223790e-32 4.898178445370757842e-32 2.953499727997388156e-32
1.006635676754102682e-04 1.893647465119478778e-03 3.282807732452687477e-03 4.238200082049586870e-03 4.673519030114836950e-03 4.536640115336062519e-03 3.915211257161061581e-03 3.047330193872377791e-03 2.192684339452525416e-03 1.504897512260816930e-03 1.017798070063135078e-03 6.992676886545172530e-04 4.989830628400097152e-04 3.708049776980532910e-04 2.803395144356640983e-04 2.078721856996476396e-04 1.473143833154618159e-04 9.941953916198128767e-05 6.468838217620640017e-05 4.130343007798233600e-05 2.634127857637400222e-05 1.705319542298423975e-05 1.133764200773192297e-05 7.739269901279560406e-06 5.335462802343141887e-06 3.627488296137414895e-06 2.396648410881683913e-06 1.539022708051101077e-06 9.694704594956583582e-07 6.061072797530432551e-07 3.804610034424964097e-07 2.423040519784136040e-07 1.575516542296783263e-07 1.042126275520754733e-07 6.908808311915410956e-08 4.514948760173799853e-08 2.887373963484840523e-08 1.812452060760875921e-08 1.125555262836964770e-08 6.976214975484057179e-09 4.352383740307615164e-09 2.753210720718144714e-09 1.770583642844861052e-09 1.150498694628199463e-09 7.453240350936744312e-10 4.759742781219555931e-10 2.988674111719227784e-10 1.853209526550405723e-10 1.142606395361026070e-10 7.054487949559888086e-11 4.390639712637593130e-11 2.768275651142226553e-11 1.767681127474673330e-11 1.134305252847949330e-11 7.231938640483019681e-12 4.549270852043097084e-12 2.824485577324653064e-12 1.739075917987074483e-12 1.068246011632431867e-12 6.585285201654913917e-13 4.095787634132975663e-13 2.577466624828513799e-13 1.636706444774951416e-13 1.039847856607553143e-13 6.551057625429336474e-14 4.078061730223146356e-14 2.513607003466040388e-14 1.541277283087130798e-14 9.450871586199395349e-15 5.824769975361124930e-15 3.623208907285429597e-15 2.276717267193235013e-15 1.438529628504432328e-15 9.063160724641253869e-16 5.657474669416876734e-16 3.495650176730503837e-16 2.144395897086011562e-16 1.311823014987480565e-16 8.039706147198416102e-17 4.957782347725818304e-17 3.085180317044023743e-17 1.935608642162493672e-17 1.217131212407779594e-17 7.613416200149525170e-18 4.718634288002607884e-18 2.900036559820324188e-18 1.773524024045627160e-18 1.083685854214853496e-18 6.643291387863073183e-19 4.100511735480214628e-19 2.552374630929835027e-19 1.597944352663572989e-19 9.996585481159300877e-20 6.210090241976924957e-20 3.822312492997930166e-20 2.334094546435834991e-20 1.417634226299553068e-20 8.582079662578687602e-21 5.185825525599595298e-21 3.130422809134547643e-21 1.888649036826831121e-21 1.139131973429737299e-21 6.869597354994092075e-22 4.142424858350710821e-22 2.497816093479809309e-22 1.506111196079521879e-22 9.081311775761189714e-23 5.475670698010021010e-23 3.301600206483807565e-23 1.990722819799593979e-23 1.200319008516298216e-23 7.237396798665705506e-24 4.363831854742012687e-24 2.631198421046566351e-24 1.586496690467497074e-24 9.565875447928867590e-25 5.767800843082876587e-25 3.477729329487611330e-25 2.096917252299057748e-25 1.264348522609060120e-25 7.623463379852065422e-26 4.596611855940665583e-26 2.771554024354136603e-26 1.671124723806475633e-26 1.007614434794534872e-26 6.075470213523081881e-27 3.663240323445221936e-27 2.208772191686003333e-27 1.331792119252301422e-27 8.030118523228457421e-28 4.841806958899371627e-28 2.919395842419480345e-28 1.760266809014029734e-28 1.061363174495999913e-28 6.399551376842709844e-29 3.858646955769593253e-29 2.326593764427602201e-29 1.402833326432606312e-29 8.458465641081324377e-30 5.100081360540374354e-30 3.075123903995854487e-30 1.854163954723027946e-30 1.117979007770862573e-30 6.740919855643692658e-31 4.064477077275605429e-31 2.450700240509134030e-31 1.477664052366384926e-31 8.909661881691058881e-32 5.372132773896190708e-32 3.239158895513648247e-32
1.006377115259824529e-04 1.893102502232005572e-03 3.281770251047157281e-03 4.236753076798969314e-03 4.671813122652706055e-03 4.534872687671047398e-03 3.913573798565246967e-03 3.045956294437920063e-03 2.191629887229983985e-03 1.504154842485602717e-03 1.017326340036548002e-03 6.990206597226626337e-04 4.989249956759232024e-04 3.709121197750986278e-04 2.805848468548313322e-04 2.082023883087884676e-04 1.476530710739203806e-04 9.970537690618613369e-05 6.489971973277419628e-05 4.144827474400783159e-05 2.643784631785309658e-05 1.711869452517122479e-05 1.138493883630508083e-05 7.776750412961277287e-06 5.367313844596552683e-06 3.654377743309671807e-06 2.417779939464038668e-06 1.554261291168956782e-06 9.797543580726882925e-07 6.127881974649797366e-07 3.847520876704202790e-07 2.451006756351315663e-07 1.594524203666561103e-07 1.055854807744576519e-07 7.012497016915275548e-08 4.592701727809050563e-08 2.942864194508523280e-08 1.849891961928708572e-08 1.149804578072660851e-08 7.130018095314722418e-09 4.449734211521920961e-09 2.815882181387589472e-09 1.812414924405200548e-09 1.179705123695492695e-09 7.662381720759221908e-10 4.907305526366261977e-10 3.088644765633163359e-10 1.918259776112831599e-10 1.183814441862041098e-10 7.312620726936151620e-11 4.552958699139320265e-11 2.872340587776977342e-11 1.836639801878880847e-11 1.181545768182860708e-11 7.558891425067576708e-12 4.771030694584404624e-12 2.969870896903039281e-12 1.831619442306641025e-12 1.126124974980240457e-12 6.945494617283075321e-13 4.321735218383460930e-13 2.722231600555044167e-13 1.732289437124305371e-13 1.104420416424624947e-13 6.986741329648070066e-14 4.365372140468214293e-14 2.697820004011250226e-14 1.656890732553859573e-14 1.016852749203112676e-14 6.270077029026520456e-15 3.902539707847367167e-15 2.455853877053891616e-15 1.556462908219853445e-15 9.850126097911310590e-16 6.177755908799790310e-16 3.831700075041062388e-16 2.356535271346383807e-16 1.443726640834442626e-16 8.854953945453611270e-17 5.463302163504425706e-17 3.402814616279861541e-17 2.139614977522426934e-17 1.350954345436811134e-17 8.495822454563975052e-18 5.292297990501671123e-18 3.264881105827965621e-18 2.001346841649945665e-18 1.224474526272492872e-18 7.511503164147097110e-19 4.639314648141393180e-19 2.891816910737285491e-19 1.816216292402542337e-19 1.142114037046729823e-19 7.137891943329400096e-20 4.416432502074309101e-20 2.706822909097000574e-20 1.647701706010365797e-20 9.987369368027103021e-21 6.038987987696767154e-21 3.646640891735823455e-21 2.200421258883198534e-21 1.327240960581367385e-21 8.003952826974522629e-22 4.826282855837862849e-22 2.910027103107242739e-22 1.754562753957003324e-22 1.057874749161072466e-22 6.378169197839799489e-23 3.845526578662407271e-23 2.318539332762617647e-23 1.397888411907578231e-23 8.428110782710656555e-24 5.081452043852518095e-24 3.063693919791238694e-24 1.847153117186964800e-24 1.113679963588601291e-24 6.714565307168158122e-25 4.048325142857346084e-25 2.440803738532806327e-25 1.471601861156044373e-25 8.872536508695798696e-26 5.349402322967524869e-26 3.225245143327145990e-26 1.944554854753732943e-26 1.172405016954440751e-26 7.068628176293708367e-27 4.261795500607394218e-27 2.569508598070686915e-27 1.549200197715541224e-27 9.340390041462662556e-28 5.631479150097339579e-28 3.395314037293405149e-28 2.047092265795285621e-28 1.234226554277133032e-28 7.441360669179481642e-29 4.486522220322584419e-29 2.705000137378806162e-29 1.630890338564389881e-29 9.832913719965994101e-30 5.928430007591116327e-30 3.574350732188007477e-30 2.155036517295079414e-30 1.299307969140279892e-30 7.833747526339009857e-31 4.723098892885387246e-31 2.847636214553205476e-31 1.716888041988719536e-31 1.035140841945266897e-31 6.241039231711096541e-32 3.762828120871630056e-32
1.006015018287664836e-04 1.892339319403492197e-03 3.280317322144033279e-03 4.234726612115664868e-03 4.669424046598000776e-03 4.532397427340099580e-03 3.911280557599554689e-03 3.044032195897058025e-03 2.190153205112585575e-03 1.503114810180706000e-03 1.016665708583328227e-03 6.986746184568143380e-04 4.988434485699569029e-04 3.710618089175268244e-04 2.809280704131080744e-04 2.086647418317167486e-04 1.481277210395271437e-04 1.001062661197213048e-04 6.519627581082955577e-05 4.165157964981162068e-05 2.657339645848344494e-05 1.721062152221484816e-05 1.145129849704377456e-05 7.829323314347285437e-06 5.412007397935400150e-06 3.692161956739240431e-06 2.447530950398628639e-06 1.575752786862361973e-06 9.942750495163353699e-07 6.222274280147374414e-07 3.908160361821224287e-07 2.490521878379627223e-07 1.621369885550383770e-07 1.075237176844821462e-07 7.158979636593640039e-08 4.702786209179217136e-08 3.021658040385449335e-08 1.903186796134682165e-08 1.184377779061349390e-08 7.349473620606834020e-09 4.588665153292376266e-09 2.905298011982679047e-09 1.872065206757114604e-09 1.221344788120221594e-09 7.960956859542849589e-10 5.118643031847324751e-10 3.232357139494606678e-10 2.012050527350212499e-10 1.243336958063864996e-10 7.685779482102920607e-11 4.787614930373523475e-11 3.022700751483444045e-11 1.936211860130468990e-11 1.249783088643839202e-11 8.032363524274075030e-12 5.093541623686629697e-12 3.182219713349808911e-12 1.967218666114430116e-12 1.211089803066856463e-12 7.474659865804494561e-13 4.653595531583526783e-13 2.934667595991746883e-13 1.872462383336857578e-13 1.199241676853608360e-13 7.629114948418459520e-14 4.791232237930719343e-14 2.972129565987091276e-14 1.829590294586423816e-14 1.124237900675052776e-14 6.936769811505377095e-15 4.320544242988892029e-15 2.723614975439612843e-15 1.732676707364036259e-15 1.102906145814305133e-15 6.961541731058177819e-16 4.341062302293048612e-16 2.679608321297986879e-16 1.645193010588414620e-16 1.010189533289679904e-16 6.236682393135580220e-17 3.888383611150804393e-17 2.451115896901811907e-17 1.555374788518285329e-17 9.849275576192955665e-18 6.178241610166130777e-18 3.832090270891937560e-18 2.357200753158500536e-18 1.444959578886648799e-18 8.872534284486762203e-19 5.483757462681519316e-19 3.423239149142428448e-19 2.157664444342005097e-19 1.365364997409571517e-19 8.600280998417107618e-20 5.360161032552866541e-20 3.302965141086767912e-20 2.017418470145107815e-20 1.225198918675019421e-20 7.415931381561916130e-21 4.480419278684073902e-21 2.704172212948138598e-21 1.631230254009542758e-21 9.837190240762823939e-22 5.931450140456171806e-22 3.576155342780942676e-22 2.156027150938518596e-22 1.299819369954479588e-22 7.836227125947823671e-23 4.724201502728564333e-23 2.848054686751147407e-23 1.716988483071576694e-23 1.035108730393258187e-23 6.240283593797081497e-24 3.762032830949223402e-24 2.267988246212349318e-24 1.367284862450634871e-24 8.242846344305855106e-25 4.969302032667862545e-25 2.995805225644768979e-25 1.806058221033938284e-25 1.088804517064127001e-25 6.563992553273864640e-26 3.957184010107918771e-26 2.385637277239609742e-26 1.438210913466379851e-26 8.670432230030255512e-27 5.227077221919253277e-27 3.151208099586947985e-27 1.899744744344364643e-27 1.145284594953572344e-27 6.904489706039546938e-28 4.162456939514166455e-28 2.509388602550537080e-28 1.512815928363405395e-28 9.120197768170040010e-29 5.498223926108817341e-29 3.314672237292604136e-29 1.998291118703452799e-29 1.204694494372268229e-29 7.262649626667052780e-30 4.378378073857745454e-30 2.639559326527675346e-30 1.591290957669349606e-30 9.593294177879657894e-31 5.783435941662014088e-31 3.486615824623498310e-31 2.101949434724617882e-31 1.267186190940193214e-31 7.639388540753268030e-32 4.605499783150123616e-32
1.005549274753489495e-04 1.891357681416985966e-03 3.278448489980732416e-03 4.232120032833793649e-03 4.666350995050901583e-03 4.529213471187135132e-03 3.908330733911035033e-03 3.041557257179812890e-03 2.188253841841155626e-03 1.501777118850518115e-03 1.015815964163051472e-03 6.982293642792850941e-04 4.987381706910517685e-04 3.712537384180112439e-04 2.813689464280154872e-04 2.092593151614737651e-04 1.487388205614876657e-04 1.006229241692667892e-04 6.557873567491050442e-05 4.191386885181876246e-05 2.674828555706358613e-05 1.732920544508968489e-05 1.153686558580010099e-05 7.897088948634378011e-06 5.469644949362534767e-06 3.740978969186410032e-06 2.486068133011495220e-06 1.603655501405147969e-06 1.013156965948986865e-06 6.345119665252594441e-07 3.987100225384343089e-07 2.541953042595065942e-07 1.656291538780938633e-07 1.100437630530589013e-07 7.349583170623392370e-08 4.846438460824463812e-08 3.124874676807026202e-08 1.973231612335127307e-08 1.229914148964488682e-08 7.638827151001606636e-09 4.771893741689768550e-09 3.023182354959768565e-09 1.950650561626545305e-09 1.276186477906778256e-09 8.354858948068486649e-10 5.398604131379975431e-10 3.423671133276068560e-10 2.137403577416250594e-10 1.323085856528301816e-10 8.186303730360798833e-11 5.102387803368619186e-11 3.224255550965181654e-11 2.069565977042530969e-11 1.341202489298682636e-11 8.668687639289015305e-12 5.529370093212558127e-12 3.470811750347286238e-12 2.152293281322557216e-12 1.327350480048602423e-12 8.199499071813408485e-13 5.108085930061320024e-13 3.225277360629772966e-13 2.064028845895469755e-13 1.329007161755982832e-13 8.512603600417022778e-14 5.380970627378997568e-14 3.354346430529567313e-14 2.071253975078110123e-14 1.274862435433440815e-14 7.872682427005085156e-15 4.907048998672401641e-15 3.098768551709044991e-15 1.979380971503842278e-15 1.268414075772357631e-15 8.069377338405222496e-16 5.066801493836016942e-16 3.142899343787326799e-16 1.935276697431597197e-16 1.190093933904553144e-16 7.352949568880415546e-17 4.588607084216422156e-17 2.899634434586227156e-17 1.849728144219104331e-17 1.180678110799138582e-17 7.470281535440064595e-18 4.666545739819510606e-18 2.884141077503494633e-18 1.772691568672005920e-18 1.089875427484275883e-18 6.740719054379465954e-19 4.213180623172096683e-19 2.664554006156790872e-19 1.697291448252731362e-19 1.078844214123855292e-19 6.785773842449978795e-20 4.211730947765838416e-20 2.584755001199274299e-20 1.574120435211180069e-20 9.542204099952634942e-21 5.769412943144606433e-21 3.483383681021557823e-21 2.101559501585130690e-21 1.267377307773280598e-21 7.641460421625323896e-22 4.606778885170512926e-22 2.777107595968459434e-22 1.674075013826319549e-22 1.009137645671269158e-22 6.083063912627349215e-23 3.666843803794207489e-23 2.210351389540432688e-23 1.332384515806845399e-23 8.031514887548805630e-24 4.841335483889857779e-24 2.918319330597838648e-24 1.759140069135575256e-24 1.060395861865313098e-24 6.391983189170057554e-25 3.853037342512423999e-25 2.322580656184525925e-25 1.400033361534034261e-25 8.439290962658654530e-26 5.087138179611210119e-26 3.066486861550902327e-26 1.848454151787823940e-26 1.114233620373480125e-26 6.716512610756682346e-27 4.048660966059909457e-27 2.440500980472946692e-27 1.471114791373684949e-27 8.867764224454774163e-28 5.345418507326078693e-28 3.222176220956092587e-28 1.942302475521134572e-28 1.170804651272206960e-28 7.057518325739940032e-29 4.254216522330107933e-29 2.564408249910344123e-29 1.545805117680069230e-29 9.317991633465017181e-30 5.616812047347855886e-30 3.385770111788409278e-30 2.040915585756286496e-30 1.230247858125438551e-30 7.415837298553964929e-31 4.470208379126875985e-31 2.694606441331036118e-31 1.624287562848992653e-31 9.791077636870076689e-32 5.901984567422123033e-32
1.004979741542643318e-04 1.890157285244573352e-03 3.276163167453513634e-03 4.228932493287216980e-03 4.662592928897532803e-03 4.525319707478713503e-03 3.904723296716505233e-03 3.038530651807030449e-03 2.185931214176684099e-03 1.500141384883093036e-03 1.014776835808818859e-03 6.976846409590542345e-04 4.986088445881559170e-04 3.714875218592880311e-04 2.819071738730824050e-04 2.099862010687047142e-04 1.494869961972255666e-04 1.012562742949279517e-04 6.604798255425745166e-05 4.223581831171593996e-05 2.696297360776109690e-05 1.747474172749636725e-05 1.164182645082448587e-05 7.980176184072007391e-06 5.540355953664416163e-06 3.801004802243116625e-06 2.533605502213547623e-06 1.638174143132415765e-06 1.036561821073904313e-06 6.497551897396809258e-07 4.085086432795102292e-07 2.605779343694161000e-07 1.699599549238632426e-07 1.131670089048486363e-07 7.586027212965676230e-08 5.025256990369178014e-08 3.253969733682773193e-08 2.061200216100248424e-08 1.287257450143371630e-08 8.003703394795445582e-09 5.003025442329857794e-09 3.171822442073526341e-09 2.049648888208327277e-09 1.345244687868794800e-09 8.851830192631161279e-10 5.753563376726207417e-10 3.667701039240081829e-10 2.298093316081784069e-10 1.425637083813040687e-10 8.830892090433257557e-11 5.507826085219338703e-11 3.483646307340705747e-11 2.240983454818647420e-11 1.458739557042106871e-11 9.489731604304172430e-12 6.095424651774576812e-12 3.848265022396155061e-12 2.395661390448246091e-12 1.480731549006177813e-12 9.157135614266093401e-13 5.708481973370180408e-13 3.608678774476744777e-13 2.316415575774390403e-13 1.500171294173852766e-13 9.684426728920831248e-14 6.169641911813869783e-14 3.869447807074912790e-14 2.398719796761796363e-14 1.479601789800868291e-14 9.146331577530534217e-15 5.704835356142308331e-15 3.608209911223021084e-15 2.313980529129415952e-15 1.493436425933641256e-15 9.586854971904608673e-16 6.070531222183937192e-16 3.788942701308213399e-16 2.341971074126525553e-16 1.443015230071386043e-16 8.923373720227196531e-17 5.572786249446875201e-17 3.528858410487805631e-17 2.262454992281025809e-17 1.456275389002641283e-17 9.306012396323781890e-18 5.864723840216726618e-18 3.647183950576162773e-18 2.249747347181759876e-18 1.385510815424017410e-18 8.574865953742460265e-19 5.364036897008235323e-19 3.401613412459462110e-19 2.180285470550896339e-19 1.399226765338736747e-19 8.895496511331044296e-20 5.571637527431622644e-20 3.441086017952100809e-20 2.103703119366616131e-20 1.277958482635422603e-20 7.735218709684238974e-21 4.672684331473801753e-21 2.819667656273849845e-21 1.700523127047476460e-21 1.025263021327237041e-21 6.180417060430065685e-22 3.725316950888040820e-22 2.245378140467956971e-22 1.353337101345347438e-22 8.156757062815707246e-23 4.916165298288403473e-23 2.963015958864857651e-23 1.785832248483526158e-23 1.076333430632913973e-23 6.487131682255093455e-24 3.909835228486757972e-24 2.356482065568993597e-24 1.420266377748911001e-24 8.560033643523135927e-25 5.159185418585819461e-25 3.109473054194230126e-25 1.874098673084437151e-25 1.129530866023609433e-25 6.807752358811933162e-26 4.103074417440150592e-26 2.472948307168424928e-26 1.490461229069808324e-26 8.983101962430987200e-27 5.414171088648668911e-27 3.263154387804825264e-27 1.966723323173783885e-27 1.185356305097802701e-27 7.144215726254091512e-28 4.305862980760233762e-28 2.595170235372791627e-28 1.564125143066394449e-28 9.427078925254250321e-29 5.681758742970493641e-29 3.424431116960369214e-29 2.063925802741269934e-29 1.243940839681140134e-29 7.497308335935589727e-30 4.518674079112977388e-30 2.723432799857282028e-30 1.641429783460019374e-30 9.892998770277210765e-31 5.962571512572180586e-31 3.593678708308414894e-31 2.165932371818883989e-31 1.305420829184573892e-31 7.867852031835753874e-32
1.004306243289381428e-04 1.888737759576252081e-03 3.273460635217118227e-03 4.225162957167234550e-03 4.658148575411438959e-03 4.520714774518765425e-03 3.900456983066517575e-03 3.034951366125323343e-03 2.183184605792389248e-03 1.498207136667545434e-03 1.013547991257891800e-03 6.970401401910495320e-04 4.984550917309914795e-04 3.717626980157622517e-04 2.825423926094470075e-04 2.108455129271902013e-04 1.503730113206325604e-04 1.020074450101068360e-04 6.660509832342849054e-05 4.261825697768378596e-05 2.721802474096706310e-05 1.764759234596855920e-05 1.176640917432734874e-05 8.078742148248883103e-06 5.624296986376957146e-06 3.872452412437807976e-06 2.590404201924484052e-06 1.679560753825630560e-06 1.064689972225011964e-06 6.680980625105128632e-07 4.203047871183518098e-07 2.682597499315692018e-07 1.751680390055373520e-07 1.169200411503307132e-07 7.870435351698042951e-08 5.241209721692195569e-08 3.410747344795282244e-08 2.168562192340060866e-08 1.357472478863097729e-08 8.451234155918518707e-09 5.286640994447575123e-09 3.354123490651189696e-09 2.170933180005220512e-09 1.429799450171760947e-09 9.461585811787576539e-10 6.191525026389272676e-10 3.970929227011190520e-10 2.498959841150707424e-10 1.554323963515236234e-10 9.641273940730611584e-11 6.017693540823764699e-11 3.809538452913709877e-11 2.456031202036410376e-11 1.606184746316937048e-11 1.052359096283243870e-11 6.813537081066915806e-12 4.331075138164007301e-12 2.708995282240292077e-12 1.679011891037005731e-12 1.039741315481218422e-12 6.486113767682489967e-13 4.104545170464099329e-13 2.642251634330766546e-13 1.721301336046630599e-13 1.120698313230570896e-13 7.203986623959629289e-14 4.551266764213712446e-14 2.835110091482619360e-14 1.753523099847865392e-14 1.085309079217963498e-14 6.773560664744217613e-15 4.289412617711466334e-15 2.760601493761518019e-15 1.794317579125494811e-15 1.163122347983528176e-15 7.437631874955565420e-16 4.677724383779520566e-16 2.905329411168881261e-16 1.794657441986957136e-16 1.110923512422627214e-16 6.941424021667471512e-17 4.401972044046886144e-17 2.834418811424240819e-17 1.839441767355472518e-17 1.188187635416741194e-17 7.566268167490716059e-18 4.742134131077168017e-18 2.939023269119637681e-18 1.814111584356936435e-18 1.123547793277076262e-18 7.030773646991306714e-19 4.466328993568924494e-19 2.877643724772579563e-19 1.864219150607888422e-19 1.199153909435643463e-19 7.593162728597239670e-20 4.727753673183671924e-20 2.905208343605905364e-20 1.770029589375689067e-20 1.073007213350088979e-20 6.486619111662812743e-21 3.915490118281158874e-21 2.361615965359356687e-21 1.423800014152022144e-21 8.582043035613541001e-22 5.172256685012252077e-22 3.117036246815346489e-22 1.878405605957094901e-22 1.131956366278741119e-22 6.821287681004446185e-23 4.110561568024740211e-23 2.477050699081983094e-23 1.492684429997977899e-23 8.994990828917910977e-24 5.420423567785562089e-24 3.266371765718488201e-24 1.968330202894822523e-24 1.186124536163663135e-24 7.147639239917214189e-25 4.307199228335924659e-25 2.595537419744971833e-25 1.564082382265493940e-25 9.425229834369635980e-26 5.679685274502562385e-26 3.422603508454455199e-26 2.062476036037710926e-26 1.242857197429301977e-26 7.489512549652122137e-27 4.513213457171499875e-27 2.719682433465444125e-27 1.638892688706067051e-27 9.876039977967234234e-28 5.951345459179193227e-28 3.586307147935472431e-28 2.161124580394984130e-28 1.302303249385243380e-28 7.847737094043559507e-29 4.729081151312114669e-29 2.849765259450753875e-29 1.717281174498445772e-29 1.034841246100636327e-29 6.235999209054391478e-30 3.757840758717499601e-30 2.264491494321480293e-30 1.364592609693533043e-30 8.223095538534941244e-31 4.955273812459822838e-31 2.986069958816516014e-31 1.799418990004572212e-31 1.084337857516965230e-31
1.003528572105674390e-04 1.887098664254456592e-03 3.270340040646073799e-03 4.220810196266931713e-03 4.653016426600123552e-03 4.515397058839735155e-03 3.895530295805666766e-03 3.030818197134783985e-03 2.180013165180125397e-03 1.495973813021475932e-03 1.012129040595899756e-03 6.962955079195649009e-04 4.982764822082584285e-04 3.720787391893857240e-04 2.832741865139883617e-04 2.118373834440627002e-04 1.513977618629026270e-04 1.028777676136625183e-04 6.725136348883416237e-05 4.306216762334118058e-05 2.751410785606082823e-05 1.784818609438911785e-05 1.191088346508053612e-05 8.192972122438474695e-06 5.721651124555571391e-06 3.955570791212976595e-06 2.656772527123113798e-06 1.728115980847142606e-06 1.097782176038681910e-06 6.897106764712965603e-07 4.342107376863916087e-07 2.773129038995447369e-07 1.813001101438375674e-07 1.213349024729099917e-07 8.205347652540218222e-08 5.496640941427208707e-08 3.597373151367846424e-08 2.297102846666746534e-08 1.441865290447724259e-08 8.990218246466738402e-09 5.628406578668611519e-09 3.573679008322475178e-09 2.316814529019240591e-09 1.531422204546146337e-09 1.019597610727411441e-09 6.722255615005554017e-10 4.341348916811439857e-10 2.746052730648215957e-10 1.713357710619294822e-10 1.064508607716195599e-10 6.649554327031163388e-11 4.212993852375823072e-11 2.721790680703870688e-11 1.788320659020247554e-11 1.180546590092725557e-11 7.711175495906557892e-12 4.940288737590034473e-12 3.107409131170137981e-12 1.932373570489790660e-12 1.198599789783008838e-12 7.482386477330921227e-13 4.738882050254576416e-13 3.058162199124486094e-13 2.003565627530952564e-13 1.316104323797826860e-13 8.544966445053143999e-14 5.444711254029812323e-14 3.411626934170445410e-14 2.117184512857487265e-14 1.312387283264364515e-14 8.195300566318246887e-15 5.193892983677334206e-15 3.352248966344916119e-15 2.193202889164988458e-15 1.436046137689347956e-15 9.284233676886111129e-16 5.892399811554514602e-16 3.681851538460248413e-16 2.281694933972752532e-16 1.414197756666788540e-16 8.838942079427949065e-17 5.609533259005690739e-17 3.623787271013661301e-17 2.369293165116596143e-17 1.547463261656002854e-17 9.970360416461855499e-18 6.308322478741351435e-18 3.933569148704095636e-18 2.435452365647362373e-18 1.509766316672694037e-18 9.446816266801048080e-19 6.004949588454584476e-19 3.883435975870571776e-19 2.537212075349806373e-19 1.652016095817703226e-19 1.059222814851414140e-19 6.661259170631015143e-20 4.120755953278892267e-20 2.520530243341330923e-20 1.531219761857989535e-20 9.266407315733898467e-21 5.596042107383380625e-21 3.375751627445798691e-21 2.035195232871278759e-21 1.226610395691292810e-21 7.391539790582539862e-22 4.453736465835641164e-22 2.683451070903951967e-22 1.616785170496925572e-22 9.741047669932025000e-23 5.868895676436839614e-23 3.535947055779733092e-23 2.130366652758770662e-23 1.283519555752753795e-23 7.733041329830117614e-24 4.659056738868452548e-24 2.807020466710232817e-24 1.691192814354734997e-24 1.018921353327953187e-24 6.138866737142155494e-25 3.698586247619518713e-25 2.228349432624357667e-25 1.342551133065025043e-25 8.088693374412140221e-26 4.873330963361583726e-26 2.936117553001285463e-26 1.768972053134939733e-26 1.065782303078850829e-26 6.421197649915415707e-27 3.868686802035023604e-27 2.330832718973160756e-27 1.404295938446002421e-27 8.460697612645652455e-28 5.097458598946579045e-28 3.071151499777473308e-28 1.850328227414817038e-28 1.114798325450864703e-28 6.716512714108925309e-29 4.046610226287219336e-29 2.438029230440074990e-29 1.468880419905629775e-29 8.849810580508265958e-30 5.331894022595158437e-30 3.212395746621740889e-30 1.935426021016296291e-30 1.166068622362865824e-30 7.025409482310933916e-31 4.232716449686764145e-31 2.550155772170925822e-31 1.536435180466125797e-31
1.002646487258337406e-04 1.885239489598129758e-03 3.266800396505416433e-03 4.215872788767198107e-03 4.647194737260004239e-03 4.509364693042300712e-03 3.889941518797623409e-03 3.026129749996794068e-03 2.176415904581180914e-03 1.493440769233981809e-03 1.010519542928550729e-03 6.954503548954608016e-04 4.980725427672257066e-04 3.724350543418408765e-04 2.841020785453939284e-04 2.129619529416859386e-04 1.525622661109440653e-04 1.038687708561136574e-04 6.798825677154185466e-05 4.356868799354532667e-05 2.785199755832293145e-05 1.807701913363598002e-05 1.207556150792749120e-05 8.323080296183178156e-06 5.832628250083088481e-06 4.050644651832093083e-06 2.733066284267569047e-06 1.784190690207836797e-06 1.136121683265764636e-06 7.147940705514022530e-07 4.503594675924946129e-07 2.878228483208296640e-07 1.884114046557414503e-07 1.264493446359316904e-07 8.593730445705600195e-08 5.794276130488904418e-08 3.816387369710468050e-08 2.448946074783693817e-08 1.542007642089522050e-08 9.631320126785517565e-09 6.035213346346638662e-09 3.834861629113591759e-09 2.490098989279187537e-09 1.652010497546933152e-09 1.106920267901248918e-09 7.357450879461372301e-10 4.788636853934458887e-10 3.046806259477878566e-10 1.907976946006853547e-10 1.187697408354532967e-10 7.425512613244491698e-11 4.707941757393568791e-11 3.047147381725541751e-11 2.011094721906504258e-11 1.337873231384395322e-11 8.822289117945757554e-12 5.702319622125184739e-12 3.610201394920252865e-12 2.253986639922292854e-12 1.400849670209036381e-12 8.751491281460730759e-13 5.545752305728239462e-13 3.585850329930829083e-13 2.361403992656255990e-13 1.565001687625133141e-13 1.027098127062774750e-13 6.608583622452949508e-14 4.169911095233909160e-14 2.598392092359084536e-14 1.613706951697549962e-14 1.008222668992567781e-14 6.392011813245746872e-15 4.133790576395284671e-15 2.719911576071803783e-15 1.798558978607826132e-15 1.176643804759639832e-15 7.546925172420606108e-16 4.750543959669469407e-16 2.956148138352284399e-16 1.835247165483637714e-16 1.147235465082423155e-16 7.281096503114571271e-17 4.713210350641137415e-17 3.100848564263911375e-17 2.047165230144215509e-17 1.335846836745725567e-17 8.546590961708442253e-18 5.370164454198507554e-18 3.338624572770074722e-18 2.072484796997502463e-18 1.296368480590550495e-18 8.237137600602114154e-19 5.337702231287999553e-19 3.511442471667103120e-19 2.313589874121749553e-19 1.503876805153091968e-19 9.570898296791849023e-20 5.970819726427008952e-20 3.671149347302412635e-20 2.236680338389754197e-20 1.355567212214786808e-20 8.191934691893228167e-21 4.942934475882337455e-21 2.980107146467303074e-21 1.795947697952829112e-21 1.082074022598361257e-21 6.518795646947245551e-22 3.926895649413960976e-22 2.365463915821483432e-22 1.424871075007940851e-22 8.582839089620602193e-23 5.169927865706902882e-23 3.114132112056919687e-23 1.875810822163437831e-23 1.129901794885078991e-23 6.806003022858044703e-24 4.099618479346861473e-24 2.469418384183422548e-24 1.487462020056050341e-24 8.959774722902958800e-25 5.396948811391380267e-25 3.250869313236455305e-25 1.958171490327731034e-25 1.179510831050617225e-25 7.104820989918407513e-26 4.279611486131203494e-26 2.577837561406129606e-26 1.552768635629605377e-26 9.353151159094833112e-27 5.633900292370520547e-27 3.393597728870523751e-27 2.044144367459811452e-27 1.231296850308888113e-27 7.416755671995827707e-28 4.467506326216020369e-28 2.691016618762415955e-28 1.620942403427286154e-28 9.763798026612516467e-29 5.881254738290279403e-29 3.542592462807407816e-29 2.133891816638713602e-29 1.285356510197934074e-29 7.742385745036949256e-30 4.663650632900457865e-30 2.809164764101252705e-30 1.692109313673337655e-30 1.019247416864205176e-30 6.139469172413970751e-31 3.698128746243670205e-31 2.227579590272458855e-31
1.001659714793429212e-04 1.883159655611293688e-03 3.262840579522338896e-03 4.210349117321003989e-03 4.640681520378352187e-03 4.502615552928985326e-03 3.883688635124563776e-03 3.020884434382343185e-03 2.172391700036354917e-03 1.490607279251982779e-03 1.008719015468483634e-03 6.945042659593672445e-04 4.978427624663462128e-04 3.728309867686973992e-04 2.850255175736669247e-04 2.142193514299995250e-04 1.538676496605238591e-04 1.049821756460928365e-04 6.881745556748491532e-05 4.413911329161413936e-05 2.823257677623302654e-05 1.833465742201147042e-05 1.226080042510150054e-05 8.469312449313319297e-06 5.957466562337921006e-06 4.157994529586434575e-06 2.819689062845481822e-06 1.848187484933882690e-06 1.180036403486619103e-06 7.435821770671296914e-07 4.689060240186488708e-07 2.998891871442954337e-07 1.965661661052151849e-07 1.323070688656781310e-07 9.038986986899016414e-08 6.137229080211917912e-08 4.070721558640327929e-08 2.626582650996256101e-08 1.659767350292692991e-08 1.038731850241474494e-08 6.515353131097360476e-09 4.142937922190807709e-09 2.694158913014625036e-09 1.793830299161208760e-09 1.209806547033292247e-09 8.110913574857834915e-10 5.324339133711633536e-10 3.410238890034103540e-10 2.144625956261658304e-10 1.337994433201041251e-10 8.373137303252754857e-11 5.311776678352516968e-11 3.443166067902616664e-11 2.281848980996071418e-11 1.529636506216546659e-11 1.018837128091736905e-11 6.649955020152562501e-12 4.241790599134348407e-12 2.660764096625628174e-12 1.657584957593346489e-12 1.036397362004101788e-12 6.569541944548659650e-13 4.253509471478099027e-13 2.813399326387514821e-13 1.880538589586724325e-13 1.248177702104527691e-13 8.119021742884215356e-14 5.165058312901155754e-14 3.234541761922571464e-14 2.013489571313725470e-14 1.258727996727709088e-14 7.979705977084532978e-15 5.166153034235645836e-15 3.414570493250047860e-15 2.278774177054725280e-15 1.509263234711959672e-15 9.796152458036528352e-16 6.221156203447037569e-16 3.891517025188734596e-16 2.421290946144968567e-16 1.513831808845457403e-16 9.602133681199404800e-17 6.220249327291535149e-17 4.111493488026672547e-17 2.741318673218948807e-17 1.812548650604757334e-17 1.174429751822322814e-17 7.448849276317466979e-18 4.656117501102786854e-18 2.896337753295774012e-18 1.811173699144976403e-18 1.149404373347062158e-18 7.450032605459752534e-19 4.924575972940203318e-19 3.279622734670916932e-19 2.162629647520705838e-19 1.395381632440252966e-19 8.796039032676532023e-20 5.444517794517394860e-20 3.329947203544967456e-20 2.022284429154825055e-20 1.223304452426517482e-20 7.384234328620890404e-21 4.452360066150105357e-21 2.682998546090919379e-21 1.616280049722837905e-21 9.735122724779500787e-22 5.863106723383202946e-22 3.530965166965612448e-22 2.126415231198641966e-22 1.280551601442679212e-22 7.711579151201822035e-23 4.643957313815727633e-23 2.796613458965812228e-23 1.684132602105550510e-23 1.014191282514758460e-23 6.107497461662391645e-24 3.677956700525595139e-24 2.214878330131475955e-24 1.333807378409132674e-24 8.032234052221418120e-25 4.837039107936028630e-25 2.912881694240463491e-25 1.754147442617961246e-25 1.056353660127195528e-25 6.361398259338507638e-26 3.830856003917780539e-26 2.306954710662439400e-26 1.389256089888352464e-26 8.366148131902241207e-27 5.038123290590824820e-27 3.033975242878761065e-27 1.827070368605850845e-27 1.100268085450291610e-27 6.625852405028267584e-28 3.990111197678828556e-28 2.402858740814979359e-28 1.447009830473968545e-28 8.713943162216301921e-29 5.247566660288088849e-29 3.160102761969968581e-29 1.903024794673005393e-29 1.146008102226060882e-29 6.901300361442106867e-30 4.155986906614483408e-30 2.502749664960710369e-30 1.507164489694515713e-30 9.076196595869478085e-31 5.465716927947520813e-31 3.291473605752440015e-31
1.000567947106494255e-04 1.880858511086253623e-03 3.258459328709660194e-03 4.204237366822356770e-03 4.633474545624282140e-03 4.495147254052036037e-03 3.876769458203168945e-03 3.015080456157235526e-03 2.167939286696786341e-03 1.487472541059354754e-03 1.006726944779269030e-03 6.934568066405479318e-04 4.975865885168261494e-04 3.732657926267763998e-04 2.860438527911115299e-04 2.156096727292564584e-04 1.553151317431820098e-04 1.062198932918369655e-04 6.974084116060302397e-05 4.477490225085633846e-05 2.865684174871799091e-05 1.862174138249365877e-05 1.246700691179847975e-05 8.631949407043792099e-06 6.096433574167605597e-06 4.277975403876901218e-06 2.917091003678714441e-06 1.920561367238566005e-06 1.229900846445079358e-06 7.763438556038733298e-07 4.900290821651403027e-07 3.136267002063322796e-07 2.058383004683799141e-07 1.389581715185313399e-07 9.544987482032241567e-08 6.529023591733452769e-08 4.363724509331529469e-08 2.832905248073135731e-08 1.797344366362306731e-08 1.127339905459492386e-08 7.078723269737466959e-09 4.504199197584812079e-09 2.933010771685260872e-09 1.959559206096462518e-09 1.330219908196631902e-09 8.998723965459223281e-10 5.962068840558733488e-10 3.847185616627564230e-10 2.431173668011928993e-10 1.520707637293308126e-10 9.526656074370150872e-11 6.046142131874313095e-11 3.923589145231764695e-11 2.609627282954027670e-11 1.762278331230963704e-11 1.185971664479632911e-11 7.823501990773109530e-12 5.032822477839256428e-12 3.174294257156129540e-12 1.983118030394539756e-12 1.241133864166916954e-12 7.867910350085924946e-13 5.097678826202381612e-13 3.383441959249453017e-13 2.279404009201099567e-13 1.530352067039992016e-13 1.007382931453676334e-13 6.469506221187157776e-14 4.075742481296966004e-14 2.544569634604922204e-14 1.591890579720320225e-14 1.008779965794563070e-14 6.532085021273523749e-15 4.331181815823931268e-15 2.914086125903125725e-15 1.953939527625383170e-15 1.284879470712462075e-15 8.245127335049999797e-16 5.191271898978066489e-16 3.239655602134389173e-16 2.026244364073697061e-16 1.283892672508418186e-16 8.312823790964944433e-17 5.510502771297693101e-17 3.705283494019365103e-17 2.482260048564919310e-17 1.630968909268277736e-17 1.046062375053758250e-17 6.584461002901261378e-18 4.108444519524662039e-18 2.569251837390975139e-18 1.627659692215402532e-18 1.053585413363147776e-18 6.981155311176605354e-19 4.690324177769190261e-19 3.137146242829457078e-19 2.055413069996898625e-19 1.311983655961829907e-19 8.189878504437571046e-20 5.034455733345815203e-20 3.065907194516205761e-20 1.857178773147887923e-20 1.121729178800059776e-20 6.764759508295534270e-21 4.076296267779626742e-21 2.455251540146635336e-21 1.478529501613581330e-21 8.902513270098799736e-22 5.360032902825929494e-22 3.227061234677446392e-22 1.942848537143571329e-22 1.169678730538761174e-22 7.041938910528453302e-23 4.239522797598052404e-23 2.552355903030618332e-23 1.536615549835331275e-23 9.251007533552712328e-24 5.569455248726416346e-24 3.353021366199213083e-24 2.018644669492372710e-24 1.215299786013840547e-24 7.316560407590833256e-25 4.404843755882915660e-25 2.651881157953247561e-25 1.596531928405482839e-25 9.611721040993870522e-26 5.786616559254740333e-26 3.483760183870436320e-26 2.097354276560916890e-26 1.262685927172392924e-26 7.601842802848851342e-27 4.576594448399083900e-27 2.755281489268215972e-27 1.658782785589545637e-27 9.986494449036332824e-28 6.012244172648119062e-28 3.619596462808479211e-28 2.179132812146963023e-28 1.311919674274151583e-28 7.898248432079110678e-29 4.755041754309345829e-29 2.862713458535728883e-29 1.723460858831869372e-29 1.037588069815859019e-29 6.246669293811768230e-30 3.760729175685963609e-30 2.264099997484742638e-30 1.363073106036785991e-30 8.206211273442352896e-31 4.940446933091100364e-31
9.993708424569726671e-05 1.878335332580822548e-03 3.253655275098783425e-03 4.197535521705721660e-03 4.625571350115811539e-03 4.486957142750912404e-03 3.869181518725768251e-03 3.008715849925152307e-03 2.163057290927999053e-03 1.484035690973277812e-03 1.004542797063392046e-03 6.923075192952316773e-04 4.973034004489073701e-04 3.737386044419283449e-04 2.871562959642671997e-04 2.171329571658801188e-04 1.569060244772328813e-04 1.075840353177387969e-04 7.076051048669128275e-05 4.547768689111896743e-05 2.912590961580511915e-05 1.893899157229714486e-05 1.269464039480668979e-05 8.811306956408729033e-06 6.249822604665700252e-06 4.410971462898650097e-06 3.025765283088077302e-06 2.001819750398808848e-06 1.286138378819020238e-06 8.133855508494087793e-07 5.139331213276025283e-07 3.291669368748186767e-07 2.163125255500838261e-07 1.464599530533781808e-07 1.011611985661436453e-07 6.973620800721776298e-08 4.699185329282061102e-08 3.071240680032894124e-08 1.957307171776085881e-08 1.230746775528704400e-08 7.737053460993792553e-09 4.926110344019475247e-09 3.211408182858179439e-09 2.152343747113833243e-09 1.470443366489263976e-09 1.003950610507526653e-09 6.717775142927975143e-10 4.370591432113435775e-10 2.777185724107425573e-10 1.742364286489585431e-10 1.092842345120826350e-10 6.937878013320595139e-11 4.505422602424779686e-11 3.005525787257854598e-11 2.043589061366737482e-11 1.389675748494182724e-11 9.272040307866410796e-12 6.021481233501048454e-12 3.822016413085970075e-12 2.395876203052379979e-12 1.501220677394971535e-12 9.515778981587154140e-13 6.165759623245751827e-13 4.102301535505580178e-13 2.782801835610863437e-13 1.889514695690262468e-13 1.259761097748673932e-13 8.177770536937254102e-14 5.188820445944806097e-14 3.251365967848853218e-14 2.036115092361473005e-14 1.289489217980645335e-14 8.344210504804260599e-15 5.542629487908108109e-15 3.754339230798996509e-15 2.547306805551537381e-15 1.698448227358636266e-15 1.103016187701667775e-15 7.000537549712064985e-16 4.386228707613504086e-16 2.745586849545980558e-16 1.737469757785308363e-16 1.123171735064664457e-16 7.452880166347396807e-17 5.044351215978564221e-17 3.421572970024750199e-17 2.281830183926792379e-17 1.482615162494781466e-17 9.414277953993458678e-18 5.899690874791394741e-18 3.691967167457219750e-18 2.334522599348429784e-18 1.507253328142515321e-18 9.987418919233383405e-19 6.752019610021109730e-19 4.575832153368096879e-19 3.047468150078311130e-19 1.973997655149940344e-19 1.245304828126957523e-19 7.705347750477211281e-20 4.709761025523553026e-20 2.858411075706753058e-20 1.728009763149776054e-20 1.042441675443248983e-20 6.281660574998266499e-21 3.783080039302715279e-21 2.277643310114884101e-21 1.371062174690531579e-21 8.252619017986382644e-22 4.967140127842512541e-22 2.989579456070173467e-22 1.799318155134775991e-22 1.082936172617545351e-22 6.517729620079968817e-23 3.922736789914167366e-23 2.360922239213039916e-23 1.420934359327190920e-23 8.551971013779910226e-24 5.147049311748938279e-24 3.097778590874521821e-24 1.864414122327729063e-24 1.122107282034742564e-24 6.753460704283128246e-25 4.064605287745355027e-25 2.446303756020719798e-25 1.472320597717888088e-25 8.861237833432067024e-26 5.333181901881693445e-26 3.209803148384087580e-26 1.931836644086663403e-26 1.162685885649083966e-26 6.997685198126720747e-27 4.211593067957269221e-27 2.534769095484058849e-27 1.525563905562575564e-27 9.181685362141890935e-28 5.526044878926232585e-28 3.325878724190916240e-28 2.001697331201912380e-28 1.204731903239874252e-28 7.250741338344571173e-29 4.363896217378635877e-29 2.626433533816111923e-29 1.580732621470217929e-29 9.513721129318057123e-30 5.725882321579705730e-30 3.446151922467829781e-30 2.074084377812602649e-30 1.248298421821238016e-30 7.512948684997540455e-31
9.980680244251065899e-05 1.875589323284212106e-03 3.248426811343597346e-03 4.190241363162667404e-03 4.616969208096498647e-03 4.478042304406616887e-03 3.860922099908587618e-03 3.001788429524305905e-03 2.157744201878739054e-03 1.480295811508800007e-03 1.002166013261226183e-03 6.910558999686383392e-04 4.969924690004189332e-04 3.742483937947989467e-04 2.883619073393449872e-04 2.187892037345250953e-04 1.586417557740057169e-04 1.090769354992200652e-04 7.187879138801644432e-05 4.624928154119379117e-05 2.964102301974251438e-05 1.928720906489061324e-05 1.294420904184835068e-05 9.007728353937531643e-06 6.417944282349980789e-06 4.557389335860370054e-06 3.146245517309339281e-06 2.092524353963992965e-06 1.349225284638336481e-06 8.550552588840944358e-07 5.408514477368605733e-07 3.466602707501149431e-07 2.280856222217959217e-07 1.548775222773927077e-07 1.075730316442195634e-07 7.475410057829397128e-08 5.081332684202124966e-08 3.345374089905583102e-08 2.142632029149533322e-08 1.351053274876223849e-08 8.504201959206298801e-09 5.417517460688634456e-09 3.534981302968391114e-09 2.375888958313860224e-09 1.633132923907008441e-09 1.125474479139386550e-09 7.610006408601548398e-10 4.995804525553992273e-10 3.194217601844628811e-10 2.010952889251826737e-10 1.263066192427830103e-10 8.020181126625128978e-11 5.209686532716389687e-11 3.483175020980749258e-11 2.383011207518805526e-11 1.637202177124498348e-11 1.105503669496707392e-11 7.255099360998739576e-12 4.638682792957831966e-12 2.919535705749082406e-12 1.832015897281242472e-12 1.161040218693930234e-12 7.519184231163416136e-13 5.009596759786549645e-13 3.417687016918977499e-13 2.345643657639938664e-13 1.584812521170193227e-13 1.041238462442836448e-13 6.662557878917810636e-14 4.193904297649718726e-14 2.630141151148262194e-14 1.664530051795952688e-14 1.075622051942964112e-14 7.147544727867180550e-15 4.866068743576158165e-15 3.337765032334530417e-15 2.257529669582204162e-15 1.485905482434007589e-15 9.521892297469451929e-16 5.997342831116198371e-16 3.759682398858718393e-16 2.376250457293491720e-16 1.532385425336175218e-16 1.015993417852714447e-16 6.906366762740841934e-17 4.736700198617447898e-17 3.207495703077602170e-17 2.114861467932776978e-17 1.357325852255888994e-17 8.556294983192661101e-18 5.363265835312911774e-18 3.385751889297440541e-18 2.178588988069560875e-18 1.440523276553801838e-18 9.770698894494943818e-19 6.695355744864556965e-19 4.533516874017150027e-19 2.985977865218665920e-19 1.908170755291496675e-19 1.190606112426664234e-19 7.312760776176884231e-20 4.449724247778112744e-20 2.693426089304381157e-20 1.625689738030583625e-20 9.797390511752959788e-21 5.899800086075455600e-21 3.551278103947009066e-21 2.137169577169762495e-21 1.286010185598409468e-21 7.737908510988118924e-22 4.655736456339262028e-22 2.801207507009215819e-22 1.685380412074723005e-22 1.014024524808799443e-22 6.100957036210450004e-23 3.670684234206028477e-23 2.208492244944345266e-23 1.328754075199634834e-23 7.994535761142011455e-24 4.809963913809305281e-24 2.893945424854069861e-24 1.741160584605284091e-24 1.047580262224329766e-24 6.302832805794040075e-25 3.792139194644261354e-25 2.281564532909225238e-25 1.372717737724462883e-25 8.259043122049368164e-26 4.969105536123951404e-26 2.989693768411504726e-26 1.798768157698746942e-26 1.082240233652325535e-26 6.511366784029704069e-27 3.917604991766011035e-27 2.357051812312347902e-27 1.418135125714877678e-27 8.532299648201203772e-28 5.133512029947707029e-28 3.088609969651382413e-28 1.858281715836796169e-28 1.118046943130818216e-28 6.726800120431171934e-29 4.047221821735570033e-29 2.435036597051782553e-29 1.465055163793895020e-29 8.814597018904934503e-30 5.303358025287977834e-30 3.190798885450930544e-30 1.919764322634772498e-30 1.155038342017468310e-30
9.966590813091736408e-05 1.872619611739061813e-03 3.242772283859613001e-03 4.182352465729228044e-03 4.607665141966105909e-03 4.468399556805053956e-03 3.851988249054198038e-03 2.994295823152438689e-03 2.151998402018484059e-03 1.476251941192584412e-03 9.995959917210605651e-04 6.897013517922448867e-04 4.966529120883316070e-04 3.747939626714043445e-04 2.896596404199610936e-04 2.205784253984395386e-04 1.605239123664419529e-04 1.107011694254821712e-04 7.309824790239824563e-05 4.709168202254165333e-05 3.020354578712448158e-05 1.966726729398501417e-05 1.321625930348534423e-05 9.221576168144065788e-06 6.601123662192936173e-06 4.717659550882788506e-06 3.279109775700112188e-06 2.193296644538792504e-06 1.419696134434504283e-06 9.017466883478011922e-07 5.710488923072169696e-07 3.662773145583493675e-07 2.412668842614882974e-07 1.642836955881229233e-07 1.147396410595838727e-07 8.039199569965767604e-08 5.514853208567498320e-08 3.659595943221008473e-08 2.356761309641982376e-08 1.490721732279429572e-08 9.396528785396245448e-09 5.988890441585305583e-09 3.910379788240299381e-09 2.634532417173055690e-09 1.821349941557762519e-09 1.266894164539205805e-09 8.660106899838653908e-10 5.740891219569440363e-10 3.696176129907139646e-10 2.336238083060229554e-10 1.469778159852970960e-10 9.334163421623105832e-11 6.062409337400839296e-11 4.059349179576293368e-11 2.791992053912185435e-11 1.937211927522497661e-11 1.324386123130124176e-11 8.791834096652164240e-12 5.668068513145183157e-12 3.584448937503600267e-12 2.253405062427217562e-12 1.427822908077637520e-12 9.237793596111502315e-13 6.156539287375351728e-13 4.218471622523531536e-13 2.923867375853320449e-13 2.002394249398259267e-13 1.333091159122753827e-13 8.614190289014748785e-14 5.453064410155747312e-14 3.426787674957157990e-14 2.167379981192180372e-14 1.397855235468643912e-14 9.280033917378515352e-15 6.338501396751632208e-15 4.389310660024041526e-15 3.011386189078641727e-15 2.011401625618455914e-15 1.303649133960409665e-15 8.266278233491540190e-16 5.194693669577337141e-16 3.280181357818179983e-16 2.109088707618199277e-16 1.394955579370349910e-16 9.500357056540937430e-17 6.575112581350245774e-17 4.519708709256457176e-17 3.028476261249734736e-17 1.968672315096418637e-17 1.250628649168060577e-17 7.862032094466563341e-18 4.957967847979956506e-18 3.178377871267484395e-18 2.093542388767438167e-18 1.420394383188577859e-18 9.813374915592281023e-19 6.749872321770931340e-19 4.527274137478184748e-19 2.938019594132701445e-19 1.852670609265704964e-19 1.145154316414053407e-19 6.992355771476471925e-20 4.239928928616652920e-20 2.561135497697951581e-20 1.543879900105774225e-20 9.296551660397252646e-21 5.594787265456834341e-21 3.366028019161953611e-21 2.024817656042914957e-21 1.217922055620844148e-21 7.325451779285794475e-22 4.405944547946110019e-22 2.649951510622595258e-22 1.593799745562526009e-22 9.585792581492843237e-23 5.765295677798079778e-23 3.467486973712819060e-23 2.085489257231989882e-23 1.254298773157361217e-23 7.543866160635566080e-24 4.537189295157120666e-24 2.728850751927376929e-24 1.641242088709340716e-24 9.871098801273672781e-25 5.936881107978797187e-25 3.570682278178929181e-25 2.147553874401096382e-25 1.291626445878542438e-25 7.768367981408547986e-26 4.672213174191804869e-26 2.810059454262505108e-26 1.690084297918526505e-26 1.016485586259992083e-26 6.113558645217024658e-27 3.676943365252069850e-27 2.211463617422991652e-27 1.330064362334407991e-27 7.999549231215618414e-28 4.811254982077019863e-28 2.893684860275815069e-28 1.740380025728865067e-28 1.046735487769807302e-28 6.295493886968890530e-29 3.786366636354359338e-29 2.277275232422814980e-29 1.369646149510001917e-29 8.237610228726026668e-30 4.954434567108823857e-30 2.979798897666433588e-30 1.792172517363782924e-30
9.951435654608887344e-05 1.869425250464302590e-03 3.236689859418238457e-03 4.173866193635215535e-03 4.597655916531894621e-03 4.458025425261176976e-03 3.842376685716904477e-03 2.986235466826611500e-03 2.145818170070941562e-03 1.471903055464262190e-03 9.968320517953241193e-04 6.882431378202141748e-04 4.962836831319174941e-04 3.753740026829928129e-04 2.910484365421421929e-04 2.225007265308472711e-04 1.625542576776161448e-04 1.124595385188900730e-04 7.442166000582241291e-05 4.800705154419268415e-05 3.081495238735644493e-05 2.008010415714030420e-05 1.351137515141503947e-05 9.453241572100182824e-06 6.799714964229809309e-06 4.892248153288351205e-06 3.424985946848319885e-06 2.304820222776040812e-06 1.498145899779668686e-06 9.539013743780013631e-07 6.048234686123585707e-07 3.882100053218853032e-07 2.559789363312112682e-07 1.747599008221388267e-07 1.227213916425672602e-07 8.670304602967708342e-08 6.004955907701512086e-08 4.018758285329933144e-08 2.603658346624661525e-08 1.652623167425884207e-08 1.043324325081162512e-08 6.652553063579531178e-09 4.345419908514831006e-09 2.933342886401702686e-09 2.038631611117963091e-09 1.431012580519596520e-09 9.892640289237192364e-10 6.627072135894309056e-10 4.299753055082401589e-10 2.730124420279853007e-10 1.720902269765155723e-10 1.093060167315369585e-10 7.095735062108048658e-11 4.754667259082825215e-11 3.284434870691267038e-11 2.300063318437991404e-11 1.592392563812102512e-11 1.070280652825432535e-11 6.965120299778040424e-12 4.429458188060436427e-12 2.791121221541226488e-12 1.768366461221077238e-12 1.142536476851990427e-12 7.609359068947406844e-13 5.229167896718603613e-13 3.655836525615197419e-13 2.537417457848662094e-13 1.713463828096834550e-13 1.119768139644367610e-13 7.137526301980053056e-14 4.498043466705009592e-14 2.843971669471511194e-14 1.830008682586758065e-14 1.212311276058538940e-14 8.291768870187489008e-15 5.786651686491916581e-15 4.024930321390141386e-15 2.730757522721488749e-15 1.793198928039230827e-15 1.146607833862043398e-15 7.231718360650597844e-16 4.564976778348248588e-16 2.926042087934219051e-16 1.928081230044375881e-16 1.312408985237377315e-16 9.142458764420695543e-17 6.372783641060245103e-17 4.343832141892389188e-17 2.866081329019219594e-17 1.838690261545877439e-17 1.161076796319991312e-17 7.321126689685959241e-18 4.676310732694049640e-18 3.064706724450532210e-18 2.074141946876340479e-18 1.439896230216814524e-18 1.004048657547769014e-18 6.862085691693383526e-19 4.533156790011044570e-19 2.896339450684043524e-19 1.805035753873215758e-19 1.107268613031325578e-19 6.730239886013196920e-20 4.070016500332364611e-20 2.454504665282450305e-20 1.478059554614657958e-20 8.893706977194629597e-21 5.349316105774909503e-21 3.216794567293334718e-21 1.934201882266159871e-21 1.162936071293613755e-21 6.991923311232777572e-22 4.203684372352731359e-22 2.527315233028671114e-22 1.519450275526290063e-22 9.135081853671455176e-23 5.492093031679353852e-23 3.301893964285525292e-23 1.985126910949315172e-23 1.193475156567921222e-23 7.175273279713693277e-24 4.313834404535865581e-24 2.593513196934452861e-24 1.559241682076739391e-24 9.374290379986432492e-25 5.635901163126386389e-25 3.388350567790806076e-25 2.037104504554957368e-25 1.224724152380184284e-25 7.363143356019341365e-26 4.426782952386544842e-26 2.661418679354431179e-26 1.600067012964081247e-26 9.619735759405359831e-27 5.783465025130562259e-27 3.477067202503701180e-27 2.090441678479930197e-27 1.256790898050146749e-27 7.555931254912453353e-28 4.542688621772029463e-28 2.731102125703329334e-28 1.641961279146667256e-28 9.871607570517352565e-29 5.934892452061311325e-29 3.568106629570011782e-29 2.145175337673643457e-29 1.289697227993495258e-29 7.753766839782995203e-30 4.661629016465539279e-30 2.802610077874080894e-30
9.935209925562140190e-05 1.866005214400950343e-03 3.230177552229374950e-03 4.164779692167405387e-03 4.586938032970944157e-03 4.446916156023913817e-03 3.832083996134771041e-03 2.977604636334122562e-03 2.139201688727353223e-03 1.467248040385754843e-03 9.938733765701679955e-04 6.866803618307639780e-04 4.958836417416009629e-04 3.759872327309102171e-04 2.925273370079517097e-04 2.245563105051513449e-04 1.647346688101594204e-04 1.143550041122744980e-04 7.585199033600729501e-05 4.899771259061334617e-05 3.147683170756909585e-05 2.052673603094897755e-05 1.383020212611125824e-05 9.703169654562174862e-06 7.014115290221554687e-06 5.081653868841688944e-06 3.584540923289214372e-06 2.427833571003141419e-06 1.585229408842939910e-06 1.012011798199087079e-06 6.425102512644001811e-07 4.126751942466394209e-07 2.723607977740943224e-07 1.863983934236679292e-07 1.315858003740934117e-07 9.374551737254737052e-08 6.557340825405587123e-08 4.428273297045564744e-08 2.887847062467849356e-08 1.840092222586729977e-08 1.163689694017950132e-08 7.423056664145701242e-09 4.849346711269327298e-09 3.278288036819978389e-09 2.289079279252543693e-09 1.621018726433029261e-09 1.133554515990894991e-09 7.679000512501619218e-10 5.024845200389452962e-10 3.207083666508250051e-10 2.026187736240356555e-10 1.287234726533309615e-10 8.349510547995898196e-11 5.594592758058448726e-11 3.877293918139813875e-11 2.738137095254691963e-11 1.919665125768705053e-11 1.307413030825620392e-11 8.598326662008090340e-12 5.504117598092873710e-12 3.478461577997912772e-12 2.204086980675528947e-12 1.421721428945910156e-12 9.454030203084489831e-13 6.506274388349067993e-13 4.581487431923643522e-13 3.221011742336792944e-13 2.207857078036430559e-13 1.461369505473694307e-13 9.392695013144451349e-14 5.941911812756907797e-14 3.757403905307496210e-14 2.411862299192481044e-14 1.592775914016498636e-14 1.088855511724971343e-14 7.642274951863453669e-15 5.383376981010203516e-15 3.712101396124261149e-15 2.473848582375225885e-15 1.598052595645409636e-15 1.013023558362518812e-15 6.398221179248671960e-16 4.089038793229561737e-16 2.681971288207045418e-16 1.820499681686264247e-16 1.272769405909159610e-16 8.979502497016976292e-17 6.228219105674132846e-17 4.179370003847157818e-17 2.714029218317384847e-17 1.724803886785762053e-17 1.088820184074525595e-17 6.933094301305534025e-18 4.517880118932343388e-18 3.042988984273624792e-18 2.115060343862191651e-18 1.490703302894009279e-18 1.037596467427966682e-18 6.990976756935401031e-19 4.538357154750536647e-19 2.858338256782126329e-19 1.764182127920270175e-19 1.075812717636875171e-19 6.516190258796200297e-20 3.932351801507977910e-20 2.368387418145174653e-20 1.424940319095705267e-20 8.568415997018493639e-21 5.150861337038486898e-21 3.095959433974806781e-21 1.860706403350845774e-21 1.118261189643534247e-21 6.720464654455873177e-22 4.038778898670660491e-22 2.427156967593824805e-22 1.458626213064676224e-22 8.765755343598567617e-23 5.267861115457461814e-23 3.165768499627745101e-23 1.902496833088869759e-23 1.143322377101438594e-23 6.870896954255768623e-24 4.129126013782195324e-24 2.481434489728350804e-24 1.491239766311332684e-24 8.961735713716760397e-25 5.385633402290501882e-25 3.236543480984569833e-25 1.945029113844504861e-25 1.168882262251688324e-25 7.024500219524625521e-26 4.221434858658099887e-26 2.536908203980770177e-26 1.524577173927466389e-26 9.162079865577561244e-27 5.506032025764619383e-27 3.308898101748637274e-27 1.988511254505178796e-27 1.195013230536066426e-27 7.181536528959479954e-28 4.315807189115606200e-28 2.593622077472776034e-28 1.558659871776100502e-28 9.366902821962884910e-29 5.629122174698497378e-29 3.382870203583988807e-29 2.032965435602544007e-29 1.221728358916822682e-29 7.342083425564299079e-30 4.412289248536651904e-30
9.917908407989897473e-05 1.862358399255755349e-03 3.223233230891321081e-03 4.155089896553307988e-03 4.575507718122280749e-03 4.435067710470208709e-03 3.821106435050172865e-03 2.968400435168896088e-03 2.132147015681035498e-03 1.462285651276758669e-03 9.907189825311664769e-04 6.850120204934911613e-04 4.954517007298867102e-04 3.766325367214098377e-04 2.940954837936332156e-04 2.267453452563325956e-04 1.670669889084018111e-04 1.163906229234993244e-04 7.739238913907023093e-05 5.006617591098721121e-05 3.219092003853376335e-05 2.100828968912297676e-05 1.417346778398499559e-05 9.971855877882558473e-06 7.244738575902318920e-06 5.286378050632364841e-06 3.758463840628166628e-06 2.563129789055121971e-06 1.681669603077171146e-06 1.076630272295344196e-06 6.844878613892156427e-07 4.399184067567347610e-07 2.905691339259860716e-07 1.993016189272348020e-07 1.414062306533505553e-07 1.015819433265519082e-07 7.178200061437742873e-08 4.894182064825514424e-08 3.214506264092063591e-08 2.057010836964152494e-08 1.303397710912247082e-08 8.317543525348821330e-09 5.433028717689435867e-09 3.676330122191047978e-09 2.577412979323064063e-09 1.840531305135366426e-09 1.302058158995069257e-09 8.925299960125804255e-10 5.895150084237018243e-10 3.784689709420405854e-10 2.397612644701106920e-10 1.523704872338499720e-10 9.873014767798196025e-11 6.610527579199257988e-11 4.591292559704135773e-11 3.266306604075816731e-11 2.318252113303398675e-11 1.600954854372987498e-11 1.065257697004753609e-11 6.871413167392795041e-12 4.358438696015205440e-12 2.762877884783060684e-12 1.778997391594619661e-12 1.180242775951278317e-12 8.122617179336285710e-13 5.751440716070848014e-13 4.092074641724691594e-13 2.848371030866080152e-13 1.912171071117241250e-13 1.241204206231671777e-13 7.891485416289383058e-14 4.994359383294221568e-14 3.198305156896304966e-14 2.103957866052572969e-14 1.435057073967778963e-14 1.010641778043784330e-14 7.198470205242496200e-15 5.045230265745271699e-15 3.417397074729530370e-15 2.234554700186181759e-15 1.426092796383717599e-15 9.022566048938185452e-16 5.752169156726834568e-16 3.753599422120095731e-16 2.536066920264221931e-16 1.774052715040113092e-16 1.263422054792578198e-16 8.912088177197128550e-17 6.092068993408724318e-17 4.014595570918432447e-17 2.573466837005317394e-17 1.629070144395982430e-17 1.035022332914623785e-17 6.705343309905027225e-18 4.486840016451391808e-18 3.111719384340820850e-18 2.208526542568037235e-18 1.562840397202582052e-18 1.075134478143071029e-18 7.110886086932986692e-19 4.538374322592223795e-19 2.823807720283410385e-19 1.729601335592349315e-19 1.049943729300606629e-19 6.342429763470742283e-20 3.821193077889648946e-20 2.298951848679797481e-20 1.382087933415797222e-20 8.305595349650540859e-21 4.990195400381897931e-21 2.997914392573621960e-21 1.800934210067082324e-21 1.081843393211468924e-21 6.498667787435531330e-22 3.903736564278062551e-22 2.344954926395322916e-22 1.408598761582815199e-22 8.461347061698549604e-23 5.082664700027412472e-23 3.053116130991561054e-23 1.833982389625380341e-23 1.101658485593419575e-23 6.617573717970255703e-24 3.975122986637865756e-24 2.387824107754123777e-24 1.434346515541861046e-24 8.616002720899159282e-25 5.175562670976199157e-25 3.108918364326906338e-25 1.867501962537274631e-25 1.121793235450903145e-25 6.738520703915185865e-26 4.047774563129791908e-26 2.431465244454016952e-26 1.460561386449172035e-26 8.773473390341362528e-27 5.270154067582246822e-27 3.165738660563608033e-27 1.901633451415484725e-27 1.142295739434318766e-27 6.861677551200927142e-28 4.121753867286125925e-28 2.475904006663922874e-28 1.487255388641378390e-28 8.933822090650450615e-29 5.366474228517294034e-29 3.223597397850939502e-29 1.936388723876469262e-29 1.163172948432448657e-29 6.987085243929135835e-30
9.899525500540613788e-05 1.858483619673527302e-03 3.215854602740029957e-03 4.144793518621837231e-03 4.563361017656939432e-03 4.422475741942348201e-03 3.809440028586145912e-03 2.958619778572110434e-03 2.124652054082495738e-03 1.457014458342849967e-03 9.873677446627605533e-04 6.832371477795298829e-04 4.949869862904084962e-04 3.773089453921532610e-04 2.957518880145181689e-04 2.290677168795176156e-04 1.695529393562072995e-04 1.185695947089290169e-04 7.904627274205429854e-05 5.121519513139567102e-05 3.295912900624892823e-05 2.152600242009774264e-05 1.454194986656713250e-05 1.025979851729833435e-05 7.491985204041173128e-06 5.506925591893502796e-06 3.947484373910913488e-06 2.711574167451922573e-06 1.788267916588854098e-06 1.148373617692901535e-06 7.311800434500839901e-07 4.702138410426205638e-07 3.107780379869146752e-07 2.135830880915957763e-07 1.522639841090477505e-07 1.102812736512546663e-07 7.874340109915402540e-08 5.423206640392454203e-08 3.589513243854285188e-08 2.307860891960511735e-08 1.465542337097851264e-08 9.356176958600371060e-09 6.109297744166073079e-09 4.135684615282744307e-09 2.909140510343510059e-09 2.093676749815295067e-09 1.498355773788361019e-09 1.039879745447345616e-09 6.938642375851331464e-10 4.484198811062035445e-10 2.849891043595287437e-10 1.812085826931039758e-10 1.172741591335668724e-10 7.841337780477002302e-11 5.451820200596432646e-11 3.902439410615241251e-11 2.802393167170829885e-11 1.963293511297235260e-11 1.323231192635129979e-11 8.611099927743925193e-12 5.486569309162810221e-12 3.481105578743840220e-12 2.237466477803527285e-12 1.480048406470228991e-12 1.017232446677959961e-12 7.230039974787053644e-13 5.199198545207919428e-13 3.675171426044440120e-13 2.505453027286439114e-13 1.645140476125035474e-13 1.052695258976679655e-13 6.673859818166335872e-14 4.265183018493552587e-14 2.793607751392668118e-14 1.898173866696098526e-14 1.338116240892177806e-14 9.616989792678358039e-15 6.847605817772003597e-15 4.720039968077791391e-15 3.130338630074964022e-15 2.015109680748732122e-15 1.278899329448339173e-15 8.140137585297065509e-16 5.284577021297292329e-16 3.548819416213311317e-16 2.476702594456342524e-16 1.774711430555948528e-16 1.271140153571430689e-16 8.860099256304056821e-17 5.939857921335363502e-17 3.850617318233024548e-17 2.449225853801314521e-17 1.554685902102869756e-17 1.001704222837650109e-17 6.651493085729464224e-18 4.588708670173514148e-18 3.266252730452147387e-18 2.343013122842734014e-18 1.645680147294921632e-18 1.111543708689898391e-18 7.210468120541056406e-19 4.533641965900134791e-19 2.793460868115245184e-19 1.700977824917609914e-19 1.028993589301280191e-19 6.202904092987347983e-20 3.732151698786278792e-20 2.243300942551142615e-20 1.347673015433798518e-20 8.093944189571221550e-21 4.860414116281393706e-21 2.918465117222960238e-21 1.752344761655607307e-21 1.052146340570878615e-21 6.317250395068018329e-22 3.792951950182949471e-22 2.277325003362488583e-22 1.367325167488141132e-22 8.209527487619698665e-23 4.929062591022400118e-23 2.959446201448907765e-23 1.776873685679504116e-23 1.066848268566489851e-23 6.405436725522926287e-24 3.845871928214242567e-24 2.309090074786810682e-24 1.386394801285689498e-24 8.324017090913159060e-25 4.997801520565219274e-25 3.000717064490568786e-25 1.801652767247731973e-25 1.081725678555864939e-25 6.494761176374835356e-26 3.899502762117684602e-26 2.341290366475194465e-26 1.405728091268873810e-26 8.440095657162556220e-27 5.067495992369110847e-27 3.042562155350070294e-27 1.826776870524421743e-27 1.096810373825475921e-27 6.585330784361484596e-28 3.953881415879792746e-28 2.373939709615409268e-28 1.425330998026728649e-28 8.557792961741600139e-29 5.138162326899730544e-29 3.084990746459387443e-29 1.852251310882020109e-29 1.112105416357293218e-29
9.880055209064402401e-05 1.854379607257900398e-03 3.208039215636444234e-03 4.133887033553671278e-03 4.550493439460448139e-03 4.409135657528872286e-03 3.797080552171084016e-03 2.948259390133952437e-03 2.116714516354314349e-03 1.451432838410418027e-03 9.838185008382437265e-04 6.813549804533047078e-04 4.944888337360645210e-04 3.780153650850048624e-04 2.974951154609632698e-04 2.315229550729386331e-04 1.721942722994036453e-04 1.208954298654221483e-04 8.081739346690407341e-05 5.244776559841685825e-05 3.378351147323230280e-05 2.208117062562126148e-05 1.493643627487199493e-05 1.056750578824439386e-05 7.756292110347193865e-06 5.743852502667324785e-06 4.152386322370184295e-06 2.874095502860705465e-06 1.905895814284113163e-06 1.227922196171678727e-06 7.830594390549071127e-07 5.038699937584446822e-07 3.331848986257713210e-07 2.293715790620192550e-07 1.642494095093692237e-07 1.199175653611036045e-07 8.653021673511380627e-08 6.022709930238868665e-08 4.019518281717302620e-08 2.597834178311603851e-08 1.653754632205529358e-08 1.056274490976251771e-08 6.893277893178138251e-09 4.665966057949906464e-09 3.290621941504159613e-09 2.385138832843249572e-09 1.726485183984737600e-09 1.213712942331257809e-09 8.188292266206962308e-10 5.331263501917272034e-10 3.401057162200078232e-10 2.164261592048085838e-10 1.398856071614357721e-10 9.335181657476763212e-11 6.490142181790356520e-11 4.668172306601970165e-11 3.388964216251104922e-11 2.409125169615136099e-11 1.646487512603257952e-11 1.082353024208642303e-11 6.934311034674849394e-12 4.406182545805911536e-12 2.827404622966061922e-12 1.863922847656512938e-12 1.277760989740161169e-12 9.099434189276352317e-13 6.603148175405488487e-13 4.738233386699501448e-13 3.283514174978895482e-13 2.184655181668765333e-13 1.409124073943008062e-13 8.959129051294848075e-14 5.717397614594598357e-14 3.727886441036496578e-14 2.520090696665966796e-14 1.774049874488600296e-14 1.283270384651710312e-14 9.272033986068116272e-15 6.509132543319222643e-15 4.387148343116531290e-15 2.854641445398963556e-15 1.820413207500546431e-15 1.158082400380258012e-15 7.482214460541813471e-16 4.989637946431820738e-16 3.465197352665998882e-16 2.489520425662742354e-16 1.805961875654993055e-16 1.283599366634043726e-16 8.773982077618925226e-17 5.768578603202492623e-17 3.695688711348531677e-17 2.347776814822068113e-17 1.505758101537675789e-17 9.917009821038257200e-18 6.788617195055881754e-18 4.826068819265150933e-18 3.495886626208701114e-18 2.503672604755984990e-18 1.729727249430002463e-18 1.143902355648490046e-18 7.288726795927850921e-19 4.526794292970362625e-19 2.768159054487072926e-19 1.678032194097425683e-19 1.012410999146626051e-19 6.092827812659344072e-20 3.661835070545009646e-20 2.199219708578590946e-20 1.320303793268086259e-20 7.924881889824880203e-21 4.756279032773777151e-21 2.854430189511140590e-21 1.713011227074011330e-21 1.028004678691154906e-21 6.169169385408607819e-22 3.702170088091700313e-22 2.221697320216726728e-22 1.333253605454236771e-22 8.000927202592603332e-23 4.801398365980777759e-23 2.881344102868413079e-23 1.729109559381013294e-23 1.037647627862467572e-23 6.226977215189319923e-24 3.736841208136189313e-24 2.242497657928386899e-24 1.345734369364380742e-24 8.075821038184211533e-25 4.846341659753635664e-25 2.908314515695698139e-25 1.745294481058248717e-25 1.047360186244133701e-25 6.285262301023927316e-26 3.771818205132244423e-26 2.263487485313239601e-26 1.358330469118987834e-26 8.151410928466268768e-27 4.891703574648864919e-27 2.935536445519333467e-27 1.761630501971923122e-27 1.057163514484810472e-27 6.344092561424746595e-28 3.807122538252555244e-28 2.284673793788413259e-28 1.371044480796668222e-28 8.227708364251418794e-29 4.937490057721514890e-29 2.963013149042296710e-29 1.778119412602421802e-29
9.859491136428649911e-05 1.850045008426313932e-03 3.199784453831508620e-03 4.122366683744650012e-03 4.536900452428360361e-03 4.395042532566952390e-03 3.784023564600029997e-03 2.937315783829239167e-03 2.108331871650289454e-03 1.445539036145500680e-03 9.800702224087858190e-04 6.793650103948277105e-04 4.939565202417133547e-04 3.787501890868636431e-04 2.993232361326894587e-04 2.341105615030823317e-04 1.749930755818995408e-04 1.233720035613795820e-04 8.270975575755619739e-05 5.376704080459593062e-05 3.466621413528698614e-05 2.267515113007262094e-05 1.535778644483705755e-05 1.089557803891060074e-05 8.038164411827542865e-06 5.997729758145758206e-06 4.373955733490914255e-06 3.051664481959410661e-06 2.035502137909534084e-06 1.316035224257123691e-06 8.406592393336153651e-07 5.412353004613633270e-07 3.580105401965264282e-07 2.468082936515280283e-07 1.774599254676186153e-07 1.305706719013996604e-07 9.522156368378528683e-08 6.700850403161136429e-08 4.512039721413208026e-08 2.932904308911876623e-08 1.872265603741041234e-08 1.196519103606235786e-08 7.802825893752984326e-09 5.278544965333108883e-09 3.729314720150038727e-09 2.720270561905077775e-09 1.990960020662456698e-09 1.418285256469190773e-09 9.682601817147945234e-10 6.356739033096629963e-10 4.073222165080389082e-10 2.594947567373320276e-10 1.675066329892465099e-10 1.115176010016524333e-10 7.744748806348604625e-11 5.589752529180101660e-11 4.098004708705145201e-11 2.955814043165868210e-11 2.050434784631531542e-11 1.363418039390558710e-11 8.793327956110541191e-12 5.599866612079996329e-12 3.588527620286704776e-12 2.356938706327776497e-12 1.609785126535115105e-12 1.146508089094304233e-12 8.380146182929626391e-13 6.099485808552683716e-13 4.299621012861778214e-13 2.903433273227739033e-13 1.891008590203878262e-13 1.207352082094608244e-13 7.700072422924356822e-14 4.998659381090958472e-14 3.358790326203287636e-14 2.355886938953156125e-14 1.710349530125777206e-14 1.251694944779961459e-14 8.951284995546752065e-15 6.142714775749413035e-15 4.049294093133511736e-15 2.599677237343322537e-15 1.655258378839204487e-15 1.065063099242565961e-15 7.050212413382673617e-16 4.862097787518649723e-16 3.489818585643438178e-16 2.555468967815428575e-16 1.850127941301157704e-16 1.291539104390745311e-16 8.637296020846501965e-17 5.589314241058580461e-17 3.561239372233137675e-17 2.276609657752115809e-17 1.487402971231705604e-17 1.008508076880605430e-17 7.132492641777979381e-18 5.193664261262801022e-18 3.782706663374589351e-18 2.674643644996631794e-18 1.808229863397226182e-18 1.171285458402783637e-18 7.350344018732573194e-19 4.520917963278601735e-19 2.748583331753163350e-19 1.660479096405326793e-19 9.997376436230967395e-20 6.008403718126677396e-20 3.607599691587772900e-20 2.164995979954751924e-20 1.298908895158271618e-20 7.791818909535291317e-21 4.673771687831104111e-21 2.803369315311282943e-21 1.681454903882718673e-21 1.008523520034539771e-21 6.049013349542584233e-22 3.628120254286684335e-22 2.176095544666933204e-22 1.305190075493109324e-22 7.828333617452729440e-23 4.695315664981679380e-23 2.816178924585381272e-23 1.689101302101592423e-23 1.013097289055083710e-23 6.076403516864235721e-24 3.644534375566091962e-24 2.185936217447370998e-24 1.311091233053524670e-24 7.863725364068822615e-25 4.716542599937121426e-25 2.828910359790500564e-25 1.696737319290390981e-25 1.017677186742038318e-25 6.103872682007986409e-26 3.661009816738984521e-26 2.195817895861593181e-26 1.317018109740895687e-26 7.899273905723806318e-27 4.737864101162328327e-27 2.841698681265653413e-27 1.704407560658350064e-27 1.022277679203634288e-27 6.131465721622256544e-28 3.677559694318892138e-28 2.205744257406279839e-28 1.322971789288200294e-28 7.934983166579387699e-29 4.759281971255465212e-29 2.854544793025748398e-29
9.837826471512445335e-05 1.845478382102541887e-03 3.191087533503415927e-03 4.110228471117746869e-03 4.522577148487080985e-03 4.380191161424916262e-03 3.770264341369461512e-03 2.925785210420754796e-03 2.099501348807447914e-03 1.439331278974374274e-03 9.761221175728091847e-04 6.772667775835365580e-04 4.933888416874465058e-04 3.795112560121037884e-04 3.012343396555420779e-04 2.368304793154646186e-04 1.779517476306941199e-04 1.260032897794270094e-04 8.472745977258895557e-05 5.517632571833812631e-05 3.560954561308398705e-05 2.330945754093457625e-05 1.580698828547821806e-05 1.124466272277566044e-05 8.338071883308694824e-06 6.269086162024784426e-06 4.612997672660719315e-06 3.245332150392756923e-06 2.178134109145977565e-06 1.413554999756884955e-06 9.045717335444878591e-07 5.826970261782877910e-07 3.855014475568078668e-07 2.660526586449994795e-07 1.920055965512677521e-07 1.423278655169210093e-07 1.049014888318445654e-07 7.466438797556654453e-08 5.075491759021017888e-08 3.319953125938679907e-08 2.126031123043758937e-08 1.359647137387402264e-08 8.858999927203464075e-09 5.986763214144629553e-09 4.233895999780825258e-09 3.105209180646074732e-09 2.296863671798269847e-09 1.658406698211495150e-09 1.146626853861650946e-09 7.597520217424989638e-10 4.893401074316783978e-10 3.122350798028720057e-10 2.013094352546545480e-10 1.336534027543865581e-10 9.263221019017612887e-11 6.699142201047264905e-11 4.953347939897375436e-11 3.623774802408169101e-11 2.553549951441103371e-11 1.719878319044095360e-11 1.118073244044476495e-11 7.142505015024066085e-12 4.572973668625937801e-12 2.992079592276620357e-12 2.034172263379090738e-12 1.446312143250077513e-12 1.062623749587740648e-12 7.835489258523903492e-13 5.620242248448211167e-13 3.857757943217026627e-13 2.541735855546809907e-13 1.632170856799356717e-13 1.041388286955625734e-13 6.733674406344553239e-14 4.494825811991345719e-14 3.135159264236342473e-14 2.277600966561324465e-14 1.684083607340144521e-14 1.226224588158988049e-14 8.580814136084679742e-15 5.744278514440067912e-15 3.720981451997600625e-15 2.375245786283186452e-15 1.523664256155330790e-15 1.001229637436630180e-15 6.846239059436903952e-16 4.893103529974244212e-16 3.602868710936157255e-16 2.651149794520488074e-16 1.891427165529292257e-16 1.290216282812589011e-16 8.459949529052384018e-17 5.420287100064758721e-17 3.460160408630059767e-17 2.244382603083563943e-17 1.505795288738260943e-17 1.055850786516058213e-17 7.690903501926826912e-18 5.674605900908154890e-18 4.103367885358090496e-18 2.842182249057025392e-18 1.877751088432624597e-18 1.194119268970194929e-18 7.402026478348831289e-19 4.518763290878904433e-19 2.735188023279456122e-19 1.648033352581337277e-19 9.905902668228429962e-20 5.946591648048427558e-20 3.567370596689002020e-20 2.139298570026318619e-20 1.282658366540200418e-20 7.689653765119059731e-21 4.609779991501053598e-21 2.763391829690857429e-21 1.656529660549176573e-21 9.930088379113568483e-22 5.952582264072155053e-22 3.568261807713733992e-22 2.138983318281611306e-22 1.282205751377776083e-22 7.686132421142103550e-23 4.607421418105863290e-23 2.761900318450248946e-23 1.655610111953070079e-23 9.924488802444721839e-24 5.949195225638969167e-24 3.566221296228156263e-24 2.137757062598283584e-24 1.281469885615849008e-24 7.681719710573553980e-25 4.604775992142668578e-25 2.760314457502052211e-25 1.654659409209518276e-25 9.918789353228633433e-26 5.945778433768858434e-26 3.564172997464686970e-26 2.136529184700582586e-26 1.280733835822908333e-26 7.677307519666372853e-27 4.602131144670760554e-27 2.758729022725519172e-27 1.653709027724618358e-27 9.913092318665436725e-28 5.942363358684823286e-28 3.562125838540384080e-28 2.135302021083427893e-28 1.279998216735856421e-28 7.672897878385527161e-29 4.599487802130818747e-29
9.815053977337813505e-05 1.840678197215356564e-03 3.181945498065292827e-03 4.097468149651428346e-03 4.507518315281353397e-03 4.364576028351979838e-03 3.755797876735126727e-03 2.913663588470481909e-03 2.090220011207257617e-03 1.432807940905422069e-03 9.719735533282263364e-04 6.750594655728028469e-04 4.927839931593622604e-04 3.802964461916546611e-04 3.032271545481452662e-04 2.396829291465435994e-04 1.810724301375231241e-04 1.287931196006300843e-04 8.687480731702617307e-05 5.667923830085383951e-05 3.661606794287795044e-05 2.398574408395002166e-05 1.628504008399526685e-05 1.161535677171504890e-05 8.656485547160156380e-06 6.558515747765024513e-06 4.870384120513075792e-06 3.456208275232441186e-06 2.334911712940847356e-06 1.521404768213656321e-06 9.754596630793702921e-07 6.286941036829517675e-07 4.159373229980160184e-07 2.872818863002168798e-07 2.080045789480415401e-07 1.552816382271963230e-07 1.156604340973198148e-07 8.329152578663032611e-08 5.719314065544331894e-08 3.766856329286684383e-08 2.420813599467956218e-08 1.549533005828340082e-08 1.008672415229598058e-08 6.806433883557034164e-09 4.814552066287007505e-09 3.546980806283788711e-09 2.649864790082720775e-09 1.939460324232234883e-09 1.359086858822911214e-09 9.097589450336888168e-10 5.894549886600491587e-10 3.768981652857159958e-10 2.427522935189059215e-10 1.606839564988358344e-10 1.110454640496397152e-10 8.035470552061723569e-11 5.983483415686203407e-11 4.436954277818422810e-11 3.177790039165123574e-11 2.170891702528168030e-11 1.424534829506638858e-11 9.138417613614986945e-12 5.849211184087007710e-12 3.812826606556590658e-12 2.578350506032285804e-12 1.827035366206733253e-12 1.346317013339994394e-12 1.004085967512286692e-12 7.327597741426335264e-13 5.119358809117164338e-13 3.418633480982596030e-13 2.211754170450374030e-13 1.413599511727393392e-13 9.110747317586321966e-14 6.040417978351562031e-14 4.183191360251252151e-14 3.032093212790696727e-14 2.258304436877395183e-14 1.671961822463112749e-14 1.194292227814705408e-14 8.138519156919629623e-15 5.332447787734316248e-15 3.419344795921776461e-15 2.189719376736841490e-15 1.429135638950026118e-15 9.679987365732552627e-16 6.869183971910157265e-16 5.065103296708550452e-16 3.776078479688988526e-16 2.752102692159709071e-16 1.919226094675755332e-16 1.279382133057934009e-16 8.267736872360551519e-17 5.282675328939795854e-17 3.406645958513756384e-17 2.261269331746564689e-17 1.567951202345098347e-17 1.136926145572126625e-17 8.456257189337229536e-18 6.239554139621058249e-18 4.433342267975803410e-18 2.997028761417776436e-18 1.937740218625790096e-18 1.213531336902734908e-18 7.450431406414835891e-19 4.522456963265424503e-19 2.728209343698019407e-19 1.640418173564570928e-19 9.846525763319251213e-20 5.904974006820046980e-20 3.539518016769748914e-20 2.121086973988332202e-20 1.270905049648977980e-20 7.614412603923847304e-21 4.561879246911158058e-21 2.733023213231987112e-21 1.637340542695152662e-21 9.809180823175655258e-22 5.876589357712236744e-22 3.520604518700063476e-22 2.109155904924780974e-22 1.263571583341485076e-22 7.569912856533454588e-23 4.535047706741503417e-23 2.716894875397342829e-23 1.627660475136180471e-23 9.751126871567556345e-24 5.841788064162794955e-24 3.499748068809335218e-24 2.096658803712565913e-24 1.256084153221468953e-24 7.525055520405412535e-25 4.508174103130897160e-25 2.700795192039068264e-25 1.618015302175800611e-25 9.693343390097395241e-26 5.807170428333837752e-26 3.479008947482448256e-26 2.084234206818998278e-26 1.248640716949999849e-26 7.480462772366686423e-27 4.481459119013152633e-27 2.684790559773816398e-27 1.608427112468380365e-27 9.635901642520289003e-28 5.772757730383682273e-28 3.458392691161325505e-28 2.071883242570999703e-28 1.241241395525467525e-28 7.436134286690393137e-29
9.791165978283155062e-05 1.835642829623675490e-03 3.172355213686234039e-03 4.084081204329950351e-03 4.491718450728354392e-03 4.348191368277760233e-03 3.740618867154519005e-03 2.900946419738538798e-03 2.080484842011158346e-03 1.425967568164922868e-03 9.676237318983289728e-04 6.727416434321052598e-04 4.921401011967398587e-04 3.811044312445583488e-04 3.053007707909729802e-04 2.426674836655551835e-04 1.843567183430140275e-04 1.317455353778694853e-04 8.915658834073883715e-05 5.827973137152715175e-05 3.768848275173370489e-05 2.470567694931981653e-05 1.679295090891828556e-05 1.200836170967519452e-05 8.993993270618893233e-06 6.866623232223431229e-06 5.146946775108641043e-06 3.685432279853020407e-06 2.507056972931944061e-06 1.640616208411911638e-06 1.054065386012067261e-06 6.797152392763437998e-07 4.496279160320010049e-07 3.106939291171877460e-07 2.255906505531365218e-07 1.695339355195247105e-07 1.275938387345441054e-07 9.299306970772272530e-08 6.453981625832788504e-08 4.282647350444496374e-08 2.763343441632452802e-08 1.770735954116465124e-08 1.151537770736867429e-08 7.756193858459918433e-09 5.483270984271914769e-09 4.053742247112651623e-09 3.056338911759919106e-09 2.267427111114788877e-09 1.611525178942263007e-09 1.090901248620802900e-09 7.116771574952632235e-10 4.562673560802913884e-10 2.936515588285603980e-10 1.937623438762910754e-10 1.334197643210837863e-10 9.646798473195195199e-11 7.222639953594797514e-11 5.423449586138919016e-11 3.949042345552614936e-11 2.739800247384965188e-11 1.817505254140621467e-11 1.172263872299440033e-11 7.507120631643848019e-12 4.876589726000900827e-12 3.278498126958675180e-12 2.311775371343667647e-12 1.704642955964477270e-12 1.283280143661392561e-12 9.522608394158616756e-13 6.778565332773281164e-13 4.596724110321480893e-13 3.002009239960766309e-13 1.924845733164385463e-13 1.237749560869253561e-13 8.152255191416454721e-14 5.599148345478328590e-14 4.038309252720819362e-14 3.019405353123429219e-14 2.268036799954702754e-14 1.654174698305173286e-14 1.150022662411602705e-14 7.642296029537359388e-15 4.934108426264195660e-15 3.159782287198363871e-15 2.050161817138349318e-15 1.375020271875963453e-15 9.665373005649792383e-16 7.108255782844266817e-16 5.347664485677365068e-16 3.975097137507729129e-16 2.838055258236317126e-16 1.929625250754495390e-16 1.262036583420191767e-16 8.093719493006353836e-17 5.199405627733110752e-17 3.416898832603134052e-17 2.339117704170079257e-17 1.680980920592999916e-17 1.253276419519505282e-17 9.400162566751279795e-18 6.850766821333930100e-18 4.752176844411501198e-18 3.135098420098414709e-18 1.989503906395831951e-18 1.230832861607137059e-18 7.501194334612764743e-19 4.533541969564267255e-19 2.727743616517486075e-19 1.637380994382216986e-19 9.816654726744244268e-20 5.881631239058141475e-20 3.522764014563123468e-20 2.109548694453268527e-20 1.263143799590223333e-20 7.562990929063073467e-21 4.528172973766153005e-21 2.711108576755630132e-21 1.623185487183862650e-21 9.718249341418581720e-22 5.818447848259332424e-22 3.483579680985078966e-22 2.085662403223156827e-22 1.248711375347564101e-22 7.476184634774670662e-23 4.476080946241497836e-23 2.679883056730337932e-23 1.604477985688798547e-23 9.606201443943367910e-24 5.751347624193788685e-24 3.443400541568020883e-24 2.061605023879669354e-24 1.234307534954208707e-24 7.389946498763011757e-25 4.424449144848477038e-25 2.648970497589629245e-25 1.585970248568018506e-25 9.495393155662043893e-26 5.685005208877603709e-26 3.403680468142988644e-26 2.037824117583577593e-26 1.220069619021606635e-26 7.304702412553946075e-27 4.373412508663781116e-27 2.618414261372667911e-27 1.567675866573486820e-27 9.385862499884348670e-28 5.619427889140082068e-28 3.364418539004551236e-28 2.014317530010902800e-28 1.205995943986903744e-28
9.766154346325973143e-05 1.830370560443615778e-03 3.162313362563992647e-03 4.070062897675869561e-03 4.475171750274678333e-03 4.331031052537683348e-03 3.724721644059877761e-03 2.887629355740957589e-03 2.070292914006383218e-03 1.418808741904661538e-03 9.630713345104635137e-04 6.703115804788932919e-04 4.914560639924175174e-04 3.819344499221565036e-04 3.074534139127998804e-04 2.457827811961175589e-04 1.878064469182171665e-04 1.348652234736985210e-04 9.157790623912068673e-05 5.998185720727979556e-05 3.882957004564856690e-05 2.547106301288445829e-05 1.733192171775785724e-05 1.242446349331219499e-05 9.351103523244061848e-06 7.193940214590660887e-06 5.443559751556438037e-06 3.934243201851243410e-06 2.695891397497641512e-06 1.772312469172835143e-06 1.141211181268837017e-06 7.363116778122043840e-07 4.869262500653080227e-07 3.365109505375672287e-07 2.449079835841512193e-07 1.851927415425519952e-07 1.408041964633743147e-07 1.038810920341941296e-07 7.291087333025193839e-08 4.877582811517409160e-08 3.161436830690679036e-08 2.028627554671686204e-08 1.317978227792659402e-08 8.858091138931629314e-09 6.254118532478643578e-09 4.634932374654941785e-09 3.523485401155141990e-09 2.648950754146469746e-09 1.910607126645708291e-09 1.309295729238400356e-09 8.608651170329278769e-10 5.537798149098192471e-10 3.562716366874457046e-10 2.343295300736742697e-10 1.606672101470637993e-10 1.159234848555728700e-10 8.712127281880959924e-11 6.616277650623618343e-11 4.897621419820704137e-11 3.454757793120780603e-11 2.320519703731602988e-11 1.506925802291224785e-11 9.664563349954089541e-12 6.259245626459241426e-12 4.182474350623658373e-12 2.930876761666509184e-12 2.157626466611043563e-12 1.635730484237359363e-12 1.232845261160070032e-12 8.947692502592907332e-13 6.173073565117040228e-13 4.077934065627951069e-13 2.627631899636226090e-13 1.687869988207619136e-13 1.104951248226078604e-13 7.521405802730458736e-14 5.385236161465551765e-14 4.027918638468290978e-14 3.060613851167903468e-14 2.277761454692059363e-14 1.618462408067436637e-14 1.093934553947717274e-14 7.130121244174365315e-15 4.575495872091372272e-15 2.955252953020248551e-15 1.962988090560534506e-15 1.364470114565348924e-15 9.970835551180204679e-16 7.536015395442545222e-16 5.697280554511328334e-16 4.165835759583321440e-16 2.897205840903172033e-16 1.924750980708753351e-16 1.242994988357734476e-16 7.974326792102615199e-17 5.195801758909727589e-17 3.509767724537408268e-17 2.490992128369692954e-17 1.850780254223490930e-17 1.403644933460496358e-17 1.047368601264545328e-17 7.469691047829509684e-18 5.046892369005041684e-18 3.256565894437224911e-18 2.035231320354577088e-18 1.247251263712661470e-18 7.558716645853360895e-19 4.553080987604100215e-19 2.733801603211629656e-19 1.638704568281400403e-19 9.814217496339925723e-20 5.875056987578508017e-20 3.516112346230558896e-20 2.104051540824464616e-20 1.258981343110654813e-20 7.532967185991314068e-21 4.507178331833980961e-21 2.696742687436967019e-21 1.613512874639121736e-21 9.653936528291549399e-22 5.776116021999606133e-22 3.455946525610586817e-22 2.067749221908177189e-22 1.237167661183936152e-22 7.402171987924509444e-23 4.428837600025598463e-23 2.649844192848581994e-23 1.585444087800209894e-23 9.485965268589265425e-24 5.675604593578150407e-24 3.395804898482918020e-24 2.031764301868707416e-24 1.215637019700262284e-24 7.273350337267396163e-25 4.351761603895673895e-25 2.603728432650526770e-25 1.557852285454055651e-25 9.320878918147200022e-26 5.576830656795571276e-26 3.336706811597822721e-26 1.996404952959033030e-26 1.194480953903822598e-26 7.146770231575160223e-27 4.276026717782363197e-27 2.558415045608529524e-27 1.530740563068732553e-27 9.158665150029295462e-28 5.479775565075935463e-28 3.278637197748882115e-28 1.961660974095160248e-28
9.740010486253724198e-05 1.824859571835880153e-03 3.151816395480332069e-03 4.055408187125272672e-03 4.457872079143590863e-03 4.313088622527994076e-03 3.708100154275310173e-03 2.873707451075671691e-03 2.059641356932653215e-03 1.411329740397246997e-03 9.583145161911293779e-04 6.677680568001412038e-04 4.907315998320467727e-04 3.827849218941181187e-04 3.096820876528063259e-04 2.490278503558949379e-04 1.914242695008757332e-04 1.381569237131637757e-04 9.414378668172785378e-05 6.178987522887354822e-05 4.004242767042367264e-05 2.628394190577859174e-05 1.790316278199884957e-05 1.286434657004787681e-05 9.728363008808077440e-06 7.541121056868248407e-06 5.761122321286886423e-06 4.203878199300549212e-06 2.902818703207275900e-06 1.917741921519862870e-06 1.237822155943035911e-06 7.990996694097163671e-07 5.282234511922884692e-07 3.649812825121788217e-07 2.661205197487400479e-07 2.023765630846670469e-07 1.553979809983351139e-07 1.160738718850352190e-07 8.243426203605151521e-08 5.563352271999538281e-08 3.624167968418173913e-08 2.329513642452995333e-08 1.512110554469470833e-08 1.013828605413635856e-08 7.143726613078846989e-09 5.301529661902720269e-09 4.059430984437951097e-09 3.091374636569805495e-09 2.263821465673604561e-09 1.572076877338019436e-09 1.042878203126345944e-09 6.736719129220906218e-10 4.334358749451896505e-10 2.841893742078839719e-10 1.939268957885214158e-10 1.394537997075703957e-10 1.050204331971105104e-10 8.054344075247212417e-11 6.058830992685331140e-11 4.349367062791090508e-11 2.962799292531414378e-11 1.940157615672012436e-11 1.247580942351360693e-11 8.061121929587251041e-12 5.353736603185564448e-12 3.724397647181936229e-12 2.731278773712324295e-12 2.079779532573340125e-12 1.589514556688297848e-12 1.176461027912523135e-12 8.271597965126482066e-13 5.539251457899984077e-13 3.593814614738360682e-13 2.309403313232736547e-13 1.503920023172689346e-13 1.014367120476685105e-13 7.196418871465038101e-14 5.366100187225512587e-14 4.110015855029112234e-14 3.115989527188298396e-14 2.265376923133086973e-14 1.561775733996139677e-14 1.030705552521948152e-14 6.643830704520821822e-15 4.279110324553636634e-15 2.817100357972468022e-15 1.934392004385043774e-15 1.399898799430063722e-15 1.057961851098758404e-15 8.103611317848990794e-16 6.062988208294363865e-16 4.322466143603505484e-16 2.927628544192945173e-16 1.910780538473767645e-16 1.227882954431301700e-16 7.948963526265496334e-17 5.300974124811191791e-17 3.706955019218766023e-17 2.729873826779395604e-17 2.080185409538692630e-17 1.583216595797315413e-17 1.161517760438108951e-17 8.065258117129830162e-18 5.312613233056195121e-18 3.364237273860758706e-18 2.077279807478010219e-18 1.263817476305532817e-18 7.626313961374006361e-19 4.581804718632359492e-19 2.746356897049886463e-19 1.644212041622012355e-19 9.837602134524745345e-20 5.884092133670572810e-20 3.518797549812871606e-20 2.104108864902472622e-20 1.258114026157681949e-20 7.522464961531372087e-21 4.497741857450734796e-21 2.689218682667103750e-21 1.607890411704606999e-21 9.613602349812389348e-22 5.747983286317069467e-22 3.436723370386111809e-22 2.054818496464791511e-22 1.228576588514788228e-22 7.345661985392424767e-23 4.391972606323524553e-23 2.625961208129853605e-23 1.570062707207001326e-23 9.387408059133018213e-24 5.612733177341567361e-24 3.355854291486755165e-24 2.006465939965148209e-24 1.199666371912353503e-24 7.172807519590246271e-25 4.288622974185632713e-25 2.564168489103909697e-25 1.533116827430243929e-25 9.166508438901816616e-26 5.480657149496674810e-26 3.276885958048240056e-26 1.959250740285278615e-26 1.171436391460752366e-26 7.004020418925361181e-27 4.187705144448725822e-27 2.503829704499692747e-27 1.497040257582600617e-27 8.950806552569066078e-28 5.351688943501506303e-28 3.199775839584554626e-28
9.712725319775500582e-05 1.819107943644454606e-03 3.140860693839429580e-03 4.040111760005761325e-03 4.439812987111360111e-03 4.294357280090583921e-03 3.690747980969797445e-03 2.859175813409502772e-03 2.048527252759253705e-03 1.403528285394942945e-03 9.533514681626104178e-04 6.651108100071906684e-04 4.899659801736085942e-04 3.836528157129702661e-04 3.119843109905080444e-04 2.524028751775869088e-04 1.952124142590803545e-04 1.416248613104183034e-04 9.685962878124739482e-05 6.370856636926179974e-05 4.133038459221405190e-05 2.714633062123835469e-05 1.850788385664827514e-05 1.332888385185857245e-05 1.012642735814153971e-05 7.908711131898897638e-06 6.100467984779206981e-06 4.495663553003153750e-06 3.129371812164660113e-06 2.078263937298031101e-06 1.344918672315384461e-06 8.687730483968994249e-07 5.739653883662307315e-07 3.963831490462686398e-07 2.894056064909362639e-07 2.212135437598615785e-07 1.714902501379819477e-07 1.296971984229238188e-07 9.324900200932131705e-08 6.353152712632126018e-08 4.162071361809383537e-08 2.680816120558001086e-08 1.738803243920987345e-08 1.162774534001747917e-08 8.171770893794148671e-09 6.066403350147001464e-09 4.673424786450405672e-09 3.602794941299343379e-09 2.679498833304237126e-09 1.887492573621946110e-09 1.264745528003066001e-09 8.211533388287999258e-10 5.286639544506255681e-10 3.456031037937389561e-10 2.346252838550457354e-10 1.679688161153450673e-10 1.265346571204056974e-10 9.783682652699627526e-11 7.473626317722243789e-11 5.463311510109357937e-11 3.780261543876575367e-11 2.500422374777768033e-11 1.614224573333907772e-11 1.041486020167856638e-11 6.876570069916446529e-12 4.745427397748060578e-12 3.459654872333406078e-12 2.638728290651724364e-12 2.040583738285609447e-12 1.539656518256588920e-12 1.104808834185080511e-12 7.517116903839641955e-13 4.921174876256327921e-13 3.168962802645512885e-13 2.055177826910826938e-13 1.373794295604601386e-13 9.644247769560357960e-14 7.146728630036616716e-14 5.496079672841888945e-14 4.233774496923745534e-14 3.149925067042033260e-14 2.220521095896275992e-14 1.488580540651036614e-14 9.665402879543813481e-15 6.221034467723582529e-15 4.064311857116548943e-15 2.756117875819704867e-15 1.970072504355432823e-15 1.481796875626137546e-15 1.144595791694228944e-15 8.743244658284050830e-16 6.397406710375835183e-16 4.432778187109017609e-16 2.935469259655255839e-16 1.896018826921926186e-16 1.222803861398841058e-16 8.061888369874953895e-17 5.548949638126212318e-17 4.032168354042315691e-17 3.066400962363882016e-17 2.367126536008562885e-17 1.783828798278968177e-17 1.276336843893905843e-17 8.618864668600627428e-18 5.550878650061932329e-18 3.462068855407640856e-18 2.117802794887884385e-18 1.281350206317409194e-18 7.706456225401557981e-19 4.620235655194806530e-19 2.765382492079880237e-19 1.653770449559707719e-19 9.885609011227575728e-20 5.907872930818721706e-20 3.530246132621502134e-20 2.109353741017760288e-20 1.260311430486821453e-20 7.530051053370960190e-21 4.498976934916824101e-21 2.687990087186355802e-21 1.605982095840001031e-21 9.595184363953239632e-22 5.732785548997456322e-22 3.425136487693011238e-22 2.046397175579078140e-22 1.222649226880379513e-22 7.304891616878926775e-23 4.364411172096296877e-23 2.607579403306039758e-23 1.557935351975799448e-23 9.308106182083524407e-24 5.561260362034072983e-24 3.322654053977454950e-24 1.985166882999599694e-24 1.186066159198599175e-24 7.086320759582310821e-25 4.233823001235478510e-25 2.529557695685015007e-25 1.511320179903193865e-25 9.029597117177277154e-26 5.394861077831648102e-26 3.223236394704621304e-26 1.925768375558449746e-26 1.150577674241035291e-26 6.874289768113756230e-27 4.107142079354027485e-27 2.453870382426872998e-27 1.466099720291496851e-27 8.759421055188097059e-28 5.233440546388271206e-28
9.684289268461720415e-05 1.813113650182538112e-03 3.129442312102363993e-03 4.024168028744081610e-03 4.420987703546938943e-03 4.274829859955571118e-03 3.672658420504927839e-03 2.844029505352182064e-03 2.036947331512183046e-03 1.395401658570495119e-03 9.481811339722850691e-04 6.623397598739557118e-04 4.891569360015511451e-04 3.845353891586326500e-04 3.143592412065333202e-04 2.559072288510890543e-04 1.991719361178079662e-04 1.452738248068219525e-04 9.973152379154672767e-05 6.574285257260875225e-05 4.269679223393067844e-05 2.806043498259985173e-05 1.914755753287751932e-05 1.381893024893406175e-05 1.054579867947982963e-05 8.297319320833079716e-06 6.462532202774435540e-06 4.810929868299875390e-06 3.377148971439919381e-06 2.255379443285761501e-06 1.463647980536541200e-06 9.461069090548853034e-07 6.246477794821477916e-07 4.310311698502309940e-07 3.149650724035397159e-07 2.418414674144542548e-07 1.891999410250986164e-07 1.448842312759937808e-07 1.055068365361837475e-07 7.261817525493837011e-08 4.787307301763151494e-08 3.091259921136667084e-08 2.003828141766075031e-08 1.336320818189123512e-08 9.361514998256386617e-09 6.944661636044245449e-09 5.376077390614240815e-09 4.192161757408951557e-09 3.166825874146913167e-09 2.264980095621812221e-09 1.534843831046306492e-09 1.002611719432924392e-09 6.463414563194228000e-10 4.214085763965570037e-10 2.845532726804876701e-10 2.026031671820679874e-10 1.524127288938573329e-10 1.185904887459394806e-10 9.189424884621959788e-11 6.842975735324641926e-11 4.816564992736460767e-11 3.223727006640819621e-11 2.092581633834796806e-11 1.349569835463093208e-11 8.863058778238873853e-12 6.064544142923555383e-12 4.387645539215538298e-12 3.342531921529733171e-12 2.608581048801209687e-12 2.004462460579963075e-12 1.469519122994956486e-12 1.018172501986852815e-12 6.741739732295470421e-13 4.358780987122825126e-13 2.819109089577787901e-13 1.868714979720501768e-13 1.297028279668519521e-13 9.525673816161270595e-14 7.325950647815469238e-14 5.714477310722532111e-14 4.346911680076386781e-14 3.139378686331052958e-14 2.144823499446386107e-14 1.407297368177978825e-14 9.074897810807529696e-15 5.893995382684343747e-15 3.948947491604711959e-15 2.782865448212864242e-15 2.074135692595982089e-15 1.607213676148675617e-15 1.249061482163723936e-15 9.379496977627623115e-16 6.668223018787188245e-16 4.498748295447366072e-16 2.931942755263768135e-16 1.889799049393749138e-16 1.234468403662974208e-16 8.364711835841410785e-17 5.978868962229277780e-17 4.508855580832269945e-17 3.505843708868810352e-17 2.703549652448607620e-17 1.995389651804463466e-17 1.387033534303518388e-17 9.124732051527396163e-18 5.767068277024890504e-18 3.554160107012858505e-18 2.158613862230662480e-18 1.300486300170206870e-18 7.801021296266392764e-19 4.668783855955811647e-19 2.790874987546169100e-19 1.667292419576299185e-19 9.957413345481171732e-20 5.945790931220218185e-20 3.550047317538240918e-20 2.119519868099171664e-20 1.265404162547792553e-20 7.554659340825971672e-21 4.510217476257278732e-21 2.692642589433213895e-21 1.607530964489901471e-21 9.597093206852609366e-22 5.729542095082572885e-22 3.420581817978876744e-22 2.042113813919125160e-22 1.219157541928102048e-22 7.278462951441316572e-23 4.345297418914655342e-23 2.594175426229451364e-23 1.548742374533996209e-23 9.246109368702906118e-24 5.519997407529726560e-24 3.295480309098822587e-24 1.967426724910622257e-24 1.174568662700838178e-24 7.012263895798677568e-25 4.186374662825597464e-25 2.499297386096455294e-25 1.492099473151808920e-25 8.907946893511623595e-26 5.318111781712156380e-26 3.174953024393510478e-26 1.895471009541644036e-26 1.131610552726720000e-26 6.755800727290329350e-27 4.033264213640217956e-27 2.407889290443006757e-27 1.437528147990957656e-27 8.582151945586077342e-28
9.654692235432146689e-05 1.806874556364347151e-03 3.117557136629351029e-03 4.007571064689643102e-03 4.401389109872531555e-03 4.254498610666325453e-03 3.653824448497885059e-03 2.828263497568042888e-03 2.024897765022144486e-03 1.386947287029290012e-03 9.428031886909177955e-04 6.594536099020329063e-04 4.883018053389773759e-04 3.854319174531396536e-04 3.168053029272885866e-04 2.595384337657752187e-04 2.033047393122886794e-04 1.491093706760081153e-04 1.027653684212364535e-04 6.789777923098819700e-05 4.414543248250935725e-05 2.902871816672750351e-05 1.982354539475037817e-05 1.433532106909895619e-05 1.098720476956733193e-05 8.707548064251478080e-06 6.848110650428220058e-06 5.151063266937289448e-06 3.647893540061493864e-06 2.450716408753041417e-06 1.595274917287369440e-06 1.031976648583739344e-06 6.808336339732348602e-07 4.692748881815210291e-07 3.430214598950357956e-07 2.644142134278852640e-07 2.086533875283817035e-07 1.617726137994747748e-07 1.193711517659232518e-07 8.305996575737858221e-08 5.513895505010426580e-08 3.571078852022678451e-08 2.314024357274080784e-08 1.538835965522980464e-08 1.074054204566827893e-08 7.954071342623593760e-09 6.179622664386673689e-09 4.869412983976864437e-09 3.735864618829750225e-09 2.715220314297453084e-09 1.863077196965752702e-09 1.225848292130605803e-09 7.919272651266393779e-10 5.151704425394597690e-10 3.459646516649659868e-10 2.447773967855182938e-10 1.835780003197247810e-10 1.434598549225560311e-10 1.126113180592662090e-10 8.542059814585221782e-11 6.124134381298065477e-11 4.155214680948452377e-11 2.716564633009744698e-11 1.753482711568493845e-11 1.146235776731938080e-11 7.775812452095611155e-12 5.574753523665196927e-12 4.230122376461617551e-12 3.321551728129036753e-12 2.594973624999092314e-12 1.944713349362956237e-12 1.375030336876634026e-12 9.231985063628690472e-13 6.006023354084426422e-13 3.880365624332270924e-13 2.553141754618662576e-13 1.751465534903858768e-13 1.272001162793012472e-13 9.744962752169030318e-14 7.666338335786055393e-14 5.950535998561496938e-14 4.407360723690450586e-14 3.078292981327737971e-14 2.048195523829605067e-14 1.327187434369459066e-14 8.588455669298093578e-15 5.691643374892386466e-15 3.950644273623650572e-15 2.906902469856306138e-15 2.247152135170011605e-15 1.768419720559269743e-15 1.360816936348822037e-15 9.946980634507581634e-16 6.864369262528924856e-16 4.533158084192423601e-16 2.930891802586701981e-16 1.902294444779632231e-16 1.270576158098301576e-16 8.918293197677145446e-17 6.633485493465710909e-17 5.156375526094422528e-17 4.045122635271276905e-17 3.075961256702237601e-17 2.208075185585587099e-17 1.490873348066660279e-17 9.586915569723839677e-18 5.968151549937673394e-18 3.644232468434715947e-18 2.201182366600219693e-18 1.321725345654647230e-18 7.911510763014498941e-19 4.727816233632039622e-19 2.822872251079780217e-19 1.684737068142933608e-19 1.005253132974078521e-19 5.997463015959622850e-20 3.577932223360181190e-20 2.134427108509605745e-20 1.273274645469653474e-20 7.595535286642824424e-21 4.530983463722505453e-21 2.702872686987186367e-21 1.612346246798156766e-21 9.618134814512039988e-22 5.737507932488530835e-22 3.422596050722868584e-22 2.041681105993913476e-22 1.217923794971190519e-22 7.265278870465609847e-23 4.333955529793343607e-23 2.585333737980901190e-23 1.542228706006180659e-23 9.199854444399311553e-24 5.487987731571642801e-24 3.273748461748310584e-24 1.952888651239081476e-24 1.164956353366435571e-24 6.949312243260775334e-25 4.145472099302843156e-25 2.472897796262123757e-25 1.475157320761275760e-25 8.799753572178652427e-26 5.249315571228439578e-26 3.131373367223095790e-26 1.867957647641195745e-26 1.114292472660823853e-26 6.647087077524600924e-27 3.965185774739777226e-27 2.365351626618292600e-27 1.411002821799042791e-27
9.623923585703720001e-05 1.800388413576686124e-03 3.105200837125719239e-03 3.990314728910924688e-03 4.381009713619992037e-03 4.233355549625567558e-03 3.634238892831198435e-03 2.811872412130683296e-03 2.012374238157737388e-03 1.378163301884647880e-03 9.372169505739187797e-04 6.564498698376254604e-04 4.873998084617026539e-04 3.863416690795443251e-04 3.193184470826879499e-04 2.632952090935122315e-04 2.076136365630289790e-04 1.531360960841447695e-04 1.059672755196048086e-04 7.017909965833462433e-05 4.568028461291735026e-05 3.005356526124811607e-05 2.053741175793487054e-05 1.487911372689798834e-05 1.145119184167413583e-05 9.139945732400231351e-06 7.258131832204236027e-06 5.517449325723055266e-06 3.943402859707522077e-06 2.666069749325858696e-06 1.741214424458799386e-06 1.127356433856179245e-06 7.431551306296641840e-07 5.115135032311069648e-07 3.738230427560301281e-07 2.890970650758172396e-07 2.299856102795386010e-07 1.805064347637649775e-07 1.350157635278231912e-07 9.504206188773434405e-08 6.357967127141335305e-08 4.132274644554909490e-08 2.677492849512684268e-08 1.775516685231682727e-08 1.234163276508296696e-08 9.115594729652851871e-09 7.098236497559466682e-09 5.645642292855071811e-09 4.397580162712828895e-09 3.250165402454295685e-09 2.261049148505401991e-09 1.500343752936145586e-09 9.722048565586781726e-10 6.313684090146560563e-10 4.217016902724388961e-10 2.962768854187816547e-10 2.211759719077492576e-10 1.732352414547546912e-10 1.375248001370890426e-10 1.062221166438895407e-10 7.765097361401973347e-11 5.350895460630867585e-11 3.529822754292612239e-11 2.283657018431998331e-11 1.487300784275590341e-11 1.000486967665184593e-11 7.100164182450976686e-12 5.352560208928996355e-12 4.214967129588532940e-12 3.340171045299814855e-12 2.558404268145122081e-12 1.849492146235896505e-12 1.262487815250329447e-12 8.284865391066051332e-13 5.357389106856547294e-13 3.503413575460269018e-13 2.375823541751522647e-13 1.703373854749457054e-13 1.295250641967047609e-13 1.023209642432661773e-13 8.079527769023172641e-14 6.136899620021129381e-14 4.393626218437937171e-14 2.975416827192345271e-14 1.943933432784178887e-14 1.256755857026253735e-14 8.252584742854257729e-15 5.642038407976385568e-15 4.086833088888322642e-15 3.134767088317711902e-15 2.483837755346756587e-15 1.952622553863647146e-15 1.468751548308841540e-15 1.040618331391782011e-15 6.994950656124238097e-16 4.555269965152800947e-16 2.947678327977504716e-16 1.944937330731583780e-16 1.340248796882350118e-16 9.793000915065066440e-17 7.555347467054003836e-17 5.985003859091140158e-17 4.671195446523933169e-17 3.467887927023910104e-17 2.414368233633747364e-17 1.587171257284118126e-17 1.001526743390783345e-17 6.161200220710407598e-18 3.735450866943527456e-18 2.246694287646533830e-18 1.345471399512723839e-18 8.039209373008035689e-19 4.797713902183487224e-19 2.861466077216949810e-19 1.706108644526061824e-19 1.017079938742182429e-19 6.062712087966604291e-20 3.613756794416897706e-20 2.153970856140514920e-20 1.283850756385862128e-20 7.652193783421523286e-21 4.560954904073413756e-21 2.718472238976555703e-21 1.620293766311031881e-21 9.657451108495099318e-22 5.756138111440380346e-22 3.430834953874640360e-22 2.044882629665093057e-22 1.218812497711694091e-22 7.264494264666056231e-23 4.329860078818906860e-23 2.580728629992345360e-23 1.538192971196934221e-23 9.168099323552657137e-24 5.464466885827134699e-24 3.256988967331952370e-24 1.941264780718537060e-24 1.157053025075148884e-24 6.896388955841054629e-25 4.110458168303765689e-25 2.449958444514625641e-25 1.460249961680842324e-25 8.703535178426922396e-26 5.187572443650284462e-26 3.091951410278988679e-26 1.842897352572645273e-26 1.098423034454457916e-26 6.546936326969027597e-27 3.902173746633701003e-27 2.325814577542838080e-27
9.591972125103101422e-05 1.793652855258024521e-03 3.092368857660117692e-03 3.972392500687650999e-03 4.359841637911021466e-03 4.211392189663873582e-03 3.613894365341941903e-03 2.794850338778565729e-03 1.999372437273808437e-03 1.369048344782784667e-03 9.314203612396790895e-04 6.533269278916627827e-04 4.864513734561171001e-04 3.872610914002845486e-04 3.218957336802755437e-04 2.671777741286324062e-04 2.120993933734599622e-04 1.573588275761825706e-04 1.093443420506371247e-04 7.259258103244813293e-05 4.730540733371306673e-05 3.113777803395888417e-05 2.129082261703981534e-05 1.545116219250061219e-05 1.193850012649713121e-05 9.595144300082942331e-06 7.693342053858743678e-06 5.911518996591621963e-06 4.265616557337567300e-06 2.903366652710423648e-06 1.903033915000398028e-06 1.233348863536813927e-06 8.123225715447597834e-07 5.581928034942155089e-07 4.076520445761216125e-07 3.160726426948121789e-07 2.533373457178125867e-07 2.012353609229087002e-07 1.526251901983951071e-07 1.087687794790480646e-07 7.337991049040755591e-08 4.788909779388709651e-08 3.103835051511170036e-08 2.052549346298279108e-08 1.420379673983021628e-08 1.045403553201421267e-08 8.148431577846746463e-09 6.533318116288079772e-09 5.163887165450058349e-09 3.883036874082608414e-09 2.742213966571055832e-09 1.837550096462594328e-09 1.195583472117679842e-09 7.756321758946500222e-10 5.153550084915247612e-10 3.593536298156460956e-10 2.666362082445858863e-10 2.088775455199847370e-10 1.673783827952946654e-10 1.315371576693848463e-10 9.812061565671119208e-11 6.879442690545852160e-11 4.588126888287699278e-11 2.980023559096776623e-11 1.935927648402152728e-11 1.291977352861841597e-11 9.069571297768777676e-12 6.777375172691527114e-12 5.334378942569681657e-12 4.275232087908461366e-12 3.343733361590771243e-12 2.474954603196538807e-12 1.722285657032883275e-12 1.143176826155266744e-12 7.415442133479269698e-13 4.827437182873352721e-13 3.238307778099127373e-13 2.289590379873017879e-13 1.722478809666177235e-13 1.360232737857337043e-13 1.088495186284780834e-13 8.468351753065940053e-14 6.226428557067214844e-14 4.307375610691909460e-14 2.848038856757447357e-14 1.845291427511186317e-14 1.203463512367129273e-14 8.111101452544272191e-15 5.773747999135587480e-15 4.373092600946150061e-15 3.466855205867238347e-15 2.771286532474072850e-15 2.143550698707398322e-15 1.563900866253927613e-15 1.074996690768271359e-15 7.083575521276913606e-16 4.587847772603962794e-16 2.999305238780157352e-16 2.031129042799394316e-16 1.454358023241869340e-16 1.106622571699052912e-16 8.780401276457394803e-17 6.991131834697359659e-17 5.362127965904443173e-17 3.863454301746264196e-17 2.610142696888568918e-17 1.676795381338277770e-17 1.042192526752336209e-17 6.352650587796815633e-18 3.830458099533266936e-18 2.296118632973236739e-18 1.372066750076985062e-18 8.185335914668461008e-19 4.878907541550293897e-19 2.906807248615710634e-19 1.731458576504485583e-19 1.031235919469488692e-19 6.141547876161283518e-20 3.657491768724479697e-20 2.178114945112181606e-20 1.297100718263884186e-20 7.724389471234231788e-21 4.599953551708736350e-21 2.739316664186104408e-21 1.631288807083697122e-21 9.714476789676552419e-22 5.785060877247718810e-22 3.445056939607296358e-22 2.051562863124392550e-22 1.221724313058789677e-22 7.275478848693951094e-23 4.332613416616144186e-23 2.580110454269369464e-23 1.536479113849642405e-23 9.149872184017513179e-24 5.448831718041754300e-24 3.244828617852443369e-24 1.932324815153972756e-24 1.150716916155137962e-24 6.852623367862902466e-25 4.080799224897950819e-25 2.430152865858539313e-25 1.447178022120421812e-25 8.618076079383197291e-26 5.132142295043449145e-26 3.056237180397781335e-26 1.820016897758098142e-26 1.083836532503549932e-26 6.454344631769726899e-27 3.843620634950487628e-27
9.558826077635994506e-05 1.786665392168546550e-03 3.079056400909553973e-03 3.953797554913106131e-03 4.337876601381654602e-03 4.188599691187407104e-03 3.592783226376254115e-03 2.777190756083467663e-03 1.985888535028770743e-03 1.359600548241037508e-03 9.254107214973967578e-04 6.500852296093834887e-04 4.854546877887185204e-04 3.881866214903318540e-04 3.245368347272203392e-04 2.711834159978216753e-04 2.167629074804313858e-04 1.617836860354422192e-04 1.129031522312655162e-04 7.514431464976399145e-05 4.902546445395032843e-05 3.228414895105965484e-05 2.208541417567696290e-05 1.605266221540672860e-05 1.244973635093275727e-05 1.007366197164641659e-05 8.154636795717328052e-06 6.334650076633073536e-06 4.616532746172249830e-06 3.164731116903303214e-06 2.082466442387475218e-06 1.351184127149855370e-06 8.891429239239893267e-07 6.098158254632938685e-07 4.448220737100917918e-07 3.455455333385656494e-07 2.788585962133971259e-07 2.241122509015195019e-07 1.723933690024666285e-07 1.244642680234248696e-07 8.475009910826885279e-08 5.557426645630836550e-08 3.604433865135676607e-08 2.377307593825992888e-08 1.637352332327644900e-08 1.199880851995099314e-08 9.349532425755453736e-09 7.546562184799302986e-09 6.047730990992423409e-09 4.628297541848217654e-09 3.321991254210888234e-09 2.251199641287473423e-09 1.472454201238324648e-09 9.550329161774606014e-10 6.314667363947991096e-10 4.368571887017161155e-10 3.217528123585375543e-10 2.515659782754583641e-10 2.030466911331272188e-10 1.621631337455794305e-10 1.234871518577201417e-10 8.823914196387452124e-11 5.962085563823160245e-11 3.894767847766264615e-11 2.527261028254820953e-11 1.674553678522411061e-11 1.162456846717372832e-11 8.594357350999492098e-12 6.738947583021574994e-12 5.443669283679449004e-12 4.339768060767203926e-12 3.291488629749237047e-12 2.341114440411893905e-12 1.576411425676743156e-12 1.028379937473993965e-12 6.677694466914284826e-13 4.435960793315136113e-13 3.091491939220775886e-13 2.294840358265410262e-13 1.803555991470671410e-13 1.456119020475383948e-13 1.157585989360674907e-13 8.748657352692332074e-14 6.203163537896432738e-14 4.167621755860630193e-14 2.715867402534738837e-14 1.764160788425003103e-14 1.174132949922209116e-14 8.208444375194285912e-15 6.115231953890017700e-15 4.819676183839211048e-15 3.893964314827128907e-15 3.089068103567229673e-15 2.324910608378536675e-15 1.641563698618467423e-15 1.099977302855066166e-15 7.162439880108817550e-16 4.656201440616755265e-16 3.105315696786176260e-16 2.177007543189934195e-16 1.625585599386765769e-16 1.281603611296302585e-16 1.032993712014409147e-16 8.154685323220648142e-17 6.091095887677661598e-17 4.250705824749715550e-17 2.794599408965645975e-17 1.761498347241614901e-17 1.081917643214479351e-17 6.548109896764610971e-18 3.931443085204506159e-18 2.350280636619444416e-18 1.401825186679339350e-18 8.351116840850863960e-19 4.971907040880443001e-19 2.959116696574052591e-19 1.760884358096776917e-19 1.047764749332064810e-19 6.234160842516996943e-20 3.709214430884331410e-20 2.206886386805210678e-20 1.313030035450511320e-20 7.812095284611827943e-21 4.647929445102764633e-21 2.765356791260554259e-21 1.645290932991040436e-21 9.788907107645333962e-22 5.824057964523801998e-22 3.465110888152191651e-22 2.061619677483246199e-22 1.226591454310296969e-22 7.297788964612949248e-23 4.341928416961026759e-23 2.583295089622367294e-23 1.536969967035131759e-23 9.144432259697073475e-24 5.440616504390401606e-24 3.236976024620032466e-24 1.925887214330116472e-24 1.145835349187048651e-24 6.817318460426466713e-25 4.056065384189068594e-25 2.413216646149534736e-25 1.435779266761124178e-25 8.542383078470448064e-26 5.082418331180059646e-26 3.023860654855264104e-26 1.799091036447505563e-26 1.070396068567760221e-26 6.368481193334136426e-27
9.524473061198672041e-05 1.779423407332334992e-03 3.065258467655910916e-03 3.934522729240707943e-03 4.315105856349804939e-03 4.164968897515065535e-03 3.570897356126513655e-03 2.758886806703533291e-03 1.971919139076793413e-03 1.349816756558248551e-03 9.191867062185668123e-04 6.467248853800658089e-04 4.844060604062528047e-04 3.891182726476354091e-04 3.272385291222257298e-04 2.753090367868062430e-04 2.216070628910109968e-04 1.664151975272262090e-04 1.166508745713526783e-04 7.784114389569466493e-05 5.084503170495217265e-05 3.349572785115933164e-05 2.292315126000182872e-05 1.668455028345435404e-05 1.298567384342099159e-05 1.057610701918736072e-05 8.642698067825884377e-06 6.788299922477771699e-06 4.998242310311223850e-06 3.452430890956917054e-06 2.281446281101529121e-06 1.482242514512858787e-06 9.745214280307281972e-07 6.669549263616526830e-07 4.856859683012491622e-07 3.777410828670061434e-07 3.067115615192548833e-07 2.492935117465194733e-07 1.945212869470983264e-07 1.423723856430221961e-07 9.792885776515763121e-08 6.457003785713658492e-08 4.192780436078306324e-08 2.758590665343480513e-08 1.890631513683529256e-08 1.378487289674591601e-08 1.072424422602275039e-08 8.701494834747214056e-09 7.063217110337881448e-09 5.501607394436277308e-09 4.017827282146727097e-09 2.757616697056770218e-09 1.815603427180082142e-09 1.178442347668321618e-09 7.757883163247857993e-10 5.324024337769433945e-10 3.887891813032532738e-10 3.027616986434335365e-10 2.455681432532326388e-10 1.990043601481040981e-10 1.547023087723551145e-10 1.128314874974169949e-10 7.740161253140887104e-11 5.095723752738359693e-11 3.307944552149759391e-11 2.178391544343564141e-11 1.495525168704978462e-11 1.092329983057247710e-11 8.506532984491376709e-12 6.900248546258804036e-12 5.592716371275715774e-12 4.346362659658609547e-12 3.166915635709877662e-12 2.170125530605543714e-12 1.427837589358272276e-12 9.269123980853463897e-13 6.107035187652639911e-13 4.195871824010383023e-13 3.066903956849147506e-13 2.388745515204446746e-13 1.936284806246829464e-13 1.567565434906455106e-13 1.217400061562298312e-13 8.871318005708889501e-14 6.081139590851247773e-14 4.001598671258395594e-14 2.597554314639367767e-14 1.711212942729303244e-14 1.175520292238736689e-14 8.590950221863919421e-15 6.691730905044028110e-15 5.426615020968746358e-15 4.394971238801535174e-15 3.412248790396740238e-15 2.484457764063367060e-15 1.701886622051999727e-15 1.119685576909014070e-15 7.268857050153890477e-16 4.788865150705086972e-16 3.289115821395187830e-16 2.402021924941593112e-16 1.868028451405084323e-16 1.511121935674518955e-16 1.220248697836158674e-16 9.440714492629323594e-17 6.832461082457133394e-17 4.623232630311661941e-17 2.969398987064493488e-17 1.843418225270957534e-17 1.121833888550551021e-17 6.752352897753649800e-18 4.040289274790643657e-18 2.409918989961167344e-18 1.435050577340866727e-18 8.537881276857467228e-19 5.077323528149009599e-19 3.018689242442892619e-19 1.794531980365684191e-19 1.066739355277151162e-19 6.340916008235249948e-20 3.769105264585864106e-20 2.240372378432554875e-20 1.331679350914935357e-20 7.915489199462885888e-21 4.704952070556292669e-21 2.796613144114621174e-21 1.662300415107013503e-21 9.880675205296828101e-22 5.873050339243409530e-22 3.490927278028127724e-22 2.074998818395658200e-22 1.233374262336816013e-22 7.331146433702366075e-23 4.357615440426548380e-23 2.590155921152232102e-23 1.539582330203597193e-23 9.151239690249044174e-24 5.439474497943348360e-24 3.233210342608923158e-24 1.921812320620716104e-24 1.142320542112142207e-24 6.789925346198256706e-25 4.035915004830983823e-25 2.398938000233556693e-25 1.425922875488703687e-25 8.475650668625630042e-26 5.037906014039364824e-26 2.994519005003330854e-26 1.779934766994968247e-26 1.057988869054895132e-26
9.488900061503256680e-05 1.771924150616944289e-03 3.050969731713278239e-03 3.914560526434832446e-03 4.291520222271054050e-03 4.140490308334148287e-03 3.548228043441054198e-03 2.739931723020849492e-03 1.957460521105263817e-03 1.339693282929412844e-03 9.127486177857884646e-04 6.432432018936759793e-04 4.833047212242020979e-04 3.900548986598314756e-04 3.299956472346932774e-04 2.795549336956666274e-04 2.266317808693879012e-04 1.712586327559738710e-04 1.205954779912789157e-04 8.068964340808714342e-05 5.276930663041702342e-05 3.477581145355265166e-05 2.380582577470145646e-05 1.734814530052579949e-05 1.354693633045851261e-05 1.110302083748921354e-05 9.158338436696703374e-06 7.273784182593953198e-06 5.412941427063622250e-06 3.768924604467882287e-06 2.502097158351759448e-06 1.628079575751803625e-06 1.069479824799434740e-06 7.302543316810044892e-07 5.306448737445138900e-07 4.129096538787601228e-07 3.370706717396309022e-07 2.769399571343138488e-07 2.192150091950591948e-07 1.627556191021989978e-07 1.131852182175653895e-07 7.509951350944556838e-08 4.884855461098237426e-08 3.206909142105324893e-08 2.186856221362035420e-08 1.585387444250851775e-08 1.229933732125815443e-08 1.001665211459749573e-08 8.225802512417978055e-09 6.519780266970848635e-09 4.849189150921864689e-09 3.376011684232665251e-09 2.240681077117156879e-09 1.456971838612994832e-09 9.556062482398947096e-10 6.505840641386427190e-10 4.706151718196868830e-10 3.642899021541353342e-10 2.961911443758961267e-10 2.430921682033540772e-10 1.928327595840874213e-10 1.437278512716343883e-10 1.003180585016365731e-10 6.670386373935858862e-11 4.339765202417821962e-11 2.843960315442728986e-11 1.931734370865787882e-11 1.392498267118285090e-11 1.074009087301828834e-11 8.715167480638854358e-12 7.158192443304958870e-12 5.694459751251887985e-12 4.257921341509831590e-12 2.978698858135644404e-12 1.982972306829295323e-12 1.290364240949002255e-12 8.448544265282545615e-13 5.726951824512352988e-13 4.116387329676092153e-13 3.165414974538702096e-13 2.562971027576018768e-13 2.103887913205803209e-13 1.676388816039793476e-13 1.257796171650025466e-13 8.831725504393029257e-14 5.893760104853181672e-14 3.837636869137617601e-14 2.509855126188789613e-14 1.696676544848802760e-14 1.214735885721655759e-14 9.305086451178048343e-15 7.519644546556921935e-15 6.178527073802848722e-15 4.937684864023004556e-15 3.717011173565042895e-15 2.616723159141130324e-15 1.749101767795859759e-15 1.139438705021721945e-15 7.444655175823938240e-16 5.019454339638178249e-16 3.579272328587369476e-16 2.729111715422909784e-16 2.196278233715936578e-16 1.799749280984108209e-16 1.436950331747463623e-16 1.080621451863752254e-16 7.566862169564148493e-17 4.980064848523860522e-17 3.137684236365715702e-17 1.924715619490346657e-17 1.162948828289824032e-17 6.969517305436666462e-18 4.158670372800264916e-18 2.475738079177410714e-18 1.472056089489370974e-18 8.747111109254778920e-19 5.195892194879807525e-19 3.085900757680836652e-19 1.832597348409247830e-19 1.088262551949655807e-19 6.462353254735056008e-20 3.837446530103791944e-20 2.278719178740813946e-20 1.353123456492280484e-20 8.034946816037252290e-21 4.771205293760509635e-21 2.833172477566875163e-21 1.682355932831693501e-21 9.989937132429630536e-22 5.932088539070432041e-22 3.522511999207911972e-22 2.091689982494190608e-22 1.242058733343535817e-22 7.375423059522884651e-23 4.379572656055641413e-23 2.600617819684600468e-23 1.544263245492773432e-23 9.169932491478900089e-24 5.445163728635751676e-24 3.233372558011656839e-24 1.919997011772877623e-24 1.140106329357154314e-24 6.770023252468303230e-25 4.020082480105822925e-25 2.387150314710370345e-25 1.417504903638100428e-25 8.417233466420136600e-26 4.998206287190635937e-26 2.967966399180821004e-26 1.762397155735674268e-26
9.452093404074929611e-05 1.764164732923982713e-03 3.036184660108726726e-03 3.893903070191563707e-03 4.267110067612559822e-03 4.115154109422442669e-03 3.524765899204631778e-03 2.720319047081332011e-03 1.942507812068020902e-03 1.329227659133221193e-03 9.060956962893276182e-04 6.396374636151458144e-04 4.821519109544930982e-04 3.909912476257694828e-04 3.328077294603589385e-04 2.839178073387322297e-04 2.318375469911172055e-04 1.763201856536985158e-04 1.247440577396499858e-04 8.369747896148566134e-05 5.480361238712299602e-05 3.612776867999010393e-05 2.473567476894978750e-05 1.804448066967314032e-05 1.413438513299674814e-05 1.165491076699780850e-05 9.702217295644571527e-06 7.792505168712663495e-06 5.862824902471570267e-06 4.116868528547999505e-06 2.746769186221566385e-06 1.790432619786755644e-06 1.175176795904499037e-06 8.004415826721415623e-07 5.801516360296055706e-07 4.513332419362558076e-07 3.701243472844833483e-07 3.072167314469700956e-07 2.466838620368542608e-07 1.858932681040896307e-07 1.308203608363059219e-07 8.742138026893780585e-08 5.699572697851509396e-08 3.734827487080976359e-08 2.533982926614416997e-08 1.825554968683542903e-08 1.410648330582097181e-08 1.151348552783105701e-08 9.552560763459260242e-09 7.700759779538116037e-09 5.837485944642104489e-09 4.128729706068239137e-09 2.766713794402011182e-09 1.804505062336616406e-09 1.180149938664510330e-09 7.972536323024001094e-10 5.708830271086972386e-10 4.384461402518252534e-10 3.564418800307805395e-10 2.956100910525292340e-10 2.390624213667401612e-10 1.822570819134494380e-10 1.297020365653484685e-10 8.730707134833573630e-11 5.704222664920970835e-11 3.725522678072104358e-11 2.505594526256929917e-11 1.781551244303892506e-11 1.357697783655500808e-11 1.097963536628235565e-11 9.104348240827603280e-12 7.399436065228373231e-12 5.683034697597926224e-12 4.071040591907422195e-12 2.751672942947260000e-12 1.800258766703077699e-12 1.174099051764433471e-12 7.862955876255229104e-13 5.554656351632561295e-13 4.203712405300397912e-13 3.382469103115556906e-13 2.801148073069989958e-13 2.283561099533019128e-13 1.765355150760474322e-13 1.274201812567833505e-13 8.662484150506642151e-14 5.681752558514118176e-14 3.701930581987316220e-14 2.468358842502968514e-14 1.731153776316947753e-14 1.299329629967214291e-14 1.039227998960133191e-14 8.598733569946774122e-15 7.041702676762260368e-15 5.484183936163097294e-15 3.986511816889120546e-15 2.723527477829259856e-15 1.790198861089906387e-15 1.165353400686005348e-15 7.738112653092542953e-16 5.388876007342161203e-16 4.010667205782676097e-16 3.184226526562844593e-16 2.623769315508611422e-16 2.148466190409788862e-16 1.677753411568304857e-16 1.220960364611709407e-16 8.284106240002631357e-17 5.324313379406252835e-17 3.303240674019113031e-17 2.007425774664471088e-17 1.206151106372588581e-17 7.203301834193113302e-18 4.288158239421873690e-18 2.548444648463041208e-18 1.513178959720660503e-18 8.980496688789376274e-19 5.328490179912776904e-19 3.161215990980827959e-19 1.875329253049168034e-19 1.112468150266013989e-19 6.599191961941431636e-20 3.914623847047888279e-20 2.322132476630702440e-20 1.377471252172607266e-20 8.171039635168256663e-21 4.846985461486439861e-21 2.875186243906425308e-21 1.705533379354324597e-21 1.011706342543554300e-21 6.001346845522430561e-22 3.559942412909587752e-22 2.111724229991337054e-22 1.252654831528851143e-22 7.430629749372442227e-23 4.407779103536643110e-23 2.614652765479498281e-23 1.550987231099632129e-23 9.200309255548967621e-24 5.457536266833607934e-24 3.237358797949269175e-24 1.920370561992284550e-24 1.139145618299200184e-24 6.757303844842652249e-25 4.008368597946074386e-25 2.377726260995427139e-25 1.410444682203274257e-25 8.366624178341916895e-26 4.963002164784358243e-26 2.944005846603481773e-26
9.414038724167250152e-05 1.756142119009275991e-03 3.020897448981503704e-03 3.872542094130768803e-03 4.241865285213759773e-03 4.088949986371828542e-03 3.500501117084311910e-03 2.700042335941711669e-03 1.927055276383829886e-03 1.318418843307779314e-03 8.992246564324945244e-04 6.359085792911388455e-04 4.809446593174472313e-04 3.919257543115404205e-04 3.356723313048567254e-04 2.883935393990201481e-04 2.372267853012388541e-04 1.816037570274107180e-04 1.291054329748861872e-04 8.687212144913761638e-05 5.695369608834673471e-05 3.755540426450819673e-05 2.571472530647368935e-05 1.877501619106717627e-05 1.474861986849156645e-05 1.223240617840688005e-05 1.027495105965198531e-05 8.345747702973341673e-06 6.350196185218671532e-06 4.499071080827620606e-06 3.018064385140269330e-06 1.971247924775929256e-06 1.292919685276397526e-06 8.783433902265015642e-07 6.347170024693393537e-07 4.933298813895019361e-07 4.060788075955135090e-07 3.402935274502410723e-07 2.771383305843165027e-07 2.120788874987265306e-07 1.511686773949287029e-07 1.018343781925678768e-07 6.659290223730786864e-08 4.357374154843470606e-08 2.941564654742680240e-08 2.104945692728722312e-08 1.618328272449147047e-08 1.321696202919665622e-08 1.106253138938039296e-08 9.063629075597832973e-09 7.005929604228709313e-09 5.041411215060711335e-09 3.416650687850391429e-09 2.238331175305278063e-09 1.461101909573751844e-09 9.798767686821857019e-10 6.942486844476276993e-10 5.281438888845632368e-10 4.282063438379557541e-10 3.579371556737557207e-10 2.947016152284482431e-10 2.299113198705348057e-10 1.671479362201968330e-10 1.141820348694208860e-10 7.508280738076987248e-11 4.895786048099813041e-11 3.263710988764217893e-11 2.288706111983591170e-11 1.720096319535754219e-11 1.381363451494790790e-11 1.151660925288658741e-11 9.535540797892461370e-12 7.522118438857568749e-12 5.532133749043372811e-12 3.810392075381085773e-12 2.514881121139301428e-12 1.638255548605097812e-12 1.085991336089491321e-12 7.542031278985794473e-13 5.603858454148492352e-13 4.459161260017225042e-13 3.704593739137729267e-13 3.077528234338065562e-13 2.449811045459107653e-13 1.822732123483961321e-13 1.268096814236476063e-13 8.417058483515903026e-14 5.485294695735140325e-14 3.618473600480074506e-14 2.488737451159012539e-14 1.826129812278973312e-14 1.436975702488985447e-14 1.187953556625224388e-14 9.904758706841975895e-15 7.966125762863798498e-15 5.999479688331564977e-15 4.214636601706346379e-15 2.812527249414881426e-15 1.833915468158377056e-15 1.204399510805594712e-15 8.207160395841769960e-16 5.947823490269958303e-16 4.624988429746376217e-16 3.794971113373270808e-16 3.160641267375075088e-16 2.553816981833140381e-16 1.935881913847375031e-16 1.361940036598120662e-16 8.982976337855253204e-17 5.661614417487698310e-17 3.469966524330231127e-17 2.093409640806685535e-17 1.252241436881495862e-17 7.457153196307990532e-18 4.430307967481130659e-18 2.628781342486025692e-18 1.558792793924510151e-18 9.239986184970597477e-19 5.476157239923791509e-19 3.245197200244853349e-19 1.923033431120560575e-19 1.139522850375739090e-19 6.752339643076843740e-20 4.001130510677750473e-20 2.370879233185333910e-20 1.404866617085153020e-20 8.324538277120351932e-21 4.932702578757498596e-21 2.922870710668706902e-21 1.731945686020431235e-21 1.026263644399066110e-21 6.081120747833949886e-22 3.603365416393049383e-22 2.135172526355875327e-22 1.265195467051330514e-22 7.496909581987286432e-23 4.442290080659712466e-23 2.632276798940690771e-23 1.559754325336826441e-23 9.242316632553004882e-24 5.476530222061603751e-24 3.245115317348237525e-24 1.922891501841129067e-24 1.139408422461418470e-24 6.751559046421179259e-25 4.000633018239831410e-25 2.370573141094350876e-25 1.404681957133107152e-25 8.323436080960098157e-26 4.932047984934444701e-26
9.374720934422905386e-05 1.747853124338340138e-03 3.005101918434783127e-03 3.850468934008912866e-03 4.215775408231690370e-03 4.061867065862067791e-03 3.475423733254052582e-03 2.679094405615937893e-03 1.911097717629783128e-03 1.307264923776194250e-03 8.921329350629411551e-04 6.320572707586752425e-04 4.796791591149709272e-04 3.928592704151211905e-04 3.385829198932912383e-04 2.929824960681338443e-04 2.427974544604165916e-04 1.871159144231176433e-04 1.336873834839554561e-04 9.022189532981366789e-05 5.922569555065450368e-05 3.906253749374959485e-05 2.674547858503855834e-05 1.954091469443742360e-05 1.539059244309679499e-05 1.283588331832018274e-05 1.087722967476729547e-05 8.934698908994778406e-06 6.877378443880856080e-06 4.918539732146796874e-06 3.318833349880219326e-06 2.172712673590205027e-06 1.424183492529124859e-06 9.648981642855220760e-07 6.949199020733707285e-07 5.392579639197689852e-07 4.451621724264716009e-07 3.763459018222093352e-07 3.107878903450579969e-07 2.416168135595042737e-07 1.745979187941040353e-07 1.186818154486706994e-07 7.790393004174246342e-08 5.092531079837152047e-08 3.421091048991568962e-08 2.430711827142964506e-08 1.857452861109559015e-08 1.515630392328436938e-08 1.277714706711033081e-08 1.062868880010334180e-08 8.379348374658448769e-09 6.143021860905067281e-09 4.217922003104824979e-09 2.779872580254514947e-09 1.813243400200577944e-09 1.207978391204202777e-09 8.466698336093291915e-10 6.370954309921362603e-10 5.138425650407388589e-10 4.317184632352586782e-10 3.611936513586502007e-10 2.883400592496028595e-10 2.145204062989631725e-10 1.490942552203168739e-10 9.891317402736620526e-11 6.451935822158114058e-11 4.269153250294776088e-11 2.953545388376297929e-11 2.185981003283472715e-11 1.737599929108096692e-11 1.450423180701145441e-11 1.219095432983412382e-11 9.866337107791850009e-12 7.463836896366821669e-12 5.257842535557857057e-12 3.513878464964018663e-12 2.293574283555635234e-12 1.508552098090224415e-12 1.031004281486365039e-12 7.510140166150181071e-13 5.884168042926474290e-13 4.875173571896365997e-13 4.106074399467795919e-13 3.358652718634352321e-13 2.580435042286173978e-13 1.845083299313421398e-13 1.245458144239283154e-13 8.154633216853328623e-14 5.341507746593025305e-14 3.610544868027204583e-14 2.587870463212398332e-14 1.994047545195708441e-14 1.634564031710454939e-14 1.376812288784128336e-14 1.138524854378133970e-14 8.894298610310843975e-15 6.460285596958254810e-15 4.406070819542208313e-15 2.895390704824301911e-15 1.890333929347768398e-15 1.264777741611394759e-15 8.923514190335230542e-16 6.758925009718720671e-16 5.470355290221312037e-16 4.588151412703326097e-16 3.811513250991865867e-16 3.008162385234268338e-16 2.204661274107599801e-16 1.501904963793673118e-16 9.669237130439112508e-17 5.998816250577808572e-17 3.641623678329150079e-17 2.184372813277409315e-17 1.301966487836783609e-17 7.734443327129753647e-18 4.586729111442983399e-18 2.717555405121606067e-18 1.609319329206630959e-18 9.527833920026061264e-19 5.640118975468794073e-19 3.338514390964407233e-19 1.976078065397453986e-19 1.169628747862810752e-19 6.922906044412256875e-20 4.097573963221573855e-20 2.425291242846603759e-20 1.435490063801606182e-20 8.496420989615687640e-21 5.028884153637139583e-21 2.976508762840781145e-21 1.761743561711025364e-21 1.042745288910578634e-21 6.171827622610702526e-22 3.652997191916196266e-22 2.162145319011090490e-22 1.279736070509752332e-22 7.574534277125583526e-23 4.483234499289011376e-23 2.653548168854545424e-23 1.570588802525257396e-23 9.296040758386511594e-24 5.502164150472616326e-24 3.256634853823851841e-24 1.927545286591731675e-24 1.140880385751568546e-24 6.752671713661628995e-25 3.996788431435298309e-25 2.365629254572400922e-25 1.400174632477445163e-25 8.287389062321321536e-26
9.334124190090795493e-05 1.739294403308710166e-03 2.988791729004663684e-03 3.827674490845950350e-03 4.188829446293592176e-03 4.033893741483479851e-03 3.449523836694798860e-03 2.657466910124548030e-03 1.894631281131870090e-03 1.295761649212160685e-03 8.848213013902171903e-04 6.280797969782627105e-04 4.783572678316220616e-04 3.937861157845890837e-04 3.415394998778655249e-04 2.976790134171704446e-04 2.485512625413481579e-04 1.928608728149831504e-04 1.384989173833626086e-04 9.375532083864025485e-05 6.162606711664707468e-05 4.065347345278988396e-05 2.783029972818402726e-05 2.034373072405040248e-05 1.606096723118814325e-05 1.346597186233821783e-05 1.150949332635308845e-05 9.560580994206058423e-06 7.446650155776774873e-06 5.378478084177239906e-06 3.652200331884459081e-06 2.397276112512839977e-06 1.570637456210330322e-06 1.061169729415302254e-06 7.614182508012332963e-07 5.895222970456796614e-07 4.876284662989864577e-07 4.155574644961823804e-07 3.478391984820150297e-07 2.748177866880454826e-07 2.015081010528851929e-07 1.383559069406439065e-07 9.123947337359306227e-08 5.961815656915306367e-08 3.986401892669454100e-08 2.811468032973393650e-08 2.133376078873681514e-08 1.736593196457757146e-08 1.472071349358057677e-08 1.241767848363199572e-08 9.983916415953806090e-09 7.465771893072577998e-09 5.202928174302150916e-09 3.455529350533740522e-09 2.255239401818882046e-09 1.493718994851600756e-09 1.035787174626356858e-09 7.700421089373593766e-10 6.163419453799062122e-10 5.189406663594143997e-10 4.401609562525585759e-10 3.593247496374148087e-10 2.739531951326898361e-10 1.942063693360401965e-10 1.303333513981526664e-10 8.523416578909447030e-11 5.607284215810406379e-11 3.829907200826866567e-11 2.788896391910823058e-11 2.187902975055564583e-11 1.820883963171284772e-11 1.547299095598028524e-11 1.281935504331814163e-11 9.984773821476631714e-12 7.218102089827404832e-12 4.904315978844267721e-12 3.218935458884995571e-12 2.106693608784251221e-12 1.419366690176601109e-12 1.013139370967794514e-12 7.788128820510177316e-13 6.397355323105653043e-13 5.430226147938164046e-13 4.547886645405547674e-13 3.609354765575565445e-13 2.662400784548195175e-13 1.836992342123829529e-13 1.214403265174288017e-13 7.932215363766290834e-14 5.285397312878961549e-14 3.702605174579281576e-14 2.784536642461479582e-14 2.247699277684886150e-14 1.896821622626530636e-14 1.602198262329816473e-14 1.296361580756979070e-14 9.774643953852153630e-15 6.859839254594650918e-15 4.574108408008813293e-15 2.986469044179513233e-15 1.971134196853937293e-15 1.356511428520352500e-15 9.977147350486507585e-16 7.898216088022740548e-16 6.599569060303025773e-16 5.586424437215439092e-16 4.573923314569853648e-16 3.501239040821020050e-16 2.478973863108011805e-16 1.640711799015119301e-16 1.035315947173758629e-16 6.343149496121750672e-17 3.821766322817748141e-17 2.281917921828280961e-17 1.356051608930070256e-17 8.038630088573933099e-18 4.759145918670267461e-18 2.815666933591384719e-18 1.665239047728803827e-18 9.846658276125874601e-19 5.821810271311867088e-19 3.441959461804576291e-19 2.034899911151414622e-19 1.203027074272416896e-19 7.112220320463286495e-20 4.204685775874959204e-20 2.485769989227823989e-20 1.469561373233489528e-20 8.687886806123366175e-21 5.136182012154304809e-21 3.036453251777912370e-21 1.795117131473546846e-21 1.061253166999635412e-21 6.274010142843131928e-22 3.709124697525961132e-22 2.192793046441547021e-22 1.296354705041403320e-22 7.663903809322729940e-23 4.530814051510314434e-23 2.678566493976686670e-23 1.583538497233070519e-23 9.361702181737479095e-24 5.534533456869132949e-24 3.271954180503492633e-24 1.934342659291360601e-24 1.143561710227146066e-24 6.760608720769457842e-25 3.996796134884887104e-25 2.362861097875072852e-25 1.396897009377891511e-25
9.292231851590928822e-05 1.730462443745371713e-03 2.971960134287431055e-03 3.804149199826000523e-03 4.161016038406634664e-03 4.005017780865855956e-03 3.422791364558697147e-03 2.635150925112833727e-03 1.877652154249474792e-03 1.283904894450022503e-03 8.772897384390895619e-04 6.239740962283030082e-04 4.769783127597669505e-04 3.947038885747095180e-04 3.445384730875148283e-04 3.024802344817023830e-04 2.544873909334677449e-04 1.988439158182038317e-04 1.435487949998338561e-04 9.748149675010975290e-05 6.416175995147272023e-05 4.233264856388951788e-05 2.897190478516675904e-05 2.118490911964307754e-05 1.676061036500291326e-05 1.412313264869136967e-05 1.217224124547776863e-05 1.022444355733209136e-05 8.060316300635489838e-06 5.882237515259239530e-06 4.021594474652457440e-06 2.647674914729406675e-06 1.734171923005456968e-06 1.168365594282049508e-06 8.349599473697758594e-07 6.445816080445887956e-07 5.337622002255495971e-07 4.581228436008310868e-07 3.884949459611002253e-07 3.119938279559461266e-07 2.323288424944525428e-07 1.613016311302133515e-07 1.069642299033807166e-07 6.990968704353630051e-08 4.654189549559347544e-08 3.257619910041995193e-08 2.452522017683593551e-08 1.988661543045829015e-08 1.692102394846670821e-08 1.445408985802904643e-08 1.184687784500728348e-08 9.044889782916331988e-09 6.409393976857601938e-09 4.297631096207982093e-09 2.810577699461702826e-09 1.852644580448463472e-09 1.271396937016534263e-09 9.330810215227760652e-10 7.395023514407363567e-10 6.220749961791962386e-10 5.334462838365448756e-10 4.447794786518815085e-10 3.478158045146120410e-10 2.521158583234224279e-10 1.716385245083869258e-10 1.128181790054711342e-10 7.393531316171541973e-11 4.991225070298867050e-11 3.574505017438581430e-11 2.760861289696545186e-11 2.281644367966132246e-11 1.951528078658855286e-11 1.650018210517372683e-11 1.322966332920825985e-11 9.842399789292753655e-12 6.827115628092268098e-12 4.523781882794191523e-12 2.955728070145450729e-12 1.967786543957600789e-12 1.377096836336268607e-12 1.035995894022850332e-12 8.390868843520792927e-13 7.131125508473662990e-13 6.084514321583603477e-13 4.981663108374707487e-13 3.801438775934092804e-13 2.694650618202995101e-13 1.808288051490416287e-13 1.183449760630931622e-13 7.803079364570583619e-14 5.352453143630688790e-14 3.921889471726084075e-14 3.099423127351145903e-14 2.598869821786879994e-14 2.224537906592515513e-14 1.856213479399019184e-14 1.455297826827414942e-14 1.057432426543733289e-14 7.207637656018020401e-15 4.738026219047757412e-15 3.102475054990086365e-15 2.090314242069320861e-15 1.492184530714151137e-15 1.148065882969392048e-15 9.455347584706828269e-16 8.066757901534810674e-16 6.804548107346148503e-16 5.438409786999749765e-16 4.022595766279296323e-16 2.756143414924039036e-16 1.779435997024149251e-16 1.104750414103939016e-16 6.701795650896195836e-17 4.013793985524030622e-17 2.387598254882604189e-17 1.415236329133644560e-17 8.373378326076307313e-18 4.949464944391278755e-18 2.924131159285206621e-18 1.727105123896671946e-18 1.019949361454414728e-18 6.022909090736675444e-19 3.556460502940952353e-19 2.100013294148658607e-19 1.240002362972876555e-19 7.321855737978830044e-20 4.323333864837542957e-20 2.552793450505303193e-20 1.507343093048174689e-20 8.900374251874215886e-21 5.255381938068548051e-21 3.103132030006790080e-21 1.832298494491660046e-21 1.081912679508425915e-21 6.388342700431230131e-22 3.772108732489255056e-22 2.227307580070494924e-22 1.315152700135791853e-22 7.765548947861889746e-23 4.585304052921965786e-23 2.707472888608705860e-23 1.598674670912255868e-23 9.439653937340721932e-24 5.573808614349908038e-24 3.291152697182342067e-24 1.943318620420343823e-24 1.147466437536739957e-24 6.775416085500307988e-25 4.000662818900614364e-25 2.362261266940983344e-25
9.249026444193075912e-05 1.721353558610766053e-03 2.954600075786188891e-03 3.779883020081619468e-03 4.132323325550668267e-03 3.975226383830047713e-03 3.395215540242141426e-03 2.612138087359486358e-03 1.860154592387758569e-03 1.271693487963035602e-03 8.695341500428042849e-04 6.197429790299458213e-04 4.755368073143780906e-04 3.956143334158953944e-04 3.475732046431775674e-04 3.073846338384187728e-04 2.606040436971513666e-04 2.050701880443025278e-04 1.488461356803157554e-04 1.014099335139000016e-04 6.684016747492976134e-05 4.410484012887353644e-05 3.017317413574330116e-05 2.206595971414845980e-05 1.749047061107559164e-05 1.480774270079741207e-05 1.286597042799252241e-05 1.092718622703805833e-05 8.720659573447372300e-06 6.433313783221070105e-06 4.430760657781935824e-06 2.926967785775292243e-06 1.916926321923185334e-06 1.287858723309510781e-06 9.163955433248507463e-07 7.049569021937405417e-07 5.838837424932889395e-07 5.042513654429617632e-07 4.329536262908698900e-07 3.534526667435237357e-07 2.675148031040662002e-07 1.880196619161750820e-07 1.255047464567821736e-07 8.210758649259418446e-08 5.444612604856660314e-08 3.781762781699221416e-08 2.822640458081487649e-08 2.276676290987865427e-08 1.941033255866222121e-08 1.676335431116096742e-08 1.399655895124371442e-08 1.091802357991712160e-08 7.880677116950081391e-09 5.345346861437620491e-09 3.508759470021121340e-09 2.304583540933980351e-09 1.566112747190967360e-09 1.134038246752076984e-09 8.882043743589380677e-10 7.442151063477551003e-10 6.432241460352378734e-10 5.467446639778501400e-10 4.386746362908843792e-10 3.258597663213097596e-10 2.257125676007000380e-10 1.495282946388319331e-10 9.783729463940507862e-11 6.537796138726700592e-11 4.605295604204412904e-11 3.495262080952008651e-11 2.857427285162253174e-11 2.448770802736527302e-11 2.104819187120140091e-11 1.734894671736397470e-11 1.330899887910259460e-11 9.462976572679466541e-12 6.357754229936676562e-12 4.162619396727110409e-12 2.746436486630937462e-12 1.887059735484755473e-12 1.387438400957548476e-12 1.102796309942727917e-12 9.320886763605951413e-13 8.051810032228100500e-13 6.779846864602811096e-13 5.359309081000952988e-13 3.921231134357515300e-13 2.686392575625055919e-13 1.771002365523544035e-13 1.160727767584438769e-13 7.819340746635967783e-14 5.581431468936248235e-14 4.299385551316486900e-14 3.554201598467800115e-14 3.056231536436934046e-14 2.612838826858796389e-14 2.127307863894695115e-14 1.607671881868643622e-14 1.128585101421364450e-14 7.526084055422773705e-15 4.921456228850893922e-15 3.263082840747621274e-15 2.265258679480951113e-15 1.687770841421493092e-15 1.357295002180007941e-15 1.153197990699126646e-15 9.922340537142164929e-16 8.246493050890434893e-16 6.390628298155309498e-16 4.564105306660762419e-16 3.036052950402957311e-16 1.920011766577733437e-16 1.176608649217263761e-16 7.081835393613980222e-17 4.221019070399530069e-17 2.502992130475339215e-17 1.480298801795670540e-17 8.742714124252890885e-18 5.159823303849803870e-18 3.044110331387119563e-18 1.795555108463093872e-18 1.058986697900861749e-18 6.245369542465906486e-19 3.683102297661497676e-19 2.172019894329951416e-19 1.280888188715555400e-19 7.553658668607415098e-20 4.454538753040802926e-20 2.626924576239998017e-20 1.549145141565842050e-20 9.135585576034625928e-21 5.387416590856537899e-21 3.177054703926068254e-21 1.873565270575875796e-21 1.104874566253632557e-21 6.515640804892721854e-22 3.842388690374543779e-22 2.265924590570156343e-22 1.336255804863150835e-22 7.880136717745724735e-23 4.647055912598205774e-23 2.740451007405812090e-23 1.616092399131257507e-23 9.530382546004143047e-24 5.620235063839637391e-24 3.314351969942748339e-24 1.954531948187626187e-24 1.152622041001706370e-24 6.797215931448362848e-25 4.008438389310418590e-25
9.204489614553920608e-05 1.711963876892428835e-03 2.936704151956970928e-03 3.754865455022286802e-03 4.102738835053850591e-03 3.944506484115871923e-03 3.366784483470676090e-03 2.588420890777720380e-03 1.842131494615869636e-03 1.259126529214899936e-03 8.615522625220283339e-04 6.153846399704620022e-04 4.740346188611943546e-04 3.965105061174264891e-04 3.506451056233819631e-04 3.123844335001183122e-04 2.669022455924062345e-04 2.115434386174357920e-04 1.544004358882725375e-04 1.055507654373821828e-04 6.966901903819479444e-05 4.597530897274722792e-05 3.143698596522393656e-05 2.298873321323510914e-05 1.825127347099866600e-05 1.552038117336647122e-05 1.359095912559026999e-05 1.166967241900373399e-05 9.429848327018726612e-06 7.035350484032412528e-06 4.883765354639482814e-06 3.238572276006165148e-06 2.121321701415555392e-06 1.421211999674526698e-06 1.006693354262285513e-06 7.712407477537907392e-07 6.383554350847689570e-07 5.541714931519418898e-07 4.814103909105054201e-07 3.994921257822065164e-07 3.075390771970750265e-07 2.190677409187630024e-07 1.473577056784614036e-07 9.657907068589224455e-08 6.382044762073049823e-08 4.399170163108283878e-08 3.253122870914734740e-08 2.606420140385601062e-08 2.222630653930005903e-08 1.937347974092707018e-08 1.646212632875503909e-08 1.312478425375388288e-08 9.665589641183827356e-09 6.645725444344412877e-09 4.386587258726540188e-09 2.874859285863590370e-09 1.936149462376291224e-09 1.383022598239787211e-09 1.068709689626574263e-09 8.893046269423907317e-10 7.721213955570791841e-10 6.674339804259017388e-10 5.492332071025106026e-10 4.188857617151311560e-10 2.961079185889852431e-10 1.983040105894510024e-10 1.298749930459667044e-10 8.606709831939043360e-11 5.967120090908451526e-11 4.444137030432970552e-11 3.581466639751643145e-11 3.061031648774945187e-11 2.663084097375214090e-11 2.250983616123381301e-11 1.782110300869505742e-11 1.303645274485413064e-11 8.921528865705906488e-12 5.877929162715759741e-12 3.856640390924828876e-12 2.607462031663772504e-12 1.873251600498560127e-12 1.455867569703946188e-12 1.215872399535054541e-12 1.055902025508964001e-12 9.099037962319782069e-13 7.446940856112622852e-13 5.645519610502477101e-13 3.971673325974980057e-13 2.652977597045884182e-13 1.737352429376142838e-13 1.154015265074329052e-13 8.036005373331178878e-14 6.016729061272850364e-14 4.869842698766682488e-14 4.169537042083541519e-14 3.622675776228246865e-14 3.050298647222259008e-14 2.402422551085574005e-14 1.748730781918891704e-14 1.192643378528168184e-14 7.846873440896634113e-15 5.152224861677105508e-15 3.492276164492652708e-15 2.518049168382821454e-15 1.963526702575796892e-15 1.642137132026946956e-15 1.423782819284266027e-15 1.220703576751565891e-15 9.904757351179039917e-16 7.415239611842896064e-16 5.121559136346803389e-16 3.320814958359867569e-16 2.064886319558071428e-16 1.252323491076575406e-16 7.490276068982797557e-17 4.446806997163865156e-17 2.629753608358136736e-17 1.552089246521152391e-17 9.151134260346666906e-18 5.392658488380947892e-18 3.176940735147998797e-18 1.871327733893853614e-18 1.102187481578292626e-18 6.491467146361195980e-19 3.823149020096786669e-19 2.251621622060708080e-19 1.326073890663042103e-19 7.809785837652818870e-20 4.599493328989705396e-20 2.708822049138478592e-20 1.595330548007998079e-20 9.395517588485022173e-21 5.533381920394253132e-21 3.258821357593963321e-21 1.919245203458619208e-21 1.130317327143071109e-21 6.656873689300638321e-22 3.920489093226360600e-22 2.308926890942685219e-22 1.359815881382687140e-22 8.008478847837115942e-23 4.716501253800528066e-23 2.777729014811800472e-23 1.635911465958380306e-23 9.634511918854368132e-24 5.674134689123834492e-24 3.341716194235254679e-24 1.968065217065769999e-24 1.159069314472152919e-24 6.826205063326351806e-25
9.158602083825130439e-05 1.702289334051502014e-03 2.918264594056087149e-03 3.729085471051121325e-03 4.072249454646174882e-03 3.912844730203992281e-03 3.337485419987580582e-03 2.563991399771107117e-03 1.823577393381326482e-03 1.246199382562174999e-03 8.533463316883759279e-04 6.108946468788553413e-04 4.724720698026603819e-04 3.973919382909477365e-04 3.537462659397652156e-04 3.174800690082757947e-04 2.733772492280352314e-04 2.182691757607554441e-04 1.602211740338286314e-04 1.099143311337338143e-04 7.265690314572266777e-05 4.794932967586865380e-05 3.276679174125231655e-05 2.395485358285947622e-05 1.904401930866287979e-05 1.626148961411996770e-05 1.434744701247789251e-05 1.245264174844397426e-05 1.018992526924751544e-05 7.692107273105039739e-06 5.385007797029116247e-06 3.586300956500281322e-06 2.350098679622537591e-06 1.570206002110399712e-06 1.106957259975517486e-06 8.441078641253486341e-07 6.975885219782658496e-07 6.081361623341163205e-07 5.340591706866627295e-07 4.503948190008136902e-07 3.528846924818489799e-07 2.550596817239961341e-07 1.730983688239477169e-07 1.137615483241026499e-07 7.495959650761876653e-08 5.128426379025153674e-08 3.755355488046086106e-08 2.984888152381836638e-08 2.541289407421714259e-08 2.231601074691360590e-08 1.927352266234857763e-08 1.570599251948604365e-08 1.181809204120629824e-08 8.254429570845179182e-09 5.489779381836328726e-09 3.595688426732650905e-09 2.402423100882858365e-09 1.693084732587682849e-09 1.289097774861924467e-09 1.062398556525017936e-09 9.233953689795092311e-10 8.093251673766169811e-10 6.822819830694074934e-10 5.349772671966710339e-10 3.870935156591781600e-10 2.629239449332649853e-10 1.728524766877409776e-10 1.138523656794648715e-10 7.778267888159686684e-11 5.680485688905596366e-11 4.498942089668153523e-11 3.817317197705102233e-11 3.345488592358587043e-11 2.889991140380155629e-11 2.360351488162080073e-11 1.781667472529589009e-11 1.247762570993712059e-11 8.310875710098283690e-12 5.444068514434786959e-12 3.632373743697420455e-12 2.552188499141293017e-12 1.934811205181767731e-12 1.587433508541031234e-12 1.375672167689450627e-12 1.205413235539978233e-12 1.018716067970602677e-12 8.020471214264559158e-13 5.826804477232613515e-13 3.968791150108352736e-13 2.611997704499853104e-13 1.719069087879033648e-13 1.171207223379536346e-13 8.515198002551265038e-14 6.709858819261673633e-14 5.670548850058785307e-14 4.961981560842773173e-14 4.292645958641596022e-14 3.519883204918559075e-14 2.670068578857273011e-14 1.877607166458512496e-14 1.253305531586583266e-14 8.209016078244261608e-15 5.463613307198719272e-15 3.820210099646482032e-15 2.877061458034167290e-15 2.344805595038075494e-15 2.022211282020460472e-15 1.768374754750772128e-15 1.494657583546476603e-15 1.176306735544764242e-15 8.500061427434463067e-16 5.695230367115807370e-16 3.614187447915514860e-16 2.216824237948068483e-16 1.333355441658363184e-16 7.934277219291965169e-17 4.694681244922902743e-17 2.769682008336337679e-17 1.631555574335439317e-17 9.603754673580883819e-18 5.650771864332752888e-18 3.324168921970665303e-18 1.955280632007785310e-18 1.150028213122000610e-18 6.763850799032620665e-19 3.978072764475892237e-19 2.339635996897178087e-19 1.376012928543681365e-19 8.092749540717289234e-20 4.759587364382439394e-20 2.799253481699214972e-20 1.646322581156194257e-20 9.682499897603589173e-21 5.694557633360285437e-21 3.349133498966028741e-21 1.969721962386256743e-21 1.158450301243466115e-21 6.813180492143087151e-22 4.007028073590231834e-22 2.356648843492044355e-22 1.386013181470330879e-22 8.151543371747706058e-23 4.794157798304772230e-23 2.819582491947669226e-23 1.658277796060325367e-23 9.752810077435896496e-24 5.735908944278725364e-24 3.373453517261413573e-24 1.984025328158546167e-24 1.166862529374902401e-24
9.111343597014772572e-05 1.692325661572154647e-03 2.899273259558120611e-03 3.702531529503732318e-03 4.040841288386548893e-03 3.880227377104657812e-03 3.307305450345227656e-03 2.538839777406512194e-03 1.804488844519165679e-03 1.232907167128689677e-03 8.449145986178103725e-04 6.062762541670655347e-04 4.708428531398881241e-04 3.982589127524214633e-04 3.568748268226683003e-04 3.226627082661827719e-04 2.800304686120505451e-04 2.252499754525096574e-04 1.663180669394889884e-04 1.145121149888414779e-04 7.581237657391572550e-05 5.003303280138151135e-05 3.416592514337309214e-05 2.496623380867715600e-05 1.986975422488289195e-05 1.703139182412432759e-05 1.513570562302706138e-05 1.327662858978372774e-05 1.100280826368972785e-05 8.407412344847468383e-06 5.939229330420407139e-06 3.974398458534310638e-06 2.606360433745811328e-06 1.736871092469282939e-06 1.218447424356661786e-06 9.243274035543664096e-07 7.620507480541082907e-07 6.664287748746559280e-07 5.910965080232602436e-07 5.064234570187310728e-07 4.040344374224116254e-07 2.966615639806563282e-07 2.033881560571829606e-07 1.341751339800749314e-07 8.821962780375125975e-08 5.992199015816886002e-08 4.343214006407742012e-08 3.420525372975617880e-08 2.902277581455306751e-08 2.562611828871798797e-08 2.246218083657477774e-08 1.870278205614717912e-08 1.439639839557454396e-08 1.023644062248111267e-08 6.874553647611398037e-09 4.508025289851272617e-09 2.991887853893239944e-09 2.081126402489029806e-09 1.559826379131959957e-09 1.269992825166868124e-09 1.101176475386148206e-09 9.752967971674415322e-10 8.406922898599656483e-10 6.781329465482027287e-10 5.036467619445963139e-10 3.481614510004243504e-10 2.304912762870155008e-10 1.512865460902706192e-10 1.020200300811252133e-10 7.305335148088569940e-11 5.671911219056460631e-11 4.756529151974893998e-11 4.178267587698850128e-11 3.673428446164797147e-11 3.089962397726342933e-11 2.411357017215197990e-11 1.735897990761918441e-11 1.174712887226871990e-11 7.716601508187220157e-12 5.099050915638771457e-12 3.510591537313841920e-12 2.593151830285134770e-12 2.080237029420695864e-12 1.785895712648173617e-12 1.579383518940361091e-12 1.371652340981502278e-12 1.121767065377249509e-12 8.456376001435863641e-13 5.912386077177987928e-13 3.935825905139756467e-13 2.581064814571754585e-13 1.727696545684603669e-13 1.220942295599293331e-13 9.329798282865849724e-14 7.719736188129548970e-14 6.738509796834291359e-14 5.940057577025910621e-14 5.050603643344130751e-14 4.002121491076252563e-14 2.923188039040918171e-14 1.997201186821198813e-14 1.315775756364190958e-14 8.658989223613921748e-15 5.896740577756273241e-15 4.285653711829474004e-15 3.378647195824150892e-15 2.862878795745528291e-15 2.519664479524147256e-15 2.197313446881980308e-15 1.814922476655065149e-15 1.380210938006032209e-15 9.639292762666725738e-16 6.289476989087050234e-16 3.921104274420096984e-16 2.378790603087263394e-16 1.421217947156039855e-16 8.421358242308740534e-17 4.968463654010089645e-17 2.924781445430861164e-17 1.719774984283248010e-17 1.010645870235869219e-17 5.937406684308782806e-18 3.487592458951314296e-18 2.048412124052770906e-18 1.203063951066373170e-18 7.065606603814821478e-19 4.149588055811161628e-19 2.437014862536012501e-19 1.431233124045824150e-19 8.405472685478990284e-20 4.936437506460028963e-20 2.899111612827816554e-20 1.702613463307525409e-20 9.999241942563575244e-21 5.872432423721204110e-21 3.448807525154542228e-21 2.025442361701104663e-21 1.189517483080701551e-21 6.985890557144650053e-22 4.102728038279800912e-22 2.409481964835476257e-22 1.415059261797501366e-22 8.310469763356576478e-23 4.880637107997717875e-23 2.866338393451666914e-23 1.683365430048990042e-23 9.886198999003770252e-24 5.806043590426390585e-24 3.409818294635005209e-24 2.002544523930406147e-24
9.062692868246545149e-05 1.682068374980589436e-03 2.879721591451511915e-03 3.675191604921776260e-03 4.008499764678071300e-03 3.846639861085128335e-03 3.276232195090960329e-03 2.512955030339401874e-03 1.784860637771300707e-03 1.219249626831060739e-03 8.362521051050679890e-04 6.015291441140843340e-04 4.691506499213715957e-04 3.991035690315295685e-04 3.600281313744035732e-04 3.279310928641247032e-04 2.868553029925801669e-04 2.324908260867261699e-04 1.727013371195659449e-04 1.193551565276456609e-04 7.914527468710253367e-05 5.223257805073975885e-05 3.563808024708955193e-05 2.602504155767931761e-05 2.072936897000430715e-05 1.783053004315129071e-05 1.595590463781156574e-05 1.414199236799469983e-05 1.187025013377489532e-05 9.185116812596505958e-06 6.551513950943689433e-06 4.407580383205633810e-06 2.893620752560578707e-06 1.923524718444724878e-06 1.342604471043005647e-06 1.012777356996302266e-06 8.322749120506380695e-07 7.293694205583592346e-07 6.527274000622111693e-07 5.678177001551014005e-07 4.614582501501825502e-07 3.445855233052889411e-07 2.389803363494708000e-07 1.584362874832216677e-07 1.040310763597211000e-07 7.018091040520686651e-08 5.033720012227120466e-08 3.923599947124951761e-08 3.311867076810274553e-08 2.934490261064298001e-08 2.606060775994893212e-08 2.215614381245051034e-08 1.746185863687440382e-08 1.266600361195932292e-08 8.609484288102758915e-09 5.663667006727180356e-09 3.739290707958994991e-09 2.569101399661661397e-09 1.894447133327368800e-09 1.520482929135048593e-09 1.310750710931441255e-09 1.168836270470204200e-09 1.027473148102700937e-09 8.524275837634016051e-10 6.513625498461642571e-10 4.599120434321710461e-10 3.076766942374357668e-10 2.018360898696368808e-10 1.346376639866207239e-10 9.459047932008664194e-11 7.186350493415677074e-11 5.931682424137538409e-11 5.195635344539406530e-11 4.626769886438260955e-11 3.997065874856356142e-11 3.226970967371615434e-11 2.397213290430454695e-11 1.656774362215787478e-11 1.096765641178934289e-11 7.207152268963019544e-12 4.875670057360039826e-12 3.509777514454785098e-12 2.743235619363179564e-12 2.317576663067096931e-12 2.052233884231238142e-12 1.819499892602795215e-12 1.542164277141969462e-12 1.210192325054589119e-12 8.742349789442194513e-13 5.928178493954344336e-13 3.898412034211996456e-13 2.577329630688927565e-13 1.775374289186977948e-13 1.313261574373049148e-13 1.056588767749384837e-13 9.111264273009539386e-14 8.106233919256421513e-14 7.099904653571987904e-14 5.872311293593614130e-14 4.479718801000191424e-14 3.160600529104634063e-14 2.113562840705807435e-14 1.386493267662739142e-14 9.253204554454289425e-15 6.503917169534078931e-15 4.938834300848769214e-15 4.069090364053902504e-15 3.555452562429757214e-15 3.158493054497619076e-15 2.719283025204844823e-15 2.180839404343263694e-15 1.600666090096021480e-15 1.083493153535127508e-15 6.912050049952535781e-16 4.247322313267098142e-16 2.553945759894211081e-16 1.517513790083178025e-16 8.959670131813095204e-17 5.272411691713043068e-17 3.097328903466715718e-17 1.817987355180274197e-17 1.066607213667275607e-17 6.256339615477712873e-18 3.669307956308059905e-18 2.151887810064153875e-18 1.261942521812643300e-18 7.400334650894822079e-19 4.339694269348942838e-19 2.544867215463757042e-19 1.492349022217800314e-19 8.751356692317101268e-20 5.131923614137470598e-20 3.009434061043892050e-20 1.764775044032107115e-20 1.034889026918235029e-20 6.068734790444979106e-21 3.558791271828679204e-21 2.086925164790393850e-21 1.223802236844622881e-21 7.176548369214900580e-22 4.208428892486538671e-22 2.467881884193586715e-22 1.447200636188124981e-22 8.486587967978084168e-23 4.976654464763306260e-23 2.918380123627128810e-23 1.711379120410055108e-23 1.003576769826815685e-23 5.885115234874070784e-24 3.451114291798043413e-24
9.012627521521592998e-05 1.671512763406863764e-03 2.859600606444135263e-03 3.647053082814169078e-03 3.975209606411947080e-03 3.812066479124329426e-03 3.244253189786759552e-03 2.486327431799925658e-03 1.764684491581891817e-03 1.205225647604704761e-03 8.273609103550577963e-04 5.966478970433666254e-04 4.673936556955284472e-04 3.999300482130189191e-04 3.631985046236884448e-04 3.332775728289368326e-04 2.938525568282151471e-04 2.399936186828265452e-04 1.793802395482039526e-04 1.244563435324616215e-04 8.266545716958808383e-05 5.455466825247616135e-05 3.718743179521573437e-05 2.713334170166848886e-05 2.162389600211506887e-05 1.865938734985083885e-05 1.680807144440045031e-05 1.504895121558620947e-05 1.279378288492977745e-05 1.002904765306852665e-05 7.227278109170570761e-06 4.891073014413664001e-06 3.215857560243161336e-06 2.132814657469512325e-06 1.481077697699947140e-06 1.110461444116905902e-06 9.088689470183379491e-07 7.973210765912909175e-07 7.191718968748324057e-07 6.347955606051095716e-07 5.255978360497317196e-07 3.995788960190686182e-07 2.807253671286499865e-07 1.872710739756186731e-07 1.229143995294438757e-07 8.239844672816799084e-08 5.847662589648712903e-08 4.506733444506942193e-08 3.777667136644533163e-08 3.351953020424446640e-08 3.010410860932419921e-08 2.610622304906797401e-08 2.107700653811534888e-08 1.562638036581597298e-08 1.077705247488944161e-08 7.127776045212828639e-09 4.689418864413656264e-09 3.185555535638219859e-09 2.310594428999651676e-09 1.824748709573208277e-09 1.558921191184044895e-09 1.394308786708819055e-09 1.245914533452794367e-09 1.061898648038761806e-09 8.362654322659995175e-10 6.052506120362721493e-10 4.107267032218875833e-10 2.701799451426812676e-10 1.787457883706878615e-10 1.233712519621347559e-10 9.162158980600077797e-11 7.416009954507909604e-11 6.443377803643766846e-11 5.781436957255541463e-11 5.109944267512717795e-11 4.264909274220775582e-11 3.279222567245925360e-11 2.326564698309966471e-11 1.560481609711198726e-11 1.024555711702898729e-11 6.834936252090819573e-12 4.801520926226827241e-12 3.648579805597799468e-12 3.015857450156607926e-12 2.653080258621843660e-12 2.382667538986975671e-12 2.082975405251614457e-12 1.703008714020480442e-12 1.278441862826400722e-12 8.896992537034895576e-13 5.908784137128829516e-13 3.882149052571566523e-13 2.618199607337388355e-13 1.875812779044401456e-13 1.460163163256300431e-13 1.232404835156044435e-13 1.095188024179516069e-13 9.795678878942332274e-14 8.422878693714875879e-14 6.729216678109988750e-14 4.941890259463641593e-14 3.387031444805429383e-14 2.235187893878050627e-14 1.473250276115460657e-14 1.006213831906674141e-14 7.352918840126368996e-15 5.844902288291131207e-15 5.006569342821638451e-15 4.466926680684323423e-15 3.963450137922147591e-15 3.340722041398646842e-15 2.591092664642421951e-15 1.837159982309574560e-15 1.209683992132386910e-15 7.573377205133041118e-16 4.599277315256686023e-16 2.745690735976243786e-16 1.623988811230392127e-16 9.558292645817019465e-17 5.611363588779990152e-17 3.289952201332242292e-17 1.927634460700488984e-17 1.129056187660750724e-17 6.611991924369251085e-18 3.871770596394776878e-18 2.267071822241150326e-18 1.327422046172877933e-18 7.772244098650397142e-19 4.550726343730554441e-19 2.664487280944400422e-19 1.560077103193616441e-19 9.134363087805721865e-20 5.348233485311232439e-20 3.131427355482911390e-20 1.833471759867198789e-20 1.073509849625909722e-20 6.285470589441164580e-21 3.680184120012729697e-21 2.154771862963301012e-21 1.261633032462527023e-21 7.386944099688566087e-22 4.325104223813958675e-22 2.532376892272323497e-22 1.482723274913686199e-22 8.681441965548124159e-23 5.083041158503695974e-23 2.976153903113921564e-23 1.742557610988414461e-23 1.020278898922920586e-23 5.973799810913567825e-24
8.961124026538746677e-05 1.660653875863946473e-03 2.838900878414480581e-03 3.618102783868454297e-03 3.940955041387319245e-03 3.776490372530037602e-03 3.211354629469418895e-03 2.458948752948234874e-03 1.743953897487424349e-03 1.190828841319492267e-03 8.182417779161355216e-04 5.916371118350625870e-04 4.655670499596174534e-04 4.007314941512082700e-04 3.663876546341821765e-04 3.386984685426663779e-04 3.010140523874076731e-04 2.477616349894089698e-04 1.863660130684353423e-04 1.298278404759141554e-04 8.638361718295945943e-05 5.700677163241879157e-05 3.881817587956426274e-05 2.829339501913392084e-05 2.255455138947054180e-05 1.951836213963198077e-05 1.769215828797894878e-05 1.599756711653512882e-05 1.377467399202185695e-05 1.094295087208258123e-05 7.972250026221136245e-06 5.430652171709995491e-06 3.577572463782996423e-06 2.367769201724193257e-06 1.635758071835691303e-06 1.218528764903845574e-06 9.925283457434073992e-07 8.706969515386547595e-07 7.906694789788428521e-07 7.075587799035710024e-07 5.968557784383203296e-07 4.624038782683794744e-07 3.295729530709482977e-07 2.215318005494145446e-07 1.454959554733566766e-07 9.698725534380689349e-08 6.810678742452527391e-08 5.185348639194833381e-08 4.308931539280372805e-08 3.820687229682040037e-08 3.463083694629986331e-08 3.059186380786544190e-08 2.530410121444845174e-08 1.920831787114000536e-08 1.347492880910474427e-08 8.981778845101349168e-09 5.899866752654044166e-09 3.967676864118580830e-09 2.831300800410929040e-09 2.196932177861673156e-09 1.854478832616841444e-09 1.657283535727740908e-09 1.499825881509740306e-09 1.310514874564418435e-09 1.064539691934916064e-09 7.923652786102252009e-10 5.476504933600772110e-10 3.625784929043435730e-10 2.386250853362539408e-10 1.621219048355560412e-10 1.176729753668161742e-10 9.311777886191760429e-11 7.984114335582772807e-11 7.177839716556311601e-11 6.460337035332613586e-11 5.562581495075603871e-11 4.434684469813173986e-11 3.245500215024871860e-11 2.218174870910832092e-11 1.462807504644765749e-11 9.664601989902560400e-12 6.642148319467800885e-12 4.903227423103749866e-12 3.947033034420043205e-12 3.424065653425456984e-12 3.089103827554191177e-12 2.766612195368071822e-12 2.351903884211055091e-12 1.842090739825396453e-12 1.325508924336617364e-12 8.960393573373545816e-13 5.891619022456591206e-13 3.912504650038891320e-13 2.722558529860122226e-13 2.045298484758461133e-13 1.676103825985490818e-13 1.471810371886098204e-13 1.330581160438488790e-13 1.181197029062929824e-13 9.876438898054242282e-14 7.595402498018895927e-14 5.386804492314439984e-14 3.612224826029377567e-14 2.372753814730143951e-14 1.585608127124927331e-14 1.117618635258779641e-14 8.532368732214617017e-15 7.087901184698738402e-15 6.263161731491833275e-15 5.648210580043874298e-15 4.958748569700135654e-15 4.065954981003044158e-15 3.044858407134030298e-15 2.090583759476637979e-15 1.344196927166382629e-15 8.286074124748526338e-16 4.984117628241651577e-16 2.957758669661137311e-16 1.742589840853726335e-16 1.022758207660056777e-16 5.990914325416388413e-17 3.505712567043084127e-17 2.050406646792970764e-17 1.198929177832204977e-17 7.009558033771619670e-18 4.097865820278058559e-18 2.395566768418142842e-18 1.400391946428786545e-18 8.186268293147090810e-19 4.785418291200874764e-19 2.797388522667510554e-19 1.635254261291777935e-19 9.559114347588330637e-20 5.587917022710713546e-20 3.266496264942475901e-20 1.909476458824024406e-20 1.116211235790698407e-20 6.524968723824231883e-21 3.814261497860716970e-21 2.229679768390634865e-21 1.303390430523136411e-21 7.619150781886590579e-22 4.453881018794252706e-22 2.603578368413881012e-22 1.521958101927785009e-22 8.896818635695988772e-23 5.200759572942347151e-23 3.040176630115317247e-23 1.777177700205674776e-23 1.038874041008176830e-23
8.908157629076837107e-05 1.649486504499032098e-03 2.817612467206447729e-03 3.588326876996336418e-03 3.905719730836972742e-03 3.739894603191365897e-03 3.177520860298435439e-03 2.430809270373451847e-03 1.722665817413067966e-03 1.176056363124681125e-03 8.088886240355011277e-04 5.864953403864568964e-04 4.636767438502085851e-04 4.015076681908755175e-04 3.695848371203529128e-04 3.441867689273690571e-04 3.083396197489387766e-04 2.557969334462155343e-04 1.936672209440309890e-04 1.354831645356259994e-04 9.031150418344045003e-05 5.959652414963582067e-05 4.053485770474957877e-05 2.950780404982355527e-05 2.352256263688360221e-05 2.040780478095615330e-05 1.860807791612232058e-05 1.698771886436779423e-05 1.481389317040983028e-05 1.193042310694345908e-05 8.792436068714074880e-06 6.032679121852860355e-06 3.983856608492538036e-06 2.631855458121604442e-06 1.808817106297653258e-06 1.338295905535265353e-06 1.084050062549681643e-06 9.499725833455004795e-07 8.674843343152232929e-07 7.862917238936089979e-07 6.755912301901496768e-07 5.338193376381658742e-07 3.865623851868015867e-07 2.622122353832032354e-07 1.725308661322063468e-07 1.144510807557214945e-07 7.954243229181742580e-08 5.978564277692134535e-08 4.917071111875503951e-08 4.347441931738302095e-08 3.968369477049777811e-08 3.565141257726206418e-08 3.020265424594034214e-08 2.350770757541536888e-08 1.681665633571769749e-08 1.132641401802015736e-08 7.444468119364784370e-09 4.963972926538136429e-09 3.486750184737890532e-09 2.655496549145728310e-09 2.208819756181076265e-09 1.964929589129357447e-09 1.793858134673555769e-09 1.602278206000357429e-09 1.342234644649463540e-09 1.030318613465099525e-09 7.283364366991134855e-10 4.873045036414274688e-10 3.201429058627353772e-10 2.146447586794914319e-10 1.523763239028613556e-10 1.176281002140335267e-10 9.905188304260339897e-11 8.869918711301253388e-11 8.085740795809355245e-11 7.158132695132715167e-11 5.918960645148839704e-11 4.486459085722612025e-11 3.142905853032975100e-11 2.093906639820477078e-11 1.376953650032647978e-11 9.290729303114026767e-12 6.667054277674976484e-12 5.209242817228252565e-12 4.426623263689093779e-12 3.978638378549101994e-12 3.621197674406215011e-12 3.185524414218712549e-12 2.606649050942967180e-12 1.952250518176492400e-12 1.354576553925742740e-12 8.983738352706717429e-13 5.914329600324985524e-13 4.016037535532460251e-13 2.912316855464334279e-13 2.303666544389364107e-13 1.978275588425549932e-13 1.787175702201024319e-13 1.622594115394350459e-13 1.413845065714492579e-13 1.142039388040147020e-13 8.454223495046720312e-14 5.821852310717211613e-14 3.850097914452061205e-14 2.539340642595964065e-14 1.735615405648318815e-14 1.271328200426635798e-14 1.015832744594936413e-14 8.775421427292880877e-15 7.926776679531562169e-15 7.155893564020472751e-15 6.167078171996046418e-15 4.898292328830024356e-15 3.542931088814358592e-15 2.363372782537803670e-15 1.489368284822811481e-15 9.064794197831638265e-16 5.409805774161066753e-16 3.194349949952875755e-16 1.875543818067640598e-16 1.097952273643722546e-16 6.417610660602450113e-17 3.748216210386739489e-17 2.188297785389282664e-17 1.277331458176190866e-17 7.455172596602443280e-18 4.350998123153087637e-18 2.539261177316692043e-18 1.481899270719904653e-18 8.648207524765985689e-19 5.046980108511314165e-19 2.945345604830878064e-19 1.718860559923593863e-19 1.003101657769275606e-19 5.853952664651195850e-20 3.416279640889453794e-20 1.993689686775615435e-20 1.163487342659437079e-20 6.789936803714334069e-21 3.962504679097550290e-21 2.312457943657507044e-21 1.349515577688064569e-21 7.875569454261755920e-22 4.596063630775478215e-22 2.682193463538843482e-22 1.565287676049027979e-22 9.134782918047045245e-23 5.330921596198639504e-23 3.111045470301874429e-23 1.815559232168492594e-23
8.853702275381183809e-05 1.638005171212650064e-03 2.795724957923987827e-03 3.557710806352017661e-03 3.869486730716963606e-03 3.702261728737190911e-03 3.142735845325307815e-03 2.401896300310513589e-03 1.700814366350352110e-03 1.160909750527181969e-03 7.993037826004114645e-04 5.812182428368441569e-04 4.617152722639541323e-04 4.022577661557094533e-04 3.727932144288568389e-04 3.497377133578086173e-04 3.158197187704390617e-04 2.640995028700577219e-04 2.012951181014311036e-04 1.414365983732629591e-04 9.446099914378966326e-05 6.233219828266487643e-05 4.234258774155606910e-05 3.077931864812592257e-05 2.452916101539070947e-05 2.132809704993064587e-05 1.955569191648569348e-05 1.801909118089092680e-05 1.591208322175551918e-05 1.299483365608491059e-05 9.694072128478820711e-06 6.704130902215359373e-06 4.440462656689512922e-06 2.929047331584039904e-06 2.002753879191736283e-06 1.471272775704494057e-06 1.184343947304434547e-06 1.035697983612771883e-06 9.499239679303652291e-07 8.711641065738250563e-07 7.620995230888174844e-07 6.145618880032470330e-07 4.528178189532463527e-07 3.104577147516872737e-07 2.049234511954753084e-07 1.354069252072442481e-07 9.317274203926513911e-08 6.909946793888853742e-08 5.616095228045743330e-08 4.940516687486387373e-08 4.531280190113402315e-08 4.132265543738807219e-08 3.582755180184249618e-08 2.862237637351176833e-08 2.093110281822908238e-08 1.428476417279455356e-08 9.417436648316191421e-09 6.237721821266206397e-09 4.316629282512630088e-09 3.224669405591659057e-09 2.636777583200282424e-09 2.326511009360947364e-09 2.133891675604291499e-09 1.941481051108767910e-09 1.675043114607738916e-09 1.328621614177703648e-09 9.645801626939372950e-10 6.551003960069159415e-10 4.312878176294636545e-10 2.862396025922960098e-10 1.990510336627000084e-10 1.497196321490632409e-10 1.232965490647368301e-10 1.093242784475993892e-10 1.003356280652810123e-10 9.091079167347178863e-11 7.786964782891312436e-11 6.131086608392640589e-11 4.427388618677222556e-11 2.998638131925784998e-11 1.973831243560189507e-11 1.313359881383175293e-11 9.180416371537642989e-12 6.949238321135655955e-12 5.751222348576446347e-12 5.108857408203836170e-12 4.685099725837382785e-12 4.235264649150134654e-12 3.614059556416207563e-12 2.830466894901568475e-12 2.032748005980000713e-12 1.371704094882452508e-12 9.021865383043427095e-13 6.015178683496730857e-13 4.222436567156392897e-13 3.213998774106880952e-13 2.675166643717104002e-13 2.386711331428689184e-13 2.191192666314316807e-13 1.974380818643139496e-13 1.673704885448318058e-13 1.301688075006193938e-13 9.302471175627929156e-14 6.262673727812064400e-14 4.118401977155844348e-14 2.751170073875499842e-14 1.938831611637828611e-14 1.482864764785588917e-14 1.238219908686881079e-14 1.104384653136388806e-14 1.010302832083240279e-14 9.051150454766174014e-15 7.609360733963180512e-15 5.841790634321847534e-15 4.088722570281303298e-15 2.659521669806631229e-15 1.648104323146659763e-15 9.926409800658252307e-16 5.885405538579193207e-16 3.460278059238719099e-16 2.025438175618484320e-16 1.182820968432090665e-16 6.899194701916232860e-17 4.021736970706954589e-17 2.343674299221174891e-17 1.365574987390482666e-17 7.956110364859806011e-18 4.635200252520014687e-18 2.700389425380242219e-18 1.573181049959870440e-18 9.164904384492302447e-19 5.339193159534333386e-19 3.110446057257567824e-19 1.812047171192812241e-19 1.055641057687017868e-19 6.149828825887899644e-20 3.582694279231158077e-20 2.087163297123948701e-20 1.215914584867952425e-20 7.083529065193335475e-21 4.126637122082394165e-21 2.404046586407848471e-21 1.400520536588130955e-21 8.158984121851169036e-22 4.753162879117351504e-22 2.769040488417726669e-22 1.613154317226474856e-22 9.397720462963932009e-23 5.474810980717739537e-23 3.189449543101698777e-23
8.797730529926402047e-05 1.626204110063822874e-03 2.773227375520871413e-03 3.526239263002211612e-03 3.832238187307753906e-03 3.663574215735894597e-03 3.106984716370429257e-03 2.372197789640349136e-03 1.678389911766762317e-03 1.145383545085963814e-03 7.894887731862198837e-04 5.758125698706760207e-04 4.596864147018845433e-04 4.029759546460307614e-04 3.760011950929817480e-04 3.553430869245326651e-04 3.234521130641289746e-04 2.726721520177666550e-04 2.092590414782636915e-04 1.477019305203438031e-04 9.884503173315452209e-05 6.522295176216192790e-05 4.424680247896676394e-05 3.211079595341925265e-05 2.557568262973533574e-05 2.227966710980285544e-05 2.053479334314502007e-05 1.909117439643162273e-05 1.706952919572731408e-05 1.413923937003100348e-05 1.068355655591103363e-05 7.452621352987531117e-06 4.953881568057410375e-06 3.263903760847961591e-06 2.220452835920816156e-06 1.619198137062864891e-06 1.294446169795919936e-06 1.128495588246252764e-06 1.038349404549138804e-06 9.623628544206958798e-07 8.566136195904420418e-07 7.053015650733687318e-07 5.295234616321235900e-07 3.675812152891200060e-07 2.437558292768366955e-07 1.606076420424584823e-07 1.094768898616646763e-07 8.008736878826805718e-08 6.423492844206950877e-08 5.610168241251666513e-08 5.157730684283012609e-08 4.764431969433907765e-08 4.222790248326503410e-08 3.464776538696610346e-08 2.596031170651936837e-08 1.800486442779112573e-08 1.193817411995855793e-08 7.871379232828910802e-09 5.373266579136945041e-09 3.936412355087545800e-09 3.157768895496655457e-09 2.754036048750120289e-09 2.527485496090057595e-09 2.333096330904866651e-09 2.068253586007029853e-09 1.696672196249167889e-09 1.269856869133813388e-09 8.795887587763249575e-10 5.828225400053453472e-10 3.842721283034185296e-10 2.623762244694142128e-10 1.922671384718619891e-10 1.543190512643370595e-10 1.347047449062207018e-10 1.236755733820990783e-10 1.140572785746774335e-10 1.009081383553335928e-10 8.264427244971395162e-11 6.183463816171604250e-11 4.285540038320690430e-11 2.841505804229368085e-11 1.874473387930236473e-11 1.280604539283108141e-11 9.388709982338995471e-12 7.532815306734324874e-12 6.563844824031996722e-12 6.012856352335780943e-12 5.539737858540479025e-12 4.905730085293191167e-12 4.024534894706994064e-12 3.013801359000057385e-12 2.088604511146802378e-12 1.384415724752124533e-12 9.130739671845967737e-13 6.235206902046102404e-13 4.566862968534406246e-13 3.660365534072162664e-13 3.189219850404767514e-13 2.924118677940698473e-13 2.695819159217484634e-13 2.386123532879407728e-13 1.955584202917319542e-13 1.464059069974814412e-13 1.015158566028271140e-13 6.732136318072298279e-14 4.439169784836629697e-14 3.028804842701855609e-14 2.215640972478063898e-14 1.772715567704806819e-14 1.540089885002127721e-14 1.406457159926308499e-14 1.291621516092379552e-14 1.139856992297784201e-14 9.306291261027802705e-15 6.903466639261334267e-15 4.688767406968008709e-15 2.984554092873387987e-15 1.823913087944620472e-15 1.089042958166043449e-15 6.421380779008882343e-16 3.761168534349881293e-16 2.195328734073927192e-16 1.279038644576404147e-16 7.444893549458768568e-17 4.331376463908832271e-17 2.519360946373301555e-17 1.465224445346297241e-17 8.521037343793232287e-18 4.955269881476633546e-18 2.881605831878557354e-18 1.675704557619056669e-18 9.744462250230667062e-19 5.666528359744823179e-19 3.295154112387262227e-19 1.916170855992457757e-19 1.114275807290965424e-19 6.479644315252348809e-20 3.767988884039791921e-20 2.191129403930253328e-20 1.274167165214142941e-20 7.409429483618980797e-21 4.308668859706504617e-21 2.505540716390843334e-21 1.457000880343478157e-21 8.472628557362376618e-22 4.926931478694753211e-22 2.865067630791921490e-22 1.666069958409393722e-22 9.688389454680507018e-23 5.633910483870013810e-23
8.740213485847399841e-05 1.614077248456337104e-03 2.750108190872827332e-03 3.493896064589033582e-03 3.793955142927356479e-03 3.623813435677321077e-03 3.070252792056935541e-03 2.341704790362930926e-03 1.655387383696038401e-03 1.129472829840393088e-03 7.794369639029081163e-04 5.702721905169998856e-04 4.575886972701456853e-04 4.036661129104069973e-04 3.792122804317996630e-04 3.609991273218913967e-04 3.312276680158561374e-04 2.815115249738517388e-04 2.175678240918711042e-04 1.542945826353207372e-04 1.034776928299046384e-04 6.827846899917715370e-05 4.625323366612751609e-05 3.350533512657650565e-05 2.666362127169239835e-05 2.326297577251965098e-05 2.154510876836823510e-05 2.020327190453497575e-05 1.828613273885448524e-05 1.536629498942821082e-05 1.176736309404923500e-05 8.286409095298755763e-06 5.531421783010664169e-06 3.641655347918284640e-06 2.465249879114535703e-06 1.784086960821899912e-06 1.415552869891624015e-06 1.229071153260732710e-06 1.133157758225510330e-06 1.060080813265627400e-06 9.593213789721921363e-07 8.066387567589016201e-07 6.178956431775272183e-07 4.350587808925967033e-07 2.903116517939642325e-07 1.909727471166146068e-07 1.290484814631552892e-07 9.311321205313257299e-08 7.360992258411867538e-08 6.369102187784102557e-08 5.854944880850091646e-08 5.465856714236369038e-08 4.944640107702704240e-08 4.167203996966119595e-08 3.205533064361666560e-08 2.266122910533512516e-08 1.515659280086262090e-08 9.972114644582095244e-09 6.725791165053432883e-09 4.833106620256951156e-09 3.797382161535961981e-09 3.263147699150575196e-09 2.984424346656662171e-09 2.783274567147586704e-09 2.526942101992571607e-09 2.143161063137151995e-09 1.658742573145970813e-09 1.177519716594962994e-09 7.890428910137967440e-10 5.189309582913174331e-10 3.489440282559189907e-10 2.493476077132808847e-10 1.946010745927961345e-10 1.663417972131730139e-10 1.517742132981356985e-10 1.415691783315991422e-10 1.287971187093656277e-10 1.096804632179191865e-10 8.537487198886521156e-11 6.094801736309832859e-11 4.098630166804375084e-11 2.697037747913465642e-11 1.809173275264025315e-11 1.286511922068206951e-11 9.975543935596383541e-12 8.468211856765044314e-12 7.683285264418245332e-12 7.151242587506920781e-12 6.525164337744687655e-12 5.597313823698737352e-12 4.393521932336688484e-12 3.156051923106673614e-12 2.128772511982486912e-12 1.400811875549057931e-12 9.368576687292000990e-13 6.621375987327749240e-13 5.092551807356481880e-13 4.292056878744193666e-13 3.880992841479608566e-13 3.615270063676748875e-13 3.310876509935852920e-13 2.854875097908315339e-13 2.254329906283641214e-13 1.628610385298308182e-13 1.102667038981043200e-13 7.259925384999924407e-14 4.839983414273624516e-14 3.398925185449534863e-14 2.593022099090575367e-14 2.167875579448866000e-14 1.946861803591055213e-14 1.805082771882388285e-14 1.651056063490579867e-14 1.426635588642831876e-14 1.128098301480988531e-14 8.095319395882720443e-15 5.353152408188714011e-15 3.345563536600895417e-15 2.020965278778664487e-15 1.197967490944288274e-15 7.030044385775115933e-16 4.103698632170093591e-16 2.388865245288589943e-16 1.388612390378241114e-16 8.065785738153361905e-17 4.683261064317548423e-17 2.718747763049057505e-17 1.578155593468619892e-17 9.160327740767586836e-18 5.316940947467065082e-18 3.086077283997493774e-18 1.791217468581828803e-18 1.039651710809425670e-18 6.034293375696986812e-19 3.502390281410095064e-19 2.032836859306952290e-19 1.179887227023563935e-19 6.848232200284264585e-20 3.974810660257001901e-20 2.307036107758334069e-20 1.339036182504447814e-20 7.771953862464919007e-21 4.510950953380180647e-21 2.618219144560698735e-21 1.519651087058043222e-21 8.820267956473469157e-22 5.119407201659724318e-22 2.971375729479582734e-22 1.724628139811329074e-22 1.000998354761300541e-22
8.681120667237983196e-05 1.601618184603221563e-03 2.726355257135687493e-03 3.460664223946842422e-03 3.754617430033616379e-03 3.582958956976992678e-03 3.032523034644636194e-03 2.310407051890531367e-03 1.631804053179479420e-03 1.113180623075375655e-03 7.691534437403806622e-04 5.645998828106953615e-04 4.554193165354932221e-04 4.043194188296592032e-04 3.824144024198909502e-04 3.666944512393940860e-04 3.391390645921739692e-04 2.906183369515929582e-04 2.262321232410601369e-04 1.612304955417168996e-04 1.083735524000575004e-04 7.150900349240983482e-05 4.836810380936114014e-05 3.496635536329714878e-05 2.779461776764823982e-05 2.427851333607924822e-05 2.258630715394362019e-05 2.135450716390923661e-05 1.956139142844181181e-05 1.667816277623450648e-05 1.295193447133751789e-05 9.214390993696282333e-06 6.181291325964981636e-06 4.068299556936340876e-06 2.741000393022477015e-06 1.968270476786433578e-06 1.549052012343597972e-06 1.338256493243059497e-06 1.234827495487009341e-06 1.164531815353018906e-06 1.070337518247297712e-06 9.190497980537280634e-07 7.191419831996088855e-07 5.145335389640048209e-07 3.461092024535169883e-07 2.276233424939124250e-07 1.526210239595031248e-07 1.086289559503211590e-07 8.455683270376707183e-08 7.233245710563198881e-08 6.631948502573643326e-08 6.241401317464919375e-08 5.751990514475334584e-08 4.977132867552241543e-08 3.936969581870363243e-08 2.845441988640996953e-08 1.925857958793155953e-08 1.267860621754308047e-08 8.465592147100405410e-09 5.971200300304856908e-09 4.589577761883475505e-09 3.874352448244162244e-09 3.517406473434116773e-09 3.299931091945991085e-09 3.056482327016893904e-09 2.675689889370117697e-09 2.145952923336647859e-09 1.568626234264826552e-09 1.068538844080595819e-09 7.042033127320185053e-10 4.680441331279284397e-10 3.267640103696836038e-10 2.476820909471853610e-10 2.063799808602778703e-10 1.859163306644698213e-10 1.741963310292533055e-10 1.620433423619836650e-10 1.431378514929493581e-10 1.162047613133689339e-10 8.598058125277935379e-11 5.907290129977862618e-11 3.904232497802602422e-11 2.586220520696393177e-11 1.789434321111992357e-11 1.339192055528876066e-11 1.101008905528815823e-11 9.812100743272033382e-12 9.143998823952969423e-12 8.524454520751737981e-12 7.607767403504869792e-12 6.271271283391379893e-12 4.707603256319462084e-12 3.264644243675347291e-12 2.164304913568319094e-12 1.429291186497366363e-12 9.799258100934563947e-13 7.230253297948440317e-13 5.853600280671972791e-13 5.159308495202315993e-13 4.791896905337638808e-13 4.485931465693870146e-13 4.042669498379540451e-13 3.375307823062114179e-13 2.566362592372098717e-13 1.797123008736944653e-13 1.196558345206484220e-13 7.883453302476662395e-14 5.356015254202560740e-14 3.896597328887487707e-14 3.106749394462481416e-14 2.703819781666620463e-14 2.491231543046684407e-14 2.326554130485470952e-14 2.105124005445865926e-14 1.772833135545565438e-14 1.356302351340066361e-14 9.436207812640113876e-15 6.095815044467828738e-15 3.751341033510915927e-15 2.244231609378122302e-15 1.322122757165733377e-15 7.726097484675763491e-16 4.495892760791101535e-16 2.610452329708316730e-16 1.513968862659247089e-16 8.775267199088960382e-17 5.084792172401360158e-17 2.945924883530163903e-17 1.706628200976496650e-17 9.886460337786044178e-18 5.727099554642859930e-18 3.317600514319685222e-18 1.921811256772369282e-18 1.113257926942304827e-18 6.448816676163115801e-19 3.735630465534344477e-19 2.163952281964127114e-19 1.253520512236126725e-19 7.261314073080407042e-20 4.206287917726259630e-20 2.436591673263008668e-20 1.411453239452620127e-20 8.176175741105320221e-21 4.736242512771786810e-21 2.743580094020912820e-21 1.589283431416047033e-21 9.206298895331503958e-22 5.332965664876439689e-22 3.089246086975466414e-22 1.789518625129499972e-22
8.620419922411739046e-05 1.588820170722917476e-03 2.701955785111429670e-03 3.426525855483405179e-03 3.714203868758341864e-03 3.540989010113547615e-03 2.993776462238883097e-03 2.278290001893430380e-03 1.607630424662639338e-03 1.096501861921456242e-03 7.586369373466774141e-04 5.587978246465128427e-04 4.531832420731182385e-04 4.049418724466496717e-04 3.856114361350590079e-04 3.724276417634502607e-04 3.471804423959327056e-04 2.999899611434653983e-04 2.352598569377403368e-04 1.685252150028270011e-04 1.135479889386618391e-04 7.492569244381092704e-05 5.059822701397170006e-05 3.649759163909612641e-05 2.897045590060829288e-05 2.532680930745419040e-05 2.365801770751092294e-05 2.254383316660533578e-05 2.089438622380910610e-05 1.807642466806488819e-05 1.424355866301401836e-05 1.024608265140178658e-05 6.912691196344653199e-06 4.550719992705403108e-06 3.052167772620583094e-06 2.174437948413254142e-06 1.696521389059802600e-06 1.456983801537598032e-06 1.343907721093359878e-06 1.275988259785116550e-06 1.189769120260280549e-06 1.042903007506386158e-06 8.344166342737102223e-07 6.077899686387829700e-07 4.129216619719680945e-07 2.719202581323627667e-07 1.811017007752485987e-07 1.271982330220301855e-07 9.741490502562935280e-08 8.222631714353960254e-08 7.500135572668166385e-08 7.096988171741236686e-08 6.648164232688291608e-08 5.900589290312817841e-08 4.805066214958411537e-08 3.560760204678692609e-08 2.447089712538983891e-08 1.616912468321045614e-08 1.071341175042863782e-08 7.426153524832967760e-09 5.579754625562824562e-09 4.614752049578670431e-09 4.142916785567046836e-09 3.893278640790204980e-09 3.663167003082748858e-09 3.300805064419787950e-09 2.745258903494808465e-09 2.074970911772544698e-09 1.444806869170910475e-09 9.590513370249620901e-10 6.327215368282785091e-10 4.327832380953703563e-10 3.186219065463915516e-10 2.578903877110672775e-10 2.279574218763786638e-10 2.130244492547185673e-10 2.012639331673141072e-10 1.836185436699363187e-10 1.555411242959550799e-10 1.199069250668601089e-10 8.480156678547422405e-11 5.671895106399375629e-11 3.735020900583081883e-11 2.526551242143992817e-11 1.826417386204513015e-11 1.447845177374671977e-11 1.257305565092902042e-11 1.162577590270225913e-11 1.097340097820636676e-11 1.011428816713201702e-11 8.739813854824598269e-12 6.894388118056026964e-12 4.965860592547994434e-12 3.352627685335749682e-12 2.207248388835777326e-12 1.478788516015493927e-12 1.049732322150615165e-12 8.132265920893124506e-13 6.917948467088451378e-13 6.323549216855030800e-13 5.969447696918004665e-13 5.561075096084701288e-13 4.893407622253557902e-13 3.941661712573812710e-13 2.891022889120536571e-13 1.973702540180758334e-13 1.301853715944951003e-13 8.649888486826983656e-14 6.032956779895840293e-14 4.568334660707449604e-14 3.804304634214751155e-14 3.427050237515152500e-14 3.215042888904845456e-14 3.002967323696803650e-14 2.672700720812978209e-14 2.186882808834935625e-14 1.619310593627093548e-14 1.095342867379789788e-14 6.934983364936573136e-15 4.212679658843212509e-15 2.499699338624931914e-15 1.464770553468199197e-15 8.527322314021486348e-16 4.947491422154575357e-16 2.865446867791517849e-16 1.658061182368112565e-16 9.589635323004368885e-17 5.544965834522343305e-17 3.205856729673731927e-17 1.853380394956148819e-17 1.071452705266714912e-17 6.194057697442415148e-18 3.580749665397533430e-18 2.070000892812671369e-18 1.196646373093452943e-18 6.917679530965679979e-19 3.999030781692948487e-19 2.311793112915951496e-19 1.336420666138210102e-19 7.725692449717702317e-20 4.466132995256321337e-20 2.581819506438129817e-20 1.492519754246586083e-20 8.628082406137002228e-21 4.987793589010201851e-21 2.883385156519397354e-21 1.666851249635704518e-21 9.635872247637049221e-22 5.570385139773085945e-22 3.220174557911639155e-22
8.558077307093512492e-05 1.575676087042772976e-03 2.676896281928100880e-03 3.391462278532464489e-03 3.672692624314480726e-03 3.497881717063683164e-03 2.953994414356521901e-03 2.245340594865878961e-03 1.582858590838313092e-03 1.079431680142398185e-03 7.478832960327385466e-04 5.528608559625608834e-04 4.508732986100695236e-04 4.055238548407744744e-04 3.887912235843172235e-04 3.781844577074186206e-04 3.553381801581305117e-04 3.096204731035157617e-04 2.446584979339202527e-04 1.761952820662669391e-04 1.190176611333164982e-04 7.854064090939222526e-05 5.295099689980033256e-05 3.810308959899419651e-05 3.019307489330735956e-05 2.640845767328543121e-05 2.475984631308304762e-05 2.377004430842574127e-05 2.228377482767875318e-05 1.956199363680937583e-05 1.564821818061155084e-05 1.139157185015806532e-05 7.735913656609278745e-06 5.096836715926684901e-06 3.403958896090858168e-06 2.405742283578345061e-06 1.859805540617153231e-06 1.586328577506502585e-06 1.461017636008625221e-06 1.394744648241878020e-06 1.317671809335130720e-06 1.178406557421895444e-06 9.647496629419122819e-07 7.167188671470959478e-07 4.928009687212955482e-07 3.255120415673345682e-07 2.156138500078458803e-07 1.495252358351380530e-07 1.126093552621808277e-07 9.362470460834580378e-08 8.473983726411524325e-08 8.040147504793938705e-08 7.636518959734904176e-08 6.941821305719110711e-08 5.822885662492237161e-08 4.435898368748194174e-08 3.106436383285637454e-08 2.067072392574460023e-08 1.362842985968572601e-08 9.299118423052222461e-09 6.829066297640455653e-09 5.520639838983518055e-09 4.882672998480273772e-09 4.576613015716733666e-09 4.354907359583802456e-09 4.024353350289667378e-09 3.468349862623592446e-09 2.719524284932219264e-09 1.946392510716246335e-09 1.308717817062894037e-09 8.611969315378722304e-10 5.792032247010492957e-10 4.146858648461411772e-10 3.252812558711400349e-10 2.805724946368363229e-10 2.596488086204116835e-10 2.473353875885410756e-10 2.316719635175063332e-10 2.043717599820795932e-10 1.647400297975117913e-10 1.208086744994624245e-10 8.243927190268227355e-11 5.437588371263032664e-11 3.618224875848666520e-11 2.533922947375051315e-11 1.932268428675097328e-11 1.623353309814588674e-11 1.475751413027635708e-11 1.397181915854257494e-11 1.318410185226151764e-11 1.187985729979487242e-11 9.867695991045240120e-12 7.446904695319866208e-12 5.178679748466959432e-12 3.436216732439741796e-12 2.270312426014864211e-12 1.559297680305483236e-12 1.155372184930456731e-12 9.416400585208606386e-13 8.370825410282952358e-13 7.859357014552210501e-13 7.466804285439607702e-13 6.863118964301968686e-13 5.861911965175377490e-13 4.550038418799523161e-13 3.231297035221962244e-13 2.164703161082420955e-13 1.424968644661947905e-13 9.619652160791886774e-14 6.931006915944797754e-14 5.476100354200261250e-14 4.748653121561354004e-14 4.398418160287836771e-14 4.171638931809208423e-14 3.873290056853732194e-14 3.375645201691709148e-14 2.679048628451413611e-14 1.922785939770591136e-14 1.268420452555014417e-14 7.893777464797511155e-15 4.742793414426771934e-15 2.794646427963251876e-15 1.629887482494727061e-15 9.455483704704855670e-16 5.470443794889189211e-16 3.160423733948908325e-16 1.824511373131657186e-16 1.052885168675642482e-16 6.074782241978784530e-17 3.504602730460291728e-17 2.021748020887870372e-17 1.166287934655684240e-17 6.727903042726904805e-18 3.881065124973739925e-18 2.238826547620448805e-18 1.291483705941673806e-18 7.450009771839375048e-19 4.297585193476313600e-19 2.479088717453362691e-19 1.430077729002616990e-19 8.249492549427717970e-20 4.758771294588675343e-20 2.745126904215666869e-20 1.583543533724340755e-20 9.134769154314563391e-21 5.269448192097017542e-21 3.039713823957571606e-21 1.753477746020662907e-21 1.011504501552113760e-21 5.834926403630083151e-22
8.494056956371140367e-05 1.562178407492032526e-03 2.651162578655026549e-03 3.355453921366354734e-03 3.630061235925382494e-03 3.453615506350142961e-03 2.913160435824353744e-03 2.211550077489329250e-03 1.557487466180523632e-03 1.061974645114036444e-03 7.369002964785221479e-04 5.467978716101632927e-04 4.484978759118322272e-04 4.060717831145195023e-04 3.919566236449749624e-04 3.839627524467178424e-04 3.636063257702148825e-04 3.195072507983940041e-04 2.544366475276552760e-04 1.842582252382858642e-04 1.248003501336567391e-04 8.236686358307096999e-05 5.543439046057881191e-05 3.978723087484550402e-05 3.146459952161631356e-05 2.752413520724385820e-05 2.589138965917513831e-05 2.503178947043850378e-05 2.372778096127461394e-05 2.113500714537883555e-05 1.717138019427697933e-05 1.266139420886120357e-05 8.662389503150689699e-06 5.715728003257026442e-06 3.802430721761070708e-06 2.665867671729606550e-06 2.041056035102863791e-06 1.727543620761907008e-06 1.586892601974830052e-06 1.521184548588896269e-06 1.454131412221109479e-06 1.325656665656186153e-06 1.111012286162619660e-06 8.432693849699032773e-07 5.880893061166770855e-07 3.903847497397967240e-07 2.575469634858563198e-07 1.764906078818474232e-07 1.306738905395707282e-07 1.068451958659123397e-07 9.571943920621128539e-08 9.080689887179631382e-08 8.721021989272724973e-08 8.103389724298343786e-08 7.000768228361500485e-08 5.494920713517758542e-08 3.935348037379362384e-08 2.646884208938963643e-08 1.741953546682605948e-08 1.172572297969301503e-08 8.420201741016407520e-09 6.640979189137063539e-09 5.765563843499667413e-09 5.367328059048018880e-09 5.142072376911853595e-09 4.852432928197156946e-09 4.324364792676851777e-09 3.524239435305221672e-09 2.606242091244247447e-09 1.785948721273867558e-09 1.178668955894207908e-09 7.828486334749735918e-10 5.463451401675633643e-10 4.149028842577393660e-10 3.476116968906186953e-10 3.164018845819645641e-10 3.015869924457931304e-10 2.879574610456223790e-10 2.634026101738229946e-10 2.222856867123954407e-10 1.701097402172797447e-10 1.194473543205651055e-10 7.957523552587321833e-11 5.246775357306620088e-11 3.577396668691748773e-11 2.624571804846921004e-11 2.121177700307409578e-11 1.878653849100403843e-11 1.766793491590349303e-11 1.690742879186627336e-11 1.576457620233392654e-11 1.375974886449221559e-11 1.094418597863034721e-11 7.926415864628987302e-12 5.364776831765589668e-12 3.533412234020846098e-12 2.367287851688892052e-12 1.682650998456581220e-12 1.308280919469961446e-12 1.119574568509005550e-12 1.031874361326622509e-12 9.856106103505263740e-13 9.341275063421615249e-13 8.410679359610233927e-13 6.945847742388188328e-13 5.200656182876987517e-13 3.594142502309400120e-13 2.378767608539804969e-13 1.574061685286575121e-13 1.087131496105222298e-13 8.130094381297555514e-14 6.702473659113160084e-14 6.023127459216271443e-14 5.697358214627670546e-14 5.428674528980905039e-14 4.984746721130761299e-14 4.239914628568036352e-14 3.262494610276019913e-14 2.274536597973796150e-14 1.467784760425215247e-14 9.001373717113305404e-15 5.358023660220216412e-15 3.138040943837715845e-15 1.822380228472300452e-15 1.053747696176301691e-15 6.079523150730308943e-16 3.503508294035271942e-16 2.017790808709952440e-16 1.161752198746974514e-16 6.687777018587702344e-17 3.849604699213012263e-17 2.215819754185818929e-17 1.275396405385171520e-17 7.340948809581466684e-18 4.225295474200412761e-18 2.431983610410596823e-18 1.399791538503404616e-18 8.056856054138627947e-19 4.637325927647114889e-19 2.669129017325718563e-19 1.536284019687448283e-19 8.842467588074371571e-20 5.089503879286325458e-20 2.929391524733852520e-20 1.686084681811084915e-20 9.704682585879633536e-21 5.585772986194252643e-21 3.215031442871077048e-21 1.850491812603364259e-21 1.065096879590321939e-21
8.428320944067102972e-05 1.548319177886283001e-03 2.624739685455857504e-03 3.318480275594684181e-03 3.586286318687627230e-03 3.408167742178392669e-03 2.871256057771303782e-03 2.176905655686043901e-03 1.531508498641088924e-03 1.044123790626378919e-03 7.256805598458132946e-04 5.406006203884268502e-04 4.460483247177407561e-04 4.065770444658971987e-04 3.950986128225900682e-04 3.897518561336584626e-04 3.719730219222993142e-04 3.296436316218312955e-04 2.646008503836454260e-04 1.927315055929475489e-04 1.309147482470762107e-04 8.641830930632896080e-05 5.805702499433350376e-05 4.155477602220748778e-05 3.278736765517961226e-05 2.867462609066119504e-05 2.705225217961321842e-05 2.632757337478985771e-05 2.522417341260795403e-05 2.279470696682026895e-05 1.881774203999723728e-05 1.406634700340105553e-05 9.704707229438654949e-06 6.417757883409412098e-06 4.254611372114837398e-06 2.959103433737904855e-06 2.242759199776508408e-06 1.882052067373175640e-06 1.722353896004325015e-06 1.655743248471441020e-06 1.599241907296285509e-06 1.484619923189665607e-06 1.273844940979769525e-06 9.893627463796746521e-07 7.014085554916024425e-07 4.689129317974089126e-07 3.086172755570394999e-07 2.091973264230740132e-07 1.522799022072226926e-07 1.222883050233019666e-07 1.081752569135157325e-07 1.023149778517168104e-07 9.906981085249472029e-08 9.386593683166565964e-08 8.345440156285017687e-08 6.760343884076230998e-08 4.969007154709502348e-08 3.391596472752498852e-08 2.235892191871718001e-08 1.488766195682487332e-08 1.046536483960922787e-08 8.042382705996764682e-09 6.830535224882879081e-09 6.288385662058578063e-09 6.038275733259121972e-09 5.792348547787210914e-09 5.320012099260771396e-09 4.507816340044954043e-09 3.459821191627948808e-09 2.431687171083047752e-09 1.619430234699386407e-09 1.067623491252869796e-09 7.287412932026566639e-10 5.359568923186426566e-10 4.346285766700918099e-10 3.866641299702210636e-10 3.660306971188783749e-10 3.534865316511824596e-10 3.331634868020275226e-10 2.938756515802429796e-10 2.357768956162806886e-10 1.718008796433503075e-10 1.166544903985745738e-10 7.685091024953993762e-11 5.135527089635217677e-11 3.634983474567284932e-11 2.816827932998927479e-11 2.410241466521588311e-11 2.229024885246005575e-11 2.141745951919721010e-11 2.047424426316113889e-11 1.867271236306354270e-11 1.568225676177839600e-11 1.193950362135803669e-11 8.346759157240587141e-12 5.547972212823110865e-12 3.663607793172595333e-12 2.513857422336745486e-12 1.863432869136623842e-12 1.523025279438140967e-12 1.361393106385290169e-12 1.289417456309597917e-12 1.241916914594260215e-12 1.165249499116963110e-12 1.021898474213399146e-12 8.145069198353878562e-13 5.899492434711011861e-13 3.990579479120257359e-13 2.627090729581674331e-13 1.759602879187722554e-13 1.250833627445877050e-13 9.736893764205515434e-14 8.357614663755883054e-14 7.738095831162498420e-14 7.427566545687938721e-14 7.071826258719530228e-14 6.394977837706499595e-14 5.297352805730118646e-14 3.954566213941941194e-14 2.685084147684580003e-14 1.699824981816841614e-14 1.029446141302612978e-14 6.078720730868105301e-15 3.541045568202758149e-15 2.048364382401146280e-15 1.180684603284427949e-15 6.793148277249216057e-16 3.904819625728973330e-16 2.243459107998517431e-16 1.288618330615853234e-16 7.400714808827611075e-17 4.250060471948952622e-17 2.440638289040381676e-17 1.401540592630715062e-17 8.048315715471937370e-18 4.621709984564940645e-18 2.653990295528409994e-18 1.524036224671305440e-18 8.751668215430026948e-19 5.025580139757948310e-19 2.885901446409602641e-19 1.657207109872101779e-19 9.516387026745975787e-20 5.464713722176309910e-20 3.138070784353238687e-20 1.802013537134787002e-20 1.034792696738857796e-20 5.942219017321892903e-21 3.412274433449190659e-21 1.959472844581226761e-21
8.360829128000712963e-05 1.534089982120284820e-03 2.597611785714707810e-03 3.280519712746912241e-03 3.541342923224271178e-03 3.361513155457392186e-03 2.828258994250586102e-03 2.141390701978796232e-03 1.504912648671494950e-03 1.025878364512791512e-03 7.142306141092630593e-04 5.342796105823945660e-04 4.435343574336373610e-04 4.070441920449045163e-04 3.982142063203079852e-04 3.955412307555341059e-04 3.804234128574476240e-04 3.400193577497921909e-04 2.751554542142574779e-04 2.016324684517406790e-04 1.373805544771675928e-04 9.070997788094444761e-05 6.082823745164950339e-05 4.341091083546801550e-05 3.416396142776771861e-05 2.986084245445028493e-05 2.824205643339016203e-05 2.765576254218516929e-05 2.677027957441406779e-05 2.453941724240057598e-05 2.059110000490182042e-05 1.561741070552742788e-05 1.087675247528176664e-05 7.214841159491973524e-06 4.768757736924112926e-06 3.290543548304870963e-06 2.467874445113878563e-06 2.051532578340363655e-06 1.868352215170859846e-06 1.798926328916809241e-06 1.753125564586371030e-06 1.655157969659349237e-06 1.453615520201488297e-06 1.156793162037540559e-06 8.356272476682610767e-07 5.639093997061741363e-07 3.709401327253608605e-07 2.490288667811513232e-07 1.782741630221197173e-07 1.404598072862350015e-07 1.224062520206504038e-07 1.150943956948323779e-07 1.120191013806385950e-07 1.079229460678107138e-07 9.859620186039057027e-08 8.251051197570097402e-08 6.244934728665193080e-08 4.343778097532218602e-08 2.879817661309013078e-08 1.902800719987961117e-08 1.311727403308299985e-08 9.816121960702706326e-09 8.130769728373412887e-09 7.370577013748820707e-09 7.061470005788182706e-09 6.853656275248871081e-09 6.460504600544937480e-09 5.683945847457250026e-09 4.541944189819852455e-09 3.294619630256381062e-09 2.229047347743049955e-09 1.467220338718416083e-09 9.838028664251868014e-10 7.018653212340776981e-10 5.496832974682751056e-10 4.753153160257043568e-10 4.436412054144935067e-10 4.299052084677906871e-10 4.142944995772360133e-10 3.802641911838713770e-10 3.204505449043353346e-10 2.441417558035125533e-10 1.705990150997317102e-10 1.133386868403845450e-10 7.482636626242857876e-11 5.136338243865555091e-11 3.814940261901963815e-11 3.132592282346488636e-11 2.820139901891409540e-11 2.692215075143252655e-11 2.612057857669928237e-11 2.468538123602665631e-11 2.183685554219422106e-11 1.758121868009115988e-11 1.284740981256634083e-11 8.734332763473840363e-12 5.755301716155707453e-12 3.848197009160549075e-12 2.728764285809110580e-12 2.120080924788590446e-12 1.818252277779998693e-12 1.685317013160774152e-12 1.626097986885446363e-12 1.567057742760420467e-12 1.446135519022482678e-12 1.230265734029679184e-12 9.465504181181724275e-13 6.659454970467606719e-13 4.435974829866012827e-13 2.924041472297831536e-13 1.995209419031057539e-13 1.466805097291366273e-13 1.189395760746535266e-13 1.058831776214353653e-13 1.003960803350477353e-13 9.724128196761883157e-14 9.209488322612917465e-14 8.175197836875328494e-14 6.588254206752735403e-14 4.778393436371291368e-14 3.168418886231754439e-14 1.972778281275516135e-14 1.181948847486391693e-14 6.930510584798166559e-15 4.017709324551270362e-15 2.315537422606309877e-15 1.330579112245075240e-15 7.634465657033352071e-16 4.377054564579424493e-16 2.508479371401473919e-16 1.437300416657303261e-16 8.234504874884567566e-17 4.717416304723491182e-17 2.702464793643118000e-17 1.548142632473866645e-17 8.868692253459211279e-18 5.080505638412481003e-18 2.910405316708537628e-18 1.667245142952058315e-18 9.550917752663369639e-19 5.471300591348778056e-19 3.134266958910663835e-19 1.795483383759261098e-19 1.028553321453677397e-19 5.892128953258597641e-20 3.375341177792226933e-20 1.933584286125357300e-20 1.107665252358758936e-20 6.345326168980471083e-21 3.634957751386075015e-21
8.291538979379109106e-05 1.519481906553185211e-03 2.569762170660721406e-03 3.241549325256952267e-03 3.495204155997665325e-03 3.313624580341106157e-03 2.784147723915667699e-03 2.104994915646567471e-03 1.477700345011496129e-03 1.007242120390201704e-03 7.025494226072433743e-04 5.278274554232351753e-04 4.409475091467324973e-04 4.074690272029696247e-04 4.013027818298814083e-04 4.013279155432150679e-04 3.889484663785490242e-04 3.506257644245556896e-04 2.861044335605909361e-04 2.109788031734704519e-04 1.442186554884215648e-04 9.525804355639225934e-05 6.375816149489015538e-05 4.536129061073574059e-05 3.559723297951856264e-05 3.108383674302989900e-05 2.946045096808062001e-05 2.901463582747017321e-05 2.836312373398432765e-05 2.636667819657388304e-05 2.249426059372198761e-05 1.732553243985910656e-05 1.219364307762128671e-05 8.120521932769615776e-06 5.354444248314549423e-06 3.666130625856846628e-06 2.719850198896351834e-06 2.237938752034456202e-06 2.026002953317921298e-06 1.951354556853602928e-06 1.915985778982360679e-06 1.837085501351951063e-06 1.650409518387824959e-06 1.347117275449023253e-06 9.937935329958047103e-07 6.786653844377490219e-07 4.471136285355914956e-07 2.977223101517107579e-07 2.097276092940854401e-07 1.619995736734126676e-07 1.387918721627346451e-07 1.293647092305884382e-07 1.261659296239875466e-07 1.232219532563043660e-07 1.154240583388397814e-07 9.980181263288228131e-08 7.800499725282269029e-08 5.553179166409400734e-08 3.718455114063007204e-08 2.446999999689265640e-08 1.658363057614018981e-08 1.208771954104613173e-08 9.739693762924813554e-09 8.656099778266380575e-09 8.235820232852641728e-09 8.049399263810384691e-09 7.751093541292321240e-09 7.060699788629331868e-09 5.882705191260944327e-09 4.428810265764707769e-09 3.066013381355084803e-09 2.028465445569933648e-09 1.343231786736204453e-09 9.323203725572407920e-10 7.045804859333019402e-10 5.894287490652993651e-10 5.387416952470921307e-10 5.197962166722965657e-10 5.079514167913285670e-10 4.818308132058580634e-10 4.258535848406479749e-10 3.411113308278785501e-10 2.476749013849094613e-10 1.676328315214937227e-10 1.103493560906445990e-10 7.399051706459180928e-11 5.281525671964249919e-11 4.145059333255947648e-11 3.598638544170884793e-11 3.375832175401650197e-11 3.288415419268784717e-11 3.188108359379596704e-11 2.951561436583980612e-11 2.516772300760727902e-11 1.941190716923837423e-11 1.368526233092568393e-11 9.124123146352799425e-12 6.016567582410987265e-12 4.111809714091885523e-12 3.035244962916708729e-12 2.476214607133474576e-12 2.217902001762312752e-12 2.114491276287492223e-12 2.062069770779044139e-12 1.974950280573471819e-12 1.783058491924492982e-12 1.468019689338686651e-12 1.092236977567439848e-12 7.500971151341189507e-13 4.950517011488798242e-13 3.288082285905035400e-13 2.298765237928151579e-13 1.753366037592259633e-13 1.479204233065939040e-13 1.359042743642164054e-13 1.312121034865457881e-13 1.276313082454348721e-13 1.197948467463130912e-13 1.041510787389025191e-13 8.164972004356560496e-14 5.764914197271519678e-14 3.742989502259737933e-14 2.297263162187131220e-14 1.363568133818234189e-14 7.945980003493014352e-15 4.585892993288874227e-15 2.633682122992410768e-15 1.508788910290141668e-15 8.632812606208327118e-16 4.936272595201891562e-16 2.821638937721295923e-16 1.612604069902533988e-16 9.215411365129267228e-17 5.266016110774146244e-17 3.009127026683873884e-17 1.719470815971879299e-17 9.825332629018667840e-18 5.614340440416089865e-18 3.208112524253969916e-18 1.833158418672363249e-18 1.047490553768777431e-18 5.985495091215280984e-19 3.420188041651008379e-19 1.954338930400716901e-19 1.116734143447237436e-19 6.381161223315208064e-20 3.646276884703813507e-20 2.083529092102464291e-20 1.190555069184692299e-20 6.802983283545712892e-21
8.220405394293962083e-05 1.504485500790054458e-03 2.541173141627570218e-03 3.201544734218888990e-03 3.447841627817397562e-03 3.264475348331624584e-03 2.738903998679351887e-03 2.067707958676225002e-03 1.449862360376814440e-03 9.882064859023293769e-04 6.906369994618202779e-04 5.212544280627848378e-04 4.382973123457109630e-04 4.078499861402184253e-04 4.043532798499048422e-04 4.070982555853085031e-04 3.975345269527280406e-04 3.614527772808542178e-04 2.974509852226615305e-04 2.207885266914334961e-04 1.514512024041124970e-04 1.000799577162090606e-04 6.685780199810627245e-05 4.741208590130022578e-05 3.709033109927119525e-05 3.234481532391332397e-05 3.070716183472423343e-05 3.040252960971344317e-05 2.999956458178660397e-05 2.827309948432167835e-05 2.452846219346633001e-05 1.920100151895699588e-05 1.367156071737119209e-05 9.150212716021441833e-06 6.022921762701455435e-06 4.092958053100169073e-06 3.002800979452234834e-06 2.443548960310413567e-06 2.196556308477651379e-06 2.113715060615573761e-06 2.088084951917554483e-06 2.030196236977583977e-06 1.864031741159682981e-06 1.561534509176927109e-06 1.179023849432413143e-06 8.169696063120978022e-07 5.403116843053890136e-07 3.574594969213298574e-07 2.479985752811915553e-07 1.877194192513248923e-07 1.578139638869064783e-07 1.454103492880098353e-07 1.416620238162215338e-07 1.398008084206238435e-07 1.339004361520541348e-07 1.195318229788839528e-07 9.669318387757475150e-08 7.075550708875606955e-08 4.807702390417328532e-08 3.164103398584348160e-08 2.114683383992277112e-08 1.503012020698355655e-08 1.175909413979859559e-08 1.020340009121153249e-08 9.594343673607197950e-09 9.397506324799327032e-09 9.198761654785692616e-09 8.641339845770196444e-09 7.503509373837429992e-09 5.888878600736157663e-09 4.201848058308779983e-09 2.815007021826787171e-09 1.852561721889977906e-09 1.256314638807760148e-09 9.167854518784719489e-10 7.393705265429410963e-10 6.575831703700409791e-10 6.269996967768758679e-10 6.161949475435159913e-10 5.990774631974321439e-10 5.526234132794391105e-10 4.664707290171585630e-10 3.550004935121034417e-10 2.474633035190153458e-10 1.641140048333364135e-10 1.084389481453151635e-10 7.480043692696177730e-11 5.606712925041628066e-11 4.659068325452405373e-11 4.247842566115659113e-11 4.107191648671128989e-11 4.039680229097700059e-11 3.877583731940705158e-11 3.490025359593091248e-11 2.857843930843252185e-11 2.116109148635829679e-11 1.448988141427847755e-11 9.557027535958197451e-12 6.365186380811807930e-12 4.484123056856077445e-12 3.462827694055819517e-12 2.962257482510226124e-12 2.752680402089986695e-12 2.678194603091581633e-12 2.621837637098295077e-12 2.481326151222716419e-12 2.182850746538598671e-12 1.738036638162814626e-12 1.254327100226372545e-12 8.452947180737403922e-13 5.560322339431821166e-13 3.743168599303715259e-13 2.693937671786721087e-13 2.135000022382315366e-13 1.868629695459628452e-13 1.762532559394029624e-13 1.723962076452768963e-13 1.677451279451904853e-13 1.555850255822316802e-13 1.322983621079249629e-13 1.009655654627676502e-13 6.955408556341455026e-14 4.433059382847549246e-14 2.687052102017834021e-14 1.581939732828033877e-14 9.167047150720056706e-15 5.268537227738528189e-15 3.015343158527586415e-15 1.722171805252151902e-15 9.825666894170443279e-16 5.602946137836983989e-16 3.194114612745607215e-16 1.820627174432772011e-16 1.037667960177860406e-16 5.913971557746462234e-17 3.370484337007695922e-17 1.920887825505317462e-17 1.094738050049414768e-17 6.239038611767796920e-18 3.555696225364776981e-18 2.026428460813398676e-18 1.154882128099946386e-18 6.581788263116769159e-19 3.751026189798927914e-19 2.137746862063568316e-19 1.218323072745015788e-19 6.943343819142795608e-20 3.957080432525154541e-20 2.255179338177464086e-20 1.285249034414743448e-20
8.147380484984097335e-05 1.489090737112259673e-03 2.511825941891175380e-03 3.160480127826047723e-03 3.399226166033206264e-03 3.214039333983013252e-03 2.692506410084420741e-03 2.029511753748752985e-03 1.421391634899964781e-03 9.687793036979933103e-04 6.784999130820121771e-04 5.145542906226449479e-04 4.355776954939533162e-04 4.081913477875495958e-04 4.073688027976701581e-04 4.128428155562073273e-04 4.061637974886336366e-04 3.724859979341154791e-04 3.091960893437732368e-04 2.310795766440076101e-04 1.591016021346373238e-04 1.051945401579890935e-04 7.013911340096098534e-05 4.957003002769887537e-05 3.864671596088473094e-05 3.364516715469642989e-05 3.198211663441444046e-05 3.181789499249624225e-05 3.167601455227202537e-05 3.025395839056868477e-05 2.669322845634580752e-05 2.125351519506827260e-05 1.532792220033493322e-05 1.032138367760403778e-05 6.787250711607623151e-06 4.579366143643580975e-06 3.321627320189733783e-06 2.671106748245571425e-06 2.381499493659336108e-06 2.286798868332361315e-06 2.269749601153049418e-06 2.234291730547278370e-06 2.094032824033904020e-06 1.800776620559173330e-06 1.394343227528713026e-06 9.830913555046709541e-07 6.543818666167742467e-07 4.309790227898227119e-07 2.948149599664622834e-07 2.186540599621869136e-07 1.800858225849856280e-07 1.635951891116302612e-07 1.587108415776283776e-07 1.577314517625612296e-07 1.539811172878497030e-07 1.416767177278686046e-07 1.187717447892340237e-07 8.969653916311217617e-08 6.215468041686195145e-08 4.109977917283698335e-08 2.718992812143159374e-08 1.888217110609044140e-08 1.433085236542258184e-08 1.209434378596967120e-08 1.118309080224702863e-08 1.092295400910602257e-08 1.081404081103901134e-08 1.042639636181936041e-08 9.414580184714091503e-09 7.722939132357915415e-09 5.718232235718792801e-09 3.910530439275799687e-09 2.576362165821569444e-09 1.716526481733895779e-09 1.212351194059496579e-09 9.405216464310005002e-10 8.092705515874785108e-10 7.570877031889537383e-10 7.423775398679037811e-10 7.332914688241585108e-10 7.007108274731554744e-10 6.222575907465299825e-10 4.994762665156052181e-10 3.625426399453617169e-10 2.450200414661789489e-10 1.611826031376130394e-10 1.082842551649046142e-10 7.772764335695837024e-11 6.154078106866998183e-11 5.398658372003597655e-11 5.120556832873154435e-11 5.049514920499359698e-11 4.968779487780264246e-11 4.684130405909636773e-11 4.074683795905110731e-11 3.200573287698010966e-11 2.284926591653746342e-11 1.531277502289075251e-11 1.007938752041962157e-11 6.840082859353797243e-12 5.002032288066109356e-12 4.049404797157129309e-12 3.617480262810307235e-12 3.462094102856617947e-12 3.413472300551609218e-12 3.335038589908993379e-12 3.104109132353032312e-12 2.653604107752494489e-12 2.044879554557327159e-12 1.437058654008405335e-12 9.554010284887333237e-13 6.299089230834452139e-13 4.320650044778265672e-13 3.212176394097141298e-13 2.644447347501282644e-13 2.391842487267604007e-13 2.304273036900058253e-13 2.273578722457053899e-13 2.205909037687434551e-13 2.017517789480492434e-13 1.676992172153201174e-13 1.247535184397061550e-13 8.405163003247934942e-14 5.270667293177487518e-14 3.160135808335705829e-14 1.846992894968844820e-14 1.064813303346739470e-14 6.095390912944906570e-15 3.476762038302934327e-15 1.979588045821352749e-15 1.126133657157089414e-15 6.403398781305017036e-16 3.640241003977681211e-16 2.069170340731615629e-16 1.176072943120270050e-16 6.684333291160139958e-17 3.799052094391739645e-17 2.159183228895699698e-17 1.227163816245224954e-17 6.974531072539414519e-18 3.963940418827787128e-18 2.252884587859381032e-18 1.280414458696255839e-18 7.277162509391507991e-19 4.135933260703945988e-19 2.350633708517053292e-19 1.335969074372691728e-19 7.592903144987619825e-20 4.315382741782178902e-20 2.452622912495727075e-20
8.072413348152246090e-05 1.473286960323851123e-03 2.481700673268604808e-03 3.118328242543772898e-03 3.349327938572373500e-03 3.162287818882487164e-03 2.644928919268959948e-03 1.990394574806276292e-03 1.392289981959584939e-03 9.489554576614656067e-04 6.661336792585546363e-04 5.077382210874735067e-04 4.327947571441850393e-04 4.084843368195892289e-04 4.103432108406180473e-04 4.185571256110336841e-04 4.148218178945119422e-04 3.837086814710764749e-04 3.213380555555189039e-04 2.418694616895202443e-04 1.671944983817483992e-04 1.106220772711114105e-04 7.361508637560487591e-05 5.184246699623205879e-05 4.027017277133842680e-05 3.498655469362202842e-05 3.328550248273779572e-05 3.325899915633188898e-05 3.338835980019986020e-05 3.230396350821432007e-05 2.898675865364666886e-05 2.349140334348244968e-05 1.718070168241065985e-05 1.165367892338753261e-05 7.662762028209332797e-06 5.135291432331219563e-06 3.682147930287349875e-06 2.923853369293967243e-06 2.582590843000857178e-06 2.471534860785993004e-06 2.461388607230235118e-06 2.449216464392098534e-06 2.339763522195127221e-06 2.065026226555793987e-06 1.642480394653536080e-06 1.181709063343618609e-06 7.939379394972823651e-07 5.217110464497200337e-07 3.523818582956058160e-07 2.561289457264904601e-07 2.063871596493319384e-07 1.843807219611023801e-07 1.775849180627667878e-07 1.771400592667509896e-07 1.756362676109120454e-07 1.661378500644815613e-07 1.443769809482176800e-07 1.129237458872178321e-07 8.021332153342106790e-08 5.356534101364946914e-08 3.522978157715582748e-08 2.397364079742946489e-08 1.765316657981329853e-08 1.444425949597553984e-08 1.306730078362932515e-08 1.266122484145213862e-08 1.261319717072931258e-08 1.241657422620075023e-08 1.161505180339980339e-08 9.964685579429056371e-09 7.699785119819919593e-09 5.419926235616465241e-09 3.604295328695351436e-09 2.375414077148527015e-09 1.630315716435874133e-09 1.216041920098497093e-09 1.007336510511146252e-09 9.181225742069212767e-10 8.914810954042567355e-10 8.870895180679702868e-10 8.702872541946405921e-10 8.085982085751311102e-10 6.862179322222217662e-10 5.237123744214648918e-10 3.651761484351148888e-10 2.419668874413261490e-10 1.598677194763916367e-10 1.105393599149561452e-10 8.330534722624338763e-11 6.975369739182165241e-11 6.415579215314401379e-11 6.266297495582835978e-11 6.243721148604812791e-11 6.097456468567469120e-11 5.606736258210956585e-11 4.695843600424834197e-11 3.542738511895360313e-11 2.452791949384710352e-11 1.621666536423231689e-11 1.074402902526102239e-11 7.488338519899956071e-12 5.712470575605317809e-12 4.843931680889752242e-12 4.492646622601393436e-12 4.396971017654721161e-12 4.366984310326362921e-12 4.237421443607078051e-12 3.864258145686056890e-12 3.205750208377268686e-12 2.395496098048783738e-12 1.646424340365433862e-12 1.085472083548283374e-12 7.210490127951098886e-13 5.061773420462942519e-13 3.895401446612971223e-13 3.325553947562670481e-13 3.094605992522807473e-13 3.031043174464650962e-13 3.006334894622093301e-13 2.901338790267053890e-13 2.612983225859387628e-13 2.123534567560345553e-13 1.542555015319501503e-13 1.018828335660938100e-13 6.298354837590648910e-14 3.740253770813639753e-14 2.171788714116401129e-14 1.246067552549794674e-14 7.105420847575288532e-15 4.039164624055584303e-15 2.292590880145416533e-15 1.300265752276435735e-15 7.371778712726804102e-16 4.178564091222646499e-16 2.368299425147290736e-16 1.342215111098513304e-16 7.606683784543398029e-17 4.310848664972467148e-17 2.443023603614232389e-17 1.384495452114456893e-17 7.846120355931026403e-18 4.446498250605750301e-18 2.519887021374608932e-18 1.428051431072184016e-18 8.092943716575325498e-19 4.586370533429891062e-19 2.599152391308426898e-19 1.472971530587287086e-19 8.347510445136191216e-20 4.730636686212592277e-20
7.995449807183339767e-05 1.457062837996304580e-03 2.450776177810194949e-03 3.075060529962376187e-03 3.298115478096333691e-03 3.109188357320622886e-03 2.596149344282454394e-03 1.950347575583415410e-03 1.362545693655332554e-03 9.287375725932314101e-04 6.535495856836139256e-04 5.007996530750697317e-04 4.299494921240172639e-04 4.087368292976249675e-04 4.132686913860176658e-04 4.242293557127956786e-04 4.234946168063201660e-04 3.951033439840136922e-04 3.338727301772393958e-04 2.531750314887502070e-04 1.757557623918609734e-04 1.163844286153133421e-04 7.729984923963505552e-05 5.423738802655691285e-05 4.196485842454641870e-05 3.637102711703030217e-05 3.461752338960702213e-05 3.472396956726472422e-05 3.513294978163185734e-05 3.441714075221492949e-05 3.140459316364994517e-05 2.592119372779651834e-05 1.924864925155561366e-05 1.316905312140618314e-05 8.667220527822365895e-06 5.772556493178889176e-06 4.091382346177393719e-06 3.205674908861534681e-06 2.801904945441803340e-06 2.669003350550476402e-06 2.663497474421792275e-06 2.674881939572947300e-06 2.600445465659856648e-06 2.353880064307433704e-06 1.925631707251575314e-06 1.417763036594640594e-06 9.644291789426187064e-07 6.339367327236806257e-07 4.235201573173699678e-07 3.018466972217842504e-07 2.377160577189459262e-07 2.083595802830481621e-07 1.986364474456038499e-07 1.982105468581425997e-07 1.988787451592987783e-07 1.927756114731258139e-07 1.734949818196890727e-07 1.409144814091006461e-07 1.031372278126660365e-07 6.994316684741534260e-08 4.595867256001874091e-08 3.075945449002695332e-08 2.200328969889010222e-08 1.741597286801918073e-08 1.534009793217259782e-08 1.466354504543107240e-08 1.462131065835144340e-08 1.461620396078362243e-08 1.409580876539013077e-08 1.262706572076957769e-08 1.022224734849965724e-08 7.465953393637964173e-09 5.056839486604332271e-09 3.323288428018732286e-09 2.229231647665466637e-09 1.601122368746113263e-09 1.272233638807727862e-09 1.122009760730714708e-09 1.070720364803564739e-09 1.064812291148977479e-09 1.062730497870140890e-09 1.024523239785721606e-09 9.172070232160335963e-10 7.409669526464444659e-10 5.396662336194849175e-10 3.649057941517587672e-10 2.398515678681794423e-10 1.611227661928005906e-10 1.158989050180814990e-10 9.217204982523687085e-11 8.135096265463229590e-11 7.774452434869834456e-11 7.745369581622515644e-11 7.735575942131862181e-11 7.444905791235738146e-11 6.640945840162687436e-11 5.346279010934122170e-11 3.886928678504100008e-11 2.627390598488478285e-11 1.727468300926907350e-11 1.161311116529427088e-11 8.368648480675300943e-12 6.675763511210348512e-12 5.909820536602680149e-12 5.653548251387612519e-12 5.622709264287681452e-12 5.597382610581073072e-12 5.372404958005363938e-12 4.787147669605511873e-12 3.853386747484249058e-12 2.799989658934971390e-12 1.890549576706497044e-12 1.242068988000602799e-12 8.351495508243410904e-13 6.021136635346985794e-13 4.799485622430735495e-13 4.236947043615372463e-13 4.038316399336999537e-13 4.005622509533365087e-13 3.982765099056506000e-13 3.816325650147655041e-13 3.382172765295392858e-13 2.689532755965900847e-13 1.911563162664730710e-13 1.240479041775320085e-13 7.573079803008308227e-14 4.459050797648541250e-14 2.573695934298771379e-14 1.469943016436241173e-14 8.350193850216108646e-15 4.730577580438967260e-15 2.676393175319336722e-15 1.513213590568369287e-15 8.552805548092097151e-16 4.833303987913194830e-16 2.731121893990877837e-16 1.543182934047009854e-16 8.719328205660650995e-17 4.926556707738054017e-17 2.783567124650260009e-17 1.572747630147378125e-17 8.886199021508869062e-18 5.020798963923712159e-18 2.836804904662984961e-18 1.602824496265217426e-18 9.056124371715898621e-19 5.116803459876451297e-19 2.891046498716752196e-19 1.633470968993493331e-19 9.229278928692920640e-20
7.916432124585476315e-05 1.440406302437972430e-03 2.419029994106803878e-03 3.030646979213692457e-03 3.245554528739076714e-03 3.054708486025391537e-03 2.546147593597888632e-03 1.909351795209643246e-03 1.332159419024604372e-03 9.081294990118362253e-04 6.407419793971865169e-04 4.937521757690252824e-04 4.270397660542228115e-04 4.089451087647716257e-04 4.161477149982625943e-04 4.298472378490212058e-04 4.321645407014709198e-04 4.066509278454725367e-04 3.467934756806874646e-04 2.650122511085952512e-04 1.848124795260374406e-04 1.225051457892149494e-04 8.120877962365728427e-05 5.676345839146414857e-05 4.373542518830172250e-05 3.780089149254398838e-05 3.597831974035059027e-05 3.621171417282211349e-05 3.690585430194993503e-05 3.658601809050333686e-05 3.394095775207808883e-05 2.854719332762118100e-05 2.155017176688101105e-05 1.489192234002456547e-05 9.821337477085413735e-06 6.505183294305253474e-06 4.557772920499650157e-06 3.521283745777835301e-06 3.041933258790860040e-06 2.880471056959152823e-06 2.876661564740606051e-06 2.911278676116544238e-06 2.875244583253503897e-06 2.666367696133554781e-06 2.245222216517888466e-06 1.696208937763799971e-06 1.172163795327060422e-06 7.729683227472039934e-07 5.118370542119126780e-07 3.580108811646046874e-07 2.753628079049015667e-07 2.362814859492972027e-07 2.223172057790118016e-07 2.212065168447209126e-07 2.237815625314951859e-07 2.214456082787382578e-07 2.059621979354215780e-07 1.739730349018199215e-07 1.318355753930796519e-07 9.133702655385502586e-08 6.029276046263252021e-08 3.986577418807652094e-08 2.776958751835127887e-08 2.123968357850133964e-08 1.813463631936504075e-08 1.700442984659882536e-08 1.687700540990536334e-08 1.703708914262381881e-08 1.684450571527439878e-08 1.570067331694545943e-08 1.333768311615491673e-08 1.017832903892246843e-08 7.088372052956728799e-09 4.688053033778817683e-09 3.096385744768868639e-09 2.149550907695877657e-09 1.635404937002684210e-09 1.386764443119097711e-09 1.290620572155935726e-09 1.272934331945955132e-09 1.281334228988080989e-09 1.269505281340361353e-09 1.191215305277545173e-09 1.020729374369035373e-09 7.848006270912632508e-10 5.491548304026780570e-10 3.639075165553007959e-10 2.401071390051556565e-10 1.658952071789005511e-10 1.251606230298269584e-10 1.051189925024651707e-10 9.714141404468199817e-11 9.555786983863606405e-11 9.630515141550491963e-11 9.574826970082332758e-11 9.027015254166362338e-11 7.781325486115359739e-11 6.023862628625630572e-11 4.240618063060057509e-11 2.818551305414202419e-11 1.857198410516848795e-11 1.276219285489060742e-11 9.555594756558242108e-12 7.969965468632411738e-12 7.329374733823953022e-12 7.185472007793566505e-12 7.223570503324372614e-12 7.178479907611519972e-12 6.793250566349232756e-12 5.904788517033982798e-12 4.616044277714854665e-12 3.272436614296850156e-12 2.180194041080324994e-12 1.433742062655489242e-12 9.796867775903990840e-13 7.271119823073812322e-13 5.998955993494058713e-13 5.457076716072554825e-13 5.305376596721677057e-13 5.312323325831681464e-13 5.284016548207065185e-13 5.021271213039295872e-13 4.378825657984806508e-13 3.411652897066237417e-13 2.377582847165733973e-13 1.519063563879664690e-13 9.171934788135300068e-14 5.359200345857320079e-14 3.076059837986919033e-14 1.749150207636966602e-14 9.898706656844269315e-15 5.588386962797904871e-15 3.151233265784580087e-15 1.775922907957529407e-15 1.000562718684427846e-15 5.636400548572221065e-16 3.174872755731189901e-16 1.788269362856284327e-16 1.007233491103317564e-16 5.673130192264610082e-17 3.195312299251769380e-17 1.799712355464738513e-17 1.013660680260819221e-17 5.709288220717296076e-18 3.215668090964049394e-18 1.811174761705679367e-18 1.020115669122550958e-18 5.745640267944770087e-19 3.236140933531942603e-19 1.822705154252465735e-19
7.835298680340302738e-05 1.423304485866027768e-03 2.386438211412267307e-03 2.985055840736455194e-03 3.191608250704301795e-03 2.998817534414629712e-03 2.494896189138523339e-03 1.867396970801544305e-03 1.301128881378992930e-03 8.871283081523700974e-04 6.277245081696536779e-04 4.865888029591984641e-04 4.240761290954180680e-04 4.091058318106933437e-04 4.189759711092256190e-04 4.354038164082262388e-04 4.408119185411482990e-04 4.183296485683459464e-04 3.600907769382004375e-04 2.773959007640657091e-04 1.943929129652320511e-04 1.290096038614992405e-04 8.535861091905630135e-05 5.943008339088720485e-05 4.558710621040036750e-05 3.927842822609553303e-05 3.736880989533472157e-05 3.772109491114127689e-05 3.870264479839396213e-05 3.880367113675464486e-05 3.658718642495413520e-05 3.137081562336091652e-05 2.410329938645169154e-05 1.684888202105782657e-05 1.114913140217622340e-05 7.349892541340002915e-06 5.091485981245806578e-06 3.876403206915351070e-06 3.305704976254228269e-06 3.107451376878148396e-06 3.101568112547289619e-06 3.158480943066978207e-06 3.163334187402753882e-06 3.001033404385853352e-06 2.601692615870090463e-06 2.021665100344673466e-06 1.424257588167963201e-06 9.453246785920665269e-07 6.219502982456079528e-07 4.274873421253732291e-07 3.209972815506369674e-07 2.691161228103855159e-07 2.491987410708683553e-07 2.464750382848255428e-07 2.505026128696173059e-07 2.520451712505635587e-07 2.414967235344473060e-07 2.121576522094526606e-07 1.671367871339589931e-07 1.190310001663665375e-07 7.942232929446544254e-08 5.215031580830575878e-08 3.549662007081945340e-08 2.624145334373800911e-08 2.164107638712111837e-08 1.979244118892838056e-08 1.943907310815535369e-08 1.970326543502983803e-08 1.985279705988888614e-08 1.915738495630425798e-08 1.706117254832372275e-08 1.367411789259130233e-08 9.883020505706196075e-09 6.645070836178840512e-09 4.360383176826329562e-09 2.943470167402230294e-09 2.145663038946442087e-09 1.740326645385589594e-09 1.567041660730872750e-09 1.520843599007108023e-09 1.531694605402361589e-09 1.544910582428499803e-09 1.505450297168797647e-09 1.363851248763034717e-09 1.114421378744321332e-09 8.180956024513757407e-10 5.547926112426567343e-10 3.643110479742868750e-10 2.440940641090226640e-10 1.752117965788038506e-10 1.392902245790251538e-10 1.231373517488431737e-10 1.181440461251675629e-10 1.185993923464656537e-10 1.200800513964429273e-10 1.181418401489089450e-10 1.085746842040665386e-10 9.025147888184290334e-11 6.733373677821669010e-11 4.615783059440311520e-11 3.038133308095286093e-11 2.020996938917597234e-11 1.428541980284106068e-11 1.114519432642405339e-11 9.696280237783527155e-12 9.209505256935159893e-12 9.199424745525649516e-12 9.307923115604354681e-12 9.203468285663812907e-12 8.566824551196447128e-12 7.258844527183651383e-12 5.520652782781892550e-12 3.832021991467856959e-12 2.529526085273477571e-12 1.671674426076987960e-12 1.164523597781614111e-12 8.907857960786576955e-13 7.593122626421089792e-13 7.090943307128733559e-13 7.006402482833026320e-13 7.064691785129630027e-13 7.019363462205001534e-13 6.611224078205798952e-13 5.676263796083661753e-13 4.340306609824236694e-13 2.972327889895597560e-13 1.873268146876791832e-13 1.120037595717633179e-13 6.498906031951104639e-14 3.710653384464814357e-14 2.100933557331683661e-14 1.184430295693383794e-14 6.663030369298082269e-15 3.744330805341690858e-15 2.103069905697684452e-15 1.180930961178988582e-15 6.630417728879845700e-16 3.722448031022945943e-16 2.089781729244521611e-16 1.173180644261761233e-16 6.586044750274871689e-17 3.697282086188404328e-17 2.075581456808779729e-17 1.165189975521455867e-17 6.541142353765552044e-18 3.672065188595438756e-18 2.061422827374794162e-18 1.157240732637412058e-18 6.496512789256812841e-19 3.647009250191291006e-19
7.751983611093862358e-05 1.405743651066810804e-03 2.352975381132613522e-03 2.938253166190612099e-03 3.136238745776767992e-03 2.941481869566520482e-03 2.442368509432936690e-03 1.824474250728097546e-03 1.269446384599847441e-03 8.657450107973458861e-04 6.144928284892447762e-04 4.793236381034238105e-04 4.210520239693829494e-04 4.092265496990713110e-04 4.217455883944311681e-04 4.408916732090285124e-04 4.494175545228467727e-04 4.301148074609442945e-04 3.737517464391264580e-04 2.903391826071575034e-04 2.045264247288754557e-04 1.359251577090296299e-04 8.976750907466261560e-05 6.224759688625487481e-05 4.752546371033756036e-05 4.080638479008255734e-05 3.879030724053987366e-05 3.925065217602359270e-05 4.052021525118439479e-05 4.106136680644041783e-05 3.933347133445253073e-05 3.438979550770025962e-05 2.692448378117589806e-05 1.906876869931407593e-05 1.267825573925767491e-05 8.326608648764781878e-06 5.704817675817573833e-06 4.278007167472295206e-06 3.596930615037569316e-06 3.351785525906552832e-06 3.339032995329844868e-06 3.416648433893469694e-06 3.463939964950627733e-06 3.356072122726942551e-06 2.994337724893147869e-06 2.397996399817767872e-06 1.728427865741172474e-06 1.158903834461945266e-06 7.597536352952032255e-07 5.140124600842276443e-07 3.768130363226610536e-07 3.081126793845006549e-07 2.800133299408188536e-07 2.744607182809217538e-07 2.792911035469942226e-07 2.845578175053602619e-07 2.797647074818990004e-07 2.552447881835109640e-07 2.096456537154301085e-07 1.544190150574657354e-07 1.048514743947766747e-07 6.877771076816837212e-08 4.594811219276740563e-08 3.288423654474023011e-08 2.613111260110544783e-08 2.318491995176466968e-08 2.239550484115626398e-08 2.265825617587681838e-08 2.312311102382888338e-08 2.296051937473084850e-08 2.136512471923817108e-08 1.803072618088001779e-08 1.363809168498689080e-08 9.423143622226211228e-09 6.206781282000578352e-09 4.107621969789974929e-09 2.879046723302158533e-09 2.226690140309128659e-09 1.924731313993777794e-09 1.822539900365705611e-09 1.822193140730386852e-09 1.854789850478069569e-09 1.858085436460114789e-09 1.766086194031593555e-09 1.535330307669411228e-09 1.195660963082752755e-09 8.430238788118740262e-10 5.595092642583021942e-10 3.681363260613598379e-10 2.531961844690948325e-10 1.902654744109975254e-10 1.594874894347221614e-10 1.474785989930843725e-10 1.456446869717859794e-10 1.481148036888217109e-10 1.497861227784944462e-10 1.450961434217286244e-10 1.295054189624635769e-10 1.037648417644426678e-10 7.487423476996716341e-11 5.028529356284753716e-11 3.300320453789184568e-11 2.231218273733563533e-11 1.630254021463964023e-11 1.326154637747370594e-11 1.198628321187258182e-11 1.168948303408438841e-11 1.183974066002977997e-11 1.201554526891956064e-11 1.179105595512024570e-11 1.077869562144600033e-11 8.904864203247156954e-12 6.604172993868258183e-12 4.504512269098571462e-12 2.957213172828061902e-12 1.970583468635101920e-12 1.402724310253700544e-12 1.105908380822005679e-12 9.714400051773805535e-13 9.278824383569779705e-13 9.290156116892041726e-13 9.415785664748115477e-13 9.336762556707800801e-13 8.715899774762297979e-13 7.375440602952485555e-13 5.545573003909730641e-13 3.739945485733756289e-13 2.329034655985525644e-13 1.380449477877974043e-13 7.958573696994166917e-14 4.521238042562163223e-14 2.548978472565457208e-14 1.431479262165859224e-14 8.023350016980705588e-15 4.492721938605875910e-15 2.514558717117145504e-15 1.407074142581337129e-15 7.872708595875784052e-16 4.404600204816904580e-16 2.464196184233742507e-16 1.378595014766229273e-16 7.712484685890437681e-17 4.314695678622289578e-17 2.413822567397468360e-17 1.350393386706032344e-17 7.554664739393443319e-18 4.226394552398633950e-18 2.364421069763157653e-18 1.322755410190978310e-18 7.400042811222175243e-19
7.666416404195873773e-05 1.387709106180120677e-03 2.318614384287392364e-03 2.890202463318711657e-03 3.079407560967736390e-03 2.882662724533923554e-03 2.388544431313478246e-03 1.780564505795333022e-03 1.237119535252732827e-03 8.439749605320171454e-04 6.010609860573528978e-04 4.719546283769377923e-04 4.179754601971643474e-04 4.093043663779587704e-04 4.244556450701916133e-04 4.463000326030045037e-04 4.579626798588996633e-04 4.419791392811734049e-04 3.877596722005659333e-04 3.038532628986183272e-04 2.152433422558365722e-04 1.432813220724687509e-04 9.445515360595213876e-05 6.522743388361708144e-05 4.955620288458734265e-05 4.238846748837338545e-05 4.024352060249735080e-05 4.080058285818944969e-05 4.235418263590571533e-05 4.335161192294950525e-05 4.216700949579082287e-05 3.759849673120359558e-05 3.002749076733667711e-05 2.158217187502187246e-05 1.444043764731349593e-05 9.459031162303498414e-06 6.412671649630564779e-06 4.734628478529444425e-06 3.920184094887671334e-06 3.615748272558579841e-06 3.590049777772030696e-06 3.686018723243680997e-06 3.776391792734086442e-06 3.729442940091450911e-06 3.421312325737236188e-06 2.827797812826612208e-06 2.092633477305518728e-06 1.423085876877921475e-06 9.327256420609770899e-07 6.224780958459918620e-07 4.457028798737418965e-07 3.549121379358376443e-07 3.156962743109435034e-07 3.057278555528304789e-07 3.104932640728686078e-07 3.190812716967281955e-07 3.204655520420839537e-07 3.027575098014246792e-07 2.595916631995231713e-07 1.988591593836069432e-07 1.384034585493306372e-07 9.130589427488341661e-08 6.019334637591165980e-08 4.182731051827202530e-08 3.199412543766951270e-08 2.740816100290074839e-08 2.587712979748887063e-08 2.597241413393098897e-08 2.667834602010890645e-08 2.707770877199165039e-08 2.618578155015478141e-08 2.326018993529226019e-08 1.853037595074251146e-08 1.329921165150407836e-08 8.894515572627623097e-09 5.829109420013180551e-09 3.953831794222204983e-09 2.915595527958729887e-09 2.403200373473845410e-09 2.199912953779500111e-09 2.165266667196494407e-09 2.206262012358326099e-09 2.250195423843708349e-09 2.221281241600852305e-09 2.044729256890608475e-09 1.699485238400393565e-09 1.264447170342956237e-09 8.629354056608373039e-10 5.662607973972954485e-10 3.773509442904297530e-10 2.689328868844084772e-10 2.125048026614547274e-10 1.872630467720425062e-10 1.797266148146881751e-10 1.812718846318582347e-10 1.856349941444168011e-10 1.865972914402671919e-10 1.772203894584496758e-10 1.532620371608309776e-10 1.184976760759452168e-10 8.306757144273446804e-11 5.499163059847934472e-11 3.622195941870273352e-11 2.503284487471960978e-11 1.896728317440988716e-11 1.606576162663074874e-11 1.501122585754810071e-11 1.495094736339481345e-11 1.529449135784818561e-11 1.552708939270755662e-11 1.509431105925283782e-11 1.354062476799103416e-11 1.091795586131371808e-11 7.916963693326945316e-12 5.324427254711799887e-12 3.487929009432677668e-12 2.349967891968184831e-12 1.711638251342505818e-12 1.389480454202159210e-12 1.253900335610866834e-12 1.220834177059087558e-12 1.235633435585885505e-12 1.257256829253291444e-12 1.243763347636901155e-12 1.151377977655046535e-12 9.616983019346032512e-13 7.125824907598746694e-13 4.742555397786429652e-13 2.922843533828628338e-13 1.718925981869710023e-13 9.850753536705450237e-14 5.568884700960611684e-14 3.126237543845215295e-14 1.748740282626691023e-14 9.764495994793755411e-15 5.447420961745529387e-15 3.037715129562218559e-15 1.693616030118670537e-15 9.441477105461268137e-16 5.263117392884345945e-16 2.933825736178907231e-16 1.635381244626608205e-16 9.115914279225586216e-17 5.081357843499951103e-17 2.832426602394920155e-17 1.578837163528242757e-17 8.800674699306275300e-18 4.905627512346125352e-18 2.734469782739978310e-18 1.524233996328514533e-18
7.578521439482191696e-05 1.369185115759185417e-03 2.283326288650302030e-03 2.840864818974773651e-03 3.021073801095459921e-03 2.822322463047340860e-03 2.333395846696669201e-03 1.735663332408222395e-03 1.204138506164780876e-03 8.218336564382603066e-04 5.874292821159937499e-04 4.644885176318788635e-04 4.148521697293824093e-04 4.093361819946078053e-04 4.271063778711037240e-04 4.516176369419161712e-04 4.664278947913763542e-04 4.538930292961121122e-04 4.020936284695126109e-04 3.179467485894074707e-04 2.265747692895638302e-04 1.511099061094239220e-04 9.944301036628587650e-05 6.838184678960564718e-05 5.168600765367037408e-05 4.402784865012119577e-05 4.173087212777767187e-05 4.236984179246660465e-05 4.420224536432692749e-05 4.566542717979108336e-05 4.507434101464395475e-05 4.098643453367141855e-05 3.342262226724748139e-05 2.442064312535909969e-05 1.647180660641939823e-05 1.077532148741406496e-05 7.233132743748927178e-06 5.256741287247210328e-06 4.281134968028444402e-06 3.902181225445660101e-06 3.855874207166660440e-06 3.966901426832372465e-06 4.100157491654452595e-06 4.118997022956811244e-06 3.879743971586209311e-06 3.311904578504293228e-06 2.524499230969946421e-06 1.748703645910778181e-06 1.150272094668970331e-06 7.592909102063972963e-07 5.315124288776137938e-07 4.116921229623735534e-07 3.574631119620658797e-07 3.409873354039448830e-07 3.445579570713333662e-07 3.558391039245799425e-07 3.634124523960294575e-07 3.540647327171239756e-07 3.167217924943121047e-07 2.534455251677725067e-07 1.821528393916335198e-07 1.217700755072165027e-07 7.972046586155504373e-08 5.401342130538106031e-08 3.978953358186254091e-08 3.278885921200049622e-08 3.007388914067788831e-08 2.975519231453752805e-08 3.057012819041519978e-08 3.149681051212845455e-08 3.144184392560493194e-08 2.929706992813637152e-08 2.466810407881606138e-08 1.857090488476871885e-08 1.276655085141174521e-08 8.382633586070799963e-09 5.552820777836413591e-09 3.917719086712254717e-09 3.066140814292025557e-09 2.688411121076266460e-09 2.580311331332164952e-09 2.610345826968477376e-09 2.686606887326007243e-09 2.725265044515286421e-09 2.632285463535586511e-09 2.333653576487128883e-09 1.852485387958914901e-09 1.323200233466962651e-09 8.817723515416188554e-10 5.779412505115431290e-10 3.939895644020990954e-10 2.930774833707358481e-10 2.437340562250283433e-10 2.245251304179383219e-10 2.218991388303084773e-10 2.270785958855556556e-10 2.330385091237432625e-10 2.318817254503968309e-10 2.152257380364240434e-10 1.801607505800094115e-10 1.347286570614324841e-10 9.220559709070047887e-11 6.052659759587635968e-11 4.024736634812695603e-11 2.856733140861964083e-11 2.247829051835416665e-11 1.976737106557256624e-11 1.899422439763799499e-11 1.923138520843517365e-11 1.980866990755996086e-11 2.007771309942507540e-11 1.931278055613239712e-11 1.700152691090203568e-11 1.340024876772500717e-11 9.527651165057791859e-12 6.337989578851676347e-12 4.154534346819619142e-12 2.835783244511415628e-12 2.114385367039410479e-12 1.764135105179677357e-12 1.630156481559498614e-12 1.612991288011626872e-12 1.647319325964816425e-12 1.681502331010939741e-12 1.659782245167267255e-12 1.525241448891849499e-12 1.259879364036122375e-12 9.220622093663067014e-13 6.068663177423216646e-13 3.706657796609573797e-13 2.164634233311498629e-13 1.233517037743806523e-13 6.940020031026833563e-14 3.879183888348142132e-14 2.161124480049547607e-14 1.201973409122510989e-14 6.679629531865823398e-15 3.710541759648283427e-15 2.060822363838549633e-15 1.144471013791535550e-15 6.355496826854470004e-16 3.529261119308125084e-16 1.959802167190104641e-16 1.088272054201652851e-16 6.043118840617298827e-17 3.355707679504651854e-17 1.863403456916453591e-17 1.034736174352531541e-17 5.745824473955622651e-18 3.190619795470919198e-18
7.488217470327215896e-05 1.350154795038238697e-03 2.247080138197158402e-03 2.790199153320005281e-03 2.961192213382873514e-03 2.760425660746909822e-03 2.276893729226715356e-03 1.689757845830562122e-03 1.170514367816261059e-03 7.993179928610726721e-04 5.736084140229925129e-04 4.569363553708539636e-04 4.116782511807268912e-04 4.093276874575009928e-04 4.296937467916377325e-04 4.568349432465930665e-04 4.747927495983320588e-04 4.658245258564153689e-04 4.167280804468819562e-04 3.326250940095236571e-04 2.385524008118980509e-04 1.594449915351218441e-04 1.047548157736819842e-04 7.172370446673443582e-05 5.392235396156622369e-05 4.572843740480278703e-05 4.325393965694109770e-05 4.395965989137752062e-05 4.606094847306791058e-05 4.799511942085518684e-05 4.804025297267889763e-05 4.453868606546426543e-05 3.711518461015567350e-05 2.761572021184646912e-05 1.881305515898378270e-05 1.230887950660455028e-05 8.188168763310470707e-06 5.857233221975482665e-06 4.686844187448260053e-06 4.214662900595771800e-06 4.138116016613280547e-06 4.259768785948157690e-06 4.434735394884519594e-06 4.522732982985081019e-06 4.365836592804059103e-06 3.849087030842026014e-06 3.030495838479678545e-06 2.147791254286219461e-06 1.424066426122124600e-06 9.328178954351645515e-07 6.393873459307612151e-07 4.813740568154223901e-07 4.069220635845913420e-07 3.811442723822210984e-07 3.820451786992964133e-07 3.951774545028496304e-07 4.085874764289004109e-07 4.085305400758674899e-07 3.802961370422928846e-07 3.187317866465605406e-07 2.382345656671161603e-07 1.627307603881407309e-07 1.065777964845433357e-07 7.079092954390988104e-08 5.032832782805451308e-08 3.979860044955168837e-08 3.526100424212571314e-08 3.416889198168160732e-08 3.488950600838117737e-08 3.624023201576258841e-08 3.706212195296607076e-08 3.601086762898853279e-08 3.204353568462855380e-08 2.549774230542987823e-08 1.824114627341305490e-08 1.215759385041109634e-08 7.955020509324911944e-09 5.408224308590997639e-09 4.016475849828301800e-09 3.346161227812534779e-09 3.099186302285282469e-09 3.084351191446601715e-09 3.176505710611146619e-09 3.278353315990699266e-09 3.285927871855196819e-09 3.086469775464114833e-09 2.625784487593379993e-09 1.993671816386847005e-09 1.376132624487936419e-09 9.036976113588000745e-10 5.974367465866140299e-10 4.203044474911062548e-10 3.277860141150675951e-10 2.862196873015236717e-10 2.737010054183660085e-10 2.765633430083842479e-10 2.856547944069166182e-10 2.926217684468480911e-10 2.872701125684827650e-10 2.600006783366814028e-10 2.107080987058260460e-10 1.528949107180176700e-10 1.026722416894084863e-10 6.719759399766810527e-11 4.534106535495685208e-11 3.316591889678343698e-11 2.709289647869594575e-11 2.463899934443648736e-11 2.422685249426679718e-11 2.484094926683668163e-11 2.570283811458784313e-11 2.597485530799609322e-11 2.471072188490828141e-11 2.136216823065579718e-11 1.649179102994774058e-11 1.152974017370310742e-11 7.607503314598393576e-12 5.001051623017959849e-12 3.462774405375895180e-12 2.641864714678124181e-12 2.260027175880374222e-12 2.131461398327918498e-12 2.137737545175120854e-12 2.200045065352436294e-12 2.252271238282574213e-12 2.219620954049280461e-12 2.027822974456903661e-12 1.660176706862837858e-12 1.203040606100415451e-12 7.845929827781627628e-13 4.755584752833253878e-13 2.759680794036243129e-13 1.564191926110301981e-13 8.758758665716796215e-14 4.874327804153933807e-14 2.704153202181713741e-14 1.497840044282213461e-14 8.290128264201705886e-15 4.586628274963934521e-15 2.537164580315400353e-15 1.403354732942061629e-15 7.761910898626943198e-16 4.292996858105085815e-16 2.374363879711241787e-16 1.313200571905879433e-16 7.262954563912409038e-17 4.016935999179560555e-17 2.221653215223064444e-17 1.228733177180014839e-17 6.795773548924614385e-18
7.395417033819935996e-05 1.330599994135428727e-03 2.209842700079182182e-03 2.738162234122373546e-03 2.899714645033963159e-03 2.696930782045315819e-03 2.219018360120012488e-03 1.642836076244228978e-03 1.136241993443691534e-03 7.764465382891956331e-04 5.596088884199866250e-04 4.492956584593236330e-04 4.084622830634539225e-04 4.092817115041421706e-04 4.322128060344400001e-04 4.619434088672919438e-04 4.830359972633130393e-04 4.777393071141426847e-04 4.316324769324481688e-04 3.478899013373729998e-04 2.512084302606750136e-04 1.683229137895411243e-04 1.104164975450858821e-04 7.526765076453420240e-05 5.627214497863138070e-05 4.749495392470368983e-05 4.481572776156006455e-05 4.556994385353641523e-05 4.792875497235303891e-05 5.033335211567568153e-05 5.104825722789574539e-05 4.823611765072727855e-05 4.110400705466963820e-05 3.119748543001460515e-05 2.150938700505549127e-05 1.409918753182684754e-05 9.304486211780873406e-06 6.551987799603868010e-06 5.146129545489891327e-06 4.557762726631977535e-06 4.438820840102355424e-06 4.565325546173653045e-06 4.779797284556638984e-06 4.938646561756012746e-06 4.875354523406438847e-06 4.435827566044875165e-06 3.614960097030032930e-06 2.633024666136289653e-06 1.768286513596249326e-06 1.153939247896126173e-06 7.762302747094637830e-07 5.679213603264089928e-07 4.662383464220841477e-07 4.273763237518186175e-07 4.236474134446988065e-07 4.375532647278102859e-07 4.561565528104714739e-07 4.656700428350659668e-07 4.492252384853110118e-07 3.944831948722079990e-07 3.085028819009910750e-07 2.172214125708211634e-07 1.435260248398598672e-07 9.408611549250338286e-08 6.479230191646255257e-08 4.912538475929040052e-08 4.183672185449993286e-08 3.944891100285225060e-08 3.977853855794512209e-08 4.137739135600047938e-08 4.301446333146323174e-08 4.324490157379912310e-08 4.051251437964555766e-08 3.421501434677199658e-08 2.576300543381234315e-08 1.767524384900248330e-08 1.157697930914061383e-08 7.662599379495288013e-09 5.420261059328135185e-09 4.268788096353554093e-09 3.775105440803441107e-09 3.657078868718968631e-09 3.735368148818544471e-09 3.886433908909711468e-09 3.997631505158509686e-09 3.936184277913444337e-09 3.577951586992899329e-09 2.916416544875350872e-09 2.125635161615127698e-09 1.428593516604534522e-09 9.329365502823502672e-10 6.277841122371232889e-10 4.589286285735056654e-10 3.757329846542831349e-10 3.428284493057005929e-10 3.378805007934991412e-10 3.469945583692504428e-10 3.602548794670380667e-10 3.672125928574358433e-10 3.547639295902885554e-10 3.127224674095252721e-10 2.456780198950562606e-10 1.736215174104199110e-10 1.149574646615937811e-10 7.538708688633900177e-11 5.183424700563741629e-11 3.915032365413919848e-11 3.314509719240025571e-11 3.103594374608560976e-11 3.108977974549528736e-11 3.218596876555147546e-11 3.339687186931123368e-11 3.362416699919915748e-11 3.164179524747689963e-11 2.689688412508289492e-11 2.038560964592569343e-11 1.405135255591134907e-11 9.217582024151135730e-12 6.086902216658428294e-12 4.277642964123587956e-12 3.335485080080061011e-12 2.917449051352408505e-12 2.799393795624048984e-12 2.839562086681913995e-12 2.941978674651576414e-12 3.020951770943020168e-12 2.975558244513387833e-12 2.707846367878317779e-12 2.202877012490314042e-12 1.584628910713219864e-12 1.026115039820125737e-12 6.179787258817316485e-13 3.565821052644906724e-13 2.010773634847961620e-13 1.120615704077165734e-13 6.208356541437913651e-14 3.429267414721543894e-14 1.891361039225461497e-14 1.042373178988574449e-14 5.742676555092629126e-15 3.163232129158899877e-15 1.742261280645368093e-15 9.595755980096121404e-16 5.284900080181541481e-16 2.910648221619012268e-16 1.603023875240972361e-16 8.828538387793662962e-17 4.862246145147181110e-17 2.677841194497586976e-17 1.474798344966949711e-17
7.300025777844408375e-05 1.310501155608382673e-03 2.171578235012296045e-03 2.684708075503189264e-03 2.836592678911608548e-03 2.631792484161886783e-03 2.159739842638447663e-03 1.594897520013698619e-03 1.101333668122307608e-03 7.532208379228191040e-04 5.454341200961434480e-04 4.415811008423361898e-04 4.052118218624381788e-04 4.091960343024175317e-04 4.346608152941751238e-04 4.669344560628788804e-04 4.911359447463564155e-04 4.896006842865886300e-04 4.467708003562567806e-04 3.637379153892558140e-04 2.645753345098870416e-04 1.777829291444243769e-04 1.164556105831140938e-04 7.902972424219726591e-05 5.874414367194134693e-05 4.933129165046658705e-05 4.641860567190455206e-05 4.720297011793899713e-05 4.980459811649619735e-05 5.267282834637482313e-05 5.408198429301130662e-05 5.205527096746222221e-05 4.538022446752208017e-05 3.519258608493675819e-05 2.461011406103014181e-05 1.619269246964705322e-05 1.061457237831448083e-05 7.360615673221835266e-06 5.669982645668777794e-06 4.937342293516388698e-06 4.760771143962061977e-06 4.884452220223134200e-06 5.135144583763051978e-06 5.365074384021556068e-06 5.403722976874955335e-06 5.066456599972592357e-06 4.279144329353632452e-06 3.216673630893198257e-06 2.199663314409019077e-06 1.436668131992236480e-06 9.513082842890392817e-07 6.767551386878284710e-07 5.383767118581077057e-07 4.812567894002603453e-07 4.702341309173807762e-07 4.835290227560676854e-07 5.064519034555937766e-07 5.252442688641992685e-07 5.223326307593135309e-07 4.795978612801991371e-07 3.940428066138267918e-07 2.885129025997993023e-07 1.941585204849525848e-07 1.266252542721885638e-07 8.491392007611795690e-08 6.178428495670493735e-08 5.038214579089828448e-08 4.593443657870468821e-08 4.544492647360163490e-08 4.703459337285329886e-08 4.932912280815736136e-08 5.087072371866416484e-08 4.982442600512323922e-08 4.465107940267855253e-08 3.569667025997033902e-08 2.556995238839872380e-08 1.701697218748528393e-08 1.110894706338983487e-08 7.544957337017697608e-09 5.613073741302644078e-09 4.697130610919139025e-09 4.377675657788612275e-09 4.389649457374908110e-09 4.562687580236337973e-09 4.766764086834596526e-09 4.861146654728688066e-09 4.678467475950055291e-09 4.101257470064668630e-09 3.204597413792992568e-09 2.253745668172057760e-09 1.486565002056672329e-09 9.738456043763788867e-10 6.723638976299592601e-10 5.130532820283813127e-10 4.402760147802677783e-10 4.171940982124883365e-10 4.210006596064561961e-10 4.373652757839249639e-10 4.549828322733170134e-10 4.603315848574348323e-10 4.368941385611631798e-10 3.750150793783073023e-10 2.861981365442848570e-10 1.977570777221114946e-10 1.296858091982063795e-10 8.557671984688567308e-11 6.014928914818685118e-11 4.693564807051075908e-11 4.106818897749731555e-11 3.942115398634947636e-11 4.008106232810069682e-11 4.179838081588009982e-11 4.344282223578307854e-11 4.356521551358244648e-11 4.058470107594180727e-11 3.398372923898324126e-11 2.535002489062808229e-11 1.726963234739498362e-11 1.128408021053741852e-11 7.492850769380703574e-12 5.343512351196168861e-12 4.250898661754037807e-12 3.790269016519800105e-12 3.689400133912321076e-12 3.777666964719885244e-12 3.937470382977324978e-12 4.057059736641724517e-12 3.999733410197860140e-12 3.634264966703236234e-12 2.946251242623446248e-12 2.109618231506890512e-12 1.359164334673891106e-12 8.143487913983750654e-13 4.675125009165426985e-13 2.623377998707470347e-13 1.455087447681077816e-13 8.024187037014295102e-14 4.412204898571206543e-14 2.422586024782405689e-14 1.329191208196920891e-14 7.290232298707177392e-15 3.997809772761282382e-15 2.192144718895054854e-15 1.201989853153046332e-15 6.590597310269988371e-16 3.613637718103709730e-16 1.981353754045326256e-16 1.086370717386425190e-16 5.956530667987595179e-17 3.265941739031996950e-17
7.201941690268441533e-05 1.289837161145434294e-03 2.132248195374679325e-03 2.629786916144438800e-03 2.771776070190324140e-03 2.564970600480120672e-03 2.099030841373775332e-03 1.545926667536986609e-03 1.065790946065344824e-03 7.296604145733791291e-04 5.311058848425424762e-04 4.338012796779349345e-04 4.019262091507752989e-04 4.090705376753159847e-04 4.370365031230583736e-04 4.717991391612901984e-04 4.990706591654605001e-04 5.013696927638153786e-04 4.621012187601909239e-04 3.801597534693198447e-04 2.786847826397287581e-04 1.878679659616682741e-04 1.229029261377744453e-04 8.302615912518918181e-05 6.134653570171870766e-05 5.124301285456989044e-05 4.806663121391972565e-05 4.886046332106511761e-05 5.168759319338651616e-05 5.500791907819861459e-05 5.712534356346620249e-05 5.596891687385487828e-05 4.992621731179589379e-05 3.962174701594407627e-05 2.816771118918576231e-05 1.864365460552262047e-05 1.215795380681950166e-05 8.307417177348840588e-06 6.272136843004282152e-06 5.360762865494749256e-06 5.107664175859025652e-06 5.218666025329343778e-06 5.500778700236936446e-06 5.800404532328584735e-06 5.946447438950089610e-06 5.733615784793802133e-06 5.020344821675102927e-06 3.909102445861416261e-06 2.737120984144529560e-06 1.798783559520467663e-06 1.177036542085122907e-06 8.153300288457063131e-07 6.274550474594725072e-07 5.449469155464108944e-07 5.229308901599394450e-07 5.337729060425714006e-07 5.599461138814286422e-07 5.873048235055755402e-07 5.986119955063832641e-07 5.722812278206011689e-07 4.946987488156512375e-07 3.795942748223121506e-07 2.628889618797922475e-07 1.721972302999454084e-07 1.132351886047521047e-07 7.929038394396141915e-08 6.175882777145878680e-08 5.411750683766176842e-08 5.218424664731922609e-08 5.340340684407741326e-08 5.611169980390901740e-08 5.883958977898008438e-08 5.970460177955836832e-08 5.650242627167658198e-08 4.817133600386294960e-08 3.649535313632723996e-08 2.507945093323961656e-08 1.639656002089203113e-08 1.081921647736197609e-08 7.636312860583330240e-09 6.013508220626433164e-09 5.329732765001335247e-09 5.185460016646028791e-09 5.331881363365184409e-09 5.602473602613150306e-09 5.848333619152745992e-09 5.886184436663188941e-09 5.514691381968517447e-09 4.653540020767140666e-09 3.493704046120333596e-09 2.385484442698972720e-09 1.556467462723779157e-09 1.031102492781234558e-09 7.351354813693230923e-10 5.866246602696415066e-10 5.256378640611643339e-10 5.139292475495927974e-10 5.280944333915700366e-10 5.529867009653852801e-10 5.750185965155488333e-10 5.764433238078802796e-10 5.369709191691711294e-10 4.491346763349521734e-10 3.338604871662873959e-10 2.264327239208189978e-10 1.476563546594423294e-10 9.838077534910860677e-11 7.082882049969156845e-11 5.705784477119243784e-11 5.142358145901682415e-11 5.039700289461623065e-11 5.185183415705495354e-11 5.437666080925839542e-11 5.656944215662606018e-11 5.651918813035782790e-11 5.219362587861100169e-11 4.314955276917215598e-11 3.176108829712853313e-11 2.143196722652511226e-11 1.396745512780366240e-11 9.329549031782081921e-12 6.746017638496443875e-12 5.463114038884271853e-12 4.950751930232679107e-12 4.875451807804798874e-12 5.030754999112025454e-12 5.272299680794814059e-12 5.454406376741564467e-12 5.391649644068605444e-12 4.904853971042234321e-12 3.975262737836452212e-12 2.841720356531244777e-12 1.825527406679698633e-12 1.089558543892164823e-12 6.227346155969550753e-13 3.477952512269052198e-13 1.919877828423521176e-13 1.053692047401306081e-13 5.766483026614406706e-14 3.151284090040367526e-14 1.720890624356050920e-14 9.394324978581235896e-15 5.127487235558773575e-15 2.798400693862588543e-15 1.527214400704743303e-15 8.334565889826146310e-16 4.548437354549053473e-16 2.482214262144676419e-16 1.354612317029068492e-16 7.392478570530658480e-17
7.101054212222968889e-05 1.268585146448894052e-03 2.091811021512736315e-03 2.573344708894007276e-03 2.705208679567725188e-03 2.496421716218632115e-03 2.036872773547235716e-03 1.495929571910543888e-03 1.029630074993409181e-03 7.057770915768538360e-04 5.166284033199159721e-04 4.259583762457507449e-04 3.986093299991055341e-04 4.089083829376763965e-04 4.393384052026442252e-04 4.765283866664129066e-04 5.068181248706287280e-04 5.130053476563729538e-04 4.775760926229083219e-04 3.971391242074792292e-04 2.935660433618965262e-04 1.986230499416845622e-04 1.297928663813827262e-04 8.727643289751958473e-05 6.408876029696599654e-05 5.323452459879171285e-05 4.976249421728648909e-05 5.054477845724198229e-05 5.357869275717222539e-05 5.733447915703003599e-05 6.016294860219363968e-05 5.994704685326597099e-05 5.471488696691576519e-05 4.449683854084327743e-05 3.223610157137853338e-05 2.151481171662957500e-05 1.398263184649491741e-05 9.422557767647243295e-06 6.969913481066268525e-06 5.837505262047722938e-06 5.484313657518056405e-06 5.569951638274869116e-06 5.876976330918851305e-06 6.243402769503314178e-06 6.499351572879369343e-06 6.428772359503539456e-06 5.831514270699569040e-06 4.716862238041633494e-06 3.400758756176093498e-06 2.262339327672416220e-06 1.469950108843900592e-06 9.939222528129762526e-07 7.392508400816259531e-07 6.214939825568829566e-07 5.832772427452422651e-07 5.890961312681513033e-07 6.171817393531581386e-07 6.521413648889361830e-07 6.774553532953197415e-07 6.704735059132387398e-07 6.088222112215938725e-07 4.923690133980471201e-07 3.546496543375533016e-07 2.358911755221348031e-07 1.534617155655268939e-07 1.039262167589862180e-07 7.726810173292497974e-08 6.472583881838960303e-08 6.041807024102899018e-08 6.075315025144923752e-08 6.354574421823003490e-08 6.721083709839797430e-08 6.995592829607881633e-08 6.931560770433893202e-08 6.294773874343266986e-08 5.092170544440979816e-08 3.672756931681247878e-08 2.446728408560081996e-08 1.592174728734143580e-08 1.076113109211010645e-08 7.971010598754059974e-09 6.654120890981532729e-09 6.202395881236080655e-09 6.238627790068584307e-09 6.527941433441066862e-09 6.898768146557473621e-09 7.166493372520738671e-09 7.091340644912682729e-09 6.448339608283643869e-09 5.236601832787696246e-09 3.791473648233944849e-09 2.529923741000997315e-09 1.645197693219855452e-09 1.109971555052633134e-09 8.208897253738800127e-10 6.845815810143450480e-10 6.371577155846686852e-10 6.388914644211695767e-10 6.655692967799746714e-10 7.006194315145561731e-10 7.269651660419464703e-10 7.213032033102057583e-10 6.594150817033411605e-10 5.382349483039501516e-10 3.908720762316747293e-10 2.611496319343974093e-10 1.699041494026624363e-10 1.145909062492825694e-10 8.457158556801771694e-11 7.020769701736861273e-11 6.493811086644153051e-11 6.474780470506411474e-11 6.725296136476433928e-11 7.083657837669967939e-11 7.374115498926863365e-11 7.345747264215023444e-11 6.736944875545467045e-11 5.513438307281103346e-11 4.015223333290493290e-11 2.688856801867627538e-11 1.749260009810321110e-11 1.174989498360311758e-11 8.601850164876402091e-12 7.073373362704987011e-12 6.495932536730697816e-12 6.456512738495216100e-12 6.703671268908860658e-12 7.060537113569376988e-12 7.338850083407484767e-12 7.288015896017866840e-12 6.658481901766365442e-12 5.414595572828176557e-12 3.876873507473114998e-12 2.489172658897490610e-12 1.482013126173784687e-12 8.438599670435269851e-13 4.691827514704388460e-13 2.577511452283072531e-13 1.407664422522205781e-13 7.665547660859677773e-14 4.168365058032041745e-14 2.265048243593745307e-14 1.230366861897867841e-14 6.682162965486822588e-15 3.628815564315155608e-15 1.970594637825188869e-15 1.070096036552756431e-15 5.810918434762560017e-16 3.155475741211673516e-16 1.713498450506802623e-16
6.997243213388966649e-05 1.246720303005210756e-03 2.050221820491531996e-03 2.515323570814311047e-03 2.636829801155533663e-03 2.426094229234103655e-03 1.973233629928828736e-03 1.444896488462846544e-03 9.928584328250682125e-04 6.815870943496357345e-04 5.020196349355514343e-04 4.180671865290366764e-04 3.952702799579135970e-04 4.087127121552235043e-04 4.415642668584931238e-04 4.811132238751780255e-04 5.143563717007281324e-04 5.244650274006208354e-04 4.931424321249865258e-04 4.146533894437303184e-04 3.092471257207136406e-04 2.100956007857384192e-04 1.371614006730737770e-04 9.179985196480933563e-05 6.697988951366236376e-05 5.531091710263181681e-05 5.151040876979855448e-05 5.225969539230821900e-05 5.547994942700594907e-05 5.964973872800531245e-05 6.318091831908154577e-05 6.395807255827069804e-05 5.970953486399905224e-05 4.981768530807811549e-05 3.686799552710251770e-05 2.487771545644620934e-05 1.614670780959381476e-05 1.074338602685387131e-05 7.784903015972992067e-06 6.379542287308786126e-06 5.897150618001134455e-06 5.941395390938830134e-06 6.264635229358538793e-06 6.693163230941436839e-06 7.058645443415088760e-06 7.142928779534686308e-06 6.701475268466648859e-06 5.640646251141774681e-06 4.209918673002122239e-06 2.853785816448600404e-06 1.851836069321358872e-06 1.226688802681740903e-06 8.819069450345672783e-07 7.152452110475947228e-07 6.534564474276134184e-07 6.505721792098128648e-07 6.787940643642221859e-07 7.202101250770648494e-07 7.586919149161418700e-07 7.723377476059878308e-07 7.334963166676765005e-07 6.267671150880635905e-07 4.741051571678015775e-07 3.241550044928913253e-07 2.109000944691993025e-07 1.391419278567160850e-07 9.890970248641675109e-08 7.886374253966285007e-08 7.076061512994626308e-08 6.945508394749607633e-08 7.189394008853172730e-08 7.615893628116383198e-08 8.053652030517306124e-08 8.265333763579671823e-08 7.941997757225571235e-08 6.886217278683438191e-08 5.288626747234903837e-08 3.658021093771308655e-08 2.389756658343534507e-08 1.567993022460430174e-08 1.098279869252929696e-08 8.587844539617241972e-09 7.575614093224843734e-09 7.360607757014917992e-09 7.588247173546602781e-09 8.033120451007824664e-09 8.504807061142653497e-09 8.762415674946038757e-09 8.498423914029837362e-09 7.487111735084085166e-09 5.858345295226119301e-09 4.109631059655238328e-09 2.697505516446249305e-09 1.760410617967074392e-09 1.216660762284661984e-09 9.355570487299331501e-10 8.131316574661240116e-10 7.815758360630787297e-10 7.995164367068324829e-10 8.415917886180777387e-10 8.888953949932597824e-10 9.193148353042996193e-10 9.024617422236209261e-10 8.102282477300330375e-10 6.467063663648642157e-10 4.602635067605214003e-10 3.039123678336543511e-10 1.977894268343875668e-10 1.352390848333790687e-10 1.022823839200461834e-10 8.727609356404477392e-11 8.254970131371669088e-11 8.349043160574324850e-11 8.739470623334327965e-11 9.238154523592495357e-11 9.623838091908922286e-11 9.569257929300724186e-11 8.735971008275084794e-11 7.098681735362238377e-11 5.128898573890368462e-11 3.414244092861776226e-11 2.217934757682418227e-11 1.496748092860383860e-11 1.107098778744521605e-11 9.218734600026496910e-12 8.556345365535622527e-12 8.565111507263395108e-12 8.936096184586305649e-12 9.453695037419418915e-12 9.878566720133028926e-12 9.875432060194177534e-12 9.091586297469198024e-12 7.447864215260355161e-12 5.361132612663646548e-12 3.449580197491097430e-12 2.052089386126241262e-12 1.164992933868047180e-12 6.450076579661726348e-13 3.526341810509691298e-13 1.916056811882580500e-13 1.037995791751684227e-13 5.614972407228489466e-14 3.035174445858890102e-14 1.640067919605183858e-14 8.860590313320032173e-15 4.786600164555132234e-15 2.585683930951573647e-15 1.396743508095354363e-15 7.544919709900286199e-16 4.075593127511820741e-16
6.890377802048445067e-05 1.224215664014121317e-03 2.007432119808562343e-03 2.455662430779052136e-03 2.566578976017172380e-03 2.353943528759093202e-03 1.908095806809691165e-03 1.392836739963416439e-03 9.555014555797968542e-04 6.571188737152104707e-04 4.873024696384350247e-04 4.101421296379850843e-04 3.919159071970989682e-04 4.084850138084037373e-04 4.437114041932962451e-04 4.855447895635905324e-04 5.216635642128295697e-04 5.357045823234050106e-04 5.087412435365350682e-04 4.326722076611078127e-04 3.257551671310044035e-04 2.223388295156494864e-04 1.450507222780692516e-04 9.661953414269759265e-05 7.003058201857037480e-05 5.747751057565284109e-05 5.331432284307551341e-05 5.400900940518905442e-05 5.739424007813827055e-05 6.195271902116658688e-05 6.616764137070938227e-05 6.797026306650328839e-05 6.486457485273262977e-05 5.556899701183107282e-05 4.211120867729581792e-05 2.881267720808229326e-05 1.872051188945547925e-05 1.231655189213178936e-05 8.744409142645574631e-06 7.002138045280495908e-06 6.354533316713023908e-06 6.337246419568841075e-06 6.665334846928113415e-06 7.149233124721772416e-06 7.621107673803193021e-06 7.867299384854326252e-06 7.615758892286881967e-06 6.673613508814669745e-06 5.180204117055612348e-06 3.603295582084363787e-06 2.350924181427735713e-06 1.533085656292004911e-06 1.066956771213947294e-06 8.324837204986179040e-07 7.366590501601144015e-07 7.197037338513654757e-07 7.455187421308266846e-07 7.920236579408266511e-07 8.425054265118647326e-07 8.766329063190555419e-07 8.652370544797268949e-07 7.802116968227302296e-07 6.243105513121187737e-07 4.443876327359149933e-07 2.928878557610877686e-07 1.901228573034669691e-07 1.297953179918359464e-07 9.825451160964999344e-08 8.414103809633662162e-08 8.003081705803829553e-08 8.149937153237132785e-08 8.595317691893665298e-08 9.158171352237855630e-08 9.626821761460860723e-08 9.682167386764110999e-08 8.969162961201260250e-08 7.405013734035682896e-08 5.418025956803340286e-08 3.626722455991370112e-08 2.351138277536674416e-08 1.574487542209618754e-08 1.153346225089661652e-08 9.533725466283747378e-09 8.829373575959774754e-09 8.861993416552054217e-09 9.298705387946019525e-09 9.915725800424573143e-09 1.048466648890668294e-08 1.068511494354351168e-08 1.013542343830256227e-08 8.646219936533795690e-09 6.534033820987635127e-09 4.463692769172860388e-09 2.900159559847420070e-09 1.910920659258056521e-09 1.358712270896287350e-09 1.086552541881002798e-09 9.800900780183114314e-10 9.673952611070532104e-10 1.005212228882021244e-09 1.066522482087020566e-09 1.128832390179945921e-09 1.163073347927954369e-09 1.129968119567373246e-09 9.976655387217229689e-10 7.806856379993847295e-10 5.462151782155869944e-10 3.574308341671753508e-10 2.331255078819030802e-10 1.616833542084193885e-10 1.251358409346474230e-10 1.094093186968458806e-10 1.054637294504748367e-10 1.079377442399499552e-10 1.137203870910651987e-10 1.205893749226653093e-10 1.257615039774275622e-10 1.250033831792172643e-10 1.139023491783237074e-10 9.220731371142805041e-11 6.628554005644994116e-11 4.392839045409236970e-11 2.849039300944650342e-11 1.928476746525036804e-11 1.437419832651203499e-11 1.208478845720981301e-11 1.130735869130924916e-11 1.137887321822038752e-11 1.191457677852078165e-11 1.265304101821958412e-11 1.329708290595883766e-11 1.340636464444904183e-11 1.248026747825579445e-11 1.034570142543886561e-11 7.518888626517631761e-12 4.863860763452463208e-12 2.896543430277999224e-12 1.641103511483158902e-12 9.051176775771086182e-13 4.924622168230600159e-13 2.661769233713104290e-13 1.434137018870688632e-13 7.715171149732149779e-14 4.147371627274213143e-14 2.228623750168625752e-14 1.197345333052941080e-14 6.432255235457463782e-15 3.455330220172346822e-15 1.856129673866816010e-15 9.970657631168713032e-16
6.780314936050966569e-05 1.201041690840823697e-03 1.963389378809577302e-03 2.394296212781626704e-03 2.494393070361395227e-03 2.279922972825767190e-03 1.841437598097126968e-03 1.339751084004857026e-03 9.175717164455517031e-04 6.323870219553379265e-04 4.724887462045098785e-04 4.021910581732559111e-04 3.885501355105239023e-04 4.082257795802442875e-04 4.457769278531460364e-04 4.898144878755265278e-04 5.287179857201195149e-04 5.466774414568048926e-04 5.243043510949214328e-04 4.511509795340597011e-04 3.431088564555517242e-04 2.354059141436333762e-04 1.535049123322736653e-04 1.017587758324212127e-04 7.325021506746266396e-05 5.973810461703323331e-05 5.517729271230439745e-05 5.579659625270799327e-05 5.932552964423976722e-05 6.424453707041772406e-05 6.911445554346414585e-05 7.195337708100520819e-05 7.012702261004488691e-05 6.171745279882108069e-05 4.800319996918926609e-05 3.340716996831948261e-05 2.178831833107293625e-05 1.420004272737340016e-05 9.882720807775930498e-06 7.724507730079675511e-06 6.867165043250861103e-06 6.763317677546406309e-06 7.081745659217231794e-06 7.611920866772122209e-06 8.184268861850512719e-06 8.593871500363654492e-06 8.557959912699636835e-06 7.800685198855880634e-06 6.319629312457045475e-06 4.542714320830655564e-06 3.002828686693629299e-06 1.939652790612416987e-06 1.310728492203070876e-06 9.823135572759949376e-07 8.376182157121306046e-07 7.987460436952526054e-07 8.183464684503186787e-07 8.681250172972434573e-07 9.292748054067971240e-07 9.828060473614085814e-07 1.000873814014887563e-06 9.479232562895161124e-07 8.051280593125007990e-07 6.036911484636437165e-07 4.089614664021298460e-07 2.645175059018252233e-07 1.747857431240347221e-07 1.256471946176230491e-07 1.020257788064877617e-07 9.325691373345923723e-08 9.281640956342002221e-08 9.693830969390523267e-08 1.033753631973920857e-07 1.101901721246418623e-07 1.145460190562780617e-07 1.122798042451889867e-07 9.982832446429991526e-08 7.846278187968809783e-08 5.501337618057120343e-08 3.599767262161867699e-08 2.342795087633880197e-08 1.618516311071855978e-08 1.246914726078942343e-08 1.086723189633561811e-08 1.048052976303888059e-08 1.077961356002351126e-08 1.145097580848708318e-08 1.226012520681435241e-08 1.291663295739363190e-08 1.299539687239618955e-08 1.204093128627296555e-08 9.951719526391583205e-09 7.287071182910191823e-09 4.873015671728908951e-09 3.151766048537530353e-09 2.107272853022691234e-09 1.545509995257813637e-09 1.283243159871532461e-09 1.195344620309464226e-09 1.205371453303858827e-09 1.267893042650425183e-09 1.353525149950845499e-09 1.434571300411909828e-09 1.472646213839993621e-09 1.417349345128083075e-09 1.233153504970071186e-09 9.487601600518642541e-10 6.545302926050535127e-10 4.254204533593573849e-10 2.783675758744099824e-10 1.957329815888369339e-10 1.546685567732957289e-10 1.380860966497631730e-10 1.352268071970157648e-10 1.397786551515977140e-10 1.481006115872838965e-10 1.575262439256706626e-10 1.645682268479448399e-10 1.638008507369907115e-10 1.494225868415411331e-10 1.209571028965836339e-10 8.678467364053002084e-11 5.733911112654770245e-11 3.710847931303522850e-11 2.513775427685766998e-11 1.881955081986390087e-11 1.592356805435819640e-11 1.498418066515652492e-11 1.513555898466564907e-11 1.588853434011821771e-11 1.692625739219589780e-11 1.789025654729682563e-11 1.821838255892092119e-11 1.720748401832279332e-11 1.450476744472464993e-11 1.069682370161599524e-11 6.983807292148767114e-12 4.173569274444641865e-12 2.362829760436875645e-12 1.298815249568219392e-12 7.033272950745460243e-13 3.780970181965516175e-13 2.025545828869837420e-13 1.083336527723840270e-13 5.789445109709939322e-14 3.092701830398811875e-14 1.651783059620932567e-14 8.821163930205790961e-15 4.710633465908761407e-15 2.515500030332356908e-15
6.666897792320054046e-05 1.177166158635321131e-03 1.918036434272815324e-03 2.331153796837865094e-03 2.420200247133814236e-03 2.203976384836580857e-03 1.773236273261000065e-03 1.285655498115116993e-03 8.791083154121053693e-04 6.074298865031893665e-04 4.576029180644952351e-04 3.942256553424433986e-04 3.851774864133528488e-04 4.079353192117862389e-04 4.477576120959841032e-04 4.939137280592069022e-04 5.354972505678826447e-04 5.573334513923834579e-04 5.397547083018126380e-04 4.700337060847460278e-04 3.613234389201120441e-04 2.493562594107724337e-04 1.625758606699377249e-04 1.072456721167968095e-04 7.664990068692316048e-05 6.209654455190277993e-05 5.710207559790580719e-05 5.762651810798046198e-05 6.127884643181937452e-05 6.652854491666071446e-05 7.201621954344692204e-05 7.588010490052438204e-05 7.543829441019573125e-05 6.820919277377645803e-05 5.456408380358649464e-05 3.875283526108783827e-05 2.545044973908668239e-05 1.646639353491779583e-05 1.124344836795299890e-05 8.571166201764934164e-06 7.448830104475382508e-06 7.227450179250518097e-06 7.518014824274882779e-06 8.082640450568014687e-06 8.746674564241954216e-06 9.315884963699490621e-06 9.511286391521581046e-06 8.999133772203837692e-06 7.624421140342537830e-06 5.701406996255630017e-06 3.850605571129507965e-06 2.482135749159153575e-06 1.636324964308546400e-06 1.177969679369161528e-06 9.634042127220849899e-07 8.911927915863419755e-07 8.987970734548982484e-07 9.491492181974381601e-07 1.019415877730504750e-06 1.090828255806787345e-06 1.138186497033342183e-06 1.124128981044495227e-06 1.012225652817706664e-06 8.065756608619167387e-07 5.702289818329428197e-07 3.731762507400817097e-07 2.414151561701093670e-07 1.654793055866216048e-07 1.268087378586996942e-07 1.103653741701594059e-07 1.064903870455116728e-07 1.095299006833632160e-07 1.162900334475827360e-07 1.246981820435086624e-07 1.323846992507744245e-07 1.354696733487839343e-07 1.288156285363911386e-07 1.096253746215309498e-07 8.220620795488001258e-08 5.564459028788839474e-08 3.596043041359005861e-08 2.375151593659831113e-08 1.707159950182375325e-08 1.385717814414495190e-08 1.266194301508473649e-08 1.261131806726767078e-08 1.320552656129255860e-08 1.414591370109980481e-08 1.517018735759236875e-08 1.589760042613028763e-08 1.577143087340874673e-08 1.427013466658655167e-08 1.144448331269442817e-08 8.150302994026244713e-09 5.361504881928631122e-09 3.468939600390371029e-09 2.362421765806171156e-09 1.788851592350990952e-09 1.537482049791628428e-09 1.471394005624144559e-09 1.509071455511102916e-09 1.602570148079294295e-09 1.719242611193135030e-09 1.824234994065424498e-09 1.866957018370866020e-09 1.782950082108016516e-09 1.532631876532819326e-09 1.163053744063096221e-09 7.933787720872576220e-10 5.130658395873973939e-10 3.368955794174510765e-10 2.398293995068837256e-10 1.929057234075642202e-10 1.752165480851711311e-10 1.738151513492212043e-10 1.811698265424445692e-10 1.929409386641945151e-10 2.058807897658103775e-10 2.156425275148631235e-10 2.153426113269282135e-10 1.973042810949225320e-10 1.603676471227272913e-10 1.152407667024618583e-10 7.603096886744420842e-11 4.906439618983394488e-11 3.316971922416744484e-11 2.484437387827320912e-11 2.107920696861692032e-11 1.990110731815947713e-11 2.015178616594285446e-11 2.119103334843074502e-11 2.263011448827420284e-11 2.404929911527666520e-11 2.475787097898891044e-11 2.379495489265480429e-11 2.049908904603440840e-11 1.543063382888300414e-11 1.021785762851202923e-11 6.146952203081883751e-12 3.483201860289288127e-12 1.909646903282191959e-12 1.029398358428945292e-12 5.503357979773531210e-13 2.930690414945801659e-13 1.557800779333671960e-13 8.273197202287701954e-14 4.391865656552246755e-14 2.330944652703006567e-14 1.236997384708563722e-14 6.564227820963183556e-15
6.549953841414000446e-05 1.152553629964065242e-03 1.871310734801842146e-03 2.266156947379887720e-03 2.343925295467923740e-03 2.126058514283820505e-03 1.703484581871016765e-03 1.230562490189421538e-03 8.401337105604727261e-04 5.822807075404284969e-04 4.426766926945073055e-04 3.862636984274811849e-04 3.818041626936868839e-04 4.076137500216158067e-04 4.496498557259762888e-04 4.978335809264558542e-04 5.419777025606003183e-04 5.676222821146102585e-04 5.550156262155238373e-04 4.892582440397345031e-04 3.804069184397071706e-04 2.642492634101762500e-04 1.723185099250744141e-04 1.131100754270589464e-04 8.024091842621999479e-05 6.455592350430004473e-05 5.909054884484500435e-05 5.950253589900539542e-05 6.326001318928829893e-05 6.881038326853432794e-05 7.487152829483661022e-05 7.972724742027891703e-05 8.073789363754872196e-05 7.497139172436152320e-05 6.179066165455535326e-05 4.494062906007057439e-05 2.982440645793955889e-05 1.920586843535092761e-05 1.288193925124424411e-05 9.573244634347375843e-06 8.117039050330977646e-06 7.739889323821219324e-06 7.980125270240379928e-06 8.564341788443607955e-06 9.308271075878020475e-06 1.002817044138599355e-05 1.045993858204199504e-05 1.024072360644067347e-05 9.076110061344397863e-06 7.100032294344187855e-06 4.943050164222281146e-06 3.207667515272240004e-06 2.076277707306789035e-06 1.438673394229060931e-06 1.124542953820155164e-06 1.002462328202754348e-06 9.893600923351189267e-07 1.036048935265689742e-06 1.113341510294745880e-06 1.200909563860963755e-06 1.276005020585801994e-06 1.303564733167488243e-06 1.237598546436955747e-06 1.052182443094755680e-06 7.872373226613797633e-07 5.304555951559149514e-07 3.411052956623862176e-07 2.249192398557034120e-07 1.624771789060667929e-07 1.334166227446463192e-07 1.235386859695995420e-07 1.242644276067237914e-07 1.307368622720994250e-07 1.402148920139891401e-07 1.505526491931241825e-07 1.585925418495431016e-07 1.591179716322069257e-07 1.462467571911489900e-07 1.190315659563051212e-07 8.551533676408917456e-08 5.634542457777962487e-08 3.632311967183121178e-08 2.458083280105337797e-08 1.848414248663290626e-08 1.578082527753410185e-08 1.501041894256238281e-08 1.532518130412993062e-08 1.625513776302261445e-08 1.750894777346637005e-08 1.877504719131208516e-08 1.955020211736606099e-08 1.911689367812294479e-08 1.690231608228136239e-08 1.318455146576139426e-08 9.167835910777250577e-09 5.958907199591467064e-09 3.872126748324815067e-09 2.692606670047418257e-09 2.103725481854075153e-09 1.864365410741345600e-09 1.824087592351735560e-09 1.895598779653516265e-09 2.028113779133224552e-09 2.184705733127415007e-09 2.321112694186361753e-09 2.371000371584751470e-09 2.251810174745708505e-09 1.918475876370594957e-09 1.440833033310925781e-09 9.744223868261682999e-10 6.277237036560103222e-10 4.134396457040812396e-10 2.973181470113898218e-10 2.425537160521313568e-10 2.232900904316005087e-10 2.237549200404061439e-10 2.348463890491648998e-10 2.513067710783107005e-10 2.691260054191068963e-10 2.829092945347268502e-10 2.840142805802074607e-10 2.622590229374400127e-10 2.149909687214120152e-10 1.553627897992160865e-10 1.025624288482952104e-10 6.595247370418606916e-11 4.435601916831980184e-11 3.308536279481870613e-11 2.802833046053203498e-11 2.647789599629062063e-11 2.684553571104308198e-11 2.826347566682094329e-11 3.023929799314940554e-11 3.229187292746876606e-11 3.361052261628366301e-11 3.293873213089861420e-11 2.914191698098256576e-11 2.254179771189534938e-11 1.523394699087424542e-11 9.264975831332592233e-12 5.267066637954222494e-12 2.883121830856599670e-12 1.547607783287951732e-12 8.227769533314803278e-13 4.354296422003645558e-13 2.299470395296444468e-13 1.213124825321323058e-13 6.397007598720101883e-14 3.372457532080125893e-14 1.777727238576569266e-14
6.429292559041258352e-05 1.127165072994498968e-03 1.823143576752213205e-03 2.199221528513773446e-03 2.265494365112755409e-03 2.046118249676689895e-03 1.632161685633172661e-03 1.174502415379993650e-03 8.006983185698972110e-04 5.569735122515474899e-04 4.277367915388063002e-04 3.783240566936523007e-04 3.784371820083099760e-04 4.072605894148187107e-04 4.514494097366572893e-04 5.015638449927083001e-04 5.481360750027374851e-04 5.774991809465184920e-04 5.700022234036951829e-04 5.087360688925984158e-04 4.003531825015668581e-04 2.801502572602600845e-04 1.827972449386464646e-04 1.193860251917416761e-04 8.403453963198336050e-05 6.711774035982398588e-05 6.114289529270265004e-05 6.142742242266777467e-05 6.527529495676566429e-05 7.109764209585855261e-05 7.768268992188885787e-05 8.347863940009866621e-05 8.596868810087676162e-05 8.191245476070317276e-05 6.964624759467318829e-05 5.205193263285221961e-05 3.504545151665975483e-05 2.253102909369834173e-05 1.486898347148648504e-05 1.077050742008006311e-05 8.893952217728143917e-06 8.313718728486472071e-06 8.476275572758510765e-06 9.061962727384112305e-06 9.870766662787181585e-06 1.072767192838015986e-05 1.139082950599572285e-05 1.149514267031635267e-05 1.064071149183025990e-05 8.742243004448876277e-06 6.329623532764982299e-06 4.176275099485820539e-06 2.676037448136468211e-06 1.792367879731973935e-06 1.336685720617710979e-06 1.140886734895242574e-06 1.094148634345400615e-06 1.130537716854425676e-06 1.211603228330577934e-06 1.313252843506298406e-06 1.413912990004611492e-06 1.482549887447868259e-06 1.471761780639118853e-06 1.332612096945488668e-06 1.065904599216827189e-06 7.530738977641074764e-07 4.904099659218750190e-07 3.154159001516860826e-07 2.157165126960780989e-07 1.659622720123774226e-07 1.457127571708540045e-07 1.419637800466657806e-07 1.471737650480532770e-07 1.571814554115535817e-07 1.695222527527499896e-07 1.816657629456361226e-07 1.892857487203265368e-07 1.855992668156996156e-07 1.645037947004831935e-07 1.281824074180589841e-07 8.871586588195967429e-08 5.738009063750452189e-08 3.723863031249861939e-08 2.601822068339209363e-08 2.051765212441605766e-08 1.834336219611682099e-08 1.802868501434376612e-08 1.875232958266227181e-08 2.007287423916312426e-08 2.169560530960543247e-08 2.323582260894320889e-08 2.403206758831181033e-08 2.317237492178079979e-08 2.005133393255871655e-08 1.525775849120603858e-08 1.039863900985979776e-08 6.703043694578040761e-09 4.387097541428296568e-09 3.118442576042397530e-09 2.509218914550117528e-09 2.283115358127781198e-09 2.273578240159008865e-09 2.386603277559933144e-09 2.568248306023509755e-09 2.776361829189033161e-09 2.954969661040073656e-09 3.017704825827496512e-09 2.858146902110516947e-09 2.422297604494716084e-09 1.807015749711009275e-09 1.214604028212162312e-09 7.800284422248273922e-10 5.147399272403120860e-10 3.728603373928647528e-10 3.072786417982901745e-10 2.855832039163739778e-10 2.882924296889417947e-10 3.042709361490355581e-10 3.270679002354432521e-10 3.516926773773116802e-10 3.714713658962248005e-10 3.756563818416935705e-10 3.507913020163349816e-10 2.914358596008268752e-10 2.128066374856321060e-10 1.409575713836538359e-10 9.030146292898472095e-11 6.022246597269063377e-11 4.450118127057171358e-11 3.744743978695162580e-11 3.527824711870666956e-11 3.576371985979864070e-11 3.768384689600609437e-11 4.038144751120414759e-11 4.330369400009207708e-11 4.554201130643138063e-11 4.554631798838237855e-11 4.154844654479954574e-11 3.326521694826591132e-11 2.312494443715318347e-11 1.430181314689975274e-11 8.184300917591739639e-12 4.480128226572276474e-12 2.396157259340327777e-12 1.266893339863418563e-12 6.661535113650800803e-13 3.493781665870891286e-13 1.830226982169667061e-13 9.582429047040217512e-14 5.015700417883885114e-14
6.304702687001034810e-05 1.100957311467721036e-03 1.773459378502732428e-03 2.130258660972860103e-03 2.184824791599847878e-03 1.964100324326741118e-03 1.559273612735566188e-03 1.117500853351474340e-03 7.608502762246006825e-04 5.315632063671979404e-04 4.128138522675155056e-04 3.704252011136839932e-04 3.750835220694889445e-04 4.068744319055222461e-04 4.531510809804842528e-04 5.050923626807128902e-04 5.539539390423677771e-04 5.869138191525239117e-04 5.846128457643271501e-04 5.283744012517575892e-04 4.211468232679415669e-04 2.971216583120415066e-04 1.940836573223447803e-04 1.261136213065606874e-04 8.804324360232197299e-05 6.978182212372707510e-05 6.325692241520528567e-05 6.340218054864789148e-05 6.733078125513574665e-05 7.339900626493772609e-05 8.045739299666200648e-05 8.712591604636081273e-05 9.107672382552002262e-05 8.892786550953703034e-05 7.805711677262447629e-05 6.014644591113991123e-05 4.126390661511231036e-05 2.658144390677775917e-05 1.729566121245026722e-05 1.221417849948774690e-05 9.807639850388050621e-06 8.965376053067040981e-06 9.017224754085150152e-06 9.582658964804862957e-06 1.043839729307584598e-05 1.141435610187128544e-05 1.229415095044152113e-05 1.273332661743030969e-05 1.227184840958710620e-05 1.060704830745128248e-05 8.050744049031975357e-06 5.460066944738672003e-06 3.498063620447842598e-06 2.279647807231691934e-06 1.623107486507035424e-06 1.319146079118720318e-06 1.219812898360608547e-06 1.235715754967176584e-06 1.315316537308408388e-06 1.428154987443448666e-06 1.551788783898979129e-06 1.659004076466368805e-06 1.706357204660750348e-06 1.634206407966942964e-06 1.402704791104648005e-06 1.056097034628238594e-06 7.113858248579749305e-07 4.547511787692324985e-07 2.976778649620667813e-07 2.141785011567166245e-07 1.761649441859397973e-07 1.640940915843471451e-07 1.662411261334282760e-07 1.760079898700733651e-07 1.898019507185913842e-07 2.051871721738812377e-07 2.188919221415231190e-07 2.250303508275319159e-07 2.151240571771309305e-07 1.837072193899723200e-07 1.374022239651161594e-07 9.218812208292764621e-08 5.900160250393068472e-08 3.885615282848819598e-08 2.817734393117884626e-08 2.328691969080290754e-08 2.167318875430981418e-08 2.186153531809100901e-08 2.305535405745821594e-08 2.483836960378361593e-08 2.689930712898557844e-08 2.875628017979949128e-08 2.954885254006440667e-08 2.813059568905143814e-08 2.387997982153098486e-08 1.778519229052233348e-08 1.192214477411529085e-08 7.643298510380063067e-09 5.046987017933060237e-09 3.666222279389062602e-09 3.029695369166673688e-09 2.818286442945919438e-09 2.845557835198151340e-09 3.009478870741036333e-09 3.252733924900628524e-09 3.527436172168045835e-09 3.763672374841763682e-09 3.850212034456892805e-09 3.648722952999147107e-09 3.089032361640659185e-09 2.297995130991524178e-09 1.538984958556739365e-09 9.856688389623231920e-10 6.505761101805196389e-10 4.730590592703936831e-10 3.921354851745900138e-10 3.664877667804608397e-10 3.716464475500720327e-10 3.938213627270761853e-10 4.250655169704009209e-10 4.591513592437788393e-10 4.878543798744372876e-10 4.979408008406689150e-10 4.717788043074554915e-10 3.992316379774528170e-10 2.962315307143100720e-10 1.976484116470845531e-10 1.262229777502106658e-10 8.323315265890785847e-11 6.059272509124784149e-11 5.033689893655664686e-11 4.707783960035368498e-11 4.761908057617962036e-11 5.019502323822831493e-11 5.387254738984898898e-11 5.798648729430989857e-11 6.155310498264279016e-11 6.278342026827915069e-11 5.918841474594339212e-11 4.939095723046114598e-11 3.565741411433171793e-11 2.260828194935143404e-11 1.308864930698013368e-11 7.182882820133844888e-12 3.831700825316150199e-12 2.015242382553160618e-12 1.052677732567594527e-12 5.481197009778621023e-13 2.849837948612119704e-13 1.480728332157556111e-13
6.175948929890822390e-05 1.073882397848293768e-03 1.722174957780946711e-03 2.059171462767712436e-03 2.101825852508090037e-03 1.879964216952829210e-03 1.484811565515368635e-03 1.059612076609540684e-03 7.206449207559196364e-04 5.061060683698958814e-04 3.979487324619874035e-04 3.625872115200159018e-04 3.717500400985366432e-04 4.064526824351657412e-04 4.547477133196527774e-04 5.084071873246717244e-04 5.594123218132299440e-04 5.958065895921504321e-04 5.987588172551763094e-04 5.480510527046602177e-04 4.427527745394308888e-04 3.152300210352405548e-04 2.062578048789243340e-04 1.333393109870119179e-04 9.228132206355253687e-05 7.254631705310357202e-05 6.542729700105850792e-05 6.542526132098159565e-05 6.943082623508569750e-05 7.572489349080380010e-05 8.320749009110232214e-05 9.066674349883258478e-05 9.602126740367043550e-05 9.590548152435176144e-05 8.690691603393650049e-05 6.924706189033538208e-05 4.863909758567236451e-05 3.152864082955294964e-05 2.027976047912641172e-05 1.397091961279096861e-05 1.089380492380200802e-05 9.715349820538306228e-06 9.616293154547706000e-06 1.013637971319262508e-05 1.101836878657956905e-05 1.209133981000640522e-05 1.316506409959927397e-05 1.393101265044041568e-05 1.391660006954891295e-05 1.264472605022744495e-05 1.012328092556726926e-05 7.137451572563736785e-06 4.625665362505264422e-06 2.959254256647172412e-06 2.018510235695908498e-06 1.556450968859463005e-06 1.376736563443099086e-06 1.356986790848189603e-06 1.426878221692394518e-06 1.546329714911749995e-06 1.689651897556134296e-06 1.831928006116346685e-06 1.935641272808495855e-06 1.941631598930659481e-06 1.782406387292531147e-06 1.445464337874639111e-06 1.029054002213006795e-06 6.690550331798811231e-07 4.266536980134030719e-07 2.887747636470497693e-07 2.205985120934463214e-07 1.934512557869333142e-07 1.891422571666805394e-07 1.971762807047445955e-07 2.117823509995360769e-07 2.297534496440611091e-07 2.483768270872208179e-07 2.632663386349762421e-07 2.665581208635581189e-07 2.481120068593549874e-07 2.042410793551102559e-07 1.471883946869923790e-07 9.634929188084917082e-08 6.146023519950742847e-08 4.133248135739675777e-08 3.119062251891792992e-08 2.693170005694609408e-08 2.592794569765448291e-08 2.668870671658177748e-08 2.843644987404251996e-08 3.077452280620498225e-08 3.336163963548104763e-08 3.559476060219537893e-08 3.637167704077172179e-08 3.425824722877983118e-08 2.861988960536364959e-08 2.093829732213019068e-08 1.384786535027091679e-08 8.845945529789789194e-09 5.895133128773179250e-09 4.369673758756614018e-09 3.696092082171025230e-09 3.501197528467877691e-09 3.572820405720967436e-09 3.799036597650120393e-09 4.119082952306678665e-09 4.479410337507461011e-09 4.794958418938171147e-09 4.924577337222220494e-09 4.687006122195596267e-09 3.982737184126830640e-09 2.967669634890218737e-09 1.985406677976074918e-09 1.268297401848204232e-09 8.354356623065498805e-10 6.074261392372867531e-10 5.042113114826678979e-10 4.719957655082466290e-10 4.794032927209099087e-10 5.091126643606838860e-10 5.513226949683044299e-10 5.983837554862712889e-10 6.402317994243762053e-10 6.607302317245871460e-10 6.370915622137087585e-10 5.519221606353819323e-10 4.188779001619289880e-10 2.830449387698299898e-10 1.805615227000159214e-10 1.174944933801009446e-10 8.380728417051731389e-11 6.825071992304239768e-11 6.299329437867980319e-11 6.335958702278849197e-11 6.673836809487584089e-11 7.174423480727713869e-11 7.750271218775916068e-11 8.294774974749367192e-11 8.613625782046067828e-11 8.391984727363751332e-11 7.337517051039498180e-11 5.559822646240777648e-11 3.653944242714322602e-11 2.156276674570189881e-11 1.191051542996390622e-11 6.348140066270130587e-12 3.323068057821242685e-12 1.724377974969747335e-12 8.911142503265978622e-13 4.596328240337449481e-13
6.042767938351496326e-05 1.045886843365299032e-03 1.669198685682760346e-03 1.985851793276161622e-03 2.016410917150983795e-03 1.793655441600103609e-03 1.408798893809900393e-03 1.000881320091297558e-03 6.801650504504207955e-04 4.806611857112949864e-04 3.831890152792380324e-04 3.548334314806141326e-04 3.684435858441095345e-04 4.059914299410616171e-04 4.562284489586480190e-04 5.115000066803839125e-04 5.644796611436315959e-04 6.041378843654989428e-04 6.123239044254564145e-04 5.676373437812897446e-04 4.651114563814896601e-04 3.345384557087348006e-04 2.194113673749896454e-04 1.411179381257775657e-04 9.676575820646028919e-05 7.540784655548153604e-05 6.764474126928054088e-05 6.749141298484771681e-05 7.157677416619717930e-05 7.808655294317471123e-05 8.594648791499348952e-05 9.411055181726053786e-05 1.007717360501382938e-04 1.027372303335015013e-04 9.603887114891850941e-05 7.932092144322450329e-05 5.732667859068505398e-05 3.758028912710103414e-05 2.397434943025600565e-05 1.612856534655612490e-05 1.219847259302683503e-05 1.058876117026463312e-05 1.028976684916582158e-05 1.073562216429498060e-05 1.162110927015211649e-05 1.276614398608747706e-05 1.400415406137469414e-05 1.507163701261498641e-05 1.552363453929117768e-05 1.477983920455914154e-05 1.252404728668511378e-05 9.278797352645521825e-06 6.164251205185055869e-06 3.915202631808653171e-06 2.574887790672770821e-06 1.881877406290680241e-06 1.580909736015993181e-06 1.503123012106508143e-06 1.550873679134312289e-06 1.669748352935452106e-06 1.827973394949687364e-06 2.000874991123479823e-06 2.156399280852806901e-06 2.242183752701275341e-06 2.181539630412243490e-06 1.909944507919332615e-06 1.463188098706156172e-06 9.927720034933077815e-07 6.316174461866557673e-07 4.081222228741491102e-07 2.892671652339813457e-07 2.353453260496203403e-07 2.183715480583980973e-07 2.216501321437002829e-07 2.358093310136144404e-07 2.557600797581602162e-07 2.784340529512408369e-07 3.005090138968714678e-07 3.160786799341831956e-07 3.148901397667567337e-07 2.853150637290538584e-07 2.268129181281484098e-07 1.582064788058621110e-07 1.016550486204568432e-07 6.501998511404394136e-08 4.484435478585864765e-08 3.521616370570136890e-08 3.162067458730304351e-08 3.129989369017950321e-08 3.273055517042773150e-08 3.514538299773570330e-08 3.815772169903487437e-08 4.138414912917020145e-08 4.408114447508879166e-08 4.485916096929150863e-08 4.192400102704541365e-08 3.460246036431930183e-08 2.496289807400606319e-08 1.633097299271604981e-08 1.040271187022912097e-08 6.989411467115169453e-09 5.272087514490654784e-09 4.547539642998590356e-09 4.371433986592570356e-09 4.497226587287766690e-09 4.799683640392586739e-09 5.214711554203921044e-09 5.684134926809670396e-09 6.108393649336377564e-09 6.312311460683687505e-09 6.058199288694645681e-09 5.194615897242516845e-09 3.896852151402307819e-09 2.612238616016621310e-09 1.664515763317158544e-09 1.091283894680227133e-09 7.899208818957232109e-10 6.535713128857258514e-10 6.104234823587772128e-10 6.191430500596450311e-10 6.574965333500463301e-10 7.134241687970810407e-10 7.777830569925593314e-10 8.385598557351203969e-10 8.763188371866170114e-10 8.621422596266150343e-10 7.682979779329304720e-10 6.007601086583892251e-10 4.141217043941518868e-10 2.649588177941029176e-10 1.700618727902832134e-10 1.182889710454973829e-10 9.372736703901692789e-11 8.473843472387151556e-11 8.431206889249235972e-11 8.852350647455295158e-11 9.526610272446107498e-11 1.032964345475044152e-10 1.113858481199665051e-10 1.174956147411227283e-10 1.180232861860358603e-10 1.083514231194404280e-10 8.703037280924100742e-11 6.011813868448973970e-11 3.657358297538763817e-11 2.046671256858766803e-11 1.093206716765949733e-11 5.702271900828218609e-12 2.940091790830967134e-12 1.507581596731571544e-12
5.904863380537802789e-05 1.016910671819270346e-03 1.614428971710165890e-03 1.910181794463245352e-03 1.928484855679676695e-03 1.705138029296301202e-03 1.331248164034772681e-03 9.413923477974454543e-04 6.394932732085316287e-04 4.553047917281360306e-04 3.685868501337026494e-04 3.471909206836716502e-04 3.651712275987022182e-04 4.054859264988199636e-04 4.575789774489320578e-04 5.143572858742372685e-04 5.691364320711774817e-04 6.118460078464559981e-04 6.252097009541644464e-04 5.869685782618849854e-04 4.881421445687983418e-04 3.551027547914683028e-04 2.336480821456609974e-04 1.495154526857411000e-04 1.015177958525874017e-04 7.836207005638844462e-05 6.989592750953429903e-05 6.958893797318334794e-05 7.376779335977906333e-05 8.049074624213366246e-05 8.869317301811490339e-05 9.747280531661679564e-05 1.053152507156738659e-04 1.093261613127936518e-04 1.052648299804914261e-04 9.026148381419039316e-05 6.745672987607957737e-05 4.498123229137692466e-05 2.857897601327219616e-05 1.880454031596445367e-05 1.378205180963434439e-05 1.161667983413356651e-05 1.105655811681858815e-05 1.139539544167931033e-05 1.226017444227640229e-05 1.345094361493372705e-05 1.481865674925234701e-05 1.614833750872488163e-05 1.705120119016782410e-05 1.692247027053175301e-05 1.517839433936718129e-05 1.192122561769146218e-05 8.235005043233602063e-06 5.264751315185293198e-06 3.370195046271648937e-06 2.339911827610409267e-06 1.856695721077082948e-06 1.687800393390072445e-06 1.695124491953648654e-06 1.802655762766107792e-06 1.968610718680745352e-06 2.166114944659307470e-06 2.367106344136317139e-06 2.527743772028785064e-06 2.576156006912030310e-06 2.419622074879935852e-06 2.014212903134529191e-06 1.462168999623183148e-06 9.551959102371619892e-07 6.030988479304916796e-07 4.004367461274322484e-07 2.996595399516214454e-07 2.589586241465676916e-07 2.516960565895124823e-07 2.626463685589939868e-07 2.834381835403432038e-07 3.094773562797865035e-07 3.375279576782418127e-07 3.633246514534246086e-07 3.790014411731482831e-07 3.714852725367569452e-07 3.279775519077760221e-07 2.525204550975321349e-07 1.713059171110166666e-07 1.086242015207187139e-07 6.998204303527368923e-08 4.960306804222534619e-08 4.044434846449802515e-08 3.755648231269758188e-08 3.801933273480906019e-08 4.025391838140132514e-08 4.348782619609744746e-08 4.732905362648817978e-08 5.134390693884854886e-08 5.463615339865531495e-08 5.548440382022941862e-08 5.163797899428993136e-08 4.230322267876603697e-08 3.021872834369138735e-08 1.959824487516018460e-08 1.244520289009013482e-08 8.409167193326189113e-09 6.429519065270950263e-09 5.632875617468022914e-09 5.478477796378293508e-09 5.671639502683283244e-09 6.068202710815040981e-09 6.599929413868003287e-09 7.206657853127556399e-09 7.777487773313155709e-09 8.102813309211926545e-09 7.874038403583838319e-09 6.853466491000742327e-09 5.207695737249961296e-09 3.511592278504458375e-09 2.232694870616869168e-09 1.452463498583769439e-09 1.041462837712574783e-09 8.546767148164750265e-10 7.934192543060610475e-10 8.013389295783216621e-10 8.489301007684174067e-10 9.211807268988225034e-10 1.007656291919206082e-09 1.094648071862383112e-09 1.159401617208568106e-09 1.166098838441044068e-09 1.073409126372374370e-09 8.714168880497764084e-10 6.185109420288980776e-10 3.995879244365692063e-10 2.534285918608953489e-10 1.713111809849380533e-10 1.310991299198781422e-10 1.151073622605543380e-10 1.124916622578242293e-10 1.172049815668446363e-10 1.260125206165938641e-10 1.370855053162357735e-10 1.488805134488033456e-10 1.592154779027177512e-10 1.642613823947227750e-10 1.580253056025380490e-10 1.354307265249525046e-10 9.986043869648650128e-11 6.364670003022319181e-11 3.647266010526990818e-11 1.962956708102527795e-11 1.022538780882033820e-11 5.242099336788015668e-12
5.761899834776731288e-05 9.868862468693220466e-04 1.557752244225602770e-03 1.832036591654332292e-03 1.837943418851540342e-03 1.614374227834209632e-03 1.252211514680771345e-03 8.812313769998678537e-04 5.987301675932866964e-04 4.301286017491032904e-04 3.542009392543874727e-04 3.396905831845907562e-04 3.619401796255769391e-04 4.049298850192913578e-04 4.587872288677266879e-04 5.169512764317970265e-04 5.733629337287866759e-04 6.188878831357807987e-04 6.372892712005266387e-04 6.058716652383263528e-04 5.117260463062732684e-04 3.769686600319162068e-04 2.490842105471248219e-04 1.586118000244464193e-04 1.065651958198894042e-04 8.140444524976615608e-05 7.216402071873860991e-05 7.170003750928465394e-05 7.599347611066944660e-05 8.294396407139039546e-05 9.146490929639465356e-05 1.007767350679915949e-04 1.096563926190996752e-04 1.155968965634471908e-04 1.143802099338391649e-04 1.018760715783586222e-04 7.910102524101979174e-05 5.400713361450933548e-05 3.435302508586512879e-05 2.215898799662209998e-05 1.572553745717682265e-05 1.283813967048965288e-05 1.193835926130910545e-05 1.213207804768421961e-05 1.295185852403879022e-05 1.416243576691680947e-05 1.562310174543941809e-05 1.716547318053374927e-05 1.847348593876025342e-05 1.898537635417352565e-05 1.796247142420169640e-05 1.503625767451476132e-05 1.095323210109066798e-05 7.163482574217428910e-06 4.520824379460217996e-06 2.999322072972567722e-06 2.241604849602235736e-06 1.931805999218962811e-06 1.871932716190482159e-06 1.952642111323566720e-06 2.116020349849676286e-06 2.329719629273977317e-06 2.567745642697605080e-06 2.794213374306487743e-06 2.948536695342598185e-06 2.935170475166649094e-06 2.651529000804057565e-06 2.097337928567629984e-06 1.451096039075390904e-06 9.231753093758222873e-07 5.863220754108402367e-07 4.045645249761709191e-07 3.205810822828500662e-07 2.922168293821826328e-07 2.944453601497296397e-07 3.134211087021691433e-07 3.416381722510565093e-07 3.747624512355246570e-07 4.090697713764481889e-07 4.389918312130481755e-07 4.542425475102287164e-07 4.384634251477119117e-07 3.780178999666422528e-07 2.829585637383783293e-07 1.875759794642720610e-07 1.178875431167672238e-07 7.671782777197871463e-08 5.587248062815317483e-08 4.710867032732334492e-08 4.497951670235346075e-08 4.635759940496076620e-08 4.957621405281950759e-08 5.383164341487709217e-08 5.870721371110025543e-08 6.371072889008317166e-08 6.779290415432533935e-08 6.886784482373871558e-08 6.410131933844262036e-08 5.240919452860737357e-08 3.724294517798616339e-08 2.399272640482576572e-08 1.516990899495926421e-08 1.026750173215708605e-08 7.916019328104833514e-09 7.012563680547735719e-09 6.882503901083945091e-09 7.161729679999132351e-09 7.676491799027394402e-09 8.351908516713528277e-09 9.129133352194315491e-09 9.892814130687460994e-09 1.040475754137268737e-08 1.027619333131179968e-08 9.137175146669290864e-09 7.084926279269487261e-09 4.831908952442796483e-09 3.069239572025082885e-09 1.974859687180925880e-09 1.394446324367841636e-09 1.128560680325269966e-09 1.037271667983828601e-09 1.040527942097136995e-09 1.097227042280536734e-09 1.187903278786392177e-09 1.301105393379900108e-09 1.422460107246372756e-09 1.526723948229675803e-09 1.571301971707525394e-09 1.498681988660722843e-09 1.272492829710609012e-09 9.404846636655602252e-10 6.198471470982983941e-10 3.904094583702609149e-10 2.561332428615139547e-10 1.880437819331614056e-10 1.588698809779768774e-10 1.511871396376740316e-10 1.552952760288866038e-10 1.661089280694624762e-10 1.809177460210662852e-10 1.977218184252886235e-10 2.140519579746018388e-10 2.259116464225196227e-10 2.265344455450762665e-10 2.072480609535038873e-10 1.652880969106333311e-10 1.126672682971993089e-10 6.725402119755928255e-11 3.682935497048046974e-11 1.924452121679412717e-11
5.613495138588107491e-05 9.557368044933440112e-04 1.499040579502491444e-03 1.751279148088706996e-03 1.744691296539892505e-03 1.521337859951831959e-03 1.171736879485396014e-03 8.205111631842365279e-04 5.580064307852807080e-04 4.052355199939927893e-04 3.400990746948643999e-04 3.323675318418599649e-04 3.587574465263612634e-04 4.043121539924838994e-04 4.598410129121720410e-04 5.192704356459415830e-04 5.771211234563107051e-04 6.252013905809491274e-04 6.484531834676277072e-04 6.241470243342987084e-04 5.357020759318645168e-04 4.001637383321194393e-04 2.658487829192522764e-04 1.685042312390168243e-04 1.119455775515111053e-04 8.453224326493636231e-05 7.442669224922347467e-05 7.380052103316248849e-05 7.823777575289114056e-05 8.544266438802834360e-05 9.427667317852507967e-05 1.040519296697320361e-04 1.138163710106339404e-04 1.215037974137115240e-04 1.231850590588570553e-04 1.138846999034569100e-04 9.222995274457886918e-05 6.494509929990579101e-05 4.162978042491199536e-05 2.641278558447179988e-05 1.814192313585208683e-05 1.430411994290811303e-05 1.295931436457289218e-05 1.296230416977018393e-05 1.371347609072618459e-05 1.492101520974626351e-05 1.643936311675842581e-05 1.813966705704448572e-05 1.978421513441962635e-05 2.090125613290330368e-05 2.072551970863451825e-05 1.850358018475172509e-05 1.438394072222107788e-05 9.798720851224697751e-06 6.197022648694022497e-06 3.967646101054130673e-06 2.794490783490356491e-06 2.266805263636870285e-06 2.099679562465805194e-06 2.131658297820523444e-06 2.278478660034536460e-06 2.497039186458544710e-06 2.760909246558939237e-06 3.040924711392801297e-06 3.288987660647548113e-06 3.422168931225654750e-06 3.318234617232108151e-06 2.876816681277812386e-06 2.166026954129205813e-06 1.439373212458972593e-06 9.022086350050637766e-07 5.833868236207866895e-07 4.214746226058278871e-07 3.529277250943192136e-07 3.362025056103583238e-07 3.479253412945509493e-07 3.755425237121363661e-07 4.122766743918152482e-07 4.537733261510534114e-07 4.954988621640142300e-07 5.302343531152999431e-07 5.447574309515688934e-07 5.188732467082434845e-07 4.382982481988920690e-07 3.203869006791724081e-07 2.084649566454819936e-07 1.302682414772770324e-07 8.571774789098843405e-08 6.399729268263434848e-08 5.550025053911538870e-08 5.417641945627352676e-08 5.662925186477652825e-08 6.106438713291088883e-08 6.661098211954553271e-08 7.279725368801148919e-08 7.906436687128985657e-08 8.422224165530668108e-08 8.580987143927020847e-08 8.026675768727569625e-08 6.591603758731048511e-08 4.685440604593889237e-08 3.005064975594977341e-08 1.888338341176882883e-08 1.273441175921522362e-08 9.833776736596500732e-09 8.761865811406639870e-09 8.654608208761885413e-09 9.045703336495853948e-09 9.713477278610486420e-09 1.056895400872624966e-08 1.155641904719090767e-08 1.256639234478337884e-08 1.334762827569361909e-08 1.343564891356792852e-08 1.228111210692514311e-08 9.803911983695072087e-09 6.815809844921311437e-09 4.339276265401059492e-09 2.754230366272571240e-09 1.901746227174320764e-09 1.506660327192982307e-09 1.364559714122085260e-09 1.356506124584503361e-09 1.421554343821838730e-09 1.532278635182525080e-09 1.675976284161312821e-09 1.839292001658436311e-09 1.996918796231422408e-09 2.101687851153168092e-09 2.079820515732471616e-09 1.858223877542631416e-09 1.448062254328274208e-09 9.878200090477139550e-10 6.239359561656034564e-10 3.980269230581117469e-10 2.787793724357801679e-10 2.244451663354193593e-10 2.059779585280277647e-10 2.069357605716480229e-10 2.188523815485945286e-10 2.375621993486632855e-10 2.605232592546048449e-10 2.849441455187026885e-10 3.065781813148712563e-10 3.183068709851672240e-10 3.090319715534099879e-10 2.681209932960575041e-10 1.996578000570594180e-10 1.272634984109638769e-10 7.214605506267240701e-11
5.459210687613922708e-05 9.233746136050442971e-04 1.438149622323924058e-03 1.667754909023068432e-03 1.648621831890114808e-03 1.426020951159646553e-03 1.089921397106575910e-03 7.593843396759773334e-04 5.174711933560313063e-04 3.807426105451553887e-04 3.263596561341728969e-04 3.252618471168313547e-04 3.556304308099662685e-04 4.036147223421624321e-04 4.607079186750463328e-04 5.212879314677221253e-04 5.803958027459105856e-04 6.307474976551734423e-04 6.585799932899265036e-04 6.415678183391026503e-04 5.598608555664879053e-04 4.246859800961585323e-04 2.840821757316006123e-04 1.793105184914803979e-04 1.177102497064742170e-04 8.774999247281380121e-05 7.666205717871010946e-05 7.585664386410516640e-05 8.047023764030438733e-05 8.797329921987780393e-05 9.713811027175482552e-05 1.073292787378118593e-04 1.178320375917998506e-04 1.270360939758860953e-04 1.315090536173886093e-04 1.259378198991467689e-04 1.066634174372840040e-04 7.804898674763760113e-05 5.082701400590671111e-05 3.187473445509492030e-05 2.119401444662972152e-05 1.608503059947108318e-05 1.414736211636769750e-05 1.390083843400625305e-05 1.456054825265429387e-05 1.574820425737036170e-05 1.729503164417468659e-05 1.909981738139051598e-05 2.099948549100931933e-05 2.263580958490614929e-05 2.332474251161825973e-05 2.211414671464668975e-05 1.847847898570666655e-05 1.335394031728515765e-05 8.635893937438056755e-06 5.413707451978381043e-06 3.610191039665413804e-06 2.742297463927559728e-06 2.405499322876440200e-06 2.356879074098484886e-06 2.468715000535869849e-06 2.678164670246669541e-06 2.953812018595059458e-06 3.271495757000703990e-06 3.595126902061244364e-06 3.859752315014258750e-06 3.953956172685377140e-06 3.727707353562163273e-06 3.100285864075472497e-06 2.230512965297318294e-06 1.436061334057436912e-06 8.967053275052451772e-07 5.961461685222284995e-07 4.524025877073299655e-07 3.979832650728712563e-07 3.923664682985933659e-07 4.137780265705726457e-07 4.508904532870224462e-07 4.975158226299911397e-07 5.490139641560590413e-07 5.997461301886345526e-07 6.404750972243962105e-07 6.544860289262774031e-07 6.170426980799394406e-07 5.129950457848953778e-07 3.680401457401514203e-07 2.359904045318975361e-07 1.469096856629909044e-07 9.766580234969596965e-08 7.444965056151645374e-08 6.599828994748537298e-08 6.549443910146826879e-08 6.919397090606921248e-08 7.513055869760251577e-08 8.232147887025526864e-08 9.019493600136766781e-08 9.810679532343989202e-08 1.047504808160899097e-07 1.073213523497105936e-07 1.014027001995488609e-07 8.425870589608659945e-08 6.032200909119315065e-08 3.863799607808559539e-08 2.408569839218297568e-08 1.608138450015755344e-08 1.233477001077875936e-08 1.097873998250495145e-08 1.087675981114368118e-08 1.141157881588732016e-08 1.228341334819292150e-08 1.337251091483131824e-08 1.462250301891715577e-08 1.593962190596559287e-08 1.708453724289868027e-08 1.754674556736298991e-08 1.657502908366957092e-08 1.375885333854697608e-08 9.859680457634296532e-09 6.334617129830684426e-09 3.964217256178388742e-09 2.656515258412389585e-09 2.039288908660118162e-09 1.806875471449855659e-09 1.774996441046176302e-09 1.847310734786057562e-09 1.980434892477896476e-09 2.157938054495255026e-09 2.368929353200462093e-09 2.592030010505675397e-09 2.781150363849503778e-09 2.851694692147490023e-09 2.689923194809075979e-09 2.236861427416686439e-09 1.609307617819899988e-09 1.036462931711904437e-09 6.477337100110456317e-10 4.313216930555457256e-10 3.273976032143139867e-10 2.864874811582853504e-10 2.790616003688096009e-10 2.898038841141749806e-10 3.115539438388693282e-10 3.409322464946434048e-10 3.750926137870225674e-10 4.097331624452486212e-10 4.375965112881207870e-10 4.465126828162670776e-10 4.195054238644943504e-10 3.459972145931743725e-10 2.425851932813512132e-10
5.298538968826840438e-05 8.896986246162516977e-04 1.374916455143136186e-03 1.581297947958085464e-03 1.549631336619119830e-03 1.328428570164903776e-03 1.006878362594868957e-03 6.980229012730417319e-04 4.772957766625477815e-04 3.567857349913188176e-04 3.130727416247782585e-04 3.184199820242738718e-04 3.525703037172814346e-04 4.028247105591083827e-04 4.613615089605024627e-04 5.229702641077757855e-04 5.831463116599134699e-04 6.354646472678307772e-04 6.675423086200781963e-04 6.578875498060879302e-04 5.839342161174651069e-04 4.504886615643074869e-04 3.039316367125942300e-04 1.911709159630118466e-04 1.239253727243833840e-04 9.106865219252039713e-05 7.884872056803273312e-05 7.783007454765622068e-05 8.265020154790869613e-05 9.050801008220973355e-05 1.000464130542944328e-04 1.106360866493021159e-04 1.217516175212031383e-04 1.322184590776201841e-04 1.392337876538723008e-04 1.376572683509887421e-04 1.220388499446058931e-04 9.346483661619651149e-05 6.244110136990474664e-05 3.897545842470313110e-05 2.512373102112619720e-05 1.828587012362968838e-05 1.553848155651884577e-05 1.495891085373299047e-05 1.550290251311908389e-05 1.666273124603005759e-05 1.822039257942462476e-05 2.008468090943127217e-05 2.215612064791426235e-05 2.419397800759060674e-05 2.566199117790395756e-05 2.561587124781375665e-05 2.302207994956361931e-05 1.792447735333112507e-05 1.213346748293745917e-05 7.598668792746667232e-06 4.845652753548546230e-06 3.438988953653033682e-06 2.830418716442946732e-06 2.652125768020206679e-06 2.704085506022629563e-06 2.888206835906667938e-06 3.159874254210708774e-06 3.496258394550794548e-06 3.872272746633867994e-06 4.241664517539812734e-06 4.517468602528300143e-06 4.553047548206036075e-06 4.171533733285254513e-06 3.332795638436016713e-06 2.303456123902308437e-06 1.449509457893109796e-06 9.104731852077992435e-07 6.266115351701005017e-07 4.990732509278724666e-07 4.575753677379989759e-07 4.626599500886617103e-07 4.940720476989895780e-07 5.416927126863638927e-07 5.998231240301429217e-07 6.633403079430163498e-07 7.252538208799106892e-07 7.739460863165677726e-07 7.886243290100087634e-07 7.390323992231029077e-07 6.081577609088846049e-07 4.306333539356583475e-07 2.730935227418588084e-07 1.694841925530008575e-07 1.135604690670504528e-07 8.790628682909047166e-08 7.912359633496944057e-08 7.937777007225910748e-08 8.447288149660712851e-08 9.222672304387447724e-08 1.015018671305879812e-07 1.115699594850878240e-07 1.216609128046595600e-07 1.303723329061748896e-07 1.346396877754321101e-07 1.291398290512495353e-07 1.094686468956982843e-07 7.962701656191328686e-08 5.119306722180962482e-08 3.162771089077137673e-08 2.076864876421816792e-08 1.566691076619021863e-08 1.380607409931103810e-08 1.364777166471562253e-08 1.435225375208190514e-08 1.549722879434458257e-08 1.690189617035367619e-08 1.849257844706011508e-08 2.019239689619941830e-08 2.180125610838304377e-08 2.282043937695237873e-08 2.233754803694805635e-08 1.946795844105811158e-08 1.459274042172839556e-08 9.579675432833297768e-09 5.936084437072810438e-09 3.837689609168220604e-09 2.817160049075574209e-09 2.412423287896113058e-09 2.328386129899806495e-09 2.404899302410159069e-09 2.565942540468704188e-09 2.783199289253635353e-09 3.046874477264418533e-09 3.343214662995767097e-09 3.635739585492823674e-09 3.842530630900400655e-09 3.820981711691971204e-09 3.419166996286499785e-09 2.649652222801582370e-09 1.784801112402652445e-09 1.111946086368864701e-09 7.056667562238913925e-10 4.992080997245500864e-10 4.100958558927289918e-10 3.830461848205618806e-10 3.880268146786572180e-10 4.107737009689218981e-10 4.454951330861738809e-10 4.894249921383303842e-10 5.390406553208946412e-10 5.877448520731256230e-10 6.235232288236937989e-10 6.264027512803590341e-10 5.716126787153573862e-10
5.130887296623702832e-05 8.545914597178691638e-04 1.309156393252904537e-03 1.491731702674774099e-03 1.447629889087649613e-03 1.228603880879115514e-03 9.227711490631024293e-04 6.366449689851444134e-04 4.376852408161353110e-04 3.335220263493533050e-04 3.003412949806626478e-04 3.118974089783309637e-04 3.495946930685947030e-04 4.019315584369392803e-04 4.617738695328356120e-04 5.242839052605476838e-04 5.853389379110644861e-04 6.393029987902599295e-04 6.752196277023962603e-04 6.728401830521959755e-04 6.075849392242065354e-04 4.774604711707741353e-04 3.255447851509215857e-04 2.042533134059713114e-04 1.306801960103814986e-04 9.451562113606604208e-05 8.097484167577306477e-05 7.968170054403207042e-05 8.472483242278074068e-05 9.299959094493076128e-05 1.029795529290944151e-04 1.139877251783220734e-04 1.256262529697936515e-04 1.371054539507905279e-04 1.463052049325088994e-04 1.486856459125573439e-04 1.378044832586176633e-04 1.111189539239697927e-04 7.700491739540012137e-05 4.830634724737161903e-05 3.029733211679875508e-05 2.107344494716597463e-05 1.718783502112999318e-05 1.614453770449513284e-05 1.653891427624008372e-05 1.767269420740428550e-05 1.924140286658997638e-05 2.113832800113994419e-05 2.330922706491324496e-05 2.562016777672690752e-05 2.770721162434588617e-05 2.878970159031296754e-05 2.764710599696876186e-05 2.339046187054638103e-05 1.697549036389537250e-05 1.090512969260422897e-05 6.765197941618707684e-06 4.496287866420675814e-06 3.440745903014168436e-06 3.050679899428623978e-06 3.006038247699772918e-06 3.146100515357627584e-06 3.398527227983974384e-06 3.734146793121423208e-06 4.135976887385798512e-06 4.575820615703864278e-06 4.994442597135251076e-06 5.277149044139184747e-06 5.234754475421043535e-06 4.665636599389130482e-06 3.591690333312731168e-06 2.399283690792178213e-06 1.487605055081656914e-06 9.472519492061814690e-07 6.772914240245690137e-07 5.639245718690883033e-07 5.342658892680119668e-07 5.497042658630039837e-07 5.914364243781942344e-07 6.506038173291031554e-07 7.219990774179254938e-07 7.999628431333002889e-07 8.759978682416830153e-07 9.357836102421229370e-07 9.538739380695286951e-07 8.931700851467815857e-07 7.325508766341854059e-07 5.152287589344817766e-07 3.242476980187274443e-07 2.005407051979265966e-07 1.349135926259942356e-07 1.053800522230068456e-07 9.563816963262608152e-08 9.644232998749725463e-08 1.029933031638917186e-07 1.128537855887822766e-07 1.247110779095912262e-07 1.376275963466512878e-07 1.506370294054325851e-07 1.622308572425457431e-07 1.692098888817412160e-07 1.654604100087053338e-07 1.443061762727417223e-07 1.078427082840967773e-07 7.015880622153589296e-08 4.301484535654769162e-08 2.761827854320615205e-08 2.026885439414156705e-08 1.748440412490886103e-08 1.710884311773554228e-08 1.796880860790287911e-08 1.945942426076081193e-08 2.129576568080777594e-08 2.335178847883679579e-08 2.554681497752298910e-08 2.773163707772326334e-08 2.948893708011218754e-08 2.987184555241571544e-08 2.751244648887991342e-08 2.193658975018816431e-08 1.500632583883087233e-08 9.323486838822496005e-09 5.814611571303509474e-09 4.026943644900078812e-09 3.270998028829855094e-09 3.062433340285800136e-09 3.126808986915323274e-09 3.324522437320154561e-09 3.596166968364007092e-09 3.923707119018140626e-09 4.299846968177480546e-09 4.704648742269695562e-09 5.077311195764523092e-09 5.278770447154108367e-09 5.083934662573338120e-09 4.319439801137992140e-09 3.144960344451810504e-09 2.017432917031829784e-09 1.240599212882355960e-09 8.124865512871938353e-10 6.129054325020424929e-10 5.383902206090015793e-10 5.270554491323353433e-10 5.473828424102099811e-10 5.858423641440494301e-10 6.379761219703930094e-10 7.016355408908962193e-10 7.726233528984343507e-10 8.413881859147287958e-10 8.889832398837385488e-10
4.955556231950600449e-05 8.179154659018864114e-04 1.240656926753143765e-03 1.398856688401784766e-03 1.342523336662548080e-03 1.126625572546186265e-03 8.378294073620839565e-04 5.755289098638650871e-04 3.988829223873400446e-04 3.111308626739607065e-04 2.882829039923690277e-04 3.057600645002004009e-04 3.467154718017101574e-04 4.008963991578712847e-04 4.618888332719680071e-04 5.251862546908391341e-04 5.869431236525815901e-04 6.422190645800282538e-04 6.814964944030315035e-04 6.861421668644237994e-04 6.303996657355770373e-04 5.054029134917926904e-04 3.490581395266165155e-04 2.187525978488206427e-04 1.380852140382372785e-04 9.813329609183643718e-05 8.304088928589441231e-05 8.137756222198767853e-05 8.663349997112494824e-05 9.537951859828963316e-05 1.058879817615794334e-04 1.173788821129035959e-04 1.295054095506009532e-04 1.417807967527316497e-04 1.527464938660330477e-04 1.587510986769899175e-04 1.532766210865510188e-04 1.305957003820836610e-04 9.497738872925659743e-05 6.064827846117288847e-05 3.727017515098768791e-05 2.472188964042534618e-05 1.919366983895500826e-05 1.747073078127719072e-05 1.765287991369906930e-05 1.876682143754222326e-05 2.036891639376229787e-05 2.230009380159710827e-05 2.452419240775970539e-05 2.699236652223891878e-05 2.950472778180384745e-05 3.151974710439373197e-05 3.194266599863978227e-05 2.932334520495477742e-05 2.325643366279919521e-05 1.581798970481662354e-05 9.807030884349796749e-06 6.167665463390831184e-06 4.355162158522734931e-06 3.603822992539478342e-06 3.400053479674510735e-06 3.471619711381723833e-06 3.692090053730763702e-06 4.011598290939718038e-06 4.413982166295779146e-06 4.886445269129621579e-06 5.396918231276277276e-06 5.870891081481431638e-06 6.159875087754370969e-06 6.023802438108457894e-06 5.236933482508799888e-06 3.901744148970384564e-06 2.534442510665562572e-06 1.558378453738864572e-06 1.011157414209655953e-06 7.514433822089955828e-07 6.503455517912921489e-07 6.316478751469154716e-07 6.571236057669384630e-07 7.093623795520951696e-07 7.809151483878970533e-07 8.672558990100614259e-07 9.623850253486083567e-07 1.056349746079861427e-06 1.131935053031003852e-06 1.158545902334296659e-06 1.090595665719756542e-06 8.988331403674718149e-07 6.326546742022584495e-07 3.965092876416370422e-07 2.440979538183613134e-07 1.640769115722522452e-07 1.284329196775109959e-07 1.167154571773327797e-07 1.176243162378451341e-07 1.255078182075473609e-07 1.376277890767909173e-07 1.525241475256442423e-07 1.690449460193746663e-07 1.859473385089197345e-07 2.015442474656816057e-07 2.126124525439501824e-07 2.125805742790307377e-07 1.922383024597537749e-07 1.495744233210922825e-07 9.972427994731159606e-08 6.100567265852609420e-08 3.816807879873020499e-08 2.696464159662665008e-08 2.246656696232605525e-08 2.151544918273744406e-08 2.240780314180748459e-08 2.426936858214208263e-08 2.666330383067995967e-08 2.936560356787313458e-08 3.224147845331329027e-08 3.516210970541799102e-08 3.782988658242185167e-08 3.943796675784237100e-08 3.837886914480617552e-08 3.301779190030650988e-08 2.416640953587974255e-08 1.542514180067425446e-08 9.385968078384521777e-09 6.088846804787365629e-09 4.586341695924520236e-09 4.069500253974915245e-09 4.054788318024115922e-09 4.285105865849884639e-09 4.635436404408798178e-09 5.056000700864613978e-09 5.532226499878300798e-09 6.056953552169268077e-09 6.601992531508663874e-09 7.071601826333618246e-09 7.242815754524263436e-09 6.778151517059681829e-09 5.506360614019615144e-09 3.814315674950513489e-09 2.366201351508719507e-09 1.454245239476094520e-09 9.871500041033630680e-10 7.878498337610502360e-10 7.283000566768646681e-10 7.366872259207632890e-10 7.778613475458667468e-10 8.380394991857166624e-10 9.137870710668705485e-10 1.003926010699203236e-09 1.104306520052535990e-09
4.771710387841372812e-05 7.795074497678023502e-04 1.169170705909455647e-03 1.302458321805694983e-03 1.234258868070980562e-03 1.022634093870227693e-03 7.523424466279214151e-04 5.150124346413661059e-04 3.611720075283990101e-04 2.898137781885764966e-04 2.770314653658511716e-04 3.000797084704970286e-04 3.439464954511749087e-04 3.997103217831147006e-04 4.616585686733675007e-04 5.256059568534862626e-04 5.879075974755160368e-04 6.441685004743300316e-04 6.862665751919240845e-04 6.975014885945103387e-04 6.518888490633232202e-04 5.339907402881191372e-04 3.745636144867529427e-04 2.348872135927795608e-04 1.462782443505272094e-04 1.019867431561164068e-04 8.506988422303126925e-05 8.290179242451982595e-05 8.831792606546633759e-05 9.755978981365297513e-05 1.086907423449906995e-04 1.207703680623324811e-04 1.334138319566598727e-04 1.463352348219278945e-04 1.586489402259440881e-04 1.677143343731643164e-04 1.677533653239746624e-04 1.510574643537285786e-04 1.165308919451818546e-04 7.695272361894012279e-05 4.687246020249572094e-05 2.968638498087625241e-05 2.174181883858719360e-05 1.897755970204913038e-05 1.881941008189863188e-05 1.990567488423615597e-05 2.158250175179829693e-05 2.358759727214891386e-05 2.586193582790162691e-05 2.840807281866712848e-05 3.116186370104165126e-05 3.382581456194698238e-05 3.561698785458295758e-05 3.506375957937411629e-05 3.061760201424056375e-05 2.274895997707455434e-05 1.463845130969095780e-05 8.922287339396624051e-06 5.808728744603009583e-06 4.407405039277419914e-06 3.920495175265485491e-06 3.880705195278599578e-06 4.058310987045879442e-06 4.355867289725405276e-06 4.743067117829806412e-06 5.215178005679464631e-06 5.763531852680559516e-06 6.352982949562032485e-06 6.892625560750439269e-06 7.194731261632348761e-06 6.958211127297975134e-06 5.927524424162257713e-06 4.297759169469615575e-06 2.729041545334863759e-06 1.670920228980649287e-06 1.106933399601757055e-06 8.531323001224956769e-07 7.628494356005464591e-07 7.546790618174207950e-07 7.899937531877223572e-07 8.526907172995726847e-07 9.369660097561080170e-07 1.039463534650335194e-06 1.154431161683554077e-06 1.270892215485821896e-06 1.368857206159037761e-06 1.412353380810682419e-06 1.345640347700292972e-06 1.125146910705849444e-06 7.998885946753357488e-07 5.014278633230210316e-07 3.066997846446826763e-07 2.047709834965892836e-07 1.594987591274829224e-07 1.442112119842613551e-07 1.444425984043218494e-07 1.532409701181072426e-07 1.674787093438489124e-07 1.856297241374845447e-07 2.064366901245679455e-07 2.283755801040885087e-07 2.494538712798908805e-07 2.664158605713812582e-07 2.726927399910425490e-07 2.570490508625608980e-07 2.111670279089440871e-07 1.469614494675273021e-07 9.079521381218440225e-08 5.542154104268891288e-08 3.736987635120298456e-08 2.964976367720816311e-08 2.739467171839420160e-08 2.797779444893848469e-08 3.009034952434319488e-08 3.309003886510725330e-08 3.662724866042080981e-08 4.045618571632506755e-08 4.438448959587114401e-08 4.818459777521445792e-08 5.129767387124275575e-08 5.229982018388899401e-08 4.874501496268161982e-08 3.921633569509866507e-08 2.670716895964032908e-08 1.631753665882249960e-08 9.997042367273846850e-09 6.863562739197203876e-09 5.591996650787620174e-09 5.293547006631841628e-09 5.484628746950165153e-09 5.918212442089540625e-09 6.475677368512584281e-09 7.105339271771222869e-09 7.787597291653649018e-09 8.513593167442229355e-09 9.246639040272620630e-09 9.848335159859632288e-09 9.983555163258689348e-09 9.157998455444739713e-09 7.205079278215801816e-09 4.817816447763794887e-09 2.922662443594398404e-09 1.801299178278408473e-09 1.258571084316537782e-09 1.046167935364782432e-09 1.001335723448978924e-09 1.036116662700352560e-09 1.107836462600680166e-09 1.199896559400234853e-09 1.308632572596570536e-09
4.578338050061107271e-05 7.391714859992270289e-04 1.094409228447907473e-03 1.202315047971022578e-03 1.122800616764297156e-03 9.168652120656031398e-04 6.667129462434830600e-04 4.555090155459708069e-04 3.248783772775638607e-04 2.697922410751586774e-04 2.667345878257524000e-04 2.949388730343581997e-04 3.413390222536908259e-04 3.983321745146433984e-04 4.610143241835928810e-04 5.254667815224839215e-04 5.881678671249680832e-04 6.451083939261463996e-04 6.894378047069967767e-04 7.066390751659050841e-04 6.714754571672914814e-04 5.627347918631856556e-04 4.020875780662877910e-04 2.528905175134071003e-04 1.554165096069016442e-04 1.061605957261729273e-04 8.711329560211558427e-05 8.427169015223807274e-05 8.973932921178165813e-05 9.944815719095578192e-05 1.112648785159063949e-04 1.240689598769826858e-04 1.373388596912073606e-04 1.508529357606675056e-04 1.641586360849596840e-04 1.755926743607065944e-04 1.806672799865668326e-04 1.712925935371450504e-04 1.412366668604803435e-04 9.820113971392549132e-05 6.030441847405495267e-05 3.671338800340146787e-05 2.517743632833653231e-05 2.077712667185747640e-05 2.002777972522263748e-05 2.102395517862299659e-05 2.281571513123658464e-05 2.497132449337133322e-05 2.735174638362743247e-05 2.996146845559354374e-05 3.282597321063139155e-05 3.585185125686850857e-05 3.861141805503077876e-05 4.000696732371248021e-05 3.814677456078201939e-05 3.159748006112614847e-05 2.205683743921941738e-05 1.358699246798902742e-05 8.288055037563213969e-06 5.675371412937501113e-06 4.637837675222776720e-06 4.386535840984065773e-06 4.499326437387916879e-06 4.780611470523606879e-06 5.156448935416483177e-06 5.613406455301336764e-06 6.157350466394820062e-06 6.786136400309738807e-06 7.464210398450649759e-06 8.085948419387834724e-06 8.420806448105188372e-06 8.093830013139218166e-06 6.801326741121935388e-06 4.830607628848110479e-06 3.010614822601172111e-06 1.836845304997184518e-06 1.240011085568614557e-06 9.868795970873956160e-07 9.068900416950387409e-07 9.099344231288117939e-07 9.554849709724417928e-07 1.028439297053067574e-06 1.125035533685793731e-06 1.243821966572207722e-06 1.380461413348653854e-06 1.524083144535531283e-06 1.652771871341677216e-06 1.725591068572386582e-06 1.675529449554160806e-06 1.436776635541876412e-06 1.043971463425334005e-06 6.587141150748200069e-07 3.994555778520713121e-07 2.629763408509592636e-07 2.023202368911331720e-07 1.810089708446060127e-07 1.793866472691007065e-07 1.883416241184266336e-07 2.041055073476814018e-07 2.251963472368368856e-07 2.505146895249886917e-07 2.784731308465660765e-07 3.067526100822501901e-07 3.318897706685697778e-07 3.476070061803874375e-07 3.419743441120030270e-07 2.999327904783328683e-07 2.230201677768102017e-07 1.422523371164175322e-07 8.550031486081531694e-08 5.479117871462930435e-08 4.085264109587172521e-08 3.584622255680367913e-08 3.539120058326157363e-08 3.736265595914564019e-08 4.078665649314020233e-08 4.518898929400744712e-08 5.022228817910444550e-08 5.555296506526467604e-08 6.087371309288057480e-08 6.578499296746348344e-08 6.932626395127971008e-08 6.920179753793146533e-08 6.199464226862710770e-08 4.710830487272734594e-08 3.041436298996155791e-08 1.818419306556270383e-08 1.140296453248454388e-08 8.290293833153917894e-09 7.171882433318770752e-09 7.068974290206489639e-09 7.484870370889575898e-09 8.176307764096541896e-09 9.021779463825479877e-09 9.952381755258491849e-09 1.093058864769916980e-08 1.194006623929932374e-08 1.293811662990497852e-08 1.374732536178008186e-08 1.390116201529728125e-08 1.267722163770778704e-08 9.839056876204852229e-09 6.452654637601326807e-09 3.854515315806206992e-09 2.370716199429923962e-09 1.677891475728903013e-09 1.422588680325072943e-09 1.386631617497748432e-09 1.455485131349580660e-09 1.572958176171929176e-09
4.374193872727116827e-05 6.966688586157921857e-04 1.016035582079855438e-03 1.098182379026488211e-03 1.008194694073527619e-03 8.096644409744441131e-04 5.814883911980778513e-04 3.975335755007277923e-04 2.903736634750196817e-04 2.513018721999056679e-04 2.575403945726908767e-04 2.904580378039069264e-04 3.389284434775335637e-04 3.967654438837516276e-04 4.598650557614178923e-04 5.246550492291336383e-04 5.876297569756655211e-04 6.449888217974837808e-04 6.909434481533408955e-04 7.132937683468577525e-04 6.885297065989502566e-04 5.909524322473070149e-04 4.315211855846375869e-04 2.729937025384698564e-04 1.656664256178210393e-04 1.107486501806873426e-04 8.925348208400420722e-05 8.555195992932500141e-05 9.091214869522685322e-05 1.009670564975232641e-04 1.134614351057596936e-04 1.271110156714301738e-04 1.411902201473208324e-04 1.553763172457313781e-04 1.694521194096680020e-04 1.825615449658671134e-04 1.917270740754870798e-04 1.899508191643511066e-04 1.677699275011271024e-04 1.250110652250009506e-04 7.918612975525540613e-05 4.700813007290892691e-05 3.011785185233866106e-05 2.312557063639403965e-05 2.133343736252988387e-05 2.206178509124203846e-05 2.395475445380074135e-05 2.634761756370597086e-05 2.895180995636885876e-05 3.170167333408290770e-05 3.464336322028386720e-05 3.782108799281443313e-05 4.110781799827814017e-05 4.391079166065738271e-05 4.474671617805611056e-05 4.127526925168030524e-05 3.243389070593722171e-05 2.139049227374093936e-05 1.276805552271829157e-05 7.911510961421085311e-06 5.747415261642883189e-06 5.031244435544556357e-06 4.998954106058917155e-06 5.265056518351266919e-06 5.657426315443033056e-06 6.118875078494511806e-06 6.649287421831495843e-06 7.266059055416805434e-06 7.977510455155905500e-06 8.754009588794516914e-06 9.480873855988801555e-06 9.887017262921830716e-06 9.508948821736187346e-06 7.955076545722056003e-06 5.579720714311166540e-06 3.422455027373382574e-06 2.073481196422780514e-06 1.416598291447349400e-06 1.156540945298802564e-06 1.087793008381229870e-06 1.105192043448397072e-06 1.163266849760563871e-06 1.246985220761082234e-06 1.354850265184446977e-06 1.488405537295819357e-06 1.646389303670422211e-06 1.820317155338154227e-06 1.988528256840539704e-06 2.107037323669527323e-06 2.098226692272099944e-06 1.866668042044676293e-06 1.407923229502867563e-06 9.037556112026818037e-07 5.425985666144295350e-07 3.486820296539196239e-07 2.624409577357666895e-07 2.312614165759581270e-07 2.263024985523925799e-07 2.344912626475326033e-07 2.507933499911289845e-07 2.737567501560335809e-07 3.028149430669926634e-07 3.368558576875201457e-07 3.736576978233695823e-07 4.095090610077909038e-07 4.382770206765547758e-07 4.486421331309974909e-07 4.215754127943665830e-07 3.426032524196221354e-07 2.334440302964442058e-07 1.413516093043847490e-07 8.637031183619742554e-08 5.985983199062360407e-08 4.910489184110315114e-08 4.617872884748487781e-08 4.720886612380780791e-08 5.050932150547632022e-08 5.540805789357779537e-08 6.155277156877248463e-08 6.855220544779871770e-08 7.593037869086020241e-08 8.317683068154024197e-08 8.961330688266890191e-08 9.374598765508842936e-08 9.216715537425481138e-08 8.026443890154762768e-08 5.860389740763787170e-08 3.656169906590745505e-08 2.170535531231926760e-08 1.398730023886595411e-08 1.064212534914965306e-08 9.555924745182595741e-09 9.602268887300872014e-09 1.024889643842303714e-08 1.125297810618028115e-08 1.248709278355711788e-08 1.385203325791050396e-08 1.527067018103413059e-08 1.670022421899392238e-08 1.809164477974064950e-08 1.925193020181516533e-08 1.960211357291354956e-08 1.810359737796726540e-08 1.420822913739777929e-08 9.321010532535519443e-09 5.513425885814087819e-09 3.350104318121974155e-09 2.349813457097136490e-09 1.982389829889906070e-09 1.930274385601840263e-09
4.157715060142409803e-05 6.517036499369401005e-04 9.336501150187837298e-04 9.898196838517751926e-04 8.905649944002207424e-04 7.015809627149349401e-04 4.974018620775860376e-04 3.417315409775364336e-04 2.580778904460604762e-04 2.345804780233704738e-04 2.495922421101018016e-04 2.867425411024692957e-04 3.368225726767708271e-04 3.950171445257774703e-04 4.581340417580960739e-04 5.230168606259103349e-04 5.861431829010255038e-04 6.437175392502543980e-04 6.907398766104925298e-04 7.172521748197330542e-04 7.023918607242545832e-04 6.177435041310750177e-04 4.625628482388551531e-04 2.953944330105976856e-04 1.771763195312716938e-04 1.158209879203981018e-04 9.158475570817558491e-05 8.687267451870875497e-05 9.193495758259789634e-05 1.021166110833617648e-04 1.151384669502884887e-04 1.296589551619346781e-04 1.447525822629864417e-04 1.598441102249193574e-04 1.746802509642840777e-04 1.889283715890673683e-04 2.010079374839343494e-04 2.059451175288678983e-04 1.938955266351727802e-04 1.568967687101330472e-04 1.053856236689910524e-04 6.246640612566348909e-05 3.763972688270282189e-05 2.652744367454966693e-05 2.293936367807101088e-05 2.303662962624909832e-05 2.488588930076971893e-05 2.753518921239176000e-05 3.050042111825025247e-05 3.356435472033609093e-05 3.669333002255284031e-05 3.996450070451886103e-05 4.344812350931324507e-05 4.698912805564642276e-05 4.981046357228984770e-05 4.997460994278424062e-05 4.466306062510988132e-05 3.340085003874826474e-05 2.096076738004378225e-05 1.225144894921562635e-05 7.785861694292008284e-06 6.002192105212873304e-06 5.570004183860910378e-06 5.751031706352967208e-06 6.184629254603480131e-06 6.709471732864172913e-06 7.274228807864423965e-06 7.886396222783182390e-06 8.576104759439765891e-06 9.368373036584207915e-06 1.024926069135321198e-05 1.110879341326731257e-05 1.164765590006557221e-05 1.130533023225189105e-05 9.534157021759468345e-06 6.677879827287944437e-06 4.041806515592995925e-06 2.412147823317054280e-06 1.645325579800392435e-06 1.363446006507716380e-06 1.307724247821744739e-06 1.346964697939989867e-06 1.424616570358971351e-06 1.522828139793888575e-06 1.641800266429278213e-06 1.787068416536195995e-06 1.962588749596676069e-06 2.165509104756050014e-06 2.378896260817176081e-06 2.560454795880289060e-06 2.626609567006638254e-06 2.450739173589956123e-06 1.956691128504385087e-06 1.302841280764571613e-06 7.772635132490495484e-07 4.807692173599338941e-07 3.480673034561139839e-07 2.999671594298013221e-07 2.900869775049280045e-07 2.972152414566986773e-07 3.133790503882339640e-07 3.367296985211660198e-07 3.674976540541085591e-07 4.057859398542176612e-07 4.504933795610139897e-07 4.985112744165687893e-07 5.439024582750767183e-07 5.762177324069758648e-07 5.765896904931129264e-07 5.178789615090812725e-07 3.928051455765981962e-07 2.506300298188073355e-07 1.487764232777269171e-07 9.506625707567305490e-08 7.164208114246217021e-08 6.328177363804631564e-08 6.197703387104023032e-08 6.424054897771567934e-08 6.879342227580166492e-08 7.527058888813365981e-08 8.346311627335712790e-08 9.297883358024430799e-08 1.031762411396046990e-07 1.132174290559352584e-07 1.219914040495569662e-07 1.273668881251714012e-07 1.246690083142592212e-07 1.075363297589387876e-07 7.717813490523046447e-08 4.732442474461823689e-08 2.805372711142864991e-08 1.845586307206275666e-08 1.444180628800231002e-08 1.318366993984264623e-08 1.327509709103127694e-08 1.410427089901599630e-08 1.542890073781815017e-08 1.713074766604293253e-08 1.908912799122469318e-08 2.116777842653246354e-08 2.325279133260961817e-08 2.525937455679462783e-08 2.700982877399775613e-08 2.790896375266708126e-08 2.660604482603533561e-08 2.178880716133150221e-08 1.472349397037945556e-08 8.717366242300372593e-09 5.180929893348345582e-09 3.516809580798644710e-09
3.926894269462956262e-05 6.039015383230883667e-04 8.467705449099425250e-04 8.770023172241319352e-04 7.702176930441948562e-04 5.934216594193020495e-04 4.154508580180450023e-04 2.889182566188407478e-04 2.284644512345566914e-04 2.198392344189507971e-04 2.430114956151464790e-04 2.839147555076618223e-04 3.351352031188036462e-04 3.931657514812429092e-04 4.557794449130837659e-04 5.203771107124421794e-04 5.834888379227408037e-04 6.411356388839040393e-04 6.887328334904734223e-04 7.183472387930518862e-04 7.124295453980540767e-04 6.419892690670060166e-04 4.946508733007221178e-04 3.202392368354403597e-04 1.900442502109122363e-04 1.213584737864663169e-04 9.415152219508204348e-05 8.839654823740111344e-05 9.303078925093735988e-05 1.030545765422805304e-04 1.162686409760841321e-04 1.314613634195778316e-04 1.476515241168766619e-04 1.639714140814349454e-04 1.798505407292764666e-04 1.950426727755508801e-04 2.089615322370723339e-04 2.188694544308592699e-04 2.170582864199321047e-04 1.914140240483502462e-04 1.402287906078294208e-04 8.588767935873872458e-05 4.960097963202387677e-05 3.190264120142560100e-05 2.529236435666347684e-05 2.415088045438113255e-05 2.561660160716546205e-05 2.835985403349766633e-05 3.171185685803517684e-05 3.528425625212732217e-05 3.886278565352176080e-05 4.240236370891605091e-05 4.600264888617437053e-05 4.977839946577039532e-05 5.357489457343040691e-05 5.644402524031507718e-05 5.594694912518487494e-05 4.869800023304090214e-05 3.488714827699240952e-05 2.098873744908590704e-05 1.209767809239756165e-05 7.906420635860947807e-06 6.419423183587496790e-06 6.231513862277989503e-06 6.624121589796155165e-06 7.251949280611064827e-06 7.950289209656330320e-06 8.656279876872381129e-06 9.372172036284201173e-06 1.013825477646703729e-05 1.100333306897721371e-05 1.198383183759458972e-05 1.299780401825631498e-05 1.374964186873936095e-05 1.359656924843375860e-05 1.174833155355610956e-05 8.356744284316157683e-06 5.020550992518973638e-06 2.919800753760573818e-06 1.945447894217229570e-06 1.606333837466835651e-06 1.560367449146509277e-06 1.633394776384593408e-06 1.746847575730823249e-06 1.872472737358279439e-06 2.008387480610010699e-06 2.163745048843026553e-06 2.349697447876698880e-06 2.572933881639779597e-06 2.827504691436898962e-06 3.081811892709311128e-06 3.258005985460490715e-06 3.210598714418583364e-06 2.770898009317614797e-06 1.977566637782820990e-06 1.196466595852760110e-06 7.041197496413958178e-07 4.749676724684061458e-07 3.918653323737109714e-07 3.740005200673199230e-07 3.819448500591724065e-07 3.999026706131152945e-07 4.237184917569521750e-07 4.541193673056090368e-07 4.929390592281654701e-07 5.413919622832202652e-07 5.988489198995910125e-07 6.613744662368857337e-07 7.200280909281658155e-07 7.581105613525203694e-07 7.462741418994557747e-07 6.475478692803925197e-07 4.662622083626727304e-07 2.844186458487859448e-07 1.684026085630615088e-07 1.132489237030384140e-07 9.176227764267367262e-08 8.546441942211888389e-08 8.565700185094262731e-08 8.899960553343951198e-08 9.461020238652457582e-08 1.025044908973808304e-07 1.127688672368140433e-07 1.252044587809134307e-07 1.391307658117784283e-07 1.533213527764643891e-07 1.660065484495411510e-07 1.742870731389092783e-07 1.722401988219353240e-07 1.508370763168816434e-07 1.095246698822926658e-07 6.704777885815838880e-08 3.952908905696510450e-08 2.613750963853415064e-08 2.067218722760714123e-08 1.891338779484669776e-08 1.886389454550889037e-08 1.972768711278420959e-08 2.125268970146313077e-08 2.336836673135178366e-08 2.599223785491217828e-08 2.896796565644944272e-08 3.207899944930502228e-08 3.510949142958251457e-08 3.784489030184461492e-08 3.980437147345805178e-08 3.962101873723880320e-08 3.495997369874354898e-08 2.546232801292267077e-08 1.552525367152800808e-08
3.679078268165637551e-05 5.527774832337572185e-04 7.548185868168961641e-04 7.595498970604012100e-04 6.476940080762054854e-04 4.863719012945011996e-04 3.369923074525066386e-04 2.401311665578579821e-04 2.020769444347043323e-04 2.072362981354884573e-04 2.377958037149460323e-04 2.820149460831579153e-04 3.340156566174934567e-04 3.913807261749680140e-04 4.528478724252056283e-04 5.165789796020711861e-04 5.793629297237454061e-04 6.369620048406883202e-04 6.847706852397155743e-04 7.164150134131365725e-04 7.180247652708498856e-04 6.623623317950567057e-04 5.268866601106257305e-04 3.476591761440887352e-04 2.043559834849739926e-04 1.271742425477562655e-04 9.680681662547802220e-05 9.019786729128860872e-05 9.449283770157869335e-05 1.041620619206293328e-04 1.171100023139253323e-04 1.324523583803698123e-04 1.494539918085177404e-04 1.671657780858149792e-04 1.845823743263186691e-04 2.010431644082148587e-04 2.162561993605432488e-04 2.292252240723613075e-04 2.355508344516909656e-04 2.241621008276734940e-04 1.826611254970829184e-04 1.207522048968304174e-04 6.918265385314894080e-05 4.088212061567135345e-05 2.918373795972073096e-05 2.587482808434662772e-05 2.643603135715410235e-05 2.888348904787899009e-05 3.236281268849542433e-05 3.641388368930051887e-05 4.068418201194768090e-05 4.489404939751888592e-05 4.892643895416269655e-05 5.287541942365924674e-05 5.692031542160602014e-05 6.097165730232226099e-05 6.399405477138386410e-05 6.305911001318577011e-05 5.400145569910987618e-05 3.745152933991303235e-05 2.175386738075046954e-05 1.239560449733583677e-05 8.293703943248927215e-06 6.995181101589098191e-06 6.993615707002572185e-06 7.581121454838047873e-06 8.428355354083184666e-06 9.361159323544592404e-06 1.028307586406689312e-05 1.116198030200280361e-05 1.202934845324106692e-05 1.295788354073244555e-05 1.401243661898470326e-05 1.517409774472687072e-05 1.620900004708689373e-05 1.646287273271917093e-05 1.485859247718100507e-05 1.101874193470795091e-05 6.677095006181186995e-06 3.755041141794924006e-06 2.374031996549558865e-06 1.892422382356844564e-06 1.829487754410023515e-06 1.942122304170478956e-06 2.116392600573693743e-06 2.300651720805729546e-06 2.478484642941536466e-06 2.655149029198343009e-06 2.847775629157709144e-06 3.075996326337834302e-06 3.351777719359754373e-06 3.666044579583615188e-06 3.966264748444389972e-06 4.120597743967905347e-06 3.896790972840706856e-06 3.110721510808170675e-06 2.012778244007420734e-06 1.146600660879107989e-06 6.932676187074772300e-07 5.175699485095866330e-07 4.748857897046065909e-07 4.856389015109316867e-07 5.136540331712619776e-07 5.452680702013028841e-07 5.783867661467172249e-07 6.159006431179094273e-07 6.619885624117157020e-07 7.201747269862465316e-07 7.915585204942612544e-07 8.724525555659181283e-07 9.511650519116134463e-07 1.003389147429467002e-06 9.858231777519857452e-07 8.453459274321963689e-07 5.927764229744009565e-07 3.503830216657755645e-07 2.055453669799506373e-07 1.426553284783544731e-07 1.218512555318429041e-07 1.183355243174951881e-07 1.209805754340922723e-07 1.258790481997154935e-07 1.324327213813111768e-07 1.412009921307053553e-07 1.528719537796338298e-07 1.678533608166469603e-07 1.859123139503524921e-07 2.057991622015401681e-07 2.250438753488934102e-07 2.396843519844420665e-07 2.426697392422798991e-07 2.217717062863718615e-07 1.693832270993138769e-07 1.059569933999138491e-07 6.133399932164876579e-08 3.950538031103639842e-08 3.093647929999076416e-08 2.823066735143084923e-08 2.789243004299962820e-08 2.861444559814121971e-08 3.006645111625965362e-08 3.226884339383496566e-08 3.528215552662352219e-08 3.908469790094803855e-08 4.349885757024289103e-08 4.817009985552414385e-08 5.264699416073252831e-08 5.641542908673605504e-08 5.847338428998034004e-08 5.632805446257529749e-08
3.410631168782462006e-05 4.976839071374622187e-04 6.571082602765498763e-04 6.374435995682211503e-04 5.239861472526991231e-04 3.821755394710806605e-04 2.638358884887601280e-04 1.966793675251265485e-04 1.795778287974527786e-04 1.969219695139440556e-04 2.338401778165633102e-04 2.809691678269078067e-04 3.335852589150309203e-04 3.899205327716551150e-04 4.495310929307943832e-04 5.115686568320039398e-04 5.734536562688087461e-04 6.308037151588035806e-04 6.785698712462284428e-04 7.112248287191661996e-04 7.185198426854647394e-04 6.772227034355940639e-04 5.577928642274391667e-04 3.777660854785471747e-04 2.203848360522381376e-04 1.330048342416348275e-04 9.910497611867757786e-05 9.201361380315081805e-05 9.643423543758303609e-05 1.059243053327201510e-04 1.183164308853760686e-04 1.330978657653906832e-04 1.500813296489724412e-04 1.687220565172925025e-04 1.879213543048517795e-04 2.063822052902318527e-04 2.232459041739049451e-04 2.381256137318567593e-04 2.494849666670230243e-04 2.507587993567459567e-04 2.271763104284313546e-04 1.693494824533574371e-04 1.016915248812607552e-04 5.651433805575589557e-05 3.587883305774694861e-05 2.887967587406958732e-05 2.792376025586333635e-05 2.962984925236918692e-05 3.273631196949706941e-05 3.678469326556746291e-05 4.151054477496298844e-05 4.659187374967437354e-05 5.163713591813997038e-05 5.635911325945026028e-05 6.075400888662564223e-05 6.505525539841554392e-05 6.933906836161131534e-05 7.268196296113158775e-05 7.183589882980605452e-05 6.151416124841199652e-05 4.197078798561253745e-05 2.369380652473310236e-05 1.331072424638951780e-05 9.027182238437334854e-06 7.778495113258743682e-06 7.870895894867515930e-06 8.588142938824598111e-06 9.632858190198352119e-06 1.084447949007164038e-05 1.209247076742856500e-05 1.327076893903053992e-05 1.434332495260070248e-05 1.536775806347471504e-05 1.645851496127792549e-05 1.769966466981679617e-05 1.900345028220739866e-05 1.985872496673169528e-05 1.904497371702733633e-05 1.528026695531876786e-05 9.694287929074731414e-06 5.316706103362488669e-06 3.102787383893293905e-06 2.281404583830972868e-06 2.115289040594741586e-06 2.234170232822198519e-06 2.475031037322051513e-06 2.758175536447880422e-06 3.037629773651838698e-06 3.290383752106642942e-06 3.519211289079988593e-06 3.749428281692159368e-06 4.015150254464788444e-06 4.341660260987397872e-06 4.723666689912695741e-06 5.088582243974823047e-06 5.235636991852253569e-06 4.812518715979084855e-06 3.620121125208790390e-06 2.176524636508716387e-06 1.193371824407863249e-06 7.441722983266526417e-07 5.992256103784104438e-07 5.892510149827225280e-07 6.321289566060471582e-07 6.902800749239707645e-07 7.469352418472974716e-07 7.973579315351921031e-07 8.446421707686361388e-07 8.962552207415371955e-07 9.604209586511491147e-07 1.042888092587881103e-06 1.143551310777354674e-06 1.251395719573209037e-06 1.336563552760778066e-06 1.339748702594401684e-06 1.177505471935164392e-06 8.374669641801241429e-07 4.864950507256418621e-07 2.741405273342162228e-07 1.858990028328118694e-07 1.612528513216957649e-07 1.621822510404497936e-07 1.710887802868527636e-07 1.809702262040362191e-07 1.902454808000923547e-07 1.998558785114622044e-07 2.115570512435436439e-07 2.270708578550294342e-07 2.475318764265285454e-07 2.728863533088120752e-07 3.011267195333554249e-07 3.275630727807016676e-07 3.438851359141845797e-07 3.355404389536440605e-07 2.831778756841433163e-07 1.918426815417171556e-07 1.095429484505923188e-07 6.469258614147741448e-08 4.728704705538398737e-08 4.252179155347905954e-08 4.232812506583814091e-08 4.342947573953825298e-08 4.490180379647952030e-08 4.681117757118846393e-08 4.948639817690901010e-08 5.324332982011676610e-08 5.827577130144104796e-08 6.452508852047992706e-08 7.154502452158817581e-08 7.849356759740998743e-08
3.116330676808084702e-05 4.377215426200204416e-04 5.528257824161666393e-04 5.110002608676211854e-04 4.008671452177978113e-04 2.833820420872571193e-04 1.982932111143772484e-04 1.601241348611940035e-04 1.617724713424479775e-04 1.890462766708153597e-04 2.308529012740925259e-04 2.804071122084490081e-04 3.337851038572551697e-04 3.891335235024410521e-04 4.463079201159504531e-04 5.054968598424008659e-04 5.654197352049209792e-04 6.220915375680788817e-04 6.697462163401468951e-04 7.025688271236332424e-04 7.132605660538460061e-04 6.844876553758409525e-04 5.847431058726421235e-04 4.102554394906236302e-04 2.387973206009316371e-04 1.389098099571331501e-04 1.005605777970371845e-04 9.312340385154633019e-05 9.833479771892116310e-05 1.084129910515391925e-04 1.206277499432140783e-04 1.345032216654501651e-04 1.504031236598838632e-04 1.686311521296699780e-04 1.887858179453694109e-04 2.095397933777964710e-04 2.291213634299407546e-04 2.462774651198477343e-04 2.604964836384526176e-04 2.697282234790313450e-04 2.649265472094879722e-04 2.274813521723848138e-04 1.544670326845612039e-04 8.544225008265609407e-05 4.792883123130767497e-05 3.385373266238636314e-05 3.048272909851317900e-05 3.126848758990017019e-05 3.375350835137451135e-05 3.722850055113182397e-05 4.158867847818907267e-05 4.681929497160243486e-05 5.272553827744560720e-05 5.885557143497956709e-05 6.465528630679600350e-05 6.981572514299886495e-05 7.448039212912716152e-05 7.895594773552081847e-05 8.276293832282230543e-05 8.284966941208650514e-05 7.261865853048836102e-05 5.002664254939896758e-05 2.763705246015053552e-05 1.513264423432994042e-05 1.025181210278654368e-05 8.907053311709188037e-06 8.993049341890658812e-06 9.719774885144046364e-06 1.083152470320238741e-05 1.223656945143944928e-05 1.384302414775776742e-05 1.550165555133796485e-05 1.704331466366985852e-05 1.838134486398126680e-05 1.957950586309621711e-05 2.080968945281035754e-05 2.220270498108002535e-05 2.359304824132300423e-05 2.406841390650365264e-05 2.166464941856001284e-05 1.541493642934772175e-05 8.648660852606081470e-06 4.628544854834717193e-06 2.992617654707720412e-06 2.521241407862548114e-06 2.537375065119397042e-06 2.772148724502088343e-06 3.123770329406496936e-06 3.539280694890499497e-06 3.967750887241094143e-06 4.358390470204673663e-06 4.686018948678459227e-06 4.969009625456797100e-06 5.259657232526383212e-06 5.614002093302139008e-06 6.055230111432762392e-06 6.518388552616656192e-06 6.749606817587448042e-06 6.230477543507755870e-06 4.612490106360541049e-06 2.661083786551766234e-06 1.405735664502695771e-06 8.739515027074462152e-07 7.188394832279336816e-07 7.235340157992725449e-07 7.957046401547175110e-07 8.959830148437047245e-07 1.002059458052638022e-06 1.097819890805013592e-06 1.175585181614007562e-06 1.239845483424053176e-06 1.304439696595033401e-06 1.385346333602054647e-06 1.493967430822675057e-06 1.630076755032805934e-06 1.770543468621207351e-06 1.850363610607292791e-06 1.746557241804437078e-06 1.351550992370089660e-06 8.120501470119574842e-07 4.297457616631033117e-07 2.597071802192071259e-07 2.089655366557405129e-07 2.088594340708368529e-07 2.279767362297497186e-07 2.522239258527206826e-07 2.746446605578669033e-07 2.924925706809242798e-07 3.066292260821621280e-07 3.204441084875670953e-07 3.380303785172299339e-07 3.627063794603136401e-07 3.958907045218131577e-07 4.357185274743227707e-07 4.750106521374579881e-07 4.987548163416077417e-07 4.805977581706369268e-07 3.899140869784599832e-07 2.465248652910077831e-07 1.325406790821787352e-07 7.853644569893472446e-08 6.154179497401826385e-08 6.018511136332513275e-08 6.406616330726678187e-08 6.870651252046647282e-08 7.250129663592855062e-08 7.542845338001059265e-08 7.823962446971534834e-08 8.191044810589958695e-08 8.728770400661198429e-08
2.788181217794209041e-05 3.715759669464442660e-04 4.410619915279071130e-04 3.813607485946694559e-04 2.815958790197783967e-04 1.938315219594591559e-04 1.431454380394434078e-04 1.319368742677326230e-04 1.494481473873644892e-04 1.840575284141279951e-04 2.286911578159628766e-04 2.795931259631260699e-04 3.339160965242248306e-04 3.891415507929729917e-04 4.440696725969218495e-04 4.992277360517180388e-04 5.551870080707507283e-04 6.098287075322993264e-04 6.572993762638945766e-04 6.902532223779049830e-04 7.021563406327769805e-04 6.821334421554870516e-04 6.033326470141702575e-04 4.429862361237353412e-04 2.599815805459633022e-04 1.453946986077138035e-04 1.015290062096637340e-04 9.324940655093134890e-05 9.910221522869193888e-05 1.103937500636551866e-04 1.237064048584673732e-04 1.377205103439782345e-04 1.524272168732776467e-04 1.686911348916489048e-04 1.874586261962072665e-04 2.088023351089814280e-04 2.313081466691841782e-04 2.524374837837841334e-04 2.700353080816956922e-04 2.833261766138732971e-04 2.902575158512024482e-04 2.796400686036855029e-04 2.284878473154109595e-04 1.417672224322464767e-04 7.340418907405264239e-05 4.287443340985005877e-05 3.392635960053192834e-05 3.340390341040832232e-05 3.574354021429616807e-05 3.900197193825829839e-05 4.271373996726051650e-05 4.703792674100823760e-05 5.229960288158733308e-05 5.866094866401634492e-05 6.588834195677943802e-05 7.328164053874843085e-05 7.996905454538309559e-05 8.553250020021668928e-05 9.028777283777672351e-05 9.452208522351596197e-05 9.641091157230634778e-05 8.901406002328695775e-05 6.491109830082891861e-05 3.571733233114558450e-05 1.848110934938599958e-05 1.207125651235075862e-05 1.048702657862198666e-05 1.059463254052677831e-05 1.129133037139235154e-05 1.229933465877150499e-05 1.362002423799994333e-05 1.530229621798036456e-05 1.732756764556842366e-05 1.954700780677443708e-05 2.169132111008535623e-05 2.351294401915803551e-05 2.498166125145652130e-05 2.631897554753838541e-05 2.778435466529695502e-05 2.924714424548134276e-05 2.942149835491714613e-05 2.538366593017767070e-05 1.649763085697472691e-05 8.522648016955478625e-06 4.651494194942024480e-06 3.352420419750307221e-06 3.077811250222945356e-06 3.179319298985649159e-06 3.455274083827272394e-06 3.859362011793056831e-06 4.381679294064469767e-06 4.994673087523225068e-06 5.632525909853048292e-06 6.206407017655524653e-06 6.658256516614450062e-06 7.010156575101473644e-06 7.353098209840747666e-06 7.784729006497065782e-06 8.327459898828555246e-06 8.791332102445376478e-06 8.549727729954267069e-06 6.749581480855616231e-06 3.966335963378690378e-06 2.003621379441184221e-06 1.173008812188952535e-06 9.230225174478720996e-07 8.991383170684415056e-07 9.680927868368450235e-07 1.088207310369293300e-06 1.244747251070775009e-06 1.422109968770608615e-06 1.595447454987551463e-06 1.738818277944011548e-06 1.842530733457707310e-06 1.921710770134329322e-06 2.006871020113514820e-06 2.127200080226522883e-06 2.294892156083423603e-06 2.483202404268446803e-06 2.584330132755284042e-06 2.373862571322087784e-06 1.700211195108135293e-06 9.229468606499543548e-07 4.711274890125139136e-07 3.027428193527487552e-07 2.632864580021451503e-07 2.744438014165994289e-07 3.078511397845776574e-07 3.527806387929197690e-07 4.017395561380683029e-07 4.462460063674799830e-07 4.796927120910821611e-07 5.017967738714201380e-07 5.189070112545730417e-07 5.400933423692411575e-07 5.730626043278791951e-07 6.213638322987867203e-07 6.807460231909086041e-07 7.328197805566942624e-07 7.366489174865427767e-07 6.310655128542820911e-07 4.116738047705390575e-07 2.120832492866804556e-07 1.140826791734840110e-07 8.293954934784098050e-08 7.988572681468641680e-08 8.776734174345250474e-08 9.987067736246503971e-08 1.126353002159019671e-07 1.233465109825912484e-07
2.412758252238691274e-05 2.972007382090187215e-04 3.210412353072621106e-04 2.514545537306869219e-04 1.721224234028136807e-04 1.194958065667765367e-04 1.018768575424623451e-04 1.129095484238408991e-04 1.423568570016395252e-04 1.822371088819337937e-04 2.281548038484195753e-04 2.785011588958806743e-04 3.325740969380112520e-04 3.884877624893389976e-04 4.431382611425104868e-04 4.947620764685418298e-04 5.444691960415379371e-04 5.935706685538756416e-04 6.390550782348715158e-04 6.725300833212988216e-04 6.849162782562687613e-04 6.691126282107961272e-04 6.085244991854287140e-04 4.712739909346845947e-04 2.826954228584010347e-04 1.511589701647657216e-04 1.018863534999698493e-04 9.375825393203046523e-05 9.993868505656318456e-05 1.111518936237303320e-04 1.249670354295454987e-04 1.404521025415425073e-04 1.565262291117808019e-04 1.723740793555767294e-04 1.884318502050815749e-04 2.063084778222865566e-04 2.274161511975467305e-04 2.513230136483266290e-04 2.750042896298790789e-04 2.943445639336065580e-04 3.071470933935160842e-04 3.120606412690304617e-04 2.980047039118516468e-04 2.362517315306173166e-04 1.354883903027312572e-04 6.643377016508348785e-05 4.116828766058605523e-05 3.573366734971603401e-05 3.696576921499275027e-05 4.052398168402340979e-05 4.496481083145929873e-05 4.959431341111468077e-05 5.415917869053294570e-05 5.895049274863112628e-05 6.463025451534027733e-05 7.178509742918461143e-05 8.043430644800386383e-05 8.967867043375829159e-05 9.794685393715506455e-05 1.041684186116871938e-04 1.087017874778688442e-04 1.120535519511640335e-04 1.106077753684875077e-04 9.228400782173940356e-05 5.501276205425341463e-05 2.624492646512636867e-05 1.496570823209984139e-05 1.223100370574196324e-05 1.238037811346799734e-05 1.340182853251509673e-05 1.461994624518121288e-05 1.585464457568347535e-05 1.719508344179368711e-05 1.885600791095538590e-05 2.103571251657124423e-05 2.378247356210393959e-05 2.687096442860350168e-05 2.979371107078519743e-05 3.205871520667362634e-05 3.364300838317885867e-05 3.501580906689047884e-05 3.651281611502774262e-05 3.711793765220025191e-05 3.285803809293724791e-05 2.108883324110098347e-05 1.015614863716292020e-05 5.375840432653355026e-06 4.083012488273411333e-06 3.978338800667298295e-06 4.199549918772123267e-06 4.498493510752797743e-06 4.852808252402454378e-06 5.315606335547003061e-06 5.944798899616651584e-06 6.764422108389485365e-06 7.727070083311665875e-06 8.690456687964292123e-06 9.471351521860225774e-06 9.991104064036628526e-06 1.036117180524482651e-05 1.078769098129130592e-05 1.137840581142086123e-05 1.185681424305004930e-05 1.108244394950568042e-05 7.771199585702603561e-06 3.912542135854367700e-06 1.951750641315376293e-06 1.349139942927790098e-06 1.237831364813667987e-06 1.269109710284558939e-06 1.349944872737002224e-06 1.471903181787249193e-06 1.646585156639395083e-06 1.881827033014854252e-06 2.169357191487904285e-06 2.473567378102408353e-06 2.735967908115768429e-06 2.912536640810765108e-06 3.015207224446999509e-06 3.104647813507689531e-06 3.245728897247277938e-06 3.464055096737749772e-06 3.682999984365956859e-06 3.599293764869537164e-06 2.759249422074827853e-06 1.493725251200985037e-06 7.163658992299142836e-07 4.436510401921161180e-07 3.777651355418111974e-07 3.784445383971975089e-07 4.053216074930121241e-07 4.511589224486333084e-07 5.163837451358851034e-07 5.995263773167268036e-07 6.923548127418103996e-07 7.781632574743406049e-07 8.393601933780747229e-07 8.719730580612221327e-07 8.900658289266086045e-07 9.151207714497003753e-07 9.641928249956461818e-07 1.041645441147925933e-06 1.124841674548081764e-06 1.136315277052596584e-06 9.434376410660470783e-07 5.595230125800977575e-07 2.652801811300248764e-07 1.472771571553317503e-07 1.155182942854786611e-07 1.136619196219547464e-07
1.963960526418820522e-05 2.111144900637338274e-04 1.933263842879731186e-04 1.290831473761713225e-04 8.303508044197544847e-05 6.801397533427013594e-05 7.799631142806456017e-05 1.039397951236497783e-04 1.393782048486505540e-04 1.813806868116245828e-04 2.286778307192111862e-04 2.793492037886387671e-04 3.314497662477929084e-04 3.849138419000072480e-04 4.396771401454358636e-04 4.922216111479975949e-04 5.378837622530917685e-04 5.769830143130342528e-04 6.133387547292303401e-04 6.448552717374734025e-04 6.594566069345358288e-04 6.446779651737920931e-04 5.936777477334196978e-04 4.849306748192766916e-04 3.049338873173684686e-04 1.549542046599165443e-04 9.956405795685923927e-05 9.267777627020692196e-05 1.006643981413050915e-04 1.132800324830035506e-04 1.274191749765741719e-04 1.419461039747159077e-04 1.573175217768045954e-04 1.745101128653337049e-04 1.930649623106368091e-04 2.109798186906583441e-04 2.274372051549579203e-04 2.447714971306410334e-04 2.662776678984461699e-04 2.920175308544462230e-04 3.165220852582174404e-04 3.322948452800487690e-04 3.366214923789798748e-04 3.245044884538475006e-04 2.634927848584868947e-04 1.441741900012644562e-04 6.483251840628577261e-05 4.174174075895674353e-05 3.928900978329207883e-05 4.218487225671356181e-05 4.626887172113255931e-05 5.071767752355351198e-05 5.580818836167594587e-05 6.176095021913431183e-05 6.809105408729219011e-05 7.399887775691267795e-05 7.952921949054050628e-05 8.592813314552084827e-05 9.461822691697233502e-05 1.058292334991150010e-04 1.176589427052294752e-04 1.268077408334032977e-04 1.317792011200336587e-04 1.339229109816890873e-04 1.305092545438715291e-04 1.036385364106909437e-04 5.303829296753011436e-05 2.334910790001986129e-05 1.539014524420564313e-05 1.453797235710389872e-05 1.536829053923791756e-05 1.666852776036649301e-05 1.832440596408457993e-05 2.029014014404655872e-05 2.230878489801735637e-05 2.412091139323639238e-05 2.584231186545632550e-05 2.796812810694513041e-05 3.100753702614516139e-05 3.510287390047114978e-05 3.970434305119930252e-05 4.358534226672181088e-05 4.583539135055380128e-05 4.694270693699014688e-05 4.790876539740797260e-05 4.717231157589242118e-05 3.705986930048965015e-05 1.845926568778563594e-05 8.121078775992423434e-06 5.377336244517592964e-06 5.031258799289418188e-06 5.307427786042760759e-06 5.813129811076326262e-06 6.431709363196604769e-06 7.046845104014754627e-06 7.581507222003589202e-06 8.098358435711469915e-06 8.769921534236791517e-06 9.764890874364824739e-06 1.115174975776523526e-05 1.279576578389653231e-05 1.429456363170079801e-05 1.521745680540343703e-05 1.558393745174482529e-05 1.586422658085724557e-05 1.638328193959746754e-05 1.633799163703237545e-05 1.277783952210170482e-05 6.292572140005477609e-06 2.754854766798859754e-06 1.811619458784628230e-06 1.701730859947282656e-06 1.819013633777983540e-06 2.000412876489200974e-06 2.180727876464910171e-06 2.334812699692149668e-06 2.487034463198885288e-06 2.693163490115380092e-06 3.007045125692441673e-06 3.457384920349562517e-06 4.017088451782488798e-06 4.566492966223944846e-06 4.935551931956451000e-06 5.069777641672277171e-06 5.106188932093572156e-06 5.232807164504770914e-06 5.501371760403946214e-06 5.544705239121247352e-06 4.317313629849528664e-06 2.114522939425303004e-06 9.202566355911993832e-07 6.068060578010223384e-07 5.776066967568328596e-07 6.181802712752684208e-07 6.673277132954974984e-07 7.103472645556100238e-07 7.544140692465297139e-07 8.164472540674569893e-07 9.131886392587834674e-07 1.055532174025653161e-06 1.239833091981409266e-06 1.433418842782569573e-06 1.577019303420132294e-06 1.633578326351913877e-06 1.633220788674758207e-06 1.643159638018243940e-06 1.712641433345169286e-06 1.833145511523402300e-06 1.855190747123887291e-06 1.437626134198653732e-06
1.374639947442729912e-05 1.068543517830994398e-04 6.644025392906202979e-05 3.567389507623532720e-05 3.226817372201683714e-05 4.634167682323729625e-05 7.053056790419672244e-05 1.020812815270896729e-04 1.395678969536259296e-04 1.817785724273264937e-04 2.288316339710769751e-04 2.791616087126412116e-04 3.304599131237404269e-04 3.835823008656237434e-04 4.363948444854221257e-04 4.839083164436225153e-04 5.279957455192043833e-04 5.683362885615668002e-04 5.942222077063709189e-04 6.052065598670271478e-04 6.120024997182449194e-04 6.043528027663391377e-04 5.559033361500995704e-04 4.627347942622868186e-04 3.122922245222061496e-04 1.498396515677852129e-04 9.214084309447038567e-05 9.111141457322793577e-05 1.018561001404030993e-04 1.145942297936085471e-04 1.288690384482932575e-04 1.444809717757320941e-04 1.599857233612693420e-04 1.762616835104305855e-04 1.945531930441160985e-04 2.124984095607730021e-04 2.291798225890605430e-04 2.481552223888682375e-04 2.688925980912690696e-04 2.852088799119136334e-04 2.985046980560750207e-04 3.185824986766370190e-04 3.464651413890120000e-04 3.655060125244749265e-04 3.609158390582405942e-04 3.271411120393829023e-04 2.069665790696047095e-04 7.680494078064927085e-05 4.498977776263956955e-05 4.384299888686947737e-05 4.757946380118217920e-05 5.265185754139721427e-05 5.807500723419277308e-05 6.336064030354759968e-05 6.935194423418264420e-05 7.627890157168809126e-05 8.284418601941805798e-05 8.911397624378328058e-05 9.694431939207775290e-05 1.059821852181159666e-04 1.133290921186651116e-04 1.192544253084458446e-04 1.284144217475488927e-04 1.436648528982131269e-04 1.605319181445199919e-04 1.687745012277574942e-04 1.665622141731844860e-04 1.527625010502823449e-04 9.138841467942373359e-05 3.158750750748199032e-05 1.841627463023319479e-05 1.787241267466231306e-05 1.943113728944308318e-05 2.123834338514351338e-05 2.303262092578797180e-05 2.519327973078192809e-05 2.770209105330310133e-05 3.000526323168623626e-05 3.221484668238397360e-05 3.510944185135135006e-05 3.860187929604414392e-05 4.150827142147341423e-05 4.363961806430649467e-05 4.672708130802190828e-05 5.248389700056544450e-05 6.053587923077809749e-05 6.704910657811146335e-05 6.838015184782010407e-05 6.691082028422764953e-05 6.218218871473074063e-05 3.665227447122259939e-05 1.231136605712387390e-05 7.139399165201687048e-06 6.958176340878789773e-06 7.463553194893637797e-06 8.052046641452571655e-06 8.805147063664932645e-06 9.684933315811449997e-06 1.047553244779191183e-05 1.122084034750422530e-05 1.222231024742845665e-05 1.349420880759910025e-05 1.459880234634231114e-05 1.533296522283115091e-05 1.625202151479712185e-05 1.810743659856664094e-05 2.115982409673129055e-05 2.451704158148483321e-05 2.621191445044392937e-05 2.586035451362376209e-05 2.532349182216583642e-05 2.397804299891419602e-05 1.418361791160235085e-05 4.720614283019071365e-06 2.717270570045151073e-06 2.602605705285845370e-06 2.760024142157518434e-06 3.010457522638418986e-06 3.312670753724055365e-06 3.582096367966625983e-06 3.826935025690591091e-06 4.158721548717616811e-06 4.604867374318014467e-06 5.017464488630668293e-06 5.275508052044315622e-06 5.533791398429658937e-06 6.078035191851369274e-06 7.090746331915747828e-06 8.465209708943218544e-06 9.577859096361827150e-06 9.768334471339795242e-06 9.412041377626369335e-06 9.310329265245811711e-06 9.008312155116033295e-06 5.403791405789421040e-06 1.798095636831634774e-06 1.006252648078475456e-06 9.486008437556699600e-07 1.017432446820633846e-06 1.117899755731733535e-06 1.209342735940700309e-06 1.288657076949261758e-06 1.395097980983142748e-06 1.546990254525763282e-06 1.698669978842403994e-06 1.793192185443441829e-06 1.865071858544447289e-06 2.014352262754721161e-06 2.322191553733950806e-06 2.806824007856311677e-06
8.173715125594322523e-08 5.915389095240076962e-07 3.976587568812173281e-06 1.188750788136222200e-05 2.534161552609850185e-05 4.486748600287824369e-05 7.070975971307348693e-05 1.025842847521688580e-04 1.399431705902117547e-04 1.824055034542423112e-04 2.292191501183865414e-04 2.786692983617398262e-04 3.295761459655496416e-04 3.813383548430340796e-04 4.319554526128837300e-04 4.781166831436675581e-04 5.182331667712946873e-04 5.514550150861523368e-04 5.741305347835305630e-04 5.805515903359641456e-04 5.669794936780979747e-04 5.309305192410103099e-04 4.667934216729406117e-04 3.649922416444469834e-04 2.139956493812464485e-04 6.850775053879874007e-05 7.903800114048359295e-05 9.051900283337153638e-05 1.031615954753987643e-04 1.167150207986215833e-04 1.308811715733742512e-04 1.459235332552585591e-04 1.621319472311000178e-04 1.789964426516467877e-04 1.959283538436162170e-04 2.132489019435197103e-04 2.314552901537536838e-04 2.499040815390007149e-04 2.674019198880011770e-04 2.838580718744997925e-04 3.000543126140695700e-04 3.159107677676331366e-04 3.298557662958033336e-04 3.401840289302508757e-04 3.463001275671665890e-04 3.482526860826859016e-04 3.453704059821976840e-04 3.352279704896614062e-04 3.127798630771148306e-04 2.971030769143126514e-04 4.910495503702585844e-05 5.428783501770333549e-05 5.977842206597024322e-05 6.544729462137202961e-05 7.148151934754993944e-05 7.808864551464846332e-05 8.509650140043703852e-05 9.219394062040739955e-05 9.945080575700697911e-05 1.072500842842601722e-04 1.156634847689664176e-04 1.242509746621311799e-04 1.326130374310396985e-04 1.409232260295370661e-04 1.496976421595205050e-04 1.590991650502597576e-04 1.686748649254692230e-04 1.777638467237317634e-04 1.860601173296971638e-04 1.937014146855292227e-04 2.008850514790648653e-04 2.077161305312772625e-04 2.153952355479063008e-04 2.279757668343874641e-04 3.527682394754364913e-04 2.652204988005185877e-05 2.884836001651912830e-05 3.127998661043644544e-05 3.394636768287042738e-05 3.687411805591190195e-05 3.993218944383256585e-05 4.301766159239774659e-05 4.623158100875380871e-05 4.976144400644439742e-05 5.363019600872758624e-05 5.764392651991488432e-05 6.161329615751528111e-05 6.558884268362307271e-05 6.980331016787790876e-05 7.442156402131441925e-05 7.940415455034250877e-05 8.458451604381335529e-05 8.983148688808090634e-05 9.512415025090176007e-05 1.005307558641161449e-04 1.061932542301147615e-04 1.119990188995452008e-04 1.146550003595175161e-04 1.253175137248264384e-04 7.337558522747393867e-05 1.308812550004971645e-05 1.413346662093794575e-05 1.529583026516743738e-05 1.657417048356642642e-05 1.790357110015475777e-05 1.924275104219403903e-05 2.063884102718317631e-05 2.217872625664353529e-05 2.389077898510648170e-05 2.571178044187760208e-05 2.755531705872739303e-05 2.939998193436913997e-05 3.130050400728263396e-05 3.333135222779232598e-05 3.553500968639970389e-05 3.791365400834685584e-05 4.044350244733786455e-05 4.308164467944102562e-05 4.576358808836563876e-05 4.837189048393105399e-05 5.067235182498332999e-05 5.305015776997193421e-05 5.971009838321957638e-05 6.607248393388657560e-05 5.758250063832648851e-06 6.202016342917747774e-06 6.698499139490280307e-06 7.247868289676947193e-06 7.823601864152599685e-06 8.404682094411108952e-06 9.002815471997673859e-06 9.652432495605081308e-06 1.037708616394195064e-05 1.117066120652867533e-05 1.200723250613890320e-05 1.286274154717707027e-05 1.373039268903270640e-05 1.462156270640233719e-05 1.555674271782968011e-05 1.655516280370599876e-05 1.762434956465606321e-05 1.875474940677524611e-05 1.992877758559159152e-05 2.115475262451060033e-05 2.256342747228879203e-05 2.452016716417257893e-05 2.589653775091384021e-05 2.772228845105143886e-05 3.110622391210483042e-05 2.673912290104101026e-06
