1.9228548272761416e-6	1.9228548272761416e-6	1.9228548272761416e-6	1.9228548272761416e-6	1.9228548272761416e-6	1.9228548272761416e-6	1.922854827276141e-6	1.922854827276141e-6	1.922854827276141e-6	1.9228548272761408e-6	1.9228548272761403e-6	1.922854827276139e-6	1.9228548272761374e-6	1.922854827276135e-6	1.9228548272761298e-6	1.9228548272761217e-6	1.9228548272761073e-6	1.9228548272760827e-6	1.9228548272760412e-6	1.9228548272759692e-6	1.9228548272758456e-6	1.922854827275633e-6	1.922854827275268e-6	1.9228548272746394e-6	1.922854827273558e-6	1.9228548272716972e-6	1.9228548272684954e-6	1.9228548272629855e-6	1.9228548272535063e-6	1.9228548272371976e-6	1.922854827209147e-6	1.9228548271609087e-6	1.92285482707798e-6	1.922854826935454e-6	1.9228548266905903e-6	1.9228548262700744e-6	1.922854825548219e-6	1.9228548243096844e-6	1.9228548221857718e-6	1.9228548185456494e-6	1.9228548123108008e-6	1.922854801638822e-6	1.9228547833851177e-6	1.9228547521875378e-6	1.9228546989116552e-6	1.9228546080134974e-6	1.9228544530719246e-6	1.9228541892311803e-6	1.9228537404359612e-6	1.922852977905455e-6	1.9228516838948658e-6	1.9228494907983093e-6	1.9228457790077827e-6	1.922839505937191e-6	1.9228289204242177e-6	1.9228110867234168e-6	1.9227810929898207e-6	1.9227307383365763e-6	1.9226463605390315e-6	1.9225052515429633e-6	1.9222697592961938e-6	1.9218776109484055e-6	1.921226085404883e-6	1.920146209278745e-6	1.918360831107579e-6	1.915416751069751e-6	1.9105752989228538e-6	1.9026367747534712e-6	1.8896605935154631e-6	1.8685236960316282e-6	1.8342372081020002e-6	1.778935244877142e-6	1.690554032810672e-6	1.5518107603532178e-6	1.3423816906636684e-6	1.0527551944467563e-6	7.161373591630837e-7	4.15753773354533e-7	2.1303228596602705e-7	1.0197579582554065e-7	4.794542537229552e-8	2.232270593226209e-8	9.420406036746589e-9	3.306749547415041e-9	1.0314747444717214e-9	3.1178093673720555e-10	8.401998357006545e-11	1.8340837313691106e-11	3.698517935743493e-12	6.446840428058311e-13	9.069829394859609e-14	1.1463972477534299e-14	1.1177571535513567e-15	9.32833296979996e-17	5.4191577871292506e-18	2.4043138650991445e-19	8.223711565396754e-21	2.1249890284793984e-22	4.054173878841281e-24	5.520139610767306e-26	1.0936665601110731e-41
1.922900742958472e-6	1.922900742958472e-6	1.922900742958472e-6	1.922900742958472e-6	1.922900742958472e-6	1.9229007429584718e-6	1.9229007429584718e-6	1.9229007429584718e-6	1.9229007429584718e-6	1.9229007429584713e-6	1.9229007429584705e-6	1.9229007429584696e-6	1.922900742958468e-6	1.922900742958465e-6	1.9229007429584603e-6	1.922900742958452e-6	1.922900742958438e-6	1.9229007429584133e-6	1.9229007429583714e-6	1.9229007429583e-6	1.922900742958176e-6	1.9229007429579635e-6	1.9229007429575985e-6	1.92290074295697e-6	1.9229007429558883e-6	1.922900742954028e-6	1.922900742950826e-6	1.922900742945316e-6	1.9229007429358365e-6	1.9229007429195277e-6	1.922900742891477e-6	1.9229007428432384e-6	1.922900742760309e-6	1.922900742617782e-6	1.922900742372916e-6	1.922900741952397e-6	1.922900741230536e-6	1.9229007399919917e-6	1.922900737868063e-6	1.9229007342279117e-6	1.9229007279930145e-6	1.9229007173209516e-6	1.922900699067103e-6	1.922900667869276e-6	1.9229006145929685e-6	1.9229005236940822e-6	1.9229003687512614e-6	1.9229001049083795e-6	1.922899656109502e-6	1.9228988935727374e-6	1.922897599551451e-6	1.9228954064366238e-6	1.9228916946149137e-6	1.9228854214911446e-6	1.9228748358875645e-6	1.9228570020325196e-6	1.9228270080365945e-6	1.9227766529376312e-6	1.9226922743835445e-6	1.922551164104723e-6	1.922315669685375e-6	1.9219235176621433e-6	1.9212719859080956e-6	1.9201920993007154e-6	1.9184067034632643e-6	1.915462593687643e-6	1.9106210915501317e-6	1.9026824834601827e-6	1.8897061615310643e-6	1.8685690284920504e-6	1.8342821466256816e-6	1.7789795250488143e-6	1.6905972124532067e-6	1.5518520966847637e-6	1.3424199308503526e-6	1.0527882917597512e-6	7.161626429994939e-7	4.157698875737828e-7	2.1304097503374208e-7	1.0198008030941972e-7	4.794753117373804e-8	2.232379094705347e-8	9.420943841105072e-9	3.3069613031739718e-9	1.0315444785275336e-9	3.1180417815584054e-10	8.402749652281948e-11	1.834264557563568e-11	3.69891957909877e-12	6.447684972254902e-13	9.071123713909829e-14	1.1465924844909331e-14	1.1179691328896224e-15	9.330439873568321e-17	5.4204551187857624e-18	2.4048883642008685e-19	8.225668551639081e-21	2.1254924471733495e-22	4.055129663316092e-24	5.521434199944351e-26	1.0939218334112695e-41
1.9230384437722635e-6	1.9230384437722635e-6	1.9230384437722635e-6	1.9230384437722635e-6	1.9230384437722635e-6	1.923038443772263e-6	1.923038443772263e-6	1.923038443772263e-6	1.923038443772263e-6	1.9230384437722627e-6	1.923038443772262e-6	1.923038443772261e-6	1.9230384437722593e-6	1.9230384437722563e-6	1.9230384437722516e-6	1.923038443772243e-6	1.923038443772229e-6	1.9230384437722046e-6	1.9230384437721627e-6	1.923038443772091e-6	1.9230384437719675e-6	1.923038443771755e-6	1.92303844377139e-6	1.9230384437707613e-6	1.9230384437696796e-6	1.923038443767819e-6	1.923038443764617e-6	1.923038443759107e-6	1.9230384437496274e-6	1.923038443733318e-6	1.9230384437052666e-6	1.9230384436570272e-6	1.9230384435740955e-6	1.9230384434315653e-6	1.923038443186694e-6	1.923038442766165e-6	1.923038442044287e-6	1.9230384408057144e-6	1.9230384386817357e-6	1.9230384350414994e-6	1.9230384288064555e-6	1.9230384181341407e-6	1.9230383998798594e-6	1.9230383686812897e-6	1.9230383154037084e-6	1.9230382245026385e-6	1.9230380695560746e-6	1.9230378057067824e-6	1.9230373568969325e-6	1.9230365943414e-6	1.9230353002880333e-6	1.923033107118412e-6	1.9230293952031834e-6	1.9230231219199353e-6	1.9230125360446253e-6	1.9229947017270044e-6	1.922964706944356e-6	1.9229143505086844e-6	1.922829969685735e-6	1.9226888555599436e-6	1.922453354625049e-6	1.922061191579187e-6	1.9214096411998177e-6	1.920329723159264e-6	1.9185442743407468e-6	1.9156000753816873e-6	1.9107584233226705e-6	1.9028195635555244e-6	1.8898428196947389e-6	1.868704980227372e-6	1.8344169169474414e-6	1.7791123209774513e-6	1.690726707902571e-6	1.5519760640572187e-6	1.3425346129057781e-6	1.052887550372547e-6	7.162384690500447e-7	4.1581821400587937e-7	2.1306703348773248e-7	1.0199292944694481e-7	4.795384645770206e-8	2.2327044898909698e-8	9.422556712657128e-9	3.3075963572306646e-9	1.031753610478687e-9	3.11873879009607e-10	8.405002781617497e-11	1.834806854070291e-11	3.700124104743787e-12	6.450217754460261e-13	9.075005367790922e-14	1.1471779981165978e-14	1.118604857459194e-15	9.336758463399904e-17	5.424345807452287e-18	2.406611283034143e-19	8.231537539846808e-21	2.1270021963552515e-22	4.057996054346577e-24	5.525316663933921e-26	1.0946873962732839e-41
1.9232677910644685e-6	1.9232677910644685e-6	1.9232677910644685e-6	1.9232677910644685e-6	1.9232677910644685e-6	1.9232677910644685e-6	1.923267791064468e-6	1.923267791064468e-6	1.923267791064468e-6	1.9232677910644677e-6	1.923267791064467e-6	1.923267791064466e-6	1.9232677910644643e-6	1.9232677910644618e-6	1.9232677910644567e-6	1.9232677910644482e-6	1.9232677910644342e-6	1.9232677910644097e-6	1.923267791064368e-6	1.923267791064296e-6	1.9232677910641725e-6	1.92326779106396e-6	1.923267791063595e-6	1.9232677910629663e-6	1.9232677910618847e-6	1.9232677910600237e-6	1.923267791056822e-6	1.9232677910513116e-6	1.9232677910418316e-6	1.9232677910255215e-6	1.923267790997469e-6	1.9232677909492276e-6	1.9232677908662933e-6	1.923267790723757e-6	1.9232677904788766e-6	1.9232677900583315e-6	1.9232677893364256e-6	1.9232677880978047e-6	1.9232677859737434e-6	1.9232677823333647e-6	1.923267776098077e-6	1.9232677654253424e-6	1.9232677471703407e-6	1.9232677159705348e-6	1.923267662690832e-6	1.923267571786124e-6	1.9232674168333265e-6	1.923267152973357e-6	1.9232667041452325e-6	1.9232659415584407e-6	1.923264647451643e-6	1.9232624541907584e-6	1.923258742119771e-6	1.9232524685709034e-6	1.923241882243014e-6	1.9232240471549504e-6	1.9231940510619763e-6	1.9231436923999537e-6	1.9230593077981047e-6	1.9229181872650017e-6	1.9226826754781524e-6	1.922290494073572e-6	1.921638912672839e-6	1.920558942278832e-6	1.918773405217814e-6	1.9158290577194725e-6	1.9109871559590167e-6	1.9030478770114599e-6	1.8900704304032995e-6	1.8689314143457197e-6	1.83464138336499e-6	1.77933349894881e-6	1.6909423887678241e-6	1.5521825376459475e-6	1.3427256213548369e-6	1.0530528703401342e-6	7.163647609643306e-7	4.1589870399020213e-7	2.1311043508934397e-7	1.0201433030012363e-7	4.7964364865231935e-8	2.233246451137707e-8	9.425243027377814e-9	3.3086540701395146e-9	1.0321019297470342e-9	3.1198996911565355e-10	8.408755476302945e-11	1.8357100748426657e-11	3.702130299823323e-12	6.454436224377397e-13	9.081470448006463e-14	1.1481531990678344e-14	1.119663687139318e-15	9.347282377010352e-17	5.430825935535139e-18	2.409480886765749e-19	8.2413126204463e-21	2.129516755835654e-22	4.062770165719944e-24	5.531783093423883e-26	1.0959624778402082e-41
1.923588553901805e-6	1.923588553901805e-6	1.923588553901805e-6	1.923588553901805e-6	1.923588553901805e-6	1.923588553901805e-6	1.9235885539018046e-6	1.9235885539018046e-6	1.9235885539018046e-6	1.923588553901804e-6	1.9235885539018038e-6	1.9235885539018025e-6	1.923588553901801e-6	1.9235885539017983e-6	1.923588553901793e-6	1.9235885539017847e-6	1.9235885539017707e-6	1.923588553901746e-6	1.9235885539017047e-6	1.9235885539016327e-6	1.923588553901509e-6	1.9235885539012964e-6	1.9235885539009313e-6	1.923588553900303e-6	1.923588553899221e-6	1.9235885538973602e-6	1.923588553894158e-6	1.9235885538886476e-6	1.923588553879167e-6	1.9235885538628563e-6	1.923588553834802e-6	1.923588553786558e-6	1.9235885537036192e-6	1.9235885535610754e-6	1.9235885533161817e-6	1.9235885528956138e-6	1.923588552173669e-6	1.9235885509349807e-6	1.9235885488108037e-6	1.9235885451702265e-6	1.923588538934597e-6	1.9235885282612758e-6	1.9235885100052666e-6	1.923588478803731e-6	1.923588425521061e-6	1.9235883346112655e-6	1.9235881796497493e-6	1.9235879157748475e-6	1.9235874669211637e-6	1.9235867042906536e-6	1.923585410109127e-6	1.9235832167206037e-6	1.923579504431773e-6	1.9235732305114124e-6	1.92356264355055e-6	1.923544807384953e-6	1.9235148094593707e-6	1.923464447683595e-6	1.923380057796615e-6	1.9232389283023097e-6	1.923003401338025e-6	1.922611194257124e-6	1.9219595694702208e-6	1.9208795258551952e-6	1.919093865379095e-6	1.9161493101351946e-6	1.9113070591447945e-6	1.903367193935692e-6	1.8903887644720568e-6	1.8692481028471304e-6	1.8349553198596718e-6	1.7796428362554211e-6	1.6912440378766175e-6	1.5524713095495482e-6	1.342992763868211e-6	1.0532840851993193e-6	7.165413915770991e-7	4.1601127648015963e-7	2.1317113613684277e-7	1.0204426132011109e-7	4.797907580518291e-8	2.2340044327365242e-8	9.429000080375919e-9	3.3101333768732827e-9	1.032589085604598e-9	3.121523315810838e-10	8.414003957692844e-11	1.8369733104139375e-11	3.7049361442689926e-12	6.460336134364694e-13	9.090512444768695e-14	1.1495171053999498e-14	1.12114455577826e-15	9.362001017710734e-17	5.439888978094635e-18	2.4134942859479755e-19	8.25498395075999e-21	2.1330335936663108e-22	4.069447190310722e-24	5.540826977267874e-26	1.097745794212989e-41
1.9246424599669323e-6	1.9246424599669323e-6	1.9246424599669323e-6	1.9246424599669323e-6	1.9246424599669323e-6	1.9246424599669323e-6	1.924642459966932e-6	1.924642459966932e-6	1.924642459966932e-6	1.9246424599669314e-6	1.9246424599669306e-6	1.9246424599669298e-6	1.924642459966928e-6	1.924642459966925e-6	1.9246424599669204e-6	1.924642459966912e-6	1.924642459966898e-6	1.9246424599668734e-6	1.9246424599668315e-6	1.92464245996676e-6	1.9246424599666363e-6	1.9246424599664237e-6	1.924642459966058e-6	1.9246424599654297e-6	1.924642459964348e-6	1.9246424599624866e-6	1.9246424599592836e-6	1.9246424599537724e-6	1.9246424599442903e-6	1.9246424599279764e-6	1.9246424598999176e-6	1.924642459851665e-6	1.9246424597687113e-6	1.924642459626143e-6	1.9246424593812056e-6	1.924642458960563e-6	1.92464245823849e-6	1.924642456999581e-6	1.9246424548750246e-6	1.9246424512337943e-6	1.924642444997043e-6	1.9246424343217947e-6	1.9246424160624758e-6	1.9246423848552595e-6	1.924642331562844e-6	1.9246422406363382e-6	1.9246420856461848e-6	1.924641821722236e-6	1.924641372784602e-6	1.9246406100104938e-6	1.9246393155835165e-6	1.9246371217757526e-6	1.924633408771398e-6	1.924627133630839e-6	1.924616544590923e-6	1.924598704886071e-6	1.924568700941116e-6	1.9245183289379166e-6	1.9244339216913816e-6	1.924292762763031e-6	1.9240571859467422e-6	1.9236648945289033e-6	1.923013127234655e-6	1.9219328431154277e-6	1.9201467772650394e-6	1.9172015396497096e-6	1.9123581415577913e-6	1.9044163506527657e-6	1.8914346928095425e-6	1.8702886260004154e-6	1.8359868034790259e-6	1.7806592128298289e-6	1.6922351607669264e-6	1.5534201340594628e-6	1.3438705408216544e-6	1.0540438456968518e-6	7.171218377315334e-7	4.163812490677206e-7	2.1337064390607118e-7	1.0214263864406904e-7	4.802742860203298e-8	2.236495968054682e-8	9.441352047086108e-9	3.3149979516709793e-9	1.0341911928839229e-9	3.126863359746027e-10	8.431272204603451e-11	1.8411308509295778e-11	3.714171837116725e-12	6.479767787346814e-13	9.120302391751504e-14	1.1540131617490139e-14	1.1260292377796705e-15	9.410589444950443e-17	5.469827110931007e-18	2.426751672503019e-19	8.300142363605508e-21	2.1446497080028936e-22	4.091500335671826e-24	5.57069593296254e-26	1.1036352223818383e-41
1.926150663100164e-6	1.926150663100164e-6	1.9261506631001635e-6	1.9261506631001635e-6	1.9261506631001635e-6	1.9261506631001635e-6	1.9261506631001635e-6	1.9261506631001635e-6	1.926150663100163e-6	1.926150663100163e-6	1.9261506631001622e-6	1.9261506631001614e-6	1.9261506631001597e-6	1.9261506631001567e-6	1.926150663100152e-6	1.9261506631001436e-6	1.9261506631001296e-6	1.926150663100105e-6	1.926150663100063e-6	1.926150663099991e-6	1.9261506630998675e-6	1.926150663099655e-6	1.9261506630992894e-6	1.926150663098661e-6	1.9261506630975788e-6	1.926150663095717e-6	1.9261506630925135e-6	1.9261506630870006e-6	1.926150663077516e-6	1.9261506630611983e-6	1.9261506630331323e-6	1.9261506629848675e-6	1.926150662901893e-6	1.9261506627592886e-6	1.926150662514289e-6	1.9261506620935402e-6	1.9261506613712833e-6	1.9261506601320584e-6	1.9261506580069586e-6	1.9261506543647944e-6	1.9261506481264374e-6	1.9261506374484314e-6	1.926150619184376e-6	1.926150587969031e-6	1.9261505346626697e-6	1.9261504437122507e-6	1.9261502886811174e-6	1.9261500246869813e-6	1.9261495756292125e-6	1.9261488126496142e-6	1.926147517871392e-6	1.926145323463688e-6	1.9261416094354064e-6	1.9261353325487223e-6	1.926124740533644e-6	1.926106895764056e-6	1.9260768832052706e-6	1.926026496566443e-6	1.9259420644780694e-6	1.9258008634290553e-6	1.925565215273618e-6	1.925172803168024e-6	1.9245208319430295e-6	1.9234402036575973e-6	1.921653557708562e-6	1.9187073436059432e-6	1.9138623039881336e-6	1.9059177573690406e-6	1.8929314796435793e-6	1.8717776778970662e-6	1.837462919599134e-6	1.782113710420053e-6	1.693653519738031e-6	1.5547779630225808e-6	1.345126698947897e-6	1.0551311189870946e-6	7.179525053019377e-7	4.1691071591135943e-7	2.1365616061221357e-7	1.0228342729540514e-7	4.8096626829552983e-8	2.2400616531785985e-8	9.459029498422034e-9	3.3219600101472235e-9	1.0364841074352182e-9	3.1345060183801003e-10	8.45598731484756e-11	1.8470814922537664e-11	3.727390935532063e-12	6.507581981246362e-13	9.162944606773094e-14	1.1604492880066507e-14	1.1330220967460293e-15	9.480153327036446e-17	5.51269208101298e-18	2.445733378887922e-19	8.364799183598757e-21	2.161281334759886e-22	4.123075267458734e-24	5.613461063749732e-26	1.1120674240357879e-41
1.9291146085405755e-6	1.9291146085405755e-6	1.9291146085405755e-6	1.9291146085405755e-6	1.9291146085405755e-6	1.9291146085405755e-6	1.929114608540575e-6	1.929114608540575e-6	1.929114608540575e-6	1.9291146085405747e-6	1.9291146085405742e-6	1.929114608540573e-6	1.9291146085405713e-6	1.9291146085405687e-6	1.9291146085405636e-6	1.929114608540555e-6	1.929114608540541e-6	1.9291146085405166e-6	1.9291146085404747e-6	1.9291146085404027e-6	1.929114608540279e-6	1.9291146085400664e-6	1.929114608539701e-6	1.9291146085390716e-6	1.929114608537989e-6	1.9291146085361265e-6	1.9291146085329213e-6	1.929114608527406e-6	1.9291146085179165e-6	1.929114608501591e-6	1.929114608473511e-6	1.9291146084252227e-6	1.9291146083422067e-6	1.9291146081995317e-6	1.9291146079544105e-6	1.929114607533452e-6	1.9291146068108343e-6	1.929114605570989e-6	1.9291146034448223e-6	1.929114599800824e-6	1.9291145935593143e-6	1.929114582875892e-6	1.9291145646025362e-6	1.9291145333712266e-6	1.9291144800374777e-6	1.929114389040098e-6	1.9291142339284863e-6	1.9291139697965143e-6	1.9291135205028206e-6	1.929112757119672e-6	1.92911146165166e-6	1.929109266065765e-6	1.9291055500266446e-6	1.929099269710823e-6	1.9290886718529448e-6	1.9290708171369028e-6	1.929040787661679e-6	1.9289903722803064e-6	1.9289058914055096e-6	1.9287646076362146e-6	1.9285288193781353e-6	1.9281361702534347e-6	1.927483798526306e-6	1.9264024943252757e-6	1.924614709101741e-6	1.921666577232848e-6	1.9168183137298195e-6	1.9088683549730137e-6	1.8958730038645061e-6	1.8747040106981692e-6	1.8403638463110937e-6	1.7849721775797755e-6	1.6964410087211989e-6	1.5574465666867602e-6	1.3475956109678567e-6	1.0572683096281232e-6	7.195855881770752e-7	4.179518579589365e-7	2.1421767427972684e-7	1.0256032413679927e-7	4.823272807426155e-8	2.2470757132166397e-8	9.493816870504642e-9	3.3356673567621964e-9	1.040999385290155e-9	3.149558859333338e-10	8.504703740864084e-11	1.8588190348991975e-11	3.7534724167051875e-12	6.562531017220408e-13	9.247247310248169e-14	1.173188769584197e-14	1.1468825421273985e-15	9.618273055313537e-17	5.597923370852203e-18	2.4834750162562395e-19	8.493345980295188e-21	2.1943441164342315e-22	4.1858379212551786e-24	5.698457273478734e-26	1.128824813187528e-41
1.9334319317357136e-6	1.9334319317357136e-6	1.9334319317357136e-6	1.9334319317357136e-6	1.9334319317357136e-6	1.9334319317357136e-6	1.9334319317357132e-6	1.9334319317357132e-6	1.9334319317357132e-6	1.933431931735713e-6	1.9334319317357124e-6	1.933431931735711e-6	1.9334319317357094e-6	1.933431931735707e-6	1.9334319317357018e-6	1.9334319317356933e-6	1.9334319317356793e-6	1.9334319317356548e-6	1.933431931735613e-6	1.933431931735541e-6	1.933431931735417e-6	1.933431931735204e-6	1.9334319317348382e-6	1.933431931734209e-6	1.9334319317331255e-6	1.9334319317312616e-6	1.933431931728054e-6	1.9334319317225347e-6	1.9334319317130386e-6	1.933431931696701e-6	1.933431931668601e-6	1.933431931620278e-6	1.9334319315372026e-6	1.933431931394424e-6	1.933431931149126e-6	1.9334319307278626e-6	1.93343193000472e-6	1.933431928763972e-6	1.933431926636252e-6	1.9334319229895835e-6	1.9334319167434854e-6	1.9334319060521797e-6	1.933431887765287e-6	1.933431856510742e-6	1.933431803137131e-6	1.9334317120714e-6	1.933431556842653e-6	1.933431292510062e-6	1.9334308428729812e-6	1.9334300789024675e-6	1.9334287824304672e-6	1.933426585129714e-6	1.9334228661638087e-6	1.933416580856852e-6	1.9334059744947133e-6	1.9333881053014585e-6	1.933358051204031e-6	1.933307593987196e-6	1.933223042102344e-6	1.933081637930814e-6	1.932845645747649e-6	1.932452651630465e-6	1.9317996969507513e-6	1.9307174089126272e-6	1.9289279653947084e-6	1.9259770420638034e-6	1.9211240859058362e-6	1.9131662492251427e-6	1.900157690797034e-6	1.8789665846092073e-6	1.8445894381167113e-6	1.7891359629721731e-6	1.7005014733992899e-6	1.5613339718821101e-6	1.3511923237989603e-6	1.0603821100790264e-6	7.219653826907506e-7	4.194693979434205e-7	2.1503624018977306e-7	1.0296400201460976e-7	4.8431153530512866e-8	2.2573032184960126e-8	9.544564289120415e-9	3.3556742707419695e-9	1.0475911234569312e-9	3.171538392289927e-10	8.575898180413456e-11	1.8759853776940287e-11	3.7916282162413054e-12	6.643032565946483e-13	9.370848989235857e-14	1.1918915908356336e-14	1.167261729084302e-15	9.821734097205161e-17	5.7236751440498336e-18	2.5391581805262487e-19	8.682982503904173e-21	2.2431142122375696e-22	4.2784068281787135e-24	5.823802944364443e-26	1.1535345030436428e-41
1.9396401222640868e-6	1.9396401222640868e-6	1.9396401222640868e-6	1.9396401222640868e-6	1.9396401222640868e-6	1.9396401222640868e-6	1.9396401222640868e-6	1.9396401222640863e-6	1.9396401222640863e-6	1.939640122264086e-6	1.9396401222640855e-6	1.9396401222640846e-6	1.939640122264083e-6	1.93964012226408e-6	1.939640122264075e-6	1.939640122264067e-6	1.9396401222640525e-6	1.939640122264028e-6	1.939640122263986e-6	1.939640122263914e-6	1.93964012226379e-6	1.939640122263577e-6	1.939640122263211e-6	1.9396401222625807e-6	1.939640122261496e-6	1.93964012225963e-6	1.9396401222564194e-6	1.9396401222508942e-6	1.9396401222413884e-6	1.9396401222250343e-6	1.939640122196905e-6	1.9396401221485324e-6	1.939640122065371e-6	1.939640121922445e-6	1.939640121676892e-6	1.9396401212551905e-6	1.9396401205312945e-6	1.939640119289249e-6	1.9396401171592987e-6	1.939640113508795e-6	1.9396401072561054e-6	1.9396400965534765e-6	1.9396400782471396e-6	1.9396400469592197e-6	1.939639993528351e-6	1.9396399023644407e-6	1.9396397469674412e-6	1.9396394823466816e-6	1.9396390322163582e-6	1.93963826740215e-6	1.939636969488012e-6	1.939634769724015e-6	1.9396310465540254e-6	1.9396247540776948e-6	1.9396141354998093e-6	1.9395962455110203e-6	1.93956615604532e-6	1.9395156387341573e-6	1.9394309848467875e-6	1.9392894077223133e-6	1.9390531226072957e-6	1.938659632916296e-6	1.9380058408326905e-6	1.9369221395144997e-6	1.935130313840123e-6	1.9321753805097702e-6	1.927315683178626e-6	1.9193465294347567e-6	1.9063189977975934e-6	1.885096124323079e-6	1.8506658490959009e-6	1.7951235812006353e-6	1.7063406561651805e-6	1.5669245254075585e-6	1.3563652395712749e-6	1.0648611776629797e-6	7.253895508888282e-7	4.216536170705154e-7	2.1621465839714848e-7	1.0354518687072596e-7	4.871684856923183e-8	2.2720320067292195e-8	9.617692260057688e-9	3.38452669685327e-9	1.0570999789948183e-9	3.203253499515054e-10	8.678751514954411e-11	1.900812054980795e-11	3.8468336212064586e-12	6.759739242846378e-13	9.550238444920678e-14	1.2190863370317878e-14	1.1969573979648196e-15	1.011899147903164e-16	5.907814483105376e-18	2.6206923999119994e-19	8.960619805877774e-21	2.3145052157314555e-22	4.4138894413639214e-24	6.007224810484706e-26	1.189687124926664e-41
1.9482756807326817e-6	1.9482756807326817e-6	1.9482756807326817e-6	1.9482756807326817e-6	1.9482756807326817e-6	1.9482756807326817e-6	1.9482756807326817e-6	1.9482756807326813e-6	1.9482756807326813e-6	1.948275680732681e-6	1.9482756807326805e-6	1.948275680732679e-6	1.9482756807326775e-6	1.948275680732675e-6	1.94827568073267e-6	1.9482756807326614e-6	1.9482756807326474e-6	1.948275680732623e-6	1.948275680732581e-6	1.9482756807325085e-6	1.9482756807323844e-6	1.9482756807321714e-6	1.9482756807318046e-6	1.948275680731173e-6	1.9482756807300873e-6	1.9482756807282187e-6	1.9482756807250034e-6	1.9482756807194706e-6	1.948275680709951e-6	1.948275680693574e-6	1.9482756806654044e-6	1.948275680616962e-6	1.948275680533682e-6	1.9482756803905503e-6	1.9482756801446443e-6	1.948275679722334e-6	1.9482756789973907e-6	1.948275677753544e-6	1.9482756756204957e-6	1.948275671964666e-6	1.948275665702823e-6	1.9482756549844683e-6	1.9482756366511267e-6	1.948275605316855e-6	1.9482755518064664e-6	1.9482754605062042e-6	1.9482753048755333e-6	1.948275039854559e-6	1.9482745890392097e-6	1.9482738230532547e-6	1.948272523136229e-6	1.9482703199511846e-6	1.9482665909423794e-6	1.94826028850886e-6	1.948249652965046e-6	1.948231734094069e-6	1.948201595506322e-6	1.948150994731218e-6	1.948066199173368e-6	1.9479243818340728e-6	1.9476876898617973e-6	1.947293511854912e-6	1.946638556666786e-6	1.945552892364776e-6	1.9437577579405787e-6	1.9407972547591432e-6	1.935928193871017e-6	1.927943320374844e-6	1.914889433909776e-6	1.8936224331516868e-6	1.8591183564791784e-6	1.8034527435511558e-6	1.7144636174860435e-6	1.5747020928070144e-6	1.3635626098508975e-6	1.0710945344838425e-6	7.301567038806581e-7	4.246959089660661e-7	2.1785650450387668e-7	1.0435501946730777e-7	4.911497465921007e-8	2.2925632859407756e-8	9.71972056174885e-9	3.424825738178823e-9	1.0703867947127038e-9	3.247586625751423e-10	8.822772853314232e-11	1.9356294937298755e-11	3.924300345011035e-12	6.923974093682965e-13	9.803083502171814e-14	1.2575170575396672e-14	1.2390506310690712e-15	1.0541915071929646e-16	6.1706489180211935e-18	2.7370655946540714e-19	9.356811166436717e-21	2.416358859026516e-22	4.607137303625051e-24	6.268785729402528e-26	1.2412292963694629e-41
1.9598753046292564e-6	1.959875304629256e-6	1.959875304629256e-6	1.959875304629256e-6	1.959875304629256e-6	1.959875304629256e-6	1.959875304629256e-6	1.959875304629256e-6	1.9598753046292555e-6	1.959875304629255e-6	1.9598753046292547e-6	1.959875304629254e-6	1.959875304629252e-6	1.959875304629249e-6	1.9598753046292445e-6	1.959875304629236e-6	1.9598753046292217e-6	1.959875304629197e-6	1.959875304629155e-6	1.9598753046290828e-6	1.9598753046289582e-6	1.9598753046287448e-6	1.959875304628377e-6	1.959875304627745e-6	1.959875304626657e-6	1.959875304624785e-6	1.9598753046215632e-6	1.95987530461602e-6	1.9598753046064822e-6	1.9598753045900735e-6	1.9598753045618504e-6	1.9598753045133154e-6	1.959875304429875e-6	1.9598753042864685e-6	1.9598753040400886e-6	1.959875303616963e-6	1.9598753028906162e-6	1.959875301644355e-6	1.9598752995071546e-6	1.9598752958441856e-6	1.9598752895700728e-6	1.9598752788306394e-6	1.959875260461101e-6	1.9598752290647e-6	1.9598751754477225e-6	1.9598750839646926e-6	1.9598749280208054e-6	1.959874662463377e-6	1.9598742107298026e-6	1.9598734431732047e-6	1.959872140571438e-6	1.959869932800676e-6	1.959866195965229e-6	1.959859880184513e-6	1.9598492218984233e-6	1.9598312643115266e-6	1.9598010598762628e-6	1.9597503472177695e-6	1.959665361748877e-6	1.9595232223952753e-6	1.95928598501398e-6	1.9588908842797737e-6	1.95823436986177e-6	1.9571460739925105e-6	1.95534650380249e-6	1.9523785334549474e-6	1.9474969191722733e-6	1.9394909703085647e-6	1.9264017493111433e-6	1.9050755846513537e-6	1.870472555736671e-6	1.8146415585341042e-6	1.725375944993048e-6	1.5851512807815437e-6	1.3732337780737585e-6	1.0794728306123365e-6	7.365676229779896e-7	4.287897548621418e-7	2.2006672472533452e-7	1.0544536156199689e-7	4.965106446566523e-8	2.3202204788780622e-8	9.857324906130331e-9	3.4792564502316382e-9	1.0883429156624468e-9	3.307530586921443e-10	9.017954858559591e-11	1.9829129830483434e-11	4.029585416283704e-12	7.148033011012237e-13	1.0148765031981272e-13	1.3102398569358088e-14	1.2970349936420136e-15	1.1127345253663665e-16	6.5360693773717214e-18	2.8988492917165986e-19	9.907456205899133e-21	2.5578786380086937e-22	4.8755596058038536e-24	6.631972568859897e-26	1.3127756414585773e-41
1.9749770520087485e-6	1.9749770520087485e-6	1.9749770520087485e-6	1.9749770520087485e-6	1.9749770520087485e-6	1.9749770520087485e-6	1.9749770520087485e-6	1.9749770520087485e-6	1.974977052008748e-6	1.9749770520087476e-6	1.9749770520087472e-6	1.9749770520087464e-6	1.9749770520087447e-6	1.9749770520087417e-6	1.9749770520087366e-6	1.9749770520087286e-6	1.974977052008714e-6	1.9749770520086896e-6	1.9749770520086473e-6	1.974977052008575e-6	1.9749770520084503e-6	1.974977052008236e-6	1.9749770520078676e-6	1.9749770520072336e-6	1.974977052006143e-6	1.9749770520042664e-6	1.974977052001037e-6	1.9749770519954797e-6	1.9749770519859184e-6	1.9749770519694695e-6	1.9749770519411764e-6	1.9749770518925208e-6	1.974977051808873e-6	1.974977051665109e-6	1.974977051418114e-6	1.9749770509939293e-6	1.9749770502657605e-6	1.9749770490163645e-6	1.9749770468737726e-6	1.974977043201534e-6	1.9749770369114903e-6	1.974977026144688e-6	1.974977007728151e-6	1.9749769762510797e-6	1.9749769224957032e-6	1.9749768307753614e-6	1.974976674424781e-6	1.9749764081707946e-6	1.974975955244947e-6	1.974975185648928e-6	1.974973879561105e-6	1.9749716658358874e-6	1.9749679188376394e-6	1.97496158572561e-6	1.974950897908461e-6	1.974932890048108e-6	1.9749026001075563e-6	1.9748517421629873e-6	1.9747665100823155e-6	1.9746239525667952e-6	1.9743860069171435e-6	1.9739897079102137e-6	1.97333116860978e-6	1.9722394552114893e-6	1.970434124323026e-6	1.9674564562049314e-6	1.9625585381673257e-6	1.9545252168899878e-6	1.941390102583036e-6	1.91998709209817e-6	1.885255533534198e-6	1.8292097103420366e-6	1.7395849405678266e-6	1.5987586377368772e-6	1.3858304004288973e-6	1.0903895867713418e-6	7.449264644419117e-7	4.3413169065446914e-7	2.2295222844748036e-7	1.0686910117778574e-7	5.035117643903284e-8	2.3563580373118212e-8	1.0037393620780007e-8	3.5506169642663263e-9	1.1119006737554477e-9	3.3862259548172227e-10	9.27493258405477e-11	2.0453304541748364e-11	4.168704450533143e-12	7.445503345682698e-13	1.060894867240956e-13	1.3807267745039956e-14	1.3749591498843003e-15	1.1918825384164864e-16	7.032861919806415e-18	3.1187786060203583e-19	1.0655754393560457e-20	2.750126110291436e-22	5.240052719992849e-24	7.12493685209942e-26	1.4098501713638742e-41
1.9945972550500074e-6	1.9945972550500074e-6	1.9945972550500074e-6	1.9945972550500074e-6	1.9945972550500074e-6	1.9945972550500074e-6	1.9945972550500074e-6	1.994597255050007e-6	1.994597255050007e-6	1.9945972550500065e-6	1.994597255050006e-6	1.994597255050005e-6	1.9945972550500036e-6	1.9945972550500006e-6	1.9945972550499955e-6	1.994597255049987e-6	1.9945972550499726e-6	1.994597255049948e-6	1.9945972550499057e-6	1.994597255049833e-6	1.994597255049708e-6	1.9945972550494932e-6	1.9945972550491235e-6	1.994597255048488e-6	1.9945972550473934e-6	1.994597255045511e-6	1.994597255042271e-6	1.9945972550366962e-6	1.994597255027105e-6	1.994597255010603e-6	1.9945972549822193e-6	1.9945972549334078e-6	1.994597254849492e-6	1.9945972547052654e-6	1.9945972544574744e-6	1.9945972540319195e-6	1.9945972533013926e-6	1.99459725204794e-6	1.994597249898371e-6	1.994597246214138e-6	1.994597239903479e-6	1.9945972291012606e-6	1.994597210623905e-6	1.9945971790424422e-6	1.9945971251079713e-6	1.9945970330805326e-6	1.9945968762036627e-6	1.9945966090482748e-6	1.9945961545795194e-6	1.9945953823442858e-6	1.994594071745117e-6	1.9945918503140915e-6	1.9945880901637727e-6	1.9945817346223655e-6	1.9945710085870084e-6	1.994552935663364e-6	1.994522535061252e-6	1.9944714890833175e-6	1.9943859378249856e-6	1.994242839092266e-6	1.994003976728069e-6	1.993606126756178e-6	1.992944966515771e-6	1.9918488294608974e-6	1.990036041689117e-6	1.9870458199711475e-6	1.9821267962461756e-6	1.974058039204575e-6	1.960863509913385e-6	1.9393610077023764e-6	1.9044630347492247e-6	1.8481390504055688e-6	1.758049213394521e-6	1.6164438134931e-6	1.4022066159714236e-6	1.1045897413407164e-6	7.558100100468467e-7	4.4109519440565994e-7	2.2671645121524203e-7	1.0872692799243201e-7	5.1264938681966405e-8	2.4035587287917343e-8	1.0273110919765131e-8	3.6442881049766096e-9	1.1428561805660412e-9	3.4897315076653887e-10	9.614356414254719e-11	2.1280951452008493e-11	4.353435123227137e-12	7.843246539993486e-13	1.1226731056550469e-13	1.4759349144516246e-14	1.4810252783294381e-15	1.300539133003612e-16	7.720590801663624e-18	3.423203959226703e-19	1.1691031696681417e-20	3.01595732485187e-22	5.74376005197531e-24	7.805752130336019e-26	1.5438396056166208e-41
2.0191341448638267e-6	2.0191341448638267e-6	2.0191341448638267e-6	2.0191341448638267e-6	2.0191341448638267e-6	2.0191341448638267e-6	2.0191341448638267e-6	2.0191341448638267e-6	2.0191341448638263e-6	2.019134144863826e-6	2.0191341448638254e-6	2.0191341448638246e-6	2.019134144863823e-6	2.01913414486382e-6	2.019134144863815e-6	2.0191341448638064e-6	2.019134144863792e-6	2.0191341448637674e-6	2.0191341448637246e-6	2.0191341448636518e-6	2.0191341448635264e-6	2.0191341448633104e-6	2.0191341448629394e-6	2.019134144862301e-6	2.0191341448612026e-6	2.0191341448593124e-6	2.0191341448560603e-6	2.019134144850463e-6	2.0191341448408336e-6	2.0191341448242664e-6	2.01913414479577e-6	2.0191341447467646e-6	2.019134144662514e-6	2.019134144517712e-6	2.01913414426893e-6	2.0191341438416693e-6	2.019134143108207e-6	2.0191341418497044e-6	2.0191341396914492e-6	2.0191341359922823e-6	2.0191341296559575e-6	2.0191341188096455e-6	2.019134100256571e-6	2.0191340685451383e-6	2.0191340143876893e-6	2.0191339219779046e-6	2.0191337644457803e-6	2.019133496168098e-6	2.019133039778321e-6	2.019132264257062e-6	2.0191309480408616e-6	2.0191287170153073e-6	2.0191249404891e-6	2.01911855702009e-6	2.019107783397228e-6	2.0190896294585924e-6	2.0190590910614703e-6	2.019007810941385e-6	2.0189218622299565e-6	2.0187780895366793e-6	2.018538085589852e-6	2.0181383041545795e-6	2.0174738798862755e-6	2.0163722335925625e-6	2.0145501586770826e-6	2.0115443015584473e-6	2.00659898982752e-6	1.9984860941701386e-6	1.9852175543480264e-6	1.963591113574778e-6	1.928485824023894e-6	1.8718152907966015e-6	1.7811460127376215e-6	1.6385698536701658e-6	1.422701543927115e-6	1.1223723040647425e-6	7.694541779112116e-7	4.4983638649943644e-7	2.3144560201260452e-7	1.1106172407158079e-7	5.2413562595521894e-8	2.462940434513601e-8	1.0570392927314089e-8	3.762789057800463e-9	1.1820634827689624e-9	3.620964633308133e-10	1.0046720077546624e-10	2.2339845533986556e-11	4.5901455396339055e-12	8.356803496731871e-13	1.2028013255092366e-13	1.600240632869452e-14	1.6207051075171289e-15	1.4449415617956956e-16	8.643248000743594e-18	3.8315815857358674e-19	1.3079055088949963e-20	3.372147107773406e-22	6.418236939657481e-24	8.716735552356284e-26	1.7230130964237826e-41
2.0495254828841414e-6	2.0495254828841414e-6	2.0495254828841414e-6	2.049525482884141e-6	2.049525482884141e-6	2.049525482884141e-6	2.049525482884141e-6	2.049525482884141e-6	2.0495254828841405e-6	2.0495254828841405e-6	2.0495254828841397e-6	2.049525482884139e-6	2.049525482884137e-6	2.049525482884134e-6	2.049525482884129e-6	2.0495254828841206e-6	2.0495254828841062e-6	2.0495254828840812e-6	2.0495254828840385e-6	2.049525482883965e-6	2.049525482883839e-6	2.049525482883622e-6	2.0495254828832495e-6	2.049525482882608e-6	2.049525482881504e-6	2.049525482879605e-6	2.049525482876337e-6	2.049525482870713e-6	2.0495254828610364e-6	2.0495254828443884e-6	2.0495254828157536e-6	2.0495254827665093e-6	2.049525482681847e-6	2.049525482536336e-6	2.049525482286334e-6	2.0495254818569725e-6	2.0495254811198954e-6	2.0495254798551736e-6	2.0495254776862225e-6	2.0495254739686656e-6	2.0495254676007346e-6	2.049525456700124e-6	2.0495254380538037e-6	2.0495254061823184e-6	2.0495253517502774e-6	2.0495252588696385e-6	2.0495251005305704e-6	2.0495248308707716e-6	2.04952437211521e-6	2.0495235925470817e-6	2.0495222694131977e-6	2.0495200265712814e-6	2.0495162298766604e-6	2.0495098120116523e-6	2.0494989797783244e-6	2.049480726056733e-6	2.04945001793925e-6	2.0493984494223895e-6	2.0493120111486925e-6	2.0491674082820088e-6	2.048925998109403e-6	2.0485238373765586e-6	2.0478553921271366e-6	2.0467469586888327e-6	2.0449134419144725e-6	2.04188832090457e-6	2.0369106188588085e-6	2.028743335503701e-6	2.015383594218776e-6	1.9936044167389856e-6	1.9582436209377692e-6	1.9011459538006713e-6	1.809762439748374e-6	1.6659896005306458e-6	1.4481103527460057e-6	1.1444359535549505e-6	7.864069867603163e-7	4.607155627462369e-7	2.3733785413294757e-7	1.1397192424511212e-7	5.384568482639518e-8	2.537056684530263e-8	1.0942614754616812e-8	3.911753532000579e-9	1.2314255213176187e-9	3.7864031328947254e-10	1.0595018427950314e-10	2.369030833680474e-11	4.8926199012110204e-12	9.019381249480499e-13	1.3067908434820724e-13	1.7628801462638198e-14	1.805509434594586e-15	1.6381313403012243e-16	9.893057387827942e-18	4.384707621884713e-19	1.4957709295671318e-20	3.8538604241439526e-22	7.329623888786745e-24	9.946572759411394e-26	1.9646986731897427e-41
2.086494972724952e-6	2.086494972724952e-6	2.086494972724952e-6	2.086494972724952e-6	2.086494972724952e-6	2.086494972724952e-6	2.086494972724952e-6	2.0864949727249516e-6	2.0864949727249516e-6	2.086494972724951e-6	2.0864949727249508e-6	2.0864949727249495e-6	2.0864949727249478e-6	2.086494972724945e-6	2.08649497272494e-6	2.0864949727249313e-6	2.086494972724917e-6	2.086494972724892e-6	2.0864949727248487e-6	2.086494972724775e-6	2.0864949727246484e-6	2.0864949727244302e-6	2.086494972724055e-6	2.08649497272341e-6	2.0864949727222995e-6	2.0864949727203895e-6	2.086494972717102e-6	2.0864949727114452e-6	2.0864949727017124e-6	2.0864949726849674e-6	2.086494972656165e-6	2.0864949726066317e-6	2.0864949725214723e-6	2.086494972375105e-6	2.0864949721236277e-6	2.0864949716917285e-6	2.086494970950283e-6	2.0864949696780466e-6	2.086494967496171e-6	2.0864949637563927e-6	2.0864949573502702e-6	2.086494946384047e-6	2.0864949276250516e-6	2.0864948955601607e-6	2.0864948407963035e-6	2.0864947473466812e-6	2.086494588032485e-6	2.0864943167024876e-6	2.0864938550879916e-6	2.086493070629353e-6	2.0864917391355452e-6	2.086489482013485e-6	2.0864856609447767e-6	2.086479201510441e-6	2.0864682984418486e-6	2.0864499241220815e-6	2.0864190108745575e-6	2.086367093781589e-6	2.0862800637716725e-6	2.0861344574378243e-6	2.085891347437884e-6	2.0854863105299596e-6	2.08481300437792e-6	2.083696365687088e-6	2.081849015694903e-6	2.078800603353383e-6	2.0737837369160613e-6	2.065550687015651e-6	2.0520806555888993e-6	2.0301167593081457e-6	1.9944469307996e-6	1.936832604745684e-6	1.8445850792012003e-6	1.6993644848392404e-6	1.4790520748266817e-6	1.1713285142627333e-6	8.071034607954415e-7	4.740228530508583e-7	2.445542422902673e-7	1.1753777883767251e-7	5.560104273412811e-8	2.628009890281845e-8	1.1401036509974487e-8	4.096053927808e-9	1.2926046351083993e-9	3.991745106951094e-10	1.1280118206783833e-10	2.5388740263102538e-11	5.273848672768954e-12	9.86347440278072e-13	1.440169440442261e-13	1.9733261687535614e-14	2.047700327358648e-15	1.8943326025853647e-16	1.1574452564890247e-17	5.128788804906713e-19	1.7482866040368288e-20	4.500764781812042e-22	8.552356761646436e-24	1.159482191006192e-25	2.2883042920155742e-41
2.1314633842754293e-6	2.1314633842754293e-6	2.1314633842754293e-6	2.1314633842754293e-6	2.1314633842754293e-6	2.1314633842754293e-6	2.1314633842754293e-6	2.1314633842754293e-6	2.131463384275429e-6	2.1314633842754284e-6	2.131463384275428e-6	2.131463384275427e-6	2.1314633842754255e-6	2.1314633842754225e-6	2.1314633842754174e-6	2.1314633842754085e-6	2.131463384275394e-6	2.1314633842753687e-6	2.1314633842753255e-6	2.1314633842752514e-6	2.1314633842751235e-6	2.131463384274904e-6	2.1314633842745263e-6	2.1314633842738767e-6	2.1314633842727586e-6	2.131463384270835e-6	2.1314633842675248e-6	2.1314633842618285e-6	2.1314633842520274e-6	2.131463384235165e-6	2.1314633842061606e-6	2.131463384156279e-6	2.1314633840705197e-6	2.1314633839231203e-6	2.131463383669865e-6	2.1314633832349056e-6	2.1314633824881944e-6	2.1314633812068974e-6	2.1314633790094394e-6	2.1314633752428702e-6	2.131463368790702e-6	2.13146335774537e-6	2.131463338850524e-6	2.1314633065524437e-6	2.1314632513885103e-6	2.1314631572528456e-6	2.131462996762888e-6	2.131462723419016e-6	2.131462258357246e-6	2.1314614680015702e-6	2.13146012642706e-6	2.1314578520851046e-6	2.131454001623888e-6	2.1314474920601524e-6	2.1314365035672952e-6	2.1314179838068914e-6	2.131386823165571e-6	2.1313344856626943e-6	2.131246741944629e-6	2.131099925251244e-6	2.1308547648614202e-6	2.1304462584350262e-6	2.129767088268304e-6	2.128640550458611e-6	2.1267765104552512e-6	2.1236999946944496e-6	2.118635868612948e-6	2.110323451465339e-6	2.0967203092451505e-6	2.074533450737897e-6	2.0384905686182546e-6	1.980252479625044e-6	1.8869617114930903e-6	1.7399928301186847e-6	1.5167416775063867e-6	1.2041249934292498e-6	8.323970905335014e-7	4.903275241790111e-7	2.534108181033465e-7	1.219168047469555e-7	5.7757627372173264e-8	2.7399257107175815e-8	1.1967758078474915e-8	4.325269726780212e-9	1.3688724776977476e-9	4.2482037987020427e-10	1.2143149674219564e-10	2.754686819513497e-11	5.75957938273987e-12	1.0953790091893517e-12	1.6140239771902694e-13	2.2506203295501444e-14	2.3722638478298797e-15	2.2426516140846217e-16	1.3905154819190644e-17	6.160194465642183e-19	2.0979308854611654e-20	5.395427925450002e-22	1.0241199267110416e-23	1.3868230237976292e-25	2.734089521812511e-41
2.185102915334018e-6	2.185102915334018e-6	2.185102915334018e-6	2.185102915334018e-6	2.185102915334018e-6	2.185102915334018e-6	2.1851029153340174e-6	2.1851029153340174e-6	2.1851029153340174e-6	2.185102915334017e-6	2.185102915334016e-6	2.1851029153340153e-6	2.1851029153340136e-6	2.1851029153340106e-6	2.1851029153340056e-6	2.1851029153339967e-6	2.185102915333982e-6	2.185102915333957e-6	2.1851029153339132e-6	2.1851029153338383e-6	2.1851029153337095e-6	2.185102915333488e-6	2.1851029153331073e-6	2.1851029153324525e-6	2.185102915331325e-6	2.185102915329386e-6	2.1851029153260485e-6	2.1851029153203057e-6	2.185102915310424e-6	2.185102915293423e-6	2.1851029152641796e-6	2.185102915213887e-6	2.1851029151274197e-6	2.1851029149788e-6	2.1851029147234456e-6	2.185102914284872e-6	2.18510291353194e-6	2.185102912239942e-6	2.1851029100240784e-6	2.1851029062258637e-6	2.1851028997193064e-6	2.1851028885805326e-6	2.1851028695252165e-6	2.1851028369516857e-6	2.185102781315164e-6	2.1851026863691012e-6	2.185102524490237e-6	2.185102248767367e-6	2.185101779633242e-6	2.185100982311099e-6	2.185099628827482e-6	2.1850973341418487e-6	2.1850934489552486e-6	2.1850868801651036e-6	2.1850757907428374e-6	2.185057099137387e-6	2.1850256461776786e-6	2.1849728119020185e-6	2.1848842248014486e-6	2.184735977768695e-6	2.1844883942092638e-6	2.1840757872408647e-6	2.183389686103911e-6	2.1822514472436833e-6	2.1803676777027657e-6	2.177257937752898e-6	2.1721379358873974e-6	2.163731672739762e-6	2.1499711204562873e-6	2.1275205688381374e-6	2.0910364309718985e-6	2.0320604497749627e-6	1.9375354000528648e-6	1.7884978113475244e-6	1.5617686702241978e-6	1.2433576234136466e-6	8.627250159922383e-7	5.099325901470161e-7	2.640799118820257e-7	1.2719562393705842e-7	6.035854707937293e-8	2.8751265431953103e-8	1.2655884384975188e-8	4.605446020179171e-9	1.4623413124801844e-9	4.563115241367548e-10	1.32127174161326e-10	3.0247326981077313e-11	6.369119097707924e-12	1.2342096034391454e-12	1.8376590072843506e-13	2.6112559439983937e-14	2.8023755987699114e-15	2.7109305521696167e-16	1.7108039592727016e-17	7.577682670963515e-19	2.5778777069319023e-20	6.621876582049845e-22	1.255301900567209e-23	1.6975447224056436e-25	3.3425237424016356e-41
2.248672886590943e-6	2.248672886590943e-6	2.248672886590943e-6	2.248672886590943e-6	2.248672886590943e-6	2.248672886590943e-6	2.248672886590943e-6	2.248672886590943e-6	2.2486728865909426e-6	2.248672886590942e-6	2.2486728865909417e-6	2.2486728865909404e-6	2.2486728865909387e-6	2.2486728865909358e-6	2.2486728865909307e-6	2.2486728865909222e-6	2.248672886590907e-6	2.2486728865908816e-6	2.2486728865908375e-6	2.2486728865907617e-6	2.2486728865906317e-6	2.2486728865904085e-6	2.248672886590024e-6	2.248672886589363e-6	2.248672886588225e-6	2.2486728865862674e-6	2.2486728865828983e-6	2.2486728865771003e-6	2.248672886567125e-6	2.2486728865499614e-6	2.2486728865204385e-6	2.248672886469664e-6	2.248672886382367e-6	2.248672886232319e-6	2.2486728859745046e-6	2.2486728855316965e-6	2.248672884771478e-6	2.2486728834669436e-6	2.2486728812295188e-6	2.248672877394232e-6	2.2486728708239575e-6	2.248672859575714e-6	2.2486728403324023e-6	2.248672807436167e-6	2.2486727512459734e-6	2.248672655350456e-6	2.2486724918443292e-6	2.248672213334136e-6	2.24867173942858e-6	2.2486709339438815e-6	2.248669566506087e-6	2.2486672479826104e-6	2.248663322105036e-6	2.2486566839114196e-6	2.2486454762123615e-6	2.248626583217663e-6	2.2485947876681885e-6	2.2485413711596636e-6	2.248451795537772e-6	2.2483018719218982e-6	2.2480514478509393e-6	2.2476340337826597e-6	2.2469398068165654e-6	2.2457878486185447e-6	2.24388094442784e-6	2.240732242444974e-6	2.2355467082492814e-6	2.2270303681286068e-6	2.2130851587420176e-6	2.190325229235668e-6	2.153323315500608e-6	2.0934813535380577e-6	1.997507548360527e-6	1.8460414075772955e-6	1.6152284098002882e-6	1.2900090017230469e-6	8.98886020841191e-7	5.333859215003202e-7	2.768712724902986e-7	1.3352961309655488e-7	6.348100496658679e-8	3.0377496426949856e-8	1.3488454731177417e-8	4.947088127628654e-9	1.5766705708838675e-9	4.94914475503371e-10	1.4537655294582821e-10	3.363073639399957e-11	7.135261794186385e-12	1.411580485275875e-12	2.126860218349675e-13	3.083109548670643e-14	3.3776690110844188e-15	3.346735862808632e-16	2.1572018115477366e-17	9.553753881300055e-19	3.24601110397499e-20	8.326554492283923e-22	1.5760863234911582e-23	2.1279162794836807e-25	4.183868352441627e-41
2.323513516800917e-6	2.323513516800917e-6	2.323513516800917e-6	2.323513516800917e-6	2.323513516800917e-6	2.323513516800917e-6	2.323513516800917e-6	2.3235135168009164e-6	2.3235135168009164e-6	2.323513516800916e-6	2.3235135168009156e-6	2.3235135168009143e-6	2.3235135168009126e-6	2.3235135168009096e-6	2.3235135168009046e-6	2.3235135168008957e-6	2.3235135168008804e-6	2.3235135168008546e-6	2.32351351680081e-6	2.3235135168007335e-6	2.323513516800602e-6	2.3235135168003764e-6	2.3235135167999877e-6	2.3235135167993193e-6	2.323513516798169e-6	2.32351351679619e-6	2.323513516792784e-6	2.3235135167869226e-6	2.323513516776838e-6	2.323513516759486e-6	2.3235135167296378e-6	2.323513516678304e-6	2.3235135165900433e-6	2.323513516438336e-6	2.3235135161776645e-6	2.3235135157299386e-6	2.323513514961257e-6	2.323513513642161e-6	2.3235135113796913e-6	2.3235135075013434e-6	2.3235135008570573e-6	2.323513489481655e-6	2.3235134700199673e-6	2.32351343674887e-6	2.323513379915507e-6	2.3235132829170377e-6	2.32351311752053e-6	2.323512835772242e-6	2.3235123563234656e-6	2.323511541355633e-6	2.3235101577055884e-6	2.3235078114858885e-6	2.3235038383294065e-6	2.3234971194926014e-6	2.323485774356218e-6	2.323466647336789e-6	2.3234344536600106e-6	2.3233803604948125e-6	2.3232896359685064e-6	2.3231377636233325e-6	2.3228840377271602e-6	2.322461035424925e-6	2.321757361411733e-6	2.320589451702204e-6	2.318655646069657e-6	2.3154616332509375e-6	2.310199879189192e-6	2.3015554931673842e-6	2.2873954529389304e-6	2.2642755370260185e-6	2.2266710507285305e-6	2.165821112942841e-6	2.0681607040985715e-6	1.9138667960885148e-6	1.6782974349170882e-6	1.3451423414920872e-6	9.41755352946515e-7	5.612969003949377e-7	2.921328579942206e-7	1.410939247675295e-7	6.721216826665404e-8	3.232494422272171e-8	1.4492131088746923e-8	5.362670699780528e-9	1.7162515294157647e-9	5.421547419194745e-10	1.6178084038005664e-10	3.787550606238439e-11	8.099830575314847e-12	1.6389206819337793e-12	2.502864775518683e-13	3.704029184831081e-14	4.154269163763299e-15	4.218095615776962e-16	2.7881170383459815e-17	1.2347957749694846e-18	4.1892218749949145e-20	1.072871542563169e-21	2.0272369320128003e-23	2.731917774178224e-25	5.36240264944982e-41
2.4110606568774013e-6	2.4110606568774013e-6	2.4110606568774013e-6	2.4110606568774013e-6	2.4110606568774013e-6	2.4110606568774013e-6	2.4110606568774013e-6	2.4110606568774013e-6	2.411060656877401e-6	2.4110606568774004e-6	2.4110606568774e-6	2.4110606568773987e-6	2.411060656877397e-6	2.411060656877394e-6	2.411060656877389e-6	2.4110606568773797e-6	2.4110606568773644e-6	2.411060656877338e-6	2.4110606568772933e-6	2.411060656877216e-6	2.411060656877083e-6	2.411060656876854e-6	2.4110606568764607e-6	2.411060656875784e-6	2.4110606568746196e-6	2.4110606568726156e-6	2.4110606568691673e-6	2.411060656863233e-6	2.411060656853022e-6	2.411060656835453e-6	2.4110606568052307e-6	2.4110606567532525e-6	2.411060656663882e-6	2.4110606565102633e-6	2.411060656246301e-6	2.4110606557929103e-6	2.41106065501448e-6	2.4110606536786114e-6	2.4110606513872937e-6	2.4110606474593436e-6	2.4110606407298028e-6	2.411060629207924e-6	2.411060609494678e-6	2.411060575791752e-6	2.4110605182174615e-6	2.411060419948369e-6	2.411060252374049e-6	2.411059966895213e-6	2.4110594810600063e-6	2.411058655166153e-6	2.4110572528364607e-6	2.4110548747041343e-6	2.4110508470688525e-6	2.411044035303869e-6	2.4110325317854785e-6	2.411013135062804e-6	2.410980482534986e-6	2.410925609457583e-6	2.410833560616317e-6	2.410679441847763e-6	2.4104219094165013e-6	2.4099924640986603e-6	2.4092778969469255e-6	2.4080915920214476e-6	2.406126760160736e-6	2.402880482428577e-6	2.39753079857664e-6	2.3887386724651975e-6	2.3743307190657416e-6	2.350795309033543e-6	2.3124952075709497e-6	2.250481425599054e-6	2.1508732151761104e-6	1.993312942611211e-6	1.752247935886191e-6	1.4099156997751645e-6	9.92298288402142e-7	5.943478288766349e-7	3.102582670738637e-7	1.5008739575701414e-7	7.165112572558939e-8	3.4647318174353276e-8	1.5697920870870126e-8	5.867079767247405e-9	1.886382203519992e-9	5.998781393484079e-10	1.8208189239625212e-10	4.320875653969234e-11	9.316331539752625e-12	1.9311796200128106e-12	2.994329772569688e-13	4.525417051665575e-14	5.2118903304865634e-15	5.422332862070094e-16	3.691699467576755e-17	1.6353071308384707e-18	5.538667718700018e-20	1.4158364797134543e-21	2.6699170577816844e-23	3.590270221863168e-25	7.033587080654788e-41
2.5128609963964077e-6	2.5128609963964077e-6	2.5128609963964077e-6	2.5128609963964077e-6	2.5128609963964077e-6	2.5128609963964077e-6	2.5128609963964077e-6	2.5128609963964077e-6	2.5128609963964073e-6	2.512860996396407e-6	2.5128609963964064e-6	2.512860996396405e-6	2.5128609963964035e-6	2.5128609963964005e-6	2.512860996396395e-6	2.512860996396386e-6	2.5128609963963704e-6	2.5128609963963437e-6	2.512860996396298e-6	2.5128609963962196e-6	2.512860996396085e-6	2.512860996395853e-6	2.512860996395454e-6	2.512860996394768e-6	2.512860996393587e-6	2.512860996391555e-6	2.512860996388058e-6	2.51286099638204e-6	2.512860996371685e-6	2.5128609963538676e-6	2.512860996323218e-6	2.5128609962705034e-6	2.512860996179865e-6	2.512860996024062e-6	2.5128609957563396e-6	2.512860995296476e-6	2.5128609945069055e-6	2.512860993151871e-6	2.512860990827587e-6	2.5128609868429543e-6	2.5128609800159865e-6	2.5128609683267146e-6	2.5128609483259827e-6	2.5128609141295427e-6	2.5128608557084657e-6	2.5128607559871734e-6	2.512860585923752e-6	2.512860296181006e-6	2.5128598030460452e-6	2.512858964663183e-6	2.5128575409808326e-6	2.5128551263676874e-6	2.512851036452205e-6	2.5128441184462293e-6	2.5128324338460857e-6	2.5128127287468767e-6	2.512779551537873e-6	2.5127237865923706e-6	2.5126302232132036e-6	2.5124735351291597e-6	2.512211648622857e-6	2.511774832768061e-6	2.511047802955621e-6	2.509840449840118e-6	2.5078401124830504e-6	2.5045340158127566e-6	2.4990836777827104e-6	2.4901224035053934e-6	2.475430561599288e-6	2.4514192703347175e-6	2.4123222869801695e-6	2.3489749355836045e-6	2.247134368997494e-6	2.085829682776208e-6	1.8384627299736477e-6	1.4855967464907356e-6	1.0515843517669361e-6	6.33306161618049e-7	3.316948769848426e-7	1.6073685903654061e-7	7.691104388320608e-8	3.740624508665063e-8	1.714197926938674e-8	6.478123339566688e-9	2.0934743412162253e-9	6.70323209232894e-10	2.071952204668096e-10	4.991999045568088e-11	1.0853306514287381e-11	2.3078838949527393e-12	3.6399768766524896e-13	5.617010536837186e-14	6.6638977977864165e-15	7.098547322811097e-16	5.0013968219328017e-17	2.216597456282442e-18	7.493114371861757e-20	1.9114061309215854e-21	3.596216910500653e-23	4.824066780135911e-25	9.429859810231633e-41
2.630993746961675e-6	2.630993746961675e-6	2.630993746961675e-6	2.630993746961675e-6	2.630993746961675e-6	2.630993746961675e-6	2.630993746961675e-6	2.6309937469616745e-6	2.6309937469616745e-6	2.630993746961674e-6	2.6309937469616736e-6	2.6309937469616724e-6	2.6309937469616707e-6	2.6309937469616673e-6	2.6309937469616618e-6	2.630993746961653e-6	2.6309937469616368e-6	2.63099374696161e-6	2.6309937469615635e-6	2.630993746961484e-6	2.6309937469613467e-6	2.630993746961111e-6	2.6309937469607063e-6	2.630993746960009e-6	2.6309937469588094e-6	2.6309937469567456e-6	2.6309937469531936e-6	2.6309937469470805e-6	2.6309937469365612e-6	2.630993746918462e-6	2.6309937468873266e-6	2.6309937468337746e-6	2.6309937467416937e-6	2.6309937465834073e-6	2.6309937463114086e-6	2.630993745844183e-6	2.6309937450419433e-6	2.6309937436651108e-6	2.630993741303334e-6	2.6309937372542335e-6	2.630993730316456e-6	2.6309937184367918e-6	2.6309936981090687e-6	2.630993663351283e-6	2.630993603967005e-6	2.6309935025938173e-6	2.630993329698918e-6	2.6309930351055858e-6	2.6309925336661662e-6	2.630991681074763e-6	2.6309902330987237e-6	2.6309877769779576e-6	2.630983616196645e-6	2.6309765772966787e-6	2.6309646866263088e-6	2.630944630571408e-6	2.6309108561902102e-6	2.6308540760700496e-6	2.6307587886025126e-6	2.6305991754264903e-6	2.630332331399024e-6	2.629887122519249e-6	2.6291458993404904e-6	2.6279145717198165e-6	2.625873786451878e-6	2.622499532753011e-6	2.6169344899365215e-6	2.607780418102949e-6	2.5927649276827402e-6	2.568210982363806e-6	2.528205082836326e-6	2.4633362871567657e-6	2.3589482044781416e-6	2.1933693389022006e-6	1.9388062481282854e-6	1.5738987546609576e-6	1.121065662615238e-6	6.792211369660078e-7	3.570578075016356e-7	1.7335483791812948e-7	8.314786904823659e-8	4.068676162865836e-8	1.8874542497188542e-8	7.2209323755246485e-9	2.3466531282461025e-9	7.566767615064341e-10	2.384356500937051e-10	5.843556250017193e-11	1.2812094076881167e-11	2.798234129858797e-12	4.49952516154203e-13	7.086424168722027e-14	8.692820788568526e-15	9.47116897960922e-16	6.944780722711807e-17	3.080963941147216e-18	1.039229390863795e-19	2.6445303441961924e-21	4.962520764833781e-23	6.638196692511624e-25	1.2943208200449097e-40
2.7674874796169167e-6	2.7674874796169167e-6	2.7674874796169163e-6	2.7674874796169163e-6	2.7674874796169163e-6	2.7674874796169163e-6	2.7674874796169163e-6	2.7674874796169163e-6	2.767487479616916e-6	2.7674874796169155e-6	2.767487479616915e-6	2.7674874796169138e-6	2.767487479616912e-6	2.7674874796169087e-6	2.767487479616903e-6	2.767487479616894e-6	2.7674874796168778e-6	2.7674874796168502e-6	2.7674874796168032e-6	2.767487479616722e-6	2.7674874796165826e-6	2.767487479616343e-6	2.7674874796159308e-6	2.7674874796152214e-6	2.767487479614001e-6	2.7674874796119006e-6	2.7674874796082863e-6	2.7674874796020657e-6	2.7674874795913617e-6	2.767487479572944e-6	2.767487479541259e-6	2.7674874794867612e-6	2.767487479393051e-6	2.767487479231959e-6	2.767487478955129e-6	2.767487478479588e-6	2.7674874776630353e-6	2.767487476261577e-6	2.767487473857442e-6	2.7674874697355083e-6	2.7674874626725376e-6	2.7674874505777643e-6	2.767487429880589e-6	2.767487394488546e-6	2.767487334015926e-6	2.767487230776161e-6	2.7674870546816858e-6	2.76748675460696e-6	2.7674862437826973e-6	2.7674853751335053e-6	2.767483899700529e-6	2.7674813966648625e-6	2.7674771557810097e-6	2.7674699802205866e-6	2.7674578565884314e-6	2.767437403748064e-6	2.767402954155011e-6	2.7673450260886397e-6	2.767247788847582e-6	2.7670848673176327e-6	2.766812415535074e-6	2.7663577115528532e-6	2.7656004290114273e-6	2.764341970762769e-6	2.7622554050958567e-6	2.7588039946428333e-6	2.7531090749992084e-6	2.7437366567874303e-6	2.7283545428728053e-6	2.7031857323967313e-6	2.662149688264304e-6	2.5955560331046524e-6	2.488278997113285e-6	2.317851662621996e-6	2.0551223211202927e-6	1.6765338070031854e-6	1.2022194332752785e-6	7.331843966161126e-7	3.8699738149446177e-7	1.8827360461365128e-7	9.052761063312996e-8	4.457990748610896e-8	2.0950541467054062e-8	8.123996152973926e-9	2.6564461069071296e-9	8.626222893875068e-10	2.7735367371289333e-10	6.928141720214057e-11	1.5318642205672672e-11	3.4392429227513784e-12	5.652422434793818e-13	9.077025424594243e-14	1.1557042493912644e-14	1.28589153396871e-15	9.869968266873386e-17	4.386140764440165e-18	1.475814790789952e-19	3.7451758161800776e-21	7.00699630201911e-23	9.34316613975012e-25	1.8165024095456143e-40
2.9240531206256396e-6	2.9240531206256396e-6	2.9240531206256396e-6	2.9240531206256396e-6	2.924053120625639e-6	2.924053120625639e-6	2.924053120625639e-6	2.924053120625639e-6	2.9240531206256387e-6	2.9240531206256383e-6	2.924053120625638e-6	2.9240531206256366e-6	2.924053120625635e-6	2.9240531206256315e-6	2.924053120625626e-6	2.9240531206256163e-6	2.9240531206255998e-6	2.924053120625572e-6	2.924053120625524e-6	2.9240531206254414e-6	2.924053120625299e-6	2.9240531206250547e-6	2.9240531206246346e-6	2.9240531206239116e-6	2.9240531206226678e-6	2.924053120620527e-6	2.9240531206168427e-6	2.924053120610502e-6	2.9240531205995908e-6	2.924053120580816e-6	2.924053120548516e-6	2.924053120492959e-6	2.9240531203974248e-6	2.9240531202331906e-6	2.924053119950951e-6	2.924053119466097e-6	2.924053118633517e-6	2.924053117204482e-6	2.924053114752912e-6	2.924053110549412e-6	2.9240531033462352e-6	2.924053091010551e-6	2.9240530698995956e-6	2.924053033797175e-6	2.9240529721055553e-6	2.92405286677505e-6	2.9240526870966097e-6	2.924052380881707e-6	2.9240518595441895e-6	2.924050972905546e-6	2.9240494667110214e-6	2.9240469111108117e-6	2.9240425804723748e-6	2.9240352517736e-6	2.9240228670701067e-6	2.92400196953025e-6	2.923966763120875e-6	2.923907548242708e-6	2.9238081251305883e-6	2.9236414942032543e-6	2.923362754080823e-6	2.9228974011397628e-6	2.9221221049459847e-6	2.9208332094686004e-6	2.918695274572834e-6	2.9151572711561257e-6	2.909316559761854e-6	2.8996989825114405e-6	2.883905120890015e-6	2.8580455806464426e-6	2.815851954416052e-6	2.7473194742970825e-6	2.6367941127067975e-6	2.4609134738732936e-6	2.1889953588319875e-6	1.7949938848840784e-6	1.2963637628053249e-6	7.961992705838736e-7	4.2212409419148725e-7	2.0580739735221747e-7	9.92074710996979e-8	4.917243287272058e-8	2.3423622507849053e-8	9.216374531888532e-9	3.0338299852722958e-9	9.920062012312707e-10	3.256017067657281e-10	8.304821336363276e-11	1.8515721565576136e-11	4.27361586253117e-12	7.195633234796926e-13	1.1763703192528735e-13	1.5593044054652442e-14	1.7677920210597823e-15	1.4269152414439104e-16	6.35762128523913e-18	2.133387767745722e-19	5.397550184260312e-21	1.0065509313564932e-22	1.3374468924714182e-24	2.592063186240117e-40
3.1045107922220898e-6	3.1045107922220898e-6	3.1045107922220898e-6	3.1045107922220898e-6	3.1045107922220898e-6	3.1045107922220898e-6	3.1045107922220898e-6	3.1045107922220894e-6	3.1045107922220894e-6	3.104510792222089e-6	3.104510792222088e-6	3.1045107922220872e-6	3.104510792222085e-6	3.1045107922220817e-6	3.1045107922220762e-6	3.1045107922220665e-6	3.1045107922220495e-6	3.104510792222021e-6	3.104510792221972e-6	3.1045107922218873e-6	3.1045107922217425e-6	3.104510792221493e-6	3.104510792221064e-6	3.104510792220326e-6	3.1045107922190553e-6	3.104510792216869e-6	3.1045107922131066e-6	3.1045107922066314e-6	3.1045107921954883e-6	3.104510792176313e-6	3.104510792143325e-6	3.1045107920865814e-6	3.1045107919890032e-6	3.10451079182125e-6	3.104510791532951e-6	3.104510791037665e-6	3.1045107901871304e-6	3.1045107887272018e-6	3.1045107862224915e-6	3.1045107819276126e-6	3.1045107745673575e-6	3.1045107619617628e-6	3.1045107403872043e-6	3.1045107034888406e-6	3.104510640431335e-6	3.1045105327580625e-6	3.104510349063443e-6	3.104510035967526e-6	3.104509502847635e-6	3.1045085960467104e-6	3.1045070553728956e-6	3.1045044408511712e-6	3.104500009595771e-6	3.1044925092109416e-6	3.1044798317891e-6	3.104458435593862e-6	3.104422380450975e-6	3.1043617223047876e-6	3.1042598472398338e-6	3.1040890547975967e-6	3.103803258813765e-6	3.1033259551822267e-6	3.1025304397031415e-6	3.1012073734928876e-6	3.09901175597917e-6	3.095376494536858e-6	3.089371993823861e-6	3.0794789177706543e-6	3.063222214900549e-6	3.0365859840666567e-6	2.99309027105327e-6	2.922376155844962e-6	2.8081943283039966e-6	2.626172930776165e-6	2.343902710046618e-6	1.9325125331605963e-6	1.4063001123018884e-6	8.703559546128633e-7	4.636958752593824e-7	2.2660151486859977e-7	1.0950970860908545e-7	5.464103959555074e-8	2.6401222298757107e-8	1.0555374618246886e-8	3.5004053560434e-9	1.1523787073615699e-9	3.8638851941423197e-10	1.0088436812461748e-10	2.2681558539556925e-11	5.384021592239326e-12	9.320303145357414e-13	1.5489881501075117e-13	2.1477783585044524e-14	2.4765623111779253e-15	2.1175746146329963e-16	9.47393328892522e-18	3.169260372309935e-19	7.990372512838049e-21	1.4844473106338703e-22	1.964482896859792e-24	3.793426552336239e-40
3.3106114817947055e-6	3.3106114817947055e-6	3.3106114817947055e-6	3.3106114817947055e-6	3.3106114817947055e-6	3.3106114817947055e-6	3.310611481794705e-6	3.310611481794705e-6	3.3106114817947047e-6	3.3106114817947043e-6	3.310611481794704e-6	3.3106114817947026e-6	3.3106114817947004e-6	3.310611481794697e-6	3.310611481794691e-6	3.3106114817946814e-6	3.3106114817946644e-6	3.310611481794635e-6	3.310611481794585e-6	3.3106114817944984e-6	3.3106114817943498e-6	3.310611481794095e-6	3.310611481793656e-6	3.310611481792901e-6	3.310611481791601e-6	3.3106114817893646e-6	3.3106114817855156e-6	3.3106114817788906e-6	3.3106114817674904e-6	3.310611481747872e-6	3.3106114817141197e-6	3.3106114816560606e-6	3.310611481556216e-6	3.31061148138456e-6	3.3106114810895404e-6	3.310611480582685e-6	3.3106114797122378e-6	3.310611478218046e-6	3.310611475654397e-6	3.310611471258165e-6	3.3106114637236824e-6	3.310611450818699e-6	3.3106114287298884e-6	3.3106113909485894e-6	3.3106113263758547e-6	3.310611216103543e-6	3.3106110279532047e-6	3.3106107072227994e-6	3.3106101610296127e-6	3.310609231855961e-6	3.310607652920215e-6	3.3106049730080445e-6	3.3106004300801473e-6	3.310592739128333e-6	3.310579736766238e-6	3.3105577869677805e-6	3.310520789462714e-6	3.3104585286389765e-6	3.3103539304426235e-6	3.3101785155703134e-6	3.3098848810162986e-6	3.309394298738885e-6	3.3085763130501845e-6	3.307215264360704e-6	3.304955515637747e-6	3.3012120973983037e-6	3.2950254057006025e-6	3.284825792116367e-6	3.268053945145556e-6	3.2405529701553588e-6	3.1956070437501364e-6	3.1224622153060766e-6	3.0042049358699894e-6	2.815336541171646e-6	2.5215180435211568e-6	2.0907029162843898e-6	1.5335116007279117e-6	9.568452766376585e-7	5.124677981761999e-7	2.51050418364451e-7	1.2163180698925526e-7	6.109539789208315e-8	2.99536414802762e-8	1.2182190883085305e-8	4.07247779410793e-9	1.3494530132202355e-9	4.6223003797030664e-10	1.2378619234319488e-10	2.8062629839960156e-11	6.845426542786741e-12	1.2218321664599544e-12	2.0599577514760218e-13	2.9961193290807337e-14	3.5056573948924963e-15	3.1884297883452864e-16	1.434963141486679e-17	4.784254050700259e-19	1.2016308252383763e-20	2.2232156135760026e-22	2.9292134944574817e-24	5.633869963031442e-40
3.5464734574457032e-6	3.5464734574457032e-6	3.5464734574457032e-6	3.5464734574457032e-6	3.546473457445703e-6	3.546473457445703e-6	3.546473457445703e-6	3.546473457445703e-6	3.5464734574457024e-6	3.546473457445702e-6	3.546473457445701e-6	3.5464734574457003e-6	3.546473457445698e-6	3.5464734574456948e-6	3.5464734574456884e-6	3.5464734574456783e-6	3.546473457445661e-6	3.546473457445631e-6	3.5464734574455796e-6	3.546473457445491e-6	3.5464734574453386e-6	3.5464734574450773e-6	3.5464734574446275e-6	3.5464734574438533e-6	3.5464734574425214e-6	3.5464734574402293e-6	3.5464734574362842e-6	3.546473457429494e-6	3.5464734574178088e-6	3.5464734573976998e-6	3.546473457363102e-6	3.5464734573035864e-6	3.546473457201233e-6	3.546473457025256e-6	3.546473456722796e-6	3.5464734562031317e-6	3.5464734553106385e-6	3.5464734537785114e-6	3.5464734511496053e-6	3.5464734466411526e-6	3.5464734389137536e-6	3.5464734256772557e-6	3.546473403018987e-6	3.546473364259928e-6	3.546473298009154e-6	3.546473184858395e-6	3.546472991773058e-6	3.5464726625864572e-6	3.546472101911949e-6	3.546471147954235e-6	3.546469526629452e-6	3.546466774267524e-6	3.5464621076002403e-6	3.5464542054688552e-6	3.546440842981198e-6	3.546418279563035e-6	3.5463802374022215e-6	3.5463161996867627e-6	3.5462085818995224e-6	3.5460280405356785e-6	3.5457257111053162e-6	3.5452203967577885e-6	3.544377476152012e-6	3.542974269172963e-6	3.5406433209835815e-6	3.5367797930184836e-6	3.5303907162388827e-6	3.5198504801303917e-6	3.50250601135657e-6	3.4740434514389616e-6	3.4274842686706353e-6	3.3516343314870837e-6	3.2288396269749517e-6	3.0323448742407468e-6	2.725656751109157e-6	2.2731614897959815e-6	1.6811921670839723e-6	1.058138212458965e-6	5.699729215189732e-7	2.7994963579883123e-7	1.3597123017800658e-7	6.875437944129242e-8	3.421759757002395e-8	1.4174578902758675e-8	4.780608517663056e-9	1.593912842956353e-9	5.577592867796024e-10	1.535734136788134e-10	3.511067515998798e-11	8.793730770536104e-12	1.6242693521768344e-12	2.7724106898680615e-13	4.2443225621299516e-14	5.030469141319972e-15	4.891525266844109e-16	2.2204056425500227e-17	7.375700040668498e-19	1.8446678970602975e-20	3.397317914946296e-22	4.4542205706398115e-24	8.529057840977915e-40
3.816037956314963e-6	3.816037956314963e-6	3.816037956314963e-6	3.816037956314963e-6	3.816037956314963e-6	3.816037956314963e-6	3.816037956314963e-6	3.816037956314963e-6	3.816037956314962e-6	3.816037956314962e-6	3.816037956314961e-6	3.81603795631496e-6	3.816037956314958e-6	3.816037956314954e-6	3.8160379563149485e-6	3.8160379563149375e-6	3.81603795631492e-6	3.816037956314889e-6	3.816037956314836e-6	3.816037956314745e-6	3.816037956314589e-6	3.816037956314321e-6	3.816037956313858e-6	3.816037956313064e-6	3.816037956311697e-6	3.816037956309343e-6	3.816037956305292e-6	3.8160379562983195e-6	3.8160379562863204e-6	3.81603795626567e-6	3.81603795623014e-6	3.816037956169019e-6	3.816037956063901e-6	3.81603795588316e-6	3.816037955572499e-6	3.816037955038714e-6	3.816037954121916e-6	3.816037952547967e-6	3.816037949847115e-6	3.816037945214935e-6	3.816037937274832e-6	3.8160379236728e-6	3.8160379003866115e-6	3.816037860549363e-6	3.816037792448098e-6	3.8160376761229005e-6	3.816037477594774e-6	3.816037139081267e-6	3.8160365624332114e-6	3.816035581135476e-6	3.816033913046226e-6	3.81603108074901e-6	3.81602627754416e-6	3.81601814236638e-6	3.816004382417498e-6	3.8159811416778776e-6	3.815941946254362e-6	3.815875946621408e-6	3.815764994276079e-6	3.815578790687825e-6	3.815266855898098e-6	3.8147452634123675e-6	3.813874784808278e-6	3.8124249730747354e-6	3.810015294760593e-6	3.806018914331039e-6	3.7994059096622245e-6	3.7884886634141397e-6	3.770510164666035e-6	3.7409824710444462e-6	3.692635541997833e-6	3.613786567337975e-6	3.4859591234524573e-6	3.2810016514731557e-6	2.960024458329578e-6	2.483420313913883e-6	1.8525416590740926e-6	1.1767831497858309e-6	6.378317045638498e-7	3.1414801084185236e-7	1.5295213093440482e-7	7.785207357800323e-8	3.934200183761888e-8	1.6621155080338025e-8	5.6607503660863774e-9	1.898326051081085e-9	6.784798919613032e-10	1.9254346099078478e-10	4.440733134330383e-11	1.1404210618832855e-11	2.1883879710047796e-12	3.7739292662339637e-13	6.099356876133102e-14	7.31410595541728e-15	7.636624348867591e-16	3.509229205628503e-17	1.1609801526856768e-18	2.889936003312044e-20	5.295253817808458e-22	6.904710885117627e-24	1.315615032346234e-39
4.123352226788657e-6	4.123352226788657e-6	4.123352226788657e-6	4.123352226788657e-6	4.123352226788657e-6	4.123352226788657e-6	4.123352226788657e-6	4.123352226788657e-6	4.123352226788657e-6	4.123352226788656e-6	4.123352226788655e-6	4.123352226788654e-6	4.1233522267886515e-6	4.123352226788648e-6	4.123352226788641e-6	4.123352226788631e-6	4.1233522267886126e-6	4.12335222678858e-6	4.123352226788526e-6	4.123352226788433e-6	4.123352226788272e-6	4.123352226787996e-6	4.123352226787521e-6	4.123352226786703e-6	4.123352226785297e-6	4.123352226782876e-6	4.123352226778709e-6	4.123352226771536e-6	4.1233522267591926e-6	4.12335222673795e-6	4.123352226701397e-6	4.123352226638515e-6	4.123352226530362e-6	4.123352226344396e-6	4.123352226024737e-6	4.123352225475462e-6	4.123352224531999e-6	4.1233522229121654e-6	4.123352220132378e-6	4.1233522153644446e-6	4.123352207190952e-6	4.1233521931878235e-6	4.123352169212594e-6	4.123352128192145e-6	4.123352058060053e-6	4.123351938250852e-6	4.123351733748788e-6	4.123351384997477e-6	4.123350790814529e-6	4.123349779501957e-6	4.1233480600684846e-6	4.123345139999285e-6	4.123340186855328e-6	4.123331795727924e-6	4.123317599202387e-6	4.1232936143840734e-6	4.123253151846565e-6	4.123184996271353e-6	4.123070378962087e-6	4.122877950936673e-6	4.1225554548952085e-6	4.122015960345016e-6	4.1211151671884715e-6	4.1196140754483056e-6	4.117117744208883e-6	4.112975096513936e-6	4.106115469381515e-6	4.094782851487971e-6	4.076105531764417e-6	4.045403358150632e-6	3.99508425710749e-6	3.91292528766088e-6	3.77954059946004e-6	3.565233948785094e-6	3.2284616974316873e-6	2.7251657347659564e-6	2.050943958828848e-6	1.315533385752546e-6	7.17830856919479e-7	3.5458929250057845e-7	1.730459248687538e-7	8.864863675880981e-8	4.549419396812867e-8	1.9625096905186232e-8	6.756032569933478e-9	2.2777657202192376e-9	8.31013909772381e-10	2.4360755232759695e-10	5.6706017327912966e-11	1.4902833590072032e-11	2.981890360757118e-12	5.185538536391028e-13	8.862102223161356e-14	1.0747560031716442e-14	1.2074616543725558e-15	5.643126374193053e-17	1.8588686068236817e-18	4.60328675307315e-20	8.387608721571306e-22	1.0871662656324446e-23	2.0602988979447957e-39
4.473618857993371e-6	4.473618857993371e-6	4.473618857993371e-6	4.473618857993371e-6	4.473618857993371e-6	4.473618857993371e-6	4.473618857993371e-6	4.473618857993371e-6	4.4736188579933705e-6	4.4736188579933705e-6	4.47361885799337e-6	4.473618857993368e-6	4.473618857993366e-6	4.473618857993362e-6	4.473618857993355e-6	4.473618857993344e-6	4.473618857993326e-6	4.473618857993293e-6	4.473618857993237e-6	4.473618857993141e-6	4.473618857992975e-6	4.47361885799269e-6	4.473618857992201e-6	4.473618857991359e-6	4.4736188579899096e-6	4.473618857987415e-6	4.473618857983121e-6	4.47361885797573e-6	4.4736188579630095e-6	4.473618857941117e-6	4.473618857903447e-6	4.473618857838639e-6	4.473618857727169e-6	4.47361885753549e-6	4.473618857205992e-6	4.473618856639777e-6	4.473618855667158e-6	4.473618853997148e-6	4.473618851131037e-6	4.473618846214641e-6	4.4736188377859e-6	4.473618823344088e-6	4.473618798615207e-6	4.4736187563005464e-6	4.473618683946956e-6	4.473618560326405e-6	4.473618349288659e-6	4.473617989336024e-6	4.473617375966352e-6	4.473616331808577e-6	4.473614556183807e-6	4.473611540046662e-6	4.473606422773248e-6	4.473597751438598e-6	4.473583076896149e-6	4.4735582772524285e-6	4.473516426905676e-6	4.47344590962562e-6	4.473327276821447e-6	4.473128027648204e-6	4.472793955340822e-6	4.472234833501308e-6	4.471300795704412e-6	4.469743451471566e-6	4.467152035476742e-6	4.4628488340348e-6	4.4557183972792686e-6	4.4439294906579e-6	4.424484183432699e-6	4.392490692091549e-6	4.340002167216539e-6	4.254200285204102e-6	4.114696239801334e-6	3.890089469044878e-6	3.53590494906925e-6	3.0031370676846677e-6	2.280757175291406e-6	1.477959484081918e-6	8.123111184237073e-7	4.025161031149043e-7	1.9687296547682483e-7	1.0148574572614273e-7	5.289439316996552e-8	2.3324700309614487e-8	8.125577213001672e-9	2.7528945092553758e-9	1.024416307787163e-9	3.108893055907216e-10	7.309740274707055e-11	1.9613847261338782e-11	4.107357185146726e-12	7.191488549632943e-13	1.300636217856953e-13	1.5964575277646205e-14	1.931218555339743e-15	9.235237905002668e-17	3.028108088088969e-18	7.456503824355864e-20	1.3503533303586801e-21	1.7388343365234218e-23	3.275822392592993e-39
4.872766505337522e-6	4.872766505337522e-6	4.872766505337522e-6	4.872766505337522e-6	4.872766505337522e-6	4.872766505337522e-6	4.872766505337522e-6	4.872766505337522e-6	4.8727665053375216e-6	4.8727665053375216e-6	4.872766505337521e-6	4.872766505337519e-6	4.8727665053375165e-6	4.872766505337513e-6	4.872766505337506e-6	4.8727665053374945e-6	4.872766505337475e-6	4.872766505337441e-6	4.8727665053373835e-6	4.872766505337284e-6	4.872766505337113e-6	4.872766505336819e-6	4.8727665053363145e-6	4.8727665053354455e-6	4.872766505333949e-6	4.872766505331375e-6	4.872766505326942e-6	4.872766505319313e-6	4.872766505306182e-6	4.8727665052835825e-6	4.872766505244694e-6	4.872766505177787e-6	4.8727665050627026e-6	4.872766504864797e-6	4.872766504524576e-6	4.872766503939898e-6	4.872766502935497e-6	4.872766501210794e-6	4.8727664982505875e-6	4.872766493172351e-6	4.87276648446535e-6	4.872766469545281e-6	4.872766443994724e-6	4.872766400268949e-6	4.87276632549305e-6	4.872766197716346e-6	4.872765979551125e-6	4.872765607381931e-6	4.872764973084719e-6	4.8727638930983045e-6	4.872762056171908e-6	4.872758935218214e-6	4.872753638846906e-6	4.8727446617101576e-6	4.872729465412909e-6	4.872703776250133e-6	4.872660410620034e-6	4.8725873142324005e-6	4.872464295418074e-6	4.872257594081783e-6	4.871910871616817e-6	4.8713302962199245e-6	4.870359910303958e-6	4.868741043569436e-6	4.866045600469669e-6	4.861566682793257e-6	4.854139746051533e-6	4.841851053960599e-6	4.821564165383463e-6	4.788154919558292e-6	4.733286675116057e-6	4.643486571804551e-6	4.497262613915391e-6	4.261338720943898e-6	3.888010575088992e-6	3.322787998881005e-6	2.547040194845158e-6	1.6682758410849321e-6	9.240875750565312e-7	4.5943584822269715e-7	2.2518542070688545e-7	1.167769407146603e-7	6.181083194999235e-8	2.7893387896921154e-8	9.845951313978959e-9	3.3504921487830845e-9	1.270393964652911e-9	3.9996518962726403e-10	9.510133997653769e-11	2.598400693921599e-11	5.715371858583991e-12	1.0064967086027956e-12	1.9257172410231475e-13	2.3976198040698128e-14	3.1190801761480353e-15	1.5381136568121371e-16	5.018804869398271e-18	1.2282278333044842e-19	2.2094458157358057e-21	2.824745576742387e-23	5.28721015958722e-39
5.327555220956817e-6	5.327555220956817e-6	5.327555220956817e-6	5.327555220956817e-6	5.327555220956817e-6	5.327555220956817e-6	5.327555220956817e-6	5.327555220956817e-6	5.327555220956816e-6	5.327555220956816e-6	5.327555220956815e-6	5.327555220956814e-6	5.327555220956811e-6	5.327555220956808e-6	5.3275552209568e-6	5.327555220956788e-6	5.327555220956768e-6	5.327555220956733e-6	5.327555220956674e-6	5.327555220956571e-6	5.3275552209563944e-6	5.32755522095609e-6	5.327555220955569e-6	5.32755522095467e-6	5.327555220953123e-6	5.327555220950461e-6	5.3275552209458785e-6	5.327555220937991e-6	5.327555220924414e-6	5.327555220901047e-6	5.327555220860835e-6	5.327555220791647e-6	5.327555220672635e-6	5.327555220467963e-6	5.327555220116092e-6	5.327555219511354e-6	5.327555218472421e-6	5.327555216688289e-6	5.327555213625832e-6	5.327555208371725e-6	5.327555199362326e-6	5.3275551839224885e-6	5.327555157478881e-6	5.327555112219327e-6	5.327555034810376e-6	5.3275549025156005e-6	5.327554676601634e-6	5.3275542911498816e-6	5.327553634096912e-6	5.327552515147964e-6	5.327550611550648e-6	5.327547376586169e-6	5.3275418853817895e-6	5.327532575529104e-6	5.3275168114704975e-6	5.327490154193504e-6	5.327445139097292e-6	5.327369234664892e-6	5.3272414394953776e-6	5.327026620892701e-6	5.326666115780551e-6	5.326062159830475e-6	5.325052149164349e-6	5.3233661922476046e-6	5.320557267911557e-6	5.315886591515391e-6	5.308135951044034e-6	5.295301373604248e-6	5.274094831390574e-6	5.239137688263879e-6	5.1816661667470985e-6	5.0874897086331795e-6	4.9339059977417365e-6	4.68558032036508e-6	4.291260100470699e-6	3.690392025279328e-6	2.855659584328151e-6	1.8914506415033407e-6	1.0565452783461685e-6	5.271787877429868e-7	2.5889611160022443e-7	1.3502281365258615e-7	7.256984117762039e-8	3.354815399603611e-8	1.2016421583756368e-8	4.1053377655223506e-9	1.5840752892479905e-9	5.183580357733165e-10	1.2484371621380466e-10	3.462937985412352e-11	8.026700844191506e-12	1.421341196832948e-12	2.871880131753218e-13	3.640948631910559e-14	5.0756711548822125e-15	2.606157054880541e-16	8.461132522932506e-18	2.0567223694217147e-19	3.672858758545039e-21	4.65905668783609e-23	8.659037704581477e-39
5.845695386790742e-6	5.845695386790742e-6	5.845695386790742e-6	5.845695386790742e-6	5.845695386790742e-6	5.845695386790742e-6	5.845695386790742e-6	5.8456953867907415e-6	5.8456953867907415e-6	5.845695386790741e-6	5.84569538679074e-6	5.845695386790739e-6	5.845695386790736e-6	5.845695386790732e-6	5.8456953867907245e-6	5.845695386790713e-6	5.8456953867906915e-6	5.845695386790655e-6	5.845695386790593e-6	5.845695386790487e-6	5.845695386790304e-6	5.84569538678999e-6	5.845695386789449e-6	5.845695386788519e-6	5.845695386786917e-6	5.845695386784161e-6	5.845695386779416e-6	5.845695386771248e-6	5.845695386757188e-6	5.845695386732988e-6	5.845695386691343e-6	5.8456953866196865e-6	5.8456953864964195e-6	5.84569538628442e-6	5.845695385919928e-6	5.84569538529346e-6	5.84569538421712e-6	5.845695382368607e-6	5.8456953791953775e-6	5.845695373750733e-6	5.845695364413699e-6	5.8456953484106825e-6	5.845695320999383e-6	5.845695274077745e-6	5.84569519381528e-6	5.845695056623765e-6	5.845694822310917e-6	5.845694422460863e-6	5.845693740738211e-6	5.845692579545175e-6	5.845690603653299e-6	5.84568724504572e-6	5.845681542518646e-6	5.845671871737017e-6	5.84565549167354e-6	5.845627783835706e-6	5.845580978459754e-6	5.845502025629791e-6	5.845369044106999e-6	5.845145409298761e-6	5.844769930794114e-6	5.844140566984426e-6	5.843087482189167e-6	5.841328569873311e-6	5.838396197597547e-6	5.833516836758251e-6	5.825413766462608e-6	5.811984579150071e-6	5.789775784551508e-6	5.75313079287679e-6	5.692818963990359e-6	5.5938647695441e-6	5.432241350285842e-6	5.1703599861219795e-6	4.753079261323919e-6	4.113161785915661e-6	3.2134107527946593e-6	2.153331981600683e-6	1.2137529327228252e-6	6.079688827235107e-7	2.991137685969976e-7	1.5682939619874978e-7	8.556795231942745e-8	4.0559797251434476e-8	1.4765764201648323e-8	5.062689507189609e-9	1.985001395615658e-9	6.761806536903984e-10	1.65307848219263e-10	4.640032042914921e-11	1.1363921417034606e-11	2.0247947584512985e-12	4.3062420508659964e-13	5.590410011114771e-14	8.300564028321015e-15	4.489486454752046e-16	1.450198007812577e-17	3.4993205091719005e-19	6.199451096677561e-21	7.797244942854991e-23	1.4380089910476662e-38
6.43598241955356e-6	6.43598241955356e-6	6.43598241955356e-6	6.43598241955356e-6	6.43598241955356e-6	6.43598241955356e-6	6.4359824195535595e-6	6.4359824195535595e-6	6.4359824195535595e-6	6.435982419553559e-6	6.435982419553558e-6	6.435982419553556e-6	6.4359824195535536e-6	6.435982419553549e-6	6.435982419553542e-6	6.435982419553529e-6	6.435982419553508e-6	6.43598241955347e-6	6.435982419553406e-6	6.435982419553296e-6	6.435982419553106e-6	6.43598241955278e-6	6.4359824195522195e-6	6.435982419551255e-6	6.435982419549594e-6	6.435982419546735e-6	6.4359824195418145e-6	6.435982419533344e-6	6.4359824195187625e-6	6.435982419493665e-6	6.435982419450471e-6	6.435982419376148e-6	6.435982419248286e-6	6.435982419028373e-6	6.4359824186502505e-6	6.435982418000314e-6	6.435982416883569e-6	6.435982414965517e-6	6.435982411672632e-6	6.435982406022161e-6	6.435982396331182e-6	6.435982379719731e-6	6.435982351262909e-6	6.435982302545385e-6	6.43598221919946e-6	6.435982076716181e-6	6.435981833326105e-6	6.435981417913365e-6	6.435980709523229e-6	6.435979502659946e-6	6.435977448600557e-6	6.435973956287756e-6	6.4359680252074445e-6	6.4359579640066715e-6	6.435940917493189e-6	6.43591207285272e-6	6.435863329841052e-6	6.435781076982037e-6	6.435642479662092e-6	6.43540929617899e-6	6.435017595711338e-6	6.4343606969939766e-6	6.433260916608256e-6	6.431422886705774e-6	6.42835658713568e-6	6.423250730856997e-6	6.414764975343003e-6	6.40068981074195e-6	6.377391595949534e-6	6.3389109025671355e-6	6.2755080665229985e-6	6.1713511049776645e-6	6.000967113287809e-6	5.7243053984869735e-6	5.281972971327173e-6	4.5993844238662245e-6	3.6281554508883485e-6	2.4607922946061863e-6	1.4005978176712533e-6	7.045103142699782e-7	3.4718622860615504e-7	1.8293046049923374e-7	1.0128642654287103e-7	4.926525651953161e-8	1.8261061973430033e-8	6.281557934594277e-9	2.4984042307977623e-9	8.869669821009434e-10	2.2069179048042074e-10	6.247195112208471e-11	1.6195868839632497e-11	2.909024894923225e-12	6.479885157621715e-13	8.677371023163341e-14	1.3604621433545562e-14	7.854906865064921e-16	2.5249785451087157e-17	6.044425407683245e-19	1.0616250844111233e-20	1.3229321276283051e-22	2.4194677679197126e-38
7.108449675808098e-6	7.108449675808098e-6	7.108449675808098e-6	7.108449675808098e-6	7.108449675808098e-6	7.108449675808098e-6	7.108449675808098e-6	7.108449675808097e-6	7.108449675808097e-6	7.108449675808096e-6	7.108449675808095e-6	7.108449675808094e-6	7.108449675808091e-6	7.108449675808087e-6	7.108449675808079e-6	7.1084496758080655e-6	7.1084496758080435e-6	7.1084496758080045e-6	7.108449675807938e-6	7.108449675807823e-6	7.108449675807626e-6	7.108449675807288e-6	7.108449675806705e-6	7.108449675805704e-6	7.108449675803979e-6	7.1084496758010106e-6	7.108449675795901e-6	7.108449675787104e-6	7.1084496757719616e-6	7.108449675745897e-6	7.108449675701036e-6	7.10844967562384e-6	7.10844967549103e-6	7.108449675262594e-6	7.1084496748697935e-6	7.108449674194579e-6	7.108449673034318e-6	7.108449671041363e-6	7.108449667619591e-6	7.108449661747402e-6	7.108449651675131e-6	7.108449634408191e-6	7.1084496048249164e-6	7.108449554172357e-6	7.108449467503796e-6	7.1084493193177986e-6	7.1084490661446574e-6	7.108448633957407e-6	7.108447896820129e-6	7.108446640719177e-6	7.108444502375568e-6	7.108440865874809e-6	7.108434688284882e-6	7.10842420592218e-6	7.10840644035183e-6	7.10837636893589e-6	7.108325534492165e-6	7.1082397188539e-6	7.108095057094243e-6	7.1078515593098805e-6	7.107442331030133e-6	7.1067556713794395e-6	7.105605402857012e-6	7.103681797343374e-6	7.100470579362829e-6	7.095119530982032e-6	7.086219301380469e-6	7.071444135676357e-6	7.0469647290559e-6	7.006492498476776e-6	6.939734110905591e-6	6.8299253373177665e-6	6.65001826495322e-6	6.357279349451546e-6	5.887678654978305e-6	5.158575424614159e-6	4.108977991140848e-6	2.8218934472536937e-6	1.622945536386259e-6	8.20093215262589e-7	4.047534747938654e-7	2.1421461336649444e-7	1.2030870743201183e-7	6.008241532412306e-8	2.2719023018612977e-8	7.83903642869548e-9	3.156857462852138e-9	1.1687355478041418e-9	2.96915583118524e-10	8.447061500581152e-11	2.3199151406274643e-11	4.2137614548492325e-12	9.767314136220354e-13	1.3611094790685352e-13	2.229020079917388e-14	1.3939939395683245e-15	4.461655227396854e-17	1.0589150022966718e-18	1.8425625630489868e-20	2.273229453624613e-22	4.1199567506192866e-38
7.874542392079883e-6	7.874542392079883e-6	7.874542392079883e-6	7.874542392079883e-6	7.874542392079883e-6	7.874542392079883e-6	7.874542392079883e-6	7.874542392079883e-6	7.874542392079883e-6	7.874542392079881e-6	7.874542392079881e-6	7.87454239207988e-6	7.874542392079876e-6	7.874542392079871e-6	7.874542392079864e-6	7.874542392079849e-6	7.874542392079827e-6	7.874542392079786e-6	7.874542392079717e-6	7.874542392079598e-6	7.874542392079393e-6	7.874542392079041e-6	7.874542392078436e-6	7.874542392077394e-6	7.8745423920756e-6	7.874542392072516e-6	7.874542392067203e-6	7.874542392058055e-6	7.87454239204231e-6	7.874542392015205e-6	7.874542391968554e-6	7.874542391888274e-6	7.87454239175015e-6	7.87454239151256e-6	7.874542391103993e-6	7.87454239040163e-6	7.874542389194625e-6	7.87454238712121e-6	7.874542383560981e-6	7.874542377450599e-6	7.87454236696868e-6	7.87454234899746e-6	7.874542318203802e-6	7.874542265471873e-6	7.874542175232544e-6	7.874542020917413e-6	7.874541757228669e-6	7.874541307008972e-6	7.874540538965252e-6	7.874539229921665e-6	7.874537000939561e-6	7.87453320935774e-6	7.874526766592915e-6	7.874515831100718e-6	7.874497291750282e-6	7.874465899928544e-6	7.874412813934277e-6	7.874323161835707e-6	7.874171968089916e-6	7.873917357676204e-6	7.873489239144941e-6	7.872770494566983e-6	7.871565775692089e-6	7.869549842559951e-6	7.86618220541221e-6	7.860566384301693e-6	7.851218357652094e-6	7.835686503148847e-6	7.809929504744703e-6	7.767301856052829e-6	7.696909382132362e-6	7.580975420778636e-6	7.390740460926321e-6	7.080554019083546e-6	6.581340767703116e-6	5.8016537432009945e-6	4.666362933765164e-6	3.2460751466460998e-6	1.8878286241253975e-6	9.587229357313648e-7	4.7381290027344184e-7	2.5175827528372185e-7	1.4334140059384658e-7	7.352780245196841e-8	2.84204709141007e-8	9.83604184712087e-9	4.002413194933578e-9	1.5453393959532064e-9	4.023395974443383e-10	1.1465132268026621e-10	3.334204724687677e-11	6.1518658028108976e-12	1.4723539163718684e-12	2.1563131765241964e-13	3.642990866646876e-14	2.505297792917269e-15	7.992233177595822e-17	1.879433096702764e-18	3.2376297949405047e-20	3.951611331011127e-22	7.092363790798968e-38
8.748350020506043e-6	8.748350020506043e-6	8.748350020506043e-6	8.748350020506043e-6	8.748350020506043e-6	8.748350020506043e-6	8.748350020506043e-6	8.748350020506042e-6	8.748350020506042e-6	8.748350020506042e-6	8.74835002050604e-6	8.748350020506038e-6	8.748350020506036e-6	8.748350020506031e-6	8.748350020506023e-6	8.748350020506008e-6	8.748350020505984e-6	8.748350020505942e-6	8.748350020505869e-6	8.748350020505745e-6	8.748350020505533e-6	8.748350020505166e-6	8.748350020504536e-6	8.748350020503451e-6	8.748350020501586e-6	8.748350020498373e-6	8.748350020492843e-6	8.74835002048332e-6	8.748350020466929e-6	8.748350020438711e-6	8.748350020390142e-6	8.748350020306555e-6	8.748350020162736e-6	8.748350019915334e-6	8.748350019489868e-6	8.748350018758403e-6	8.748350017501292e-6	8.748350015341629e-6	8.74835001163297e-6	8.748350005267223e-6	8.748349994346098e-6	8.74834997561973e-6	8.748349943528172e-6	8.748349888566343e-6	8.748349794497431e-6	8.748349633608295e-6	8.74834935863955e-6	8.748348889074459e-6	8.74834808787002e-6	8.748346722014843e-6	8.74834439575681e-6	8.748340437711865e-6	8.748333710262469e-6	8.748322288214897e-6	8.748302917842238e-6	8.748270107632836e-6	8.748214602450688e-6	8.7481208272172e-6	8.747962611478153e-6	8.747696051269886e-6	8.747247612873515e-6	8.74649434314706e-6	8.74523101051664e-6	8.743115649352016e-6	8.739579488636854e-6	8.733678267735999e-6	8.723847306062473e-6	8.707498925142565e-6	8.680362465233077e-6	8.635406014519729e-6	8.56108440263878e-6	8.438523166516274e-6	8.237105618791844e-6	7.908014694245777e-6	7.376694156223748e-6	6.54208984147321e-6	5.313279943315456e-6	3.7451234409472694e-6	2.2042008967756245e-6	1.1255744266827114e-6	5.569476463515617e-7	2.969459107093831e-7	1.7129126148685888e-7	9.02734389549238e-8	3.574723733909577e-8	1.2411571841257843e-8	5.0921446955648445e-9	2.0496652341002752e-9	5.49294998841191e-10	1.5628836044506152e-10	4.805544315167002e-11	9.062099078775855e-12	2.2200196816618177e-12	3.4546949039594296e-13	5.942525210371556e-14	4.56672776930791e-15	1.4547169057223738e-16	3.3869393164479436e-18	5.771429959623358e-20	6.962523969935189e-22	1.2365055936511342e-37
9.746247568919486e-6	9.746247568919486e-6	9.746247568919486e-6	9.746247568919486e-6	9.746247568919486e-6	9.746247568919486e-6	9.746247568919486e-6	9.746247568919486e-6	9.746247568919486e-6	9.746247568919484e-6	9.746247568919484e-6	9.746247568919483e-6	9.74624756891948e-6	9.746247568919474e-6	9.746247568919466e-6	9.74624756891945e-6	9.746247568919425e-6	9.746247568919381e-6	9.746247568919307e-6	9.746247568919178e-6	9.746247568918956e-6	9.746247568918573e-6	9.746247568917917e-6	9.746247568916788e-6	9.746247568914843e-6	9.746247568911495e-6	9.746247568905732e-6	9.746247568895808e-6	9.746247568878725e-6	9.746247568849316e-6	9.746247568798696e-6	9.746247568711573e-6	9.746247568561662e-6	9.746247568303766e-6	9.746247567860226e-6	9.74624756709763e-6	9.74624756578692e-6	9.746247563534986e-6	9.746247559667532e-6	9.746247553028569e-6	9.746247541637505e-6	9.746247522103093e-6	9.746247488622613e-6	9.74624743127431e-6	9.746247333106537e-6	9.746247165180464e-6	9.746246878136106e-6	9.746246387858745e-6	9.746245551146117e-6	9.746244124449335e-6	9.746241693999576e-6	9.746237557628279e-6	9.746230525152789e-6	9.746218581685593e-6	9.746198320561004e-6	9.746163989679039e-6	9.746105890226261e-6	9.746007692296859e-6	9.745841942247e-6	9.74556255643762e-6	9.745092301607693e-6	9.74430195044692e-6	9.742975639357526e-6	9.7407534004312e-6	9.737036005221216e-6	9.730827703683043e-6	9.72047683695151e-6	9.703248904750328e-6	9.674625565179152e-6	9.627157263793645e-6	9.548594620078384e-6	9.418874667573777e-6	9.205368691039832e-6	8.855827339763143e-6	8.289750118956297e-6	7.395624098445205e-6	6.064962702644858e-6	4.33307087364943e-6	2.5830011657252567e-6	1.3270940679429808e-6	6.573809685505602e-7	3.514932655141144e-7	2.0527907310483652e-7	1.11163548697443e-7	4.5204712963776316e-8	1.5752966266552346e-8	6.501639781835466e-9	2.725859265122161e-9	7.556968544775507e-10	2.140723792621178e-10	6.94069607218507e-11	1.3481011018337089e-11	3.348727616474561e-12	5.601150821912449e-13	9.68122286393943e-14	8.447590215251918e-15	2.6953558363478735e-16	6.207984097099615e-18	1.0454096031259794e-19	1.2452613359403225e-21	2.186236418708936e-37
0.000010884007540666325	0.000010884007540666325	0.000010884007540666325	0.000010884007540666325	0.000010884007540666325	0.000010884007540666325	0.000010884007540666325	0.000010884007540666325	0.000010884007540666325	0.000010884007540666323	0.000010884007540666323	0.00001088400754066632	0.000010884007540666318	0.000010884007540666311	0.000010884007540666303	0.000010884007540666287	0.00001088400754066626	0.000010884007540666214	0.000010884007540666136	0.000010884007540666001	0.00001088400754066577	0.000010884007540665372	0.000010884007540664688	0.000010884007540663509	0.000010884007540661481	0.000010884007540657988	0.000010884007540651977	0.000010884007540641627	0.000010884007540623807	0.000010884007540593129	0.00001088400754054032	0.000010884007540449428	0.000010884007540293024	0.000010884007540023938	0.000010884007539561126	0.000010884007538765339	0.000010884007537397475	0.000010884007535047154	0.000010884007531010362	0.000010884007524080027	0.000010884007512187766	0.000010884007491791493	0.000010884007456829482	0.000010884007396935362	0.000010884007294394653	0.000010884007118960357	0.000010884006819030252	0.000010884006306648467	0.000010884005432036173	0.000010884003940391105	0.000010884001398700183	0.0000108839970719062	0.000010883989713656283	0.00001088397721319473	0.000010883956000346783	0.000010883920044335569	0.000010883859171728234	0.000010883756244882782	0.000010883582436529845	0.000010883289328825308	0.000010882795725012745	0.000010881965672882422	0.000010880571907343273	0.000010878235144918538	0.000010874323458742588	0.000010867785785981196	0.000010856876967192354	0.000010838704555001646	0.00001080848354928692	0.000010758314385682997	0.000010675188256815261	0.0000105377594524269	0.000010311226157566776	9.93963020926078e-6	9.336044933481833e-6	8.377614655558721e-6	6.936439761476394e-6	5.024103166029074e-6	3.035749511419765e-6	1.5702769437550686e-6	7.786212821634769e-7	4.1724945873199814e-7	2.4650867768107777e-7	1.3712611964402693e-7	5.7388332258897e-8	2.008699039543151e-8	8.320351892114837e-9	3.6268325989382144e-9	1.045222816294976e-9	2.9413218111127123e-10	1.0009547152147691e-10	2.019404146271075e-11	5.037625539146679e-12	9.142375831205284e-13	1.5692905319361013e-13	1.572298418322053e-14	5.048967989848895e-16	1.1496717342080997e-17	1.91181341763748e-19	2.2467802619734675e-21	3.896578001759392e-37
0.000012182729887831213	0.000012182729887831213	0.000012182729887831213	0.000012182729887831213	0.000012182729887831213	0.000012182729887831213	0.000012182729887831213	0.000012182729887831213	0.000012182729887831211	0.000012182729887831211	0.00001218272988783121	0.000012182729887831208	0.000012182729887831204	0.0000121827298878312	0.000012182729887831189	0.000012182729887831174	0.000012182729887831145	0.000012182729887831098	0.000012182729887831016	0.000012182729887830876	0.000012182729887830633	0.000012182729887830218	0.000012182729887829504	0.000012182729887828274	0.000012182729887826156	0.00001218272988782251	0.000012182729887816236	0.000012182729887805431	0.000012182729887786827	0.000012182729887754797	0.00001218272988769966	0.000012182729887604759	0.000012182729887441442	0.000012182729887160453	0.00001218272988667713	0.00001218272988584602	0.000012182729884417333	0.000012182729881962294	0.000012182729877745263	0.00001218272987050478	0.000012182729858078982	0.00001218272983676518	0.000012182729800225809	0.000012182729737620967	0.000012182729630423624	0.000012182729446993176	0.000012182729133338394	0.000012182728597410199	0.000012182727682420496	0.000012182726121571128	0.000012182723461331007	0.000012182718931570115	0.000012182711226021434	0.000012182698131645944	0.000012182675903771738	0.000012182638214131157	0.00001218257438246978	0.000012182466408311337	0.000012182283996516221	0.000012181976233880097	0.000012181457684657125	0.000012180585200893705	0.000012179119311459941	0.000012176660042796066	0.00001217254042166084	0.000012165650062009963	0.000012154143454215049	0.000012134958505181027	0.000012103023575784179	0.000012049954962696972	0.000011961926126495022	0.000011816208964773343	0.000011575658051834293	0.000011180313519859998	0.000010536312468898416	9.508523500559338e-6	7.947680624037413e-6	5.837047486467711e-6	3.5778914528558938e-6	1.8646418900676102e-6	9.254582725320414e-7	4.967252575771637e-7	2.9660482405849077e-7	1.6941370144850123e-7	7.312999724727509e-8	2.573839271483389e-8	1.0674426426524118e-8	4.826724229493628e-9	1.453459812696452e-9	4.0568452023875887e-10	1.4409892074415918e-10	3.048257868164986e-11	7.566381593482488e-12	1.502094463036742e-12	2.5369770183259124e-13	2.9441773769765557e-14	9.584906415304704e-16	2.1561797492658354e-17	3.5375667470678665e-19	4.097734155313403e-21	7.0140828096544395e-37
0.000013668840619527968	0.000013668840619527968	0.000013668840619527968	0.000013668840619527968	0.000013668840619527968	0.000013668840619527968	0.000013668840619527968	0.000013668840619527968	0.000013668840619527966	0.000013668840619527966	0.000013668840619527964	0.000013668840619527963	0.00001366884061952796	0.000013668840619527954	0.000013668840619527944	0.000013668840619527927	0.000013668840619527898	0.000013668840619527848	0.000013668840619527763	0.000013668840619527616	0.000013668840619527363	0.00001366884061952693	0.000013668840619526182	0.000013668840619524898	0.000013668840619522686	0.000013668840619518878	0.000013668840619512321	0.000013668840619501032	0.000013668840619481596	0.000013668840619448132	0.000013668840619390522	0.000013668840619291358	0.000013668840619120697	0.000013668840618827055	0.000013668840618321939	0.000013668840617453288	0.000013668840615959955	0.000013668840613393616	0.000013668840608985	0.000013668840601414827	0.000013668840588421838	0.000013668840566132554	0.000013668840527916047	0.000013668840462428762	0.0000136688403502793	0.000013668840158344383	0.000013668839830090728	0.000013668839269113149	0.000013668838311162799	0.000013668836676670571	0.000013668833890257325	0.000013668829144438533	0.000013668821069120126	0.000013668807342271783	0.000013668784033228655	0.000013668744496537638	0.000013668677511392688	0.000013668564156731051	0.0000136683725706885	0.000013668049175532563	0.000013667504007094225	0.000013666586226564578	0.000013665043309958219	0.000013662453145413156	0.000013658111236738937	0.000013650843639626224	0.00001363869725199048	0.000013618427949401923	0.000013584656270185297	0.000013528478136348658	0.00001343518728117763	0.000013280567104669361	0.00001302494679498692	0.00001260405236188188	0.00001191654114480539	0.00001081401548401553	9.123773304676022e-6	6.795708282465633e-6	4.2293556428435935e-6	2.2227520352238106e-6	1.1042438435329932e-6	5.93225450417089e-7	3.5769198457269604e-7	2.0967218451618117e-7	9.357284634076898e-8	3.316858952438196e-8	1.3739838110972328e-8	6.428194838756742e-9	2.0337953210966793e-9	5.62663625233319e-10	2.072656052406228e-10	4.645963361871485e-11	1.137675129957706e-11	2.4870543928704977e-12	4.1088364099018393e-13	5.55618903817579e-14	1.854765501872545e-15	4.11826213404352e-17	6.658342283997602e-19	7.592361478275037e-21	1.281163956235572e-36
0.000015364710969738795	0.000015364710969738795	0.000015364710969738795	0.000015364710969738795	0.000015364710969738795	0.000015364710969738795	0.000015364710969738795	0.000015364710969738795	0.000015364710969738795	0.000015364710969738795	0.00001536471096973879	0.00001536471096973879	0.000015364710969738788	0.00001536471096973878	0.00001536471096973877	0.000015364710969738754	0.000015364710969738724	0.00001536471096973867	0.00001536471096973858	0.00001536471096973843	0.000015364710969738165	0.00001536471096973771	0.000015364710969736928	0.000015364710969735586	0.000015364710969733275	0.000015364710969729294	0.00001536471096972244	0.00001536471096971064	0.00001536471096969032	0.000015364710969655338	0.000015364710969595107	0.00001536471096949143	0.00001536471096931299	0.000015364710969005952	0.000015364710968477752	0.000015364710967569343	0.000015364710966007537	0.000015364710963323303	0.000015364710958711737	0.0000153647109507923	0.0000153647109371984	0.000015364710913875556	0.000015364710873881923	0.000015364710805340054	0.000015364710687942212	0.000015364710486993078	0.000015364710143263696	0.00001536470955572881	0.000015364708552225384	0.000015364706839634675	0.00001536470391939271	0.000015364698944366262	0.000015364690476698116	0.000015364676078615777	0.0000153646516218862	0.000015364610124029102	0.00001536453978968447	0.000015364420718947718	0.000015364219383444873	0.000015363879370029968	0.000015363305893503343	0.00001536233992323452	0.00001536071502476476	0.00001535798547980304	0.00001535340675596386	0.000015345737048110044	0.00001533290829523098	0.000015311481727730005	0.00001527574845884113	0.000015216247032584645	0.000015117328057478202	0.000014953177783229447	0.000014681413659263778	0.000014233127117909729	0.000013498938811892892	0.000012316174544012192	0.000010486597676686997	7.92147170389064e-6	5.009076973931439e-6	2.6571523049472606e-6	1.3213823819905221e-6	7.100320506357886e-7	4.3185763051571816e-7	2.5954913584728066e-7	1.1995949962893812e-7	4.29084600222797e-8	1.7713374681273326e-8	8.545018910499525e-9	2.85259662594932e-9	7.827322313684743e-10	2.967064593168386e-10	7.110346500899076e-11	1.7064322442330064e-11	4.110696174470118e-12	6.639454319676469e-13	1.0413685441040651e-13	3.616914419312914e-15	7.923409801905434e-17	1.2614642745334697e-18	1.4148398037377464e-20	2.3518558019904187e-36
0.00001730799706428818	0.00001730799706428818	0.00001730799706428818	0.00001730799706428818	0.00001730799706428818	0.00001730799706428818	0.00001730799706428818	0.00001730799706428818	0.00001730799706428818	0.00001730799706428818	0.000017307997064288177	0.000017307997064288177	0.000017307997064288174	0.000017307997064288167	0.000017307997064288157	0.000017307997064288137	0.000017307997064288106	0.000017307997064288052	0.000017307997064287957	0.000017307997064287798	0.00001730799706428752	0.000017307997064287046	0.00001730799706428623	0.000017307997064284826	0.000017307997064282407	0.000017307997064278243	0.000017307997064271077	0.000017307997064258734	0.000017307997064237484	0.00001730799706420089	0.00001730799706413789	0.000017307997064029436	0.000017307997063842767	0.000017307997063521545	0.000017307997062968913	0.000017307997062018417	0.00001730799706038413	0.000017307997057575092	0.000017307997052748678	0.00001730799704445946	0.00001730799703022931	0.00001730799700581204	0.00001730799696393645	0.00001730799689215951	0.000017307996769202593	0.00001730799655870453	0.000017307996198579414	0.000017307995582904656	0.000017307994531126614	0.000017307992735758465	0.000017307989673645738	0.000017307984455593107	0.00001730797557183761	0.000017307960461755852	0.00001730793478735101	0.0000173078912081982	0.000017307817318514607	0.00001730769217805872	0.000017307480486534876	0.000017307122814716254	0.000017306519246753027	0.000017305502029622004	0.000017303789909193763	0.000017300912002701278	0.00001729608107140976	0.000017287982872731116	0.00001727442654113817	0.000017251765209672236	0.000017213937495793706	0.000017150884989550057	0.000017045947268807787	0.000016871596885430792	0.000016582539411637747	0.00001610488734206219	0.000015320626845762538	0.000014051728339839457	0.000012072198088948745	9.248978956859946e-6	5.947296439311653e-6	3.187955710157377e-6	1.587192920820379e-6	8.524260106103577e-7	5.224405868344235e-7	3.2164644752173206e-7	1.5425716088457617e-7	5.582530610506496e-8	2.291412541912047e-8	1.135805248545806e-8	4.019376116102757e-9	1.0959750795798332e-9	4.240609932173201e-10	1.0970175147479489e-10	2.5675197155692622e-11	6.807230045516495e-12	1.0797910615559066e-12	1.949574790264852e-13	7.201118334571196e-15	1.5551350975058809e-16	2.4346209748347835e-18	2.681832349205903e-20	4.385456208148252e-36
0.000019529381189922277	0.000019529381189922277	0.000019529381189922277	0.000019529381189922277	0.000019529381189922277	0.000019529381189922277	0.000019529381189922277	0.000019529381189922277	0.000019529381189922277	0.000019529381189922277	0.000019529381189922274	0.00001952938118992227	0.000019529381189922267	0.00001952938118992226	0.00001952938118992225	0.00001952938118992223	0.000019529381189922196	0.000019529381189922142	0.000019529381189922044	0.000019529381189921874	0.000019529381189921586	0.000019529381189921088	0.000019529381189920234	0.000019529381189918767	0.000019529381189916236	0.00001952938118991188	0.00001952938118990438	0.00001952938118989147	0.00001952938118986923	0.00001952938118983094	0.000019529381189765017	0.00001952938118965152	0.00001952938118945617	0.000019529381189119985	0.000019529381188541573	0.000019529381187546672	0.000019529381185835906	0.000019529381182895163	0.00001952938117784201	0.000019529381169162523	0.000019529381154260818	0.000019529381128688294	0.000019529381084825983	0.000019529381009633554	0.000019529380880806938	0.000019529380660225233	0.00001952938028278415	0.000019529379637386207	0.00001952937853460998	0.000019529376651780537	0.00001952937343974395	0.0000195293679648228	0.000019529358641192528	0.000019529342778243858	0.000019529315815969105	0.000019529270034981127	0.000019529192383011227	0.00001952906081761226	0.000019528838160439515	0.000019528461784151025	0.000019527826330035526	0.000019526754787193937	0.000019524950163353787	0.000019521914835756908	0.000019516816156345124	0.000019508262806949617	0.000019493933156914033	0.000019469958575093253	0.000019429901712994403	0.00001936306688910131	0.00001925171337385509	0.000019066480955974442	0.000018758958625851967	0.000018249927520141794	0.00001741212824999928	0.00001605107936565658	0.000013910797385788838	0.000010808120276733396	7.071722838325284e-6	3.8347952692956185e-6	1.911922845187405e-6	1.0255599285178657e-6	6.3264372777486e-7	3.984904285337154e-7	1.9853586516325198e-7	7.291031165059101e-8	2.9697015108086734e-8	1.5063379260396724e-8	5.666297473110091e-9	1.5408672700074346e-9	6.032824797214072e-10	1.6954638274917248e-10	3.8642186595429224e-11	1.1186529960487257e-11	1.761484496397016e-12	3.592513981953919e-13	1.446412752571682e-14	3.079077511825378e-16	4.735872552026914e-18	5.1185732220088057e-20	8.226623411603308e-36
0.00002207545212796705	0.00002207545212796705	0.00002207545212796705	0.000022075452127967045	0.000022075452127967045	0.000022075452127967045	0.000022075452127967045	0.000022075452127967045	0.000022075452127967045	0.000022075452127967045	0.000022075452127967042	0.000022075452127967042	0.00002207545212796704	0.00002207545212796703	0.000022075452127967018	0.000022075452127966998	0.000022075452127966964	0.000022075452127966903	0.0000220754521279668	0.000022075452127966625	0.000022075452127966323	0.000022075452127965805	0.00002207545212796491	0.000022075452127963372	0.000022075452127960723	0.000022075452127956166	0.00002207545212794832	0.0000220754521279348	0.000022075452127911527	0.00002207545212787145	0.000022075452127802443	0.000022075452127683638	0.000022075452127479134	0.00002207545212712718	0.000022075452126521604	0.0000220754521254799	0.000022075452123688522	0.00002207545212060896	0.000022075452115316794	0.000022075452106225895	0.000022075452090616192	0.000022075452063825634	0.00002207545201786844	0.000022075451939074212	0.000022075451804057052	0.000022075451572839294	0.00002207545117713131	0.00002207545050037357	0.000022075449343783104	0.000022075447368647967	0.000022075443998355796	0.00002207543825223964	0.000022075428464105346	0.00002207541180595795	0.000022075383483070295	0.000022075335375270152	0.00002207525374633432	0.000022075115387286214	0.000022074881131311322	0.0000220744849634048	0.000022073815756621213	0.000022072686683612964	0.000022070784054973585	0.000022067581861217317	0.000022062199216687956	0.00002205316286878888	0.000022038012071924255	0.0000220126420768704	0.000021970214884989622	0.000021899355079214165	0.00002178116855019674	0.000021584336555159862	0.000021257115003536364	0.000020714580717219183	0.000019819582811881453	0.000018360035944922315	0.000016047653375970533	0.000012643145062654257	8.423027594490661e-6	4.626815318686335e-6	2.3109264026472044e-6	1.2371329498654413e-6	7.672162882566285e-7	4.937902857104127e-7	2.5584485599270666e-7	9.569300835379829e-8	3.8606882929139575e-8	1.9954768484258885e-8	7.996878392778175e-9	2.1804430362505916e-9	8.561523859911718e-10	2.627438462207308e-10	5.841954474617365e-11	1.8258788036424305e-11	2.9016766042202022e-12	6.526331313250237e-13	2.955974967772398e-14	6.202922368112751e-16	9.360153603471199e-18	9.91115662770566e-20	1.5634540574148658e-35
0.000024991112204353724	0.000024991112204353724	0.000024991112204353724	0.000024991112204353724	0.000024991112204353724	0.000024991112204353724	0.000024991112204353724	0.00002499111220435372	0.00002499111220435372	0.00002499111220435372	0.00002499111220435372	0.000024991112204353717	0.000024991112204353713	0.000024991112204353703	0.000024991112204353693	0.000024991112204353673	0.000024991112204353636	0.00002499111220435357	0.000024991112204353466	0.00002499111220435328	0.000024991112204352965	0.000024991112204352423	0.000024991112204351484	0.000024991112204349875	0.000024991112204347103	0.000024991112204342333	0.000024991112204334116	0.000024991112204319968	0.000024991112204295604	0.000024991112204253645	0.0000249911122041814	0.000024991112204057015	0.000024991112203842888	0.00002499111220347436	0.000024991112202840218	0.00002499111220174931	0.000024991112199873173	0.000024991112196647648	0.00002499111219110415	0.000024991112181580596	0.00002499111216522629	0.000024991112137154612	0.000024991112088993837	0.000024991112006410554	0.000024991111864880306	0.000024991111622471013	0.000024991111207539703	0.00002499111049777567	0.000024991109284537083	0.00002499110721221968	0.00002499110367528188	0.000024991097643538788	0.000024991087366080853	0.000024991069870058288	0.000024991040113188963	0.000024990989552462818	0.000024990903729815757	0.0000249907582046555	0.00002499051170988685	0.000024990094650762515	0.00002498938980210173	0.000024988199953089007	0.00002498619374276082	0.00002498281509997386	0.00002497713202165868	0.00002496758436771208	0.000024951563755468474	0.000024924714648652898	0.000024879773138294976	0.00002480464055570669	0.000024679194420927835	0.00002447002820677415	0.00002412184197002608	0.00002354362419917136	0.000022587668158262204	0.000021023107157078236	0.000018527024616627046	0.000014797968109973497	0.000010043170523255605	5.595837798007026e-6	2.8013575947006158e-6	1.4956296336697667e-6	9.312925589792749e-7	6.115556919691818e-7	3.296430103699199e-7	1.260744732271938e-7	5.031210041711659e-8	2.6379309246249273e-8	1.1266852923390967e-8	3.1021197327697773e-9	1.2108268712743091e-9	4.0627251036977755e-10	8.866706904109664e-11	2.944725976065055e-11	4.8231052123322145e-12	1.1603479393524946e-12	6.102763065236094e-14	1.2637638444695456e-15	1.8688935530530485e-17	1.9364088347998508e-19	2.9947525765580095e-35
0.000028335794826152522	0.000028335794826152522	0.000028335794826152522	0.000028335794826152522	0.000028335794826152522	0.000028335794826152522	0.000028335794826152522	0.000028335794826152522	0.00002833579482615252	0.00002833579482615252	0.00002833579482615252	0.000028335794826152515	0.000028335794826152512	0.000028335794826152502	0.000028335794826152488	0.000028335794826152468	0.00002833579482615243	0.000028335794826152363	0.00002833579482615225	0.000028335794826152058	0.00002833579482615173	0.00002833579482615116	0.00002833579482615018	0.000028335794826148494	0.000028335794826145593	0.000028335794826140596	0.000028335794826131997	0.000028335794826117184	0.00002833579482609167	0.000028335794826047744	0.000028335794825972097	0.00002833579482584185	0.00002833579482561763	0.0000283357948252317	0.000028335794824567574	0.00002833579482342501	0.000028335794821459895	0.000028335794818081115	0.000028335794812273725	0.000028335794802295863	0.00002833579478515963	0.00002833579475574249	0.000028335794705267263	0.00002833579461870388	0.000028335794470331406	0.00002833579421616363	0.000028335793781032545	0.00002833579303658081	0.000028335791763799305	0.000028335789589316658	0.000028335785877157247	0.000028335779545029977	0.000028335768752858804	0.00002833575037528543	0.000028335719109314707	0.00002833566596647632	0.00002833557572797219	0.000028335422654735103	0.000028335163264449227	0.00002833472418501194	0.00002833398175320636	0.000028332727790377134	0.000028330612258762323	0.000028327047295891902	0.00002832104680407017	0.000028310958629129048	0.00002829401791977116	0.00002826560313126904	0.000028217998196990364	0.00002813833591535533	0.00002800518728916133	0.000027782923120001052	0.000027412454833421985	0.000026796281026905792	0.000025775445125044483	0.00002409907692241055	0.000021407258204245897	0.000017330293943855688	0.000011987468637997395	6.784920616868817e-6	3.4068535412692102e-6	1.8126802274285398e-6	1.1318221510098814e-6	7.571715579982371e-7	4.2461487782808376e-7	1.6680869818929856e-7	6.578206608096219e-8	3.4823997766080536e-8	1.5840872420914086e-8	4.44374671768321e-9	1.7093202444213743e-9	6.261586884041267e-10	1.3555240643718322e-10	4.6957057936603715e-11	8.12593908317721e-12	2.0228876430999767e-12	1.2784962817954433e-13	2.618863108979185e-15	3.789785163395383e-17	3.8361046705415047e-19	5.807723901011237e-35
0.000032170635013858945	0.000032170635013858945	0.000032170635013858945	0.000032170635013858945	0.000032170635013858945	0.000032170635013858945	0.000032170635013858945	0.000032170635013858945	0.00003217063501385894	0.00003217063501385894	0.00003217063501385894	0.00003217063501385894	0.00003217063501385893	0.000032170635013858925	0.00003217063501385891	0.000032170635013858884	0.000032170635013858844	0.000032170635013858776	0.00003217063501385866	0.00003217063501385846	0.00003217063501385811	0.000032170635013857516	0.00003217063501385649	0.000032170635013854724	0.00003217063501385169	0.00003217063501384646	0.00003217063501383745	0.00003217063501382195	0.000032170635013795235	0.000032170635013749244	0.00003217063501367003	0.00003217063501353365	0.00003217063501329885	0.0000321706350128947	0.000032170635012199174	0.0000321706350110025	0.000032170635008944176	0.00003217063500540485	0.000032170634999320994	0.00003217063498886715	0.00003217063497091161	0.00003217063494008459	0.00003217063488718387	0.000032170634796449	0.00003217063464090451	0.000032170634374410036	0.00003217063391810033	0.0000321706331372749	0.00003217063180204692	0.00003217062952039941	0.00003217062562441084	0.00003217061897708239	0.000032170607644695566	0.00003217058834168311	0.00003217055549108945	0.00003217049963619588	0.00003217040475827336	0.00003217024375234499	0.000032169970804850845	0.00003216950856670938	0.00003216872659312896	0.000032167405146266944	0.00003216517449336655	0.000032161413226850855	0.00003215507813242038	0.00003214441983217869	0.00003212650802057985	0.000032096439637520805	0.000032046019682786	0.000031961566163897876	0.00003182026361881704	0.000031584121984747974	0.000031190025264547003	0.000030533569914178696	0.00002944383768631349	0.000027648709062032746	0.000024748892903545245	0.00002030049261884534	0.000014315332313294193	8.242896581430547e-6	4.155081418497404e-6	2.2017594868964307e-6	1.3766819855865954e-6	9.366989087354191e-7	5.46172229549223e-7	2.2140535842950448e-7	8.62588803565924e-8	4.5884434592982556e-8	2.2174808043858086e-8	6.402534437790383e-9	2.407967607741311e-9	9.578332544413908e-10	2.0871416689645808e-10	7.388224924307423e-11	1.3852882667760364e-11	3.4521196396088924e-12	2.697535240850998e-13	5.49316337747206e-15	7.769326629659392e-17	7.6724488465671385e-19	1.1356673954818755e-34
0.000036574988867343966	0.000036574988867343966	0.000036574988867343966	0.000036574988867343966	0.000036574988867343966	0.000036574988867343966	0.000036574988867343966	0.000036574988867343966	0.000036574988867343966	0.000036574988867343966	0.000036574988867343966	0.00003657498886734396	0.00003657498886734395	0.000036574988867343945	0.00003657498886734393	0.000036574988867343905	0.000036574988867343864	0.000036574988867343796	0.000036574988867343674	0.00003657498886734346	0.0000365749888673431	0.000036574988867342475	0.0000365749888673414	0.000036574988867339554	0.000036574988867336376	0.0000365749888673309	0.00003657498886732147	0.00003657498886730523	0.000036574988867277274	0.000036574988867229115	0.00003657498886714619	0.000036574988867003384	0.00003657498886675753	0.000036574988866334316	0.00003657498886560594	0.00003657498886435268	0.00003657498886219686	0.00003657498885848961	0.00003657498885211655	0.00003657498884116476	0.00003657498882235205	0.00003657498879004985	0.00003657498873461106	0.000036574988639510656	0.000036574988476459694	0.000036574988197062156	0.00003657498771858065	0.000036574986899670397	0.00003657498549904821	0.00003657498310515851	0.00003657497901659643	0.00003657497203900871	0.00003657496014047833	0.00003657493986738676	0.0000365749053553195	0.00003657484665607467	0.00003657474691099586	0.00003657457758034549	0.00003657429040078994	0.00003657380384212761	0.000036572980326396566	0.00003657158795080203	0.000036569236243560306	0.0000365652684518487	0.00003655858113950326	0.000036547322345413045	0.00003652838705434866	0.00003649657469759562	0.00003644318368812188	0.000036353669400915465	0.000036203747104109845	0.000035952922530643034	0.00003553380424534969	0.00003483465802626028	0.000033671864547827436	0.000031750768710282914	0.00002863030765939485	0.000023786522120840455	0.00001710358492350816	0.000010034695586168587	5.083830586343323e-6	2.681210971434753e-6	1.6764283947477938e-6	1.1581803358433262e-6	7.015005689335788e-7	2.9487138976721396e-7	1.1354838269301695e-7	6.039245163212928e-8	3.0900703675816395e-8	9.288515889509473e-9	3.391448063609094e-9	1.4532455662931456e-9	3.24699482542672e-10	1.1498093981303185e-10	2.3945788619540498e-11	5.795755406073175e-12	5.743263910400479e-13	1.1735291130359228e-14	1.619560266044928e-16	1.5574584472861629e-18	2.2500448895759e-34
0.00004162951682397898	0.00004162951682397898	0.00004162951682397898	0.00004162951682397898	0.00004162951682397898	0.00004162951682397898	0.00004162951682397898	0.000041629516823978976	0.000041629516823978976	0.000041629516823978976	0.000041629516823978976	0.00004162951682397897	0.00004162951682397897	0.000041629516823978956	0.00004162951682397894	0.000041629516823978915	0.000041629516823978874	0.0000416295168239788	0.00004162951682397867	0.00004162951682397845	0.00004162951682397807	0.00004162951682397742	0.00004162951682397629	0.00004162951682397436	0.000041629516823971034	0.0000416295168239653	0.000041629516823955435	0.00004162951682393844	0.00004162951682390917	0.00004162951682385876	0.00004162951682377194	0.00004162951682362245	0.000041629516823365046	0.000041629516822921947	0.0000416295168221593	0.00004162951682084699	0.00004162951681858943	0.00004162951681470691	0.000041629516808032015	0.000041629516796560465	0.00004162951677685298	0.000041629516743010764	0.0000416295166849221	0.00004162951658526342	0.000041629516414373684	0.00004162951612150027	0.00004162951561985969	0.00004162951476116317	0.00004162951329221489	0.00004162951078103129	0.00004162950649119241	0.00004162949916835239	0.00004162948667785208	0.000041629465390196836	0.00004162942914003684	0.000041629367464476664	0.00004162926262495259	0.00004162908457809439	0.000041628782492122566	0.00004162827045122479	0.00004162740339172736	0.000041625936637886834	0.000041623457930071	0.00004161927335994984	0.00004161221614330986	0.000041600326334046863	0.00004158031486731431	0.00004154666750571066	0.0000414901480960265	0.000041395300906700516	0.000041236287914720266	0.000040969964992228486	0.00004052441290353915	0.000039780130298332415	0.00003854004412228261	0.00003648566175828281	0.00003313177050713333	0.000027868741335268236	0.000020433088782091924	0.00001223267322249294	6.23716237925323e-6	3.2722905962044625e-6	2.042969626272979e-6	1.4305747286367053e-6	8.987125289656768e-7	3.9346282785153044e-7	1.499813386145858e-7	7.936329727117062e-8	4.2784724930451896e-8	1.3541203848997331e-8	4.774708074453969e-9	2.180001696299542e-9	5.097460091415639e-10	1.7691647091612836e-10	4.17052862768281e-11	9.582990155247046e-12	1.2185177191979527e-12	2.5378957285422046e-14	3.4134459630666334e-16	3.1918540654415057e-18	4.494429917787782e-34
0.000047441861254995065	0.000047441861254995065	0.000047441861254995065	0.000047441861254995065	0.000047441861254995065	0.000047441861254995065	0.000047441861254995065	0.000047441861254995065	0.000047441861254995065	0.000047441861254995065	0.00004744186125499506	0.00004744186125499506	0.00004744186125499505	0.000047441861254995044	0.000047441861254995024	0.000047441861254995	0.000047441861254994956	0.000047441861254994875	0.00004744186125499474	0.00004744186125499451	0.00004744186125499411	0.00004744186125499343	0.00004744186125499225	0.00004744186125499023	0.00004744186125498675	0.000047441861254980746	0.00004744186125497042	0.00004744186125495264	0.000047441861254922	0.00004744186125486924	0.00004744186125477838	0.00004744186125462191	0.00004744186125435249	0.000047441861253888663	0.000047441861253090304	0.00004744186125171645	0.00004744186124935287	0.00004744186124528771	0.000047441861238298216	0.000047441861226284924	0.000047441861205644736	0.000047441861170197085	0.00004744186110934573	0.000047441861004934215	0.00004744186082587023	0.000047441860518942536	0.0000474418599931457	0.00004744185909294391	0.00004744185755270645	0.00004744185491912187	0.00004744185041920437	0.00004744184273594348	0.000047441829627333725	0.00004744180728007085	0.00004744176921419843	0.000047441704428566716	0.00004744159426409532	0.0000474414071037745	0.00004744108942666566	0.000047440550723136473	0.00004743963808457024	0.000047438093442302746	0.000047435481678037296	0.000047431069877974955	0.00004742362471163584	0.00004741107271514614	0.00004738993119594428	0.00004735435565435437	0.000047294546602019	0.0000471940872885091	0.00004702549975930508	0.00004674283960940049	0.00004626939883266796	0.00004547745715499288	0.00004415570895130861	0.00004196048380396171	0.000038360021560448006	0.00003265360990184424	0.000024410432465023067	0.000014934113341696913	7.676370145018825e-6	4.004623443626023e-6	2.492628700898553e-6	1.766011359628393e-6	1.1487060909019067e-6	5.260802240852686e-7	1.9902729156222743e-7	1.0424538123763935e-7	5.8892331916042924e-8	1.98493293001194e-8	6.7359524274036736e-9	3.2364193208834927e-9	8.095702630979041e-10	2.70193366392877e-10	7.304315752331501e-11	1.5717246917977448e-11	2.569858944224622e-12	5.60129891374166e-14	7.329431274617813e-16	6.649936648789316e-18	9.108396687810412e-34
0.000054118719909245816	0.000054118719909245816	0.000054118719909245816	0.000054118719909245816	0.000054118719909245816	0.000054118719909245816	0.000054118719909245816	0.000054118719909245816	0.000054118719909245816	0.000054118719909245816	0.00005411871990924581	0.00005411871990924581	0.0000541187199092458	0.000054118719909245795	0.000054118719909245775	0.00005411871990924575	0.0000541187199092457	0.00005411871990924562	0.00005411871990924548	0.00005411871990924523	0.00005411871990924482	0.0000541187199092441	0.000054118719909242875	0.00005411871990924076	0.000054118719909237115	0.00005411871990923084	0.00005411871990922004	0.00005411871990920143	0.00005411871990916938	0.00005411871990911418	0.00005411871990901911	0.00005411871990885539	0.00005411871990857346	0.0000541187199080881	0.00005411871990725261	0.00005411871990581478	0.00005411871990334096	0.000054118719899085886	0.00005411871989176926	0.00005411871987919261	0.000054118719857582424	0.00005411871982046499	0.00005411871975673997	0.000054118719647384205	0.00005411871945981583	0.000054118719138264515	0.00005411871858732959	0.00005411871764392952	0.0000541187160294837	0.000054118713268465	0.00005411870854979135	0.00005411870049114935	0.00005411868673863887	0.00005411866328730436	0.00005411862332906185	0.000054118555301190934	0.000054118439583880194	0.00005411824291710305	0.00005411790897104497	0.00005411734243559456	0.000054116382200331423	0.00005411475618708795	0.00005411200535330104	0.00005410735593629928	0.0000540995048691083	0.00005408625964481415	0.00005406393436604949	0.00005402633765755534	0.000053963077853346645	0.000053856727073345284	0.00005367808031939451	0.0000533782414491408	0.00005287545053495913	0.000052033312306191265	0.000050625502435524884	0.00004828182609639785	0.00004442161505142254	0.000038248001060520145	0.0000291444062754792	0.000018244149262462697	9.471978612299179e-6	4.9123443518307115e-6	3.043615785331534e-6	2.1777619465631723e-6	1.4634626675692843e-6	7.034495519337481e-7	2.651763945652701e-7	1.3680016738265339e-7	8.048329804198017e-8	2.9156934715403018e-8	9.521130756002736e-9	4.7473005658451295e-9	1.2956493518295975e-9	4.097089049699833e-10	1.2719450360790276e-10	2.5625032198159182e-11	5.290726595149652e-12	1.2520066324925548e-13	1.592255534149877e-15	1.3994363915173194e-17	1.8616682111104126e-33
0.00006180391955356673	0.00006180391955356673	0.00006180391955356673	0.00006180391955356673	0.00006180391955356673	0.00006180391955356673	0.00006180391955356673	0.00006180391955356673	0.00006180391955356673	0.00006180391955356672	0.00006180391955356672	0.00006180391955356672	0.00006180391955356672	0.0000618039195535667	0.00006180391955356669	0.00006180391955356665	0.00006180391955356661	0.00006180391955356652	0.00006180391955356638	0.00006180391955356612	0.00006180391955356569	0.00006180391955356494	0.00006180391955356366	0.00006180391955356143	0.00006180391955355763	0.00006180391955355107	0.00006180391955353976	0.0000618039195535203	0.00006180391955348679	0.00006180391955342905	0.00006180391955332962	0.00006180391955315837	0.00006180391955286346	0.00006180391955235573	0.0000618039195514817	0.00006180391954997745	0.00006180391954738918	0.00006180391954293693	0.00006180391953528065	0.00006180391952211899	0.00006180391949950147	0.00006180391946064986	0.00006180391939394004	0.00006180391927944832	0.00006180391908304486	0.00006180391874629943	0.00006180391816924241	0.00006180391718094676	0.00006180391548936511	0.00006180391259586317	0.0000618039076497251	0.00006180389920068283	0.0000618038847783678	0.00006180386017828315	0.00006180381825060538	0.0000618037468475552	0.00006180362534805116	0.00006180341877906388	0.00006180306788104107	0.00006180247233459214	0.00006180146246659997	0.00006179975156532391	0.0000617968555840587	0.00006179195804187834	0.00006178368289586826	0.00006176971297905905	0.000061746149441571	0.0000617064371011073	0.00006163956267965593	0.00006152703595601666	0.00006133783573291759	0.00006101995888829539	0.00006048632346042662	0.000059591390493552965	0.00005809300895845831	0.000055593081000250596	0.00005145965973008293	0.00004479490164004351	0.00003477933533895989	0.000022303584002855457	0.000011722380216221951	6.043541571063266e-6	3.7211416863968198e-6	2.6839242491933772e-6	1.8591435074118182e-6	9.405155108279161e-7	3.551847903361056e-7	1.7957329236537692e-7	1.093146008698355e-7	4.2893774983795874e-8	1.3521631775588278e-8	6.8948483243111785e-9	2.088930686122418e-9	6.196444666685497e-10	2.1917369755720069e-10	4.1876978264545274e-11	1.0573655175392172e-11	2.8586529995302724e-13	3.5288480766902856e-15	2.997214297439778e-17	3.863810378300206e-33
0.00007064403706534725	0.00007064403706534725	0.00007064403706534725	0.00007064403706534725	0.00007064403706534725	0.00007064403706534723	0.00007064403706534723	0.00007064403706534723	0.00007064403706534723	0.00007064403706534723	0.00007064403706534723	0.00007064403706534723	0.00007064403706534722	0.00007064403706534722	0.0000706440370653472	0.00007064403706534717	0.00007064403706534711	0.00007064403706534703	0.00007064403706534687	0.00007064403706534661	0.00007064403706534615	0.00007064403706534536	0.00007064403706534402	0.0000706440370653417	0.00007064403706533772	0.00007064403706533086	0.00007064403706531906	0.00007064403706529872	0.00007064403706526367	0.0000706440370652033	0.00007064403706509935	0.0000706440370649203	0.00007064403706461197	0.00007064403706408106	0.00007064403706316712	0.00007064403706159407	0.00007064403705888722	0.00007064403705423068	0.00007064403704622248	0.00007064403703245468	0.00007064403700879334	0.00007064403696814458	0.00007064403689834133	0.00007064403677852618	0.00007064403657296415	0.00007064403622046644	0.00007064403561632426	0.0000706440345814714	0.00007064403280988698	0.0000706440297789554	0.00007064402459681854	0.00007064401574265071	0.00007064400062512293	0.00007064397483244364	0.00007064393085966545	0.00007064385595083966	0.00007064372844369913	0.00007064351158325218	0.00007064314306102174	0.00007064251734225816	0.00007064145583463226	0.00007063965657574916	0.00007063660944596381	0.00007063145339347836	0.0000706227361863671	0.00007060801041870874	0.00007058315459429732	0.00007054123286439017	0.00007047058098890603	0.00007035159526740745	0.00007015134914306547	0.00006981457702757612	0.00006924860398414899	0.0000682982766419556	0.0000667048054360351	0.00006404080881803252	0.00005962072931081164	0.000052441281002539124	0.00004146491734790705	0.000027265078910155107	0.000014542608177158314	7.455276843713586e-6	4.554126095774891e-6	3.304722994434118e-6	2.3537530733083057e-6	1.254958012828578e-6	4.7801153517155e-7	2.3575637953342568e-7	1.4749001898082928e-7	6.294463808304205e-8	1.9302231921104477e-8	9.91410486983011e-9	3.3702666961764126e-9	9.36099577255105e-10	3.7020851151420187e-10	6.88685427823835e-11	2.0260734405242222e-11	6.621734367384101e-13	7.934381701503883e-15	6.499750952406974e-17	8.104708242754672e-33
0.000080821827095062	0.000080821827095062	0.000080821827095062	0.000080821827095062	0.000080821827095062	0.000080821827095062	0.000080821827095062	0.00008082182709506199	0.00008082182709506199	0.00008082182709506199	0.00008082182709506199	0.00008082182709506199	0.00008082182709506197	0.00008082182709506197	0.00008082182709506195	0.00008082182709506192	0.00008082182709506186	0.00008082182709506177	0.0000808218270950616	0.00008082182709506134	0.00008082182709506086	0.00008082182709506003	0.00008082182709505862	0.00008082182709505621	0.00008082182709505205	0.00008082182709504488	0.00008082182709503254	0.00008082182709501129	0.00008082182709497467	0.0000808218270949116	0.00008082182709480296	0.00008082182709461585	0.00008082182709429361	0.00008082182709373877	0.00008082182709278352	0.00008082182709113933	0.00008082182708830987	0.00008082182708344206	0.0000808218270750699	0.00008082182706067516	0.0000808218270359341	0.00008082182699342624	0.00008082182692042263	0.00008082182679509951	0.00008082182658006042	0.00008082182621126076	0.00008082182557908474	0.00008082182449603728	0.00008082182264162415	0.00008082181946838538	0.00008082181404183103	0.00008082180476800583	0.00008082178893017958	0.00008082176190159683	0.00008082171580893864	0.00008082163726519751	0.00008082150352735968	0.00008082127599007043	0.00008082088917761469	0.00008082023213513246	0.00008081911699657206	0.00008081722593463092	0.00008081402169172994	0.00008080859679734943	0.00008079941962138997	0.00008078390694181278	0.00008075770491140954	0.00008071348011449205	0.00008063888788746587	0.0000805131596440713	0.00008030137370686377	0.00007994484524754549	0.00007934503275564792	0.00007833669244763405	0.00007664357476461251	0.0000738076209023255	0.00006908734659882784	0.00006136985393305591	0.00004938634298839081	0.00003331915588861826	0.000018084313785369912	9.224460437369515e-6	5.580701581298925e-6	4.0662468633674806e-6	2.9702861042178198e-6	1.6696811680570038e-6	6.466559044660344e-7	3.0982512262784623e-7	1.9782164034829635e-7	9.191825615261264e-8	2.775435937843954e-8	1.4138290735838385e-8	5.414747692973881e-9	1.4183404756037153e-9	6.111605470684915e-10	1.1484210748611517e-10	3.718463911758348e-11	1.560742833276285e-12	1.8177461401343712e-14	1.432690945911209e-16	1.7239802424218944e-32
0.000092553382090491	0.000092553382090491	0.000092553382090491	0.000092553382090491	0.000092553382090491	0.000092553382090491	0.000092553382090491	0.000092553382090491	0.000092553382090491	0.000092553382090491	0.000092553382090491	0.000092553382090491	0.00009255338209049098	0.00009255338209049097	0.00009255338209049095	0.00009255338209049091	0.00009255338209049086	0.00009255338209049076	0.00009255338209049059	0.0000925533820904903	0.0000925533820904898	0.00009255338209048895	0.00009255338209048748	0.00009255338209048496	0.00009255338209048061	0.00009255338209047313	0.00009255338209046024	0.00009255338209043803	0.0000925533820903998	0.00009255338209033392	0.00009255338209022046	0.00009255338209002502	0.00009255338208968845	0.00009255338208910888	0.00009255338208811102	0.00009255338208639337	0.00009255338208343734	0.00009255338207835143	0.00009255338206960347	0.00009255338205456139	0.0000925533820287054	0.00009255338198427766	0.00009255338190796876	0.00009255338177695653	0.00009255338155212767	0.0000925533811664862	0.00009255338050534433	0.00009255337937249324	0.00009255337743247333	0.0000925533741121308	0.00009255336843287653	0.00009255335872509139	0.00009255334214226507	0.0000925533138351122	0.00009255326554886391	0.00009255318324284141	0.00009255304305417465	0.00009255280445947107	0.00009255239869862654	0.00009255170919375681	0.00009255053845339872	0.00009254855217542823	0.00009254518490577517	0.00009253948091638033	0.000092529825982072	0.00009251349550090527	0.00009248589358387792	0.0000924392723459556	0.00009236057719530741	0.00009222782310440455	0.00009200400311719518	0.00009162685545680268	0.00009099169638100513	0.00008992271140722977	0.00008812536137717078	0.00008510950523570303	0.0000800754290997684	0.00007179673023953852	0.00005876226882047996	0.00004069339505771529	0.00002254064552329854	0.000011452169352067097	6.849740916911516e-6	5.001026291747091e-6	3.7371377115674734e-6	2.2132343203939447e-6	8.79579559503918e-7	4.0796939075829436e-7	2.6398092555266934e-7	1.33265186636513e-7	4.0280257021865064e-8	2.003392441019218e-8	8.616277596125287e-9	2.1650636789414138e-9	9.858601266889676e-10	1.9555356824648008e-10	6.558364944096684e-11	3.7407855508158555e-12	4.255153537254385e-14	3.2181145080719293e-16	3.727408581049742e-32
0.00010604684154322124	0.00010604684154322124	0.00010604684154322124	0.00010604684154322124	0.00010604684154322124	0.00010604684154322124	0.00010604684154322124	0.00010604684154322124	0.00010604684154322124	0.00010604684154322124	0.00010604684154322124	0.00010604684154322124	0.00010604684154322122	0.00010604684154322121	0.0001060468415432212	0.00010604684154322116	0.0001060468415432211	0.000106046841543221	0.00010604684154322082	0.00010604684154322052	0.00010604684154322	0.00010604684154321911	0.00010604684154321758	0.00010604684154321494	0.00010604684154321041	0.00010604684154320259	0.00010604684154318913	0.00010604684154316597	0.00010604684154312604	0.00010604684154305729	0.00010604684154293886	0.00010604684154273485	0.00010604684154238352	0.00010604684154177848	0.00010604684154073675	0.00010604684153894348	0.0001060468415358571	0.00010604684153054658	0.00010604684152141163	0.00010604684150570286	0.00010604684147869854	0.00010604684143229322	0.00010604684135257942	0.00010604684121570608	0.00010604684098079045	0.0001060468405777943	0.00010604683988680088	0.00010604683870261645	0.00010604683667434774	0.00010604683320233782	0.00010604682726250003	0.00010604681710713446	0.00010604679975577271	0.00010604677012937467	0.00010604671957922511	0.0001060466333893517	0.00010604648653959912	0.00010604623652371981	0.00010604581118490797	0.00010604508812753647	0.00010604385989691653	0.00010604177512960435	0.00010603823915592723	0.00010603224621798546	0.00010602209641027735	0.00010600491837470193	0.00010597586480136088	0.00010592675695940068	0.00010584380169160669	0.00010570374741629972	0.0001054674141231727	0.00010506880929221446	0.0001043968376838547	0.00010326464422377934	0.00010135858756554896	0.00009815506971340043	0.00009279392098768068	0.00008393169699221898	0.0000698061478068688	0.000049616530462108525	0.00002812533958208662	0.000014255953969129387	8.416117201425059e-6	6.144065466070175e-6	4.684517533650553e-6	2.916508433465439e-6	1.2003729106962117e-6	5.379575159528721e-7	3.502239497860675e-7	1.909965736560019e-7	5.892316279524473e-8	2.8196839915835424e-8	1.3468734765765365e-8	3.3325995017628188e-9	1.5515175719142845e-9	3.3947802523890257e-10	1.1137197340004757e-10	8.958614477920167e-12	1.0071221410985027e-13	7.295749406159419e-16	8.119508311377305e-32
0.00012165048415398172	0.00012165048415398172	0.00012165048415398172	0.00012165048415398172	0.00012165048415398172	0.00012165048415398172	0.00012165048415398172	0.00012165048415398172	0.00012165048415398172	0.00012165048415398172	0.00012165048415398172	0.00012165048415398172	0.0001216504841539817	0.00012165048415398169	0.00012165048415398168	0.00012165048415398164	0.00012165048415398157	0.00012165048415398146	0.00012165048415398129	0.00012165048415398097	0.00012165048415398043	0.0001216504841539795	0.0001216504841539779	0.00012165048415397515	0.00012165048415397042	0.00012165048415396227	0.00012165048415394823	0.00012165048415392407	0.00012165048415388242	0.0001216504841538107	0.00012165048415368716	0.00012165048415347434	0.0001216504841531078	0.00012165048415247658	0.0001216504841513897	0.0001216504841495186	0.00012165048414629813	0.00012165048414075647	0.00012165048413122329	0.0001216504841148284	0.00012165048408664221	0.00012165048403820141	0.0001216504839549827	0.00012165048381207552	0.00012165048356677477	0.0001216504831459086	0.00012165048242417335	0.00012165048118711763	0.00012165047906794288	0.00012165047543967392	0.00012165046923131742	0.00012165045861465586	0.00012165044047104809	0.00012165040948440656	0.0001216503565994483	0.00012165026640305358	0.00012165011267992518	0.00012164985087535145	0.00012164940532204883	0.0001216486476092187	0.00012164735997612799	0.0001216451734022198	0.00012164146296596115	0.00012163517107545206	0.00012162450900071542	0.00012160645314210397	0.00012157589518800558	0.00012152420880750296	0.00012143683295294583	0.00012128919808215891	0.00012103986097244424	0.0001206189401516234	0.00011990865145700517	0.00011871061432192832	0.00011669124548758225	0.00011329206944173975	0.00010759017988290433	0.00009812166640336476	0.00008286610465730413	0.00006044806125784775	0.00003517433413680113	0.000017827308728236908	0.000010369209186482122	7.551658780480554e-6	5.860465122324007e-6	3.826771951920555e-6	1.647680056164444e-6	7.128752525089908e-7	4.6338403883241056e-7	2.7123111012165487e-7	8.736294667950143e-8	3.963015869939607e-8	2.0736909303821232e-8	5.228112237273706e-9	2.4036724167585305e-9	6.062770777573307e-10	1.8494740606187896e-10	2.1708274736334384e-11	2.4738084083212835e-13	1.70912636977897e-15	1.8200969763085553e-31
0.0001396211826070636	0.0001396211826070636	0.0001396211826070636	0.0001396211826070636	0.0001396211826070636	0.0001396211826070636	0.0001396211826070636	0.0001396211826070636	0.0001396211826070636	0.0001396211826070636	0.0001396211826070636	0.0001396211826070636	0.00013962118260706357	0.00013962118260706357	0.00013962118260706354	0.00013962118260706351	0.00013962118260706343	0.00013962118260706332	0.00013962118260706313	0.0001396211826070628	0.00013962118260706224	0.00013962118260706126	0.0001396211826070596	0.00013962118260705674	0.0001396211826070518	0.00013962118260704332	0.00013962118260702868	0.00013962118260700348	0.00013962118260696008	0.00013962118260688533	0.00013962118260675652	0.00013962118260653467	0.00013962118260615254	0.00013962118260549446	0.00013962118260436128	0.00013962118260241036	0.0001396211825990523	0.00013962118259327355	0.0001396211825833318	0.00013962118256623298	0.00013962118253683413	0.00013962118248630467	0.00013962118239948919	0.00013962118225038946	0.0001396211819944294	0.00013962118155521944	0.00013962118080192357	0.00013962117951058146	0.00013962117729805453	0.00013962117350929757	0.00013962116702511	0.00013962115593450615	0.0001396211369767764	0.00013962110459204017	0.0001396210493067617	0.00013962095499042316	0.00013962079419747357	0.00013962052026381884	0.00013962005390594868	0.0001396192605141843	0.00013961791170234063	0.00013961562023700252	0.00013961172997681228	0.00013960512980834683	0.00013959393923187134	0.00013957497725994715	0.0001395428655765963	0.00013948851448248936	0.0001393965673865648	0.00013924108824649834	0.00013897828531286467	0.0001385342381958504	0.0001377842103415123	0.00013651783431443165	0.00013438078463463206	0.00013077835403423779	0.00012472274219156842	0.00011462650848014621	0.0000982060732393348	0.00007347251694078817	0.000043995505038279035	0.000022360969888366183	0.000012796077147839006	9.274646708394303e-6	7.307399406115325e-6	4.986492458123905e-6	2.264497126683153e-6	9.478691860306374e-7	6.104073739705988e-7	3.800533866156025e-7	1.3052228652112385e-7	5.5528136138273863e-8	3.1249184882966834e-8	8.328116323581319e-9	3.6587592848663953e-9	1.0917669911368188e-9	3.004342325079356e-10	5.0967378834545194e-11	6.158944406795831e-13	4.050643601049045e-15	4.119051628782783e-31
0.00016033503123941554	0.00016033503123941554	0.00016033503123941554	0.00016033503123941554	0.00016033503123941554	0.00016033503123941554	0.00016033503123941554	0.00016033503123941554	0.00016033503123941554	0.00016033503123941554	0.00016033503123941554	0.00016033503123941554	0.00016033503123941552	0.00016033503123941552	0.0001603350312394155	0.00016033503123941546	0.00016033503123941538	0.00016033503123941527	0.00016033503123941508	0.00016033503123941473	0.00016033503123941413	0.00016033503123941313	0.0001603350312394114	0.00016033503123940841	0.00016033503123940326	0.00016033503123939443	0.0001603350312393792	0.00016033503123935293	0.00016033503123930772	0.00016033503123922985	0.00016033503123909568	0.00016033503123886458	0.0001603350312384665	0.0001603350312377809	0.0001603350312366003	0.00016033503123456764	0.00016033503123106873	0.00016033503122504718	0.00016033503121468706	0.00016033503119686733	0.0001603350311662265	0.00016033503111355778	0.00016033503102305807	0.00016033503086761467	0.00016033503060073405	0.0001603350301427287	0.00016033502935709158	0.00016033502801011322	0.00016033502570189976	0.00016033502174861726	0.0001603350149816137	0.00016033500340498067	0.0001603349836122081	0.00016033494979315573	0.00016033489204482317	0.00016033479349984782	0.00016033462544867534	0.0001603343390592225	0.00016033385132990428	0.00016033302127503723	0.0001603316095747124	0.00016032921024556075	0.00016032513498983434	0.0001603182175375643	0.0001603064827618005	0.0001602865872873604	0.0001602528740340926	0.00016019577456795545	0.00016009910976451548	0.00015993552962082047	0.00015965881032545845	0.00015919084544759445	0.00015839968712428787	0.00015706252680502625	0.00015480350739362485	0.0001509903525973188	0.00014456824724461476	0.00013382334052156687	0.00011620541816151464	0.00008908561847300808	0.00005501196851414792	0.00002814002787812	0.00001582404005076844	0.000011385835701032939	9.085260468665882e-6	6.453962286155888e-6	3.1118936686013385e-6	1.2663413618802386e-6	8.013613989135441e-7	5.258875947691426e-7	1.9614179601034115e-7	7.776455992158184e-8	4.618013684370251e-8	1.3481697700190706e-8	5.497730770203036e-9	1.9549434424328956e-9	4.817563649959612e-10	1.1380609652077996e-10	1.5618185565149608e-12	9.756901052488606e-15	9.449229352956378e-31
0.00018431797317203374	0.00018431797317203374	0.00018431797317203374	0.00018431797317203374	0.00018431797317203374	0.00018431797317203374	0.00018431797317203374	0.00018431797317203374	0.00018431797317203374	0.00018431797317203374	0.00018431797317203374	0.00018431797317203374	0.00018431797317203374	0.0001843179731720337	0.00018431797317203368	0.00018431797317203366	0.00018431797317203358	0.00018431797317203347	0.00018431797317203325	0.0001843179731720329	0.00018431797317203228	0.00018431797317203122	0.00018431797317202943	0.0001843179731720263	0.00018431797317202097	0.00018431797317201176	0.0001843179731719959	0.00018431797317196858	0.00018431797317192152	0.00018431797317184045	0.00018431797317170078	0.00018431797317146022	0.00018431797317104581	0.00018431797317033208	0.000184317973169103	0.00018431797316698678	0.00018431797316334375	0.00018431797315707392	0.00018431797314628583	0.00018431797312772868	0.00018431797309581736	0.00018431797304096	0.00018431797294669083	0.0001843179727847564	0.00018431797250670044	0.0001843179720294592	0.000184317971210719	0.00018431796980678667	0.00018431796740060684	0.00018431796327885363	0.00018431795622220543	0.00018431794414772065	0.00018431792349943006	0.00018431788821058923	0.00018431782793772538	0.0001843177250575223	0.00018431754956322902	0.0001843172503970778	0.0001843167407390478	0.00018431587305273582	0.00018431439678005555	0.00018431188665672104	0.00018430762130149675	0.00018430037766745157	0.0001842880831646391	0.00018426722706137746	0.00018423186479593406	0.0001841719338850599	0.00018407040573189355	0.00018389846892590347	0.0001836073839545874	0.00018311471078946516	0.00018228103012881398	0.00018087063508443566	0.00017848534074173627	0.00017445395030197516	0.0001676524932022839	0.00015623789728019265	0.00013739097842671946	0.00010782828936305631	0.00006880475890107859	0.00003558259009550136	0.000019642267996598335	0.000013989798303945145	0.000011278670418610539	8.310203084372652e-6	4.277417931679864e-6	1.7059657658735458e-6	1.0512254249675305e-6	7.207855281335941e-7	2.964852568134035e-7	1.0945493644998935e-7	6.72778754163618e-8	2.2225990287550563e-8	8.219496446546242e-9	3.4487638375041402e-9	7.734920152948667e-10	2.4000284460363723e-10	4.1321510498548634e-12	2.4418211781146172e-14	2.2406886341161855e-30
0.0002120002946470187	0.0002120002946470187	0.0002120002946470187	0.0002120002946470187	0.0002120002946470187	0.0002120002946470187	0.0002120002946470187	0.0002120002946470187	0.0002120002946470187	0.0002120002946470187	0.0002120002946470187	0.00021200029464701867	0.00021200029464701867	0.00021200029464701867	0.00021200029464701865	0.0002120002946470186	0.0002120002946470185	0.0002120002946470184	0.00021200029464701819	0.0002120002946470178	0.00021200029464701718	0.00021200029464701607	0.0002120002946470142	0.00021200029464701098	0.0002120002946470054	0.00021200029464699582	0.00021200029464697932	0.0002120002946469509	0.00021200029464690196	0.00021200029464681764	0.0002120002946466724	0.00021200029464642217	0.00021200029464599112	0.00021200029464524871	0.0002120002946439702	0.0002120002946417687	0.00021200029463797876	0.00021200029463145566	0.00021200029462023105	0.00021200029460092173	0.0002120002945677144	0.00021200029451062441	0.00021200029441250954	0.0002120002942439523	0.00021200029395449313	0.0002120002934576217	0.00021200029260509616	0.00021200029114302896	0.00021200028863683845	0.00021200028434307448	0.00021200027699064955	0.00021200026440768753	0.00021200024288546115	0.00021200020609489406	0.00021200014324209267	0.0002120000359304954	0.00021199985282608003	0.00021199954059304392	0.0002119990085017422	0.0002119981023060546	0.0002119965599322484	0.0002119939363503342	0.00021198947624775292	0.00021198189831593542	0.0002119690298989979	0.00021194718833911718	0.00021191013355980094	0.00021184729488746883	0.00021174076932561418	0.0002115602400608015	0.0002112543741427198	0.0002107362605512623	0.00020985876569657464	0.00020837285658500165	0.0002058572737698537	0.0002016006298147825	0.0001944077897548245	0.00018230390615749033	0.0001621996210228917	0.0001301538271657378	0.00008590522173195331	0.00004513848657611489	0.0000244551187199623	0.00001718993163069663	0.00001396786355722441	0.000010631760332042625	5.852196797445631e-6	2.314772537838652e-6	1.3765887263259542e-6	9.77323724812355e-7	4.4631651467972615e-7	1.5485806292484818e-7	9.654120455987056e-8	3.673527283496277e-8	1.2233732849519465e-8	5.877357237253851e-9	1.2498879149167739e-9	4.680282682612629e-10	1.1155631752640695e-11	6.234268961507977e-14	5.403378629329545e-30
0.00024397609814556944	0.00024397609814556944	0.00024397609814556944	0.00024397609814556944	0.00024397609814556944	0.00024397609814556944	0.00024397609814556944	0.00024397609814556944	0.00024397609814556944	0.00024397609814556944	0.00024397609814556944	0.00024397609814556944	0.00024397609814556944	0.0002439760981455694	0.00024397609814556939	0.00024397609814556933	0.00024397609814556928	0.00024397609814556914	0.0002439760981455689	0.00024397609814556852	0.00024397609814556787	0.00024397609814556673	0.00024397609814556478	0.00024397609814556142	0.00024397609814555564	0.00024397609814554567	0.00024397609814552854	0.000243976098145499	0.00024397609814544815	0.00024397609814536051	0.00024397609814520957	0.0002439760981449495	0.00024397609814450153	0.00024397609814372993	0.00024397609814240108	0.0002439760981401128	0.0002439760981361733	0.0002439760981293924	0.0002439760981177235	0.0002439760980976485	0.0002439760980631218	0.0002439760980037587	0.00024397609790172825	0.0002439760977264273	0.00024397609742535562	0.00024397609690849175	0.00024397609602155377	0.00024397609450026557	0.00024397609189218293	0.0002439760874231477	0.00024397607976929395	0.00024397606666805296	0.00024397604425488572	0.00024397600593307667	0.00024397594044908225	0.00024397582861703337	0.00024397563774766423	0.00024397531217838512	0.00024397475718487225	0.00024397381166277267	0.00024397220176309385	0.00024396946223587284	0.0002439648030413217	0.00024395688321312913	0.00024394342757720147	0.00024392057723640132	0.00024388178900253534	0.00024381597061179098	0.00024370432099995616	0.0002435149760919842	0.00024319393538839622	0.0002426496855749822	0.00024172714630525406	0.00024016354789252535	0.000237513837937367	0.00023302521293884124	0.00022542943236572552	0.00021261745209673344	0.00019122925489397573	0.0001566718765158329	0.00010700186723663422	0.000057434068538068144	0.00003055759898409054	0.00002113079083171263	0.000017262525946450276	0.000013522009757923738	7.953815338646436e-6	3.1668655818660104e-6	1.8015293927867186e-6	1.3128677927005956e-6	6.653938396521364e-7	2.2106028733263175e-7	1.3684041656623284e-7	6.016380444673747e-8	1.8229489323815165e-8	9.652288991020224e-9	2.0595947480267637e-9	8.508899860028506e-10	3.075535414972121e-11	1.6307430448038856e-13	1.3300404720665273e-29
0.00028093949412972283	0.00028093949412972283	0.00028093949412972283	0.00028093949412972283	0.00028093949412972283	0.00028093949412972283	0.00028093949412972283	0.00028093949412972283	0.00028093949412972283	0.00028093949412972283	0.00028093949412972283	0.00028093949412972283	0.00028093949412972283	0.00028093949412972283	0.0002809394941297228	0.0002809394941297227	0.00028093949412972267	0.0002809394941297225	0.0002809394941297223	0.0002809394941297219	0.0002809394941297212	0.00028093949412972	0.000280939494129718	0.0002809394941297145	0.0002809394941297085	0.00028093949412969817	0.0002809394941296804	0.0002809394941296497	0.0002809394941295969	0.0002809394941295059	0.00028093949412934916	0.00028093949412907914	0.00028093949412861396	0.0002809394941278127	0.0002809394941264327	0.0002809394941240563	0.0002809394941199649	0.00028093949411292214	0.0002809394941008019	0.000280939494079949	0.00028093949404408186	0.0002809394939824093	0.00028093949387640024	0.00028093949369424647	0.0002809394933813735	0.00028093949284419017	0.000280939491922273	0.0002809394903407818	0.0002809394876291044	0.00028093948298184485	0.0002809394750214383	0.0002809394613930237	0.00028093943807346776	0.0002809393981935743	0.00028093933003171665	0.00028093921359802286	0.00028093901482235034	0.0002809386756705715	0.00028093809734548497	0.0002809371117477139	0.0002809354330134637	0.0002809325752527866	0.00028092771296139336	0.00028091944421926215	0.00028090538905299416	0.00028088150830523343	0.000280840948578355	0.0002807720834710224	0.00028065519163870224	0.0002804568223687736	0.0002801202377366132	0.000279549198049462	0.0002785804559585329	0.00027693711517508545	0.00027414964613907807	0.00026942265847255676	0.0002614129458766846	0.0002478749720551544	0.00022517807251245628	0.00018808992220165112	0.00013288596204345584	0.00007326908572849464	0.000038346769832698106	0.000025996697876633286	0.00002129730534452192	0.00001710673256920346	0.000010721120206909948	4.370962049606667e-6	2.3591523468877277e-6	1.74964251656506e-6	9.778914702708335e-7	3.1968641867506504e-7	1.9209015419557805e-7	9.659122300457477e-8	2.73830403491408e-8	1.53283522874762e-8	3.5081599901489684e-9	1.4632155732126816e-9	8.615308890394931e-11	4.3892295466804167e-13	3.354342461199633e-29
0.00032370123386427335	0.00032370123386427335	0.00032370123386427335	0.00032370123386427335	0.00032370123386427335	0.00032370123386427335	0.00032370123386427335	0.00032370123386427335	0.00032370123386427335	0.00032370123386427335	0.00032370123386427335	0.00032370123386427335	0.0003237012338642733	0.0003237012338642733	0.0003237012338642733	0.00032370123386427324	0.00032370123386427313	0.00032370123386427297	0.00032370123386427275	0.0003237012338642723	0.0003237012338642716	0.0003237012338642704	0.0003237012338642683	0.0003237012338642647	0.00032370123386425844	0.0003237012338642477	0.0003237012338642293	0.00032370123386419745	0.00032370123386414265	0.00032370123386404827	0.00032370123386388564	0.0003237012338636055	0.0003237012338631229	0.0003237012338622916	0.0003237012338608598	0.00032370123385839404	0.00032370123385414863	0.0003237012338468404	0.00032370123383426263	0.00032370123381262114	0.0003237012337753951	0.00032370123371138095	0.0003237012336013378	0.00032370123341223504	0.0003237012330873942	0.00032370123252960264	0.00032370123157220566	0.0003237012299296429	0.00032370122711286337	0.00032370122228476223	0.00032370121401325647	0.00032370119984976605	0.00032370117561007913	0.00032370113414818786	0.0003237010632668278	0.00032370094215893334	0.0003237007353504337	0.0003237003823953394	0.00032369978035296307	0.0003236987540051177	0.0003236970052559442	0.0003236940271937421	0.00032368895817789926	0.00032368033415088623	0.0003236656682511219	0.00032364073736968445	0.0003235983713663799	0.0003235263981227521	0.0003234041554601564	0.00032319656949696867	0.0003228440998812991	0.00032224566480712247	0.0003212296439171968	0.00031950464870579613	0.00031657602871304176	0.0003116047012419927	0.00030317073037209436	0.0002888899193681106	0.0002648612816391633	0.00022523008166357665	0.00016445985429626707	0.00009364662853188762	0.00004836123697877572	0.0000320248871208538	0.000026237787554890497	0.000021539095364918143	0.000014316523265830398	6.0841909710045e-6	3.0959150253705647e-6	2.316149688894118e-6	1.412720127401645e-6	4.7008495610058687e-7	2.676912680264427e-7	1.510266803500724e-7	4.181550749790914e-8	2.3678983539733253e-8	6.223214151440074e-9	2.415518087033429e-9	2.4089876615589324e-10	1.220986765193174e-12	8.700759350732713e-29
0.0003732071488210322	0.0003732071488210322	0.0003732071488210322	0.0003732071488210322	0.0003732071488210322	0.0003732071488210322	0.0003732071488210322	0.0003732071488210322	0.0003732071488210322	0.0003732071488210322	0.0003732071488210322	0.0003732071488210321	0.0003732071488210321	0.0003732071488210321	0.00037320714882103207	0.000373207148821032	0.00037320714882103196	0.0003732071488210318	0.0003732071488210316	0.00037320714882103115	0.0003732071488210304	0.00037320714882102914	0.0003732071488210269	0.0003732071488210232	0.00037320714882101673	0.0003732071488210056	0.0003732071488209865	0.0003732071488209535	0.0003732071488208967	0.00037320714882079886	0.0003732071488206303	0.0003732071488203399	0.0003732071488198397	0.000373207148818978	0.0003732071488174938	0.0003732071488149377	0.00037320714881053656	0.00037320714880295983	0.00037320714878991915	0.00037320714876748	0.0003732071487288792	0.0003732071486624961	0.0003732071485483715	0.00037320714835223763	0.00037320714801528635	0.00037320714743663947	0.0003732071464433335	0.00037320714473895386	0.00037320714181577675	0.0003732071368045816	0.00037320712821805766	0.00037320711351266885	0.00037320708834096526	0.0003732070452763546	0.0003732069716393395	0.00037320684579411753	0.00037320663084246746	0.0003732062638910746	0.00037320563779349455	0.00037320457010327804	0.0003732027502998485	0.000373199650110174	0.0003731943711580523	0.00037318538618928937	0.0003731700995792549	0.00037314410094377185	0.0003730998974991638	0.0003730247609173838	0.0003728970695019223	0.00037268009288863614	0.00037231142883478626	0.00037168504721451194	0.00037062076503478216	0.0003688123638630459	0.0003657394759226349	0.0003605182974539289	0.0003516505131720954	0.0003366112349347303	0.00031122965177028255	0.00026904796390213315	0.0002027480766446474	0.00011979495312566125	0.00006133539812852366	0.00003952392046937771	0.000032287933184413957	0.00002700551801965348	0.000018930380277967312	8.5268166908274e-6	4.078575767926073e-6	3.049021070876593e-6	2.0046995508629905e-6	7.042180864898876e-7	3.7122741529070935e-7	2.2966604889103358e-7	6.550558508192713e-8	3.579928571715069e-8	1.1390771799843935e-8	3.875836967453652e-9	6.472524144069222e-10	3.5260792041221562e-12	2.3302909920122134e-28
0.0004305576208545599	0.0004305576208545599	0.0004305576208545599	0.0004305576208545599	0.0004305576208545599	0.0004305576208545599	0.0004305576208545599	0.0004305576208545599	0.0004305576208545599	0.0004305576208545599	0.0004305576208545599	0.0004305576208545599	0.00043055762085455985	0.00043055762085455985	0.00043055762085455985	0.0004305576208545598	0.0004305576208545597	0.0004305576208545595	0.00043055762085455926	0.0004305576208545588	0.00043055762085455806	0.00043055762085455676	0.0004305576208545545	0.0004305576208545506	0.0004305576208545439	0.0004305576208545324	0.0004305576208545126	0.00043055762085447843	0.0004305576208544196	0.0004305576208543183	0.0004305576208541438	0.0004305576208538431	0.000430557620853325	0.00043055762085243265	0.0004305576208508955	0.0004305576208482483	0.0004305576208436899	0.0004305576208358422	0.0004305576208223345	0.0004305576207990902	0.0004305576207591018	0.00043055762069032756	0.00043055762057208274	0.0004305576203688507	0.0004305576200196726	0.0004305576194199679	0.00043055761839040104	0.000430557616623592	0.000430557613592951	0.00043055760839680394	0.0004305575994920217	0.00043055758423908016	0.00043055755812548445	0.00043055751344089226	0.00043055743701802006	0.00043055730638257863	0.00043055708319505857	0.0004305567020846558	0.00043055605164602233	0.00043055494211065727	0.00043055305036756106	0.0004305498264892194	0.0004305443348443211	0.0004305349840600926	0.0004305190681104022	0.00043049198641937714	0.00043044591836069365	0.0004303675701142182	0.00043023434386961696	0.00043000782307075174	0.00042962269034512574	0.0004289678717920827	0.0004278544507026074	0.00042596107287404446	0.0004227411109495865	0.0004172651004104572	0.00040795483092306216	0.00039214284833834526	0.00036538909390185687	0.00032065273649634307	0.0002489120143659913	0.0001531735707283417	0.00007827119224023341	0.00004889973990109279	0.0000396992652973558	0.00003373241383382787	0.000024787685837385536	0.000011992893155254218	5.405543711860325e-6	3.995463524750996e-6	2.7966907407409193e-6	1.0727448612403248e-6	5.136275723876813e-7	3.404758146149745e-7	1.0590593160009393e-7	5.3253691295368554e-8	2.0905248536017934e-8	6.108340105588782e-9	1.591433247767888e-9	1.0616151110968627e-11	6.468968335796026e-28
0.0004970262196724275	0.0004970262196724275	0.0004970262196724275	0.0004970262196724275	0.0004970262196724275	0.0004970262196724275	0.0004970262196724275	0.0004970262196724275	0.0004970262196724275	0.0004970262196724275	0.0004970262196724275	0.0004970262196724275	0.0004970262196724275	0.0004970262196724275	0.0004970262196724275	0.0004970262196724274	0.0004970262196724273	0.0004970262196724272	0.0004970262196724269	0.0004970262196724264	0.0004970262196724257	0.0004970262196724243	0.000497026219672422	0.000497026219672418	0.000497026219672411	0.0004970262196723991	0.0004970262196723786	0.0004970262196723433	0.0004970262196722824	0.0004970262196721776	0.0004970262196719971	0.0004970262196716859	0.00049702621967115	0.0004970262196702267	0.0004970262196686364	0.0004970262196658973	0.0004970262196611807	0.0004970262196530601	0.000497026219639082	0.000497026219615027	0.0004970262195736414	0.0004970262195024591	0.0004970262193800649	0.0004970262191696839	0.0004970262188081903	0.0004970262181872736	0.0004970262171211769	0.0004970262152914689	0.000497026212152544	0.0004970262067700111	0.0004970261975444613	0.0004970261817395711	0.0004970261546763747	0.0004970261083582695	0.0004970260291257605	0.0004970258936582645	0.0004970256621611863	0.0004970252667618244	0.0004970245917526747	0.0004970234399664597	0.000497021475565431	0.0004970181267249748	0.000497012420126404	0.0004970026995067909	0.0004969861470594109	0.0004969579695478746	0.0004969100140771273	0.0004968284133889077	0.0004966895792748456	0.0004964533832793351	0.0004960515465941832	0.0004953678681004237	0.0004942045470946602	0.0004922248236746032	0.0004888553298850155	0.0004831201030557272	0.00047335967804321323	0.0004567623447713475	0.00042861940610675617	0.00038132644761036444	0.0003042671561077051	0.000195457864099933	0.00010052623577297495	0.000060692618064785794	0.00004878203624387948	0.00004199357508357183	0.00003215638619533321	0.000016849907266609053	7.225419826774924e-6	5.216511492582472e-6	3.842316264531635e-6	1.649520404722749e-6	7.112227177284489e-7	4.939593242109209e-7	1.7603668526307705e-7	7.831504110816906e-8	3.7239054035665795e-8	9.55701150490728e-9	3.477535311113778e-9	3.342550578317822e-11	1.8676576483126168e-27
0.0005740735192314638	0.0005740735192314638	0.0005740735192314638	0.0005740735192314638	0.0005740735192314638	0.0005740735192314638	0.0005740735192314638	0.0005740735192314638	0.0005740735192314638	0.0005740735192314638	0.0005740735192314638	0.0005740735192314638	0.0005740735192314638	0.0005740735192314638	0.0005740735192314637	0.0005740735192314637	0.0005740735192314636	0.0005740735192314635	0.0005740735192314632	0.0005740735192314628	0.0005740735192314619	0.0005740735192314605	0.0005740735192314581	0.0005740735192314539	0.0005740735192314467	0.0005740735192314345	0.0005740735192314132	0.0005740735192313768	0.0005740735192313139	0.0005740735192312056	0.0005740735192310189	0.0005740735192306973	0.0005740735192301434	0.0005740735192291891	0.0005740735192275452	0.000574073519224714	0.0005740735192198384	0.0005740735192114437	0.0005740735191969933	0.0005740735191721239	0.0005740735191293347	0.0005740735190557333	0.0005740735189291706	0.000574073518711607	0.0005740735183377394	0.0005740735176955077	0.0005740735165927008	0.0005740735146997777	0.0005740735114520126	0.0005740735058821144	0.000574073496334071	0.0005740734799741862	0.0005740734519560062	0.0005740734039948624	0.0005740733219358398	0.0005740731816063439	0.0005740729417465027	0.0005740725319635173	0.0005740718322151916	0.0005740706378771952	0.0005740686002805197	0.0005740651255157949	0.0005740592022393784	0.0005740491086903618	0.00057403191418507	0.0005740026308468219	0.0005739527699321372	0.0005738678842644025	0.0005737233834943688	0.000573477405969637	0.0005730586727992275	0.0005723457855118348	0.0005711319322484213	0.0005690647175440729	0.0005655436207214707	0.0005595454589435837	0.0005493283330674818	0.0005319348084308123	0.0005023881916464074	0.0004525385329379526	0.0003702988523662037	0.0002485021453842582	0.0001299069937745399	0.00007562885939948378	0.00005991830266375865	0.00005211749261793416	0.000041355806711826666	0.000023523928406873618	9.766328021410049e-6	6.791369072026201e-6	5.208785836738157e-6	2.529894452301404e-6	9.895527068562825e-7	7.039813212164934e-7	2.9551210739262306e-7	1.1439948926909695e-7	6.322068007915345e-8	1.505228084927731e-8	6.768515489245878e-9	1.0998402209782032e-10	5.618317337040568e-27
0.0006633479634184781	0.0006633479634184781	0.0006633479634184781	0.0006633479634184781	0.0006633479634184781	0.0006633479634184781	0.0006633479634184781	0.0006633479634184781	0.0006633479634184781	0.0006633479634184781	0.0006633479634184781	0.0006633479634184781	0.0006633479634184781	0.0006633479634184781	0.0006633479634184781	0.000663347963418478	0.0006633479634184779	0.0006633479634184778	0.0006633479634184775	0.0006633479634184769	0.0006633479634184762	0.0006633479634184747	0.0006633479634184722	0.0006633479634184679	0.0006633479634184605	0.0006633479634184478	0.0006633479634184259	0.0006633479634183883	0.0006633479634183233	0.0006633479634182114	0.0006633479634180188	0.0006633479634176867	0.0006633479634171148	0.0006633479634161293	0.0006633479634144319	0.0006633479634115082	0.0006633479634064734	0.0006633479633978042	0.0006633479633828804	0.0006633479633571952	0.0006633479633129996	0.0006633479632369743	0.0006633479631062345	0.0006633479628814732	0.0006633479624952046	0.0006633479618316102	0.0006633479606920077	0.000663347958735716	0.0006633479553788358	0.0006633479496210784	0.0006633479397496518	0.0006633479228331683	0.0006633478938571077	0.0006633478442476859	0.0006633477593526589	0.0006633476141439515	0.0006633473658900957	0.0006633469416666757	0.000663346217075778	0.0006633449799976324	0.000663342868861806	0.0006633392675457804	0.0006633331264459501	0.000663322657872707	0.0006633048174758523	0.0006632744212899172	0.0006632226420643284	0.0006631344478221561	0.0006629842371067475	0.0006627283985992159	0.0006622926230814567	0.0006615502592324803	0.0006602853823726027	0.0006581297759382383	0.000654455430979995	0.0006481913519363476	0.000637512233046992	0.0006193137122140086	0.0005883518167136562	0.0005359473145941029	0.000448667531870951	0.0003142868316019735	0.0001687357820739559	0.00009468963572610108	0.00007357588164076013	0.0000644928519940177	0.000052762798872116354	0.0000324766226932816	0.000013378051888481907	8.823128613149382e-6	6.979337345736735e-6	3.821730200209296e-6	1.3904437277004579e-6	9.886083086505541e-7	4.886010942061084e-7	1.6693188685624775e-7	1.0221845893459785e-7	2.4339728491065638e-8	1.2020278884172323e-8	3.7370894394762536e-10	1.7567961309569934e-26
0.000766786883366749	0.000766786883366749	0.000766786883366749	0.000766786883366749	0.000766786883366749	0.000766786883366749	0.000766786883366749	0.000766786883366749	0.000766786883366749	0.000766786883366749	0.0007667868833667489	0.0007667868833667489	0.0007667868833667489	0.0007667868833667489	0.0007667868833667489	0.0007667868833667488	0.0007667868833667487	0.0007667868833667486	0.0007667868833667482	0.0007667868833667477	0.0007667868833667468	0.0007667868833667453	0.0007667868833667428	0.0007667868833667384	0.0007667868833667308	0.0007667868833667177	0.000766786883366695	0.0007667868833666562	0.0007667868833665892	0.0007667868833664738	0.000766786883366275	0.0007667868833659326	0.0007667868833653426	0.0007667868833643261	0.000766786883362575	0.0007667868833595591	0.0007667868833543651	0.0007667868833454215	0.0007667868833300248	0.0007667868833035242	0.0007667868832579231	0.0007667868831794753	0.0007667868830445605	0.0007667868828126048	0.0007667868824139403	0.0007667868817289902	0.0007667868805526009	0.0007667868785329508	0.0007667868750669618	0.0007667868691213366	0.0007667868589264746	0.0007667868414532317	0.0007667868115188821	0.0007667867602602338	0.0007667866725271117	0.0007667865224347425	0.0007667862657776268	0.000766785827094917	0.0007667850776235398	0.0007667837977298748	0.0007667816129064106	0.0007667778847487706	0.0007667715252615394	0.0007667606805743564	0.0007667421921902938	0.0007667106791428134	0.0007666569739458773	0.0007665654565565476	0.0007664095082539408	0.0007661437564742868	0.0007656908399525066	0.0007649188138854724	0.0007636025650431883	0.000761357915402825	0.0007575291104526703	0.000750996882626117	0.0007398517612869758	0.0007208415413428177	0.0006884557995757924	0.0006335004254393839	0.0005413139525025109	0.00039498334361968995	0.00021995066517567136	0.00011924471407092992	0.00009034848260881277	0.00007959317934521973	0.0000668356276848653	0.00004421091398857992	0.00001859659535443256	0.000011451521404924966	9.259160744800827e-6	5.641018164013926e-6	1.986325214144616e-6	1.3718064276604096e-6	7.816130944008417e-7	2.454040227149975e-7	1.5877027050094607e-7	4.136170138074786e-8	2.0022692800392082e-8	1.2732072924662983e-9	5.687286683141626e-26
0.0008874458717355677	0.0008874458717355677	0.0008874458717355677	0.0008874458717355677	0.0008874458717355677	0.0008874458717355677	0.0008874458717355677	0.0008874458717355677	0.0008874458717355677	0.0008874458717355677	0.0008874458717355677	0.0008874458717355677	0.0008874458717355676	0.0008874458717355676	0.0008874458717355676	0.0008874458717355675	0.0008874458717355674	0.0008874458717355672	0.0008874458717355669	0.0008874458717355664	0.0008874458717355655	0.000887445871735564	0.0008874458717355613	0.0008874458717355567	0.0008874458717355489	0.0008874458717355354	0.0008874458717355121	0.0008874458717354721	0.000887445871735403	0.0008874458717352842	0.0008874458717350792	0.0008874458717347263	0.0008874458717341184	0.000887445871733071	0.0008874458717312665	0.0008874458717281585	0.0008874458717228058	0.0008874458717135885	0.0008874458716977199	0.0008874458716704058	0.0008874458716234026	0.0008874458715425383	0.0008874458714034582	0.0008874458711643247	0.0008874458707532917	0.0008874458700470319	0.0008874458688339325	0.0008874458667510502	0.0008874458631761598	0.0008874458570430037	0.000887445846525249	0.0008874458284961115	0.000887445797604831	0.0008874457446990487	0.0008874456541309788	0.0008874454991595149	0.0008874452341054218	0.0008874447809713027	0.0008874440066275636	0.0008874426839222675	0.0008874404253991731	0.000887436570344723	0.0008874299923111226	0.0008874187711182534	0.0008873996338545111	0.0008873670020066132	0.0008873113667585533	0.0008872165178314365	0.0008870548149816883	0.0008867791161117958	0.0008863089918955819	0.0008855071733264297	0.0008841393000941592	0.0008818051221880681	0.0008778209335931395	0.0008710188219294797	0.0008594045290588441	0.0008395772551769759	0.0008057609111431472	0.0007482590686332551	0.0006512865015937462	0.0004937829807298196	0.00028789543250089386	0.0001516282851318131	0.00011119161779023219	0.00009815476531048196	0.0000842851558251173	0.000059442897600637105	0.000026350435118549698	0.000014913371571104232	0.000012212633973091678	8.147201500704994e-6	2.926442465242091e-6	1.8923726851673502e-6	1.2095870378006868e-6	3.7114436422892736e-7	2.404371787173155e-7	7.569312816503737e-8	3.214893107619714e-8	4.299271778057121e-9	2.0322404323096908e-25
0.0010269835192318545	0.0010269835192318545	0.0010269835192318545	0.0010269835192318545	0.0010269835192318545	0.0010269835192318545	0.0010269835192318545	0.0010269835192318545	0.0010269835192318545	0.0010269835192318545	0.0010269835192318545	0.0010269835192318545	0.0010269835192318545	0.0010269835192318543	0.0010269835192318543	0.0010269835192318543	0.001026983519231854	0.001026983519231854	0.0010269835192318537	0.0010269835192318532	0.0010269835192318522	0.0010269835192318506	0.0010269835192318478	0.0010269835192318433	0.001026983519231835	0.0010269835192318211	0.0010269835192317973	0.001026983519231756	0.001026983519231685	0.0010269835192315627	0.0010269835192313517	0.0010269835192309885	0.0010269835192303627	0.0010269835192292843	0.0010269835192274269	0.0010269835192242274	0.0010269835192187168	0.0010269835192092277	0.0010269835191928903	0.001026983519164768	0.0010269835191163716	0.0010269835190331057	0.001026983518889887	0.0010269835186436202	0.0010269835182202952	0.0010269835174928563	0.001026983516243269	0.001026983514097532	0.0010269835104143817	0.0010269835040947813	0.0010269834932559714	0.0010269834746740394	0.0010269834428310468	0.0010269833882868928	0.0010269832948985422	0.0010269831350724584	0.0010269828616620775	0.001026982394143915	0.00102698159503882	0.0010269802297037927	0.0010269778977772296	0.0010269739163044655	0.0010269671204905211	0.0010269555240044056	0.0010269357397527648	0.0010269019920022136	0.0010268444310330164	0.0010267462568154672	0.001026578807964655	0.001026293172681006	0.0010258058517941373	0.001024974246332209	0.0010235547342020547	0.001021130959771659	0.0010169911941746762	0.0010099187407122787	0.000997834323604647	0.0009771883925257607	0.0009419405686440477	0.0008819033122127768	0.0007802529422197024	0.0006123540154654767	0.000375776349221775	0.00019424999337024976	0.00013689193895171755	0.00012069402348394991	0.00010560356754525848	0.00007863743361033725	0.00003762235869380505	0.000019455332439748648	0.00001597285446501881	0.000011459176812352962	4.4232019893582346e-6	2.587644784773419e-6	1.8016578653258186e-6	5.81182569065918e-7	3.5481684347422863e-7	1.4098879161283715e-7	4.993403890298286e-8	1.2157456194585331e-8	7.42535566494064e-25
0.0011898921945083486	0.0011898921945083486	0.0011898921945083486	0.0011898921945083486	0.0011898921945083486	0.0011898921945083486	0.0011898921945083486	0.0011898921945083486	0.0011898921945083486	0.0011898921945083486	0.0011898921945083483	0.0011898921945083483	0.0011898921945083483	0.0011898921945083483	0.0011898921945083483	0.0011898921945083483	0.0011898921945083481	0.001189892194508348	0.0011898921945083477	0.001189892194508347	0.0011898921945083462	0.0011898921945083444	0.0011898921945083416	0.0011898921945083369	0.0011898921945083286	0.0011898921945083143	0.0011898921945082896	0.0011898921945082473	0.0011898921945081742	0.0011898921945080482	0.0011898921945078314	0.001189892194507458	0.0011898921945068144	0.0011898921945057055	0.0011898921945037954	0.001189892194500505	0.001189892194494838	0.0011898921944850792	0.0011898921944682767	0.0011898921944393528	0.0011898921943895744	0.0011898921943039264	0.0011898921941566013	0.0011898921939032577	0.0011898921934677374	0.0011898921927192836	0.0011898921914334898	0.0011898921892253785	0.001189892185434785	0.0011898921789301295	0.0011898921677726236	0.0011898921486418964	0.0011898921158539587	0.0011898920596828619	0.0011898919634934914	0.0011898917988451712	0.0011898915171328105	0.0011898910353214205	0.0011898902116063454	0.0011898888038930125	0.0011898863989788747	0.0011898822917725393	0.0011898752792995784	0.001189863309344965	0.0011898428810528407	0.0011898080221181308	0.0011897485428995704	0.001189647055063641	0.0011894738781315012	0.0011891783333217293	0.0011886738548483689	0.0011878125167222645	0.0011863414354991463	0.0011838281425948062	0.0011795328603995136	0.0011721900456894828	0.001159635299292244	0.0011381703274623482	0.001101491862356504	0.0010389311533003788	0.0009326974977095756	0.0007551512502643018	0.0004894530275785753	0.0002520055444130504	0.0001691837021783771	0.00014837323206830106	0.000131897523183614	0.00010286596240841568	0.000054060443619149	0.000025619136782024153	0.00002081573098066799	0.00001583296515767388	6.883958025153165e-6	3.5353958817016277e-6	2.618598252981789e-6	9.616648600441012e-7	5.169228736301773e-7	2.569869769112198e-7	7.657038874678442e-8	2.8856447280029794e-8	3.0247150818396674e-24
0.0013783398727485632	0.0013783398727485632	0.0013783398727485632	0.0013783398727485632	0.0013783398727485632	0.0013783398727485632	0.0013783398727485632	0.0013783398727485632	0.0013783398727485632	0.0013783398727485632	0.0013783398727485632	0.0013783398727485632	0.0013783398727485632	0.0013783398727485632	0.001378339872748563	0.001378339872748563	0.001378339872748563	0.0013783398727485628	0.0013783398727485623	0.001378339872748562	0.0013783398727485608	0.001378339872748559	0.0013783398727485563	0.0013783398727485513	0.0013783398727485428	0.001378339872748528	0.0013783398727485027	0.0013783398727484591	0.001378339872748384	0.0013783398727482549	0.0013783398727480322	0.0013783398727476484	0.0013783398727469872	0.0013783398727458484	0.0013783398727438862	0.001378339872740506	0.0013783398727346846	0.0013783398727246592	0.0013783398727073974	0.0013783398726776813	0.0013783398726265378	0.0013783398725385361	0.0013783398723871544	0.0013783398721268188	0.0013783398716792487	0.0013783398709100306	0.0013783398695884587	0.001378339867318707	0.0013783398634219265	0.0013783398567343641	0.001378339845261832	0.001378339825588573	0.0013783397918663688	0.0013783397340865167	0.0013783396351270702	0.001378339465709095	0.0013783391757839917	0.0013783386798306158	0.0013783378317615222	0.0013783363821023833	0.001378333904930249	0.0013783296732188324	0.0013783224461513034	0.0013783101061900645	0.0013782890396490332	0.0013782530791943257	0.0013781916978066909	0.0013780869230246102	0.0013779080620981395	0.0013776026803523358	0.001377081163297833	0.0013761902866694712	0.0013746679514543172	0.0013720656485307005	0.0013676156656590311	0.0013600037951404938	0.0013469808260292123	0.0013247003937596497	0.0012865985502296825	0.001221534854456039	0.0011108068439591129	0.0009242469054400797	0.0006319961743364155	0.0003297319232039338	0.00020956096709698877	0.00018195414328058554	0.00016386769481138445	0.00013279578931966584	0.0000768463745511417	0.00003404769591441606	0.000026953414694017946	0.00002145987546788623	0.000010704601703901766	4.8183667230865015e-6	3.712292344738266e-6	1.6228912882973332e-6	7.416639277090717e-7	4.366072560903275e-7	1.1628582719237622e-7	5.6881424195890776e-8	1.2516058495156726e-23
0.0015989364149568807	0.0015989364149568807	0.0015989364149568807	0.0015989364149568807	0.0015989364149568807	0.0015989364149568807	0.0015989364149568807	0.0015989364149568807	0.0015989364149568807	0.0015989364149568807	0.0015989364149568807	0.0015989364149568807	0.0015989364149568807	0.0015989364149568807	0.0015989364149568807	0.0015989364149568805	0.0015989364149568805	0.0015989364149568803	0.0015989364149568799	0.0015989364149568792	0.0015989364149568783	0.0015989364149568766	0.0015989364149568736	0.0015989364149568686	0.0015989364149568597	0.0015989364149568447	0.0015989364149568187	0.001598936414956774	0.0015989364149566968	0.0015989364149565644	0.0015989364149563358	0.001598936414955942	0.0015989364149552635	0.0015989364149540948	0.0015989364149520814	0.001598936414948613	0.0015989364149426389	0.0015989364149323507	0.0015989364149146359	0.001598936414884139	0.0015989364148316489	0.0015989364147413264	0.001598936414585944	0.0015989364143187128	0.0015989364138592585	0.0015989364130695601	0.0015989364117126978	0.0015989364093821415	0.0015989364053806063	0.0015989363985125884	0.001598936386729222	0.0015989363665205947	0.001598936331876356	0.0015989362725086138	0.0015989361708146463	0.0015989359966875481	0.001598935698652641	0.0015989351887321342	0.0015989343166056737	0.0015989328255033859	0.0015989302769237894	0.0015989259221443595	0.0015989184829065712	0.0015989057770215526	0.0015988840790952601	0.0015988470286364624	0.0015987837643607913	0.0015986757348409578	0.0015984912435905222	0.0015981761141037245	0.00159763770627391	0.00159671753531522	0.0015951443481451886	0.0015924536949214077	0.0015878500905719803	0.0015799709270262845	0.001566482629538692	0.00154339163463477	0.0015038756685256522	0.0014363314048855668	0.0013211892409289204	0.0011261569719181646	0.000810546610124344	0.0004371602940081033	0.0002615534571827707	0.00022331704080277308	0.0002032484891839932	0.00017012886242464428	0.00010796017300465351	0.000046264969272331806	0.00003486633057604373	0.000028778456982919308	0.000016457806630292964	6.638760931164124e-6	5.194291886209381e-6	2.726507186495461e-6	1.06218751836117e-6	7.028096265419382e-7	1.8119624591933938e-7	9.981079535026356e-8	5.992240049619047e-23
0.001855641441301465	0.001855641441301465	0.001855641441301465	0.001855641441301465	0.001855641441301465	0.001855641441301465	0.001855641441301465	0.001855641441301465	0.001855641441301465	0.001855641441301465	0.001855641441301465	0.001855641441301465	0.001855641441301465	0.0018556414413014649	0.0018556414413014649	0.0018556414413014649	0.0018556414413014647	0.0018556414413014644	0.0018556414413014642	0.0018556414413014636	0.0018556414413014625	0.0018556414413014608	0.0018556414413014577	0.0018556414413014525	0.0018556414413014434	0.001855641441301428	0.0018556414413014013	0.0018556414413013556	0.0018556414413012767	0.0018556414413011407	0.0018556414413009063	0.0018556414413005028	0.0018556414412998073	0.0018556414412986093	0.0018556414412965456	0.0018556414412929903	0.0018556414412868665	0.00185564144127632	0.0018556414412581603	0.0018556414412268963	0.0018556414411730838	0.0018556414410804815	0.0018556414409211697	0.0018556414406471656	0.0018556414401760374	0.0018556414393662208	0.0018556414379746898	0.0018556414355843963	0.0018556414314799387	0.0018556414244346071	0.0018556414123457926	0.001855641391611024	0.0018556413560605468	0.00185564129513194	0.0018556411907496616	0.0018556410119923918	0.001855640705982483	0.0018556401823248397	0.0018556392865331263	0.0018556377546556663	0.0018556351358056415	0.0018556306598920573	0.0018556230117703367	0.0018556099455412972	0.001855587625695026	0.001855549501273899	0.001855484381272266	0.0018553731429618542	0.0018551830990361827	0.0018548583529021962	0.0018543032754075133	0.0018533541827015967	0.0018517307708284265	0.0018489528224451593	0.0018441973705300146	0.0018360538968335111	0.0018221053010936635	0.0017982123345949162	0.001757297631702804	0.0016873041295804784	0.0015678304141995003	0.00136475638099949	0.0010288649720446004	0.0005833651741771736	0.00032902358215028285	0.00027392728412155005	0.000251305514078361	0.0002161100981866981	0.00014856551239039912	0.00006442253903420376	0.00004498686494080043	0.000038152862634916064	0.000024490034293991747	9.309304216475844e-6	7.164980473776568e-6	4.372045270903662e-6	1.5223781281149416e-6	1.0755290622692935e-6	2.986102408556898e-7	1.5811267529312464e-7	2.7807577220976835e-22
0.002167712613683302	0.002167712613683302	0.002167712613683302	0.002167712613683302	0.002167712613683302	0.002167712613683302	0.002167712613683302	0.002167712613683302	0.002167712613683302	0.002167712613683302	0.002167712613683302	0.002167712613683302	0.002167712613683302	0.002167712613683302	0.002167712613683302	0.002167712613683302	0.002167712613683302	0.0021677126136833017	0.0021677126136833012	0.002167712613683301	0.0021677126136832995	0.0021677126136832978	0.0021677126136832947	0.0021677126136832895	0.00216771261368328	0.0021677126136832644	0.002167712613683237	0.0021677126136831902	0.002167712613683109	0.00216771261368297	0.00216771261368273	0.002167712613682317	0.0021677126136816047	0.0021677126136803782	0.0021677126136782645	0.002167712613674624	0.002167712613668353	0.002167712613657553	0.0021677126136389565	0.002167712613606939	0.002167712613551828	0.002167712613456987	0.0021677126132938155	0.0021677126130131594	0.002167712612530566	0.002167712611700989	0.002167712610275404	0.0021677126078264285	0.0021677126036208586	0.0021677125964013177	0.0021677125840123745	0.002167712562760573	0.002167712526319443	0.0021677124638566215	0.002167712356831565	0.002167712173521865	0.0021677118596695757	0.002167711322500849	0.0021677104034288595	0.002167708831431278	0.002167706143424349	0.0021677015482676806	0.0021676936944702977	0.0021676802733345156	0.002167657340772967	0.0021676181579541967	0.002167551208514552	0.002167436805757768	0.0021672412838643455	0.0021669070467817916	0.0021663355108385933	0.0021653578508373053	0.002163684808336816	0.002160820559321256	0.0021559149231510184	0.0021475099202161166	0.00213310568453712	0.0021084186323891054	0.002066119128674043	0.001993704280148315	0.0018699687696764327	0.0016591921716309255	0.0013059164417869664	0.0007943291272384697	0.000427035514052928	0.00033975124329734744	0.00031318787726729194	0.0002758303986008835	0.00020355325461683685	0.00009570565726762584	0.00005900024099505425	0.00005092263906425577	0.000036046758328712914	0.000014261533635249426	9.968050223898186e-6	6.861474363562198e-6	2.3632556055070412e-6	1.6165943522931091e-6	5.771509625018635e-7	2.2193093286731141e-7	9.440053183754735e-22
0.002526611163049788	0.002526611163049788	0.002526611163049788	0.002526611163049788	0.002526611163049788	0.002526611163049788	0.002526611163049788	0.002526611163049788	0.002526611163049788	0.002526611163049788	0.002526611163049788	0.0025266111630497874	0.0025266111630497874	0.0025266111630497874	0.0025266111630497874	0.0025266111630497874	0.0025266111630497874	0.002526611163049787	0.0025266111630497866	0.002526611163049786	0.0025266111630497853	0.002526611163049783	0.00252661116304978	0.0025266111630497744	0.0025266111630497653	0.002526611163049749	0.002526611163049721	0.002526611163049673	0.00252661116304959	0.002526611163049448	0.0025266111630492024	0.0025266111630487796	0.0025266111630480514	0.0025266111630467968	0.002526611163044635	0.0025266111630409113	0.002526611163034497	0.00252661116302345	0.0025266111630044275	0.002526611162971676	0.002526611162915299	0.0025266111628182764	0.002526611162651345	0.0025266111623642065	0.0025266111618704396	0.002526611161021606	0.0025266111595628337	0.0025266111570566674	0.002526611152752548	0.002526611145363203	0.0025266111326816987	0.002526611110925862	0.0025266110736163927	0.00252661100965765	0.002526610900055508	0.0025266107123060252	0.002526610390804459	0.002526609840455552	0.002526608898670126	0.0025266072875231005	0.002526604532020996	0.0025265998204651594	0.002526591765858017	0.002526577998139039	0.0025265544670977397	0.0025265142502243505	0.002526445512969321	0.002526328016930918	0.0025261271387458165	0.0025257836187696373	0.0025251959801851406	0.0025241903615126926	0.0025224687297736325	0.002519519962661252	0.0025144671947810496	0.0025058058931872796	0.0024909549908299056	0.00246548930289514	0.0024218319656112196	0.0023470449555711283	0.0022191457297415012	0.002000959166841381	0.0016323239990130563	0.0010633722069993228	0.0005565835564398507	0.0004193811186504108	0.000387269309106212	0.0003476784758017639	0.00027104428432592144	0.00014087817522991843	0.00007677344830318924	0.00006678606256917684	0.000050746823698844435	0.000021994906528548107	0.000013549842043688125	0.000010114047514864239	3.7018745611459442e-6	2.307966646318916e-6	1.0439319107883126e-6	2.783823821413973e-7	1.7890657265574887e-21
0.002932395274335765	0.002932395274335765	0.002932395274335765	0.002932395274335765	0.002932395274335765	0.002932395274335765	0.002932395274335765	0.002932395274335765	0.002932395274335765	0.002932395274335765	0.002932395274335765	0.002932395274335765	0.002932395274335765	0.002932395274335765	0.002932395274335765	0.002932395274335765	0.0029323952743357646	0.0029323952743357646	0.002932395274335764	0.0029323952743357637	0.0029323952743357624	0.0029323952743357607	0.002932395274335757	0.0029323952743357516	0.002932395274335742	0.0029323952743357255	0.002932395274335697	0.002932395274335648	0.0029323952743355633	0.0029323952743354176	0.002932395274335167	0.0029323952743347355	0.0029323952743339913	0.0029323952743327093	0.002932395274330501	0.0029323952743266967	0.002932395274320144	0.002932395274308858	0.002932395274289423	0.0029323952742559617	0.0029323952741983606	0.0029323952740992277	0.002932395273928658	0.002932395273635249	0.0029323952731306734	0.00293239527226321	0.0029323952707723316	0.0029323952682108346	0.002932395263811368	0.00293239525625773	0.0029323952432931443	0.0029323952210495753	0.002932395182899799	0.0029323951174933236	0.002932395005396915	0.002932394813349964	0.0029323944844436155	0.0029323939213345093	0.002932392957556975	0.0029323913084992824	0.002932388487629288	0.0029323836633272904	0.0029323754141835443	0.002932361310654875	0.0029323371996386742	0.002932295980501415	0.002932225510060908	0.00293210501464955	0.002931898941667237	0.0029315464166525095	0.002930943153746423	0.002929910400324418	0.0029281415995297245	0.002925110763994968	0.0029199150928439304	0.002911004796478757	0.002895719853250829	0.00286949738645826	0.002824520243400309	0.0027474284300514295	0.002615489033183313	0.0023901578618398312	0.00200738714419953	0.0013899674123969896	0.000732824366459858	0.0005153770164900809	0.00047445963683261083	0.0004325246927606491	0.0003517140696571567	0.0002026812745842157	0.00010005007515012678	0.00008617514946643093	0.00006896704473576685	0.000034165799959123495	0.000018130624158902904	0.000014273667772514426	6.127850749390869e-6	3.1950234585612827e-6	1.7335808703457795e-6	3.3572366073413916e-7	2.4097738846907985e-21
0.003397295504051934	0.003397295504051934	0.003397295504051934	0.003397295504051934	0.003397295504051934	0.003397295504051934	0.003397295504051934	0.003397295504051934	0.003397295504051934	0.003397295504051934	0.003397295504051934	0.003397295504051934	0.003397295504051934	0.003397295504051934	0.0033972955040519337	0.0033972955040519337	0.0033972955040519337	0.0033972955040519333	0.0033972955040519333	0.0033972955040519324	0.003397295504051931	0.0033972955040519294	0.003397295504051926	0.0033972955040519203	0.0033972955040519103	0.0033972955040518934	0.0033972955040518643	0.0033972955040518144	0.003397295504051728	0.0033972955040515794	0.0033972955040513235	0.003397295504050883	0.0033972955040501235	0.0033972955040488155	0.003397295504046562	0.00339729550404268	0.003397295504035993	0.0033972955040244756	0.003397295504004642	0.0033972955039704928	0.003397295503911707	0.0033972955038105318	0.003397295503636441	0.0033972955033369626	0.0033972955028219263	0.003397295501936432	0.0033972955004144766	0.0033972954977994217	0.003397295493307659	0.003397295485594973	0.003397295472356329	0.0033972954496405373	0.003397295410677109	0.003397295343868695	0.0033972952293566776	0.0033972950331473237	0.0033972946970680664	0.003397294121596733	0.003397293136510006	0.003397291450713313	0.0033972885664853357	0.003397283632884643	0.0033972751951170813	0.003397260765919584	0.0033972360923211755	0.0033971939007529203	0.003397121748305133	0.0033969983413352505	0.00339678722427478	0.0033964259529974325	0.003395807510263019	0.003394748385969725	0.0033929337296186766	0.0033898230856479186	0.003384488402264838	0.0033753358149272166	0.0033596283902647996	0.0033326691122031356	0.0032864068789308204	0.0032070720179984778	0.0030712072205772004	0.002838990255111451	0.0024434287039118473	0.001787751495351619	0.0009661095814663438	0.0006316418587900557	0.0005779676810895061	0.0005335378597470807	0.00044873247753087956	0.00028479412887111755	0.00013007030665776183	0.0001099203306875189	0.00009152741834819758	0.000051721257515448684	0.000023938370461812265	0.000019547330691787682	9.868780500574818e-6	4.322338688171732e-6	2.694290731923133e-6	3.945852356008139e-7	2.7681680340431135e-21
0.0039719626412331194	0.0039719626412331194	0.0039719626412331194	0.0039719626412331194	0.0039719626412331194	0.0039719626412331194	0.0039719626412331194	0.0039719626412331194	0.0039719626412331194	0.0039719626412331194	0.0039719626412331194	0.0039719626412331194	0.0039719626412331194	0.0039719626412331194	0.0039719626412331194	0.0039719626412331194	0.003971962641233119	0.003971962641233119	0.003971962641233119	0.003971962641233118	0.003971962641233117	0.003971962641233114	0.003971962641233111	0.0039719626412331056	0.003971962641233095	0.003971962641233078	0.003971962641233048	0.003971962641232997	0.0039719626412329095	0.003971962641232758	0.003971962641232497	0.003971962641232047	0.003971962641231274	0.0039719626412299406	0.003971962641227643	0.003971962641223685	0.0039719626412168686	0.003971962641205128	0.003971962641184909	0.003971962641150095	0.003971962641090164	0.003971962640987014	0.003971962640809521	0.003971962640504177	0.003971962639979031	0.00397196263907611	0.003971962637524118	0.003971962634857297	0.00397196263027632	0.00397196262240989	0.0039719626089063055	0.003971962585733969	0.00397196254598383	0.003971962477819762	0.003971962360971626	0.0039719621607363495	0.003971961817718445	0.00397196123028688	0.003971960224580624	0.0039719585032278616	0.003971955557670533	0.003971950518249549	0.003971941897821788	0.003971927153179126	0.003971901934525132	0.003971858800572998	0.003971785017634782	0.003971658787447763	0.003971442777832343	0.0039710730202650955	0.003970439843919078	0.00396935511500308	0.003967495919645163	0.003964307730742865	0.0039588379294001	0.0039494497558726915	0.003933331402354846	0.003905655243479731	0.0038581424508347143	0.0037766253904140436	0.0036369459165561196	0.003398059831898249	0.0029905604611612205	0.0023056155000507283	0.0013358206732942029	0.0007954338542154384	0.0007133147687272361	0.0006658181471522447	0.000577075220251654	0.0004020486513202118	0.0001819180096424627	0.0001425778680586047	0.0001228410319811112	0.00007943806232141888	0.000033131690880367555	0.000027194524139582442	0.00001643220349334395	6.063892920921515e-6	4.190824654233517e-6	6.524753707022885e-7	3.100056991409996e-21
0.004608202775461852	0.004608202775461852	0.004608202775461852	0.004608202775461852	0.004608202775461852	0.004608202775461852	0.004608202775461852	0.004608202775461852	0.004608202775461852	0.004608202775461852	0.004608202775461852	0.004608202775461852	0.004608202775461852	0.004608202775461852	0.004608202775461852	0.004608202775461852	0.004608202775461852	0.0046082027754618515	0.0046082027754618515	0.004608202775461851	0.00460820277546185	0.004608202775461847	0.004608202775461844	0.004608202775461838	0.004608202775461828	0.00460820277546181	0.00460820277546178	0.004608202775461728	0.004608202775461638	0.004608202775461485	0.004608202775461218	0.004608202775460761	0.004608202775459973	0.004608202775458615	0.004608202775456276	0.004608202775452246	0.004608202775445306	0.004608202775433351	0.004608202775412764	0.004608202775377316	0.004608202775316291	0.004608202775211257	0.004608202775030513	0.0046082027747195685	0.004608202774184766	0.004608202773265204	0.00460820277168453	0.004608202768968274	0.004608202764302099	0.004608202756288841	0.0046082027425322246	0.004608202718923844	0.0046082026784222815	0.004608202608963296	0.004608202489883564	0.004608202285802226	0.004608201936155157	0.00460820133729587	0.004608200311886346	0.004608198556554166	0.004608195552380751	0.0046081904118094475	0.00460818161676092	0.004608166570516825	0.004608140830653856	0.004608096795411627	0.004608021452832019	0.004607892521645103	0.004607671830436704	0.004607293950980243	0.004606646670942122	0.004605537427195254	0.004603635579813917	0.0046003731160729425	0.004594773868345099	0.004585159952375133	0.004568647765162322	0.0045402844297189006	0.0044915727552903885	0.004407963877547568	0.0042646296531244025	0.004019361713353233	0.0036006118611675683	0.002891013720944604	0.0017938535301384563	0.0009966624073730176	0.0008681562609296659	0.0008170259018377674	0.0007244668997851256	0.000540116511639829	0.0002543334216418738	0.00018105629357593819	0.0001597705472980867	0.00011336550429003446	0.00004599484888263975	0.00003643542455388483	0.00002476357876565595	8.450133581923226e-6	6.060495999484555e-6	1.2893278158402297e-6	3.428314103659202e-21
0.005354076573557071	0.005354076573557071	0.005354076573557071	0.005354076573557071	0.005354076573557071	0.005354076573557071	0.005354076573557071	0.005354076573557071	0.005354076573557071	0.005354076573557071	0.005354076573557071	0.005354076573557071	0.005354076573557071	0.005354076573557071	0.005354076573557071	0.005354076573557071	0.005354076573557071	0.00535407657355707	0.00535407657355707	0.005354076573557069	0.005354076573557068	0.005354076573557066	0.005354076573557062	0.005354076573557056	0.005354076573557046	0.005354076573557028	0.005354076573556997	0.005354076573556944	0.005354076573556853	0.005354076573556696	0.0053540765735564265	0.0053540765735559616	0.005354076573555159	0.005354076573553778	0.005354076573551399	0.005354076573547301	0.005354076573540242	0.005354076573528084	0.005354076573507145	0.005354076573471091	0.005354076573409023	0.005354076573302188	0.005354076573118344	0.0053540765728020525	0.005354076572258036	0.00535407657132259	0.00535407656971454	0.0053540765669511	0.005354076562203604	0.005354076554050194	0.0053540765400520406	0.005354076516027397	0.005354076474808456	0.005354076404113126	0.005354076282902563	0.005354076075148483	0.005354075719170341	0.005354075109395965	0.005354074065164728	0.005354072277369087	0.005354069217186591	0.0053540639799486405	0.00535405501799167	0.005354039683414721	0.005354013445176492	0.0053539685479514244	0.005353891713423352	0.005353760197869523	0.005353535026134745	0.005353149371629601	0.005352488586616788	0.0053513558623305224	0.005349413151112718	0.005346079506697276	0.005340356170929815	0.005330525798947391	0.005313635882633164	0.0052846133161281415	0.005234751314939407	0.005149135460395363	0.005002296703914385	0.004750913015308034	0.004321507577512678	0.003591410833543902	0.002401944927913809	0.0012691488878470057	0.0010575086122578887	0.001001531953405035	0.0009052394310492418	0.0007128890148595139	0.000367082038690845	0.0002298838685985908	0.00020656551855353935	0.000157525334475958	0.00006641296532757471	0.00004849410523451501	0.000035992937081027694	0.000012155894409977863	8.589713582845889e-6	2.7795418174728432e-6	3.782119918174512e-21
0.006265789875209785	0.006265789875209785	0.006265789875209785	0.006265789875209785	0.006265789875209785	0.006265789875209785	0.006265789875209785	0.006265789875209785	0.006265789875209785	0.006265789875209785	0.006265789875209785	0.006265789875209785	0.006265789875209785	0.006265789875209785	0.006265789875209785	0.006265789875209785	0.006265789875209785	0.006265789875209785	0.006265789875209784	0.006265789875209783	0.006265789875209782	0.00626578987520978	0.006265789875209776	0.00626578987520977	0.00626578987520976	0.006265789875209741	0.00626578987520971	0.006265789875209656	0.006265789875209564	0.006265789875209405	0.00626578987520913	0.006265789875208657	0.006265789875207843	0.00626578987520644	0.006265789875204023	0.0062657898751998595	0.006265789875192687	0.006265789875180335	0.006265789875159062	0.006265789875122434	0.006265789875059373	0.00626578987495083	0.006265789874764039	0.00626578987444267	0.006265789873889901	0.006265789872939371	0.00626578987130532	0.006265789868497068	0.006265789863672335	0.006265789855385809	0.006265789841158232	0.006265789816738186	0.006265789774837772	0.006265789702967896	0.006265789579732844	0.006265789368489001	0.006265789006494593	0.006265788386346715	0.006265787324225469	0.006265785505569233	0.006265782392135327	0.006265777062975759	0.006265767942276356	0.006265752333423202	0.006265725621013375	0.006265679903496445	0.006265601648864765	0.006265467672815953	0.006265238234255995	0.006264845173620478	0.006264171520973863	0.006263016418086038	0.0062610347498340746	0.006257633227126475	0.006251791527575521	0.006241754629742379	0.006224504222476221	0.006194852365784447	0.00614389208411389	0.006056360030086104	0.005906176650967287	0.005648956049497384	0.0052094098767102495	0.0044610741160188505	0.0032126617803405113	0.00170581546407295	0.0013030098867979041	0.0012382363256986722	0.0011382805120465085	0.0009384554002042022	0.0005538178500861713	0.0002972020680071815	0.000269385655557528	0.0002178015437221826	0.00010829360494384511	0.00006531955256919231	0.000051954412805260845	0.00002115188255320122	0.000012263405599180894	5.8351171312760165e-6	4.273326644173659e-21
0.007317485539030719	0.007317485539030719	0.007317485539030719	0.007317485539030719	0.007317485539030719	0.007317485539030719	0.007317485539030719	0.007317485539030719	0.007317485539030719	0.007317485539030719	0.007317485539030719	0.007317485539030719	0.007317485539030719	0.007317485539030719	0.007317485539030719	0.007317485539030719	0.007317485539030719	0.007317485539030719	0.007317485539030718	0.007317485539030717	0.007317485539030716	0.0073174855390307145	0.00731748553903071	0.007317485539030704	0.007317485539030694	0.0073174855390306754	0.007317485539030643	0.007317485539030589	0.007317485539030495	0.007317485539030333	0.007317485539030054	0.007317485539029575	0.007317485539028748	0.007317485539027324	0.007317485539024872	0.007317485539020646	0.007317485539013369	0.007317485539000834	0.007317485538979247	0.007317485538942077	0.007317485538878083	0.0073174855387679325	0.007317485538578372	0.007317485538252229	0.007317485537691232	0.007317485536726519	0.007317485535068023	0.007317485532217638	0.007317485527320289	0.007317485518908608	0.007317485504465324	0.007317485479673501	0.00731748543713231	0.007317485364157973	0.007317485239019133	0.007317485024493382	0.007317484656840645	0.0073174840269356785	0.007317482947986035	0.007317481100297761	0.007317477936762556	0.007317472521109367	0.007317463251023263	0.007317447384025191	0.007317420225269407	0.007317373735482323	0.007317294143670623	0.007317157850412277	0.0073169243927918215	0.007316524354791647	0.007315838577133416	0.00731466238300458	0.007312643991421168	0.007309178469583539	0.007303225148682023	0.007292993452877581	0.007275402966281312	0.0072451573584767885	0.007193160694592045	0.007103820392700018	0.006950481613575937	0.006687754023440047	0.006238637872576291	0.005473476918082551	0.004182630755775369	0.002344405609943086	0.0016029567940849035	0.0015215616156165695	0.0014180421208252615	0.001211144344776806	0.0008008320404882442	0.0003869380551469954	0.00034716267558978657	0.00029313285031287175	0.00017167521975096472	0.00008689163138291013	0.00007249496028329856	0.00003702188975605275	0.000017053796932300886	0.00001010473365120727	6.246986126627626e-21
0.008543953707827519	0.008543953707827519	0.008543953707827519	0.008543953707827519	0.008543953707827519	0.008543953707827519	0.008543953707827519	0.008543953707827519	0.008543953707827519	0.008543953707827519	0.008543953707827519	0.008543953707827519	0.008543953707827519	0.008543953707827519	0.008543953707827519	0.008543953707827519	0.008543953707827519	0.008543953707827519	0.008543953707827519	0.008543953707827517	0.008543953707827517	0.008543953707827514	0.00854395370782751	0.008543953707827505	0.008543953707827493	0.008543953707827475	0.008543953707827442	0.008543953707827387	0.008543953707827292	0.008543953707827128	0.008543953707826846	0.008543953707826358	0.008543953707825522	0.008543953707824079	0.008543953707821591	0.00854395370781731	0.008543953707809932	0.008543953707797227	0.008543953707775347	0.00854395370773767	0.008543953707672806	0.008543953707561154	0.008543953707369005	0.008543953707038403	0.00854395370646972	0.00854395370549176	0.008543953703810435	0.008543953700920702	0.008543953695955533	0.008543953687426963	0.008543953672782215	0.008543953647643158	0.008543953604503466	0.008543953530497498	0.008543953403580313	0.008543953185988717	0.008543952813049815	0.008543952174028804	0.008543951079355067	0.008543949204537342	0.00854394599417939	0.008543940497683582	0.008543931087954003	0.008543914979616166	0.008543887403513037	0.008543840191521256	0.008543759349018307	0.008543620888061742	0.008543383670031265	0.00854297710248859	0.00854227997584077	0.00854108403643854	0.008539031258166813	0.008535505797333288	0.008529447915885915	0.008519033710344117	0.008501124542682878	0.008470322460433858	0.008417354370558787	0.008326319118773764	0.008170023361988613	0.007902135226421586	0.0074440407629295996	0.0066632427417173115	0.005340430207101372	0.003257132186422334	0.001981924480402235	0.0018642328684486558	0.0017571923285481404	0.0015436170065914793	0.0011158547182478467	0.0005202285007882673	0.00044413638339479446	0.00038775503401439437	0.000258811620266411	0.00011519368470534248	0.00009875626679927704	0.000060412657713050605	0.000022999436346339284	0.000015525218771676608	2.544599960872818e-20
0.009981124375424049	0.009981124375424049	0.009981124375424049	0.009981124375424049	0.009981124375424049	0.009981124375424049	0.009981124375424049	0.009981124375424049	0.009981124375424049	0.009981124375424049	0.009981124375424049	0.009981124375424049	0.009981124375424049	0.009981124375424049	0.009981124375424049	0.009981124375424049	0.009981124375424049	0.009981124375424047	0.009981124375424047	0.009981124375424047	0.009981124375424045	0.009981124375424043	0.00998112437542404	0.009981124375424033	0.009981124375424023	0.009981124375424004	0.00998112437542397	0.009981124375423915	0.009981124375423818	0.009981124375423651	0.009981124375423365	0.009981124375422873	0.009981124375422024	0.009981124375420564	0.009981124375418047	0.00998112437541371	0.009981124375406242	0.009981124375393379	0.009981124375371226	0.00998112437533308	0.009981124375267408	0.009981124375154365	0.00998112437495982	0.009981124374625087	0.009981124374049286	0.009981124373059059	0.00998112437135659	0.009981124368430417	0.009981124363402446	0.009981124354765634	0.009981124339934326	0.009981124314473712	0.009981124270779766	0.009981124195818395	0.009981124067254203	0.009981123846823042	0.009981123468987824	0.009981122821522494	0.00998112171228218	0.009981119812329964	0.009981116558588257	0.009981110987179711	0.009981101448035073	0.009981085116007534	0.009981057153028501	0.009981009271467717	0.009980927269252968	0.009980786797965113	0.009980546091934838	0.009980133466803081	0.009979425809561012	0.00997821154534448	0.009976126848115212	0.009972545739283054	0.009966390764887633	0.009955807054832615	0.009937601868191185	0.009906282815524924	0.009852412178843058	0.00975980215481582	0.009600759744606792	0.009328079070898995	0.00886163470790532	0.008066291477438653	0.006716811967821141	0.0044884931103361045	0.0024869942709440343	0.0022796002773085183	0.00216892510827495	0.0019491096493275387	0.0015073034493415524	0.0007419748210337323	0.0005641652092807086	0.0005054802753986787	0.0003707908547182202	0.0001552902075647402	0.00013088847243870685	0.00009041114714845085	0.000029241874159642794	0.000020828137932723848	9.904872359921639e-20
0.011662560789256678	0.011662560789256678	0.011662560789256678	0.011662560789256678	0.011662560789256678	0.011662560789256678	0.011662560789256678	0.011662560789256678	0.011662560789256678	0.011662560789256678	0.011662560789256678	0.011662560789256678	0.011662560789256678	0.011662560789256678	0.011662560789256678	0.011662560789256678	0.011662560789256676	0.011662560789256676	0.011662560789256676	0.011662560789256676	0.011662560789256675	0.011662560789256673	0.011662560789256668	0.011662560789256662	0.01166256078925665	0.011662560789256631	0.011662560789256598	0.011662560789256541	0.011662560789256444	0.011662560789256276	0.011662560789255986	0.011662560789255488	0.011662560789254631	0.011662560789253153	0.011662560789250606	0.011662560789246221	0.011662560789238668	0.011662560789225661	0.011662560789203259	0.011662560789164682	0.01166256078909827	0.011662560788983952	0.011662560788787208	0.011662560788448687	0.011662560787866361	0.01166256078686489	0.011662560785143041	0.011662560782183471	0.011662560777097942	0.011662560768361929	0.011662560753359643	0.01166256072760433	0.011662560683402417	0.011662560607565415	0.011662560477491677	0.01166256025445784	0.011662559872134562	0.01166255921692855	0.011662558094334552	0.011662556171338954	0.011662552877819574	0.011662547237718795	0.01166253757989337	0.011662521042707702	0.011662492724861872	0.01166244422905316	0.011662361162801466	0.01166221884676979	0.011661974939560652	0.011661556754089251	0.01166083942910808	0.01165960833876769	0.011657494328103788	0.011653862105146157	0.011647617933682028	0.011636878479625181	0.011618401267734963	0.011586607095389927	0.011531906923096769	0.01143784956010953	0.011276283432456182	0.010999200999919221	0.010525079495010336	0.009716314023102052	0.008342979106181408	0.006037658211977842	0.0032210449523782506	0.00278100144414282	0.002666145358610875	0.002440587987950603	0.001986208791038835	0.0011091071056208654	0.0007110208179357462	0.0006498110244193262	0.0005099926255660749	0.0002251675621437831	0.0001684574942227474	0.00012608230122461244	0.00003733158831054154	0.000024028594688776336	1.678026035936767e-19
0.013617625669929107	0.013617625669929107	0.013617625669929107	0.013617625669929107	0.013617625669929107	0.013617625669929107	0.013617625669929107	0.013617625669929107	0.013617625669929107	0.013617625669929107	0.013617625669929107	0.013617625669929107	0.013617625669929107	0.013617625669929105	0.013617625669929105	0.013617625669929105	0.013617625669929105	0.013617625669929105	0.013617625669929105	0.013617625669929103	0.013617625669929103	0.0136176256699291	0.013617625669929096	0.01361762566992909	0.013617625669929079	0.01361762566992906	0.013617625669929025	0.013617625669928968	0.01361762566992887	0.0136176256699287	0.013617625669928407	0.013617625669927904	0.013617625669927037	0.013617625669925545	0.013617625669922973	0.013617625669918544	0.013617625669910914	0.013617625669897774	0.013617625669875144	0.01361762566983618	0.013617625669769096	0.013617625669653622	0.013617625669454889	0.013617625669112938	0.013617625668524704	0.013617625667513053	0.013617625665773663	0.013617625662783862	0.013617625657646236	0.013617625648820436	0.013617625633663406	0.013617625607641376	0.013617625562979727	0.013617625486350227	0.013617625354910238	0.013617625129520717	0.013617624743135132	0.013617624080922434	0.013617622946240339	0.013617621002383992	0.013617617672852104	0.01361761197055634	0.013617602205266331	0.013617585482294076	0.013617556843056346	0.013617507790881575	0.013617423760747158	0.013617279773405341	0.013617032965599372	0.013616609741205104	0.013615883653836178	0.013614637310878079	0.013612496724145566	0.013608818153445829	0.013602493090982624	0.013591612377017061	0.013572888409409945	0.013540663215435669	0.013485210471733877	0.01338984013804285	0.013225985298513923	0.012944913408480757	0.01246383096831346	0.011642849503189697	0.01024775345411612	0.007894868640080863	0.004372888958951526	0.003383710986482839	0.003262917990687534	0.0030321676870376712	0.002566401284331495	0.0016373289183469627	0.0008918614639355701	0.0008266430058940226	0.0006822464985322896	0.0003551437818014049	0.00021358728968053583	0.00016954861924184378	0.00005838409514374751	0.000025636488463438473	1.8814268413334385e-19
0.015985349278513278	0.015985349278513278	0.015985349278513278	0.015985349278513278	0.015985349278513278	0.015985349278513278	0.015985349278513278	0.015985349278513278	0.015985349278513278	0.015985349278513278	0.015985349278513278	0.015985349278513278	0.015985349278513278	0.015985349278513278	0.015985349278513278	0.015985349278513278	0.015985349278513278	0.015985349278513278	0.015985349278513278	0.015985349278513278	0.015985349278513274	0.015985349278513274	0.015985349278513267	0.01598534927851326	0.01598534927851325	0.015985349278513233	0.015985349278513198	0.01598534927851314	0.01598534927851304	0.01598534927851287	0.015985349278512574	0.015985349278512067	0.01598534927851119	0.015985349278509683	0.01598534927850709	0.01598534927850262	0.01598534927849492	0.015985349278481664	0.015985349278458832	0.01598534927841952	0.015985349278351834	0.015985349278235327	0.015985349278034817	0.015985349277689805	0.015985349277096293	0.015985349276075554	0.015985349274320507	0.015985349271303725	0.0159853492661196	0.015985349257213677	0.015985349241918557	0.01598534921565853	0.01598534917058666	0.015985349093250015	0.01598534896059092	0.015985348733099383	0.01598534834308886	0.01598534767462361	0.015985346529153992	0.015985344566680316	0.015985341205006755	0.015985335447197064	0.015985325585978746	0.01598530869714925	0.015985279770967382	0.015985230222007676	0.015985145331115676	0.01598499985109773	0.015984750452392157	0.015984322726489322	0.015983588810198367	0.01598232883759526	0.015980164499293792	0.015976444500833818	0.015970047124292612	0.015959040112066523	0.015940095499945767	0.015907484865337256	0.01585135912592165	0.015754814791881545	0.015588914377896614	0.015304280205793995	0.014816984672055852	0.013985069557771427	0.012570258078785517	0.010179667185355314	0.00628397057245332	0.004149161331943072	0.004013535086691119	0.003778173645911684	0.003302343276982662	0.002346250109244412	0.001140663944308132	0.0010559477587805588	0.0009076123519319528	0.0005644759149876304	0.0002734730943832269	0.00022795781725949197	0.00010827691596424792	0.000026801424901893868	1.9993654486788697e-19
0.01871470940950984	0.01871470940950984	0.01871470940950984	0.01871470940950984	0.01871470940950984	0.01871470940950984	0.01871470940950984	0.01871470940950984	0.01871470940950984	0.01871470940950984	0.01871470940950984	0.01871470940950984	0.01871470940950984	0.01871470940950984	0.01871470940950984	0.01871470940950984	0.01871470940950984	0.01871470940950984	0.01871470940950984	0.01871470940950984	0.018714709409509835	0.018714709409509835	0.01871470940950983	0.018714709409509825	0.01871470940950981	0.018714709409509794	0.01871470940950976	0.0187147094095097	0.0187147094095096	0.018714709409509426	0.018714709409509128	0.018714709409508617	0.018714709409507736	0.018714709409506217	0.0187147094095036	0.018714709409499097	0.01871470940949134	0.01871470940947798	0.01871470940945497	0.01871470940941535	0.01871470940934714	0.01871470940922973	0.01871470940902766	0.018714709408679968	0.01871470940808184	0.018714709407053148	0.018714709405284403	0.01871470940224402	0.018714709397019236	0.018714709388043246	0.01871470937262738	0.01871470934615926	0.018714709300728723	0.018714709222773834	0.0187147090890489	0.01871470885971964	0.01871470846653991	0.018714707792608136	0.018714706637706892	0.01871470465895541	0.018714701269178124	0.018714695462826454	0.018714685517722884	0.01871466848384951	0.018714639306715353	0.018714589323251454	0.018714503679454455	0.01871435689368279	0.0187141052283265	0.01871367356391286	0.018712932797200404	0.018711660897297925	0.018709475771960915	0.018705719512972133	0.018699258835989593	0.018688141258289707	0.018669003472863627	0.01863605537215931	0.018579340409586764	0.01848176835265028	0.018314078044005633	0.018026329981238425	0.017533608924499698	0.016692140405707146	0.015259958016325207	0.012835700362090044	0.008792273895825372	0.005089010333951566	0.00490505225508713	0.004665683077063152	0.004181230033444238	0.003203353655719093	0.0015259438678118342	0.0013348611251861398	0.0011832100594546624	0.0008292362707571296	0.00034652946654594683	0.0002989124224490787	0.00017444873712153548	0.000027663298172174637	2.0830727751964724e-19
0.021981317528635042	0.021981317528635042	0.021981317528635042	0.021981317528635042	0.021981317528635042	0.021981317528635042	0.021981317528635042	0.021981317528635042	0.021981317528635042	0.021981317528635042	0.021981317528635042	0.021981317528635042	0.021981317528635042	0.021981317528635042	0.021981317528635042	0.02198131752863504	0.02198131752863504	0.02198131752863504	0.02198131752863504	0.02198131752863504	0.02198131752863504	0.021981317528635035	0.021981317528635032	0.021981317528635025	0.021981317528635014	0.021981317528634994	0.02198131752863496	0.0219813175286349	0.0219813175286348	0.021981317528634626	0.021981317528634324	0.02198131752863381	0.021981317528632922	0.021981317528631392	0.02198131752862876	0.021981317528624224	0.021981317528616415	0.021981317528602964	0.021981317528579805	0.021981317528539924	0.021981317528471263	0.021981317528353077	0.021981317528149677	0.021981317527799693	0.02198131752719762	0.021981317526162135	0.021981317524381688	0.021981317521321153	0.021981317516061655	0.021981317507025852	0.021981317491506933	0.021981317464861216	0.02198131741912461	0.02198131734064216	0.021981317206007784	0.021981316975110497	0.021981316579226723	0.02198131590063078	0.021981314737682223	0.02198131274504187	0.021981309331284792	0.02198130348351281	0.021981293466827954	0.021981276309179152	0.02198124691787911	0.021981196563580954	0.021981110277161695	0.021980962376817143	0.021980708776530983	0.02198027374972934	0.021979527134183663	0.021978245049990637	0.0219760421738571	0.02197225494814553	0.021965740207896288	0.02195452819223545	0.021935225400970204	0.021901989034901807	0.02184477077662259	0.021746321037624545	0.02157710307086872	0.02128670094116743	0.020789363743200746	0.019939777346550027	0.01849277975226509	0.016038813167277125	0.011921639211139581	0.006458005784157486	0.006009598825066856	0.0057668325081910166	0.005275250510261516	0.004279513584477226	0.0023214170118732286	0.001689167483662346	0.0015347911739384966	0.0011726534679432656	0.00046573173042001624	0.00039405041316468016	0.0002663353622898691	0.00002875289283010528	2.1294346253055425e-19
0.02590504085631772	0.02590504085631772	0.02590504085631772	0.02590504085631772	0.02590504085631772	0.02590504085631772	0.02590504085631772	0.02590504085631772	0.02590504085631772	0.02590504085631772	0.02590504085631772	0.02590504085631772	0.02590504085631772	0.02590504085631772	0.02590504085631772	0.02590504085631772	0.02590504085631772	0.02590504085631772	0.02590504085631772	0.025905040856317715	0.025905040856317715	0.025905040856317712	0.02590504085631771	0.0259050408563177	0.02590504085631769	0.02590504085631767	0.025905040856317636	0.025905040856317577	0.025905040856317476	0.0259050408563173	0.025905040856316997	0.02590504085631648	0.02590504085631559	0.025905040856314048	0.0259050408563114	0.025905040856306842	0.02590504085629899	0.025905040856285467	0.025905040856262176	0.02590504085622208	0.02590504085615305	0.02590504085603422	0.025905040855829717	0.02590504085547784	0.025905040854872507	0.025905040853831413	0.02590504085204131	0.02590504084896415	0.025905040843676015	0.02590504083459089	0.025905040818987	0.025905040792194894	0.02590504074620602	0.02590504066728881	0.02590504053190503	0.025905040299715743	0.025905039901604057	0.02590503921916538	0.025905038049586954	0.025905036045504263	0.025905032611991514	0.02590502673009535	0.025905016654437292	0.02590499939481216	0.02590496982705953	0.025904919167217866	0.025904832351297688	0.02590468353253785	0.025904428337778247	0.025903990540067794	0.025903239104305406	0.02590194862646361	0.02589973111981449	0.025895918369600698	0.025889359065576028	0.025878069203086457	0.025858630391708253	0.025825156400464157	0.025767523296116195	0.025668350293391533	0.025497874344635962	0.025205290124246753	0.024704166180776418	0.023847940871660086	0.022388863381177158	0.019910284180176128	0.015729386499809348	0.00906844665666394	0.007383986361851133	0.007138419871028621	0.0066411715122187106	0.005632012079187557	0.00360167996870481	0.0021469024492660016	0.0019903219627622564	0.0016226398610657525	0.0007732119108288213	0.0005187905368107945	0.00038908968478640094	0.00006266815493850855	2.159439138514505e-19
0.030572226254854413	0.030572226254854413	0.030572226254854413	0.030572226254854413	0.030572226254854413	0.030572226254854413	0.030572226254854413	0.030572226254854413	0.030572226254854413	0.030572226254854413	0.030572226254854413	0.030572226254854413	0.030572226254854413	0.030572226254854413	0.030572226254854413	0.030572226254854413	0.030572226254854413	0.030572226254854413	0.030572226254854413	0.030572226254854413	0.03057222625485441	0.03057222625485441	0.030572226254854406	0.0305722262548544	0.030572226254854385	0.030572226254854364	0.03057222625485433	0.03057222625485427	0.03057222625485417	0.030572226254853993	0.03057222625485369	0.03057222625485317	0.030572226254852272	0.03057222625485073	0.030572226254848067	0.030572226254843488	0.0305722262548356	0.03057222625482202	0.03057222625479863	0.03057222625475836	0.030572226254689035	0.030572226254569703	0.030572226254364336	0.030572226254010966	0.030572226253403074	0.030572226252357577	0.030572226250559897	0.0305722262474697	0.030572226242159124	0.03057222623303536	0.030572226217364922	0.030572226190458192	0.030572226144271852	0.030572226065014387	0.03057222592904419	0.03057222569584405	0.030572225295989457	0.030572224610544874	0.03057222343578071	0.030572221422748617	0.03057221797378502	0.03057221206520128	0.03057220194342289	0.03057218460404754	0.030572154898301403	0.030572103999510877	0.030572016769493674	0.03057186723247696	0.03057161079072266	0.030571170825923383	0.030570415620276303	0.030569118577680552	0.030566889628254903	0.030563056914855044	0.030556462756956494	0.03054511201073304	0.03052556682203928	0.03049190700168613	0.03043394952078069	0.03033421115835848	0.030162752697735783	0.02986846724080304	0.029364398484639974	0.028503032673049607	0.027034676953073402	0.02453731837552593	0.020303702182041496	0.013284015456781841	0.009067412073411453	0.008819517466342781	0.008318009484337701	0.007299586317856173	0.005228503654462466	0.0027323599229983576	0.0025735326091888594	0.002202267916534982	0.0013215549400852357	0.0006814615278034265	0.0005504987188066707	0.00019233635023330577	2.18152346230076e-19
0.03613233146744543	0.03613233146744543	0.03613233146744543	0.03613233146744543	0.03613233146744543	0.03613233146744543	0.03613233146744543	0.03613233146744543	0.03613233146744543	0.03613233146744543	0.03613233146744543	0.03613233146744543	0.03613233146744543	0.03613233146744543	0.03613233146744543	0.036132331467445426	0.036132331467445426	0.036132331467445426	0.036132331467445426	0.036132331467445426	0.036132331467445426	0.036132331467445426	0.03613233146744542	0.03613233146744541	0.0361323314674454	0.036132331467445385	0.03613233146744535	0.03613233146744529	0.03613233146744518	0.03613233146744501	0.036132331467444705	0.036132331467444184	0.03613233146744328	0.03613233146744173	0.03613233146743906	0.03613233146743447	0.03613233146742655	0.03613233146741293	0.03613233146738947	0.03613233146734907	0.03613233146727953	0.036132331467159835	0.03613233146695383	0.03613233146659939	0.03613233146598964	0.03613233146494096	0.03613233146313781	0.036132331460038206	0.03613233145471146	0.03613233144555987	0.03613233142984154	0.03613233140285236	0.03613233135652404	0.03613233127702203	0.03613233114063051	0.036132330906704306	0.03613233050559812	0.03613232981799541	0.03613232863950874	0.036132326620053355	0.03613232316000152	0.03613231723226748	0.03613230707739719	0.03613228968080418	0.03613225987605897	0.03613220880585097	0.03613212127878139	0.036131971226543026	0.03613171389032424	0.03613127237113511	0.03613051446156084	0.036129212710637994	0.03612697555473362	0.03612312852517435	0.03611650937472869	0.03610511497568053	0.03608549352659774	0.03605170051060291	0.035993510583811464	0.03589336728403963	0.03572120589947383	0.03542570596358367	0.034919541489006056	0.03405453873453732	0.032579701015429334	0.030069558305038796	0.025800041736125955	0.01856943403957804	0.01112950387313674	0.010877445080388863	0.010373044745717729	0.009348955276094683	0.007258044554264417	0.00359906597847724	0.0033421462335947514	0.00296876041191492	0.002079174752272027	0.0008776541260470004	0.0007459169795520281	0.00038446541162388646	2.196508063071953e-19
0.043972621271411924	0.043972621271411924	0.043972621271411924	0.043972621271411924	0.043972621271411924	0.043972621271411924	0.043972621271411924	0.043972621271411924	0.043972621271411924	0.043972621271411924	0.043972621271411924	0.043972621271411924	0.043972621271411924	0.043972621271411924	0.043972621271411924	0.043972621271411924	0.043972621271411924	0.043972621271411924	0.043972621271411924	0.043972621271411924	0.043972621271411924	0.04397262127141192	0.04397262127141192	0.04397262127141191	0.043972621271411896	0.043972621271411876	0.04397262127141184	0.04397262127141178	0.043972621271411674	0.0439726212714115	0.043972621271411196	0.043972621271410675	0.043972621271409766	0.04397262127140822	0.04397262127140554	0.04397262127140094	0.04397262127139301	0.04397262127137935	0.043972621271355844	0.04397262127131537	0.043972621271245696	0.04397262127112577	0.04397262127091938	0.04397262127056426	0.043972621269953376	0.043972621268902744	0.04397262126709625	0.0439726212639909	0.043972621258654296	0.043972621249485776	0.04397262123373836	0.04397262120669916	0.043972621160284796	0.04397262108063473	0.043972620943988336	0.0439726207096232	0.04397262030776086	0.04397261961885499	0.04397261843812155	0.04397261641479081	0.04397261294805142	0.04397260700877095	0.043972596833953596	0.04397257940287928	0.04397254953848668	0.043972498365019104	0.043972410659042	0.043972260296551935	0.04397200242180436	0.04397155996692821	0.043970800429977724	0.04396949584585971	0.043967253752825786	0.04396339811255835	0.043956763934203356	0.043945343295982646	0.04392567602727227	0.04389180302506335	0.0438334735973438	0.043733087505051935	0.043560505470517756	0.04326428104363854	0.04275687226514754	0.041889729189937705	0.040411148456226745	0.03789394557749163	0.03360620452577409	0.02624830108012149	0.014739519043217852	0.013813762921288527	0.013307808585417956	0.012281146574721676	0.010186372360267417	0.00580015790493738	0.004241315319646146	0.003867039997429141	0.002979457314330764	0.0011250743407027431	0.0009929593026503853	0.0006343574680419483	2.2034969396507103e-19
0.058345938625463396	0.058345938625463396	0.058345938625463396	0.058345938625463396	0.058345938625463396	0.058345938625463396	0.058345938625463396	0.058345938625463396	0.058345938625463396	0.058345938625463396	0.058345938625463396	0.058345938625463396	0.058345938625463396	0.058345938625463396	0.058345938625463396	0.058345938625463396	0.058345938625463396	0.058345938625463396	0.058345938625463396	0.058345938625463396	0.058345938625463396	0.05834593862546339	0.05834593862546339	0.05834593862546338	0.05834593862546337	0.05834593862546335	0.05834593862546331	0.05834593862546325	0.058345938625463147	0.05834593862546297	0.05834593862546267	0.05834593862546214	0.05834593862546124	0.058345938625459684	0.058345938625457006	0.0583459386254524	0.05834593862544446	0.0583459386254308	0.05834593862540727	0.05834593862536676	0.05834593862529702	0.058345938625176993	0.05834593862497044	0.05834593862461505	0.05834593862400369	0.05834593862295225	0.05834593862114439	0.05834593861803673	0.05834593861269617	0.0583459386035209	0.05834593858776194	0.058345938560703	0.05834593851425482	0.05834593843454675	0.05834593829780087	0.058345938063264914	0.05834593766110912	0.05834593697169879	0.0583459357900977	0.05834593376527375	0.05834593029596309	0.05834592435225237	0.05834591416979691	0.058345896725545174	0.05834586683840227	0.05834581562562722	0.058345727851680615	0.05834557737155595	0.05834531929303469	0.05834487648483518	0.05834411633467323	0.05834281068530073	0.05834056674009383	0.058336707876943415	0.05833006808719068	0.05831863767562593	0.05829895338485283	0.05826505075009172	0.0582066697956206	0.05810619431247969	0.057933458075833937	0.05763696962765549	0.057129111648454065	0.05626120972908093	0.05478135355760081	0.05226197061628941	0.04796979247097692	0.040586737333084016	0.02639217112767464	0.018815542593284537	0.018309258403395114	0.01728253705957201	0.015191421119564372	0.010797881573950917	0.005429749364334915	0.005055623024132598	0.004172205367971615	0.0018285137497796805	0.0012654870029388384	0.0009095531765469594	2.202483271369602e-19