0.0000888072398993317	0.00008880723989288273	0.00008880723988450551	0.00008880723987344999	0.00008880723985860725	0.00008880723983832051	0.00008880723981010838	0.00008880723977029645	0.0000888072397136186	0.00008880723963297666	0.00008880723951961633	0.00008880723936362409	0.00008880723915371854	0.00008880723887478384	0.0000888072385025936	0.00008880723799689107	0.0000888072372960689	0.00008880723631978471	0.00008880723498029238	0.00008880723317626534	0.00008880723074138964	0.00008880722739399352	0.00008880722277821208	0.00008880721652028406	0.00008880720803293846	0.00008880719636400987	0.00008880718048028694	0.0000888071588937378	0.00008880712932541812	0.00008880708919676776	0.00008880703434441341	0.00008880695981783387	0.00008880685812776656	0.00008880671987897017	0.00008880653169754468	0.00008880627558974882	0.00008880592743239991	0.0000888054542783903	0.00008880481143917933	0.00008880393847566472	0.00008880275364894866	0.00008880114652795304	0.00008879896801051284	0.0000887960164179454	0.00008879202048644753	0.00008878661458330714	0.00008877930723559937	0.00008876943753416397	0.00008875611916664102	0.00008873816443184617	0.0000887139848337505	0.00008868145785004673	0.00008863775414274661	0.00008857910688463686	0.0000885005128712609	0.00008839534097467494	0.00008825481537919647	0.00008806735354291574	0.0000878176965531855	0.00008748579312068675	0.00008704533823584876	0.00008646190159646208	0.00008569043158082074	0.00008467211996171093	0.00008333022384028606	0.00008156474046968459	0.00007924565968810599	0.00007620505852098091	0.00007222948112341733	0.00006705854457075144	0.00006040715951796542	0.00005205786659519603	0.0000421048587761519	0.000031341089312929065	0.00002132588150267032	0.00001353162359018305	8.348695606764438e-6	5.1931923795174195e-6	3.2299132614784295e-6	1.8604554929279758e-6	9.086054558653983e-7	3.872948152514682e-7	1.620921588042778e-7	6.812720700398873e-8	2.410187198922375e-8	6.9791339291408604e-9	2.0126650141456184e-9	5.159576203160975e-10	1.0237268889184334e-10	2.005490409620909e-11	3.0245775478274455e-12	4.0525931498916285e-13	4.326240567507657e-14	3.903896264423746e-15	2.377295278928889e-16	9.824764662286596e-18	3.113535548044166e-19	7.452532310545574e-21	1.3169404969321387e-22	1.661797157693331e-24	3.0879341406009025e-40
0.00008880723989933264	0.00008880723989288367	0.00008880723988450644	0.00008880723987345093	0.00008880723985860819	0.00008880723983832144	0.00008880723981010932	0.00008880723977029737	0.00008880723971361952	0.0000888072396329776	0.00008880723951961727	0.00008880723936362502	0.00008880723915371947	0.00008880723887478477	0.00008880723850259452	0.000088807237996892	0.00008880723729606983	0.00008880723631978565	0.00008880723498029331	0.00008880723317626628	0.00008880723074139057	0.00008880722739399447	0.00008880722277821301	0.000088807216520285	0.00008880720803293939	0.0000888071963640108	0.00008880718048028787	0.00008880715889373873	0.00008880712932541905	0.00008880708919676868	0.00008880703434441434	0.0000888069598178348	0.00008880685812776748	0.00008880671987897111	0.00008880653169754561	0.00008880627558974974	0.00008880592743240084	0.00008880545427839122	0.00008880481143918026	0.00008880393847566565	0.0000888027536489496	0.00008880114652795396	0.00008879896801051377	0.00008879601641794633	0.00008879202048644846	0.00008878661458330806	0.0000887793072356003	0.0000887694375341649	0.00008875611916664196	0.0000887381644318471	0.00008871398483375143	0.00008868145785004767	0.00008863775414274754	0.0000885791068846378	0.00008850051287126184	0.00008839534097467586	0.0000882548153791974	0.00008806735354291667	0.00008781769655318644	0.00008748579312068769	0.00008704533823584967	0.00008646190159646296	0.00008569043158082162	0.00008467211996171182	0.00008333022384028691	0.00008156474046968547	0.00007924565968810685	0.00007620505852098167	0.00007222948112341834	0.00006705854457075258	0.000060407159517966584	0.000052057866595197545	0.00004210485877615356	0.00003134108931293037	0.000021325881502671906	0.000013531623590184952	8.348695606766083e-6	5.193192379519037e-6	3.229913261479032e-6	1.860455492925263e-6	9.08605455864663e-7	3.8729481525114343e-7	1.6209215880425152e-7	6.812720700396726e-8	2.4101871989239888e-8	6.979133929142787e-9	2.0126650141464092e-9	5.159576203161251e-10	1.0237268889185624e-10	2.0054904096220494e-11	3.0245775478283365e-12	4.0525931498949587e-13	4.3262405675098226e-14	3.903896264422418e-15	2.377295278927667e-16	9.824764662281888e-18	3.1135355480440156e-19	7.452532310545319e-21	1.3169404969320695e-22	1.66179715769397e-24	3.087934140602593e-40
0.00008880723989933264	0.00008880723989288367	0.00008880723988450646	0.00008880723987345093	0.00008880723985860819	0.00008880723983832144	0.00008880723981010932	0.00008880723977029739	0.00008880723971361954	0.0000888072396329776	0.00008880723951961728	0.00008880723936362502	0.00008880723915371948	0.00008880723887478479	0.00008880723850259455	0.00008880723799689202	0.00008880723729606983	0.00008880723631978566	0.00008880723498029333	0.0000888072331762663	0.00008880723074139059	0.00008880722739399447	0.00008880722277821301	0.00008880721652028501	0.0000888072080329394	0.00008880719636401082	0.00008880718048028788	0.00008880715889373875	0.00008880712932541907	0.0000888070891967687	0.00008880703434441435	0.00008880695981783482	0.00008880685812776748	0.00008880671987897112	0.00008880653169754563	0.00008880627558974975	0.00008880592743240086	0.00008880545427839123	0.00008880481143918028	0.00008880393847566567	0.0000888027536489496	0.00008880114652795397	0.00008879896801051379	0.00008879601641794634	0.00008879202048644846	0.00008878661458330809	0.00008877930723560031	0.00008876943753416491	0.00008875611916664197	0.00008873816443184712	0.00008871398483375144	0.00008868145785004768	0.00008863775414274756	0.0000885791068846378	0.00008850051287126185	0.00008839534097467587	0.0000882548153791974	0.00008806735354291667	0.00008781769655318644	0.0000874857931206877	0.00008704533823584968	0.00008646190159646297	0.00008569043158082163	0.00008467211996171182	0.00008333022384028691	0.00008156474046968548	0.00007924565968810685	0.00007620505852098169	0.00007222948112341836	0.0000670585445707526	0.00006040715951796659	0.00005205786659519755	0.000042104858776153565	0.00003134108931293037	0.000021325881502671916	0.000013531623590184957	8.348695606766089e-6	5.193192379519042e-6	3.2299132614790347e-6	1.8604554929252545e-6	9.08605455864661e-7	3.8729481525114253e-7	1.6209215880425144e-7	6.81272070039672e-8	2.410187198923994e-8	6.979133929142793e-9	2.012665014146412e-9	5.159576203161253e-10	1.0237268889185628e-10	2.005490409622053e-11	3.0245775478283397e-12	4.052593149894969e-13	4.326240567509829e-14	3.903896264422414e-15	2.3772952789276636e-16	9.824764662281874e-18	3.113535548044014e-19	7.452532310545317e-21	1.3169404969320695e-22	1.661797157693972e-24	3.087934140602598e-40
0.00008880723989933264	0.00008880723989288367	0.00008880723988450644	0.00008880723987345093	0.00008880723985860819	0.00008880723983832145	0.0000888072398101093	0.00008880723977029737	0.00008880723971361954	0.0000888072396329776	0.00008880723951961728	0.00008880723936362502	0.00008880723915371947	0.00008880723887478479	0.00008880723850259454	0.000088807237996892	0.00008880723729606984	0.00008880723631978565	0.00008880723498029331	0.00008880723317626629	0.00008880723074139059	0.00008880722739399447	0.00008880722277821301	0.000088807216520285	0.00008880720803293939	0.0000888071963640108	0.00008880718048028788	0.00008880715889373873	0.00008880712932541906	0.0000888070891967687	0.00008880703434441434	0.0000888069598178348	0.00008880685812776748	0.00008880671987897111	0.00008880653169754563	0.00008880627558974975	0.00008880592743240086	0.00008880545427839123	0.00008880481143918028	0.00008880393847566565	0.0000888027536489496	0.00008880114652795397	0.00008879896801051377	0.00008879601641794634	0.00008879202048644846	0.00008878661458330807	0.00008877930723560031	0.0000887694375341649	0.00008875611916664197	0.00008873816443184712	0.00008871398483375143	0.00008868145785004767	0.00008863775414274754	0.0000885791068846378	0.00008850051287126184	0.00008839534097467587	0.0000882548153791974	0.00008806735354291667	0.00008781769655318644	0.00008748579312068769	0.00008704533823584968	0.00008646190159646296	0.00008569043158082162	0.00008467211996171182	0.0000833302238402869	0.00008156474046968547	0.00007924565968810685	0.00007620505852098167	0.00007222948112341834	0.0000670585445707526	0.00006040715951796659	0.00005205786659519755	0.00004210485877615356	0.00003134108931293037	0.000021325881502671913	0.000013531623590184957	8.348695606766089e-6	5.193192379519042e-6	3.2299132614790347e-6	1.8604554929252528e-6	9.086054558646605e-7	3.8729481525114227e-7	1.6209215880425144e-7	6.812720700396718e-8	2.410187198923995e-8	6.9791339291427936e-9	2.012665014146412e-9	5.159576203161252e-10	1.0237268889185629e-10	2.0054904096220536e-11	3.0245775478283397e-12	4.0525931498949703e-13	4.3262405675098295e-14	3.9038962644224135e-15	2.3772952789276626e-16	9.824764662281872e-18	3.113535548044014e-19	7.452532310545314e-21	1.316940496932069e-22	1.6617971576939725e-24	3.0879341406025983e-40
0.00008880723989933264	0.00008880723989288367	0.00008880723988450644	0.00008880723987345093	0.0000888072398586082	0.00008880723983832145	0.00008880723981010932	0.00008880723977029739	0.00008880723971361954	0.0000888072396329776	0.00008880723951961728	0.00008880723936362502	0.00008880723915371948	0.00008880723887478477	0.00008880723850259454	0.00008880723799689202	0.00008880723729606983	0.00008880723631978565	0.00008880723498029331	0.00008880723317626629	0.00008880723074139059	0.00008880722739399447	0.00008880722277821302	0.000088807216520285	0.0000888072080329394	0.0000888071963640108	0.00008880718048028788	0.00008880715889373873	0.00008880712932541906	0.0000888070891967687	0.00008880703434441435	0.0000888069598178348	0.0000888068581277675	0.00008880671987897112	0.00008880653169754563	0.00008880627558974975	0.00008880592743240086	0.00008880545427839123	0.00008880481143918028	0.00008880393847566565	0.0000888027536489496	0.00008880114652795397	0.00008879896801051379	0.00008879601641794634	0.00008879202048644846	0.00008878661458330807	0.00008877930723560031	0.00008876943753416491	0.00008875611916664197	0.00008873816443184712	0.00008871398483375143	0.00008868145785004768	0.00008863775414274756	0.0000885791068846378	0.00008850051287126185	0.00008839534097467587	0.0000882548153791974	0.00008806735354291667	0.00008781769655318644	0.0000874857931206877	0.00008704533823584968	0.00008646190159646297	0.00008569043158082163	0.00008467211996171182	0.00008333022384028691	0.00008156474046968548	0.00007924565968810685	0.00007620505852098169	0.00007222948112341834	0.0000670585445707526	0.0000604071595179666	0.00005205786659519755	0.000042104858776153565	0.00003134108931293038	0.000021325881502671916	0.000013531623590184959	8.34869560676609e-6	5.193192379519043e-6	3.2299132614790347e-6	1.8604554929252526e-6	9.086054558646604e-7	3.8729481525114227e-7	1.6209215880425141e-7	6.812720700396719e-8	2.4101871989239957e-8	6.979133929142794e-9	2.0126650141464125e-9	5.159576203161253e-10	1.023726888918563e-10	2.0054904096220536e-11	3.02457754782834e-12	4.0525931498949713e-13	4.32624056750983e-14	3.9038962644224135e-15	2.377295278927662e-16	9.824764662281872e-18	3.1135355480440146e-19	7.452532310545317e-21	1.3169404969320693e-22	1.6617971576939733e-24	3.0879341406025983e-40
0.00008881197684508171	0.00008881197683863272	0.00008881197683025549	0.00008881197681919998	0.00008881197680435729	0.00008881197678407063	0.0000888119767558587	0.00008881197671604708	0.00008881197665936973	0.00008881197657872843	0.00008881197646536878	0.00008881197630937708	0.00008881197609947181	0.00008881197582053732	0.0000888119754483479	0.00008881197494264762	0.00008881197424182983	0.00008881197326555096	0.00008881197192606292	0.00008881197012203955	0.00008881196768717269	0.00008881196433979485	0.00008881195972403318	0.00008881195346612265	0.00008881194497881461	0.00008881193330994223	0.00008881191742626911	0.00008881189583981734	0.00008881186627161156	0.00008881182614311205	0.00008881177129097819	0.00008881169676468114	0.00008881159507499651	0.00008881145682676526	0.00008881126864602654	0.00008881101253921569	0.00008881066438326144	0.00008881019123113017	0.00008880954839443103	0.00008880867543426994	0.00008880749061199744	0.00008880588349689474	0.00008880370498734507	0.00008880075340544597	0.00008879675748758682	0.00008879135160266958	0.0000887840442784166	0.00008877417460716855	0.00008876085627793914	0.0000887429015911538	0.00008871872205087742	0.00008868619513701078	0.00008864249150880068	0.00008858384433575923	0.00008850525040326156	0.00008840007857083682	0.00008825955299099375	0.00008807209108622922	0.00008782243385789255	0.00008749052997234123	0.00008705007424887806	0.00008646663622247734	0.00008569516411340063	0.00008467684951637856	0.00008333494945226525	0.00008156946123730115	0.00007925037507487355	0.00007620976869563396	0.00007223418709107893	0.00006706324585027065	0.000060411846641051843	0.00005206249642089258	0.000042109301715156995	0.00003134508157457424	0.00002132911954234505	0.000013534010180627999	8.350395434871589e-6	5.1944431741390946e-6	3.230877928081835e-6	1.8611807543702518e-6	9.090539353304204e-7	3.8751289210201926e-7	1.6219414636431938e-7	6.817996369665251e-8	2.4126188607233775e-8	6.987119081595602e-9	2.015274988306844e-9	5.168279637066672e-10	1.0256840458286524e-10	2.0099985995284914e-11	3.032993784957287e-12	4.0652049511483494e-13	4.343078905994502e-14	3.921182330405529e-15	2.389864528092815e-16	9.876952397057645e-18	3.1299841320139627e-19	7.491662896421784e-21	1.32380927594085e-22	1.67040242348133e-24	3.1038199072762926e-40
0.00008881569020367664	0.00008881569019722764	0.0000888156901888504	0.0000888156901777949	0.00008881569016295224	0.00008881569014266568	0.00008881569011445389	0.00008881569007464253	0.00008881569001796556	0.00008881568993732476	0.00008881568982396562	0.00008881568966797434	0.00008881568945806931	0.00008881568917913497	0.00008881568880694621	0.00008881568830124766	0.00008881568760043332	0.00008881568662415862	0.00008881568528467395	0.00008881568348065343	0.00008881568104579353	0.00008881567769842999	0.00008881567308268388	0.00008881566682478703	0.00008881565833750845	0.00008881564666868011	0.00008881563078504605	0.00008881560919867062	0.0000888155796305541	0.00008881553950217287	0.00008881548465021183	0.00008881541012413624	0.00008881530843475158	0.00008881517018696337	0.00008881498200676301	0.00008881472590072432	0.00008881437774586338	0.00008881390459520457	0.00008881326176047447	0.00008881238880294228	0.00008881120398415314	0.00008880959687366999	0.0000888074183703058	0.00008880446679676978	0.00008880047088960222	0.00008879506501897036	0.0000887877577131039	0.00008877788806552016	0.00008876456976630958	0.00008874661511715958	0.00008872243562220855	0.0000886899087630882	0.0000886462051968779	0.00008858755809052267	0.00008850896422142662	0.00008840379243929879	0.00008826326687171255	0.00008807580491326257	0.00008782614749787898	0.00008749424325717333	0.0000870537868763001	0.00008647034776259951	0.00008569887401244928	0.00008468055708099979	0.00008333865392615743	0.00008157316191362911	0.0000792540715330781	0.00007621346106798849	0.0000722378761655133	0.00006706693124960396	0.000060415520942957774	0.00005206612580656605	0.000042112784597716596	0.00003134821116479413	0.00002133165788732257	0.000013535881062542993	8.351727954102297e-6	5.1954236896862205e-6	3.231634143839942e-6	1.8617492970479644e-6	9.09405504710153e-7	3.87683845621746e-7	1.6227409585135505e-7	6.822132041226642e-8	2.4145250747104082e-8	6.99337875524676e-9	2.017320983869084e-9	5.175102381681045e-10	1.0272182887393131e-10	2.0135326331914067e-11	3.0395913919672095e-12	4.075091520060584e-13	4.356278717064444e-14	3.934733121377416e-15	2.399717739822824e-16	9.917863098540185e-18	3.1428784090216986e-19	7.522337914690107e-21	1.3291938087009917e-22	1.6771482127231332e-24	3.1162729838660515e-40
0.00008882685525048926	0.00008882685524404021	0.00008882685523566298	0.00008882685522460749	0.00008882685520976492	0.0000888268551894786	0.00008882685516126725	0.00008882685512145664	0.00008882685506478081	0.00008882685498414153	0.00008882685487078399	0.00008882685471479397	0.00008882685450488954	0.00008882685422595575	0.00008882685385376892	0.00008882685334807587	0.00008882685264727179	0.00008882685167101008	0.00008882685033153566	0.00008882684852752413	0.00008882684609268545	0.00008882684274536476	0.00008882683812966455	0.00008882683187180753	0.00008882682338461504	0.00008882681171591582	0.00008882679583239656	0.00008882677424624793	0.00008882674467840022	0.00008882670455037839	0.00008882664969894351	0.00008882657517354019	0.00008882647348506896	0.00008882633523863327	0.00008882614706007704	0.00008882589095638173	0.00008882554280481802	0.00008882506965856847	0.000088824426829722	0.0000888235538800658	0.0000888223690717738	0.00008882076197515015	0.00008881858349040389	0.00008881563194198097	0.000088811636066961	0.00008880623023932304	0.00008879892298881308	0.00008878905341228434	0.00008877573520342835	0.00008875778066732137	0.00008873360130885749	0.00008870107461423732	0.00008865737123450569	0.00008859872432878691	0.00008852013065085385	0.00008841495902024219	0.00008827443348977827	0.00008808697137052949	0.00008783731339348416	0.00008750540808666615	0.00008706494973176423	0.00008648150735057168	0.00008571002867318652	0.00008469170472834253	0.00008334979228511641	0.00008158428885770608	0.00007926518579847142	0.00007622456305050571	0.00007224896823955963	0.00006707801228195748	0.000060426568612330324	0.000052077038417653745	0.000042123256776628446	0.00003135762130378857	0.00002133929061262006	0.000013541506994274032	8.35573512935298e-6	5.198372423025274e-6	3.2339084557180035e-6	1.8634593722785775e-6	9.104632038002862e-7	3.881982487219092e-7	1.6251467843930315e-7	6.834578796321004e-8	2.42026467541053e-8	7.012233521133933e-9	2.0234841201862818e-9	5.195668994733667e-10	1.0318459325229296e-10	2.0241942713606752e-11	3.0595225653800653e-12	4.104966336403591e-13	4.396235305604597e-14	3.9757723919916315e-15	2.4296281623698887e-16	1.0042069207341998e-17	3.182022635849104e-19	7.615451862194163e-21	1.3455368802749977e-22	1.6976207137296175e-24	3.154062532423264e-40
0.00008884191076057142	0.00008884191075412233	0.00008884191074574505	0.00008884191073468962	0.0000888419107198472	0.00008884191069956117	0.00008884191067135043	0.00008884191063154085	0.00008884191057486658	0.00008884191049422931	0.00008884191038087394	0.00008884191022488559	0.00008884191001498207	0.00008884190973604901	0.00008884190936386474	0.00008884190885817905	0.00008884190815738881	0.00008884190718114447	0.00008884190584168397	0.00008884190403768443	0.0000888419016028743	0.00008884189825561166	0.00008884189363997354	0.00008884188738216966	0.00008884187889509262	0.00008884186722656717	0.00008884185134320267	0.00008884182975736123	0.00008884180018987971	0.00008884176006234936	0.00008884170521163377	0.00008884163068714876	0.00008884152899992169	0.00008884139075531921	0.00008884120257898882	0.00008884094647845575	0.00008884059833133028	0.00008884012519100838	0.0000888394823700742	0.00008883860943102842	0.00008883742463688604	0.0000888358175589742	0.00008883363909930516	0.00008883068758473114	0.00008882669175304138	0.00008882128598343379	0.00008881397880759733	0.00008880410932681821	0.00008879079123992712	0.00008877283685608547	0.00008874865768181648	0.00008871613120900484	0.00008867242808090767	0.00008861378144589119	0.00008853518802614476	0.00008843001660014851	0.00008828949112031866	0.00008810202878541472	0.000087852370052545	0.00008752046331063178	0.00008708000229790475	0.0000864965555123242	0.00008572507019654391	0.00008470673679845421	0.00008336481183726145	0.00008159929302349379	0.00007928017287446717	0.0000762395335682736	0.00007226392540335132	0.00006709295455330432	0.000060441465902974884	0.00005209175366964171	0.00004213737852542089	0.000031370311601178257	0.000021349584561241926	0.000013549094883752917	8.361139989470272e-6	5.202349868339959e-6	3.236976390847677e-6	1.8657664789112886e-6	9.118905667512664e-7	3.888925793266715e-7	1.6283943241294847e-7	6.851383131021384e-8	2.428018006453698e-8	7.037714746461638e-9	2.0318139056635673e-9	5.223489519796859e-10	1.0381103326022162e-10	2.038630338312254e-11	3.0865542791346317e-12	4.1454968613070297e-13	4.4505582716595356e-14	4.0316003976347735e-15	2.470431468066935e-16	1.0211538557579865e-17	3.2354265601806447e-19	7.74247146595703e-21	1.3678282165258648e-22	1.7255407359395944e-24	3.2055930348251937e-40
0.00008886309710091724	0.00008886309709446808	0.00008886309708609077	0.0000888630970750354	0.00008886309706019317	0.00008886309703990758	0.00008886309701169769	0.00008886309697188954	0.00008886309691521743	0.00008886309683458302	0.00008886309672123068	0.00008886309656524471	0.00008886309635534244	0.00008886309607641038	0.00008886309570422977	0.0000888630951985544	0.00008886309449778363	0.00008886309352156365	0.00008886309218212273	0.00008886309037814002	0.00008886308794337004	0.0000888630845961891	0.00008886307998063846	0.00008886307372290974	0.00008886306523599507	0.0000888630535677143	0.0000888630376845672	0.00008886301609915717	0.00008886298653218868	0.00008886294640534727	0.00008886289155564377	0.00008886281703245455	0.000088862715346984	0.00008886257710496634	0.00008886238893176973	0.00008886213283568614	0.00008886178469479882	0.00008886131156280308	0.00008886066875298276	0.00008885979582885239	0.00008885861105461183	0.00008885700400302448	0.0000888548255786131	0.00008885187411163613	0.00008884787834091599	0.0000888424726530164	0.00008883516558225804	0.00008882529623621773	0.0000888119783210009	0.00008879402415133182	0.00008876984523638783	0.00008873731907577522	0.00008869361630203718	0.00008863497004816468	0.00008855637699237378	0.00008845120585497061	0.00008831068044752199	0.00008812321781112394	0.00008787355801754422	0.00008754164926086916	0.0000871011845148137	0.00008651773153604875	0.00008574623688863095	0.00008472789019710222	0.00008338594763277947	0.00008162040717896983	0.00007930126299417287	0.00007626060039294907	0.00007228497345132945	0.00006711398164433076	0.000060462429721907016	0.000052112461448535644	0.0000421572516222012	0.000031388171147804904	0.000021364072733625194	0.000013559775222849891	8.368748062388613e-6	5.20794901080645e-6	3.2412955548334266e-6	1.8690150566180975e-6	9.139011224726668e-7	3.8987086512352255e-7	1.6329703639219196e-7	6.875067071327603e-8	2.4389534215353378e-8	7.073674617757986e-9	2.043570299876603e-9	5.262798044091493e-10	1.0469699375121529e-10	2.059053348053188e-11	3.124878641491666e-12	4.202982624271013e-13	4.527817973355161e-14	4.111061373138558e-15	2.528720050403983e-16	1.045368565493741e-17	3.311723231144872e-19	7.923913858618924e-21	1.399665374646822e-22	1.7654100683258763e-24	3.2791662266507495e-40
0.00008889246381632222	0.00008889246380987297	0.00008889246380149561	0.0000888924637904403	0.00008889246377559834	0.00008889246375531338	0.00008889246372710465	0.0000888924636872985	0.0000888924636306294	0.00008889246354999895	0.00008889246343665082	0.00008889246328066813	0.00008889246307076754	0.00008889246279183689	0.00008889246241966131	0.00008889246191400026	0.00008889246121325649	0.00008889246023707035	0.00008889245889765646	0.00008889245709369703	0.00008889245465898254	0.0000888924513119147	0.00008889244669648529	0.00008889244043886092	0.00008889243195217157	0.00008889242028422989	0.00008889240440138398	0.00008889238281656988	0.0000888923532503105	0.00008889231312442167	0.00008889225827611942	0.00008889218375472245	0.00008889208207168204	0.00008889194383323943	0.00008889175566437576	0.00008889149957444555	0.00008889115144218744	0.00008889067832170803	0.00008889003552725816	0.00008888916262376251	0.00008888797787707417	0.0000888863708619301	0.00008888419248635061	0.00008888124108531497	0.00008887724539911511	0.00008887183982448351	0.00008886453289939025	0.00008885466374016031	0.00008884134606284247	0.00008882339219006445	0.00008879921363470123	0.0000887666879070799	0.00008872298562491203	0.00008866433989984317	0.00008858574734966023	0.0000884805766136168	0.00008834005130871488	0.00008815258825783293	0.00008790292700002355	0.00008757101545988963	0.00008713054555160159	0.00008654708399878888	0.00008577557643492593	0.00008475721133531943	0.00008341524439465329	0.00008164967396830344	0.0000793304964924619	0.00007628980161553583	0.00007231414867761121	0.0000671431278268246	0.0000604914882514826	0.00005214116534609271	0.00004218479945389466	0.00003141292956118574	0.00002138415959120768	0.000013574584299001816	8.379298099930785e-6	5.215713977349411e-6	3.2472861303284062e-6	1.8735218122319226e-6	9.16691780483881e-7	3.912292474639538e-7	1.639325087296537e-7	6.907967145407495e-8	2.4541595798606038e-8	7.12371900041881e-9	2.0599336025564044e-9	5.317595077906976e-10	1.0593370008113988e-10	2.0875741137521656e-11	3.1785596992851293e-12	4.283548933445183e-13	4.63651369354888e-14	4.222972846823776e-15	2.611233864115588e-16	1.0796584443128417e-17	3.4197456960863755e-19	8.180750389453517e-21	1.4447215437043057e-22	1.821819744725135e-24	3.3832393898326044e-40
0.00008893165845264112	0.00008893165844619171	0.00008893165843781431	0.00008893165842675907	0.0000889316584119175	0.00008893165839163335	0.00008893165836342619	0.00008893165832362267	0.00008893165826695759	0.0000889316581863324	0.00008893165807298988	0.00008893165791701161	0.00008893165770711328	0.00008893165742818448	0.00008893165705601559	0.00008893165655037362	0.00008893165584966588	0.00008893165487352498	0.00008893165353414713	0.00008893165173021871	0.00008893164929557817	0.00008893164594866101	0.00008893164133339322	0.00008893163507590788	0.0000889316265895193	0.0000889316149220305	0.00008893159903958639	0.00008893157745556726	0.00008893154789025459	0.00008893150776563606	0.00008893145291920181	0.00008893137840019324	0.00008893127672039819	0.00008893113848672719	0.00008893095032364004	0.0000889306942419075	0.00008893034612114091	0.00008892987301599469	0.00008892923024201214	0.00008892835736600089	0.00008892717265603714	0.00008892556568949234	0.000088923387379054	0.00008892043606601133	0.00008891644049260042	0.00008891103506916383	0.00008890372833854347	0.00008889385942862949	0.00008888054206875833	0.0000888625885923197	0.00008883841051701465	0.00008880588536779147	0.00008876218374230216	0.00008870353872407183	0.00008862494685056286	0.00008851977665256217	0.00008837925148851066	0.00008819178789020441	0.00008794212468891816	0.0000876102094502797	0.00008716973267456241	0.00008658625969776297	0.00008581473492692729	0.00008479634529166828	0.0000834543458588848	0.00008168873547006707	0.00007936951360736728	0.00007632877568134184	0.00007235308810047339	0.00006718202849806126	0.00006053027202554363	0.0000521794762889911	0.00004222156917362295	0.00003144597926369229	0.000021410977099639897	0.00001359435826227029	8.393386717051696e-6	5.226084643854616e-6	3.2552882286348525e-6	1.879543751415922e-6	9.204231956919399e-7	3.930464861011804e-7	1.6478277411015754e-7	6.952006052218237e-8	2.474541760386901e-8	7.190871300181892e-9	2.081894803336343e-9	5.391290623700417e-10	1.0759992367555222e-10	2.126022513984765e-11	3.2512176848443494e-12	4.392679126474679e-13	4.784501203485043e-14	4.375552415995937e-15	2.7245048381583496e-16	1.126751424051869e-17	3.5680656129213683e-19	8.533300493357108e-21	1.506549770306804e-22	1.8992026212228788e-24	3.525965009976637e-40
0.00008898195824154488	0.00008898195823509531	0.00008898195822671783	0.00008898195821566271	0.00008898195820082158	0.00008898195818053849	0.00008898195815233332	0.00008898195811253321	0.00008898195805587329	0.00008898195797525488	0.00008898195786191954	0.00008898195770594689	0.00008898195749605149	0.00008898195721712504	0.00008898195684496472	0.00008898195633934718	0.00008898195563868562	0.00008898195466260271	0.00008898195332327116	0.00008898195151938247	0.00008898194908483677	0.00008898194573811275	0.00008898194112305226	0.00008898193486574502	0.00008898192637974179	0.0000889819147128338	0.0000889818988309049	0.00008898187724790512	0.00008898184768380642	0.00008898180756081495	0.00008898175271677572	0.00008898167820082893	0.00008898157652519322	0.00008898143829764203	0.00008898125014197526	0.00008898099407077415	0.00008898064596475772	0.00008898017287928518	0.00008897953013155193	0.00008897865729078139	0.00008897747262791432	0.00008897586572371729	0.00008897368749685367	0.00008897073629675414	0.00008896674086810444	0.00008896133563873594	0.00008895402915764341	0.00008894416056762696	0.00008893084361517578	0.00008891289064746113	0.00008888871318845269	0.00008885618878224258	0.00008881248800040054	0.00008875384389096807	0.00008867525288886102	0.0000885700833852392	0.00008842955840839623	0.00008824209411698737	0.00008799242843913993	0.000087660508479984	0.00008722002292726554	0.00008663653532186946	0.00008586498851915567	0.0000848465674514767	0.00008350452638950152	0.00008173886478207003	0.00007941958602961551	0.00007637879290204938	0.0000724030609446343	0.00006723195163308614	0.000060580045278246145	0.000052228643497618596	0.000042268760943605554	0.00003148840195423099	0.00002144540647952223	0.000013619749271515786	8.411479949458604e-6	5.239405154451616e-6	3.265568499016929e-6	1.8872832044479125e-6	9.252229637886869e-7	3.9538554525081004e-7	1.6587740996811323e-7	7.008731851663111e-8	2.500840903572902e-8	7.277637992391986e-9	2.1102771400644104e-9	5.486781737531825e-10	1.0976387404670097e-10	2.175991816656625e-11	3.3461264578019263e-12	4.535364838618554e-13	4.9792369472145423e-14	4.576680134110708e-15	2.8751066212059394e-16	1.1894023475817196e-17	3.7653253175182005e-19	9.002012874209437e-21	1.588718425515078e-22	2.002000878815246e-24	3.7154963259723855e-40
0.00008904886990819072	0.00008904886990174092	0.00008904886989336335	0.00008904886988230838	0.00008904886986746784	0.00008904886984718616	0.00008904886981898366	0.00008904886977918806	0.000089048869722535	0.00008904886964192556	0.0000890488695285998	0.00008904886937263464	0.00008904886916274309	0.00008904886888381978	0.00008904886851167083	0.00008904886800608574	0.00008904886730548553	0.00008904886632947964	0.00008904886499020963	0.00008904886318637366	0.0000890488607519537	0.0000890488574054865	0.00008904885279070152	0.0000890488465336306	0.00008904883804813851	0.0000890488263820025	0.00008904881050075771	0.00008904878891911215	0.00008904875935662821	0.00008904871923579658	0.00008904866439494046	0.0000890485898830572	0.00008904848821294974	0.00008904834999352896	0.00008904816184770773	0.00008904790579049814	0.00008904755770409167	0.00008904708464477527	0.0000890464419319514	0.00008904556913805212	0.00008904438453781242	0.00008904277771652123	0.0000890405996007822	0.00008903764855088489	0.00008903365331472019	0.00008902824834340895	0.00008902094219411378	0.00008901107402956361	0.00008899775761907295	0.00008897980532833505	0.00008895562868972348	0.00008892310527308422	0.00008887940561542196	0.0000888207627182191	0.00008874217288127378	0.00008863700430943025	0.00008849647959428655	0.00008830901439983809	0.0000880593454635076	0.00008772741927455996	0.00008728692211934214	0.00008670341511873512	0.00008593183910742745	0.00008491337633872688	0.0000835712800349309	0.00008180555042744495	0.00007948619614525358	0.00007644532967823713	0.00007246953883255861	0.0000672983634488835	0.000060646258022177925	0.00005229405155665289	0.000042331546217583	0.00003154485268577449	0.00002149123326300864	0.000013653554422898943	8.435574093968368e-6	5.257147674564611e-6	3.2792655911649147e-6	1.8976011575132606e-6	9.316300618124469e-7	3.9851095119810104e-7	1.6734047552307523e-7	7.084609672845992e-8	2.5361097192984022e-8	7.394239822118959e-9	2.1484319011329905e-9	5.615647959442425e-10	1.1269420390011825e-10	2.2437288628024008e-11	3.475756402807235e-12	4.730524865334663e-13	5.2481333895904194e-14	4.85510831997144e-15	3.0862831961300683e-16	1.2773359552565812e-17	4.0420620521573376e-19	9.659223060790089e-21	1.7038658322064224e-22	2.1459686705999075e-24	3.980784096688127e-40
0.00008913115731446622	0.00008913115730801614	0.00008913115729963843	0.00008913115728858363	0.00008913115727374387	0.00008913115725346388	0.00008913115722526464	0.0000891311571854746	0.00008913115712882996	0.00008913115704823155	0.00008913115693491756	0.0000891311567789616	0.00008913115656907479	0.00008913115629015528	0.00008913115591802022	0.00008913115541247495	0.00008913115471195009	0.00008913115373603886	0.00008913115239684442	0.00008913115059307304	0.00008913114815880731	0.00008913114481265535	0.00008913114019820908	0.00008913113394142814	0.00008913112545656313	0.0000891311137913753	0.00008913109791097021	0.00008913107633098623	0.00008913104677048673	0.00008913100665230544	0.00008913095181536036	0.00008913087730846257	0.00008913077564514639	0.00008913063743570286	0.00008913044930197549	0.00008913019326195926	0.0000891298451996342	0.00008912937217242295	0.00008912872950245206	0.00008912785676612471	0.00008912667224284533	0.00008912506552344078	0.00008912288754424072	0.0000891199366789481	0.00008911594167937313	0.00008911053702525837	0.00008910323128378698	0.00008909336364233328	0.0000890800478983427	0.00008906209644056854	0.00008903792081154711	0.00008900539861339498	0.00008896170034081212	0.00008890305893892167	0.00008882447054324912	0.0000887193031280741	0.00008857877875196022	0.0000883913124732111	0.00008814163957949071	0.00008780970579597985	0.00008736919447280561	0.00008678566370950614	0.00008601405191392053	0.00008499553801477892	0.00008365337396092071	0.00008188756091238476	0.00007956811394842171	0.00007652715742055636	0.00007255129432862063	0.00006738003777556846	0.00006072768790463556	0.00005237449394207904	0.000042408770264464	0.000031614299681128836	0.000021547627591610535	0.00001369516704568569	8.465239947613414e-6	5.278998657233005e-6	3.296139991966125e-6	1.910321025761852e-6	9.395399703811899e-7	4.023736462391182e-7	1.6914927946636012e-7	7.178499507373459e-8	2.57987525160015e-8	7.539269161253952e-9	2.1959066844792147e-9	5.77667433789154e-10	1.1636994635855908e-10	2.3287925754614066e-11	3.63990749258319e-12	4.978039632060994e-13	5.59274077138954e-14	5.212908146054173e-15	3.3615297112449574e-16	1.3920764574126104e-17	4.402979195665246e-19	1.0515843639030816e-20	1.8538551882599486e-22	2.3333701763438784e-24	4.325891493294379e-40
0.00008923266751040936	0.00008923266750395894	0.00008923266749558108	0.00008923266748452652	0.00008923266746968765	0.00008923266744940978	0.00008923266742121456	0.00008923266738143136	0.00008923266732479707	0.00008923266724421229	0.00008923266713091278	0.00008923266697496815	0.00008923266676508714	0.0000892326664861723	0.00008923266611405427	0.00008923266560855794	0.00008923266490812585	0.0000892326639323313	0.00008923266259322999	0.00008923266078953792	0.00008923265835546161	0.00008923265500969785	0.00008923265039566903	0.0000892326441392446	0.00008923263565515097	0.00008923262399113138	0.00008923260811175904	0.0000892325865338195	0.0000892325569757646	0.00008923251686084288	0.00008923246202871837	0.00008923238752795301	0.00008923228587300336	0.0000892321476758427	0.00008923195955699838	0.00008923170353816112	0.00008923135550549997	0.00008923088251784079	0.00008923023990065376	0.00008922936723520933	0.00008922818280669153	0.0000892265762127745	0.00008922439840176279	0.00008922144776398692	0.0000892174530560209	0.00008921204879295573	0.00008920474355423868	0.00008919487655787411	0.00008918156163610813	0.00008916361120645304	0.00008913943682398755	0.00008910691613140545	0.00008906321957147518	0.0000890045800217196	0.0000889259934175935	0.00008882082744624448	0.00008868030351654555	0.00008849283594290525	0.00008824315824693697	0.00008791121519930528	0.00008747068656023522	0.00008688712662819301	0.00008611547090841797	0.00008509689418489166	0.00008375464685180248	0.00008198873117067244	0.00007966917020531	0.00007662810280524108	0.0000726521508124486	0.00006748079428761837	0.00006082814351857516	0.000052473734798355995	0.000042504052524036456	0.00003170000919003507	0.00002161725553502022	0.00001374656411990954	8.501892589668136e-6	5.306004822812896e-6	3.3170045385609636e-6	1.926062329095566e-6	9.493470417227337e-7	4.0716965146831294e-7	1.7139610323364156e-7	7.29525632720635e-8	2.634501924669544e-8	7.720842632596804e-9	2.2553730352280618e-9	5.979478962671448e-10	1.2102284732161054e-10	2.4366222488636593e-11	3.850250025459225e-12	5.295837996413795e-13	6.041172075160774e-14	5.680114903054977e-15	3.727600189858908e-16	1.5449188584056553e-17	4.8834253665247185e-19	1.1655277638751856e-20	2.0531961042622889e-22	2.5822085717568323e-24	4.783762801229006e-40
0.00008935428719876436	0.00008935428719231352	0.00008935428718393547	0.00008935428717288116	0.00008935428715804338	0.00008935428713776803	0.00008935428710957762	0.00008935428706980259	0.00008935428701318072	0.0000893542869326122	0.00008935428681933007	0.00008935428666339899	0.0000893542864535249	0.00008935428617461552	0.00008935428580251777	0.00008935428529707988	0.00008935428459675869	0.00008935428362110375	0.00008935428228211385	0.00008935428047851633	0.00008935427804466598	0.00008935427469936616	0.00008935427008583694	0.00008935426382983818	0.0000893542553466652	0.00008935424368404359	0.00008935422780590517	0.00008935420623040676	0.00008935417667527742	0.00008935413656424651	0.00008935408173789004	0.00008935400724444854	0.00008935390559950865	0.00008935376741702658	0.00008935357931596946	0.00008935332332246564	0.00008935297532528375	0.00008935250238491273	0.0000893518598308488	0.00008935098725020933	0.00008934980293509268	0.00008934819649128396	0.0000893460188813765	0.0000893430685158192	0.00008933907415682827	0.00008933367036187194	0.0000893263657249394	0.00008931649950110025	0.00008930318556441988	0.00008928523636725924	0.00008926106347988968	0.00008922854459445186	0.00008918485009204829	0.00008912621277181307	0.00008904762833222904	0.00008894246411385381	0.00008880194075766378	0.00008861447168928407	0.00008836478834878714	0.0000880328343416183	0.00008759228517342993	0.0000870086904929535	0.00008623698244514052	0.0000852183307955634	0.00008387598408861971	0.00008210994585432743	0.00007979024875793658	0.0000767490488458957	0.00007277299058006748	0.00006760151452499224	0.00006094850408644542	0.00005259264458277824	0.00004261823517617342	0.00003180275126849454	0.000021700757869018886	0.000013808229450927431	8.545883340573395e-6	5.338429892080838e-6	3.342068000744672e-6	1.944990125580632e-6	9.611641991670106e-7	4.129580626805462e-7	1.7410918140476775e-7	7.436418882552344e-8	2.7008229220032455e-8	7.94205127664402e-9	2.327859614005665e-9	6.228192054886391e-10	1.2676195911162165e-10	2.569828464777569e-11	4.11324290719392e-12	5.69406887122679e-13	6.611471212358506e-14	6.276519150460732e-15	4.204529758649463e-16	1.7444269683435722e-17	5.510091169287389e-19	1.3140194336108719e-20	2.312733176645531e-22	2.90586179151453e-24	5.3787485772428335e-40
0.00008950289763568	0.00008950289762922864	0.00008950289762085033	0.00008950289760979634	0.00008950289759495989	0.00008950289757468759	0.00008950289754650303	0.00008950289750673798	0.00008950289745013122	0.00008950289736958257	0.00008950289725632161	0.00008950289710040707	0.00008950289689054139	0.00008950289661163857	0.00008950289623956535	0.00008950289573419848	0.00008950289503401242	0.0000895028940585278	0.00008950289271967376	0.00008950289091619097	0.00008950288848261511	0.00008950288513788054	0.00008950288052496075	0.00008950287426947945	0.0000895028657874262	0.00008950285412650959	0.00008950283824987275	0.00008950281667734547	0.0000895027871257839	0.0000895027470194843	0.00008950269220016345	0.00008950261771563186	0.00008950251608289935	0.00008950237791829297	0.000089502189838896	0.00008950193387628081	0.00008950158592234455	0.00008950111303960783	0.00008950047056247945	0.00008949959808522715	0.00008949841390838297	0.00008949680764769487	0.00008949463028305895	0.00008949168024967618	0.00008948768631656587	0.00008948228309303622	0.00008947497919059162	0.00008946511391016568	0.00008945180117712788	0.00008943385348722674	0.00008940968242947632	0.00008937716575786571	0.00008933347377878463	0.00008927483919964294	0.00008919625743444849	0.0000890910953964158	0.00008895057280402426	0.00008876310200036023	0.00008851341194282302	0.00008818144476586464	0.00008774087086151992	0.00008715723405009183	0.00008638546254689786	0.00008536671990988492	0.00008402425243417615	0.00008225806512047937	0.00007993820242555718	0.00007689684115427517	0.00007292065323420357	0.00006774903155146668	0.00006109558279858945	0.00005273795817439944	0.000042757798184658726	0.000031928381360198334	0.000021802923755454314	0.000013883721315668898	8.599763183076547e-6	5.378163774749386e-6	3.3728012079673535e-6	1.9682301813779514e-6	9.757143076154941e-7	4.201007396486024e-7	1.7745921918872927e-7	7.611010199587041e-8	2.783303650977872e-8	8.218442295462127e-9	2.4184932888080997e-9	6.541643282471509e-10	1.3405137413692406e-10	2.7393454896743425e-11	4.453276965464911e-12	6.210476197677576e-13	7.365397950517232e-14	7.068771499792344e-15	4.8553511657123125e-16	2.0174396046445152e-17	6.366776218815091e-19	1.516777713699388e-20	2.666669169537214e-22	3.346632933609985e-24	6.188036121428243e-40
0.00008967758423251163	0.00008967758422605964	0.00008967758421768106	0.00008967758420662743	0.00008967758419179252	0.00008967758417152379	0.00008967758414334611	0.00008967758410359271	0.00008967758404700371	0.00008967758396647837	0.00008967758385324224	0.00008967758369734713	0.00008967758348749125	0.00008967758320859598	0.00008967758283655127	0.00008967758233126741	0.00008967758163123969	0.00008967758065595488	0.00008967757931726022	0.00008967757751391123	0.00008967757508065577	0.00008967757173658341	0.00008967756712437887	0.00008967756086950232	0.0000896775523887578	0.00008967754072984143	0.0000896775248549621	0.0000896775032859103	0.00008967747373853512	0.00008967743363776616	0.00008967737882669818	0.00008967730435258833	0.00008967720273417354	0.00008967706459050217	0.00008967687653646886	0.00008967662061007434	0.00008967627270683152	0.00008967579989163063	0.00008967515750468167	0.00008967428514864823	0.00008967310113398696	0.00008967149508807477	0.00008966931801100605	0.00008966636836743258	0.00008966237493430583	0.00008965697238188538	0.00008964966934200323	0.00008963980517003205	0.0000896264938519683	0.00008960854793556075	0.0000895843790320432	0.00008955186496988258	0.00008950817596875802	0.0000894495446338927	0.00008937096605164442	0.00008926580662602694	0.00008912528501393565	0.00008893781228912606	0.00008868811457497765	0.0000883561321957378	0.00008791552966027463	0.00008733184376439673	0.00008655999830510386	0.00008554114946572487	0.00008419854089206682	0.00008243217923172279	0.00008011212285274834	0.00007707057268585938	0.00007309423233402489	0.00006792244006469704	0.00006126847781949664	0.00005290878840110222	0.000042921902607941254	0.00003207616928138709	0.00002192318989279061	0.000013972645432520456	8.663263514031234e-6	5.4250180050174325e-6	3.409068558252395e-6	1.9956951140851235e-6	9.929628700248279e-7	4.2858883353587254e-7	1.814431888010063e-7	7.81901324025166e-8	2.8821693208639848e-8	8.551469830296358e-9	2.5277833486074203e-9	6.922867497425777e-10	1.4299486495866586e-10	2.947747097844323e-11	4.878619216612756e-12	6.858543244645754e-13	8.331407592559793e-14	8.089198679757802e-15	5.718618921808603e-16	2.3808188954092153e-17	7.505742133705623e-19	1.785992692897446e-20	3.135945726969216e-22	3.930151955154898e-24	7.257938437764705e-40
0.00008988196176347126	0.00008988196175701855	0.00008988196174863962	0.0000898819617375864	0.00008988196172275329	0.00008988196170248872	0.00008988196167431901	0.00008988196163457925	0.00008988196157801092	0.00008988196149751281	0.00008988196138430572	0.00008988196122843324	0.00008988196101858871	0.00008988196073970203	0.00008988196036769027	0.00008988195986250289	0.00008988195916265967	0.00008988195818760813	0.00008988195684909945	0.00008988195504590556	0.00008988195261302197	0.00008988194926972121	0.00008988194465835182	0.00008988193840417822	0.00008988192992495478	0.00008988191826837248	0.00008988190239553892	0.00008988188083053105	0.00008988185128804188	0.00008988181119370206	0.00008988175639226682	0.00008988168193027598	0.00008988158032857086	0.00008988144220928135	0.00008988125418479247	0.00008988099830065225	0.0000898806504565265	0.00008988017772005462	0.00008987953543825309	0.00008987866322362063	0.00008987747939820807	0.00008987587360295174	0.00008987369686137366	0.00008987074767288913	0.00008986675482363979	0.0000898613530553673	0.00008985405102342896	0.00008984418814776552	0.00008983087848548273	0.0000898129346464853	0.0000897887682685257	0.00008975625726932311	0.00008971257176887301	0.0000896539442596967	0.00008957536945477017	0.0000894702131528982	0.0000893296928024443	0.00008914221799193834	0.0000888925116518046	0.00008856051185034232	0.00008811987641249335	0.00008753613370698488	0.0000867642025904631	0.00008574523054494507	0.00008440245807164989	0.00008263589367310294	0.00008031561201957305	0.00007727384195745476	0.00007329732281065021	0.00006812533176511449	0.00006147077083598694	0.00005310867965396907	0.000043113971126613375	0.000032249232724731754	0.000022064136319065994	0.000014076940461437063	8.73778673070474e-6	5.480040850264472e-6	3.451695779594286e-6	2.02803144898907e-6	1.0133442939230465e-6	4.3864768276104733e-7	1.8616842086118074e-7	8.066225444056486e-8	3.0005073036701656e-8	8.9525512064883e-9	2.659521575761742e-9	7.386880707094022e-10	1.539943230572885e-10	3.204614692362339e-11	5.41340787660752e-12	7.676467720074781e-13	9.579545614872151e-14	9.415551413288804e-15	6.879010482247796e-16	2.87144609694137e-17	9.04153346077953e-19	2.1484472633512472e-20	3.7666999023298082e-22	4.713057642215621e-24	8.691096113474426e-40
0.00009011930214355332	0.00009011930213709976	0.00009011930212872041	0.00009011930211766764	0.00009011930210283657	0.00009011930208257682	0.00009011930205441632	0.00009011930201469229	0.00009011930195814795	0.00009011930187768134	0.00009011930176450788	0.00009011930160866164	0.00009011930139883018	0.00009011930111995316	0.000090119300747979	0.00009011930024290283	0.00009011929954327293	0.00009011929856849154	0.00009011929723019817	0.00009011929542718244	0.0000901192929947266	0.00009011928965231762	0.0000901192850419158	0.00009011927878855218	0.0000901192703110816	0.00009011925865720185	0.00009011924278672917	0.00009011922122638675	0.00009011919168955699	0.00009011915160262539	0.00009011909681234542	0.00009011902236433084	0.00009011892078196853	0.00009011878269084652	0.00009011859470048603	0.00009011833886525391	0.00009011799108951356	0.00009011751844408042	0.0000901168762838914	0.00009011600423287497	0.00009011482062655968	0.00009011321512153327	0.00009011103876823178	0.000090108090106952	0.00009010409793444631	0.00009009869707523243	0.00009009139621178029	0.00009008153484048559	0.00009006822710127385	0.00009005028567779099	0.00009002612223934933	0.0000899936148098658	0.0000899499333964684	0.00008989131036992544	0.00008981274002348649	0.00008970758743985572	0.0000895670687107399	0.00008937959169406358	0.00008912987578821203	0.00008879785621520615	0.00008835718333869947	0.00008777337551733213	0.00008700134609553486	0.00008598223240591628	0.00008463927118888302	0.00008287247305499827	0.00008055193155767079	0.0000775099076713735	0.00007353317957995265	0.00006836095864533736	0.00006170570517450354	0.000053340843966051844	0.00004333711315804454	0.000032450420313538026	0.00002222813925559631	0.000014198405421261777	8.824641769723753e-6	5.544216398529181e-6	3.5014639741333677e-6	2.065859273522762e-6	1.0372866654422901e-6	4.505040698502816e-7	1.9174349043030687e-7	8.358572885910707e-8	3.141596153599651e-8	9.434198831840735e-9	2.817878193919552e-9	7.950718090656004e-10	1.6752447628683062e-10	3.521307414301049e-11	6.0877302827043216e-12	8.712413120238614e-13	1.120205955729416e-13	1.1151652473866707e-14	8.456337699263927e-16	3.542199295196002e-17	1.113798263772179e-18	2.6423373254428268e-20	4.624519712719654e-22	5.775589731093034e-24	1.0632461045774572e-39
0.00009039252960110251	0.00009039252959464797	0.00009039252958626812	0.00009039252957521586	0.00009039252956038712	0.00009039252954013284	0.00009039252951198292	0.00009039252947227692	0.00009039252941576006	0.00009039252933532964	0.0000903925292221948	0.00009039252906637866	0.00009039252885656204	0.0000903925285776957	0.0000903925282057641	0.00009039252770081474	0.0000903925270014291	0.00009039252602695782	0.00009039252468891146	0.00009039252288609821	0.00009039252045412936	0.00009039251711274139	0.00009039251250345042	0.00009039250625101085	0.00009039249777554013	0.0000903924861247611	0.0000903924702569872	0.00009039244870197404	0.00009039241917163972	0.00009039237909316181	0.00009039232431568094	0.00009039224988362631	0.00009039214832345435	0.00009039201026455582	0.00009039182231325272	0.00009039156653410353	0.00009039121883674045	0.00009039074629558876	0.00009039010427474964	0.00009038923241130696	0.00009038804905631018	0.00009038644388427089	0.00009038426797620857	0.00009038131992009354	0.00009037732852485635	0.00009037192871024526	0.0000903646291894931	0.00009035476954832782	0.00009034146402287426	0.00009032352538400256	0.00009029936533824156	0.00009026686203448816	0.00009022318535455963	0.00009016456754085552	0.00009008600242165456	0.00008998085423755903	0.00008984033758262324	0.00008965285830798664	0.0000894031319877074	0.00008907109021504494	0.00008863037519831617	0.00008804649358095179	0.00008727435251631485	0.0000862550776883733	0.00008491190127826684	0.00008314483634375508	0.00008082399797532881	0.00007778168390690467	0.00007380471286258056	0.00006863222814374748	0.00006197618082374053	0.000053608156190234885	0.00004359412022779255	0.00003268230901374775	0.00002241737031904397	0.000014338699935589938	8.925044530068303e-6	5.618465398875518e-6	3.5591105117818072e-6	2.1097733925892907e-6	1.0652137945257792e-6	4.643879180852061e-7	1.9827913282573727e-7	8.702161825558686e-8	3.308946760040801e-8	1.001026613212068e-8	3.0074899682508277e-9	8.633847371430179e-10	1.8415141038220866e-10	3.911407457373936e-11	6.939262030502838e-12	1.0027469873669243e-12	1.3320676853893735e-13	1.3436786326931484e-14	1.0620589848985205e-15	4.4693261557696493e-17	1.4030739463205168e-18	3.3224316861612535e-20	5.803131870891482e-22	7.231991037786637e-24	1.3287717463378886e-39
0.00009070424057236188	0.00009070424056590619	0.00009070424055752575	0.00009070424054647403	0.00009070424053164792	0.00009070424051139984	0.00009070424048326188	0.00009070424044357636	0.00009070424038709072	0.00009070424030670142	0.00009070424019361054	0.00009070424003782861	0.0000907042398280287	0.00009070423954917403	0.00009070423917728993	0.00009070423867248374	0.0000907042379733751	0.00009070423699925639	0.00009070423566149072	0.00009070423385890517	0.00009070423142748483	0.00009070422808725433	0.00009070422347922681	0.00009070421722783077	0.0000907042087546181	0.00009070419710736272	0.00009070418124264346	0.00009070415969365685	0.00009070413017070633	0.00009070409010177605	0.00009070403533884348	0.00009070396092482733	0.0000907038593898709	0.00009070372136747589	0.00009070353346042433	0.00009070327774498283	0.00009070293013657368	0.00009070245771372318	0.00009070181585100786	0.00009070094420054924	0.00009069976113109094	0.00009069815633748868	0.00009069598093512174	0.00009069303356710159	0.00009068904305633049	0.00009068364443076735	0.00009067634643853592	0.00009066648876954012	0.00009065318576943816	0.0000906352503118054	0.00009061109414772043	0.00009057859557101904	0.00009053492432761644	0.00009047631252779033	0.0000903977534936456	0.00009029261048279479	0.00009015209646486515	0.00008996461497393356	0.0000897148775382538	0.00008938281109445455	0.00008894204914875611	0.00008835808489667108	0.00008758581840459175	0.00008656636225698596	0.00008522294302946552	0.00008345557670487722	0.00008113440243471752	0.00007809175980597379	0.00007411450786586444	0.000068941722567785	0.00006228477400107409	0.00005391317350352999	0.00004388748447589255	0.00003294722195953568	0.000022633812132015675	0.000014499356182208949	9.04012650286616e-6	5.703652085345852e-6	3.625334439836423e-6	2.160347958329198e-6	1.0975493320383842e-6	4.805349994261762e-7	2.058897198464345e-7	9.103362566281052e-8	3.506356208260597e-8	1.0696255006694779e-8	3.2335637972373157e-9	9.458640785653864e-10	2.0455492355253774e-10	4.3912380867079376e-11	8.015281185166752e-12	1.1699445284886566e-12	1.6096052703358638e-13	1.6458313078725855e-14	1.3613032599372259e-15	5.763233476995518e-17	1.8060152816012283e-18	4.267571762428184e-20	7.436971397531915e-22	9.245482831791602e-24	1.6949680546208314e-39
0.00009105954380162928	0.00009105954379517226	0.00009105954378679112	0.00009105954377574	0.00009105954376091681	0.0000910595437406757	0.00009105954371255126	0.00009105954367288893	0.00009105954361643871	0.00009105954353609613	0.00009105954342305521	0.00009105954326731211	0.0000910595430575309	0.0000910595427786888	0.00009105954240685752	0.00009105954190221251	0.00009105954120341739	0.00009105954022969894	0.0000910595388922518	0.00009105953708992139	0.00009105953465911697	0.00009105953132019598	0.00009105952671360349	0.00009105952046338281	0.00009105951199271293	0.00009105950034945544	0.00009105948448818604	0.000091059462945998	0.00009105943343142952	0.00009105939337325256	0.00009105933862683157	0.00009105926423315484	0.00009105916272680493	0.00009105902474567282	0.00009105883688866324	0.00009105858124546321	0.0000910582337378442	0.00009105776144893314	0.00009105711976533756	0.0000910562483562874	0.00009105506561074458	0.00009105346124658256	0.00009105128641765079	0.00009104833983083245	0.00009104435032527507	0.00009103895305138636	0.00009103165679706199	0.00009102180137333128	0.00009100850125179469	0.00009099056942630931	0.00009096641770186192	0.00009093392453882651	0.00009089025953948806	0.00009083165468182634	0.00009075310274325019	0.00009064796583310441	0.00009050745518276693	0.00009031997163684532	0.00009007022252807516	0.00008973812873591647	0.00008929731467302712	0.00008871325836884097	0.00008794085144201771	0.00008692119198088394	0.00008557749952065586	0.00008380979367555283	0.00008148823999807404	0.00007844522586757268	0.00007446764896878067	0.00006929452018934011	0.0000626365505023442	0.00005426091797935741	0.00004422208144409857	0.00003324966430067193	0.000022881265529888797	0.000014683280779595034	9.172017635078988e-6	5.801390970951455e-6	3.7014292609207537e-6	2.2186281936190645e-6	1.1350421221100923e-6	4.993547305533242e-7	2.1477308774340142e-7	9.57308493835341e-8	3.740159354620441e-8	1.1517733823145412e-8	3.5046680605297915e-9	1.0461271671438847e-9	2.2983628093899923e-10	4.98717960420072e-11	9.392187742033925e-12	1.385526832792469e-12	1.9791557423549384e-13	2.0528004186956382e-14	1.7845626246650357e-15	7.616036391044038e-17	2.3817399274113937e-18	5.614363656827629e-20	9.758342643633921e-22	1.2097297842366034e-23	2.2121554683905294e-39
0.00009146136021459986	0.00009146136020814129	0.00009146136019975934	0.0000914613601887088	0.00009146136017388887	0.00009146136015365557	0.0000914613601255463	0.00009146136008591002	0.00009146136002949962	0.00009146135994920964	0.00009146135983622497	0.00009146135968052562	0.00009146135947076514	0.00009146135919193634	0.00009146135882016307	0.00009146135831569784	0.00009146135761725442	0.00009146135664398657	0.0000914613553068978	0.00009146135350485043	0.00009146135107473071	0.00009146134773727814	0.00009146134313230192	0.00009146133688339271	0.0000914613284155589	0.00009146131677679904	0.00009146130091939059	0.0000914612793848004	0.0000914612498796679	0.00009146120983348784	0.00009146115510564683	0.00009146108073469048	0.00009146097926052268	0.00009146084132560777	0.00009146065352468898	0.00009146039796271471	0.00009146005056828962	0.00009145957842971032	0.0000914589369472287	0.0000914580658094747	0.00009145688342822582	0.0000914552795472914	0.00009145310536307577	0.00009145015965562368	0.00009144617128310341	0.00009144077553298055	0.00009143348123838073	0.00009142362835056065	0.00009141033148358947	0.0000913924037726568	0.00009136825708863845	0.00009133577007979909	0.00009129211220154443	0.00009123351530343963	0.00009115497158910972	0.00009104984183872383	0.00009090933546090742	0.00009072185018521124	0.00009047208909953866	0.00009013996524768828	0.0000896990937927798	0.0000891149362033758	0.00008834237362913546	0.00008732248854058208	0.00008597849159180684	0.00008421040695511661	0.00008188842835042886	0.00007884499736719051	0.00007486704881433654	0.00006969352883805145	0.0000630344132437632	0.00005465427619750716	0.00004460074145034681	0.00003359231111506878	0.000023162060110411785	0.000014892305669317802	9.322088689042802e-6	5.912741444904362e-6	3.788265278997498e-6	2.2853481207278643e-6	1.178257195103757e-6	5.211740943972801e-7	2.250892831795727e-7	1.0120317951543258e-7	4.015999531334896e-8	1.2499084581826159e-8	3.829037609474942e-9	1.1677890891405408e-9	2.6118708095730277e-10	5.72784954916524e-11	1.1158507804615915e-11	1.6646348153587628e-12	2.473624405266158e-13	2.6049539727573185e-14	2.388860690044455e-15	1.030349180213562e-16	3.214814570919338e-18	7.557285344783153e-20	1.3096228465739602e-21	1.618344342586319e-23	2.950820993513983e-39
0.00009190916610009648	0.00009190916609363618	0.00009190916608525326	0.00009190916607420334	0.00009190916605938695	0.0000919091660391622	0.00009190916601106968	0.0000919091659714622	0.00009190916591509592	0.00009190916583486428	0.0000919091657219421	0.0000919091655662912	0.00009190916535655338	0.00009190916507773831	0.00009190916470602766	0.00009190916420175968	0.00009190916350370483	0.00009190916253093666	0.00009190916119424508	0.00009190915939250645	0.00009190915696313562	0.00009190915362730444	0.0000919091490241215	0.0000919091427766526	0.00009190913431193186	0.00009190912267815557	0.00009190910682500199	0.00009190908529876948	0.00009190905580410057	0.00009190901577109408	0.00009190896106384636	0.00009190888671787158	0.00009190878527936596	0.00009190864739541763	0.00009190845965640585	0.00009190820418438507	0.00009190785691515023	0.00009190738494271105	0.00009190674368262458	0.00009190587284510446	0.00009190469086742382	0.00009190308752205679	0.00009190091405180165	0.0000918979693192784	0.00009189398220497685	0.00009188858814685567	0.00009188129602923607	0.0000918714459632899	0.00009185815272220846	0.00009184022960385983	0.00009181608855972439	0.00009178360844561781	0.00009173995857473261	0.00009168137067537325	0.0000916028363612965	0.00009149771490527812	0.00009135721384927813	0.000091169727356314	0.00009091995431542706	0.0000905877979002738	0.00009014686411291302	0.00008956259712577775	0.00008878986484721333	0.00008776973345715816	0.00008642540262974736	0.00008465690211129083	0.00008233445471606125	0.00007929056243369296	0.00007531219900152197	0.00007013823875043352	0.00006347785853427444	0.0000550927665149115	0.0000450230562394304	0.000033974903721755176	0.000023476126123621716	0.000015126482482303907	9.490436749289733e-6	6.037817714824224e-6	3.885978873814445e-6	2.3606805517563517e-6	1.2273998619177372e-6	5.461436994474839e-7	2.3691550196346312e-7	1.0749650376600854e-7	4.337407349467133e-8	1.3658038458054594e-8	4.212754204979538e-9	1.3137062180295602e-9	2.9968246659426724e-10	6.63912558118907e-11	1.3401925017814824e-11	2.0229664824911425e-12	3.128862876057437e-13	3.348585295745826e-14	3.2443428222401457e-15	1.4182151790863284e-16	4.4141718535822936e-18	1.0345431187537912e-19	1.7869378968397217e-21	2.2004568745052743e-23	3.999521801768421e-39
0.00009241376228913586	0.00009241376228267357	0.0000924137622742895	0.00009241376226324021	0.00009241376224842768	0.00009241376222821244	0.00009241376220013855	0.00009241376216056324	0.00009241376210424631	0.00009241376202408002	0.00009241376191122791	0.00009241376175563131	0.00009241376154591835	0.00009241376126711728	0.00009241376089547442	0.00009241376039142457	0.00009241375969380291	0.00009241375872159435	0.0000924137573853474	0.0000924137555839478	0.00009241375315540161	0.00009241374982137681	0.00009241374522020369	0.00009241373897432936	0.00009241373051305185	0.00009241371888485148	0.00009241370303642843	0.00009241368151946422	0.00009241365203651426	0.00009241361201808702	0.00009241355733388926	0.0000924134830156053	0.00009241338161700729	0.0000924132437897517	0.00009241305611968939	0.0000924128007482506	0.00009241245361876917	0.00009241198183162702	0.00009241134081975948	0.00009241047031768447	0.0000924092887913886	0.0000924076860455195	0.00009240551337358046	0.00009240256973249363	0.00009239858402989377	0.00009239319186948994	0.00009238590219528193	0.00009237605530288781	0.00009236276614501189	0.00009234484820974662	0.00009232071355081183	0.00009228824125006125	0.00009224460049641799	0.00009218602290582923	0.00009210749949258251	0.00009200238781356551	0.00009186189351353553	0.00009167440661354008	0.00009142462183973216	0.0000910924299288334	0.0000906514278472188	0.00009006704237280407	0.00008929412390294899	0.00008827372184416678	0.00008692902229211591	0.00008516006160873663	0.00008283709243017095	0.0000797926841430347	0.00007581385980639725	0.00007063939882649845	0.00006397761244360565	0.00005558702265312442	0.00004549936487821553	0.000034406991227897555	0.00002383154188567174	0.000015392012697921234	9.681621260743704e-6	6.180077704945106e-6	3.9973508393172995e-6	2.4468834827595106e-6	1.2841074661952014e-6	5.751768236248994e-7	2.506954181804189e-7	1.1485532944313807e-7	4.718929338993497e-8	1.5056214371038618e-8	4.676601263137693e-9	1.4927226683449604e-9	3.482685143317115e-10	7.791563319430182e-11	1.6340901734470906e-11	2.499129000443377e-12	4.028940344472131e-13	4.3922527902383597e-14	4.5109363022252076e-15	2.0080007330572179e-16	6.2327309374694e-18	1.4556629832190124e-19	2.504831080661762e-21	3.072000488193427e-23	5.563183547637494e-39
0.00009297115383288388	0.00009297115382641931	0.00009297115381803394	0.00009297115380698523	0.00009297115379217683	0.00009297115377197191	0.00009297115374391834	0.00009297115370437822	0.00009297115364811539	0.00009297115356802086	0.00009297115345524577	0.00009297115329970877	0.00009297115309002255	0.00009297115281123524	0.00009297115243966407	0.00009297115193585043	0.0000929711512387019	0.00009297115026710754	0.00009297114893134833	0.0000929711471303131	0.00009297114470265573	0.00009297114137060237	0.0000929711367716368	0.00009297113052749162	0.00009297112206994301	0.00009297111044785555	0.0000929710946045854	0.0000929710730976866	0.00009297104362759893	0.00009297100362497187	0.0000929709489660549	0.00009297087467783293	0.00009297077332299684	0.00009297063555750755	0.00009297044796269038	0.00009297019270145344	0.00009296984572480969	0.0000929693741401366	0.0000929687333996879	0.00009296786326482515	0.00009296668223324183	0.00009296508014495804	0.00009296290834778762	0.0000929599659038197	0.00009295598175363434	0.00009295059167877239	0.00009294330469232386	0.00009293346129812521	0.00009292017664688933	0.0000929022644444617	0.0000928781368725785	0.00009284567325100673	0.00009280204267460972	0.00009274347666075926	0.00009266496563067352	0.00009255986525826099	0.00009241937929568264	0.00009223189307286931	0.00009198209713965055	0.00009164986744111724	0.0000912087920007743	0.00009062428113356198	0.00008985116278958385	0.00008883046944637964	0.00008748537138637045	0.00008571591199094534	0.0000833923743411439	0.00008034740056046604	0.00007636808156582736	0.00007119306705125088	0.0000645297496122753	0.00005613318340998877	0.00004602602289208246	0.00003488540590247782	0.000024225885322036946	0.00001568722831747866	9.89451761824443e-6	6.338741853503448e-6	4.121830945258221e-6	2.543620980671173e-6	1.3482947337083986e-6	6.083004993406927e-7	2.6645165973843807e-7	1.232975203568599e-7	5.1632479234750674e-8	1.671232578447225e-8	5.227193666206674e-9	1.7081345300226392e-9	4.0849140131802383e-10	9.222537734153294e-11	2.0115203930150305e-11	3.120771336236038e-12	5.239053152851894e-13	5.830695604837627e-14	6.3435714279898455e-15	2.8890399409617513e-16	8.94176560074246e-18	2.0804463959124696e-19	3.565223740783945e-21	4.3532567088051905e-23	7.852041538860063e-39
0.00009358895074835723	0.0000935889507418901	0.00009358895073350314	0.00009358895072245498	0.00009358895070765102	0.00009358895068745729	0.00009358895065942594	0.00009358895061992437	0.00009358895056372098	0.00009358895048370541	0.00009358895037101521	0.00009358895021554378	0.00009358895000588628	0.00009358894972711214	0.00009358894935561644	0.00009358894885205857	0.00009358894815542766	0.00009358894718450912	0.00009358894584928626	0.00009358894404864222	0.00009358894162194219	0.00009358893829204356	0.00009358893369550885	0.0000935889274532402	0.00009358891899973055	0.00009358890738435912	0.0000935888915467106	0.00009358887005074933	0.00009358884059481389	0.0000935888006093171	0.00009358874597818982	0.00009358867172262808	0.00009358857041589213	0.00009358843271777029	0.00009358824520521175	0.00009358799006498037	0.00009358764325576802	0.00009358717189269217	0.00009358653144957843	0.00009358566171747955	0.00009358448122927116	0.00009358287986398992	0.00009358070902754651	0.00009357776789936506	0.0000935737854611488	0.00009356839768360599	0.00009356111366191054	0.0000935512741355055	0.00009353799447380289	0.00009352008863277782	0.0000934959689576898	0.00009346351501233926	0.00009341989585044842	0.00009336134290066285	0.00009328284600843909	0.00009317775882062453	0.0000930372831940982	0.00009284979917590776	0.00009259999287717222	0.00009226772335260992	0.00009182656931457976	0.00009124192617802832	0.00009046859369091704	0.00008944758687060582	0.00008810205841447808	0.00008633205808123004	0.00008400790140514117	0.00008096230794103419	0.00007698245966499287	0.0000718068392540543	0.00006514185014277869	0.000056738781874362934	0.00004661040495463227	0.000035417087355042494	0.000024665172243031034	0.000016016856010842664	0.000010132656182941205	6.51653652136243e-6	4.261654555264697e-6	2.6527729352261324e-6	1.4214088144275228e-6	6.463736291333844e-7	2.846081477131148e-7	1.3305883933277764e-7	5.6853995229244844e-8	1.8696511511478345e-8	5.888503458041262e-9	1.970388680913157e-9	4.843141917490131e-10	1.1027444598865818e-10	2.5043471240348554e-11	3.949363458259409e-12	6.896789990899901e-13	7.863417567432954e-14	9.057089207207955e-15	4.248031874208564e-16	1.3108165604768353e-17	3.0369411051967986e-19	5.180521561487191e-21	6.294555554113881e-23	1.1303152631198415e-38
0.00009427066384254238	0.00009427066383607234	0.00009427066382768358	0.00009427066381663586	0.00009427066380183657	0.00009427066378165492	0.00009427066375364767	0.00009427066371418817	0.00009427066365804969	0.00009427066357812064	0.00009427066346552353	0.00009427066331012389	0.00009427066310049696	0.00009427066282173477	0.0000942706624503175	0.00009427066194703456	0.00009427066125096656	0.00009427066028078757	0.00009427065894615151	0.00009427065714592396	0.00009427065472024658	0.00009427065139268841	0.00009427064679881664	0.00009427064055857079	0.00009427063210940352	0.00009427062050136965	0.00009427060466981738	0.00009427058318565792	0.0000942705537452125	0.00009427051377815593	0.00009427045917740814	0.00009427038495708776	0.00009427028370293688	0.00009427014607780924	0.00009426995865465407	0.00009426970364655586	0.00009426935701966524	0.00009426888589765647	0.00009426824577836505	0.00009426737648549936	0.00009426619659077207	0.00009426459601619926	0.0000942624262292007	0.00009425948653905508	0.00009425550597934799	0.00009425012071869452	0.00009424283995110121	0.00009423300468063055	0.00009421973051685396	0.00009420183170109489	0.0000941777207884872	0.00009414527758504086	0.00009410167118029803	0.00009404313292475023	0.00009396465211046075	0.00009385958028430642	0.00009371911737193661	0.00009353163760854846	0.00009328182198250125	0.0000929495116148756	0.00009250827469499406	0.00009192349323666997	0.00009114993362567104	0.00009012859186874175	0.00008878260239637485	0.00008701201917623268	0.00008468719442993083	0.00008164092860372736	0.00007766050778897214	0.0000724842341506164	0.00006581742562218799	0.00005740733391661763	0.000047256016184078684	0.000036005511869155296	0.00002515262153074929	0.000016383564453595645	0.000010398106829506974	6.715102689616105e-6	4.41822182082799e-6	2.7755869423500216e-6	1.504513573629922e-6	6.900839664826514e-7	3.0551239220778765e-7	1.4433460352259753e-7	6.298869039143825e-8	2.107813423869787e-8	6.684573625697815e-9	2.2901508274386896e-9	5.802373717069311e-10	1.3315521080187842e-10	3.1507587492041924e-11	5.063932864431315e-12	9.1798209538096e-13	1.0771661469115558e-13	1.31061501373723e-14	6.382677128231439e-16	1.9633234718740008e-17	4.5272846600296015e-19	7.683412521376065e-21	9.284660318670587e-23	1.658997522022773e-38
0.00009501794878503032	0.000095017948778557	0.00009501794877016613	0.00009501794875911872	0.00009501794874432434	0.00009501794872415561	0.00009501794869617433	0.00009501794865676027	0.00009501794860069223	0.0000950179485208572	0.00009501794840836144	0.00009501794825303981	0.0000950179480434451	0.00009501794776469301	0.00009501794739335603	0.0000950179468903658	0.00009501794619490497	0.00009501794522552933	0.00009501794389153057	0.00009501794209174178	0.00009501793966714557	0.00009501793634210846	0.00009501793175113251	0.00009501792551304827	0.00009501791706850532	0.00009501790546842607	0.00009501788964343232	0.00009501786817189108	0.00009501783874827442	0.00009501779880088772	0.00009501774423309517	0.00009501767005046622	0.00009501756885337039	0.0000950174313066493	0.00009501724397990228	0.00009501698911497752	0.00009501664268500768	0.00009501617182310896	0.00009501553205367526	0.00009501466323605673	0.00009501348398450837	0.00009501188426819491	0.0000950097156190419	0.00009500677748813044	0.0000950027989749722	0.00009499741645051096	0.00009499013922923363	0.00009498030860899218	0.00009496704046073161	0.00009494914934834484	0.00009492504809421751	0.0000948926167363094	0.00009484902450476685	0.00009479050267632348	0.00009471204001927898	0.00009460698601181031	0.00009446653853225392	0.00009427906564758243	0.00009402924200765788	0.0000936968914769382	0.00009325556939081512	0.00009267064445993456	0.00009189684699399858	0.0000908751507656758	0.0000895286723666767	0.0000877574666811306	0.00008543192835385567	0.00008238494134881562	0.0000784038863388761	0.00007322690897723782	0.00006655813423452888	0.000058140523506772677	0.000047964603884589216	0.000036652547903340605	0.00002569014463261859	0.000016789061773260875	0.000010692255927144462	6.935571644802714e-6	4.592535622055943e-6	2.913013682742391e-6	1.5985071208013294e-6	7.40057752764224e-7	3.294870324978447e-7	1.5730682516617955e-7	7.016821771104323e-8	2.3930659636671664e-8	7.64119832328771e-9	2.6788894978577266e-9	7.015145408792745e-10	1.621583018785424e-10	3.9968664279894697e-11	6.566991112480982e-12	1.2315877495648274e-12	1.495035990172924e-13	1.9131664448482713e-14	9.76069058578334e-16	2.993043968734931e-17	6.866246269161305e-19	1.1587944715650961e-20	1.391921490412245e-22	2.4736386813262205e-38
0.00009583511354050937	0.00009583511353403233	0.00009583511352563901	0.00009583511351459176	0.00009583511349980246	0.00009583511347964745	0.00009583511345169402	0.00009583511341232892	0.00009583511335633698	0.00009583511327660377	0.00009583511316421802	0.00009583511300898087	0.00009583511279941986	0.00009583511252067528	0.00009583511214941923	0.00009583511164673871	0.00009583511095192989	0.00009583510998342374	0.0000958351086501147	0.00009583510685078475	0.00009583510442732316	0.00009583510110498877	0.0000958350965171508	0.00009583509028136473	0.00009583508184171546	0.00009583507025022516	0.00009583505443225748	0.00009583503297412923	0.0000958350035687302	0.00009583496364220454	0.00009583490911002025	0.00009583483496748693	0.00009583473383206344	0.00009583459636912591	0.00009583440914591672	0.00009583415443551126	0.00009583380821726476	0.00009583333763476057	0.00009583269824168872	0.00009583182993614736	0.00009583065137884593	0.00009582905259063204	0.00009582688517072751	0.00009582394872345485	0.00009581997243255244	0.0000958145928711138	0.00009580731950243579	0.00009579749394742421	0.00009578423236097585	0.00009576634966898416	0.00009574225903233351	0.00009570984070526995	0.00009566626419267331	0.00009560776069799607	0.00009552931848997026	0.00009542428514678429	0.00009528385624269314	0.00009509639357395202	0.00009484656368699849	0.00009451417590558148	0.00009407276915894804	0.00009348769604256502	0.00009271365200337469	0.00009169158346396886	0.00009034458978787923	0.00008857272366223985	0.00008624642679049521	0.00008319866956468005	0.00007921690335542528	0.00007403915350263351	0.00006736827041315206	0.00005894264639105109	0.00004874048259138867	0.00003736242062646178	0.00002628166205258086	0.00001723663863096624	0.000011017669390834615	7.1800026670687955e-6	4.786360504759431e-6	3.0666467458613775e-6	1.70476996760968e-6	7.972253467810865e-7	3.570092412742221e-7	1.722418129426633e-7	7.857941727465466e-8	2.735817228102894e-8	8.795137853590472e-9	3.1527284709128634e-9	8.556608523212665e-10	1.9915389648589885e-10	5.108908836616069e-11	8.613655440202931e-12	1.664248296766437e-12	2.1029130820218934e-13	2.8141575305803477e-14	1.5195791215981108e-15	4.645859532587481e-17	1.0597994367548948e-18	1.7776737134241694e-20	2.121341807187053e-22	3.7475740118064943e-38
0.00009672616058947189	0.00009672616058299071	0.00009672616057459452	0.00009672616056354721	0.00009672616054876312	0.00009672616052862256	0.00009672616050069887	0.00009672616046138627	0.0000967261604054762	0.0000967261603258529	0.00009672616021358609	0.0000967261600584401	0.00009672615984891405	0.00009672615957017346	0.00009672615919899765	0.00009672615869664249	0.00009672615800253039	0.00009672615703496161	0.00009672615570239626	0.00009672615390354214	0.00009672615148126146	0.0000967261481618094	0.00009672614357735891	0.00009672613734400272	0.00009672612890949611	0.0000967261173272385	0.00009672610151676403	0.00009672608007280213	0.00009672605068704654	0.00009672601078250646	0.00009672595628862895	0.00009672588218850062	0.00009672578111946417	0.00009672564374554357	0.0000967254566330451	0.00009672520208867108	0.00009672485609691873	0.00009672438581304295	0.00009672374682295035	0.00009672287906665264	0.00009672170125540204	0.00009672010346669158	0.00009671793736961227	0.00009671500273206418	0.00009671102884526232	0.00009670565247886654	0.0000966983832810508	0.00009668856322460184	0.00009667530877146511	0.00009665743525158973	0.00009663335624928652	0.00009660095222006353	0.00009655739310393463	0.00009649891002905044	0.0000964204907837145	0.00009631548135603019	0.0000961750745985189	0.000095987626267045	0.0000957377927423842	0.0000954053732418474	0.00009496388593883232	0.00009437866076047903	0.00009360436388666796	0.00009258190825362117	0.0000912343750973762	0.00008946181387316407	0.00008713471304658263	0.0000840861336535809	0.0000801035925777884	0.00007492498816087573	0.00006825186669562069	0.00005981774263835059	0.00004958774049762948	0.000038139232906646276	0.000026931078420199578	0.000017729639832440518	0.000011376989831924613	7.450514363130094e-6	5.001532428563699e-6	3.238163254731971e-6	1.8248200253645558e-6	8.626437701899106e-7	3.886278793250157e-7	1.8944532546874383e-7	8.843920967458953e-8	3.1487958888235214e-8	1.0191975578104418e-8	3.731532107876723e-9	1.0524559500314679e-9	2.466296299809331e-10	6.574815749012903e-11	1.1426158756463087e-11	2.2632547486794696e-12	2.997713943968243e-13	4.165842400831905e-14	2.4081162848809716e-15	7.343410897089012e-17	1.6648733977045919e-18	2.773965940866763e-20	3.2865627398168573e-22	5.768405901094648e-38
0.00009769480163092932	0.00009769480162444348	0.00009769480161604399	0.0000976948016049963	0.00009769480159021749	0.00009769480157009215	0.00009769480154219995	0.00009769480150294342	0.0000976948014471211	0.00009769480136761595	0.00009769480125547725	0.00009769480110042927	0.00009769480089093914	0.00009769480061219804	0.0000976948002411	0.0000976947997390841	0.00009769479904571266	0.00009769479807915015	0.00009769479674738362	0.00009769479494901854	0.00009769479252795571	0.00009769478921156028	0.00009769478463075194	0.00009769477839995015	0.00009769476997080694	0.00009769475839842696	0.00009769474259590715	0.00009769472116680348	0.00009769469180214024	0.0000976946519206165	0.00009769459746775503	0.00009769452341219953	0.00009769442241430926	0.00009769428513438528	0.00009769409813973568	0.00009769384377292528	0.00009769349802215825	0.00009769302805579621	0.0000976923894950557	0.00009769152232501384	0.00009769034531168827	0.00009768874859467348	0.00009768658391536838	0.0000976836512137451	0.00009767967991737904	0.00009767430698074185	0.0000976670422823647	0.00009765722817281241	0.00009764398144663546	0.00009762611788094302	0.00009760205158066051	0.00009756966319897028	0.00009752612328789815	0.00009746766290367391	0.00009738926936788784	0.00009728428751171799	0.00009714390689380631	0.0000969564778152023	0.00009670664470512912	0.00009637420132707751	0.00009593264098934331	0.0000953472619161332	0.00009457270862375344	0.00009354985554793708	0.00009220176177019351	0.00009042847530512245	0.00008810052555884783	0.00008505107045764758	0.00008106772779534584	0.00007588820580300966	0.00006921271790019052	0.000060769634632868074	0.00005051025030424731	0.000038987005225424326	0.00002764236059964744	0.00001827152967562074	0.000011772991353210592	7.749349255196176e-6	5.240006627289995e-6	3.429382059776663e-6	1.960316372621162e-6	9.375109934656093e-7	4.249739774229711e-7	2.0926762428296047e-7	9.999847808173379e-8	3.6475403802242745e-8	1.1888331593823815e-8	4.439750993815274e-9	1.3045744001161704e-9	3.079066678737703e-10	8.51071556449138e-11	1.5323933473315694e-11	3.0949117636441693e-12	4.3293166404732096e-13	6.197312445447132e-14	3.882320655949914e-15	1.181743701572861e-16	2.661295605773436e-18	4.4018615816490445e-20	5.174538382715307e-22	9.017747191773038e-38
0.00009874473620239871	0.00009874473619590761	0.0000987447361875043	0.00009874473617645591	0.00009874473616168236	0.00009874473614157284	0.00009874473611371392	0.0000987447360745169	0.00009874473601878822	0.00009874473593940954	0.00009874473582740838	0.00009874473567246534	0.00009874473546301176	0.00009874473518426449	0.00009874473481323981	0.00009874473431157472	0.00009874473361898635	0.00009874473265349948	0.00009874473132258768	0.00009874472952472031	0.00009874472710490087	0.0000987447237917278	0.00009874471921481908	0.00009874471298668707	0.00009874470456309182	0.00009874469300122685	0.00009874467720711278	0.0000987446557934773	0.00009874462645136408	0.00009874458659376799	0.00009874453218460532	0.00009874445817560508	0.0000987443572536084	0.00009874422007229612	0.00009874403320252676	0.00009874377902467487	0.00009874343352884661	0.00009874296389823987	0.00009874232579261868	0.0000987414592452012	0.00009874028308104812	0.00009873868750786093	0.00009873652434188392	0.00009873359370097665	0.00009872962518393142	0.0000987242559121595	0.00009871699605014753	0.00009870718834761276	0.00009869394996041045	0.00009867609715720047	0.00009865204466863555	0.0000986196733694596	0.00009857615459843159	0.0000985177193625645	0.00009843935453903002	0.00009833440427889962	0.00009819405423630347	0.00009800665006225492	0.00009775682351804601	0.00009742436517147643	0.00009698274104782782	0.00009639721031787159	0.00009562239986195296	0.00009459914401519181	0.00009325047298650127	0.0000914764356131171	0.00008914759703967037	0.00008609721897722703	0.00008211305477349324	0.00007693258484208641	0.00007025459377590955	0.00006180213362813555	0.00005151190581219046	0.00003990973845964198	0.000028419471537680854	0.000018865832417178206	0.000012208515813281384	8.0788346973225e-6	5.5038329847677294e-6	3.6422256972580105e-6	2.113081855044305e-6	1.0231882175917293e-6	4.667752570736171e-7	2.3211088000917344e-7	1.1354667374243736e-7	4.250964241315228e-8	1.3954641761203978e-8	5.3074497382164096e-9	1.6283568265459848e-9	3.8743414027904365e-10	1.1069211503908103e-10	2.07670367797231e-11	4.252310777014126e-12	6.329920963955415e-13	9.252072536301204e-14	6.360484702119487e-15	1.9351921738196788e-16	4.326442196855869e-18	7.099278496975416e-20	8.274464818259275e-22	1.4308767296462022e-37
0.00009987965021977407	0.00009987965021327708	0.00009987965020486937	0.00009987965019381984	0.00009987965017905144	0.00009987965015895827	0.00009987965013113428	0.00009987965009200022	0.000099879650036371	0.00009987964995712719	0.00009987964984527305	0.00009987964969044196	0.00009987964948102519	0.0000998796492022648	0.0000998796488313068	0.00009987964833000127	0.00009987964763823618	0.0000998796466738941	0.00009987964534389327	0.00009987964354652715	0.00009987964112796305	0.00009987963781816606	0.00009987963324541517	0.00009987962702005724	0.00009987961860215053	0.00009987960705142105	0.0000998795912661495	0.0000998795698684898	0.00009987954055037761	0.0000998795007174774	0.00009987944635462958	0.00009987937239394136	0.00009987927155251331	0.00009987913447395355	0.00009987894773592387	0.00009987869375811722	0.00009987834853037778	0.00009987787925283313	0.00009987724162713772	0.00009987637573757486	0.00009987520047249298	0.00009987360611428405	0.00009987144455701958	0.00009986851609880284	0.00009986455055019305	0.00009985918517681299	0.0000998519304942651	0.00009984212966686799	0.00009982890024496593	0.00009981105903531973	0.00009978702149985168	0.00009975466880540087	0.0000997111732253437	0.00009965276578056959	0.0000995744329606227	0.00009946951863139288	0.000099329204111156	0.00009914183115188133	0.00009889201979145098	0.00009855955467367097	0.0000981178750430576	0.0000975322008706535	0.0000967571357673474	0.00009573347610794922	0.00009438421731054479	0.00009260940727782494	0.00009027965001738967	0.00008722831310106501	0.00008324325962730802	0.00007806179182834302	0.00007138117614398991	0.00006291895251062967	0.00005259655794708945	0.00004091144486751845	0.000029266480744058553	0.00001951626006673321	0.000012686611924617055	8.441457125433336e-6	5.795211096488766e-6	3.878786405165564e-6	2.28511053794522e-6	1.1212190184245544e-6	5.14871592751879e-7	2.5843760491363236e-7	1.294168816292777e-7	4.9820095807683455e-8	1.6478661715581397e-8	6.371559698279994e-9	2.0447421390755476e-9	4.911910382028234e-10	1.445000841876088e-10	2.8418406983396034e-11	5.8663783351434636e-12	9.358671098925317e-13	1.3844558047607374e-13	1.0572304528812773e-14	3.2222887169093486e-16	7.14747622945203e-18	1.1627372478999001e-19	1.342708606023383e-21	2.3024593352036975e-37
0.00010110288956241714	0.0001011028895559136	0.0001011028895475008	0.00010110288953644961	0.00010110288952168615	0.00010110288950160977	0.00010110288947382221	0.0001011028894347544	0.00010110288937923037	0.00010110288930012981	0.00010110288918843231	0.00010110288903372019	0.00010110288882434004	0.00010110288854555821	0.00010110288817465764	0.00010110288767371707	0.00010110288698281259	0.00010110288601968356	0.00010110288469064997	0.00010110288289378291	0.00010110288047647058	0.00010110287717018783	0.00010110287260185123	0.00010110286637935915	0.00010110285796722989	0.00010110284642822964	0.00010110283065221983	0.00010110280927092089	0.00010110277997823755	0.00010110274017063727	0.00010110268585660962	0.00010110261194572972	0.0001011025111894061	0.00010110237421715947	0.00010110218761749731	0.0001011019338503276	0.00010110158890275166	0.00010110111999435955	0.00010110048287209365	0.00010109961767397839	0.00010109844335577386	0.0001010968502817067	0.00010109469042753562	0.00010109176426995696	0.00010108780187637357	0.00010108244063170531	0.00010107519147538793	0.00010106539799456941	0.00010105217817435288	0.00010103434940894924	0.00010101032798861467	0.00010097799550935996	0.0001009345252699279	0.00010087614843497396	0.00010079785123438852	0.00010069297742269247	0.0001005527040234686	0.00010036536922823319	0.00010011558383193812	0.00009978311836876164	0.00009934138891142575	0.0000987555854468111	0.00009798027237833708	0.00009695621101986853	0.0000956063609352924	0.00009383076193915129	0.00009150006473922268	0.00008844773646836198	0.00008446171288621216	0.00007927915511629422	0.00007259582799966805	0.00006412349675919745	0.000053767736071825516	0.00004199599362895758	0.000030187502885578537	0.000020226621925606245	0.000013210423607110988	8.8398222032183e-6	6.116462946920132e-6	4.141288033512916e-6	2.478583350480577e-6	1.2333525008457901e-6	5.702331133435485e-7	2.887799288877852e-7	1.4799151223453116e-7	5.868386439340682e-8	1.9569894953847182e-8	7.677412106247317e-9	2.5803839046335983e-9	6.272336139207319e-10	1.891381553866437e-10	3.9231998400150986e-11	8.121639550180488e-12	1.3968140420198705e-12	2.0746912443115005e-13	1.779120357240632e-14	5.45029132887285e-16	1.198760211583107e-17	1.9319905271679084e-19	2.20879642491156e-21	3.7533412505096124e-37
0.00010241792075375836	0.00010241792074724748	0.00010241792073882891	0.0001024179207277754	0.00010241792071301658	0.00010241792069295725	0.00010241792066520752	0.00010241792062620905	0.0001024179205707958	0.00010241792049184679	0.00010241792038031553	0.00010241792022572943	0.00010241792001638522	0.00010241791973757216	0.00010241791936671692	0.00010241791886614289	0.00010241791817613268	0.00010241791721428338	0.00010241791588627302	0.00010241791408989664	0.00010241791167381484	0.00010241790837116543	0.0001024179038074954	0.00010241789758794724	0.00010241788918162516	0.00010241787765491068	0.00010241786188856165	0.00010241784052386593	0.00010241781125799801	0.00010241777147611973	0.00010241771721325853	0.00010241764335339429	0.0001024175426864969	0.00010241740582344365	0.00010241721936849032	0.00010241696582184952	0.00010241662116515977	0.0001024161526405312	0.00010241551604356595	0.00010241465156835961	0.00010241347824197918	0.00010241188651812611	0.0001024097284594968	0.0001024068047155001	0.00010240284565778585	0.00010239748876774087	0.00010239024548499343	0.00010238045981999064	0.00010236725024283663	0.00010234943478914106	0.00010232543065731278	0.0001022931200856981	0.000102249677413161	0.00010219133416739933	0.00010211307655381865	0.00010200824808558416	0.0001018680222470394	0.00010168073333761964	0.00010143098574896333	0.00010109852589166847	0.0001006567518966405	0.00010007083611784404	0.00009929528712351365	0.00009827083028116882	0.00009692039233365742	0.00009514399792619912	0.00009281234228871966	0.00008975898798255742	0.00008577198840062506	0.00008058830347135556	0.00007390217651379891	0.00006541946609347289	0.00005502928985486428	0.00004316746444918646	0.00003118678366850098	0.00002100094624086587	0.000013783332418221137	9.276715262135675e-6	6.470071907077828e-6	4.432127932649196e-6	2.6958853122845467e-6	1.3615682722617884e-6	6.339811865799721e-7	3.237505150477408e-7	1.6970887481976907e-7	6.943390412377574e-8	2.336516638468996e-8	9.28060554391735e-9	3.2689628244410363e-9	8.064389947113682e-10	2.4800755876424106e-10	5.457537359615403e-11	1.1278861322758878e-11	2.1001003173657345e-12	3.1124793919597777e-13	3.023177575338382e-14	9.354292135840969e-16	2.0388947018142557e-17	3.2531609411652205e-19	3.679408807676345e-21	6.1914439047036444e-37
0.0001038298885906224	0.00010382988858410336	0.00010382988857567811	0.00010382988856462159	0.00010382988854986692	0.0001038298885298248	0.00010382988850211408	0.00010382988846318797	0.00010382988840789107	0.00010382988832910198	0.00010382988821774679	0.0001038298880632938	0.00010382988785398444	0.00010382988757512855	0.00010382988720430332	0.00010382988670409319	0.00010382988601500747	0.000103829885054504	0.0001038298837275736	0.00010382988193167298	0.00010382987951678136	0.00010382987621786503	0.00010382987165911306	0.00010382986544257513	0.00010382985704202689	0.00010382984552812027	0.00010382982977182013	0.00010382980842382013	0.00010382977918612606	0.00010382973943021564	0.00010382968522071312	0.00010382961141280631	0.00010382951083946513	0.00010382937408780995	0.00010382918778373596	0.00010382893446683897	0.00010382859011042765	0.00010382812198285835	0.0001038274859317037	0.00010382662220906955	0.00010382544991695664	0.0001038238596067031	0.00010382170343528834	0.00010381878221498024	0.00010381482666875692	0.00010380947435966202	0.00010380223730214082	0.00010379245992431571	0.00010377926124482773	0.00010376146000364374	0.00010373747436370821	0.00010370518749501642	0.00010366177471417029	0.00010360346823689358	0.00010352525460557722	0.00010342047671356238	0.00010328030599437192	0.00010309307191825672	0.00010284337380153	0.00010251092931745207	0.00010206912247266705	0.00010148311016171753	0.0001007073435720498	0.00009968250569120482	0.00009833149022739319	0.00009655430572991848	0.0000942216783427701	0.00009116727678646447	0.00008717930536393156	0.00008199450261245024	0.00007530549344394899	0.00006681217416887326	0.00005638670051431868	0.00004443164476087761	0.000032270345566081915	0.000021844782098911153	0.00001440991728507839	9.755899364568622e-6	6.859363438240854e-6	4.754465049002104e-6	2.9400858273024293e-6	1.5084153909048573e-6	7.075764046488078e-7	3.6414535166817364e-7	1.951308969042665e-7	8.25044828299778e-8	2.8049726862849625e-8	1.1255158910821342e-8	4.155795447546542e-9	1.0444425786272674e-9	3.258458867181468e-10	7.650131757811053e-11	1.5728617474520685e-11	3.1788699276540386e-12	4.684059969826311e-13	5.187688256320643e-14	1.6328676966897208e-15	3.5246478597541523e-17	5.562898039924033e-19	6.218778226038102e-21	1.0354143686522801e-36
0.0001053444109569203	0.00010534441095039214	0.00010534441094195928	0.00010534441093089886	0.00010534441091614776	0.0001053444108961228	0.00010534441086845213	0.0001053444108296012	0.00010534441077442606	0.0001053444106958052	0.00010534441058463602	0.00010534441043032341	0.00010534441022104717	0.00010534440994213495	0.00010534440957132073	0.00010534440907146698	0.0001053444083833315	0.00010534440742423824	0.0001053444060984449	0.00010534440430299808	0.00010534440188923414	0.00010534439859412609	0.00010534439404053918	0.00010534438782706473	0.00010534437943218333	0.00010534436793155614	0.0001053443521856791	0.00010534433085428952	0.00010534430164607067	0.00010534426191617659	0.00010534420776199534	0.00010534413400669014	0.00010534403353072191	0.00010534389689186674	0.00010534371074458756	0.0001053434576656477	0.00010534311361719982	0.0001053426458983359	0.00010534201041170349	0.00010534114746882901	0.00010533997624985009	0.00010533838741220465	0.00010533623321717949	0.00010533331462692323	0.00010532936275766085	0.00010532401525527382	0.00010531678477235404	0.0001053070161468572	0.00010529382902444834	0.00010527604292478032	0.00010525207700722124	0.00010521981571210825	0.00010517643522770262	0.00010511816888292467	0.00010504000401574479	0.00010493528253570681	0.00010479517563397063	0.00010460800697545098	0.00010435836936353576	0.0001040259587152923	0.00010358414383386687	0.0001029980502641688	0.0001022220911162141	0.0001011968988470339	0.0000998453253364351	0.0000980673644228155	0.0000957337696112351	0.00009267831986344435	0.00008868930206498052	0.0000835033006139382	0.00007681138272250304	0.00006830728800558488	0.00005784577926589603	0.00004579465728071799	0.000033444475749726595	0.000022764048911303455	0.000015095133698160438	0.00001028145373981317	7.287945779332405e-6	5.1117481126752815e-6	3.2145964875063154e-6	1.67683335560476e-6	7.927475132995217e-7	4.109036269991476e-7	2.2491697361130565e-7	9.84255431920833e-8	3.386222537288892e-8	1.3694520656665123e-8	5.299038093982727e-9	1.3630742963351085e-9	4.2905074557407476e-10	1.0800327698292606e-10	2.2046971274879737e-11	4.837991805897017e-12	7.086081425183494e-13	8.976566500842781e-14	2.9040845708934232e-15	6.203662084086143e-17	9.675931070683616e-19	1.0680264381682054e-20	1.757839333064459e-36
0.00010696139439715028	0.00010696139439061199	0.00010696139438217047	0.00010696139437110517	0.00010696139435635686	0.00010696139433634882	0.00010696139430871896	0.0001069613942699456	0.00010696139421489708	0.00010696139413645228	0.00010696139402547857	0.00010696139387131312	0.00010696139366206774	0.00010696139338308415	0.00010696139301225846	0.0001069613925127477	0.00010696139182558059	0.00010696139086795554	0.00010696138954335295	0.00010696138774833044	0.00010696138533560745	0.00010696138204434566	0.000106961377496148	0.00010696137128577051	0.00010696136289636147	0.00010696135140938635	0.00010696133567426433	0.00010696131435917807	0.00010696128518156793	0.00010696124547748961	0.00010696119138014924	0.00010696111767768005	0.0001069610173022101	0.00010696088077645635	0.00010696069479114732	0.0001069604419564679	0.00010696009822097541	0.00010695963091961972	0.00010695899601268536	0.00010695813387176139	0.00010695696375755976	0.00010695537644165841	0.00010695322430223684	0.00010695030843716475	0.00010694636038535643	0.00010694101790041855	0.00010693379431150573	0.000106924034862867	0.00010691085991672164	0.00010689308985825903	0.00010686914485937155	0.00010683691095200475	0.00010679356513068021	0.00010673534230266278	0.0001066572310632636	0.00010655257239998244	0.00010641253853001379	0.00010622544721498604	0.00010597588175531461	0.00010564353144604606	0.00010520174297786567	0.00010461559132041324	0.00010383947076442708	0.00010281395962178867	0.00010146185911179755	0.00009968314371932198	0.00009734860208476799	0.00009429210277278891	0.00009030204354093569	0.00008511484073803765	0.0000784199896678497	0.000069905060074931	0.00005940707334696591	0.00004725766735595693	0.000034711329008142365	0.000023761437833210054	0.000015841543960940744	0.000010855611731589494	7.757907095781745e-6	5.506142769753005e-6	3.521849003088369e-6	1.8692547107786074e-6	8.9103084543792e-7	4.64854542904241e-7	2.596519487534721e-7	1.1771591887957548e-7	4.1059991164784614e-8	1.669631996878154e-8	6.761426733813014e-9	1.7890147039991968e-9	5.651302066010809e-10	1.5291903653932449e-10	3.099731384338936e-11	7.35728853582572e-12	1.075113301996547e-12	1.550821061884731e-13	5.2255209360471414e-15	1.1042517962760722e-16	1.7007861382652287e-18	1.8521441042284812e-20	3.0111904874650065e-36
0.00010868626490757314	0.00010868626490102361	0.00010868626489257227	0.00010868626488150092	0.00010868626486675447	0.00010868626484676288	0.0001086862648191743	0.00010868626478048066	0.00010868626472556343	0.00010868626464730232	0.00010868626453653354	0.00010868626438252219	0.00010868626417330484	0.00010868626389423272	0.00010868626352336884	0.00010868626302418164	0.000108686262337995	0.00010868626138189286	0.00010868626005853449	0.00010868625826389957	0.00010868625585210523	0.0001086862525646947	0.00010868624802209927	0.00010868624181483965	0.00010868623343062214	0.00010868622195759228	0.00010868620623354242	0.00010868618493424126	0.00010868615578825744	0.00010868611610959284	0.00010868606207023744	0.00010868598842054328	0.00010868588814813649	0.00010868575173486901	0.00010868556591630822	0.0001086853133305744	0.00010868496991082462	0.00010868450303378268	0.00010868386871935443	0.00010868300739912244	0.00010868183841614945	0.00010868025266372157	0.00010867810265254807	0.00010867518960357397	0.00010867124549106494	0.00010866590823225444	0.00010865869183763827	0.00010864894196914759	0.0001086357798053199	0.00010861802669503951	0.00010859410384823544	0.00010856189913119148	0.0001085185904333847	0.00010846041468088025	0.00010838236210332341	0.00010827777356413958	0.00010813782231022188	0.00010795082160262444	0.00010770134395136052	0.00010736908183388932	0.00010692735134197665	0.00010634118083478363	0.00010556493625917325	0.00010453914496884041	0.00010318656003962046	0.00010140712889250448	0.00009907166648305393	0.00009601413168407256	0.00009202308073154972	0.00008683472926934453	0.00008013695891075606	0.00007161119479787781	0.0000610764681598694	0.00004882696495141851	0.00003607752079342901	0.00002484340294543389	0.00001665466438965273	0.00001148295358791327	8.273312418721576e-6	5.941559248343812e-6	3.865795110705517e-6	2.0893206943430623e-6	1.0046992185783698e-6	5.27226993123515e-7	3.001858842302881e-7	1.4109757062140226e-7	5.0013874058403815e-8	2.0400384521452174e-8	8.630409701505644e-9	2.361999527937912e-9	7.45097317205732e-10	2.1695035055146226e-10	4.377949764416329e-11	1.1167383229028041e-11	1.6404994997160168e-12	2.6693136374729177e-13	9.534824803716902e-15	1.9924965064790978e-16	3.027819895412299e-18	3.2499267506052267e-20	5.214589974141768e-36
0.00011052695702864258	0.00011052695702208051	0.00011052695701361802	0.00011052695700253931	0.00011052695698779358	0.00011052695696781774	0.00011052695694027065	0.00011052695690165864	0.00011052695684687721	0.00011052695676880743	0.00011052695665825328	0.00011052695650440311	0.00011052695629521033	0.00011052695601603004	0.00011052695564509636	0.00011052695514620644	0.00011052695446100573	0.00011052695350647848	0.00011052695218441861	0.0001105269503901268	0.00011052694797911986	0.00011052694469552876	0.00011052694015873841	0.00011052693395460738	0.00011052692557520457	0.00011052691411632431	0.00011052689840365849	0.00011052687711939253	0.00011052684800592394	0.00011052680835207778	0.0001105267543714175	0.00011052668077417528	0.00011052658060674404	0.00011052644430442472	0.00011052625865702072	0.00011052600632306203	0.00011052566321955183	0.00011052519677174479	0.0001105245630603566	0.000110523702576144	0.00011052253474560787	0.00011052095059043611	0.0001105188027725074	0.00011051589262829048	0.00011051195255774578	0.00011050662073431104	0.00011049941181144737	0.00011048967190841361	0.00011047652312395867	0.00011045878787753449	0.00011043488848494922	0.00011040271474936929	0.00011035944581277644	0.00011030132095164982	0.00011022333227507373	0.0001101188220266897	0.00010997896321664866	0.0001097920673322194	0.00010954269916425141	0.00010921054637009991	0.00010876889411366066	0.00010818275349335029	0.00010740642970819486	0.00010638040581137397	0.00010502739178002308	0.00010324730312720218	0.00010091096586705244	0.00009785244276495442	0.00009386036227318344	0.00008867080517059654	0.000081970177931923	0.00007343367905899617	0.00006286217038857485	0.00005051117506493424	0.00003755218566263139	0.000026018656231706396	0.00001754188632411466	0.0000121695737616286	8.83952425420793e-6	6.423094599520942e-6	4.251514602187618e-6	2.34172012378721e-6	1.1367367319289796e-6	5.996337550290018e-7	3.4762443859075216e-7	1.6950843411792729e-7	6.123566539355751e-8	2.4997748207519117e-8	1.1023355837961257e-8	3.140350066680307e-9	9.848629230037718e-10	3.08432562090237e-10	6.229577176537334e-11	1.6925039110579607e-11	2.5290971415824867e-12	4.576126615689332e-13	1.7741354188757206e-14	3.6650808562020265e-16	5.4884861833543305e-18	5.799108166312631e-20	9.172445338191402e-36
0.00011248113612040699	0.00011248113611383111	0.00011248113610535601	0.00011248113609426851	0.00011248113607952213	0.00011248113605956107	0.00011248113603205533	0.00011248113599352626	0.0001124811359388843	0.00011248113586101257	0.00011248113575068188	0.00011248113559699932	0.00011248113538782719	0.00011248113510851775	0.00011248113473747896	0.00011248113423885289	0.00011248113355463307	0.00011248113260172216	0.00011248113128100954	0.00011248112948700992	0.00011248112707662248	0.00011248112379676793	0.00011248111926594556	0.00011248111306493542	0.00011248110468987208	0.00011248109324518975	0.00011248107754416785	0.00011248105627393355	0.00011248102719356687	0.00011248098756371675	0.0001124809336417367	0.00011248086009624705	0.00011248076003449886	0.00011248062384041729	0.00011248043836738621	0.00011248018628496431	0.00011247984349482944	0.00011247937747775259	0.00011247874437516607	0.00011247788473530997	0.00011247671806825035	0.00011247513552870005	0.0001124729899490543	0.00011247008278251261	0.00011246614681961746	0.00011246082061138996	0.00011245361937185176	0.00011244388975295847	0.00011243075486313494	0.00011241303829085875	0.00011238916358862096	0.00011235702243915924	0.00011231379586619523	0.00011225572564559513	0.00011217780594599877	0.00011207338195912674	0.00011193362527654033	0.00011174684828842728	0.00011149761342769966	0.00011116558591741048	0.00011072403355640232	0.00011013796194603786	0.00010936161162190594	0.0001083354207467056	0.00010698204569136222	0.00010520136616914504	0.00010286422431207614	0.00009980475724333509	0.00009581174084073417	0.00009062111615936544	0.00008391770961448424	0.00007537067484711712	0.00006476264646661402	0.00005230951028967166	0.000039135775758063606	0.000027288896089982138	0.0000185052669740924	0.000012917396660216626	9.458404194750935e-6	6.952781272515634e-6	4.6815173467662845e-6	2.6294806366646613e-6	1.2893637725524262e-6	6.832657028050219e-7	4.02779935966426e-7	2.037184517290899e-7	7.522550268285731e-8	3.0669907045602225e-8	1.4051138812972868e-8	4.1902373069614645e-9	1.3020046700523824e-9	4.368372772584533e-10	8.901988826021355e-11	2.543077674621293e-11	3.921729682670422e-12	7.720057764554502e-13	3.3268725527907064e-14	6.797188777594435e-16	1.0023404080925652e-17	1.0416918132647948e-19	1.6229862652644963e-35
0.00011456064377578401	0.0001145606437691928	0.00011456064376070349	0.0001145606437496055	0.00011456064373485686	0.0001145606437149093	0.00011456064368744442	0.00011456064364899939	0.00011456064359450049	0.00011456064351683365	0.0001145606434067357	0.00011456064325322769	0.00011456064304407167	0.0001145606427646091	0.00011456064239342364	0.00011456064189501945	0.00011456064121176758	0.00011456064026051162	0.00011456063894119717	0.00011456063714743128	0.00011456063473746107	0.0001145606314612144	0.00011456062693651017	0.00011456062073860882	0.00011456061236729953	0.00011456060093674548	0.00011456058524763527	0.00011456056399016986	0.00011456053494330156	0.00011456049533647115	0.0001145604414725564	0.00011456036797795011	0.00011456026802164371	0.00011456013193224516	0.00011455994663628258	0.00011455969480267358	0.00011455935232071214	0.00011455888673416111	0.00011455825424373045	0.00011455739545280835	0.00011455622995464008	0.00011455464903975932	0.00011455250573104652	0.00011454960161250061	0.00011454566980593043	0.00011454034938608481	0.00011453315600944382	0.00011452343698381894	0.0001145103164969306	0.00011449261939520013	0.0001144687706825738	0.00011443666377874058	0.0001143934824103525	0.0001143354708680652	0.00011425762573529417	0.00011415329606748149	0.00011401365285211699	0.00011382701061666727	0.00011357793179437632	0.00011324605687065094	0.00011280465209780343	0.00011221868660857532	0.00011144237539683316	0.00011041609717037246	0.0001090624449097618	0.00010728126170373627	0.00010494339813159489	0.00010188307105555989	0.00009788916811941718	0.00009269747358235917	0.00008599144459345421	0.0000774341760977836	0.0000667901060510213	0.000054234596308413004	0.000040841253638212305	0.000028666467068479	0.000019555308124557104	0.000013735069694772661	0.00001013750957780329	7.5377290978205935e-6	5.162821722557007e-6	2.9592429662405626e-6	1.4670485927372702e-6	7.805394517905104e-7	4.672825318617319e-7	2.451105687078038e-7	9.285185295777726e-8	3.7738709492322457e-8	1.7901455758700803e-8	5.6243230347923994e-9	1.7269942731245427e-9	6.177586867549942e-10	1.2843776837897544e-10	3.8029066847067773e-11	6.165061574197296e-12	1.2892278907992934e-12	6.366416893203542e-14	1.287245292824637e-15	1.8666210312251526e-17	1.9052011550668654e-19	2.919911014400453e-35
0.00011676350509073395	0.00011676350508412582	0.00011676350507562058	0.00011676350506451024	0.00011676350504975752	0.00011676350502982188	0.00011676350500239699	0.00011676350496403641	0.00011676350490968332	0.00011676350483222727	0.00011676350472237039	0.00011676350456904332	0.00011676350435989857	0.00011676350408025752	0.00011676350370888003	0.00011676350321064787	0.0001167635025283392	0.0001167635015787649	0.00011676350026089389	0.00011676349846729848	0.00011676349605751625	0.00011676349278469091	0.0001167634882662069	0.00011676348207138928	0.00011676347370315109	0.00011676346228646775	0.000116763446609487	0.00011676342536328087	0.00011676339634991855	0.00011676335676496903	0.00011676330295761229	0.00011676322951274928	0.00011676312966010819	0.00011676299367086121	0.00011676280855311155	0.00011676255696194834	0.00011676221477976664	0.00011676174962020002	0.00011676111774002433	0.00011676025979488354	0.0001167590954602403	0.00011675751616241861	0.00011675537513134957	0.00011675247410955562	0.00011674854647564234	0.00011674323196813566	0.00011673604656105963	0.000116726338375001	0.00011671323270759089	0.00011669555572702998	0.00011667173414802623	0.00011663966304734085	0.00011659652955001227	0.00011653858048771173	0.00011646081556889015	0.00011635658762703503	0.00011621707046838804	0.00011603058015519309	0.00011578167661338421	0.0001154499975351104	0.00011500880186956442	0.00011442300361010909	0.0001136468036865587	0.00011262051761337766	0.00011126668783175609	0.00010948511460459369	0.00010714664058529188	0.00010408556016530634	0.00010009086526400224	0.00009489828267637559	0.00008818980340447375	0.00007962271167173389	0.00006894339112801047	0.00005628605773925941	0.00004266978707599698	0.000030153962807277953	0.000020695009595737525	0.000014625345333677625	0.000010879419320992285	8.18063061762752e-6	5.698627401154102e-6	3.3349944642740152e-6	1.6729945034014366e-6	8.931844229759548e-7	5.422796290852673e-7	2.9474874997239555e-7	1.1493933169985024e-7	4.650762056153706e-8	2.2743879979946336e-8	7.566578129934017e-9	2.2936010891062133e-9	8.680689425502186e-10	1.8646691132510717e-10	5.630255490140921e-11	9.773821075921122e-12	2.1140725301198222e-12	1.2275817930713885e-13	2.461340193307005e-15	3.506695160454049e-17	3.511756746039094e-19	5.289509104171107e-35
0.000119099133656107	0.00011909913364948017	0.00011909913364095704	0.00011909913362983229	0.00011909913361507336	0.00011909913359514774	0.00011909913356776153	0.00011909913352948546	0.00011909913347528053	0.0001190991333980409	0.00011909913328843356	0.00011909913313529406	0.00011909913292615522	0.0001190991326463078	0.00011909913227468672	0.00011909913177656703	0.00011909913109516588	0.00011909913014729268	0.0001190991288309102	0.00011909912703741655	0.0001190991246275581	0.000119099121357908	0.00011909911684571349	0.0001190991106539525	0.0001190991022879899	0.0001190990908847402	0.00011909907522009649	0.00011909905398337724	0.00011909902500317423	0.00011909898543886223	0.00011909893168566477	0.00011909885828928364	0.00011909875853701534	0.00011909862264266016	0.00011909843770294525	0.0001190981863443736	0.00011909784445108953	0.00011909737971263151	0.00011909674843668163	0.00011909589132802758	0.00011909472814336373	0.00011909315044227248	0.00011909101167334552	0.00011908811377954999	0.00011908419031906998	0.00011907888180392808	0.00011907170443013744	0.00011906200730643198	0.0001190489168322586	0.0001190312605466662	0.00011900746713539466	0.00011897543348665314	0.0001189323504177623	0.00011887446759448559	0.00011879678891835711	0.00011869267066061063	0.0001185532934334501	0.00011836697406557066	0.00011811826891300689	0.00011778682929989132	0.00011734588488146013	0.00011676033507792995	0.0001159843238706991	0.00011495812943402613	0.0001136042410767023	0.00011182240351444307	0.00010948345609154818	0.00010642174712062699	0.00010242640695970301	0.00009723301567714484	0.0000905223506832751	0.00008194596777563493	0.00007123244213915166	0.000058474371171996794	0.00004463258561553606	0.00003176274752099392	0.000021934477543463246	0.000015596688859278716	0.000011691578566849801	8.888552706331495e-6	6.296092059001205e-6	3.7640835544127307e-6	1.9127080093868417e-6	1.0241943295262234e-6	6.297474133976875e-7	3.5433725952798114e-7	1.4277686088594567e-7	5.746442956177421e-8	2.8841154383539767e-8	1.0210040772455933e-8	3.056649962868737e-9	1.2136386013787415e-9	2.732815474269702e-10	8.277743567181479e-11	1.5692297906543433e-11	3.4207223313398476e-12	2.40144394058995e-13	4.792879757720445e-15	6.699776934966838e-17	6.573123275847009e-19	9.716752106377977e-35
0.00012156920840877071	0.00012156920840212335	0.00012156920839358021	0.00012156920838243875	0.00012156920836767126	0.00012156920834775338	0.0001215692083204041	0.00012156920828221197	0.0001215692082281568	0.00012156920815113844	0.00012156920804178846	0.0001215692078888429	0.00012156920767970454	0.0001215692073996214	0.00012156920702770063	0.00012156920652962503	0.00012156920584908303	0.00012156920490291835	0.0001215692035880652	0.00012156920179460215	0.00012156919938437564	0.00012156919611759086	0.00012156919161170208	0.00012156918542296686	0.00012156917705839163	0.00012156916566792254	0.00012156915001578049	0.00012156912878655565	0.00012156909983869048	0.00012156906029370502	0.00012156900659123437	0.00012156893324194337	0.00012156883358492423	0.00012156869777959429	0.00012156851301568747	0.00012156826187596377	0.00012156792025819755	0.00012156745593183438	0.00012156682524827508	0.00012156596895849733	0.00012156480689971609	0.00012156323075985778	0.00012156109420952564	0.00012155819944243639	0.00012155428013710765	0.00012154897762080093	0.00012154180829288081	0.00012153212239752575	0.00012151904739633051	0.00012150141224693845	0.00012147764779039284	0.00012144565318301935	0.00012140262269369583	0.00012134480955722818	0.00012126722289770994	0.00012116322306797515	0.00012102399856510677	0.00012083786860761705	0.00012058939205904736	0.00012025821873711748	0.00011981755553384608	0.00011923231240181526	0.00011845657969978266	0.00011743059698225727	0.00011607678201696429	0.00011429483443283655	0.00011195557570979961	0.00010889341718535609	0.00010489757797200082	0.00009970364836589262	0.00009299108774857242	0.0000844060548118792	0.00007365966872771156	0.00006080268707273048	0.00004673414842533135	0.000033498655893720734	0.000023279607828562844	0.000016654270869179957	0.000012578638223239447	9.666054062033782e-6	6.960168931588733e-6	4.252365921874785e-6	2.1911916240293133e-6	1.1763161612628791e-6	7.314582041919655e-7	4.254473814831561e-7	1.777455040339146e-7	7.114864087945492e-8	3.646685481090618e-8	1.3781249215429474e-8	4.084917556551446e-9	1.6847422448444207e-9	4.0334488433289416e-10	1.2071589394218534e-10	2.53957239701531e-11	5.452352492074252e-12	4.72162221256588e-13	9.446525696598534e-15	1.2942717241602214e-16	1.2425127196487624e-18	1.8006209149227346e-34
0.00012418145938302688	0.0001241814593763569	0.00012418145936779148	0.00012418145935663076	0.000124181459341852	0.00012418145932193927	0.0001241814592946247	0.00012418145925651537	0.000124181459202611	0.00012418145912581827	0.00012418145901673327	0.0001241814588639883	0.00012418145865484485	0.00012418145837449465	0.00012418145800221217	0.0001241814575041018	0.00012418145682435724	0.00012418145587989767	0.0001241814545666129	0.00012418145277310743	0.0001241814503621888	0.0001241814470978897	0.00012418144259827092	0.00012418143641253408	0.00012418142804835827	0.00012418141666978362	0.0001241814010302767	0.00012418137980633353	0.00012418135088946544	0.0001241813113624779	0.00012418125770618206	0.0001241811844025365	0.00012418108483365107	0.00012418094911107884	0.0001241807645184102	0.00012418051357986743	0.00012418017222220665	0.00012417970829584307	0.00012417907818667882	0.00012417822268957882	0.0001241770617223667	0.0001241754870948537	0.00012417335269327464	0.00012417046101354093	0.00012416654583305274	0.00012416124924378102	0.00012415408794427024	0.00012414441338551546	0.00012413135404659102	0.00012411374037947246	0.0001240900054558175	0.0001240580513534178	0.00012401507529138012	0.00012395733519294684	0.00012387984597072365	0.0001237759740909566	0.00012363691380481504	0.0001234509914713412	0.00012320277546340068	0.0001228718990081928	0.00012243158442173471	0.00012184670825631233	0.00012107136119699161	0.00012004571118096128	0.00011869212691788546	0.00011691025142422399	0.00011457087904179985	0.00011150845906137568	0.00010751234481138653	0.00010231802224433552	0.00009560395768866879	0.00008701105257243533	0.00007623343144408186	0.00006328001880550707	0.00004898466399781497	0.000035372717083077236	0.00002474070294134	0.000017806881471558575	0.000013548358643104211	0.00001052051488518441	7.6984196218446e-6	4.8081157923335915e-6	2.5154507997766503e-6	1.3534352183344246e-6	8.498949933413828e-7	5.102185200470213e-7	2.2174844468759168e-7	8.833732582211995e-8	4.600107116062049e-8	1.8596997803445128e-8	5.4832549852073955e-9	2.324400179349625e-9	5.999658599154953e-10	1.751317911121917e-10	4.1403377267623707e-11	8.599985302005148e-12	9.334586144896268e-13	1.8952591533358556e-14	2.5416089351314275e-16	2.383635294410013e-18	3.381267633381026e-34
0.00012693852511962058	0.00012693852511292582	0.0001269385251043356	0.00012693852509315287	0.00012693852507835994	0.00012693852505844932	0.0001269385250311668	0.0001269385249931385	0.00012693852493938522	0.0001269385248628216	0.0001269385247540087	0.00012693852460147085	0.0001269385243923171	0.00012693852411166747	0.00012693852373895699	0.00012693852324072364	0.0001269385225617009	0.00012693852161892944	0.00012693852030724786	0.00012693851851362868	0.00012693851610167005	0.00012693851283940793	0.00012693850834595818	0.000126938502163197	0.00012693849379836076	0.00012693848243054427	0.00012693846680374897	0.00012693844558272412	0.00012693841669491403	0.00012693837718463048	0.000126938323568806	0.0001269382503093068	0.00012693815081933908	0.0001269380151730782	0.00012693783074410698	0.00012693757998538633	0.00012693723887076324	0.00012693677532850224	0.00012693614576821764	0.0001269352910275165	0.0001269341311059372	0.0001269325579282534	0.00012693042557992946	0.00012692753689916094	0.0001269236257938402	0.0001269183349735241	0.00012691118165151214	0.00012690151843518704	0.0001268884748095444	0.00012687088284097725	0.00012684717781975797	0.00012681526529094038	0.0001267723452646762	0.0001267146813969255	0.00012663729446277884	0.00012653355919753421	0.00012639467477556338	0.00012620897937889588	0.00012596104959429466	0.00012563052437439154	0.00012519063870785238	0.00012460623485118348	0.00012383137633580182	0.0001228061993481398	0.00012145301972584822	0.00011967141517488857	0.0001173321559913027	0.00011426973214914951	0.00011027359038882076	0.00010507927101069261	0.00009836413767815545	0.00008976425298685911	0.00007895730317185	0.00006591064078651201	0.000051389889674103884	0.000037392300772713387	0.000026325344460710585	0.000019061215053934332	0.000014606721154313338	0.00001145769572110855	8.516926635398026e-6	5.43858551798611e-6	2.8923979408466172e-6	1.5594744197575644e-6	9.874938305872184e-7	6.107641180908969e-7	2.768755005944217e-7	1.0994610568634953e-7	5.7865297586672656e-8	2.5024795140191545e-8	7.390806942997731e-9	3.1844824182722875e-9	8.962090047374129e-10	2.528637449315918e-10	6.74942721148188e-11	1.3439259129564283e-11	1.8343191624134212e-12	3.8515298413880466e-14	5.050152632682576e-16	4.620644356787493e-18	6.4078017416077e-34
0.00012984890410564152	0.00012984890409891957	0.00012984890409030187	0.00012984890407909412	0.00012984890406428368	0.00012984890404437176	0.00012984890401711806	0.00012984890397916852	0.00012984890392556594	0.00012984890384923448	0.0001298489037407005	0.00012984890358837685	0.0001298489033792079	0.00012984890309822517	0.00012984890272501486	0.00012984890222655937	0.0001298489015481678	0.00012984890060705408	0.00012984889929700832	0.00012984889750320758	0.00012984889508983426	0.0001298488918290839	0.00012984888734163345	0.00012984888116183692	0.00012984887279520802	0.00012984886143673852	0.00012984884582267325	0.0001298488246020715	0.0001298487957407102	0.00012984875624591686	0.00012984870266362938	0.00012984862944673937	0.00012984853002422943	0.00012984839444783058	0.00012984821017150464	0.00012984795956778744	0.00012984761867783367	0.00012984715549932063	0.0001298465264537668	0.00012984567242206092	0.00012984451348772947	0.00012984294168438164	0.0001298408112721667	0.00012983792544891815	0.00012983401834127018	0.0001298287330581351	0.0001298215876263745	0.00012981193562700626	0.0001297989076129714	0.00012978133742512396	0.00012975766256301052	0.00012972579219810553	0.00012968292981917426	0.00012962534521715295	0.0001295480652591091	0.00012944447377100687	0.00012930577914567246	0.00012912033185292384	0.00012887271444151423	0.00012854259201633829	0.00012810317520170532	0.00012751933134826343	0.00012674507854274554	0.00012572053728724463	0.0001243679548505569	0.00012258686256274827	0.00012024798384846852	0.00011718583043477903	0.00011318996099975394	0.0001079959164941929	0.00010128023533116863	0.00009267439018457948	0.00008184029456254722	0.00006870422178803288	0.000053960813065800795	0.0000395697111055198	0.00002804544596059065	0.000020427585234655644	0.000015762844117281217	0.000012486215082223784	9.424445400815981e-6	6.153585513906348e-6	3.3313508885095235e-6	1.799820173162901e-6	1.1475601143055468e-6	7.298975968993185e-7	3.459012308070783e-7	1.3727738689128302e-7	7.264076567257722e-8	3.3554621181116085e-8	1.0019987761608489e-8	4.338129678852113e-9	1.3429727460620882e-9	3.6458534565021315e-10	1.0960476793984423e-10	2.0936474476324842e-11	3.569705331943743e-12	7.976652117261931e-14	1.0212264705610036e-15	9.098721334534483e-18	1.231422398843011e-33
0.00013291515183269835	0.00013291515182594675	0.0001329151518172987	0.0001329151518060627	0.00013291515179123117	0.0001329151517713142	0.00013291515174408566	0.0001329151517062119	0.00013291515165275882	0.00013291515157666165	0.000132915151468413	0.0001329151513163107	0.0001329151511071227	0.00013291515082577334	0.00013291515045198808	0.00013291514995320247	0.00013291514927533688	0.00013291514833583515	0.00013291514702745336	0.0001329151452334113	0.0001329151428182349	0.00013291513955840227	0.00013291513507670194	0.00013291512889987176	0.00013291512053028998	0.0001329151091794863	0.00013291509357807866	0.00013291507235538318	0.00013291504351715575	0.00013291500403676173	0.00013291495047996563	0.00013291487730404376	0.00013291477793546825	0.0001329146424226641	0.00013291445828393717	0.00013291420780790997	0.0001329138671232932	0.0001329134042826743	0.00013291277570795558	0.00013291192232579816	0.0001329107643066367	0.0001329091937885568	0.0001329070651781928	0.00013290418201814552	0.00013290027878040762	0.00013289499874907497	0.000132887861047188	0.00013287821996610207	0.00013286520727662967	0.00013284765874273932	0.0001328240141576782	0.00013279218606351592	0.0001327493827694119	0.00013269187980533535	0.0001326147111876523	0.00013251126974134857	0.00013237277863526167	0.0001321875985077288	0.00013194032655415604	0.00013161063520085052	0.00013117174428596958	0.00013058852564361924	0.0001298150169663803	0.000128791271303029	0.0001274395068739003	0.00012565918167339258	0.0001233209863487454	0.00012025944850285206	0.00011626423080564146	0.00011107090083623714	0.00010435529764458491	0.00009574464594853912	0.0000848858510062006	0.00007166488145521756	0.00005670308774670035	0.000041912691766134834	0.000029909462569743242	0.000021913633180912526	0.000017023565423715562	0.000013612602306224238	0.000010427744058509543	6.961303394539294e-6	3.841252127333271e-6	2.0798726748269146e-6	1.3332835255972887e-6	8.703311045312708e-7	4.317329641263909e-7	1.7186452361611557e-7	9.097165998790736e-8	4.472218930005398e-8	1.36541024477824e-8	5.873249109276245e-9	2.007925280902236e-9	5.252004085653703e-10	1.7575287345886468e-10	3.2593936261974806e-11	6.7818851881161045e-12	1.6729323055997823e-13	2.089693065373443e-15	1.8103545000595695e-17	2.3878564694756646e-33
0.00013614699689304437	0.00013614699688626038	0.00013614699687757885	0.00013614699686631104	0.0001361469968514545	0.00013614699683152829	0.00013614699680432072	0.00013614699676651914	0.00013614699671321377	0.0001361469966373526	0.00013614699652939556	0.00013614699637752266	0.00013614699616831293	0.00013614699588656323	0.0001361469955121232	0.00013614699501288846	0.00013614699433542744	0.0001361469933974768	0.00013614699209078522	0.0001361469902964528	0.00013614698787906828	0.00013614698461948105	0.00013614698014319655	0.0001361469739693548	0.00013614696559563513	0.0001361469542505165	0.0001361469386615923	0.00013614691743429674	0.00013614688861509963	0.00013614684914816042	0.00013614679560766086	0.00013614672247088037	0.00013614662314062148	0.00013614648768535282	0.00013614630366458872	0.00013614605328704212	0.00013614571278736034	0.00013614525025186877	0.00013614462209297413	0.00013614376928773253	0.00013614261209627719	0.00013614104275896368	0.00013613891580257855	0.00013613603506544864	0.0001361321354966497	0.00013612686040557605	0.00013611973015779949	0.0001361100995213221	0.0001360971016989369	0.0001360795744498601	0.00013605596006123092	0.00013602417412412226	0.0001359814308478986	0.0001359240110436301	0.00013584695757018093	0.00013574367320684153	0.0001356053960113258	0.00013542049989998258	0.00013517360545506677	0.00013484439139052864	0.0001344061255476138	0.00013382366115539287	0.0001330510191540919	0.00013202826014039942	0.00013067754502416986	0.00012889828875316446	0.00012656112365274621	0.00012350058726009826	0.00011950642968387154	0.00011431436456289489	0.0001075995163177772	0.00009898534822393592	0.00008810457101977734	0.00007480385834182097	0.00005962938246288684	0.000044435664921707955	0.000031931801552257276	0.000023532024082521314	0.000018400077068143574	0.000014847377872871948	0.000011537334368536292	7.873444243443129e-6	4.434458124851317e-6	2.4072860570970373e-6	1.5491549808211907e-6	1.0358059041130445e-6	5.382421110398966e-7	2.1592863679053612e-7	1.1377198718129746e-7	5.9241205224482396e-8	1.873043989651689e-8	7.918047258136194e-9	2.990011554743373e-9	7.589826104167964e-10	2.777116431772365e-10	5.110011347519994e-11	1.2531160552907254e-11	3.5802904132842007e-13	4.359998773922589e-15	3.664871710769204e-17	4.701695175305093e-33
0.00013954712979737533	0.0001395471297905561	0.00013954712978183782	0.0001395471297705345	0.0001395471297556488	0.0001395471297357088	0.00013954712970851756	0.00013954712967078405	0.0001395471296176238	0.0001395471295419995	0.00013954712943434002	0.00013954712928270518	0.00013954712907347298	0.00013954712879129088	0.00013954712841611502	0.00013954712791630492	0.00013954712723911306	0.00013954712630263625	0.0001395471249976567	0.00013954712320300155	0.0001395471207830068	0.0001395471175229321	0.00013954711305163827	0.0001395471068808266	0.0001395470985018238	0.0001395470871601503	0.00013954707158339336	0.00013954705034915403	0.0001395470215441437	0.0001395469820898675	0.00013954692855566798	0.00013954685545584792	0.00013954675614682085	0.00013954662074322903	0.0001395464368162541	0.00013954618650778	0.0001395458461714324	0.0001395453839003788	0.00013954475609137694	0.00013954390377809753	0.00013954274731139317	0.00013954117903301768	0.0001395390535716743	0.0001395361749874379	0.00013953227879241696	0.0001395270083216945	0.00013951988508653038	0.00013951026427257772	0.00013949728070304272	0.0001394797740797909	0.0001394561893976034	0.0001394244453807293	0.0001393817620257474	0.00013932442603604837	0.00013924749024631477	0.000139144369605779	0.00013900631426326456	0.00013882172009803623	0.00013857522727227985	0.00013824655092022854	0.00013780895633348626	0.00013722733632620115	0.00013645571152472603	0.00013543413112057867	0.00013408473011900326	0.00013230686034384768	0.00012997111600848615	0.00012691202151076484	0.00012291942663059842	0.0001177291234420064	0.00011101579895468252	0.00010239950771853066	0.000091499688688957	0.00007812499318417656	0.0000627450901023109	0.00004714657611956571	0.00003412178024373665	0.000025291430058858865	0.0000199001913410503	0.000016197947561641128	0.000012760725528528479	8.898997619880374e-6	5.122187870780556e-6	2.7895602485268902e-6	1.7993767801807222e-6	1.2297755970468862e-6	6.692388095354207e-7	2.720479936120103e-7	1.4204399726969488e-7	7.785764551863199e-8	2.5820303088848674e-8	1.0628242038891669e-8	4.409242407406341e-9	1.1010204372822277e-9	4.3026880900139347e-10	8.085051246056315e-11	2.2284258003756203e-11	7.752287724004102e-13	9.21086581595148e-15	7.500066122784272e-17	9.344199167373544e-33
0.00014312610923556378	0.0001431261092287063	0.0001431261092199478	0.00014312610920860493	0.00014312610919368552	0.0001431261091737268	0.00014312610914654674	0.00014312610910887654	0.00014312610905585838	0.00014312610898047144	0.00014312610887311567	0.0001431261087217289	0.0001431261085124759	0.00014312610822983111	0.00014312610785383574	0.00014312610735331445	0.00014312610667624015	0.0001431261057411437	0.00014312610443789685	0.00014312610264290726	0.00014312610021990235	0.00014312609695853765	0.00014312609249171084	0.00014312608632399836	0.0001431260779386196	0.0001431260665978667	0.00014312605103279443	0.00014312602978948358	0.00014312600099301016	0.0001431259615507365	0.00014312590801210954	0.00014312583494649144	0.00014312573564036164	0.00014312560028251374	0.0001431254164203166	0.0001431251661521897	0.0001431248259553838	0.0001431243638984436	0.00014312373636197012	0.00014312288444331937	0.0001431217285815683	0.00014312016121852236	0.00014311803707837305	0.000143115160361562	0.00014311126714172076	0.0001431060009558536	0.00014309888410417692	0.00014308927239903087	0.0001430763023345928	0.0001430588154091273	0.00014303525942613012	0.00014300355684544549	0.0001429609324070267	0.00014290368054318387	0.00014282686397659402	0.00014272391127905144	0.00014258608787132805	0.0001424018139592638	0.00014215575062079567	0.00014182764315546066	0.0001413907805383817	0.0001408100890022838	0.00014003963390776225	0.00013901944086418003	0.00013767162606170917	0.0001358955072419425	0.0001335616176241461	0.00013050448477478497	0.00012651403191834632	0.00012132616100432132	0.00011461527507198414	0.00010599839237363647	0.00009508271682533254	0.00008164038072200478	0.00006606378320503114	0.000050061256603476376	0.00003649588828037311	0.00002720667926960745	0.000021537079139836148	0.000017676666043003653	0.000014110079049083472	0.000010051287328351567	5.919980929300461e-6	3.2374013914124358e-6	2.0899614795961994e-6	1.4570678245779951e-6	8.29782352504546e-7	3.439428859824385e-7	1.7722275657480382e-7	1.0158361751687097e-7	3.578363095218636e-8	1.4237790682479518e-8	6.430891061153889e-9	1.6106562077001124e-9	6.549452655934923e-10	1.3002980769018863e-10	3.822696186510242e-11	1.7098790563283235e-12	1.986717486451251e-14	1.5633343887426543e-16	1.8872584510553718e-32
0.00014688803743563849	0.0001468880374287396	0.0001468880374199372	0.0001468880374085506	0.0001468880373935928	0.0001468880373736101	0.00014688803734643578	0.0001468880373088237	0.0001468880372559439	0.0001468880371807943	0.00014688803707374836	0.00014688803692262101	0.00014688803671335221	0.00014688803643021832	0.00014688803605332089	0.00014688803555194747	0.00014688803487482654	0.00014688803394100104	0.00014688803263950465	0.0001468880308441963	0.00014688802841780608	0.00014688802515430441	0.00014688802069132405	0.00014688801452680518	0.00014688800613408407	0.0001468879947915169	0.00014688797923744165	0.00014688795798331	0.00014688792918906847	0.00014688788975821365	0.0001468878362042588	0.00014688776316924176	0.00014688766384747843	0.0001468875285290245	0.00014688734469873297	0.00014688709444473822	0.0001468867543605898	0.00014688629245785596	0.0001468856651078774	0.00014688481347782786	0.00014688365808711635	0.00014688209147296167	0.00014687996846019142	0.00014687709332614972	0.00014687320259896007	0.00014686794031045617	0.00014686082905930457	0.0001468512257076665	0.0001468382682470382	0.0001468207998432459	0.00014679727105641177	0.00014676560870436063	0.0001467230417696203	0.00014666587381193872	0.00014658917708526158	0.00014648639394407398	0.00014634881159723395	0.0001461648697949607	0.00014591926397235274	0.00014559176433893254	0.00014515573274719802	0.00014457611249984908	0.00014380696621742487	0.00014278838129335887	0.00014144245898087808	0.00013966847486590934	0.00013733692732350897	0.00013428231575398264	0.00013029464844417456	0.0001251100109342077	0.00011840256195519529	0.00010978673984242315	0.00009885857482015046	0.0000853554422782019	0.00006959235488765773	0.000053189460855884286	0.00003906584589917518	0.000029288910376765877	0.00002332079637964335	0.00001929301726603828	0.000015594767122311905	0.00001134087651222564	6.84205681447381e-6	3.761715157062579e-6	2.4268107662938477e-6	1.7222645001020344e-6	1.0248227389462237e-6	4.359794206275104e-7	2.2093952353805326e-7	1.3150752779763922e-7	4.971115888804177e-8	1.904683952783229e-8	9.245184646847482e-9	2.3783645327537394e-9	9.790497463921936e-10	2.125672128878474e-10	6.329219772678565e-11	3.805011428262e-12	4.350720341785387e-14	3.30212544387001e-16	3.855380222879018e-32
0.00015084193487493832	0.00015084193486799473	0.0001508419348591446	0.00015084193484770988	0.00015084193483270864	0.00015084193481269646	0.00015084193478552202	0.0001508419347479625	0.0001508419346952169	0.00015084193462030444	0.0001508419345135749	0.00015084193436272033	0.00015084193415344476	0.00015084193386980015	0.00015084193349191997	0.00015084193298954844	0.00015084193231220373	0.00015084193137952434	0.00015084193007979581	0.00015084192828421764	0.00015084192585410115	0.00015084192258757575	0.00015084191812772093	0.0001508419119665198	0.0001508419035656567	0.00015084189221835245	0.00015084187667434719	0.00015084185540812013	0.00015084182660921107	0.00015084178718918184	0.00015084173360918469	0.00015084166059999674	0.00015084156124462199	0.00015084142595818683	0.00015084124212388808	0.00015084099186124772	0.00015084065185812728	0.0001508401900401044	0.00015083956278448213	0.00015083871133130395	0.00015083755626571165	0.0001508359902097262	0.0001508338681002826	0.00015083099426616098	0.00015082710550169015	0.00015082184661117105	0.00015081474010032928	0.00015080514429407677	0.00015079219831553315	0.00015077474700941676	0.00015075124359887698	0.00015071961929092375	0.00015067710834198807	0.00015062002274335756	0.0001505434452061517	0.00015044083295413362	0.000150303494615842	0.00015011989490229215	0.00014987476567309942	0.00014954792838144958	0.00014911275891996527	0.0001485342698427903	0.0001477666119652655	0.00014674985822617692	0.00014540613465792237	0.00014363470909304802	0.00014130603283127842	0.00013825458825939403	0.0001342704452171026	0.00012908989182246848	0.00012238697336655965	0.00011377399077301639	0.00010283689380078758	0.0000892802722504438	0.00007334228436195846	0.00005654545790434235	0.0000418477951171218	0.000031553260203846765	0.000025264948018503947	0.000021059794307412497	0.000017227257336692475	0.000012781160822703235	7.90577438720784e-6	4.376598087619178e-6	2.8175666003161892e-6	2.0311297178577975e-6	1.2603760544664083e-6	5.539838658381809e-7	2.7539669721509806e-7	1.6903445305638117e-7	6.907985247836401e-8	2.5495304510116092e-8	1.3096418427285485e-8	3.5535699087076093e-9	1.4410494097666974e-9	3.5320392526903014e-10	1.0188556277299039e-10	8.523112853947387e-12	9.715058431560944e-14	7.094965955595998e-16	7.993033988637435e-32
0.00015499807198139073	0.00015499807197439898	0.00015499807196549714	0.0001549980719540097	0.00015499807193895983	0.0001549980719189124	0.00015499807189173166	0.0001549980718542187	0.000154998071801603	0.00015499807172692734	0.00015499807162052166	0.00015499807146995584	0.00015499807126068772	0.00015499807097651728	0.0001549980705975774	0.0001549980700940585	0.0001549980694163015	0.0001549980684846289	0.00015499806718668674	0.0001549980653909286	0.00015499806295679572	0.0001549980596863358	0.00015499805522878687	0.00015499804907105903	0.00015499804066148042	0.00015499802930638994	0.00015499801377125326	0.0001549979924922519	0.0001549979636813467	0.00015499792427141953	0.00015499787065540393	0.00015499779766576353	0.00015499769826042274	0.00015499756299688073	0.0001549973791212663	0.00015499712883138236	0.00015499678887131183	0.0001549963270606808	0.00015499569980573845	0.00015499484841664874	0.00015499369352274197	0.00015499212781273084	0.0001549900063441699	0.00015498713351685047	0.00015498324618794262	0.00015497799003393842	0.00015497088741726743	0.00015496129820922309	0.00015494836229515706	0.00015493092636981634	0.00015490744631333864	0.00015487585715844414	0.00015483339992853636	0.00015477639334884048	0.00015469993252301058	0.0001545974915242354	0.00015446039798770901	0.00015427715214299165	0.00015403251878509707	0.00015370636450070743	0.00015327213726297568	0.00015269491459765137	0.00015192887339266837	0.00015091419008999036	0.0001495730108002006	0.0001478045953700802	0.00014547937505848688	0.00014243181888054892	0.0001384520471274765	0.00013327652094534924	0.00012657934331162442	0.00011797111402993611	0.00010702881475494087	0.00009342642642951425	0.00007732644345029944	0.000060145009776627507	0.000044859780358884145	0.000034016855781758725	0.00002738500191374449	0.000022991555522571287	0.00001902166615127521	0.00001438687759720723	9.130352725265009e-6	5.099040005817897e-6	3.2714232525940613e-6	2.390355720785359e-6	1.5432917046287994e-6	7.053413265473236e-7	3.4346769937739766e-7	2.159001991422263e-7	9.576290990473472e-8	3.421944374304029e-8	1.829320836573305e-8	5.3759224971568964e-9	2.094535733890123e-9	5.9335702717371e-10	1.6066522465511247e-10	1.9035134497147027e-11	2.2181017033122164e-13	1.5546528454973253e-15	1.6856451492064444e-31
0.00015935737120105638	0.00015935737119401303	0.0001593573711850555	0.00015935737117351076	0.00015935737115840704	0.00015935737113831848	0.00015935737111112528	0.00015935737107365284	0.0001593573710211625	0.00015935737094672332	0.00015935737084064937	0.00015935737069039076	0.00015935737048115015	0.0001593573701964479	0.00015935736981638075	0.00015935736931156985	0.00015935736863320808	0.00015935736770239235	0.00015935736640625535	0.00015935736461045242	0.0001593573621720937	0.0001593573588968128	0.00015935735444067657	0.0001593573482866007	0.0001593573398680403	0.0001593573285021583	0.00015935731297441217	0.00015935729168268056	0.00015935726285246107	0.0001593572234516482	0.00015935716979126322	0.0001593570968132647	0.00015935699734478573	0.0001593568620927647	0.00015935667814034665	0.00015935642780928264	0.000159356087847843	0.0001593556259651035	0.0001593549986234951	0.000159354147192242	0.0001593529923183833	0.0001593514267331172	0.00015934930561015975	0.0001593464334699754	0.00015934254710153235	0.00015933729287759878	0.00015933019337829418	0.00015932060959070657	0.0001593076820590357	0.0001592902595008483	0.0001592668004895628	0.000159235243449188	0.00015919283609131348	0.00015913590423987685	0.0001590595561105953	0.00015895728283070579	0.00015882043617905476	0.00015863754700463234	0.00015839342439353166	0.0001580679871552111	0.000157634760742839	0.000157058879872745	0.00015629464073026422	0.00015528225531103546	0.00015394394626254502	0.0001521790124341265	0.00014985787346539893	0.00014681497550623576	0.0001428405013381416	0.0001376710706044205	0.00013098095546540392	0.00012237947007282915	0.00011143577308034309	0.00009779556751348	0.00008154759006020374	0.00006399410744093947	0.00004811154402780985	0.000036690179075717575	0.00002969072353427089	0.000025097625789515697	0.00002098703777365314	0.000016167595385412795	0.00001053061166587381	5.945164273538311e-6	3.7969931675678248e-6	2.805779450090798e-6	1.8795689666477355e-6	8.978912616879507e-7	4.283868980950278e-7	2.738857404980225e-7	1.3174901136830944e-7	4.605175806072412e-8	2.5180359812875645e-8	8.185172735905989e-9	3.0077929403881134e-9	9.923529447552616e-10	2.489423418853527e-10	4.1244238067005806e-11	5.123037718423054e-13	3.440794586984753e-15	3.5841837590721574e-31
0.00016394428765978725	0.00016394428765268858	0.00016394428764367108	0.0001639442876320641	0.00016394428761690096	0.00016394428759676516	0.00016394428756955293	0.00016394428753211486	0.00016394428747974543	0.0001639442874055433	0.00016394428729981137	0.0001639442871498833	0.00016394428694069854	0.00016394428665546853	0.00016394428627421268	0.0001639442857679624	0.00016394428508879124	0.0001639442841586693	0.0001639442828643649	0.00016394428106871348	0.00016394427862600217	0.00016394427534500996	0.0001639442708892906	0.00016394426473908784	0.00016394425631162347	0.0001639442449319284	0.00016394422940974626	0.0001639442081061334	0.00016394417924922073	0.00016394413985607877	0.0001639440861448207	0.00016394401316837092	0.000163943913627246	0.00016394377837190626	0.00016394359431005608	0.00016394334392716574	0.0001639430039111137	0.00016394254187635917	0.00016394191436902122	0.00016394106279537092	0.00016393990779077212	0.00016393834210132307	0.00016393622099303173	0.00016393334915714116	0.00016392946331240168	0.00016392421010785434	0.00016391711293441033	0.0001639075330800069	0.00016389461205382883	0.00016387720053566375	0.00016385375968164828	0.00016382223153772177	0.00016377986888531788	0.0001637230072254734	0.00016364676655178923	0.00016354465480019796	0.0001634080513353393	0.0001632255169785951	0.00016298191191883602	0.00016265722227648636	0.00016222502474879186	0.00016165057998920282	0.00016088825925811517	0.0001598784199247921	0.00015854335719014465	0.00015678242030680835	0.00015446605313905782	0.00015142869978743536	0.00014746059134178815	0.00014229853024582225	0.0001356170090938883	0.000127024471777286	0.00011608342225516774	0.00010241379578871068	0.00008603311311181463	0.00006812311209436333	0.000051635602033583816	0.000039603682424086404	0.00003220955703349115	0.00002740383669763885	0.000023148275773111154	0.000018148060511982706	0.000012135620219059189	6.943482183017195e-6	4.410275590379075e-6	3.288482772209469e-6	2.279840641030841e-6	1.1440244435437405e-6	5.357486286586854e-7	3.4598764847086306e-7	1.800104744926789e-7	6.247367304853419e-8	3.433397798819564e-8	1.2553612698551966e-8	4.301895054871374e-9	1.6465323180071671e-9	3.8400417814048963e-10	8.647659516096464e-11	1.2282061500770557e-12	7.874944886967182e-15	7.84837817646002e-31
0.00016875458851765615	0.0001687545885104986	0.000168754588501417	0.00016875458848974315	0.00016875458847451526	0.00016875458845432633	0.00016875458842708886	0.00016875458838967917	0.0001687545883374266	0.00016875458826346235	0.0001687545881580837	0.00016875458800851256	0.00016875458779941975	0.00016875458751367981	0.00016875458713119158	0.0001687545866233697	0.00016875458594319155	0.00016875458501359734	0.00016875458372115606	0.000168754581925909	0.00016875457947884782	0.00016875457619135693	0.00016875457173503257	0.00016875456558893874	0.00016875455715308343	0.00016875454575690748	0.0001687545302382102	0.00016875450892443001	0.00016875448003433738	0.0001687544406468807	0.0001687543868813646	0.0001687543138948243	0.00016875421427710847	0.0001687540790007638	0.00016875389480522685	0.00016875364436257074	0.0001687533042349497	0.0001687528419805413	0.0001687522142473139	0.00016875136244645831	0.0001687502071760187	0.00016874864117359198	0.00016874651975706538	0.00016874364779862977	0.0001687397620673464	0.00016873450904720679	0.00016872741330813958	0.00016871783580099965	0.00016870491947800056	0.00016868751657311132	0.0001686640905064991	0.00016863258733162175	0.00016859026426151521	0.00016853346687560811	0.00016845732618276117	0.0001683553688336168	0.0001682189984156441	0.00016803681851874984	0.00016779373535934794	0.00016746979626209096	0.00016703869806656657	0.0001664657760366603	0.0001657055509008232	0.00016469847773677377	0.00016336700471200765	0.0001616105814446951	0.00015929969707246296	0.0001562688173897722	0.0001523082120203355	0.00014715487198113474	0.0001404835734983616	0.00013190223476548278	0.00012096785024892623	0.00010727716908790741	0.00009077971569239445	0.00007253177031010829	0.00005543698638958696	0.000042764808487566757	0.000034948944918359254	0.00002991755247530377	0.000025512541858960024	0.000020335346871737924	0.000013957470085216623	8.113463133345561e-6	5.122336389723879e-6	3.845097826913132e-6	2.7504138613158956e-6	1.4536990192010616e-6	6.710038715519964e-7	4.3462312026347987e-7	2.429834256602138e-7	8.526919734640557e-8	4.631785911346749e-8	1.9118885698909073e-8	6.126434924378568e-9	2.6604205313140937e-9	5.905906279635426e-10	1.6977188787358755e-10	2.9834034586412056e-12	1.8247121293274183e-14	1.736279121435904e-30
0.0001738005716625561	0.00017380057165533616	0.00017380057164618636	0.00017380057163444087	0.000173800571619143	0.00017380057159889514	0.00017380057157162642	0.0001738005715342395	0.00017380057148210016	0.0001738005714083758	0.0001738005713033639	0.0001738005711541812	0.00017380057094522634	0.00017380057065900952	0.00017380057027526204	0.00017380056976574866	0.00017380056908436928	0.00017380056815513397	0.00017380056686459627	0.00017380056507007493	0.00017380056261880522	0.00017380055932412914	0.00017380055486614782	0.00017380054872442473	0.0001738005402811607	0.00017380052886622512	0.00017380051334867205	0.0001738004920273188	0.00017380046309863794	0.00017380042371421437	0.00017380036989444176	0.00017380029688467924	0.0001738001971922262	0.00017380006187423075	0.00017379987753079676	0.00017379962702076884	0.00017379928672321273	0.00017379882419862644	0.00017379819619823427	0.0001737973440978222	0.0001737961884406192	0.0001737946219415354	0.00017379249992313737	0.00017378962738997093	0.00017378574132050393	0.00017378048780993636	0.0001737733924120621	0.00017376381577883458	0.00017375090244564078	0.00017373350564136948	0.00017371009075928064	0.00017367860759360084	0.00017363631897685832	0.00017357957761250257	0.00017350352734283976	0.00017340171421395014	0.0001732655682148561	0.000173083730578647	0.000172841162273122	0.0001725179926679744	0.00017208798577793874	0.00017151663311165832	0.00017075858520051914	0.00016975450648558645	0.00016842697547985697	0.00016667559536819875	0.00016437095076132319	0.0001613475474196183	0.00015739569922569268	0.00015225258087175919	0.00014559328433134616	0.00013702554431757347	0.00012610193220068865	0.00011239866173480517	0.0000958010506957543	0.00007723668504014466	0.000059536545891195386	0.000046195124197049354	0.0000379289247369145	0.000032657973753937986	0.000028098439478941877	0.000022747447345803566	0.00001601785827019146	9.484192317337163e-6	5.95071451253798e-6	4.486523388618976e-6	3.301127510983254e-6	1.8401650585664904e-6	8.424677637714123e-7	5.433374201752804e-7	3.23935428366223e-7	1.1725607669932097e-7	6.19711012850769e-8	2.8711833348073812e-8	8.732473220358374e-9	4.170039780822394e-9	9.14993876741161e-10	3.1184577609112093e-10	7.370438481461639e-12	4.300206940254507e-14	3.89641077235886e-30
0.000179107448525298	0.00017910744851801192	0.0001791074485087897	0.00017910744849696785	0.00017910744848159463	0.00017910744846128207	0.00017910744843397617	0.00017910744839660684	0.00017910744834457806	0.00017910744827109732	0.00017910744816646942	0.00017910744801771387	0.00017910744780895576	0.00017910744752231396	0.00017910744713730024	0.00017910744662598887	0.000179107445943217	0.00017910744501416939	0.00017910744372559207	0.00017910744193220426	0.0001791074394770369	0.00017910743617461524	0.00017910743171389897	0.00017910742557684386	0.00017910741712771092	0.0001791074056922608	0.00017910739017324638	0.00017910736884787576	0.00017910733987672466	0.0001791073004918832	0.00017910724662187672	0.00017910717357457655	0.00017910707381567966	0.00017910693843287094	0.00017910675394005636	0.00017910650335311448	0.00017910616283098348	0.0001791057000096104	0.00017910507171947892	0.00017910421925715014	0.0001791030631066222	0.0001791014959585544	0.00017909937309984166	0.00017909649956530897	0.0001790926126227429	0.0001790873581203284	0.00017908026181684435	0.00017907068485009773	0.00017905777271497438	0.0001790403793239186	0.00017901697200521785	0.00017898550346985722	0.0001789432426766152	0.00017888654828428105	0.0001788105780320399	0.00017870889516769377	0.00017857295910243107	0.00017839144705999164	0.0001781493825958213	0.00017782696880510926	0.00017739810367346632	0.000176828394675214	0.0001760726847144986	0.00017507179678696408	0.00017374856928821798	0.00017200278475807513	0.00016970519050991484	0.0001666903743499939	0.00016274870843455976	0.00015761753462382568	0.00015097230136378048	0.00014242080298092856	0.00013151227072252848	0.00011780510570783489	0.00010112479840878872	0.00008226835738068621	0.00006396911229265802	0.00004992934946280548	0.00004118147666304056	0.00003565570155046794	0.00003093570910844615	0.000025413053288922922	0.000018348307950523153	0.000011096351908893637	6.921310025316023e-6	5.2288533855945085e-6	3.946076192380102e-6	2.3208619943004444e-6	1.0629259148347338e-6	6.772846112684893e-7	4.273810149146643e-7	1.629645601573126e-7	8.256611399676394e-8	4.242232010005707e-8	1.2570313992193748e-8	6.364663420031427e-9	1.452050871862403e-9	5.421621502034835e-10	1.890744813349403e-11	1.0536799519940992e-13	9.044894705350302e-30
0.00018467567470032987	0.0001846756746929742	0.00018467567468367568	0.000184675674671773	0.00018467567465631953	0.00018467567463593704	0.00018467567460858877	0.00018467567457123262	0.00018467567451931267	0.0001846756744460806	0.00018467567434185607	0.00018467567419357112	0.00018467567398507942	0.00018467567369808446	0.0001846756733118254	0.0001846756727986381	0.00018467567211430353	0.00018467567118528202	0.00018467566989873214	0.0001846756681069539	0.00018467566564838816	0.00018467566233788037	0.00018467565787342073	0.00018467565174133403	0.0001846756432884047	0.0001846756318315452	0.0001846756163084222	0.00018467559498332165	0.0001846755659682181	0.0001846755265789396	0.0001846754726669788	0.00018467539956854712	0.0001846752997575368	0.0001846751642875948	0.00018467497965866697	0.00018467472898270218	0.00018467438819710474	0.00018467392508303703	0.00018467329649815703	0.00018467244362456358	0.00018467128689860562	0.00018466971899572395	0.00018466759514725774	0.00018466472030805863	0.00018466083194938182	0.0001846555760614113	0.00018464847778052352	0.00018463889952419863	0.00018462598666644367	0.0001846085939904803	0.0001845851907419743	0.00018455373208604755	0.00018451149132132618	0.00018445483565964063	0.0001843789336235731	0.00018427736609197997	0.0001841416187178745	0.0001839604158087381	0.00018371883438081675	0.0001833971669402113	0.000182969412107821	0.00018240135526908022	0.00018164802433791262	0.0001806505214130193	0.00017933191141610496	0.0001775922580771812	0.00017530251677248598	0.00017229742508749764	0.00016836743780615214	0.000163250039590846	0.00015662105305371465	0.0001480885352302088	0.00013719935311044	0.00012349675295582468	0.00010675118666688689	0.00008762937949540004	0.00006874324631866878	0.00005397982414631392	0.000044719030996966424	0.00003892325641443335	0.00003403686278037734	0.000028343764595167422	0.000020962136674034964	0.000012978342967660235	8.055228998674466e-6	6.083709402130982e-6	4.694618395786241e-6	2.9084934390934263e-6	1.3461372445260864e-6	8.411606453315988e-7	5.571812099751188e-7	2.2776627545906395e-7	1.0947810245964146e-7	6.126364275716173e-8	1.8305181003126712e-8	9.446939508230537e-9	2.366306007370784e-9	8.938543117855822e-10	4.893454322607385e-11	2.6356654516886086e-13	2.136686719682464e-29
0.00019052000357078433	0.00019052000356335576	0.00019052000355397706	0.00019052000354198933	0.00019052000352645106	0.00019052000350599382	0.00019052000347859847	0.00019052000344125185	0.00019052000338944024	0.00019052000331646373	0.00019052000321266523	0.00019052000306490094	0.00019052000285675835	0.00019052000256950425	0.00019052000218204996	0.00019052000166693714	0.00019052000098088926	0.00019052000005174153	0.0001905199987673011	0.00019051999697768652	0.0001905199945164259	0.00019051999119772936	0.00019051998672859832	0.00019051998060178757	0.00019051997214768852	0.0001905199606694935	0.00019051994513964162	0.00019051992381975263	0.00019051989476195932	0.00019051985536378972	0.0001905198014223209	0.00019051972826102383	0.00019051962841739936	0.0001905194928412861	0.00019051930810370097	0.00019051905732406888	0.00019051871625971927	0.00019051825288670196	0.00019051762401374586	0.00019051677069275829	0.00019051561333810897	0.0001905140446215662	0.0001905119197191317	0.00019050904343599636	0.00019050515322513483	0.00019049989553272313	0.00019049279462898762	0.0001904832141092875	0.00019047029863543405	0.00019045290421776438	0.00019042950156479956	0.00019039804826261248	0.0001903558205540178	0.0001902991940379377	0.00019022334616974312	0.00019012187678261764	0.00018998629864573583	0.00018980537344426182	0.0001895642438016422	0.0001892432915329105	0.00018881665459891402	0.00018825027100513608	0.0001874994104437743	0.00018650543146277762	0.00018519174034491886	0.0001834587322857507	0.00018117765948113388	0.00017818348185847142	0.00017426677988800394	0.00016916517170828088	0.00016255483728097733	0.00015404425374232058	0.0001431787832285344	0.00012948911965669546	0.00011269586249988746	0.00009333751446060087	0.0000738822160263395	0.000058372618278608184	0.00004856646562490731	0.000042485039992121055	0.000037426161784631594	0.000031562635472514854	0.000023882658064179215	0.000015168416596305205	9.382991139133693e-6	7.0684549930321736e-6	5.560677598676431e-6	3.6191009647615943e-6	1.7117390941876885e-6	1.0417818144100527e-6	7.185478086700034e-7	3.1898716235771827e-7	1.4475996631619326e-7	8.658229317437786e-8	2.7099084189660848e-8	1.3715174905673814e-8	3.9616295370273715e-9	1.4148972355848425e-9	1.260439606206177e-10	6.758807226519789e-13	5.155725116439088e-29
0.00019665674408765455	0.00019665674408014984	0.00019665674407068738	0.00019665674405861067	0.0001966567440429832	0.00019665674402244687	0.00019665674399500042	0.00019665674395766058	0.000196656743905958	0.0001966567438332459	0.00019665674372989936	0.00019665674358271224	0.00019665674337501475	0.000196656743087619	0.00019665674269905202	0.00019665674218199728	0.0001966567414941098	0.00019665674056469558	0.00019665673928245965	0.00019665673749563622	0.00019665673503259972	0.00019665673170589297	0.00019665672723128528	0.00019665672111004851	0.00019665671265793226	0.00019665670115962217	0.00019665668562060778	0.00019665666431131545	0.0001966566352152971	0.0001966565958036974	0.00019665654184893282	0.00019665646861676976	0.00019665636876371693	0.00019665623306957912	0.00019665604826314535	0.00019665579736528549	0.00019665545603940302	0.00019665499246674544	0.00019665436332062192	0.00019665350953817538	0.0001966523515453651	0.0001966507820138081	0.00019664865607374782	0.00019664577838151138	0.0001966418861427421	0.00019663662620307342	0.00019662952252872982	0.00019661993870405297	0.00019660701927010023	0.0001965896212839987	0.0001965662161091465	0.00019653476336859888	0.00019649254295346855	0.0001964359346701126	0.00019636012763136175	0.00019625873729481913	0.00019612330296710123	0.00019594262713784803	0.00019570191543753028	0.00019538163898291414	0.00019495605970714237	0.00019439132783298597	0.00019364294929525886	0.00019265259900967278	0.0001913440813192689	0.00018961819423339167	0.00018734659708011768	0.00018436455829900055	0.0001804628517274368	0.00017537923281346474	0.00016879019938905303	0.00016030475627255275	0.00014946746489427788	0.00013579900563351276	0.00011897552842676871	0.00009941122615728852	0.0000794101827001652	0.00006313551103429824	0.00005275050003825295	0.00004636743877635564	0.0000411301788686562	0.00003509510330585622	0.00002713431920537279	0.000017706572961582757	0.000010941274823668704	8.203620473279212e-6	6.56022740170889e-6	4.4694616103525525e-6	2.1848317391552305e-6	1.2879818080102822e-6	9.175603519925567e-7	4.454171406520087e-7	1.91346402785805e-7	1.2008106378972706e-7	4.086127836272599e-8	1.9586291721867085e-8	6.7291155546460285e-9	2.175916264998177e-9	3.1424278657446756e-10	1.7843420826667136e-12	1.2754801980942906e-28
0.00020310334628900837	0.00020310334628142438	0.00020310334627187472	0.00020310334625970518	0.00020310334624398468	0.0002031033462233652	0.00020310334619586415	0.00020310334615852916	0.00020310334610693743	0.00020310334603450023	0.00020310334593163463	0.00020310334578508725	0.00020310334557794332	0.0002031033452905474	0.00020310334490098483	0.00020310334438200845	0.00020310334369218265	0.0002031033427623744	0.00020310334148244583	0.00020310333969910234	0.00020310333723542415	0.00020310333390120204	0.00020310332942047446	0.00020310332330507298	0.00020310331485854207	0.00020310330334262166	0.00020310328779237855	0.00020310326649921774	0.0002031032373729303	0.0002031031979437802	0.00020310314399484312	0.0002031030706896137	0.00020310297085192246	0.00020310283503944206	0.00020310265021254397	0.00020310239918731263	0.00020310205765536072	0.00020310159395956647	0.00020310096456443107	0.0002031001103451942	0.00020309895177005619	0.00020309738149794395	0.00020309525461663765	0.0002030923756924059	0.0002030884815993562	0.00020308321914569316	0.00020307611284605382	0.00020306652499905794	0.00020305360118559677	0.000203036198509518	0.00020301278855186438	0.00020298133220019056	0.00020293911293004259	0.00020288251436355735	0.00020280673568051492	0.00020270540565279458	0.00020257008719005174	0.00020238962517688458	0.00020214928127089892	0.00020182962678009427	0.00020140507198773892	0.00020084193447626083	0.0002000960108088402	0.00019910937418721428	0.00019780622662785537	0.00019608789119314232	0.0001938265427278701	0.0001908578792000931	0.00018697296352105335	0.00018190971423241598	0.00017534488498376343	0.0001668880550371867	0.00015608357776266307	0.00014244444432966739	0.0001256079841988208	0.00010586965863881936	0.0000853520799452242	0.00006829797094829681	0.00005729969926439873	0.00005059882404140427	0.0000451779108467453	0.000038969201800259716	0.0000307429909237215	0.00002063331469474399	0.000012773782652339636	9.513442401225054e-6	7.71173363370778e-6	5.477223140757411e-6	2.7961810457759806e-6	1.5914479360075851e-6	1.161304569813835e-6	6.16846033468151e-7	2.5362255082979684e-7	1.6391420676090513e-7	6.248559812417259e-8	2.76434932899466e-8	1.1335927286166223e-8	3.2874306137752198e-9	7.309963475959136e-10	4.870159773474709e-12	3.2475281589967264e-28
0.0002098788145696159	0.00020987881456194964	0.00020987881455230946	0.0002098788145400435	0.0002098788145242261	0.00020987881450351985	0.0002098788144759612	0.00020987881443862967	0.00020987881438715142	0.00020987881431500083	0.00020987881421264705	0.0002098788140668064	0.00020987881386033572	0.0002098788135731034	0.00020987881318269705	0.00020987881266185755	0.00020987881197002335	0.00020987881103970345	0.00020987880976218212	0.00020987880798304653	0.00020987880552005925	0.00020987880217915268	0.00020987879769185418	0.00020987879158246834	0.00020987878314543962	0.00020987877161576161	0.00020987875605277324	0.0002098787347810452	0.00020987870563595297	0.0002098786661861715	0.00020987861226374685	0.00020987853889101939	0.0002098784390925818	0.0002098783031770135	0.00020987811838117524	0.00020987786723254267	0.00020987752558819267	0.00020987706185237765	0.00020987643224990184	0.000209875577679273	0.00020987441866547423	0.00020987284782650196	0.00020987072019680543	0.00020986784032086487	0.00020986394485840174	0.0002098586801061063	0.0002098515713849186	0.00020984197971856167	0.000209829051830926	0.00020981164389783426	0.0002097882279741574	0.0002097567657799211	0.0002097145422408971	0.00020965794693649536	0.00020958218331546157	0.00020948089480591454	0.00020934566752374282	0.00020916537854610677	0.0002089253575097684	0.00020860626136398968	0.000208182633726287	0.00020762104199014244	0.00020687756104735127	0.0002058946173066138	0.00020459697686076475	0.00020288655615704484	0.0002006361672285617	0.00019768209520705195	0.00019381582197239834	0.00018877548923608762	0.0001822380342429112	0.0001738135676950106	0.00016304676268657985	0.00014944496842502636	0.00013261232481940718	0.0001127327450459957	0.00009173345169900925	0.00007389104436749687	0.00006224439487110596	0.00005520941505040052	0.000049600768442040366	0.00004321584878741664	0.00003473642828556741	0.00002398842812767507	0.000014931988905630584	0.000011026537855005216	9.036675893770517e-6	6.661293324428921e-6	3.5813708499272632e-6	1.9679362137930916e-6	1.4581273872064814e-6	8.436129195108612e-7	3.383814344050913e-7	2.2074979217224018e-7	9.580663162709161e-8	3.871177684276315e-8	1.8536661675547944e-8	4.931598487027293e-9	1.5422256641421552e-9	1.3796694142413757e-11	8.543181487430832e-28
0.00021700341583015607	0.00021700341582240446	0.0002170034158126704	0.0002170034158003045	0.0002170034157843865	0.00021700341576358988	0.00021700341573597056	0.00021700341569864118	0.0002170034156472792	0.00021700341557542703	0.0002170034154736166	0.00021700341532855205	0.00021700341512288177	0.00021700341483599567	0.0002170034144449293	0.00021700341392232196	0.00021700341322843523	0.0002170034122974884	0.00021700341102245312	0.0002170034092482578	0.00021700340678745367	0.00021700340344102547	0.0002170033989469097	0.0002170033928435714	0.0002170033844200677	0.0002170033728817839	0.0002170033573052379	0.00021700333605953432	0.00021700330691024235	0.0002170032674384481	0.00021700321356295398	0.00021700314013750447	0.0002170030403986863	0.00021700290441350908	0.0002170027196970449	0.00021700246845068893	0.00021700212681799834	0.00021700166312260525	0.00021700103338737105	0.00021700017863102565	0.00021699901942276746	0.00021699744830762298	0.00021699532025163147	0.0002169924398077698	0.00021698854364153044	0.00021698327745494372	0.00021697616668490315	0.00021696657248920982	0.0002169536411680621	0.00021693622827990023	0.00021691280649876834	0.00021688133808780446	0.00021683910853009198	0.00021678251006535285	0.00021670675237878291	0.00021660548977855623	0.00021647032638342083	0.0002162901770153077	0.0002160504180474924	0.00021573180516349917	0.0002153090333006756	0.00021474884224383892	0.0002140076506366789	0.00021302834410010633	0.00021173625670496308	0.0002100340099779626	0.0002077951974288132	0.000204856870877334	0.00020101110465346928	0.00019599636854909411	0.00018948975425520245	0.00018110181950111017	0.000170377788710024	0.00015682125734496803	0.0001400087027601419	0.00012002106849284011	0.00009858027780836707	0.00007994721814373609	0.0000676166045002095	0.0000602310130271002	0.00005443228944317524	0.000047868784056238076	0.00003914472066739095	0.000027809922574365665	0.00001747534728107772	0.000012776525479353184	0.0000105600192793943	8.042416562888535e-6	4.5786038167833225e-6	2.4389804240804694e-6	1.8180442496286762e-6	1.1364250171108667e-6	4.562914233771778e-7	2.9385164772018113e-7	1.4518550572614397e-7	5.401877206261758e-8	2.913253278157045e-8	7.432080740981278e-9	2.928183630362959e-9	4.0670483028087714e-11	2.3309774033051145e-27
0.00022449790790498314	0.00022449790789714306	0.0002244979078873116	0.0002244979078748419	0.00022449790785881933	0.00022449790783792836	0.00022449790781024502	0.00022449790777291593	0.00022449790772167188	0.00022449790765012857	0.0002244979075488911	0.00022449790740467062	0.00022449790719993054	0.00022449790691358586	0.0002244979065220689	0.00022449790599781983	0.00022449790530185476	0.0002244979043701544	0.00022449790309763635	0.00022449790132906836	0.00022449789887203381	0.0002244978955215408	0.00022449789102055193	0.00022449788492304808	0.0002244978765169093	0.00022449786497627007	0.00022449784938614311	0.00022449782816978637	0.00022449779903318723	0.0002244977595402639	0.00022449770572963184	0.00022449763227582102	0.00022449753261107383	0.0002244973966079941	0.0002244972120098855	0.00022449696072000366	0.0002244966192374043	0.00022449615565602068	0.00022449552591307382	0.00022449467122213662	0.00022449351215464322	0.00022449194116765003	0.00022448981316473804	0.0002244869326948328	0.00022448303657515419	0.0002244777703157182	0.00022447065852684522	0.00022446106367990287	0.00022444813020975154	0.00022443071437331361	0.00022440728870741798	0.0002243758153256836	0.0002243335808927681	0.00022427697752920532	0.00022420122158863968	0.00022409997340056307	0.00022396485389251033	0.00022378480402227322	0.00022354525941349523	0.00022322705402296259	0.000222805013512216	0.00022224613251777662	0.0002215071146615029	0.00022053134286678888	0.00021924475547367285	0.00021755081503689865	0.00021532406339560002	0.0002124025216228436	0.00020857908034752748	0.00020359269805945852	0.00019712067078077715	0.0001887738703120422	0.0001780980801326487	0.00016459471638560058	0.00014781790766811305	0.00012775531092552156	0.0001059181566219225	0.00008649960909950853	0.00007344931840220725	0.00006569625799669095	0.00005970749812436251	0.00005296423890362984	0.00004400045466612979	0.00003213330401954735	0.000020470538798949242	0.000014802565325149701	0.000012310541600858402	9.643918244406256e-6	5.8254879524898195e-6	3.0341666133866413e-6	2.253318592661124e-6	1.5064363102436163e-6	6.237430544832781e-7	3.872792306734779e-7	2.151189326035055e-7	7.556499537097167e-8	4.4098562250218485e-8	1.1427445872296545e-8	5.0740530926376575e-9	1.2448632717969341e-10	6.618601876655737e-27
0.0002323842972443345	0.00023238429723640243	0.0002323842972264696	0.00023238429721389174	0.0002323842971977599	0.0002323842971767697	0.00023238429714901763	0.0002323842971116851	0.00023238429706055837	0.00023238429698933078	0.00023238429688869094	0.00023238429674537646	0.0002323842965416919	0.00023238429625608697	0.00023238429586434426	0.00023238429533859977	0.00023238429464053588	0.00023238429370792368	0.0002323842924378702	0.0002323842906755065	0.00023238428822382765	0.00023238428487094286	0.0002323842803631669	0.00023238427427091178	0.00023238426588542796	0.00023238425434939962	0.00023238423874643167	0.0002323842175608527	0.00023238418845473668	0.00023238414894412974	0.00023238409521137533	0.00023238402176193	0.00023238392217800815	0.00023238378622317553	0.00023238360176845675	0.00023238335051930609	0.00023238300931748397	0.00023238254591967524	0.00023238191635421035	0.0002323810620447775	0.0002323799035059983	0.00023237833313024015	0.00023237620580853087	0.00023237332607497268	0.00023236943087707015	0.00023236416605196942	0.00023235705528191632	0.00023234746176887633	0.0002323345289695823	0.00023231711407511205	0.00023229368861945544	0.0002322622143099672	0.00023221997811326267	0.00023216337431236872	0.00023208761868667694	0.00023198637948570184	0.0002318512901083364	0.00023167131674127755	0.00023143193204245698	0.00023111405369905351	0.0002306926448699165	0.0002301348900478041	0.00022939786807634903	0.000228425406381627	0.00022714416887543832	0.00022545852563742773	0.00022324414598811986	0.00022034025350491966	0.00021654083175214536	0.0002115855650668309	0.0002051520327055263	0.0001968512343808816	0.00018622956466902022	0.0001727873506350228	0.00015606129895114943	0.00013595626830527335	0.00011377206475880464	0.00009358165855699633	0.0000797763509129279	0.00007163811648756068	0.00006546207529547074	0.00005854035283844365	0.000049338698152262457	0.00003699136253091309	0.0000239892619005682	0.000017149764341263152	0.000014320858373600978	0.000011492414768075084	7.35596999728253e-6	3.7938536548856827e-6	2.7791587066121993e-6	1.965460705459595e-6	8.642010717899251e-7	5.063114937362598e-7	3.103223236704478e-7	1.0690402202626915e-7	6.473179972713842e-8	1.8249007458225514e-8	8.22727981703044e-9	3.897114628595093e-10	1.9592963706264748e-26
0.00024068385831446692	0.00024068385830643862	0.00024068385829639972	0.00024068385828370832	0.00024068385826746128	0.00024068385824636541	0.00024068385821853766	0.00024068385818119508	0.00024068385813018068	0.00024068385805926958	0.0002406838579592432	0.00024068385781688488	0.00024068385761436814	0.00024068385732969267	0.0002406838569379501	0.00024068385641086136	0.00024068385571066544	0.00024068385477692532	0.0002406838535091572	0.0002406838517533882	0.00024068384930853103	0.0002406838459550243	0.0002406838414406046	0.00024068383535248968	0.00024068382698997894	0.0002406838154656777	0.00024068379985120266	0.0002406837786953131	0.00024068374963648757	0.0002406837101140542	0.00024068365646493032	0.00024068358305778326	0.0002406834835528317	0.00024068334771876863	0.0002406831634163892	0.00024068291231541764	0.00024068257149379465	0.00024068210835283857	0.00024068147920039738	0.0002406806256041475	0.00024067946797411325	0.00024067789870960602	0.00024067577278212563	0.00024067289475487134	0.0002406690016005018	0.0002406637396556747	0.00024065663263111604	0.0002406470428412809	0.00024063411514728734	0.00024061670607305083	0.0002405932866699496	0.0002405618188502195	0.0002405195888816454	0.0002404629917591296	0.00024038724467574313	0.0002402860196527352	0.00024015095688432648	0.00023997104036569815	0.00023973178444080943	0.00023941416883833008	0.00023899327252977537	0.00023843648796611694	0.00023770119869089213	0.0002367317678182947	0.00023545561789886044	0.0002337781048687407	0.00023157619777122878	0.00022869058154448646	0.00022491666238688848	0.00021999517350677406	0.00021360414762722622	0.0002053546103620799	0.00019479337365369315	0.00018142045108407914	0.00016475954310621546	0.00014464363803218334	0.0001221649509988874	0.00010122553341409182	0.00008663102836746149	0.00007808847213703356	0.00007173068706073797	0.00006463561743916354	0.00005519619453608038	0.00004241423061517286	0.000028104072941829864	0.000019869219254281146	0.000016626841316982152	0.000013618241926037159	9.1988232678048e-6	4.771460059680877e-6	3.4143439271796623e-6	2.526339395948272e-6	1.2072517558026364e-6	6.581440440568535e-7	4.3597919584828244e-7	1.5448249008676963e-7	9.265904750124386e-8	3.039854729818026e-8	1.2748339507851569e-8	1.1938165638011618e-9	6.032231894780159e-26
0.00024942178903313657	0.00024942178902500695	0.00024942178901485594	0.0002494217890020442	0.000249421788985674	0.00024942178896446336	0.00024942178893654977	0.00024942178889918594	0.0002494217888482728	0.0002494217887776702	0.00024942178867826077	0.00024942178853689143	0.0002494217883356337	0.00024942178805205693	0.0002494217876605263	0.0002494217871322317	0.0002494217864298356	0.00024942178549466296	0.0002494217842288279	0.00024942178247978046	0.00024942178004296734	0.0002494217766905663	0.000249421772169591	0.0002494217660838195	0.00024942175774520767	0.0002494217462392431	0.00024942173061488684	0.00024942170948450315	0.00024942168048671136	0.0002494216409600769	0.0002494215873911439	0.0002494215140647098	0.00024942141462821435	0.0002494212789826067	0.0002494210948259201	0.00024942084398827486	0.0002494205035963988	0.00024942004079626435	0.0002494194123089009	0.00024941855970693965	0.0002494174032961182	0.00024941583559378336	0.00024941371175769573	0.00024941083648823137	0.00024940694677082225	0.0002494016892032526	0.00024939458856914644	0.0002493850059394192	0.00024937208820929256	0.0002493546904000463	0.00024933128466311853	0.0002492998332566511	0.00024925762256900895	0.0002492010458745809	0.00024912532346519874	0.0002490241259487234	0.00024888910097796353	0.00024870924477307573	0.00024847009346460193	0.00024815268681903987	0.0002477322071392997	0.0002471762451801038	0.0002464424758274388	0.00024547578243198746	0.0002442043428947727	0.00024253462499015718	0.00024034505488010905	0.0002374780551121138	0.00023373083229498846	0.00022884557557067539	0.00022250105414954038	0.00021430839397471965	0.0002038143701025391	0.00019051919690293688	0.00017393736020068702	0.00015384101448457426	0.00013112308074387938	0.00010946725562885099	0.00009405114862656319	0.00008508266460360682	0.00007855096971354316	0.00007129274596190562	0.0000616158611560613	0.00004843545240905443	0.00003288884129490866	0.00002302177871030804	0.000019269435978521898	0.00001605817946917176	0.000011381343035401393	6.036360239002481e-6	4.182929092421107e-6	3.204604930041654e-6	1.685351412760582e-6	8.533061827897242e-7	5.98060082508514e-7	2.2935404994497023e-7	1.298749128006994e-7	5.155279419905567e-8	1.9125187404883593e-8	3.325815496128536e-9	1.92363453110677e-25
0.0002586625484538927	0.00025866254844565467	0.00025866254843538337	0.0002586625484224416	0.0002586625484059369	0.0002586625483845982	0.00025866254835658323	0.0002586625483191801	0.00025866254826834804	0.0002586625481980339	0.00025866254809922854	0.0002586625479588597	0.00025866254775892567	0.00025866254747658983	0.00025866254708545886	0.000258662546556065	0.00025866254585133174	0.0002586625449142783	0.00025866254364977564	0.0002586625419072227	0.0002586625394793288	0.00025866253612960756	0.0002586625316019582	0.00025866252551575103	0.0002586625172000737	0.0002586625057179508	0.0002586624900852448	0.0002586624689721943	0.00025866244004397733	0.0002586624005216495	0.00025866234701798726	0.00025866227380580626	0.0002586621744182869	0.00025866203901109465	0.00025866185497909797	0.0002586616045060901	0.00025866126453050355	0.0002586608021675416	0.00025866017456005767	0.0002586593231153584	0.0002586581681203647	0.0002586566023340365	0.0002586544811736223	0.00025865160960432794	0.0002586477248114962	0.00025864247341840784	0.0002586353813079351	0.00025862581020292955	0.00025861290687468697	0.00025859552732814483	0.0002585721451705393	0.00025854072272790647	0.00025849854717288547	0.0002584420133026733	0.0002583663384020177	0.000258265197504857	0.0002581302383933972	0.0002579504639357046	0.0002577114323812005	0.00025739421728995505	0.000256974087551291	0.0002564187751713632	0.00025568629239459956	0.00025472197634152967	0.0002534547644483487	0.0002517923285962534	0.00024961469821377813	0.00024676633750706314	0.0002430466856248583	0.00023819993951866537	0.00023190604814097616	0.00022377621950497883	0.00021335707474734092	0.00020014898966182925	0.00018366049946092822	0.00016361399471355266	0.00014071553560058577	0.00011838690850699406	0.00010211723220222831	0.00009269578300288343	0.00008599924232889756	0.0000785945718557834	0.00006868318680116738	0.00005512999982996029	0.000038454072728710574	0.000026708402157383718	0.000022315399671236013	0.00001887602570893774	0.000013951748352667806	7.693151120643547e-6	5.1247386941230334e-6	4.027305660586702e-6	2.3364653936291262e-6	1.1113914200140036e-6	8.058721582701166e-7	3.5025549055406486e-7	1.7961213247566007e-7	8.637632814801182e-8	2.8158656215446937e-8	8.070496702027944e-9	6.770559661914712e-25
0.00026838770741813425	0.0002683877074097797	0.00026838770739937863	0.0002683877073862954	0.0002683877073696426	0.0002683877073481594	0.0002683877073200231	0.00026838770728255645	0.0002683877072317764	0.00026838770716171734	0.00026838770706348304	0.00026838770692409557	0.000268387706725507	0.00026838770644450107	0.00026838770605390374	0.0002683877055234687	0.0002683877048161999	0.00026838770387670066	0.00026838770261269624	0.0002683877008759935	0.00026838769845732944	0.00026838769511142456	0.00026838769057671986	0.0002683876844864723	0.00026838767619056744	0.0002683876647354065	0.00026838764909527	0.00026838762798788086	0.00026838759912957834	0.00026838755961859347	0.0002683875061546435	0.00026838743307506857	0.00026838733371097593	0.00026838719855533995	0.00026838701461737933	0.00026838676455696176	0.0002683864249229762	0.0002683859630757043	0.00026838533643104936	0.00026838448612542907	0.000268383332586921	0.0002683817688919423	0.00026837965072001933	0.0002683767833700411	0.00026837290448941935	0.00026836766093450205	0.000268360578949392	0.0002683510226762072	0.00026833813777601246	0.0002683207837868882	0.0002682974347463059	0.0002682660544722806	0.00026822393168992144	0.00026816746315664773	0.00026809186882292916	0.00026799082261477026	0.00026785597386648746	0.00026767632901840004	0.00026743745160626105	0.0002671204480667748	0.0002667006410610644	0.0002661458990151416	0.00026541445847260277	0.00026445213646891823	0.000263188626003224	0.0002615328095149774	0.00025936645024146013	0.00025653631105288573	0.0002528445161603294	0.00024803785793726783	0.00024179804965192387	0.00023373669298173695	0.00022339991096681123	0.000210288004386545	0.00019390597518350347	0.00017393674350728915	0.00015091509425989552	0.00012796782726198864	0.00011082141398290509	0.00010091811145088467	0.00009406534253915325	0.0000865366556559469	0.00007640028525761603	0.0000624905706483121	0.00004481049140585215	0.00003098124732384408	0.000025786192765568116	0.000022096949027641815	0.000016919302342834052	9.811265691990696e-6	6.268544486341517e-6	5.010913485774167e-6	3.1736844375104843e-6	1.454842975911186e-6	1.0657184305399744e-6	5.331802432997353e-7	2.450084592817021e-7	1.3758401338740912e-7	4.0811264397507095e-8	1.6302126170857252e-8	2.4325294052069076e-24
0.0002786890472394242	0.0002786890472309425	0.00027868904722039875	0.00027868904720715885	0.0002786890471903395	0.00027868904716868957	0.0002786890471404047	0.0002786890471028411	0.00027868904705207213	0.0002786890469822195	0.0002786890468845028	0.00027868904674605065	0.0002786890465487948	0.0002786890462691685	0.000278689045879198	0.00027868904534772827	0.00027868904463762876	0.00027868904369493	0.00027868904243026903	0.0002786890406983019	0.0002786890382886362	0.00027868903494729103	0.00027868903040478594	0.000278689024305722	0.00027868901602389666	0.00027868900459632044	0.0002786889889488212	0.00027868896783111405	0.0002786889390337988	0.00027868889953879683	0.00027868884607727223	0.00027868877312931835	0.00027868867375676503	0.0002786885388201851	0.0002786883549365698	0.0002786881052617205	0.00027868776584092937	0.0002786873045407018	0.00027868667875828053	0.0002786858293897175	0.0002786846771992452	0.0002786831155687407	0.0002786810003825296	0.0002786781372737009	0.00027867426451294515	0.0002786690297396474	0.0002786619593165142	0.00027865241930630664	0.00027863955701508224	0.0002786222341429407	0.00027859892622511816	0.0002785676010126899	0.0002785255508502491	0.0002784691748996485	0.0002783936976016936	0.0002782927949443332	0.0002781581197059647	0.00027797867886364283	0.00027774004324811983	0.0002774233224220768	0.0002770038826506367	0.0002764496846493398	0.0002757191469885998	0.0002747584817641816	0.00027349812625273413	0.00027184812946734433	0.00026969209875026126	0.00026687936671455074	0.0002632152340350902	0.0002584498014977997	0.00025226736283429617	0.0002442804200330576	0.00023403439268035583	0.0002210289588090665	0.0002047673437953384	0.0001849030016593816	0.0001618183837893153	0.00013831908021534576	0.00012027660116830468	0.00010985445363969982	0.00010285116477520233	0.00009522678117751407	0.00008488436688305034	0.00007062811093949769	0.00005207722069385427	0.000035996065371284746	0.000029770195616946725	0.00002581251158304858	0.000020361415681253846	0.00001251260823650846	7.682627170929132e-6	6.201611180704164e-6	4.228986115917698e-6	1.9340907770949466e-6	1.3942520052504967e-6	7.982585354758735e-7	3.338165515654321e-7	2.096880895763874e-7	5.981290083040878e-8	2.8975639765911386e-8	9.65695276718842e-24
0.00028954426595683184	0.00028954426594821156	0.0002895442659375116	0.00028954426592409853	0.00028954426590709287	0.00028954426588525173	0.00028954426585678817	0.0002895442658190902	0.00028954426576828534	0.0002895442656985811	0.0002895442656013141	0.00028954426546372834	0.00028954426526775837	0.00028954426498951745	0.00028954426460022474	0.0002895442640676987	0.00028954426335445015	0.00028954426240773907	0.0002895442611411077	0.0002895442594124213	0.0002895442570109849	0.00028954425367448136	0.0002895442491233229	0.0002895442430102937	0.0002895442347350282	0.0002895442233328096	0.00028954420767734166	0.00028954418653180463	0.0002895441577776981	0.00028954411829946504	0.0002895440647983852	0.00028954399195751105	0.00028954389254479384	0.0002895437577478115	0.00028954357387621523	0.00028954332447113205	0.00028954298511372275	0.0002895425242937598	0.0002895418990742271	0.00028954105030580096	0.0002895398992009425	0.0002895383393276482	0.00028953622670395494	0.00028953336727050255	0.00028952949988066595	0.0002895242732655651	0.00028951721470235294	0.0002895076905580041	0.00028949485249213066	0.00028947756223196206	0.0002894543003061268	0.00028942303887681775	0.0002893810753844802	0.00028932481620763304	0.0002892494900078517	0.0002891487832088695	0.00028901435119013224	0.00028883520616329833	0.0002885969171445951	0.0002882806076722959	0.00028786164950243587	0.0002873080479125813	0.0002865783913202961	0.00028561916077160336	0.00028436146127065715	0.00028271644792973895	0.000280569615674203	0.000277773049739028	0.0002741356912384595	0.0002694117045664332	0.0002632888910628484	0.00025538139730788863	0.00024523393990370454	0.00023234477219334502	0.00021621626481681556	0.00019648117134836866	0.00017339031542383613	0.00014941469778160103	0.00013047085193736732	0.00011949167142444858	0.00011233897276914367	0.00010464829725070507	0.00009412960921941888	0.00007953691894609557	0.00006023440851909354	0.00004182606944499555	0.00003428612514129692	0.000030047877208804617	0.000024301064668235922	0.000015826630211340213	9.417285048973727e-6	7.625669274457499e-6	5.508442892221786e-6	2.607015183898734e-6	1.8039463282407839e-6	1.151121593216846e-6	4.5568030110422687e-7	3.0474947865680675e-7	9.023452896447347e-8	4.6338537183251763e-8	3.788635770167056e-23
0.0003010733308328507	0.0003010733308240785	0.0003010733308132062	0.00030107333079960083	0.0003010733307823855	0.0003010733307603249	0.0003010733307316479	0.00030107333069377234	0.00030107333064287816	0.00030107333057325644	0.0003010733304763619	0.0003010733303395626	0.0003010733301448202	0.0003010733298679633	0.0003010733294794046	0.00030107332894581645	0.00030107332822909647	0.00030107332727748317	0.0003010733260073742	0.0003010733242801892	0.00030107332188583034	0.00030107331855428577	0.00030107331399377755	0.00030107330786127956	0.00030107329958321556	0.00030107328820175457	0.000301073272537858	0.00030107325134587376	0.0003010732226085959	0.0003010731831449436	0.0003010731295596635	0.00030107305677711893	0.00030107295729532585	0.000301072822512597	0.0003010726386083536	0.00030107238926634517	0.0003010720498148064	0.00030107158927131374	0.0003010709641345549	0.00030107011553053204	0.0003010689650523534	0.0003010674062491952	0.000301065295234301	0.0003010624382510547	0.0003010585745905765	0.0003010533538478683	0.0003010463050458112	0.00030103679498006525	0.0003010239780698184	0.00030100671886917495	0.00030098350342813794	0.0003009523084777591	0.00030091043895278866	0.0003008543106562833	0.0003007791663114056	0.00030067870027862005	0.00030054458487589346	0.0003003658422625505	0.00030012805215570785	0.00029981232938154493	0.00029939405674915667	0.00029884125437053255	0.00029811257822766985	0.00029715474123268444	0.0002958993032083159	0.00029425844145585455	0.0002921194753116876	0.0002893374022202499	0.0002857252574007887	0.0002810421527173798	0.0002749806031155209	0.0002671575454953991	0.00025711711095025556	0.0002443554076793603	0.00022837373273761747	0.00020879221129106184	0.00018575353003301683	0.00016139118181454192	0.0001415520877473172	0.00012996950340587898	0.00012266103152452896	0.00011493314189312085	0.00010428134641965327	0.00008936842355700973	0.0000694164541307007	0.00004869910135283846	0.00003945268297576748	0.000034917336879844277	0.000028859990212410348	0.000019851579295806163	0.00001160271668411623	9.352546603117946e-6	7.061915076082839e-6	3.586288448774276e-6	2.324767017750897e-6	1.6071884325161768e-6	6.353766782687627e-7	4.2760999888963896e-7	1.4488474172563455e-7	6.775850265029191e-8	1.4935726857903242e-22
0.00031327529071897733	0.00031327529071004096	0.0003132752906989821	0.00031327529068516714	0.00031327529066772146	0.00031327529064541633	0.00031327529061649534	0.00031327529057840456	0.00031327529052737447	0.0003132752904577785	0.00031327529036119045	0.00031327529022511186	0.0003132752900315567	0.00031327528975611153	0.0003132752893684014	0.00031327528883385837	0.00031327528811351645	0.0003132752871563109	0.00031327528588139447	0.0003132752841540328	0.00031327528176562506	0.00031327527843940663	0.0003132752738698548	0.0003132752677137819	0.0003132752594239952	0.0003132752480579978	0.00031327523238737406	0.00031327521113529784	0.0003132751823865946	0.00031327514293561003	0.00031327508923403104	0.0003132750164494565	0.0003132749168859751	0.00031327478198194827	0.0003132745980127668	0.0003132743484960226	0.00031327400883593626	0.0003132735482567182	0.00031327292270732463	0.0003132720738560134	0.0003132709233888691	0.0003132693646563418	0.0003132672538841181	0.0003132643976104853	0.00031326053544316945	0.0003132553173620056	0.00031324827373043683	0.00031323877348675254	0.000313225970928234	0.00031320873680935467	0.00031318555963852785	0.0003131544232938218	0.0003131126427050129	0.00031305664570109815	0.0003129816897283634	0.00031288149300388076	0.00031274774713101845	0.00031256949865076907	0.000312332345598368	0.00031201742250735277	0.00031160010451805414	0.0003110484125366637	0.00031032099447889566	0.0003093646843809595	0.00030811135231462514	0.00030647399832622684	0.00030434158173892154	0.000301572017633121	0.0002979827923259893	0.00029333884235070024	0.00028733880135344063	0.00027960387572792053	0.00026967848411256577	0.0002570551564957177	0.0002412331122991997	0.00022182592379363112	0.0001988923952847043	0.00017423966411843431	0.00015353209985303896	0.0001413014135365579	0.0001338237614532479	0.00012608018874402284	0.00011534656675554022	0.00010014353878070463	0.00007961760821788298	0.00005672719240363075	0.000045316806928276223	0.0000404491909237374	0.000034092889401310716	0.00002459066162123378	0.000014366524946633611	0.000011417853153818882	8.920773352337531e-6	4.959953291324409e-6	2.9786402150076576e-6	2.1722793958820864e-6	9.107536595038303e-7	5.796752153483098e-7	2.378240454662268e-7	8.914955777278213e-8	4.1122911989649257e-22
0.00032652602332645166	0.0003265260233173388	0.0003265260233060787	0.0003265260232920373	0.00032652602327434176	0.0003265260232517696	0.0003265260232225787	0.0003265260231842433	0.0003265260231330445	0.0003265260230634405	0.00032652602296713053	0.00032652602283176783	0.00032652602263945997	0.00032652602236561825	0.00032652602197913135	0.00032652602144411054	0.0003265260207204316	0.00032652601975735645	0.0003265260184766507	0.00032652601674780355	0.00032652601436490553	0.00032652601104601105	0.0003265260064707601	0.0003265260002902873	0.00032652599198167045	0.00032652598062778024	0.00032652596496039277	0.00032652594364702866	0.0003265259148620504	0.00032652587543260145	0.00032652582161525774	0.00032652574876993547	0.00032652564915679807	0.0003265255140245095	0.00032652533000322866	0.0003265250801184116	0.0003265247402434134	0.00032652427927714033	0.00032652365301345755	0.0003265228036287622	0.00032652165245246193	0.0003265200926423482	0.00032651798056443067	0.0003265151229014122	0.00032651125939932855	0.0003265060401303951	0.0003264989956282451	0.0003264894966195468	0.0003264766983890136	0.00032645947433575093	0.00032643631642199005	0.00032640521576354195	0.0003263634966286191	0.0003263076013829605	0.0003262328069450382	0.0003261328585685031	0.0003259994834764782	0.00032582177283057114	0.00032558537432538897	0.0003252714614385741	0.0003248554523465193	0.0003243053641169274	0.0003235798392631781	0.0003226256679338479	0.0003213748452481561	0.00031974086763488164	0.00031761389158443086	0.0003148544707155169	0.0003112847311690359	0.00030667643251575496	0.00030073642332817635	0.00029309296288790917	0.0002832926031514275	0.0002708236843664911	0.0002551795899565349	0.00023597049964593862	0.00021319920195421614	0.0001883766608806046	0.0001668571000421375	0.00015392236626717983	0.0001462479971133681	0.00013849708197607633	0.00012774472187177612	0.00011231493542866726	0.00009127198620543873	0.0000664826491584675	0.000052267861577570145	0.00004694081535356066	0.000040347083804617934	0.000030339887220863267	0.000018188831748995385	0.000013994565210240012	0.00001127280809096539	6.917616791354518e-6	3.860116040456555e-6	2.9139392624775005e-6	1.397582513556998e-6	7.820906247140844e-7	3.9099927119187016e-7	1.0804829169335789e-7	6.673853996796291e-22
0.00034047700444859216	0.0003404770044392982	0.0003404770044278318	0.00034047700441355844	0.0003404770043956069	0.0003404770043727611	0.00034047700434329336	0.00034047700430470644	0.0003404770042533331	0.00034047700418371804	0.00034047700408769286	0.00034047700395307837	0.0003404770037621129	0.00034047700349009954	0.0003404770031052632	0.0003404770025703802	0.0003404770018439711	0.00034047700087531675	0.00034047699958862366	0.00034047699785784056	0.00034047699548070415	0.0003404769921716674	0.000340476987595458	0.00034047698139333166	0.00034047697306366023	0.00034047696172181697	0.0003404769460709315	0.00034047692470733597	0.0003404768958765109	0.00034047685648449486	0.00034047680258170746	0.00034047672965041624	0.00034047663004610647	0.0003404764946632718	0.00034047631064168033	0.00034047606034821664	0.00034047572035068695	0.0003404752588360251	0.0003404746318998745	0.00034047378194901616	0.00034047262968846996	0.0003404710682449176	0.00034046895410693204	0.0003404660938838222	0.00034046222724470844	0.0003404570042737547	0.0003404499551710072	0.00034044045047054255	0.0003404276480774517	0.0003404104203475327	0.0003403872645411517	0.0003403561754122618	0.000340314485584871	0.0003402586509302531	0.000340183969542814	0.00034008421841150795	0.00033995116737564667	0.00033977396663807766	0.0003395383364056973	0.0003392255328906791	0.0003388110472757262	0.0003382629491088037	0.00033753987099902305	0.00033658856311198773	0.0003353409288545156	0.00033371060723389834	0.0003315885276772999	0.00032883741777941524	0.0003252838560649482	0.0003207069851917815	0.0003148234694867283	0.0003072712533115571	0.0002976015533313324	0.00028529823361977903	0.0002698452155042209	0.0002508488896374744	0.00022827718492173668	0.00020338285245062357	0.00018112553423443972	0.00016745849504854499	0.00015956522071299125	0.00015180269273520696	0.00014107724107196415	0.00012549109447092317	0.00010397441500846981	0.00007757495524779895	0.000060092684216316024	0.00005415226249659502	0.00004739652982260968	0.000036872670652875826	0.000022985439915323527	0.000016982682346750437	0.000014045179340085066	9.331634897545507e-6	4.951095857984843e-6	3.815032751052957e-6	2.0917152031215014e-6	1.0337627314405914e-6	5.918465808170019e-7	1.2731909986247017e-7	8.145792244382101e-22
0.00035495469989499633	0.0003549546998855221	0.0003549546998738507	0.0003549546998593472	0.0003549546998411426	0.0003549546998180273	0.0003549546997882887	0.0003549546997494588	0.000354954699697923	0.00035495469962831556	0.00035495469953260544	0.00035495469939879646	0.00035495469920929223	0.0003549546989393571	0.0003549546985566499	0.0003549546980226649	0.0003549546972944581	0.000354954696321056	0.00035495469502887494	0.00035495469329641994	0.00035495469092584685	0.00035495468762968463	0.00035495468305881886	0.0003549546768417623	0.0003549546684939562	0.00035495465716732836	0.0003549546415497058	0.0003549546201616715	0.0003549545912943951	0.00035495455196360844	0.0003549544980423271	0.00035495442504939075	0.0003549543255418135	0.00035495419001294114	0.0003549540060961663	0.00035495375559692767	0.0003549534156965897	0.00035495295387237303	0.00035495232679026316	0.00035495147667207133	0.0003549503238198565	0.0003549487615467127	0.00035494664635125293	0.00035494378464614833	0.00035493991591144675	0.00035493469010367755	0.0003549276372256434	0.000354918127384395	0.0003549053187480647	0.00035488808404312894	0.0003548649215378539	0.00035483382878728574	0.0003547921433531194	0.0003547363302831062	0.000354661704288122	0.00035456206846869935	0.0003544292339378285	0.00035425241155136606	0.0003540174065720979	0.00035370558573381654	0.0003532925638855294	0.00035274653733646306	0.00035202622567547686	0.00035107838610202665	0.0003498348531911501	0.00034820917961065376	0.0003460926173778901	0.0003433492855417075	0.00033980939661148947	0.0003352591228138912	0.0003294258230298494	0.00032195973960944126	0.0003124205891264212	0.0003002902468561569	0.000285040403652538	0.00026626802717795325	0.00024391688710530984	0.00021902586291534237	0.00019612643999592676	0.00018172990235837985	0.00017360714329144579	0.00016581303403637502	0.00015512884244914176	0.00013946885732726678	0.00011753289835600907	0.00008977508181366209	0.00006880724155212855	0.000061991166661242	0.00005513481815783006	0.00004414106358898264	0.00002877536952881018	0.000020388845986541652	0.00001723976757601137	0.000012152659931676854	6.366524598578382e-6	4.903749143185646e-6	2.9773993047771854e-6	1.3535703557597729e-6	8.407005970588624e-7	1.6767184344523242e-7	9.314709695206048e-22
0.0003702305880089201	0.0003702305879992641	0.0003702305879873865	0.0003702305879726522	0.0003702305879541945	0.0003702305879308111	0.000370230587900805	0.0003702305878617387	0.0003702305878100526	0.00037023058774047406	0.0003702305876451185	0.0003702305875121917	0.00037023058732430533	0.00037023058705676484	0.0003702305866767684	0.0003702305861445732	0.00037023058541562465	0.0003702305844383753	0.0003702305831412131	0.00037023058140737026	0.00037023057904437385	0.00037023057576474614	0.00037023057120658885	0.0003702305649821908	0.0003702305566193939	0.00037023054531184753	0.0003702305297473233	0.0003702305083643901	0.0003702304794710638	0.00037023044022985055	0.00037023038636733584	0.0003702303133401094	0.00037023021403228325	0.0003702300784764515	0.0003702298947875538	0.0003702296443147071	0.00037022930476717896	0.00037022884290585347	0.0003702282162853737	0.00037022736645935786	0.00037022621357798253	0.00037022465139498656	0.00037022253628889553	0.0003702196743305153	0.0003702158046785266	0.00037021057699857977	0.00037020352125149855	0.00037019400684036683	0.0003701811894709149	0.000370163943881962	0.00037014076439639224	0.000370109650437836	0.00037006794061312766	0.0003700121042546088	0.00036993746762786826	0.000369837853774869	0.0003697051140654654	0.0003695285226638745	0.00036929398551654454	0.0003689830134841176	0.0003685714053360649	0.0003680275717811442	0.0003673104326737639	0.00036636680676576224	0.0003651284853911198	0.00036350866875734243	0.0003613984143473642	0.0003586623449255066	0.00035513340690774637	0.0003506044843626554	0.0003448147872468472	0.00033743004070761165	0.0003280230115270751	0.00031607643969424015	0.000301046421687468	0.0002825138576548182	0.0002604104303795911	0.0002356096933865952	0.00021217053522264108	0.00019703825216381204	0.00018867077407209128	0.0001808215568418739	0.00017019577597893247	0.00015455651869017965	0.0001322588546953835	0.00010341644461030265	0.00007866520391426619	0.00007065846269445712	0.00006377124858023272	0.00005235561968257269	0.00003579054517812336	0.000024323282923961003	0.000020964702681833287	0.000015481561679663138	8.17596290092102e-6	6.223831442868422e-6	4.096353985390214e-6	1.756415203782855e-6	1.1483669555402226e-6	2.3295446122595368e-7	1.0148064913955514e-21
0.00038705521882634677	0.00038705521881649056	0.0003870552188043853	0.00038705521878939505	0.0003870552187706551	0.00038705521874696957	0.0003870552187166564	0.0003870552186773079	0.0003870552186254187	0.0003870552185558096	0.0003870552184607464	0.0003870552183286502	0.00038705521814237843	0.0003870552178773583	0.00038705521750044764	0.00038705521697072803	0.00038705521624183686	0.00038705521526113495	0.00038705521395846377	0.00038705521222176514	0.00038705520986491513	0.0003870552066028487	0.00038705520206315606	0.00038705519583830887	0.0003870551874597906	0.00038705517616488956	0.00038705516066281	0.0003870551393158625	0.000387055110401367	0.00038705507124635823	0.00038705501752189987	0.0003870549444927057	0.0003870548454293736	0.000387054710040084	0.000387054526623827	0.0003870542765721542	0.000387053937556592	0.00038705347631372164	0.00038705285092012004	0.00038705200218887065	0.0003870508509708135	0.0003870492913283802	0.0003870471794621008	0.0003870443215468931	0.00038704045698216024	0.00038703523554477274	0.00038702818717094474	0.00038701868169780507	0.00038700587480687586	0.0003869886387552828	0.000386965468842279	0.00038693436059800016	0.0003868926500043863	0.0003868368036607299	0.0003867621452745653	0.00038666249879542095	0.0003865297306000148	0.0003863531459526964	0.0003861187223965211	0.0003858081024878782	0.0003853973008528667	0.00038485504861359945	0.00038414067342649734	0.00038320144409876813	0.0003819694185448907	0.0003803577813631421	0.00037825705444995643	0.0003755312031367953	0.0003720136594418737	0.00036750152932767897	0.00036174504061681385	0.0003544286732176528	0.0003451468162055212	0.0003333936569822883	0.0003186126876611483	0.00030035575217219533	0.00027853701064553565	0.00025392040537099635	0.00023009075759095095	0.0002142319927677717	0.0002056319140428444	0.00019769562734686622	0.00018707816265651456	0.00017156742298861274	0.00014907535295171823	0.0001193495013258656	0.00009082539701399279	0.00008086141136067627	0.00007390869862033747	0.00006230100936851982	0.000044704248225712545	0.000029435965316776477	0.000025582425383024432	0.000019780147328910292	0.000011137743577535549	7.953115495426182e-6	5.612745069014688e-6	2.417430405182269e-6	1.5917885438432073e-6	4.4456380740123876e-7	1.2654016106703918e-21
0.0004043617201175448	0.0004043617201074763	0.00040436172009512865	0.00040436172007986455	0.0004043617200608201	0.0004043617200368046	0.000404361720006149	0.0004043617199664722	0.0004043617199143188	0.0004043617198445973	0.00040436171974971604	0.0004043617196183053	0.00040436171943346994	0.0004043617191707853	0.00040436171879683054	0.0004043617182695693	0.00040436171754075744	0.00040436171655635223	0.0004043617152472031	0.0004043617135056599	0.0004043617111521295	0.00040436170790507955	0.0004043617033832564	0.00040436169715811677	0.00040436168875881436	0.0004043616774637841	0.0004043616620140934	0.000404361640704761	0.00040436161175548617	0.00040436157264884593	0.00040436151905918187	0.0004043614460048617	0.00040436134711410043	0.0004043612119055728	0.0004043610286390362	0.00040436077903315573	0.000404360440380195	0.00040435997981586947	0.0004043593555147747	0.00040435850781655514	0.0004043573584841191	0.0004043558016329423	0.0004043536933849941	0.0004043508403100371	0.0004043469823404108	0.00040434176972844457	0.00040433473278106603	0.00040432524216577775	0.00040431245487304633	0.00040429524189183175	0.0004042721000889907	0.0004042410228123369	0.000404199344034479	0.0004041435265761455	0.0004040688881136053	0.00040396924655477704	0.00040383646676244887	0.0004036598623588073	0.0004034254471238358	0.0004031149539879258	0.0004027045779543313	0.00040216336133939995	0.00040145109520859637	0.00040051566807425157	0.00039928969121177975	0.00039768671426401064	0.00039559695350494244	0.0003928834321764168	0.0003893788323195304	0.0003848823248326851	0.0003791530757871592	0.0003718943725691043	0.0003627262407880005	0.0003511616782379938	0.0003366369398913795	0.0003186701874368803	0.0002971515518988311	0.0002727655753781837	0.00024864932438028596	0.00023209383899035487	0.00022328127312153852	0.00021526032311758585	0.00020460977777059702	0.00018924860454303715	0.0001666976306379611	0.0001362155632194474	0.0001041769198249643	0.00009177626026684353	0.00008469202363124657	0.00007303789665611185	0.00005452032685623709	0.000035349023104962316	0.00003062581308553676	0.000024614970816309394	0.000014807682474249063	9.892696529860003e-6	7.3777246342616916e-6	3.3420573465799954e-6	2.1178131832088507e-6	7.578434586699573e-7	1.5011264424005195e-21
0.0004228843627524413	0.0004228843627421298	0.0004228843627295027	0.0004228843627139201	0.0004228843626945168	0.0004228843626701046	0.00042288436263902373	0.00042288436259891454	0.0004228843625463648	0.0004228843624763604	0.00042288436238144007	0.00042288436225043017	0.0004228843620666781	0.0004228843618059271	0.00042288436143453074	0.0004228843609093668	0.0004228843601801452	0.0004228843591909097	0.0004228843578728237	0.0004228843561221801	0.0004228843537661049	0.00042288435052795166	0.0004228843460196731	0.00042288433978988075	0.0004228843313563697	0.0004228843200337471	0.0004228843046081972	0.00042288428332168084	0.0004228842542981508	0.0004228842151507955	0.0004228841616417342	0.0004228840884807465	0.0004228839895631151	0.0004228838544492177	0.00042288367100427676	0.00042288342166229464	0.00042288308284889797	0.0004228826227051556	0.0004228819987038475	0.0004228811513978304	0.0004228800034609598	0.0004228784485177712	0.00042287634289465287	0.0004228734939999951	0.00042286964267542073	0.00042286444031105634	0.00042285741858209	0.00042284794924559794	0.0004228351923347692	0.000422818023605162	0.00042279493968461933	0.00042276393982887975	0.00042272235993204223	0.0004226666610108643	0.00042259215535893737	0.00042249265019636236	0.00042235998489297086	0.0004221834473182263	0.0004219490214881399	0.0004216384417630119	0.0004212279842947904	0.0004206869261681583	0.00041997554694983563	0.0004190425499768325	0.00041782163716159814	0.0004162274644169829	0.00041415073134767937	0.0004114535474793148	0.00040796625896661237	0.00040348655786580584	0.0003977784879456438	0.00039056319961004634	0.000381492081059836	0.0003701092167856497	0.00035585451326765257	0.0003382077291883796	0.00031702096847696095	0.000292931557284018	0.00026866760186981033	0.0002514399286310628	0.00024244351555830268	0.00023436058204290977	0.00022360600127133593	0.00020838221265048892	0.00018599189709871578	0.00015488587789030516	0.00011975126946873388	0.00010409236765985164	0.0000967274564810743	0.00008522955755230113	0.00006589538130374484	0.00004281818082723724	0.00003643220761481534	0.000030422918283489705	0.000019681791588192276	0.000012196759255438838	9.599940453939636e-6	4.804724419546596e-6	2.789474185532872e-6	1.243834971234477e-6	1.5995741643281363e-21
0.00044322541688374936	0.00044322541687317297	0.0004432254168602411	0.0004432254168443099	0.0004432254168245123	0.0004432254167996616	0.0004432254167681057	0.00044322541672750504	0.00044322541667448794	0.00044322541660411584	0.00044322541650905646	0.00044322541637833643	0.0004432254161955661	0.0004432254159367132	0.000443225415568019	0.00044322541504539557	0.00044322541431643186	0.0004432254133227432	0.0004432254119949707	0.00044322541023275006	0.00044322540787016895	0.0004432254046371869	0.00044322540014212386	0.0004432253939107024	0.0004432253854393491	0.00044322537406893425	0.00044322535864265485	0.0004432253373753302	0.00044322530826456193	0.00044322526899403023	0.0004432252155002051	0.00044322514219225705	0.0004432250430169423	0.00044322490786160245	0.0004432247238934549	0.0004432244743809739	0.00044322413474230616	0.0004432236741971008	0.00044322304889846614	0.0004432222004486416	0.00044322105121095186	0.0004432194940237655	0.0004432173856966882	0.00044321453394626577	0.0004432106796708221	0.00044320547463993685	0.00044319845164820913	0.00044318898427807	0.00044317623374941245	0.0004431590809549596	0.00044313602978089293	0.0004431050880520914	0.0004430636031961876	0.00044300805377984223	0.00044293377029761693	0.0004428345749815137	0.0004427023147857034	0.00044252626744190955	0.00044229237323744426	0.00044198228156200917	0.0004415721611823445	0.00044103120902788635	0.0004403198097858009	0.0004393871684697798	0.0004381682162315116	0.00043657957243240246	0.0004345142130304949	0.000431835710574177	0.00042837303751327977	0.00042391919764896515	0.000418234694989908	0.00041104991844777045	0.0004020493298512378	0.00039082637347372264	0.00037684842953726637	0.000359558350008898	0.00033874192642898446	0.00031501515112457925	0.00029078635338878304	0.0002729372024512117	0.00026375295313198113	0.00025567933233668316	0.000244797819036683	0.0002295752992204523	0.00020753729243783498	0.00017609268759023373	0.00013851178376477467	0.00011847423738906712	0.00011067038485784015	0.00009928511686960756	0.00007957699801597143	0.00005318325999815516	0.000043444318674957536	0.00003752951874725638	0.000026002919146293767	0.000015186313944829399	0.000012511523556687642	7.1264395929108295e-6	3.646811546402242e-6	1.9483929906606184e-6	1.791644199287418e-21
0.00046466899211017424	0.0004646689920993433	0.0004646689920861195	0.00046466899206985655	0.00046466899204968654	0.00046466899202442593	0.00046466899199243297	0.00046466899195139153	0.00046466899189797565	0.0004646689918273302	0.0004646689917322648	0.0004646689916020298	0.0004646689914205447	0.00046466899116409584	0.0004646689907989848	0.0004646689902804023	0.00046466898955399165	0.00046466898855879223	0.0004646689872244201	0.00046466898545343023	0.0004646689830871628	0.000464668979863923	0.0004646689753921543	0.0004646689691777528	0.00046466896069095675	0.00046466894928987956	0.0004646689338818435	0.0004646689126836688	0.00046466888356513924	0.00046466884422564274	0.00046466879082750705	0.0004646687175638637	0.00046466861825619093	0.00046466848329409344	0.00046466829914634686	0.00046466804974424264	0.00046466770986961235	0.00046466724939837656	0.00046466662346888267	0.0004646657748833427	0.0004646646248606233	0.00046466306605949515	0.00046466095575989737	0.0004646581012655185	0.0004646542428256342	0.00046464903164893193	0.00046464200005862577	0.0004646325216546698	0.0004646197577954235	0.0004646025881576723	0.00046457952121771196	0.00046454856739078953	0.0004645070857638259	0.00046445157040431797	0.0004643773778042632	0.0004642783685501668	0.00046414644135342275	0.00046397092518962014	0.0004637378079413757	0.00046342874344616297	0.00046301982613252443	0.00046248006572947994	0.0004617695982591943	0.0004608374793036287	0.0004596190394934471	0.0004580323455081635	0.00045597336769178217	0.0004533095165504453	0.0004498722796015822	0.00044545212136966295	0.0004398015156863668	0.00043264724173997063	0.00042369570125888877	0.0004125980888393745	0.00039888028574928264	0.00038197018453552405	0.00036155590481825814	0.0003382149803096543	0.00031415514807713626	0.00029579251760110127	0.00028640580648040025	0.00027836232067682314	0.0002674170499463191	0.0002520739378883343	0.00023039244364991932	0.0001989500586850876	0.00015946870484646506	0.0001343224116916995	0.0001260070134977105	0.00011453683189350176	0.0000949343623004262	0.00006590237378771437	0.000051410195163057445	0.00004543286684545647	0.000033483980925202906	0.000018979083601803732	0.000015808914663964806	9.996079481416956e-6	4.605415521622107e-6	2.842349770778127e-6	4.964745532049848e-21
0.0004872610495202528	0.0004872610495091535	0.000487261049495622	0.00048726104947900884	0.00048726104945844516	0.00048726104943274984	0.0004872610494002911	0.0004872610493587753	0.00048726104930492154	0.0004872610492339569	0.00048726104913883337	0.0004872610490090294	0.0004872610488287918	0.0004872610485747793	0.0004872610482134744	0.0004872610476995406	0.0004872610469768159	0.0004872610459815715	0.00048726104464176073	0.0004872610428621695	0.00048726104049132856	0.00048726103727720737	0.00048726103283184966	0.0004872610266449565	0.00048726101815646554	0.00048726100673030453	0.00048726099134052794	0.0004872609702359714	0.00048726094116894757	0.000487260901793243	0.0004872608485230719	0.0004872607754614749	0.0004872606761388731	0.00048726054153745414	0.0004872603576132232	0.0004872601085963026	0.00048725976929451923	0.00048725930955283663	0.0004872586843953091	0.0004872578374487062	0.00048725668870749006	0.0004872551317687562	0.0004872530242926981	0.00048725017309495054	0.000487246318207478	0.00048724111065821064	0.0004872340821671225	0.0004872246053337664	0.00048721184092568996	0.00048719466619097157	0.0004871715850037747	0.0004871406067820511	0.00048709908645709046	0.00048704351815875	0.000486969266301218	0.0004868702135322592	0.00048673830426440015	0.0004865629521280521	0.0004863302681319385	0.0004860220682754314	0.0004856145966381357	0.00048507691743026845	0.0004843689911607529	0.00048343938940880203	0.0004822227986658491	0.0004806371125707354	0.00047857995088853845	0.0004759232325269115	0.0004725051615718836	0.0004681204112918023	0.00046251603621910703	0.0004554045214576037	0.00044649228827373967	0.0004354802687421211	0.00042198378776473427	0.000405464043851948	0.00038550166448279475	0.00036257565315464817	0.00033879321415753865	0.00032005717905914273	0.00031048983550151834	0.0003024496563590907	0.0002915178147402798	0.00027600912103251183	0.000254533076835913	0.00022350274708289784	0.00018261164101138138	0.00015181631566352837	0.00014278728327953244	0.00013107073081509063	0.00011190346238030747	0.00008095206154316524	0.000060347495137553635	0.00005409276305532843	0.000042210205538473866	0.000024045821164921808	0.000019352309908458037	0.000013401346771332357	5.594058060109931e-6	3.752691593375362e-6	1.484321744379667e-20
0.0005109682040616298	0.0005109682040502195	0.0005109682040363288	0.0005109682040193036	0.000510968203998271	0.0005109682039720488	0.0005109682039390104	0.0005109682038968777	0.0005109682038424049	0.0005109682037708881	0.0005109682036754022	0.0005109682035456292	0.0005109682033661168	0.000510968203113881	0.0005109682027556111	0.0005109682022455211	0.0005109682015256716	0.0005109682005292524	0.0005109681991816819	0.0005109681973888386	0.0005109681950056903	0.0005109681917901863	0.000510968187360196	0.0005109681811922403	0.0005109681726918853	0.0005109681612138713	0.0005109681457927781	0.0005109681247326267	0.0005109680956857289	0.0005109680561924007	0.0005109680028948703	0.0005109679299413806	0.0005109678304326697	0.0005109676958636152	0.0005109675120002705	0.0005109672628076028	0.000510966923814283	0.0005109664639681639	0.0005109658392519772	0.0005109649930078043	0.0005109638447671406	0.0005109622896658098	0.0005109601851553877	0.0005109573380407309	0.0005109534892808589	0.0005109482910714825	0.0005109412763437828	0.0005109318187341349	0.0005109190801676888	0.0005109019411678874	0.0005108789043730682	0.0005108479788421894	0.0005108065136190335	0.0005107509946921963	0.0005106767698380609	0.0005105777000550055	0.0005104457093771194	0.0005102702078053056	0.0005100373550930607	0.000509729110040538	0.000509322006069229	0.0005087855629145613	0.0005080802175678405	0.0005071547817104429	0.0005059434434919676	0.0005043626488830097	0.0005023083876302029	0.000499653418194354	0.0004962424736677834	0.0004918823414257354	0.0004863277773359102	0.0004792793077926332	0.0004704179517331951	0.00045946029863448636	0.00044612496543925523	0.000429975805482275	0.0004105166279939357	0.0003880516532740902	0.0003646366311035156	0.0003456711005517672	0.0003359844912581706	0.00032792855082170336	0.0003170091469650676	0.0003014347752014707	0.0002798950195550714	0.00024959483487558664	0.0002077961438642194	0.00017118399816467536	0.00016094216333391743	0.0001490186350108012	0.0001301784238014998	0.0000981769091841433	0.00007032782678939178	0.00006356136798731209	0.00005202720387687214	0.00003097943943103008	0.00002307309693741336	0.00001728092950855481	6.827696909840822e-6	4.388738675673135e-6	2.4061934452904797e-20
0.0005358390466610421	0.0005358390466493201	0.0005358390466350705	0.0005358390466176341	0.0005358390465961347	0.0005358390465693899	0.0005358390465357788	0.0005358390464930403	0.000535839046437966	0.0005358390463659231	0.000535839046270115	0.0005358390461404373	0.0005358390459617628	0.0005358390457115234	0.0005358390453567455	0.0005358390448514272	0.0005358390441361137	0.0005358390431409013	0.0005358390417880676	0.0005358390399835919	0.0005358390375882817	0.0005358390343707418	0.0005358390299576646	0.0005358390238174227	0.0005358390153208932	0.0005358390037999089	0.0005358389883393278	0.0005358389673199416	0.0005358389383277746	0.0005358388987374947	0.0005358388453577126	0.0005358387725206761	0.0005358386728483	0.0005358385381189706	0.000535838354315886	0.0005358381045855485	0.000535837765618921	0.0005358373048478513	0.0005358366798186205	0.0005358358322407109	0.0005358346822971605	0.0005358331256068243	0.0005358310182148382	0.0005358281668814731	0.0005358243129333847	0.0005358191086668432	0.0005358120874111016	0.0005358026239148663	0.0005357898814142847	0.0005357727433880158	0.0005357497224654466	0.0005357188329631615	0.0005356774420661967	0.0005356220501590284	0.0005355480220375713	0.00053544922811123	0.0005353175806053833	0.0005351424421833155	0.0005349098701082839	0.0005346016898231027	0.0005341943381894026	0.0005336574417065771	0.0005329520030817244	0.0005320280042871232	0.0005308211329119319	0.0005292486254733032	0.0005272047440476767	0.0005245578677003279	0.0005211499126728823	0.0005167957751761506	0.0005112720906338412	0.000504294005156748	0.0004955161459333562	0.0004846135399976654	0.0004713694962864936	0.00045552885676691107	0.000436611077988531	0.0004146610708329155	0.00039168829312441906	0.0003726630643191069	0.0003628879586324178	0.00035487564569413086	0.0003438843037900794	0.0003283773932607599	0.00030661846947267676	0.0002770036959039714	0.00023500679373930956	0.00019282019307342234	0.00018055320974218322	0.00016855739813198116	0.00014957357200201272	0.00011768748089257123	0.00008189510749991176	0.00007402034386114828	0.00006259277010111896	0.000040002433641240836	0.00002706513858716054	0.00002141673528508946	8.962556873620342e-6	4.658151047388844e-6	3.021376576083252e-20
0.0005617032960773499	0.0005617032960652959	0.000561703296050663	0.0005617032960327872	0.0005617032960107883	0.0005617032959834828	0.0005617032959492541	0.0005617032959058571	0.0005617032958501184	0.0005617032957774749	0.0005617032956812551	0.0005617032955515684	0.0005617032953736211	0.0005617032951252956	0.000561703294774055	0.0005617032942738915	0.0005617032935641225	0.0005617032925718568	0.0005617032912157648	0.0005617032894009519	0.0005617032869933306	0.0005617032837726522	0.0005617032793773424	0.0005617032732735819	0.0005617032648008211	0.0005617032532576113	0.0005617032377663577	0.0005617032168030296	0.000561703187935734	0.000561703148353914	0.0005617030949548319	0.0005617030223865029	0.0005617029228816476	0.0005617027882314424	0.0005617026050789494	0.0005617023555452739	0.0005617020176309768	0.0005617015575042957	0.000561700934360997	0.0005617000881516368	0.0005616989411206631	0.0005616973881763488	0.0005616952846700501	0.0005616924384051894	0.0005616885908594	0.0005616833936174173	0.0005616763789232186	0.0005616669200705128	0.0005616541781019046	0.0005616370304149116	0.0005616139828472152	0.0005615830475098585	0.000561541582313948	0.000561486091149696	0.0005614119586201401	0.0005613131012013567	0.0005611815174026618	0.000561006692213169	0.0005607748308526122	0.0005604678274076417	0.0005600619919939759	0.0005595264909378271	0.0005588216025106458	0.0005578968088672416	0.0005566886423900748	0.0005551175821236378	0.0005530824115131315	0.0005504527179926045	0.0005470628285458031	0.0005427159591272631	0.0005371957985494867	0.0005302572239480637	0.0005215796511858469	0.0005107781540073873	0.0004975897715514724	0.000481944619311027	0.0004635605001384432	0.0004422129002066713	0.000419708353025975	0.0004008170148738192	0.00039100586456785263	0.00038303589063460295	0.0003720190991565751	0.00035648942920448167	0.00033469818922261536	0.00030528785813542026	0.00026399700731431287	0.00021697823056499827	0.00020153566939658536	0.00018940475301192135	0.00017009035824718048	0.00013927990060110055	0.00009591840572960777	0.00008528828813034406	0.00007362651856628012	0.00005085443387528233	0.00003122051553520695	0.000025442410312604868	0.000012161962308623326	4.5549793416170965e-6	3.7894253693963626e-20
0.0005897225295331889	0.0005897225295207682	0.0005897225295057115	0.0005897225294873478	0.0005897225294647912	0.0005897225294368547	0.0005897225294019235	0.000589722529357764	0.0005897225293012323	0.0005897225292278268	0.0005897225291309909	0.0005897225290010337	0.0005897225288234817	0.0005897225285766691	0.0005897225282285409	0.0005897225277332183	0.0005897225270289915	0.0005897225260399748	0.000589722524680513	0.0005897225228532909	0.0005897225204277246	0.0005897225171941468	0.0005897225128043075	0.0005897225067268611	0.0005897224982727208	0.0005897224866939254	0.0005897224711258511	0.0005897224501426101	0.0005897224213392853	0.0005897223817082375	0.000589722328100756	0.0005897222555321682	0.0005897221559988142	0.000589722020900928	0.0005897218377446746	0.0005897215876608673	0.0005897212493118259	0.0005897207884131104	0.0005897201644838097	0.0005897193165749861	0.0005897181685681248	0.0005897166132121328	0.0005897145067521892	0.0005897116580531262	0.0005897078083461006	0.0005897026095731317	0.0005896955952846971	0.0005896861408817387	0.0005896734112861828	0.0005896562909269593	0.0005896332889893518	0.000589602425555665	0.0005895610635017004	0.0005895057078307972	0.0005894317250466778	0.0005893329947208826	0.0005892014531780925	0.0005890265155807587	0.0005887943406603217	0.0005884869225570837	0.000588080923163592	0.000587546171894265	0.0005868436671337647	0.0005859229761287474	0.0005847191447679533	0.0005831497055757003	0.0005811126198843206	0.0005784836700301865	0.0005751097128848639	0.0005707955325158684	0.0005652999754492026	0.0005583639155535578	0.0005497291120365413	0.0005390672886159653	0.0005259960750153898	0.0005104261712967958	0.000492459371231051	0.00047182855307762914	0.00044985592873054926	0.00043127636584850006	0.00042154008905967774	0.0004136035280530256	0.00040258903766949005	0.00038697998984928676	0.0003653300548665256	0.0003356542166975171	0.00029582157223603827	0.0002453852123103754	0.00022496731081363453	0.00021272204856654587	0.00019333260082361598	0.00016325140201197915	0.00011516322692025896	0.00009832151153147908	0.00008647025056743945	0.00006463927633527013	0.00003628852093284896	0.000030185374086012824	0.00001717717366208788	4.299839553203664e-6	3.0791440411545203e-20
0.0006191860775437586	0.0006191860775309445	0.0006191860775154325	0.0006191860774965437	0.0006191860774733848	0.000619186077444764	0.0006191860774090658	0.0006191860773640649	0.0006191860773066429	0.000619186077232353	0.0006191860771347446	0.0006191860770043159	0.0006191860768269026	0.0006191860765812924	0.0006191860762359569	0.0006191860757452902	0.0006191860750468276	0.0006191860740619277	0.0006191860727003493	0.0006191860708612757	0.0006191860684162249	0.0006191860651654737	0.0006191860607754617	0.0006191860547222264	0.0006191860462946631	0.0006191860346936583	0.0006191860190470691	0.0006191859980233848	0.0006191859692889719	0.0006191859296712138	0.0006191858758769741	0.0006191858032833655	0.0006191857038825784	0.000619185568465412	0.0006191853853822884	0.0006191851352782196	0.0006191847966859141	0.0006191843360936504	0.0006191837120272808	0.0006191828644959837	0.0006191817175843898	0.0006191801627265342	0.0006191780585219637	0.0006191752139056569	0.0006191713697006955	0.0006191661786109675	0.0006191591750810128	0.0006191497346613187	0.0006191370208712877	0.000619119916234214	0.0006190969290348697	0.0006190660651503413	0.0006190246844416673	0.0006189692756712308	0.0006188952091715997	0.0006187963903087415	0.00061866482485566	0.0006184900473896147	0.0006182583713570827	0.0006179518549335652	0.0006175469770744344	0.0006170129987014226	0.0006163102163675931	0.000615388369922963	0.000614184732261225	0.0006126205711032092	0.0006105940409561602	0.0006079730738946689	0.0006045968142905836	0.0006002857527192815	0.0005948291783979797	0.000587943241968996	0.0005793129794491421	0.0005687070047610803	0.0005558282886022499	0.000540348548767898	0.0005225885966799824	0.0005027069298152377	0.000481335111253139	0.00046319496299482494	0.00045362988627935464	0.0004457371066788999	0.00043469347910740945	0.0004191188071272493	0.0003973749926286798	0.00036773732675727616	0.00032891793764745064	0.00027688916301743624	0.0002502371110202394	0.00023789111952431585	0.00021839212255133237	0.00018814732264106106	0.00013891306953338236	0.00011279225135790794	0.00010081253954341741	0.00007963656513549645	0.00004327532085674627	0.00003578829325360272	0.000023556167948352436	4.417483365437908e-6	2.894919684016747e-20
0.0006507945513713508	0.0006507945513581314	0.0006507945513421502	0.0006507945513227209	0.0006507945512989431	0.00065079455126962	0.0006507945512331359	0.0006507945511872741	0.0006507945511289425	0.0006507945510537507	0.0006507945509553573	0.0006507945508244544	0.0006507945506472019	0.0006507945504028782	0.0006507945500605784	0.0006507945495751878	0.0006507945488838759	0.0006507945479056598	0.0006507945465456261	0.000650794544698362	0.0006507945422358287	0.0006507945389673839	0.0006507945345755857	0.0006507945285493401	0.0006507945201642026	0.0006507945085685134	0.0006507944928589382	0.0006507944717841048	0.0006507944431236084	0.0006507944035962823	0.0006507943496691854	0.0006507942769958961	0.0006507941778227342	0.0006507940422151451	0.000650793859041699	0.0006507936091930904	0.0006507932700865276	0.0006507928099795098	0.0006507921851877026	0.0006507913381677947	0.000650790190853855	0.0006507886355164341	0.0006507865321861469	0.0006507836880068179	0.0006507798438689259	0.0006507746534221902	0.0006507676515109856	0.0006507582138947123	0.0006507455039913299	0.0006507284019813653	0.0006507054148816481	0.0006506745542221104	0.0006506331707283575	0.0006505777683158235	0.0006505037300504216	0.0006504049884383906	0.0006502735858972466	0.0006500990801543381	0.0006498677313099308	0.0006495614369192281	0.0006491564607823427	0.0006486221180805838	0.0006479195083040758	0.000646999805599712	0.0006458005725801994	0.0006442397875283329	0.0006422116309872944	0.0006395901469659749	0.0006362301461959626	0.0006319430663262055	0.0006264834861668646	0.0006196104651619324	0.0006110682111391057	0.0006004856436392591	0.0005876646393120625	0.0005724434706733894	0.0005547301178017301	0.0005354273079137317	0.0005148387537867884	0.0004972275613233443	0.0004879633055155168	0.0004801218633651839	0.00046905138578446276	0.0004534444405529436	0.00043176760747981217	0.00040227049367049753	0.0003633544387829589	0.00031208656499594564	0.0002779965830483384	0.00026555023650367453	0.0002459579188546757	0.00021545392122217707	0.00016777295293123566	0.00012917492240411164	0.00011707159306993952	0.00009547548088801684	0.00005495255496180203	0.00004232896126805814	0.000029921721689798038	5.218529451552916e-6	2.9248714505032184e-20
0.0006850551181733903	0.0006850551181597406	0.0006850551181432617	0.0006850551181232586	0.0006850551180988234	0.0006850551180687533	0.0006850551180314313	0.0006850551179846485	0.000685055117925337	0.0006850551178491613	0.0006850551177498859	0.0006850551176183954	0.0006850551174411759	0.0006850551171980136	0.0006850551168586911	0.0006850551163787579	0.0006850551156953746	0.0006850551147256828	0.0006850551133702003	0.0006850551115179748	0.00068505510903955	0.0006850551057519208	0.0006850551013544006	0.0006850550953534312	0.0006850550870207457	0.0006850550754560594	0.0006850550597041022	0.0006850550385687499	0.0006850550099715094	0.0006850549705993187	0.0006850549166302802	0.0006850548438434322	0.0006850547449507498	0.000685054609400694	0.0006850544260516614	0.0006850541767514398	0.000685053837282913	0.0006850533778157876	0.0006850527525882371	0.000685051906420158	0.0006850507582984562	0.0006850492033501025	0.0006850471001971853	0.000685044254477512	0.0006850404083107765	0.000685035215429107	0.0006850282098784904	0.0006850187669894943	0.0006850060509633845	0.0006849889444611257	0.0006849659548407744	0.0006849350994857525	0.000684893745566663	0.0006848384038574376	0.000684764466482451	0.0006846658602523178	0.0006845345837693879	0.0006843601116345957	0.0006841286337815424	0.0006838221331932239	0.0006834172279233206	0.000682883734667246	0.0006821827828196924	0.0006812644701701433	0.0006800651844015416	0.0006785043079332696	0.0006764800585295726	0.0006738667762034332	0.0006705125481400683	0.0006662274257542953	0.0006607856967931659	0.0006539476844885919	0.0006454094111470599	0.0006348982015869755	0.0006221561681780378	0.0006070041823934018	0.0005895752186443994	0.0005704124110695817	0.0005508115428521878	0.0005337605836536198	0.0005249437533902273	0.0005171423743877118	0.0005060667058262979	0.0004904411417096294	0.00046873952894360677	0.0004392378556057168	0.00040037314804600637	0.00035119233595814754	0.0003087632275800362	0.0002961574478202661	0.00027646813757119856	0.00024592704548873887	0.00020024891232168406	0.0001480023023159751	0.0001357238277065045	0.00011404358392569171	0.00007428058767416789	0.000050119450684844776	0.00003758698021093089	9.954031061050201e-6	3.0304532250868065e-20
0.0007206258148649385	0.0007206258148508363	0.0007206258148338337	0.0007206258148132266	0.0007206258147880989	0.0007206258147572406	0.0007206258147190328	0.0007206258146712725	0.0007206258146109143	0.0007206258145336737	0.0007206258144334178	0.0007206258143012177	0.0007206258141238812	0.0007206258138817075	0.0007206258135452067	0.0007206258130707303	0.0007206258123957518	0.0007206258114360512	0.0007206258100879005	0.0007206258082341638	0.0007206258057420977	0.0007206258024343464	0.0007206257980266378	0.0007206257920462959	0.0007206257837702781	0.0007206257722578004	0.0007206257564866882	0.0007206257352831048	0.0007206257067188693	0.0007206256675268565	0.0007206256135988155	0.0007206255406545965	0.0007206254419636155	0.000720625306632443	0.0007206251229552013	0.0007206248740796763	0.0007206245343212495	0.0007206240748679645	0.0007206234492702461	0.0007206226028838728	0.0007206214533350535	0.0007206198982793163	0.0007206177932098328	0.0007206149452080757	0.0007206110982328987	0.0007206059058685717	0.0007205989025765802	0.0007205894645860051	0.0007205767561598087	0.0007205596591753632	0.0007205366802068424	0.000720505826355096	0.0007204644641891102	0.0007204091124191012	0.0007203351932922769	0.0007202366615238555	0.0007201055152654024	0.0007199311517364263	0.0007196996577063617	0.0007193930626267403	0.000718988354249998	0.0007184555953265355	0.0007177553806822083	0.0007168372562065127	0.0007156387019433849	0.0007140797789288222	0.0007120576667485579	0.000709448476683434	0.0007060980826561627	0.0007018193234257841	0.0006963935819245148	0.0006895645728214294	0.0006810576146229877	0.0006705846576538458	0.000657886947448337	0.0006428591412544473	0.0006255363620662151	0.0006065799559825666	0.0005877036051073094	0.0005713234280312603	0.0005630789517474335	0.0005553006709746273	0.0005442152531528329	0.0005285797726287495	0.0005068848909073121	0.0004774205235795157	0.0004386988553859775	0.00039081890705853654	0.0003413142931602146	0.00032830635270703014	0.0003085533783561935	0.0002779431303165454	0.00023200539480964233	0.00016907344326403257	0.00015573320054909054	0.00013391788007118013	0.00009643575307395688	0.00005870071843137758	0.00004604169892880175	0.000020494880755700676	3.0643510933542526e-20
0.0007598178234262242	0.000759817823411626	0.000759817823394048	0.0007598178233727756	0.0007598178233468819	0.0007598178233151476	0.0007598178232759471	0.000759817823227079	0.0007598178231655128	0.000759817823087006	0.000759817822985513	0.000759817822852272	0.0007598178226743841	0.0007598178224326308	0.0007598178220982309	0.0007598178216283787	0.0007598178209610518	0.0007598178200110481	0.0007598178186706702	0.0007598178168159497	0.0007598178143087014	0.0007598178109744085	0.000759817806543586	0.000759817800566002	0.0007598177923310724	0.0007598177808670141	0.0007598177650742725	0.000759817743761975	0.0007598177151401936	0.0007598176760575962	0.0007598176221679616	0.0007598175489489481	0.0007598174501965903	0.00075981731506625	0.0007598171308973799	0.0007598168820608392	0.0007598165423060333	0.0007598160824383497	0.0007598154574961811	0.000759814611121614	0.0007598134629174755	0.000759811910451613	0.0007598098075588047	0.0007598069644373646	0.0007598031233835528	0.0007597979346066936	0.0007597909293926714	0.0007597814801524658	0.0007597687488427002	0.0007597516215959687	0.0007597286236163296	0.0007596977982560806	0.0007596565211370163	0.0007596012836702831	0.0007595273946356226	0.0007594287364879355	0.0007592974319390055	0.0007591231726953398	0.0007588920214552458	0.0007585855165327224	0.0007581807433852727	0.0007576484869437031	0.0007569483552119262	0.0007560303305384221	0.0007548340335539613	0.0007532742606614532	0.0007512550794789839	0.0007486477181538186	0.0007453014055636235	0.0007410261908876528	0.0007356122260528232	0.00072879059962002	0.0007203006270554081	0.0007098618893226292	0.0006972146739647093	0.000682225770280442	0.0006650236093329251	0.0006462516045696301	0.0006275547900130704	0.0006121407294862191	0.0006045038263458517	0.0005967293121214467	0.0005856387487505746	0.0005700007337844815	0.0005482988902372955	0.0005188597106789111	0.00048022047222357525	0.00043227763703596224	0.00037874077668940574	0.00036403262881864047	0.0003442338533208946	0.0003135719719632246	0.00026763565734402205	0.00019875241708111995	0.00017906629080402444	0.00015715117839080935	0.00011949794539793706	0.00006931679391914196	0.00005653349399466617	0.00003095534564691073	3.130122860928108e-20
0.0007951432551196835	0.0007951432551045459	0.0007951432550863417	0.0007951432550643449	0.0007951432550376158	0.0007951432550049243	0.0007951432549646362	0.0007951432549145482	0.0007951432548516419	0.0007951432547717108	0.000795143254668791	0.0007951432545342789	0.0007951432543555598	0.0007951432541138926	0.0007951432537812242	0.0007951432533156882	0.000795143252656038	0.0007951432517166275	0.0007951432503864006	0.0007951432485344248	0.0007951432460153148	0.0007951432426545695	0.0007951432381957031	0.0007951432322125647	0.0007951432240150083	0.0007951432126139811	0.0007951431968318826	0.0007951431754236122	0.00079514314671075	0.0007951431077206135	0.000795143053968969	0.0007951429805589982	0.0007951428816650399	0.0007951427469158439	0.0007951425626192601	0.0007951423138208236	0.0007951419749599445	0.0007951415150308877	0.0007951408918913788	0.0007951400456568098	0.0007951388993405218	0.0007951373460259918	0.0007951352405167606	0.0007951323936797244	0.0007951285457424579	0.0007951233507091054	0.0007951163461687776	0.0007951069075424024	0.0007950941928429377	0.0007950770798890322	0.0007950540887932805	0.0007950232607436789	0.0007949819634399881	0.0007949266633343553	0.0007948527795562697	0.0007947542776259567	0.0007946230753310379	0.000794448671800113	0.0007942173669015741	0.0007939111814633896	0.0007935067804065816	0.0007929741377735287	0.0007922741075820208	0.0007913575177381331	0.0007901599592159142	0.0007886020736554402	0.0007865836795809114	0.0007839785343300414	0.0007806330954497092	0.0007763627634971369	0.0007709490550160182	0.000764141180944187	0.0007556630785994507	0.0007452311577686304	0.0007326065266288577	0.0007176638795255555	0.0007005311490961829	0.0006818702201122618	0.0006633524196720848	0.0006486812149434411	0.0006414902181797482	0.0006337140005575814	0.0006226164552641688	0.0006069760265045497	0.000585284588893251	0.0005558565353539453	0.0005172725516175991	0.00046944683140369317	0.00041535487288877775	0.00039645013082681733	0.000376609219414704	0.00034580465127244484	0.00029964514094087585	0.00023561241089855344	0.0001942242601388825	0.0001722787631300841	0.0001344594737085699	0.00007217598348050818	0.00005929497524496146	0.00003400435387879924	3.104556043616164e-20
0.0008155942600320587	0.0008155942600162508	0.0008155942599972535	0.000815594259974319	0.0008155942599464838	0.0008155942599124917	0.0008155942598706825	0.0008155942598188299	0.0008155942597539027	0.0008155942596717048	0.0008155942595663276	0.0008155942594293077	0.0008155942592483213	0.0008155942590051689	0.0008155942586727241	0.0008155942582105407	0.0008155942575591874	0.000815594256634532	0.0008155942553251149	0.0008155942534959479	0.0008155942509947741	0.0008155942476423845	0.0008155942431848676	0.0008155942372046944	0.0008155942290142298	0.0008155942175941018	0.0008155942016861219	0.0008155941799986094	0.0008155941510227228	0.0008155941121554664	0.0008155940590607004	0.0008155939863749503	0.0008155938878072738	0.0008155937528026536	0.0008155935668509469	0.0008155933167497253	0.0008155929807788845	0.0008155925235225513	0.000815591898026427	0.000815591044118191	0.0008155899031480272	0.0008155883557549918	0.0008155862377264319	0.0008155833988292881	0.0008155795631785989	0.0008155743452205196	0.0008155673675046193	0.0008155578908449428	0.0008155452065276477	0.0008155280716367372	0.0008155051097453332	0.0008154742799296931	0.0008154329697681006	0.0008153776751025159	0.0008153037564056773	0.0008152051701786691	0.0008150739120581513	0.000814899473081501	0.0008146683070620848	0.0008143626847200424	0.0008139578021386535	0.0008134251358184323	0.0008127252263159168	0.0008118093824018417	0.0008106118331744499	0.000809054102787956	0.0008070347793318368	0.0008044303298444988	0.0008010859865393262	0.0007968218829821978	0.0007914105861105283	0.0007846026748778466	0.0007761242155760761	0.0007656802561551056	0.0007530288436701961	0.0007382597169167505	0.0007208636748521871	0.0007020215607245657	0.0006840750118049838	0.0006696857370831507	0.0006624734596086388	0.0006547074889724887	0.0006435914976073458	0.000627969970086917	0.0006062612342868513	0.0005769908698728332	0.0005383313646995294	0.0004892227402305146	0.00043725873927306816	0.00041835040706945833	0.0003983794651825538	0.000366741522914516	0.0003196017564012628	0.00025343653590767875	0.00023399600054928218	0.0002125209926479079	0.00017481782448581137	0.00010220874215522183	0.0000764572860256542	0.00005083656838415539	3.2613845557034753e-20