0.00023954161137604873	0.00023954161134423502	0.0002395416113019277	0.0002395416112454774	0.00023954161116993046	0.00023954161106855748	0.00023954161093220916	0.00023954161074843904	0.00023954161050030595	0.0002395416101647406	0.0002395416097103174	0.0002395416090942143	0.00023954160825806494	0.0002395416071223003	0.00023954160557843168	0.00023954160347852772	0.0002395416006208664	0.00023954159673037235	0.000239541591431946	0.00023954158421410327	0.00023954157437943279	0.00023954156097712325	0.00023954154271105753	0.00023954151781464274	0.00023954148388041877	0.00023954143762826136	0.00023954137459001636	0.00023954128868057789	0.00023954117161504896	0.00023954101211665082	0.00023954079484108057	0.0002395404989164157	0.0002395400959620654	0.00023953954740264842	0.00023953880082753677	0.00023953778506059228	0.00023953640348708038	0.0002395345250280132	0.00023953197194148858	0.00023952850334845406	0.00023952379300172774	0.00023951739931385362	0.0002395087249798363	0.00023949696264101626	0.00023948102183014497	0.00023945943084725737	0.00023943020511360517	0.00023939067073532817	0.00023933722831872434	0.00023926503717307745	0.00023916759359935634	0.00023903616841825388	0.00023885905784339296	0.00023862058698945229	0.00023829978636936378	0.00023786863668904222	0.00023728974501179952	0.00023651327382731091	0.00023547289200668396	0.0002340804515266151	0.0002322190177974377	0.0002297338029299985	0.00022642050053925692	0.0002220105845385691	0.0002161535541709353	0.00020839754157337326	0.00019817391933171598	0.00018480309318136165	0.00016756745615472755	0.0001459543578021548	0.00012021365489401159	0.00009214192420950335	0.00006521115352006704	0.00004300255006483086	0.000027129485107296127	0.000016947250480942136	0.000010759782230795537	6.901396206494178e-6	4.2136241700630895e-6	2.2383447277812638e-6	1.0153480831738843e-6	4.304508231090558e-7	1.8650618366762488e-7	7.732959115281747e-8	2.5721329550693406e-8	7.44706042871372e-9	2.196260302303739e-9	5.396360119280538e-10	1.0713927286449532e-10	2.1101883204461617e-11	3.1036601187942263e-12	4.221171891586848e-13	4.4084447109520766e-14	4.0078509908505984e-15	2.3809780842699165e-16	9.824971540030809e-18	3.113537012447764e-19	7.452533818138477e-21	1.3169406132671256e-22	1.6617972640184975e-24	3.087934293249377e-40
0.00023954161137604453	0.00023954161134423087	0.00023954161130192354	0.00023954161124547325	0.00023954161116992632	0.00023954161106855328	0.00023954161093220501	0.00023954161074843492	0.00023954161050030175	0.00023954161016473638	0.00023954160971031326	0.00023954160909421014	0.00023954160825806077	0.00023954160712229614	0.00023954160557842748	0.00023954160347852357	0.00023954160062086217	0.00023954159673036815	0.00023954159143194188	0.0002395415842140991	0.0002395415743794286	0.00023954156097711902	0.00023954154271105333	0.00023954151781463857	0.0002395414838804146	0.00023954143762825722	0.00023954137459001218	0.00023954128868057374	0.0002395411716150448	0.00023954101211664665	0.00023954079484107634	0.0002395404989164115	0.00023954009596206124	0.00023953954740264425	0.0002395388008275326	0.0002395377850605881	0.0002395364034870762	0.0002395345250280091	0.0002395319719414844	0.00023952850334844986	0.00023952379300172362	0.00023951739931384947	0.00023950872497983212	0.00023949696264101208	0.00023948102183014082	0.0002394594308472532	0.00023943020511360097	0.000239390670735324	0.0002393372283187202	0.00023926503717307327	0.00023916759359935222	0.00023903616841824973	0.00023885905784338878	0.00023862058698944814	0.0002382997863693596	0.00023786863668903805	0.0002372897450117954	0.00023651327382730682	0.00023547289200667986	0.00023408045152661098	0.00023221901779743356	0.00022973380292999444	0.0002264205005392527	0.000222010584538565	0.0002161535541709315	0.00020839754157336938	0.00019817391933171248	0.00018480309318135785	0.0001675674561547249	0.00014595435780215317	0.00012021365489401034	0.00009214192420950164	0.00006521115352006524	0.000043002550064829764	0.0000271294851072953	0.000016947250480941126	0.000010759782230793343	6.901396206494717e-6	4.21362417006318e-6	2.2383447277814497e-6	1.0153480831749456e-6	4.304508231091699e-7	1.865061836677935e-7	7.732959115284673e-8	2.5721329550695633e-8	7.44706042871191e-9	2.1962603023027977e-9	5.396360119283937e-10	1.0713927286454442e-10	2.1101883204458644e-11	3.103660118795763e-12	4.221171891582876e-13	4.408444710949066e-14	4.0078509908520625e-15	2.3809780842705525e-16	9.824971540035477e-18	3.1135370124491983e-19	7.452533818141065e-21	1.3169406132676722e-22	1.6617972640172294e-24	3.087934293249048e-40
0.00023954161137604453	0.00023954161134423087	0.00023954161130192354	0.00023954161124547323	0.00023954161116992632	0.00023954161106855328	0.000239541610932205	0.0002395416107484349	0.00023954161050030175	0.0002395416101647364	0.00023954160971031323	0.00023954160909421014	0.00023954160825806072	0.00023954160712229616	0.00023954160557842748	0.0002395416034785236	0.0002395416006208622	0.00023954159673036815	0.00023954159143194185	0.00023954158421409907	0.0002395415743794286	0.00023954156097711908	0.00023954154271105333	0.00023954151781463854	0.0002395414838804146	0.0002395414376282572	0.0002395413745900122	0.00023954128868057374	0.0002395411716150448	0.00023954101211664665	0.00023954079484107634	0.00023954049891641152	0.00023954009596206124	0.00023953954740264425	0.00023953880082753262	0.00023953778506058808	0.00023953640348707623	0.00023953452502800907	0.00023953197194148438	0.00023952850334844986	0.0002395237930017236	0.0002395173993138495	0.00023950872497983212	0.00023949696264101208	0.00023948102183014085	0.0002394594308472532	0.00023943020511360097	0.00023939067073532402	0.00023933722831872016	0.0002392650371730733	0.00023916759359935224	0.00023903616841824973	0.00023885905784338878	0.0002386205869894481	0.00023829978636935963	0.00023786863668903807	0.00023728974501179543	0.00023651327382730685	0.00023547289200667986	0.00023408045152661098	0.00023221901779743356	0.00022973380292999444	0.0002264205005392527	0.00022201058453856504	0.00021615355417093146	0.0002083975415733694	0.0001981739193317125	0.00018480309318135788	0.0001675674561547249	0.00014595435780215317	0.00012021365489401033	0.00009214192420950162	0.00006521115352006523	0.000043002550064829764	0.000027129485107295294	0.000016947250480941123	0.000010759782230793334	6.901396206494718e-6	4.213624170063181e-6	2.23834472778145e-6	1.0153480831749486e-6	4.304508231091702e-7	1.8650618366779396e-7	7.732959115284682e-8	2.572132955069564e-8	7.447060428711907e-9	2.1962603023027953e-9	5.396360119283946e-10	1.0713927286454458e-10	2.1101883204458634e-11	3.1036601187957676e-12	4.2211718915828656e-13	4.408444710949056e-14	4.0078509908520665e-15	2.3809780842705545e-16	9.824971540035488e-18	3.113537012449204e-19	7.452533818141072e-21	1.3169406132676734e-22	1.6617972640172257e-24	3.0879342932490477e-40
0.0002395416113760445	0.00023954161134423084	0.00023954161130192354	0.0002395416112454732	0.00023954161116992634	0.00023954161106855328	0.000239541610932205	0.0002395416107484349	0.00023954161050030175	0.0002395416101647364	0.00023954160971031323	0.00023954160909421014	0.00023954160825806072	0.0002395416071222961	0.0002395416055784275	0.00023954160347852357	0.0002395416006208622	0.00023954159673036812	0.00023954159143194182	0.00023954158421409907	0.00023954157437942858	0.00023954156097711902	0.00023954154271105333	0.00023954151781463854	0.0002395414838804146	0.0002395414376282572	0.00023954137459001216	0.00023954128868057368	0.00023954117161504478	0.00023954101211664668	0.00023954079484107634	0.00023954049891641147	0.00023954009596206124	0.00023953954740264422	0.00023953880082753262	0.00023953778506058808	0.0002395364034870762	0.00023953452502800907	0.00023953197194148438	0.00023952850334844986	0.00023952379300172356	0.00023951739931384945	0.00023950872497983207	0.00023949696264101205	0.00023948102183014082	0.00023945943084725316	0.000239430205113601	0.000239390670735324	0.00023933722831872013	0.00023926503717307327	0.00023916759359935222	0.0002390361684182497	0.00023885905784338878	0.00023862058698944814	0.0002382997863693596	0.00023786863668903805	0.00023728974501179538	0.00023651327382730682	0.00023547289200667984	0.00023408045152661098	0.0002322190177974336	0.00022973380292999444	0.0002264205005392527	0.00022201058453856498	0.00021615355417093146	0.00020839754157336938	0.00019817391933171248	0.00018480309318135785	0.00016756745615472486	0.00014595435780215317	0.00012021365489401033	0.00009214192420950162	0.00006521115352006523	0.00004300255006482976	0.000027129485107295294	0.000016947250480941123	0.000010759782230793331	6.901396206494717e-6	4.213624170063181e-6	2.2383447277814497e-6	1.0153480831749492e-6	4.304508231091702e-7	1.8650618366779404e-7	7.732959115284682e-8	2.5721329550695643e-8	7.4470604287119054e-9	2.1962603023027944e-9	5.396360119283947e-10	1.0713927286454458e-10	2.110188320445863e-11	3.1036601187957688e-12	4.221171891582863e-13	4.408444710949054e-14	4.007850990852066e-15	2.380978084270555e-16	9.824971540035491e-18	3.1135370124492046e-19	7.452533818141072e-21	1.3169406132676736e-22	1.661797264017225e-24	3.087934293249047e-40
0.00023954161137604453	0.00023954161134423084	0.00023954161130192354	0.00023954161124547323	0.00023954161116992634	0.00023954161106855328	0.00023954161093220501	0.0002395416107484349	0.00023954161050030175	0.0002395416101647364	0.00023954160971031323	0.00023954160909421014	0.00023954160825806072	0.00023954160712229614	0.00023954160557842748	0.00023954160347852357	0.00023954160062086223	0.00023954159673036818	0.00023954159143194182	0.00023954158421409907	0.0002395415743794286	0.00023954156097711902	0.00023954154271105333	0.00023954151781463854	0.00023954148388041462	0.00023954143762825716	0.00023954137459001216	0.00023954128868057374	0.00023954117161504484	0.0002395410121166467	0.00023954079484107634	0.00023954049891641152	0.00023954009596206121	0.00023953954740264425	0.0002395388008275326	0.0002395377850605881	0.00023953640348707623	0.00023953452502800907	0.00023953197194148438	0.0002395285033484499	0.0002395237930017236	0.00023951739931384945	0.00023950872497983212	0.00023949696264101205	0.00023948102183014085	0.0002394594308472532	0.000239430205113601	0.00023939067073532402	0.0002393372283187202	0.0002392650371730733	0.00023916759359935222	0.0002390361684182497	0.00023885905784338878	0.00023862058698944814	0.0002382997863693596	0.00023786863668903807	0.00023728974501179538	0.00023651327382730682	0.00023547289200667986	0.00023408045152661098	0.0002322190177974336	0.00022973380292999444	0.0002264205005392527	0.000222010584538565	0.00021615355417093146	0.0002083975415733694	0.00019817391933171248	0.00018480309318135785	0.0001675674561547249	0.00014595435780215317	0.00012021365489401033	0.00009214192420950162	0.00006521115352006523	0.000043002550064829764	0.000027129485107295294	0.000016947250480941123	0.000010759782230793333	6.901396206494718e-6	4.213624170063182e-6	2.2383447277814505e-6	1.0153480831749494e-6	4.3045082310917033e-7	1.865061836677941e-7	7.732959115284685e-8	2.5721329550695643e-8	7.447060428711906e-9	2.1962603023027944e-9	5.396360119283949e-10	1.071392728645446e-10	2.1101883204458634e-11	3.103660118795769e-12	4.221171891582862e-13	4.408444710949053e-14	4.007850990852067e-15	2.3809780842705554e-16	9.824971540035493e-18	3.113537012449205e-19	7.452533818141075e-21	1.316940613267674e-22	1.6617972640172246e-24	3.0879342932490473e-40
0.00023955882277763282	0.000239558822745819	0.00023955882270351158	0.0002395588226470611	0.00023955882257151406	0.00023955882247014083	0.0002395588223337923	0.00023955882215002193	0.00023955882190188852	0.00023955882156632277	0.00023955882111189916	0.00023955882049579553	0.0002395588196596455	0.00023955881852388012	0.0002395588169800106	0.0002395588148801056	0.00023955881202244276	0.00023955880813194714	0.00023955880283351862	0.000239558795615673	0.0002395587857809994	0.00023955877237868525	0.0002395587541126133	0.00023955872921618989	0.00023955869528195423	0.0002395586490297804	0.00023955858599151195	0.00023955850008204252	0.00023955838301646843	0.0002395582235180056	0.00023955800624233948	0.0002395577103175345	0.00023955730736298586	0.000239556758803263	0.00023955601222771337	0.0002395549964601306	0.00023955361488567356	0.00023955173642520598	0.00023954918333662727	0.00023954571474057288	0.00023954100438940208	0.00023953461069490097	0.0002395259363511573	0.00023951417399804047	0.00023949823316604384	0.00023947664215206432	0.00023944741637256552	0.00023940788192668684	0.00023935443941038443	0.00023928224811792492	0.0002391848043271945	0.00023905337882749935	0.00023887626778336705	0.00023863779623896722	0.0002383169946028796	0.0002378858434275202	0.0002373069495506745	0.00023653047512971732	0.00023549008854555116	0.00023409764104982884	0.0002322361969757934	0.00022975096682318686	0.00022643764177295004	0.00022202769198286965	0.0002161706107679229	0.00020841452050447275	0.00019819077679212577	0.00018481975374803767	0.00016758378183580645	0.0001459700853882674	0.00012022829881891955	0.00009215474183173048	0.0000652214129209168	0.0000430100441910891	0.000027134670721084594	0.000016950857287211935	0.000010762424839638093	6.903442522348186e-6	4.2152022092178e-6	2.239401676847393e-6	1.015903725947865e-6	4.307077446453406e-7	1.866329152999349e-7	7.739663141436594e-8	2.5748993859168966e-8	7.455811715263744e-9	2.1992718375200843e-9	5.405888316642108e-10	1.0734731380066457e-10	2.115141978240359e-11	3.1124036704673803e-12	4.234694775897763e-13	4.4257480356339627e-14	4.026013810672349e-15	2.393595063347196e-16	9.8771627470388e-18	3.129985673785521e-19	7.4916644097434e-21	1.3238093928047726e-22	1.670402530448598e-24	3.1038200608533606e-40
0.00023957231503813237	0.00023957231500631844	0.00023957231496401094	0.00023957231490756039	0.00023957231483201315	0.0002395723147306398	0.0002395723145942911	0.0002395723144105205	0.00023957231416238682	0.00023957231382682077	0.00023957231337239684	0.00023957231275629286	0.0002395723119201423	0.00023957231078437633	0.0002395723092405061	0.00023957230714060024	0.00023957230428293624	0.00023957230039243943	0.00023957229509400917	0.00023957228787616127	0.0002395722780414852	0.0002395722646391675	0.00023957224637309062	0.00023957222147666046	0.00023957218754241561	0.0002395721412902289	0.00023957207825194208	0.00023957199234244837	0.0002395718752768389	0.00023957171577832534	0.00023957149850258413	0.0002395712025776693	0.00023957079962296516	0.0002395702510630025	0.00023956950448710955	0.00023956848871902644	0.0002395671071438285	0.00023956522868226305	0.0002395626755920742	0.00023955920699365244	0.00023955449663899756	0.00023954810293930147	0.00023953942858793317	0.00023952766622360885	0.00023951172537505178	0.0002394901343366989	0.00023946090852126033	0.00023942137402238763	0.0002393679314279302	0.0002392957400203821	0.00023919829605953502	0.0002390668703100906	0.00023888975889808987	0.00023865128681242935	0.00023833048437988573	0.000237899332032545	0.00023732043643139955	0.000236543959473329	0.0002355035691549572	0.00023411111615956516	0.00023224966397604956	0.0002297644218411847	0.00022645107902785	0.0002220411027497881	0.00021618398167491519	0.00020842783052807978	0.0001982039915931453	0.000184832814201282	0.00016759657976750625	0.00014598241446488525	0.00012023977839823202	0.00009216478974660883	0.0000652294554099697	0.00004301591894238048	0.00002713873579688544	0.000016953684713527425	0.000010764496417989744	6.905046658212294e-6	4.216439256371882e-6	2.2402302341301508e-6	1.0163393021557871e-6	4.309091490618354e-7	1.8673226201412333e-7	7.744918522108133e-8	2.5770680300830706e-8	7.46267197224268e-9	2.2016326224594587e-9	5.413357604961694e-10	1.0751040002524052e-10	2.119025220464763e-11	3.1192578639645953e-12	4.245295555674216e-13	4.4393123559456475e-14	4.040251901345212e-15	2.403485691228129e-16	9.918076170449489e-18	3.1428800114418436e-19	7.5223394325003e-21	1.3291939259790712e-22	1.6771483201952554e-24	3.1162731381726465e-40
0.00023961288334208445	0.00023961288331027036	0.00023961288326796256	0.00023961288321151163	0.00023961288313596407	0.00023961288303459024	0.00023961288289824098	0.00023961288271446977	0.00023961288246633535	0.00023961288213076844	0.00023961288167634345	0.00023961288106023822	0.00023961288022408624	0.0002396128790883184	0.0002396128775444461	0.0002396128754445376	0.0002396128725868705	0.0002396128686963696	0.0002396128633979344	0.0002396128561800801	0.0002396128463453956	0.00023961283294306684	0.0002396128146769752	0.00023961278978052513	0.00023961275584625312	0.00023961270959402898	0.00023961264655568868	0.00023961256064611894	0.00023961244358040157	0.0002396122840817337	0.0002396120668057681	0.0002396117708805264	0.00023961136792534474	0.000239610819364677	0.00023961007278775487	0.00023960905701816683	0.00023960767544074793	0.00023960579697590852	0.00023960324388091166	0.00023959977527538415	0.00023959506491026794	0.0002395886711950429	0.00023957999682081856	0.0002395682344228212	0.00023955229352458238	0.00023953070241305245	0.00023950147648950213	0.00023946194183131148	0.00023940849900198975	0.00023933630724846938	0.0002392388627772184	0.00023910743627715756	0.00023893032375950523	0.00023869185004667137	0.0002383710452202027	0.0002379398893497018	0.0002373609885650375	0.00023658450398001085	0.0002355441024360444	0.00023415163290781517	0.00023229015634599744	0.00022980487819073962	0.00022649148197534014	0.00022208142607046177	0.00021622418517169305	0.000208467851007309	0.0001982437258241996	0.00018487208445120375	0.00016763506086395522	0.0001460194861393929	0.0001202742964078462	0.0000921950038247247	0.00006525363983639833	0.00004303358542854104	0.00002715096056397192	0.00001696218772988044	0.000010770726531080066	6.909871199571058e-6	4.220160099635794e-6	2.242722876447687e-6	1.017649949133003e-6	4.315152199474771e-7	1.8703123210464732e-7	7.760737549113285e-8	2.5835991807166568e-8	7.483336766321162e-9	2.208744703480077e-9	5.435878155890884e-10	1.0800232388747495e-10	2.1307427097868494e-11	3.1399661207984772e-12	4.2773313298529803e-13	4.4803763172729116e-14	4.083378696856635e-15	2.433511302412805e-16	1.0042290833352361e-17	3.1820244218364176e-19	7.615453392745626e-21	1.3455369988257677e-22	1.6976208227339734e-24	3.1540626889468556e-40
0.0002396675919868198	0.00023966759195500538	0.0002396675919126972	0.00023966759185624586	0.00023966759178069774	0.00023966759167932326	0.00023966759154297332	0.0002396675913592013	0.00023966759111106585	0.00023966759077549777	0.00023966759032107134	0.0002396675897049645	0.00023966758886881045	0.0002396675877330403	0.0002396675861891651	0.00023966758408925303	0.0002396675812315816	0.00023966757734107528	0.00023966757204263336	0.00023966756482477034	0.00023966755499007464	0.0002396675415877311	0.00023966752332161973	0.00023966749842514281	0.00023966746449083403	0.00023966741823855877	0.00023966735520014658	0.00023966726929047452	0.00023966715222461192	0.0002396669927257345	0.00023966677544946647	0.00023966647952378513	0.0002396660765679591	0.00023966552800634903	0.00023966478142804356	0.00023966376565642144	0.0002396623840760147	0.0002396605056067719	0.000239657952505278	0.00023965448389016395	0.00023964977351093497	0.00023964337977480166	0.00023963470536976538	0.0002396229429263907	0.00023960700196114644	0.00023958541075087285	0.00023955618468163452	0.0002395166498086226	0.00023946320666269453	0.00023939101444263785	0.00023929356928355952	0.0002391621417713064	0.0002389850277630735	0.0002387465518564572	0.00023842574380196594	0.0002379945831814439	0.00023741567540814894	0.00023663918054025917	0.00023559876386219065	0.0002342062720440557	0.00023234476261551807	0.00022985943589712174	0.0002265459676819427	0.000222135804422819	0.00021627840197519876	0.000208521821064632	0.0001982973099634034	0.00018492504305880517	0.0001676869555579338	0.0001460694807030008	0.00012032084814463987	0.00009223575268789339	0.00006528625806609632	0.000043057413744351976	0.00002716744967914394	0.000016973657152517344	0.00001077913041375573	6.916379456543651e-6	4.225180040861825e-6	2.246086571585556e-6	1.019419015429564e-6	4.3233334844791095e-7	1.8743483077176595e-7	7.782098669020094e-8	2.5924240184588177e-8	7.511265817464288e-9	2.2183582000261323e-9	5.46634991192046e-10	1.0866826430299282e-10	2.1466122198502094e-11	3.168054954354325e-12	4.3207981255978567e-13	4.536211431094414e-14	4.142056283701107e-15	2.4744744447988746e-16	1.0211772332347128e-17	3.2354285954916974e-19	7.742473012467779e-21	1.3678283368410554e-22	1.725540847031177e-24	3.205593194364633e-40
0.00023974458319926429	0.00023974458316744938	0.00023974458312514066	0.00023974458306868867	0.00023974458299313983	0.0002397445828917645	0.00023974458275541355	0.00023974458257164028	0.00023974458232350345	0.00023974458198793372	0.00023974458153350534	0.00023974458091739607	0.0002397445800812393	0.00023974457894546575	0.00023974457740158652	0.00023974457530166946	0.00023974457244399196	0.00023974456855347797	0.00023974456325502646	0.00023974455603715126	0.00023974454620243957	0.00023974453280007529	0.0002397445145339362	0.00023974448963742155	0.00023974445570306105	0.00023974440945071383	0.0002397443464122007	0.0002397442605023855	0.0002397441434363182	0.0002397439839371461	0.00023974376666045186	0.00023974347073415063	0.00023974306777742126	0.00023974251921448796	0.00023974177263424165	0.00023974075685975914	0.00023973937527514463	0.0002397374967997034	0.00023973494368906338	0.0002397314750604617	0.00023972676466136835	0.00023972037089584595	0.00023971169644747012	0.00023969993394024291	0.00023968399288072499	0.00023966240153145007	0.00023963317525727067	0.0002395936400820338	0.00023954019649067806	0.00023946800361426858	0.00023937055748776394	0.00023923912855148562	0.00023906201244630496	0.00023882353345337846	0.00023850272085724518	0.00023807155355413725	0.00023749263594903728	0.0002367161266146775	0.00023567568864529202	0.00023428316546865216	0.00023242160980197103	0.0002299362147640145	0.00022662264525517785	0.0002222123309660114	0.00021635470124969837	0.0002085977732079572	0.00019837271919374345	0.000184999572302099	0.0001677599881168077	0.00014613984021713715	0.00012038636427715989	0.00009229310466951462	0.0000653321693707698	0.000043090954806851465	0.000027190660928239078	0.00001698980289626536	0.000010790961283435424	6.925542367038876e-6	4.232248595902424e-6	2.2508243859522047e-6	1.0219115317607685e-6	4.334861835032311e-7	1.8800358729908535e-7	7.812212056809686e-8	2.6048748213849104e-8	7.550683196288051e-9	2.231928519470733e-9	5.509419415933219e-10	1.0961013990558712e-10	2.1690701131139084e-11	3.2078839794725843e-12	4.3824568033486395e-13	4.6156341418681846e-14	4.2255911655980196e-15	2.5329964640565523e-16	1.0453937671725183e-17	3.3117256201603136e-19	7.923915425352083e-21	1.399665497537185e-22	1.765410182389704e-24	3.2791663904593995e-40
0.00023985131006727198	0.00023985131003545645	0.00023985130999314697	0.0002398513099366941	0.00023985130986114422	0.00023985130975976774	0.00023985130962341536	0.00023985130943964043	0.00023985130919150166	0.0002398513088559296	0.00023985130840149848	0.00023985130778538598	0.0002398513069492253	0.0002398513058134471	0.00023985130426956217	0.00023985130216963834	0.00023985129931195233	0.0002398512954214278	0.00023985129012296297	0.00023985128290507078	0.0002398512730703371	0.00023985125966794385	0.00023985124140176624	0.00023985121650519947	0.00023985118257076758	0.00023985113631832072	0.0002398510732796677	0.0002398509873696546	0.0002398508703033035	0.00023985071080372323	0.0002398504935264377	0.00023985019759927709	0.00023984979464129307	0.00023984924607652462	0.00023984849949358646	0.0002398474837151426	0.0002398461021246949	0.0002398442236406584	0.00023984167051734954	0.00023983820187006407	0.0002398334914434323	0.00023982709763721192	0.00023981842312879932	0.00023980666053307064	0.00023979071934295365	0.00023976912780102912	0.00023973990124286218	0.0002397003656488894	0.0002396469214402514	0.00023957472765433652	0.00023947728018755565	0.00023934584927810495	0.00023916873026743588	0.0002389302469979168	0.00023860942810864267	0.00023817825154607094	0.00023759932031802835	0.00023682279093893268	0.00023578232346766647	0.0002343897568404979	0.00023252813710559112	0.00023004264740394002	0.00022672893754246368	0.00022231841398789043	0.00021646046937315018	0.0002087030603545142	0.00019847725410797562	0.000185102887969969	0.0001678612301273058	0.00014623737872435018	0.00012047719208294091	0.00009237261944200362	0.00006539582792477939	0.00004313746498666989	0.000027222848973234762	0.000017012194010568525	0.000010807369549725543	6.938251752737556e-6	4.2420550197369085e-6	2.25740005458065e-6	1.025372409509776e-6	4.3508717213662035e-7	1.8879352157281971e-7	7.854057392945655e-8	2.6221962455603656e-8	7.60554530155782e-9	2.2508207144269486e-9	5.569488691760624e-10	1.1092499777067677e-10	2.200446159697916e-11	3.2636843355559763e-12	4.468887569247516e-13	4.72739778749436e-14	4.343275656615756e-15	2.615851099135307e-16	1.0796864033066558e-17	3.4197485798739045e-19	8.18075197984881e-21	1.4447216703445334e-22	1.821819862973442e-24	3.3832395595666456e-40
0.00023999377002091417	0.0002399937699890978	0.00023999376994678735	0.00023999376989033332	0.0002399937698147821	0.000239993769713404	0.00023999376957704971	0.0002399937693932726	0.0002399937691451312	0.00023999376880955606	0.0002399937683551213	0.00023999376773900443	0.00023999376690283857	0.00023999376576705416	0.00023999376422316173	0.00023999376212322865	0.0002399937592655313	0.0002399937553749928	0.00023999375007651018	0.0002399937428585954	0.0002399937330238324	0.0002399937196214006	0.00023999370135517143	0.0002399936764585351	0.00023999364252400766	0.0002399935962714281	0.00023999353323258835	0.00023999344732231076	0.0002399933302555814	0.00023999317075545652	0.000239992953477383	0.00023999265754907553	0.00023999225458941684	0.00023999170602219887	0.00023999095943566507	0.00023998994365193597	0.00023998856205370846	0.00023998668355820695	0.00023998413041800116	0.00023998066174579286	0.00023997595128240955	0.0002399695574219164	0.00023996088283343155	0.00023994912011964236	0.00023993317875532015	0.00023991158695641396	0.00023988236001933497	0.0002398428238667018	0.00023978937883452453	0.00023971718383528266	0.00023961973458070887	0.00023948830103887622	0.0002393111781523998	0.00023907268917774518	0.0002387518618931421	0.0002383206729782942	0.0002377417235768287	0.00023696516745886156	0.00023592466063112818	0.0002345320360405342	0.00023267033083738522	0.0002301847148527027	0.00022687081776126726	0.0002224600150533473	0.00021660165036899436	0.00020884359974933118	0.00019861679007749083	0.00018524079756888402	0.0001679963737152457	0.00014636758230841278	0.00012059844409148146	0.00009247877843578087	0.00006548082726121057	0.00004319957369897783	0.000027265835519600847	0.00001704209892848136	0.000010829285872278146	6.955229891160833e-6	4.255158764781319e-6	2.26619167038092e-6	1.0300022434060342e-6	4.372293981936988e-7	1.898506461208123e-7	7.910095114689327e-8	2.6454282121912655e-8	7.679173129308645e-9	2.2761833795822432e-9	5.650327784908273e-10	1.1269669829402656e-10	2.2427680071316196e-11	3.3392322239991516e-12	4.585990112215805e-13	4.8796083859321554e-14	4.503790101785843e-15	2.729609553237625e-16	1.1267834861447228e-17	3.5680691624592264e-19	8.533302107447868e-21	1.506549902250759e-22	1.8992027451796202e-24	3.5259651876009e-40
0.00024017661919286147	0.00024017661916104398	0.00024017661911873226	0.00024017661906227677	0.00024017661898672376	0.00024017661888534357	0.00024017661874898687	0.00024017661856520696	0.0002401766183170622	0.00024017661798148308	0.00024017661752704365	0.00024017661691092126	0.00024017661607474874	0.0002401766149389563	0.0002401766133950542	0.00024017661129510933	0.00024017660843739754	0.0002401766045468409	0.00024017659924833554	0.0002401765920303917	0.0002401765821955911	0.00024017656879310977	0.0002401765505268147	0.00024017652563008905	0.00024017649169543888	0.00024017644544268918	0.00024017638240361066	0.0002401762964929944	0.00024017617942578037	0.0002401760199249578	0.0002401758026458735	0.00024017550671609492	0.00024017510375428852	0.0002401745551839247	0.00024017380859277614	0.00024017279280226896	0.00024017141119406308	0.00024016953268385984	0.00024016697952198774	0.00024016351081781323	0.00024015880030728298	0.000240152406377196	0.00024014373168602997	0.00024013196882080546	0.00024011602723303737	0.0002400944351045973	0.000240065207681471	0.0002400256708122622	0.00023997222472386574	0.00023990002816841747	0.00023980257662103264	0.00023967113970307257	0.00023949401184579372	0.00023925551555440314	0.00023893467750248323	0.00023850347274525336	0.00023792450003533983	0.00023714790962326503	0.0002361073523189405	0.00023471465338806597	0.0002328528385686729	0.00023036706062165322	0.00022705292340387446	0.00022264176268042997	0.00021678285925555253	0.00020902398579647632	0.00019879588928218542	0.00018541781108405667	0.00016816984014737495	0.00014653471384074162	0.00012075409577620056	0.00009261507061028325	0.00006558996952513445	0.00004327933420503626	0.00002732104457142647	0.00001708051005109596	0.000010857439233441171	6.977043584178852e-6	4.272000443444119e-6	2.277499186965443e-6	1.0359613489742502e-6	4.3998746675875505e-7	1.9121189994775904e-7	7.98231706368256e-8	2.675428143901554e-8	7.774324584612052e-9	2.308973784341915e-9	5.755162107521124e-10	1.1499793758045437e-10	2.2978108288432775e-11	3.437951566325219e-12	4.739145863330998e-13	5.0799798110175634e-14	4.7154824109766826e-15	2.880893548535035e-16	1.1894403893072765e-17	3.7653297245029167e-19	9.002014505838066e-21	1.5887185646570469e-22	2.0020010103543593e-24	3.7154965138311955e-40
0.00024041990521631105	0.00024041990518449213	0.0002404199051421787	0.00024041990508572118	0.00024041990501016586	0.00024041990490878296	0.00024041990477242307	0.0002404199045886393	0.00024041990434049015	0.00024041990400490578	0.0002404199035504601	0.00024041990293433024	0.00024041990209814888	0.00024041990096234582	0.00024041989941843084	0.00024041989731847033	0.0002404198944607392	0.00024041989057015854	0.00024041988527162292	0.0002404198780536404	0.0002404198682187898	0.00024041985481624268	0.00024041983654985973	0.0002404198116530154	0.00024041977771820238	0.00024041973146522638	0.0002404196684258302	0.0002404195825147633	0.00024041946544690461	0.00024041930594515437	0.00024041908866472594	0.00024041879273299402	0.00024041838976833482	0.00024041784119379275	0.00024041709459651344	0.00024041607879699627	0.00024041469717553146	0.0002404128186457976	0.0002404102654551226	0.000240406796708472	0.00024040208613526542	0.00024039569211269698	0.000240387017285078	0.00024037525421857485	0.00024035931233385257	0.00024033771976742296	0.00024030849169831672	0.0002402689538768093	0.00024021550638477374	0.0002401433077609877	0.00024004585316649476	0.00023991441176136403	0.00023973727729779287	0.0002394987712824325	0.00023917791892074313	0.00023874669310883416	0.00023816768942138173	0.00023739105343047645	0.00023635042904178384	0.0002349576313119049	0.00023309567081393264	0.00023060967761928385	0.0002272952212781249	0.00022288358475748576	0.00021702396537478833	0.00020926399842381046	0.00019903419184896375	0.00018565334213616514	0.00016840065796053027	0.0001467571142186196	0.00012096124108169681	0.00009279648264474845	0.00006573527525066388	0.00004338554400968366	0.000027394572193588987	0.000017131672596399687	0.000010894944954389586	7.006111309097332e-6	4.2944543944954004e-6	2.2925908237270153e-6	1.0439234166251756e-6	4.4367415316787757e-7	1.9303193200178517e-7	8.079004152080022e-8	2.715707671810748e-8	7.90223043024993e-9	2.3530783733011693e-9	5.89681313096771e-10	1.181148087193261e-10	2.3725039541182736e-11	3.5728602035781308e-12	4.948718204424998e-13	5.356826457649006e-14	5.008749112555053e-15	3.0931020030019126e-16	1.2773834536609434e-17	4.042067588602212e-19	9.659224691081073e-21	1.703865981494666e-22	2.1459688129389396e-24	3.980784299204118e-40
0.0002407191648226689	0.0002407191647908482	0.00024071916474853268	0.00024071916469207275	0.00024071916461651454	0.0002407191645151283	0.00024071916437876445	0.00024071916419497605	0.0002407191639468214	0.00024071916361123054	0.00024071916315677723	0.00024071916254063825	0.00024071916170444597	0.00024071916056862984	0.00024071915902469909	0.00024071915692471926	0.0002407191540669644	0.0002407191501763542	0.0002407191448777813	0.00024071913765975127	0.00024071912782483912	0.00024071911442221115	0.0002407190961557203	0.0002407190712587299	0.00024071903732371662	0.00024071899107046255	0.00024071892803067591	0.00024071884211905527	0.00024071872505040487	0.00024071856554751437	0.00024071834826543579	0.00024071805233130268	0.00024071764936313858	0.00024071710078346327	0.0002407163541786529	0.00024071533836806581	0.00024071395673030697	0.00024071207817657383	0.00024070952495051633	0.00024070605615168436	0.0002407013455014784	0.00024069495136534486	0.00024068627637011827	0.00024067451305632978	0.0002406585708067728	0.00024063697770224275	0.00024060774883958935	0.00024056820984811618	0.00024051476063160454	0.00024044255946680388	0.00024034510112892353	0.0002402136542111812	0.00024003651163146913	0.00023979799366993055	0.00023947712372814214	0.0002390458720512906	0.00023846683030763615	0.00023769013832202734	0.00023664943152005175	0.0002352565124151542	0.00023339437295031068	0.00023090811532672608	0.00022759326695154355	0.00022318104592954695	0.00021732054703496232	0.00020955923682474984	0.0001993273296649208	0.00018594307567289142	0.00016868460246215972	0.00014703072016422443	0.00012121610852024237	0.00009301973074818576	0.00006591413404032812	0.00004351630838875873	0.000027485113413546053	0.000017194682556779937	0.000010941144209537563	7.041927231958385e-6	4.3221371222308e-6	2.31121883672821e-6	1.053763237162717e-6	4.482324843329226e-7	1.9528289750209272e-7	8.198754580712976e-8	2.7657571860336477e-8	8.061370182892701e-9	2.40798908542224e-9	6.074060229101543e-10	1.2202544420253253e-10	2.4664103305939873e-11	3.743801945768928e-12	5.214636048296176e-13	5.711871497036887e-14	5.385915611300501e-15	3.369808304211717e-16	1.3921377802020955e-17	4.402986078745176e-19	1.0515845238481412e-20	1.85385535100755e-22	2.333370333032854e-24	4.325891715787275e-40
0.00024108844304217427	0.00024108844301035136	0.00024108844296803325	0.00024108844291157027	0.00024108844283600854	0.00024108844273461815	0.00024108844259824943	0.0002410884424144553	0.00024108844216629387	0.00024108844183069508	0.00024108844137623225	0.00024108844076008206	0.00024108843992387636	0.00024108843878804407	0.00024108843724409378	0.0002410884351440902	0.00024108843228630607	0.00024108842839565945	0.00024108842309704062	0.00024108841587895202	0.000241088406043964	0.00024108839264123634	0.00024108837437461248	0.00024108834947744214	0.00024108831554218204	0.0002410882692885851	0.0002410882062483171	0.00024108812033601397	0.0002410880032663879	0.00024108784376209298	0.00024108762647798092	0.00024108733054089039	0.0002410869275684081	0.0002410863789824139	0.00024108563236832685	0.00024108461654409838	0.0002410832348862663	0.00024108135630295888	0.00024107880303330913	0.00024107533417018959	0.0002410706234251516	0.00024106422914910137	0.00024105555394742892	0.00024104379032897357	0.00024102784762999876	0.00024100625386255312	0.00024097702402232622	0.00024093748358955708	0.00024088403224859514	0.0002408118279533892	0.0002407143650039242	0.00024058291129495875	0.00024040575871657016	0.00024016722603782329	0.0002398463344384418	0.00023941505089713661	0.0002388359622714469	0.0002380592013045134	0.00023701839297657186	0.0002356253243509041	0.00023376296441662045	0.0002312763810468697	0.00022796104973242764	0.00022354810869075836	0.0002176865263874359	0.00020992356156558664	0.00019968906705120307	0.00018630062015690158	0.00016903501730090512	0.0001473684025860633	0.00012153071072738161	0.00009329537136511857	0.00006613503842147086	0.000043677859814541846	0.00002759699552051479	0.000017272558543951246	0.000010998257124197407	7.086220947819795e-6	4.356398292438952e-6	2.3343091913464803e-6	1.0659797379013046e-6	4.538953845539442e-7	1.980803131359066e-7	8.347850680959025e-8	2.828335468451369e-8	8.260693110075143e-9	2.476822106546416e-9	6.297698455530392e-10	1.2697720425018933e-10	2.5856214332605105e-11	3.9630281015955006e-12	5.556261457134586e-13	6.174328291931445e-14	5.878906037440464e-15	3.738032995066881e-16	1.5450010722356974e-17	4.883433795059874e-19	1.1655279167455678e-20	2.0531962864141825e-22	2.5822087474921383e-24	4.78376304967212e-40
0.00024153102458056733	0.00024153102454874177	0.0002415310245064206	0.00024153102444995399	0.00024153102437438802	0.00024153102427299265	0.00024153102413661807	0.0002415310239528171	0.00024153102370464755	0.0002415310233690392	0.00024153102291456506	0.0002415310222984014	0.00024153102146217957	0.00024153102032632796	0.0002415310187823543	0.00024153101668232218	0.00024153101382450303	0.00024153100993381274	0.000241531004635139	0.00024153099741698017	0.00024153098758190138	0.00024153097417905435	0.00024153095591227121	0.00024153093101488552	0.00024153089707933006	0.0002415308508253229	0.00024153078778447876	0.00024153070187135888	0.0002415305848005652	0.00024153042529458975	0.00024153020800804455	0.0002415299120674152	0.00024152950908976656	0.0002415289604962088	0.00024152821387102302	0.0002415271980304796	0.00024152581634863152	0.0002415239377299482	0.00024152138440814813	0.0002415179154681143	0.00024151320460962997	0.0002415068101661513	0.0002414981347174739	0.00024148637073456567	0.00024147042749794856	0.0002414488329374347	0.00024141960192772456	0.00024138005977077608	0.0002413266058884493	0.00024125439784840986	0.00024115692938230936	0.00024102546754921255	0.00024084830300991238	0.0002406097527255545	0.00024028883521855086	0.00023985751355829878	0.0002392783688500225	0.000238501525364659	0.0002374605955879272	0.00023606734810162255	0.00023420472443648238	0.00023171775140761976	0.00022840184240745064	0.00022398804009855867	0.00021812516189172087	0.00021036021801301873	0.00020012262894771897	0.0001867291675608028	0.0001694550386528477	0.0001477731981849988	0.00012190790254797303	0.00009362594350566387	0.00006640006215369032	0.00004387174120066133	0.000027731300317553838	0.000017366061466731965	0.000011066849331949997	7.139440479688715e-6	4.397598646599396e-6	2.3621247326973272e-6	1.0807229804445377e-6	4.6073443683699685e-7	2.0146008390503304e-7	8.52835740048375e-8	2.9044592513202164e-8	8.50364213463687e-9	2.5607969108617135e-9	6.572522141661783e-10	1.3308710050789012e-10	2.7331185165572174e-11	4.2373913017764725e-12	5.984613240145315e-13	6.763127485254872e-14	6.508910247570615e-15	4.2180993257703375e-16	1.7445398942995213e-17	5.510101236872468e-19	1.3140195755793431e-20	2.312733386098395e-22	2.9058619919966498e-24	5.378748858602745e-40
0.00024207206679566527	0.00024207206676383648	0.0002420720667215115	0.0002420720666650405	0.00024207206658946934	0.00024207206648806792	0.0002420720663516862	0.00024207206616787684	0.0002420720659196974	0.00024207206558407736	0.00024207206512958935	0.0002420720645134092	0.00024207206367716776	0.0002420720625412925	0.00024207206099729025	0.00024207205889722338	0.00024207205603936138	0.00024207205214861778	0.00024207204684987692	0.0002420720396316324	0.0002420720297964427	0.00024207201639344996	0.00024207199812647246	0.00024207197322882387	0.00024207193929290797	0.00024207189303840032	0.00024207182999685345	0.0002420717440827374	0.00024207162701051952	0.00024207146750249376	0.0002420712502129805	0.00024207095426803467	0.0002420705512840856	0.00024207000268130339	0.0002420692560425816	0.00024206824018214562	0.00024206685847102176	0.00024206497980920513	0.00024206242642381333	0.0002420589573899903	0.00024205424639312797	0.0002420478517455158	0.0002420391759956015	0.00024202741156828227	0.0002420114676760329	0.00024198987214849282	0.00024196063971267356	0.0002419210954531842	0.00024186763847191468	0.0002417954258653751	0.00024169795067247184	0.00024156647893281634	0.0002413892998082399	0.00024115072805592155	0.00024082977895736234	0.00024039841081486556	0.00023981919772066878	0.00023904225361560708	0.00023800117574900866	0.00023660771016752684	0.00023474476492485265	0.0002322573167780135	0.0002289407034084466	0.0002245258509849212	0.00021866139278229647	0.00021089403610312924	0.00020065267455638723	0.00018725310066266683	0.00016996857979251583	0.00014826818215232083	0.00012236923661442098	0.00009403041096935926	0.00006672448628921534	0.00004410918384363237	0.0000278958343180816	0.000017480641941671995	0.000011150934390840172	7.20471843042549e-6	4.448191474399749e-6	2.396360973674523e-6	1.0989136842860624e-6	4.691808105732537e-7	2.0563635735967804e-7	8.752011264715688e-8	2.9993795982725397e-8	8.807394207122692e-9	2.665909696308467e-9	6.919827207513129e-10	1.4085118968433778e-10	2.9211939893552043e-11	4.592596487210191e-12	6.540501549470289e-13	7.542749514996273e-14	7.346946762547251e-15	4.873845484664632e-16	2.0176003258741636e-17	6.36678785694018e-19	1.5167778425965618e-20	2.6666694178154253e-22	3.3466331685477886e-24	6.188036449632231e-40
0.00024270835688202709	0.0002427083568501945	0.00024270835680786514	0.0002427083567513889	0.00024270835667581164	0.00024270835657440304	0.00024270835643801298	0.00024270835625419372	0.00024270835600600268	0.00024270835567036887	0.0002427083552158646	0.0002427083545996651	0.0002427083537634005	0.0002427083526274975	0.00024270835108346168	0.00024270834898335391	0.00024270834612544158	0.00024270834223463536	0.00024270833693581557	0.00024270832971747043	0.00024270831988215053	0.0002427083064789867	0.00024270828821178108	0.00024270826331382385	0.00024270822937748498	0.0002427081831223899	0.00024270812008001853	0.00024270803416473374	0.00024270791709084496	0.00024270775758041476	0.00024270754028742013	0.0002427072443374116	0.00024270684134607175	0.00024270629273246986	0.00024270554607787315	0.00024270453019410463	0.0002427031484486381	0.00024270126973622918	0.00024269871627625666	0.00024269524713244384	0.00024269053597331805	0.00024268414108629934	0.00024267546498316097	0.0002426637000346486	0.00024264775537349547	0.00024262615871184647	0.00024259692460360872	0.00024255737787839466	0.00024250391726282066	0.0002424316993010062	0.00024233421621956339	0.00024220273286203024	0.00024202553663285893	0.00024178693970451593	0.0002414659535575927	0.0002410345309041374	0.0002404552376123868	0.00023967817551050988	0.00023863692397851428	0.00023724320263801	0.00023537988029250225	0.00023289187499454748	0.00022957443565800516	0.0002251583518724791	0.00021929204104600186	0.0002115218553864426	0.00020127607098932237	0.0001878693315321923	0.00017057262973685215	0.00014885048131920708	0.00012291208650855792	0.00009450654697619165	0.00006710660331984866	0.00004438899127971334	0.000028089795287758993	0.000017615757197900823	0.000011250129189744696	7.281776088475258e-6	4.507989133442472e-6	2.436930739446607e-6	1.1205283007536068e-6	4.792278189494483e-7	2.1060688913802034e-7	9.018993538136916e-8	3.1134882377540474e-8	9.173658098317866e-9	2.7928086242167398e-9	7.343511200358194e-10	1.5038229758700402e-10	3.152888727839002e-11	5.0375971826028305e-12	7.238658402115532e-13	8.543555590172774e-14	8.427863578337239e-15	5.74465821161654e-16	2.381050870716005e-17	7.505755015214566e-19	1.785992815605517e-20	3.135946031952787e-22	3.930152235503761e-24	7.2579388260371865e-40
0.0002434532220206144	0.0002434532219887774	0.0002434532219464428	0.00024345322188996054	0.00024345322181437617	0.00024345322171295916	0.0002434532215765593	0.00024345322139272848	0.00024345322114452378	0.0002434532208088739	0.0002434532203543506	0.00024345321973812844	0.00024345321890183676	0.0002434532177659013	0.00024345321622182623	0.00024345321412167062	0.00024345321126369938	0.00024345320737281995	0.00024345320207390798	0.00024345319485544526	0.0002434531850199731	0.00024345317161660938	0.00024345315334913724	0.00024345312845081956	0.0002434530945139867	0.0002434530482582058	0.0002434529852148718	0.00024345289929822268	0.0002434527822223836	0.00024345262270914704	0.00024345240541208955	0.00024345210945617295	0.00024345170645620942	0.00024345115782998207	0.00024345041115686166	0.00024344939524586514	0.00024344801346032802	0.00024344613468889028	0.00024344358114190067	0.00024344011186975016	0.0002434354005212929	0.00024342900535492712	0.00024342032883961954	0.00024340856328299235	0.00024339261772472732	0.0002433710197398275	0.00024334178368020173	0.00024330223407804138	0.00024324876922203405	0.0002431765450119411	0.00024307905272606204	0.0002429475558134367	0.0002427703396275569	0.00024253171332511465	0.0002422106839523152	0.00024177919769927778	0.00024119981083915642	0.00024042261106751317	0.00023938115691934212	0.00023798713718688546	0.00023612337488460253	0.00023363471958357023	0.0002303163166528093	0.00022589879637273047	0.00022003032441644048	0.0002122568388869357	0.00020200589589779036	0.00018859079993113566	0.00017127989453328472	0.00014953238481881656	0.00012354798101468393	0.00009506456998645309	0.000067554724658676	0.00004471732462106094	0.000028317491907548383	0.00001777443103279488	0.000011366674957848172	7.372380725249753e-6	4.578402776490476e-6	2.4848474115240183e-6	1.1461391449716256e-6	4.911475746744296e-7	2.1650776795099263e-7	9.337034543523453e-8	3.2505391509411386e-8	9.615152704495346e-9	2.9459766355316263e-9	7.861050172142494e-10	1.6211235471933407e-10	3.439113710102655e-11	5.598154761440941e-12	8.120544111943209e-13	9.839643732872449e-14	9.83494845331895e-15	6.916884794703294e-16	2.871785709736858e-17	9.041547133429192e-19	2.1484474070668067e-20	3.7667002868509347e-22	4.7130579841559976e-24	8.691096583573158e-40
0.0002443187994110913	0.0002443187993792491	0.00024431879933690845	0.0002443187992804191	0.00024431879920482644	0.00024431879910339976	0.0002443187989669884	0.0002443187987831442	0.0002443187985349238	0.0002443187981992552	0.00024431879774470974	0.00024431879712846126	0.00024431879629213817	0.00024431879515616497	0.00024431879361204434	0.0002443187915118332	0.0002443187886537936	0.00024431878476282925	0.0002443187794638102	0.00024431877224521107	0.00024431876240956244	0.0002443187490059669	0.0002443187307381857	0.0002443187058394504	0.00024431867190204506	0.0002443186256454696	0.00024431856260102045	0.00024431847668279105	0.0002443183596046935	0.00024431820008820684	0.0002443179827864452	0.0002443176868236879	0.0002443172838137396	0.0002443167351728969	0.0002443159884783304	0.00024431497253581315	0.0002443135907038877	0.00024431171186411316	0.0002443091582163911	0.000244305688795679	0.00024430097722806233	0.00024429458173834005	0.0002442859047459136	0.00024427413848532954	0.00024425819188858805	0.00024423659237193124	0.00024420735405349196	0.00024416780112109627	0.0002441143313565152	0.00024404209991363504	0.00024394459697298863	0.00024381308436966003	0.0002436358450829039	0.00024339718477866217	0.0002430761053704735	0.00024264454549952083	0.00024206505033272626	0.00024128769120796372	0.0002402460025335716	0.0002388516374191337	0.0002369873658855719	0.00023449795825055715	0.00023117844005583242	0.00022675925724965817	0.00022088828423203697	0.00021311098008199025	0.00020285406819567036	0.0001894293044720479	0.00017210196924971892	0.00015032512486520068	0.0001242874886471384	0.00009571389354984231	0.00006807655501597212	0.00004509992764924366	0.00002858295715565477	0.00001795950306030584	0.000011502685158672225	7.478209544548607e-6	4.660787569333468e-6	2.5411065319376314e-6	1.1763215189964313e-6	5.052160285182379e-7	2.2347747996700452e-7	9.714143978607245e-8	3.414588070963955e-8	1.0145878424906846e-8	3.1303644755467764e-9	8.492542595580374e-10	1.7655309683281173e-10	3.79285813344581e-11	6.306595518349124e-12	9.238478209858895e-13	1.152923024996965e-13	1.1679530156562343e-14	8.513127831995067e-16	3.542703635462409e-17	1.1137997060524476e-18	2.642337555699725e-20	4.624520211706845e-22	5.7755901565962674e-24	1.0632461627147775e-39
0.00024531602934034323	0.0002453160293084951	0.00024531602926614754	0.00024531602920965003	0.00024531602913404786	0.00024531602903260996	0.0002453160288961855	0.00024531602871232585	0.00024531602846408713	0.0002453160281283971	0.00024531602767382616	0.00024531602705754737	0.0002453160262211881	0.0002453160250851715	0.00024531602354099845	0.00024531602144072336	0.0002453160185826052	0.00024531601469154305	0.000245316009392401	0.0002453160021736449	0.0002453159923377934	0.00024531597893393144	0.0002453159606657953	0.0002453159357665802	0.00024531590182851754	0.00024531585557102984	0.0002453157925253006	0.0002453157066052576	0.0002453155895245683	0.0002453154300043524	0.0002453152126971934	0.0002453149167265886	0.0002453145137051858	0.0002453139650475762	0.00024531321832841176	0.00024531220234973937	0.00024531082046460527	0.00024530894154644846	0.00024530638778318245	0.00024530291819207107	0.0002452982063730786	0.00024529181051246977	0.0002452831329728076	0.0002452713659048101	0.0002452554181169426	0.0002452338168434332	0.00024520457593417785	0.0002451650191821114	0.00024511154378763277	0.00024503930404901514	0.0002449417888879237	0.0002448102582882352	0.00024463299250630923	0.0002443942932047361	0.00024407315641001372	0.00024364151210667988	0.00024306189272259475	0.00024228435083832944	0.0002412423931915724	0.0002398476319736928	0.00023798277643733305	0.0002354925060206412	0.00023217170887686957	0.00022775061962292508	0.00022187677876729607	0.00021409509639429272	0.00020383134174126535	0.00019039549669542957	0.0001730493326673231	0.00015123887263423017	0.00012514021550965159	0.00009646312722404175	0.00006867919645531069	0.00004554213242622537	0.000028889953467492077	0.0000181736329459975	0.000011660149160271869	7.6008532291390566e-6	4.756446491349341e-6	2.606690297731713e-6	1.2116579032612314e-6	5.217153515025011e-7	2.3165811384497006e-7	1.0158689359023836e-7	3.6100581310555355e-8	1.0781415512850442e-8	3.3514935962560663e-9	9.261266864668307e-10	1.9431635403445273e-10	4.229686188121619e-11	7.2036981869560095e-12	1.0658860200310313e-12	1.3742842241715598e-13	1.4110955421682799e-14	1.0708023549451644e-15	4.470088018628077e-17	1.4030756525723918e-18	3.3224321348257555e-20	5.803132529489158e-22	7.231991577722121e-24	1.3287718196742558e-39
0.00024645473969679525	0.0002464547396649404	0.0002464547396225849	0.0002464547395660781	0.000246454739490465	0.0002464547393890144	0.0002464547392525749	0.00024645473906869764	0.00024645473882043816	0.0002464547384847235	0.0002464547380301235	0.0002464547374138102	0.00024645473657740964	0.0002464547354413435	0.0002464547338971106	0.00024645473179676263	0.00024645472893855487	0.00024645472504738125	0.000246454719748099	0.0002464547125291642	0.00024645470269308163	0.00024645468928891637	0.00024645467102037615	0.00024645464612061503	0.00024645461218180455	0.0002464545659232793	0.00024645450287609445	0.0002464544169539894	0.00024645429987035387	0.00024645414034589924	0.000246453923032606	0.00024645362705308274	0.0002464532240186636	0.0002464526753420022	0.0002464519285948853	0.00024645091257513194	0.00024644953062954306	0.00024644765162233314	0.00024644509772779545	0.0002464416279430833	0.0002464369158384914	0.0002464305195565185	0.0002464218413951293	0.00024641007340984474	0.000246394124268747	0.00024637252099925916	0.0002463432771466387	0.0002463037160551149	0.0002462502342646764	0.0002461779851014578	0.000246080456057412	0.0002459489050127407	0.00024577160913086726	0.0002455328655262345	0.0002452116635384425	0.00024477992331845867	0.0002442001628225133	0.00024342241332258636	0.00024238015012849017	0.00024098493895523027	0.00023911942002623895	0.00023662816957255393	0.00023330591971864472	0.0002288826651070473	0.00022300556716870658	0.00021521891283738357	0.00020494738857523948	0.00019149896352573656	0.00017413142849129033	0.00015228281724289445	0.00012611488027014357	0.00009732014438585025	0.00006936920566049987	0.0000460489032723111	0.000029242004332659705	0.0000184193229270879	0.000011840949198242306	7.741829657518853e-6	4.8666417945624095e-6	2.6825770028203368e-6	1.25274484580836e-6	5.409376213285736e-7	2.4119719887605173e-7	1.0679506433300484e-7	3.841821827589636e-8	1.153929614103673e-8	3.615583337932117e-9	1.0194342747317664e-9	2.161391991047099e-10	4.7683448165913364e-11	8.341069743199226e-12	1.2466313100564748e-12	1.665404005769824e-13	1.73300630837342e-14	1.3750613249202502e-15	5.76441112797095e-17	1.8060179750924633e-18	4.267572648635273e-20	7.436972272158477e-22	9.245483529650727e-24	1.6949681489786267e-39
0.0002477540878131422	0.00024775408778127963	0.000247754087738915	0.0002477540876823977	0.0002477540876067722	0.00024775408750530697	0.0002477540873688504	0.000247754087184953	0.0002477540869366698	0.00024775408660092726	0.0002477540861462941	0.00024775408552994135	0.0002477540846934938	0.00024775408355737113	0.00024775408201307004	0.00024775407991263905	0.0002477540770543292	0.0002477540731630287	0.00024775406786358686	0.0002477540606444486	0.0002477540508081031	0.00024775403740359296	0.0002477540191345933	0.0002477539942342117	0.0002477539602945516	0.0002477539140348478	0.0002477538509860101	0.00024775376506156415	0.0002477536479745841	0.00024775348844531905	0.0002477532711250645	0.0002477529751354213	0.0002477525720862338	0.00024775202338795743	0.0002477512766091308	0.0002477502605427752	0.0002477488785286044	0.0002477469994203718	0.00024774444537691893	0.00024774097537259685	0.0002477362629440386	0.0002477298661840677	0.0002477211873174546	0.0002477094182916641	0.0002476934676155838	0.0002476718620820433	0.0002476426148906899	0.000247603048876933	0.0002475495598314748	0.00024747729997816846	0.0002473797551868397	0.0002472481809517873	0.0002470708509283443	0.00024683205707261925	0.0002465107811393856	0.00024607893212511917	0.0002454990115758923	0.00024472102659684093	0.00024367841685312845	0.00024228269535245733	0.0002404164240433089	0.00023792406212493164	0.0002346001648164561	0.00023017445471480298	0.00022429366360202416	0.00021650137225658089	0.00020622104053821756	0.00019275835819101156	0.00017536660838745645	0.00015347477327594012	0.0001272283113954906	0.0000983000346439493	0.00007015904028136817	0.000046629601688850345	0.000029645719702770394	0.00001870124719234188	0.000012048582605576933	7.903936726033116e-6	4.993667431987766e-6	2.770501721845934e-6	1.300619461490904e-6	5.633873751858716e-7	2.523487127210959e-7	1.1291571229839734e-7	4.1179405942684885e-8	1.2448402922954022e-8	3.932843052543345e-9	1.1335579001825916e-9	2.432174998984919e-10	5.439077900503821e-11	9.802457981483084e-12	1.4798720572749107e-12	2.0548557886743122e-13	2.1670455399694002e-14	1.806784779478947e-15	7.617933615415113e-17	2.3817456122962195e-18	5.614365317204296e-20	9.75834380515461e-22	1.2097298763612388e-23	2.212155592385699e-39
0.0002492253221530649	0.0002492253221211936	0.0002492253220788188	0.0002492253220222894	0.0002492253219466499	0.0002492253218451682	0.0002492253217086923	0.0002492253215247721	0.0002492253212764621	0.0002492253209406878	0.0002492253204860172	0.00024922531986961983	0.0002492253190331191	0.0002492253178969327	0.00024922531635255445	0.00024922531425202956	0.0002492253113936044	0.0002492253075021605	0.0002492253022025384	0.0002492252949831705	0.0002492252851465284	0.0002492252717416292	0.00024922525347211157	0.00024922522857103054	0.0002492251946304131	0.00024922514836938183	0.00024922508531868284	0.00024922499939160125	0.00024922488230085676	0.0002492247227661777	0.0002492245054380899	0.00024922420943706045	0.00024922380637125804	0.00024922325764866447	0.0002492225108341656	0.0002492214947153863	0.0002492201126240731	0.00024921823340220815	0.00024921567919125744	0.0002492122089399226	0.0002492074961469786	0.0002492010988494086	0.0002491924191895504	0.0002491806489934465	0.0002491646965909379	0.00024914308851095205	0.0002491138375644871	0.00024907426601458526	0.0002490207688094518	0.00024894849693285286	0.0002488509344303749	0.0002487193341136116	0.0002485419656920896	0.0002483031153207673	0.0002479817562247522	0.0002475497848564446	0.00024696968430802045	0.0002461914345076606	0.0002451484350409143	0.0002437521396474725	0.0002418850222705758	0.0002393914105310455	0.0002360656607829981	0.0002316371898560402	0.00022575224670433225	0.00021795361880909455	0.0002076633884900579	0.00019418468643999452	0.0001767657357303158	0.00015482535161736373	0.00012849064849405634	0.0000994120624433627	0.00007105652999361181	0.00004729023444290714	0.000030105401265190214	0.000019022481139277872	0.000012285381277412161	8.08907730044738e-6	5.139138380071831e-6	2.8717643603895653e-6	1.3561078370588544e-6	5.894759216526434e-7	2.6532098014461267e-7	1.2007593183986383e-7	4.4458563331900686e-8	1.3536556564037851e-8	4.313121852278393e-9	1.272981372751174e-9	2.7685251554580134e-10	6.274768234846957e-11	1.1686296461170648e-11	1.7820594691870608e-12	2.5787455455032867e-13	2.7563569468836513e-14	2.4255569661684904e-15	1.030670559196698e-16	3.2148277721008322e-18	7.557288179197492e-20	1.3096229999535382e-21	1.618344466762975e-23	2.9508211597517875e-39
0.0002508670545848027	0.00025086705455292164	0.0002508670545105354	0.00025086705445399263	0.00025086705437833744	0.00025086705427683736	0.0002508670541403399	0.0002508670539563943	0.00025086705370805444	0.0002508670533722449	0.0002508670529175324	0.0002508670523010854	0.0002508670514645253	0.0002508670503282677	0.0002508670487838036	0.00025086704668317425	0.0002508670438246206	0.0002508670399330172	0.0002508670346331944	0.00025086702741357114	0.0002508670175765992	0.00025086700417126766	0.00025086698590117454	0.00025086696099931683	0.0002508669270576368	0.00025086688079513245	0.0002508668177423687	0.0002508667318123641	0.00025086661471744565	0.00025086645517676464	0.00025086623783999415	0.00025086594182634545	0.00025086553874213024	0.00025086498999259143	0.00025086424313856533	0.0002508632269617021	0.0002508618447849175	0.0002508599654371576	0.0002508574110406378	0.00025085394051563834	0.00025084922731900415	0.00025084282942583545	0.0002508341488872249	0.00025082237739462384	0.00025080642307950194	0.0002507848121785173	0.000250755557072055	0.00025071597938909856	0.00025066247314444096	0.00025059018794849533	0.0002504926058259353	0.0002503609766159171	0.00025018356565765924	0.0002499446526799052	0.00024962320145935894	0.0002491910945546321	0.0002486107946155289	0.00024783225147078557	0.0002467888203120918	0.00024539188923961247	0.0002435238347385289	0.00024102883872163537	0.00023770103735611068	0.00023326950897218298	0.00022737996813584338	0.00021957432458967322	0.00020927313700270714	0.00019577670653766154	0.00017832766213055691	0.0001563335721814034	0.00012990120523840066	0.00010065596877171296	0.00007206183582500708	0.00004803117773013805	0.00003062143999584077	0.000019383370470733234	0.000012551667472976384	8.297586253702063e-6	5.303442425897754e-6	2.986820695251272e-6	1.4195854767217351e-6	6.194059966976885e-7	2.802186561975403e-7	1.2834620769809294e-7	4.8306344338992445e-8	1.4824465249525668e-8	4.7637630766896056e-9	1.441401055012391e-9	3.18231089782261e-10	7.305310858082717e-11	1.4092113320902625e-11	2.170230407872337e-12	3.276993126461041e-13	3.5503201674382734e-14	3.3054895082682583e-15	1.418782296735329e-16	4.414200947428022e-18	1.0345435471631902e-19	1.786938097244662e-21	2.200457044619772e-23	3.999522027862287e-39
0.0002527197751818613	0.00025271977514996916	0.0002527197751075701	0.00025271977505101224	0.0002527197749753393	0.00025271977487381853	0.0002527197747372967	0.0002527197745533225	0.0002527197743049489	0.0002527197739690996	0.00025271977351434	0.000252719772897837	0.0002527197720612101	0.00025271977092487227	0.00025271976938031146	0.00025271976727956436	0.0002527197644208661	0.0002527197605290831	0.0002527197552290348	0.0002527197480091244	0.0002527197381717819	0.00025271972476596474	0.00025271970649522576	0.0002527196815924968	0.00025271964764962506	0.00025271960138546957	0.00025271953833039214	0.0002527194523971133	0.0002527193352975204	0.0002527191757501194	0.0002527189584036294	0.00025271866237585575	0.00025271825927103344	0.0002527177104913413	0.0002527169635930867	0.0002527159473512316	0.00025271456507881514	0.0002527126855901961	0.0002527101309860569	0.00025270666015488535	0.00025270194650660896	0.00025269554794709557	0.00025268686642536663	0.0002526750934823063	0.00025265913702745207	0.00025263752297048024	0.0002526082632101284	0.0002525686786660222	0.0002525151623088434	0.0002524428622123469	0.0002523452581406927	0.00025221359660849345	0.0002520361380657762	0.0002517971550531381	0.0002514756007790235	0.00025104334226123856	0.0002504628192849153	0.0002496839480121204	0.00024864003398734175	0.00024724239190538483	0.00024537328925717064	0.00024287674504572333	0.00023954664926991107	0.000235111701893097	0.00022921702034277915	0.00022140353383790602	0.00021109009977207785	0.0001975738612693767	0.00018009120448665505	0.00015803713773086133	0.00013149563745156874	0.0001020637913248122	0.00007320148818803677	0.00004887243048303256	0.00003120798745347498	0.000019793936405836852	0.000012854950781023454	8.535485539806571e-6	5.4915376257097826e-6	3.1194607912121844e-6	1.4933614919578917e-6	6.543123156829375e-7	2.976128955623231e-7	1.3806492795269505e-7	5.291184711122263e-8	1.6382429515700656e-8	5.309513902262163e-9	1.6497575483222285e-9	3.7058272199159076e-10	8.611557721857415e-11	1.726547743301503e-11	2.686237405458204e-12	4.2428448259091586e-13	4.664652649709696e-14	4.61607116847077e-15	2.0090730536702117e-16	6.23279211017435e-18	1.4556635425047966e-19	2.504831344016404e-21	3.072000728245656e-23	5.5631838640426726e-39
0.0002547695629277805	0.00025476956289587625	0.0002547695628534629	0.0002547695627968884	0.000254769562721196	0.00025476956261965227	0.0002547695624831035	0.0002547695622990977	0.0002547695620506869	0.0002547695617147935	0.0002547695612599818	0.0002547695606434169	0.0002547695598067162	0.00025476955867028995	0.0002547695571256223	0.00025476955502474525	0.00025476955216588746	0.00025476954827390643	0.0002547695429736094	0.0002547695357533826	0.00025476952591563197	0.0002547695125092803	0.0002547694942378308	0.00025476946933414367	0.0002547694353899622	0.0002547693891239928	0.00025476932606637443	0.000254769240129501	0.0002547691230247779	0.000254768963470003	0.0002547687461128496	0.0002547684500695825	0.000254768046942159	0.0002547674981293979	0.00025476675118264253	0.00025476573486952076	0.00025476435249224594	0.0002547624728491861	0.0002547599180174104	0.00025475644685055485	0.0002547517327071077	0.000254745333417043	0.00025473665081745134	0.0002547248762841566	0.0002547089174834715	0.0002546872999665299	0.00025465803510401415	0.00025461844303800463	0.00025456491559449625	0.000254492599162678	0.000254394971028882	0.00025426327406275834	0.00025408576335530657	0.0002538467035675615	0.0002535250363233496	0.00025309261160478283	0.00025251184413759383	0.0002517326131839114	0.0002506881698729811	0.000249289748451373	0.00024741949697710446	0.0002449212559420061	0.0002415886456555221	0.0002371499516520384	0.0002312496374564185	0.0002234275590306298	0.00021310071237296767	0.00019956278676976425	0.0001820433421147182	0.00015992364228158156	0.0001332626424867172	0.00010362601986260744	0.00007446830039170464	0.00004980905011681686	0.00003186177893941065	0.000020251992520572463	0.000013193706464971779	8.801690329829566e-6	5.702732790278926e-6	3.269452947955137e-6	1.5774957412519566e-6	6.9426521792854e-7	3.175432868300458e-7	1.4927072012886866e-7	5.8321364541013575e-8	1.8233286334510983e-8	5.958409852990445e-9	1.9025935338679023e-9	4.3565027737428616e-10	1.0236723938570342e-10	2.1370842121910532e-11	3.3599876859003712e-12	5.550833858308751e-13	6.200081783879545e-14	6.525271607060078e-15	2.8911190443791795e-16	8.941882965037692e-18	2.0804469794555202e-19	3.565224098653939e-21	4.3532570536965854e-23	7.852041986587174e-39
0.00025704566442199693	0.00025704566439007916	0.00025704566434765004	0.000257045664291057	0.0002570456642153429	0.00025704566411377376	0.0002570456639771952	0.0002570456637931543	0.0002570456635447021	0.00025704566320875995	0.0002570456627538906	0.00025704566213725704	0.00025704566130047447	0.00025704566016395005	0.00025704565861916405	0.00025704565651814314	0.0002570456536591087	0.0002570456497669086	0.00025704564446633643	0.00025704563724576	0.0002570456274075585	0.00025704561400061675	0.0002570455957283833	0.00025704557082363973	0.0002570455368780149	0.00025704549061004723	0.0002570454275496313	0.0002570453416088015	0.0002570452244984337	0.0002570450649355476	0.00025704484756666735	0.0002570445515063642	0.0002570441483540927	0.0002570435995049793	0.0002570428525049112	0.0002570418361134589	0.0002570404536209379	0.00025703857380814267	0.0002570360187261949	0.00025703254719043264	0.0002570278325028196	0.00025702143240994294	0.0002570127486258574	0.0002570009723450694	0.0002569850109665408	0.0002569633896474872	0.00025693411917834363	0.0002568945188467019	0.0002568409792208963	0.00025676864483916567	0.00025667099026491203	0.00025653925436340086	0.0002563616863369024	0.00025612254218933684	0.0002558007508165118	0.00025536814348565225	0.0002547871073895378	0.000254007481254264	0.0002529624564343749	0.00025156317881039905	0.0002496916652628927	0.00024719156024566747	0.00024385618794801233	0.00023941337896329966	0.00023350687924524432	0.00022567536744864963	0.00021533379877961275	0.0002017720777990433	0.00018421228538491525	0.00016202061402622618	0.00013522848280440685	0.00010536660146039484	0.00007588248648187359	0.00005085654580299008	0.000032593922460038	0.00002076547391197469	0.000013573942089308295	9.101092685096392e-6	5.9411648930358e-6	3.440128363423799e-6	1.674150064957357e-6	7.403574783999686e-7	3.4056165176129715e-7	1.6229854269635065e-7	6.473953877420451e-8	2.045857880742011e-8	6.739060547464096e-9	2.213241423437241e-9	5.17846874612499e-10	1.2290339119099296e-10	2.6776932404967643e-11	4.2579624010682665e-12	7.357312457316542e-13	8.368822152679944e-14	9.375413902727809e-15	4.252180890991522e-16	1.3108376710167873e-17	3.03694149222875e-19	5.180522088205096e-21	6.294556061755627e-23	1.1303153277530829e-38
0.0002595624935564825	0.0002595624935245498	0.00025956249348210324	0.0002595624934254898	0.0002595624933497517	0.0002595624932481545	0.00025956249311154294	0.0002595624929274633	0.0002595624926789655	0.0002595624923429695	0.00025956249188803624	0.00025956249127132697	0.0002595624904344541	0.0002595624892978215	0.00025956248775290487	0.0002595624856517253	0.00025956248279249627	0.0002595624789000548	0.00025956247359917986	0.0002595624663782186	0.00025956245653952143	0.0002595624431319314	0.00025956242485883715	0.0002595623999529344	0.0002595623660057268	0.00025956231973556926	0.00025956225667208866	0.00025956217072692686	0.00025956205361038026	0.00025956189403861864	0.00025956167665690916	0.000259561380577972	0.00025956097739852625	0.0002595604285096627	0.00025955968145130345	0.00025955866497421367	0.00025955728235570115	0.0002595554023573535	0.0002595528470019317	0.00025954937506291115	0.00025954465978047126	0.00025953825881005387	0.0002595295737312681	0.0002595177955403869	0.00025950183134415544	0.00025948020586926307	0.00025945092927191196	0.00025941131990587385	0.00025935776696474474	0.0002592854129639773	0.00025918772949094944	0.0002590559510342962	0.00025887832036117166	0.0002586390840143941	0.0002583171569806931	0.0002578843500749692	0.0002573030204061518	0.0002565229624065321	0.0002554773021210354	0.0002540770888883027	0.00025220419628677054	0.0002497020546468317	0.00024636366477732015	0.0002419163605813335	0.00023600310485645982	0.00022816129197719218	0.00021780365218542437	0.0002042159659080896	0.00018661216619833058	0.00016434201114321197	0.0001374067751417351	0.00010729840798266519	0.00007745540589946002	0.00005202397768907014	0.000033411073665461564	0.000021339219892037996	0.00001399939564530558	9.436826020670504e-6	6.209612770156109e-6	3.633919461450687e-6	1.7850512221428967e-6	7.934951083459261e-7	3.671272107101358e-7	1.7743497810992299e-7	7.235885014984188e-8	2.314054859893752e-8	7.680236063777358e-9	2.595662638842349e-9	6.222566231850856e-10	1.489788855329104e-10	3.393465938636061e-11	5.46554232384282e-12	9.867393111043132e-13	1.1469832195476777e-13	1.3668678860793338e-14	6.391120401501557e-16	1.963359820828067e-17	4.52728466755014e-19	7.683413387250839e-21	9.284661082107257e-23	1.658997617128485e-38
0.0002623275294582127	0.0002623275294262636	0.0002623275293837979	0.000262327529327162	0.00026232752925139767	0.0002623275291497696	0.00026232752901312185	0.0002623275288289997	0.0002623275285804518	0.00026232752824439665	0.0002623275277893935	0.0002623275271726012	0.0002623275263356293	0.000262327525198878	0.0002623275236538184	0.00026232752155246503	0.0002623275186930229	0.00026232751480031736	0.00026232750949911133	0.00026232750227772974	0.0002623274924384914	0.000262327479030194	0.00026232746075616133	0.00026232743584899565	0.00026232740190006474	0.0002623273556275244	0.0002623272925607109	0.0002623272066108401	0.0002623270894875798	0.00026232692990617697	0.0002623267125105354	0.0002623264164113671	0.0002623260132024227	0.0002623254642704148	0.00026232471714879443	0.000262323700578772	0.0002623223178235442	0.00026232043762386	0.00026231788197171097	0.00026231440959515525	0.00026230969366734564	0.0002623032917448368	0.0002622946052613816	0.00026228282499819256	0.0002622668577450046	0.0002622452277614342	0.0002622159445156762	0.00026217632534838466	0.0002621227579619269	0.00026205038267729035	0.00026195266785386187	0.0002618208432325884	0.00026164314460018706	0.0002614038082370727	0.000261081734043455	0.00026064871065234496	0.0002600670625429065	0.000259286536111555	0.00025824018657811214	0.0002568389585948625	0.000254964570374597	0.00025246022012004007	0.00024911855814696744	0.000244666380170497	0.0002387458007436105	0.00023089282389522858	0.00022051777262551854	0.00020690196808557837	0.00018925053530490768	0.00016689544902016477	0.00013980522767750546	0.00010942914479658869	0.00007919430569907399	0.0000533174306170138	0.00003431784476149459	0.000021976652229931252	0.000014472767557584951	9.811222142608595e-6	6.510239797502163e-6	3.852863312775458e-6	1.9117611384879756e-6	8.545249880692257e-7	3.9766974564168094e-7	1.9495207710962584e-7	8.137431082871342e-8	2.6367689606088286e-8	8.812804900551951e-9	3.065099156089193e-9	7.54901922575161e-10	1.8207528283166534e-10	4.339764943923856e-11	7.093471241140564e-12	1.3347404771861345e-12	1.5922913004647053e-13	2.0122489791094395e-14	9.777997991415717e-16	2.9931066582365994e-17	6.866246317408941e-19	1.1587946255203255e-20	1.3919216068739377e-22	2.473638822193466e-38
0.00026535809270397377	0.0002653580926720068	0.00026535809262952004	0.0002653580925728596	0.0002653580924970665	0.0002653580923954047	0.00026535809225871737	0.0002653580920745486	0.000265358091825946	0.0002653580914898261	0.0002653580910347464	0.00026535809041786324	0.00026535808958078305	0.00026535808844390204	0.0002653580868986861	0.000265358084797143	0.0002653580819374682	0.00026535807804447457	0.00026535807274290755	0.00026535806552106794	0.0002653580556812404	0.0002653580422721737	0.000265358023997121	0.00026535799908858376	0.00026535796513778276	0.0002653579188626582	0.00026535785579223225	0.00026535776983726016	0.0002653576527067298	0.0002653574931148907	0.0002653572757041725	0.0002653569795831162	0.0002653565763422635	0.0002653560273635936	0.0002653552801735625	0.0002653542635030516	0.0002653528806000038	0.00026535100018264073	0.0002653484442096945	0.0002653449713601273	0.000265340254734635	0.0002653338517828777	0.00026532516378094487	0.000265313381277577	0.00026529741071984524	0.0002652757758624907	0.0002652464854299975	0.0002652068556680201	0.0002651532726670043	0.00026508087437609605	0.00026498312566554795	0.00026485125114537476	0.00026467347905749505	0.0002644340345917279	0.0002641118013440591	0.000263678543975574	0.0002630965517070064	0.0002623155190287348	0.0002612684246373519	0.0002598661000876699	0.00025799009575320185	0.0002554833591296003	0.0002521381620610287	0.00024768071930057024	0.00024175223010350984	0.0002338871991249898	0.00022349335502912173	0.00020984721625813766	0.00019214442391478597	0.00016969778462745699	0.00014244035036369178	0.00011177453064483868	0.00008111320252640276	0.00005474820099175025	0.000035322590321890964	0.000022683866079468186	0.000014998779430555907	0.000010228256021221778	6.846594986297155e-6	4.1001190058429275e-6	2.056607828195184e-6	9.246981803008491e-7	4.3282226286086153e-7	2.1524397699483322e-7	9.206120551817754e-8	3.026606073851553e-8	1.0180722764184763e-8	3.6429190296723113e-9	9.244812440294898e-10	2.24335775688936e-10	5.596746141523171e-11	9.309528144647961e-12	1.819442470089534e-12	2.23978115798416e-13	2.987444931970847e-14	1.523173083996129e-15	4.645976701700301e-17	1.0597996867499585e-18	1.7776739924485775e-20	2.1213419861768137e-22	3.747574224977182e-38
0.00026867108051971807	0.0002686710804877315	0.0002686710804452219	0.0002686710803885346	0.00026867108031271004	0.0002686710802110114	0.0002686710800742808	0.00026867107989006126	0.00026867107964139873	0.00026867107930520835	0.00026867107885004515	0.0002686710782330628	0.00026867107739586457	0.0002686710762588421	0.0002686710747134559	0.000268671072611706	0.000268671069751778	0.00026867106585847097	0.0002686710605565116	0.00026867105333417454	0.00026867104349370766	0.0002686710300838068	0.00026867101180764926	0.0002686709868976274	0.000268670952944804	0.0002686709066668868	0.00026867084359255956	0.00026867075763208135	0.0002686706404937078	0.0002686704808906144	0.00026867026346364325	0.00026866996731899674	0.0002686695640437621	0.00026866901501482074	0.00026866826775109675	0.00026866725097234934	0.0002686658679100974	0.00026866398725830466	0.00026866143093989126	0.0002686579575809546	0.0002686532402041766	0.00026864683614411325	0.00026863814650709717	0.00026862636159156095	0.00026861038747562994	0.0002685887473704434	0.0002685594491997849	0.00026851980803029333	0.0002684662082170381	0.0002683937851556125	0.00026829599995994427	0.0002681640717159238	0.00026798622054397263	0.0002677466596944137	0.00026742425521330057	0.0002669907459588481	0.0002664083832001508	0.0002656268055636724	0.0002645789093928966	0.00026317540454013255	0.00026129766080130296	0.00025878835597457596	0.00025543935486936907	0.00025097624763243233	0.0002450392499329367	0.00023716125612154254	0.0002267472106649312	0.00021306848142035718	0.00019531054160630172	0.00017276562423689478	0.00014532852948035584	0.00011435035828893917	0.00008322640034924103	0.00005632797956440103	0.00003643403331366043	0.00002346725747722791	0.000015582410166682473	0.000010692148580497693	7.222487972427307e-6	4.379147903823588e-6	2.222226080293048e-6	1.0054576947383995e-6	4.7331452521361493e-7	2.387652797074039e-7	1.0474582378332998e-7	3.499208643421773e-8	1.1838519111435527e-8	4.355609166675664e-9	1.1425015271464595e-9	2.7860576297864245e-10	7.272181091418089e-11	1.2354650705050543e-11	2.4968362898215373e-12	3.19270876558042e-13	4.465742776477135e-14	2.4157508847713385e-15	7.343663605550931e-17	1.6648745832257505e-18	2.7739664256913904e-20	3.286563015487361e-22	5.768406225278649e-38
0.0002722830519708048	0.0002722830519387969	0.00027228305189626236	0.00027228305183954585	0.0002722830517636871	0.0002722830516619484	0.0002722830515251707	0.00027228305134089584	0.0002722830510921682	0.000272283050755901	0.0002722830503006469	0.0002722830496835568	0.0002722830488462301	0.00027228304770905395	0.0002722830461634826	0.00027228304406150825	0.00027228304120130545	0.00027228303730765854	0.000272283032005274	0.00027228302478239847	0.0002722830149412401	0.0002722830015304379	0.0002722829832530876	0.0002722829583414648	0.0002722829243864621	0.00027228287810553825	0.0002722828150270137	0.0002722827290606152	0.00027228261191381307	0.00027228245229863056	0.0002722822348542072	0.0002722819386842375	0.0002722815353721035	0.0002722809862892199	0.00027228023894643324	0.0002722792220515757	0.00027227783881855354	0.0002722759579153179	0.0002722734012263846	0.0002722699273211593	0.0002722652091386678	0.00027225880389003483	0.00027225011249955853	0.0002722383249972613	0.0002722223470656531	0.0002722007013329682	0.0002721713948644193	0.00027213174146244705	0.000272078123621405	0.0002720056739989588	0.0002719078496816184	0.00027177586383297784	0.00027159792786604934	0.0002713582422315281	0.00027103565416055486	0.0002706018748522253	0.00027001911489632415	0.00026923695304305995	0.0002681881973758202	0.00026678342732963	0.000264903819218365	0.00026239176192729215	0.0002590386843462693	0.00025456950794484196	0.0002486233959158425	0.00024073152064556453	0.00023029585170774645	0.00021658225784195324	0.00019876535979490537	0.00017611540561806926	0.00014848610814919015	0.00011717257511199058	0.00008554857464852874	0.00005806893449954657	0.00003766133467141845	0.000024333575748615158	0.000016228936484198803	0.000011207401083416177	7.642020230550798e-6	4.69374551681782e-6	2.4115992943625184e-6	1.098471349571312e-6	5.199895066496422e-7	2.6604035785748696e-7	1.1981363974776643e-7	4.073989687282345e-8	1.385396130203103e-8	5.235915984654217e-9	1.4241626434749723e-9	3.486753203804749e-10	9.510166249004212e-11	1.6576488534411086e-11	3.445671806534259e-12	4.611271633290805e-13	6.70964422435193e-14	3.8990706734636196e-15	1.1818054242465634e-16	2.661299159345804e-18	4.4018623512611405e-20	5.174538810565111e-22	9.017747695621411e-38
0.0002762103286206129	0.0002762103285885819	0.0002762103285460202	0.000276210328489272	0.0002762103284133761	0.00027621032831159377	0.00027621032817476507	0.00027621032799043016	0.00027621032774163183	0.00027621032740528126	0.0002762103269499286	0.0002762103263327216	0.00027621032549525557	0.0002762103243579129	0.00027621032281214105	0.0002762103207099236	0.0002762103178494236	0.00027621031395540924	0.0002762103086525655	0.0002762103014291088	0.000276210291587205	0.0002762102781754323	0.00027621025989679906	0.00027621023498345575	0.00027621020102611344	0.00027621015474196456	0.00027621009165894144	0.0002762100056862021	0.0002762098885303778	0.00027620972890226095	0.0002762095114391728	0.00027620921524212927	0.0002762088118905551	0.000276208262750027	0.0002762075153227642	0.00027620649830386316	0.00027620511488841927	0.00027620323371660535	0.0002762006766319241	0.00027619720214324176	0.00027619248310024576	0.0002761860765822528	0.00027617738331916743	0.00027616559305439003	0.00027614961104797324	0.0002761279593057144	0.0002760986439760267	0.0002760589775114701	0.0002760053404195889	0.000275932862434652	0.00027583499634312284	0.0002757029489854671	0.00027552492247836624	0.00027528510360832196	0.0002749623195211219	0.00027452825188995845	0.0002739450678839705	0.00027316228234599286	0.000272112609167035	0.0002707064886170601	0.0002688248905780611	0.000266309895757023	0.0002629524681850137	0.0002584768165368458	0.0002525209827029656	0.0002446143058123578	0.00023415559093310927	0.00022040486210241398	0.00020252520962377093	0.0001797634938302748	0.00015192947910211096	0.00012025737422592648	0.00008809486612481962	0.00005998380375950598	0.00003901417099494376	0.000025289981968720545	0.000016943977856502985	0.000011778832992768953	8.109619152214712e-6	5.048075466678162e-6	2.628105252050691e-6	1.2056699062637346e-6	5.738226348694159e-7	2.976740519939648e-7	1.3771842697670286e-7	4.7750303404013555e-8	1.6311419534545623e-8	6.324230877260648e-9	1.7894873301522973e-9	4.396097771469964e-10	1.2502248451712536e-10	2.2478555174862875e-11	4.77651411578805e-12	6.74509003223416e-13	1.0114848821542543e-13	6.3985745451211e-15	1.935350339267921e-16	4.32645030818343e-18	7.099279562008952e-20	8.2744654911073895e-22	1.4308768091165953e-37
0.00028046910407841514	0.0002804691040463591	0.0002804691040037681	0.0002804691039469855	0.0002804691038710494	0.00028046910376922	0.0002804691036323359	0.00028046910344793597	0.0002804691031990612	0.0002804691028626204	0.0002804691024071611	0.0002804691017898276	0.0002804691009522111	0.00028046909981468835	0.0002804690982686999	0.00028046909616622016	0.0002804690933053994	0.0002804690894109891	0.00028046908410765095	0.0002804690768835692	0.0002804690670408645	0.00028046905362805007	0.00028046903534804154	0.000280469010432856	0.00028046897647301115	0.0002804689301854159	0.00028046886709758945	0.0002804687811180849	0.00028046866395264094	0.00028046850431074033	0.0002804682868277704	0.00028046799060189805	0.00028046758720833904	0.0002804670380064613	0.00028046629048930817	0.0002804652733384319	0.00028046388972892227	0.0002804620082714101	0.0002804594507657817	0.00028045597565652176	0.0002804512556983089	0.00028044484783028945	0.0002804361525756412	0.00028042435937296594	0.0002804083730330719	0.0002803867148998612	0.000280357390146854	0.0002803177097912377	0.00028026405222794274	0.0002801915440828547	0.00028009363357042413	0.0002799615208082075	0.0002797833980296333	0.00027954343749410896	0.00027922044499617717	0.00027878607082286114	0.00027820243599034904	0.00027741898741886865	0.0002763683388993106	0.0002749607828261096	0.0002730770697729614	0.0002705589531103387	0.0002671969032696549	0.0002627143723846195	0.00025674821290592087	0.00024882582079558443	0.00023834264995071462	0.00022455254052457203	0.00020660638797173945	0.00018372628464552462	0.00015567518421443196	0.0001236212913843077	0.000090880980107715	0.0000620859943508015	0.00004050281902479758	0.000026344112663378464	0.000017733545304632762	0.000012411622939617314	8.63007481156792e-6	5.446705477474825e-6	2.875565781481453e-6	1.3292912400959908e-6	6.359443215321878e-7	3.3436398650523296e-7	1.5899239002780583e-7	5.6321698246985824e-8	1.9316127705822076e-8	7.670279915999902e-9	2.264744047925888e-9	5.582019526139531e-10	1.650164717346105e-10	3.0791938730863856e-11	6.644512141839676e-12	9.983855250345055e-13	1.5275983352462196e-13	1.0661565796294825e-14	3.2226884280035413e-16	7.14749101833973e-18	1.1627373723061136e-19	1.342708714252041e-21	2.3024594621483396e-37
0.00028507555820898227	0.00028507555817689916	0.00028507555813427646	0.00028507555807745684	0.0002850755580014773	0.0002850755578995969	0.0002850755577626531	0.00028507555757818304	0.0002850755573292257	0.00028507555699268757	0.00028507555653711325	0.0002850755559196433	0.00028507555508186446	0.0002850755539441477	0.00028507555239792604	0.0002850755502951639	0.0002850755474339983	0.0002850755435391625	0.00028507553823529355	0.00028507553101054156	0.000285075521166979	0.00028507550775305046	0.00028507548947157257	0.00028507546455442117	0.0002850754305919089	0.0002850753843006442	0.00028507532120770814	0.00028507523522101295	0.00028507511804535147	0.0002850749583888192	0.0002850747408847547	0.0002850744446283067	0.00028507404119023315	0.0002850734919233252	0.0002850727443109075	0.000285071727020187	0.00028507034320506474	0.0002850684614448822	0.0002850659034933313	0.0002850624277267105	0.00028505770679907404	0.0002850512975011172	0.0002850426001370782	0.0002850308038227631	0.000285014812893214	0.0002849931479913745	0.00028496381325836257	0.0002849241181913753	0.0002848704389481921	0.00028479789886325053	0.00028469994130988845	0.000284567759287323	0.00028438953456484754	0.0002841494240218607	0.00028382621084918115	0.0002833915121093853	0.0002828073999648588	0.00028202324944670955	0.0002809715684109975	0.0002795624927810351	0.0002776765411126329	0.00027515512056011226	0.0002717881796573251	0.00026729837098798	0.0002613212907318996	0.0002533822841537847	0.0002428732720224505	0.00022904158112203253	0.00021102526776686572	0.00018802031192834064	0.0001597400174916069	0.00012728130476530135	0.00009392328976957459	0.00006438968744620404	0.000042138246549680034	0.00002750414864004444	0.000018604093981940564	0.00001311135278038261	9.208579503125405e-6	5.8946454938218625e-6	3.1583002774972464e-6	1.4719314343692087e-6	7.076663990750029e-7	3.7691478191664173e-7	1.8425742595359913e-7	6.682318223532383e-8	2.2999592168727894e-8	9.33519373107717e-9	2.8842094650784617e-9	7.13592692722951e-10	2.1841522931498724e-10	4.257918484951351e-11	9.267562267988853e-12	1.4935256411434128e-12	2.3086073561313373e-13	1.8004029796296468e-14	5.451264137555244e-16	1.1987623546904778e-17	1.9319906573831688e-19	2.208796605738992e-21	3.753341457468739e-37
0.0002900459736193103	0.00029004597358719795	0.00029004597354454116	0.0002900459734876816	0.0002900459734116552	0.00029004597330972	0.00029004597317271185	0.0002900459729881663	0.00029004597273912	0.0002900459724024771	0.000290045971946779	0.00029004597132916234	0.00029004597049120894	0.00029004596935328363	0.0002900459678068115	0.00029004596570374614	0.0002900459628422107	0.00029004595894691906	0.0002900459536424819	0.0002900459464170134	0.00029004593657253497	0.0002900459231574183	0.00029004590487437574	0.00029004587995513356	0.00029004584598978794	0.00029004579969462997	0.0002900457365962782	0.0002900456506019684	0.0002900455334154953	0.00029004537374349037	0.0002900451562171307	0.00029004485992838045	0.0002900444564432949	0.000290043907107727	0.00029004315939474954	0.0002900421419564359	0.0002900407579243359	0.0002900388758447852	0.00029003631742274756	0.0002900328409625959	0.00029002811901224354	0.0002900217082057984	0.0002900130086165583	0.00029000120901985597	0.0002899852132489129	0.00028996354120734534	0.00028993419594738483	0.00028989448536312747	0.0002898407832529395	0.00028976820948007574	0.0002896702023125568	0.00028953794724317195	0.0002893596150071261	0.00028911934626697035	0.00028879590038122786	0.0002883608593851509	0.00028777624394035826	0.00028699135330179613	0.0002859385836756676	0.00028452790609784624	0.0002826395946773227	0.00028011469189800756	0.00027674259677637074	0.0002722451204443202	0.0002662565378415417	0.00025830003936642683	0.00024776383705938575	0.00023388842766553327	0.0002157984103829438	0.0001926623570163215	0.00016414112966655373	0.0001312549362533341	0.00009723894185846666	0.00006690994886656483	0.00004393220986663606	0.000028778889173145267	0.000019562579742809305	0.000013884054933627874	9.850770291347902e-6	6.397388176010088e-6	3.4811829939881396e-6	1.6366038039222398e-6	7.905132217004812e-7	4.262544985111309e-7	2.1423767037421932e-7	7.971022099196653e-8	2.7526473450981225e-8	1.1394054390578042e-8	3.6923126067228584e-9	9.181243910097574e-10	2.8958621208990454e-10	5.9383172310553e-11	1.2952379870670229e-11	2.2542584990648506e-12	3.4889161546197536e-13	3.0740861559133035e-14	9.35658596199184e-16	2.038897304683519e-17	3.2531611463734234e-19	3.6794091214074425e-21	6.1914442438026195e-37
0.0002954047545469586	0.00029540475451481486	0.0002954047544721213	0.00029540475441521875	0.0002954047543391421	0.00029540475423714787	0.0002954047541000705	0.0002954047539154436	0.00029540475366630176	0.0002954047533295462	0.00029540475287371496	0.0002954047522559406	0.00029540475141779976	0.0002954047502796505	0.00029540474873290953	0.00029540474662951926	0.00029540474376758754	0.00029540473987180806	0.0002954047345667637	0.0002954047273405303	0.00029540471749507543	0.00029540470407869403	0.0002954046857939882	0.0002954046608725267	0.0002954046269041776	0.00029540458060489763	0.00029540451750081854	0.00029540443149846384	0.00029540431430057773	0.0002954041546122509	0.00029540393706238647	0.0002954036407395973	0.00029540323720499124	0.00029540268779712194	0.00029540193997827635	0.0002954009223846076	0.00029539953812415224	0.000295397655708524	0.0002953950967914266	0.000295391619601571	0.0002953868965752168	0.0002953804841817544	0.0002953717822515534	0.00029535997920180723	0.00029534397833789225	0.0002953222987857729	0.0002952929424523733	0.00029525321554569093	0.0002951994893826097	0.0002951268801757097	0.0002950288208240417	0.0002948964889265656	0.0002947180436157157	0.00029447760850243287	0.0002941539178877666	0.0002937185169819081	0.0002931333723083684	0.0002923477034707171	0.00029129378933630875	0.00028988142767904005	0.0002879906357976888	0.000285462073175453	0.00028208456191007987	0.00027757903018617286	0.00027157836753900137	0.00026360350695310314	0.00025303877961459475	0.00023911754317548813	0.00022095033794840359	0.0001976770595572034	0.00016890333996315594	0.00013556701281938364	0.00010085170490975866	0.00006966735166130393	0.00004590063851739135	0.000030180195446787975	0.000020618322805696512	0.000014737748483785176	0.000010564055962048168	6.9620329388224125e-6	3.850485689366631e-6	1.8272379605537634e-6	8.864759583060037e-7	4.83585239314098e-7	2.498637705261741e-7	9.559027613526533e-8	3.312025905222455e-8	1.3946775074899218e-8	4.750074982632691e-9	1.1895760340102457e-9	3.8461212313357095e-10	8.35560991888951e-11	1.815648272356355e-11	3.4327107379772548e-12	5.281845454495792e-13	5.309454554590307e-14	1.6334115353489907e-15	3.5246521826893774e-17	5.562898716679958e-19	6.218778788270855e-21	1.035414425143287e-36
0.000301176987905197	0.00030117698787301956	0.0003011769878302865	0.00030117698777333774	0.00030117698769720685	0.0003011769875951493	0.00030117698745799754	0.0003011769872732833	0.00030117698702403873	0.0003011769866871622	0.000301176986231188	0.0003011769856132444	0.0003011769847749023	0.000301176983636513	0.00030117698208948396	0.00030117697998574566	0.00030117697712339007	0.0003011769732270893	0.0003011769679213968	0.0003011769606943481	0.0003011769508478541	0.0003011769374301288	0.0003011769191436584	0.0003011768942198459	0.0003011768602483198	0.00030117681394468585	0.0003011767508345642	0.0003011766648237312	0.00030117654761382826	0.00030117638790832943	0.0003011761703337521	0.0003011758739751929	0.0003011754703885704	0.0003011749209047807	0.0003011741729747974	0.00030117315521807484	0.0003011717707179863	0.0003011698879497268	0.00030116732851323536	0.0003011638505578651	0.0003011591264027706	0.00030115271234458415	0.0003011440079588947	0.00030113220128728595	0.00030111619508156503	0.00030109450765215194	0.0003010651397049046	0.00030102539567967827	0.00030097164429126745	0.0003008989979242791	0.00030080088384837046	0.0003006684713860898	0.00030048990750569123	0.0003002492979424645	0.00029992535073124427	0.0002994895724838726	0.00029890387298405944	0.00029811738837067463	0.0002970622745644649	0.00029564814783370304	0.0002937547565132902	0.0002912223590823366	0.0002878391738490028	0.0002833252054507486	0.0002773118954253434	0.00026931781970046124	0.0002587232621976081	0.00024475414419598216	0.00022650636989841993	0.0002030899355245128	0.00017405249044441363	0.00014024363548686516	0.00010478692767543515	0.00007268416672727638	0.00004806094414769624	0.0000317210798811897	0.000021781565146694593	0.000015681270437801105	0.000011356638879008796	7.596512995323637e-6	4.273419119413151e-6	2.048504440016901e-6	9.979289660902182e-7	5.503277140849926e-7	2.922414629130637e-7	1.152289816424932e-7	4.006992935911901e-8	1.7119571173162746e-8	6.137721821512876e-9	1.552876899420443e-9	5.116939455586903e-10	1.1860056310143703e-10	2.555151709852785e-11	5.268579402590625e-12	8.02415593310119e-13	9.267057588279169e-14	2.9054420442260018e-15	6.203678832641659e-17	9.67593342548934e-19	1.0680265389059047e-20	1.75783942742152e-36
0.00030736779989867693	0.0003073677998664634	0.0003073677998236881	0.0003073677997666898	0.000307367799690501	0.00030736779958837556	0.00030736779945114424	0.00030736779926633656	0.00030736779901698215	0.00030736779867997617	0.0003073677982238492	0.00030736779760572464	0.0003073677967671677	0.00030736779562852206	0.00030736779408118564	0.00030736779197707644	0.0003073677891142695	0.0003073677852174142	0.00030736777991103323	0.00030736777268311965	0.00030736776283552507	0.00030736774941637863	0.0003073677311280454	0.00030736770620175497	0.00030736767222688566	0.00030736762591867655	0.00030736756280221365	0.0003073674767824935	0.00030736735956000705	0.0003073671998365412	0.000307366982236125	0.0003073666858401873	0.00030736628219923436	0.0003073657326361753	0.0003073649845901851	0.0003073639666633038	0.00030736258191318397	0.0003073606987770414	0.0003073581387987487	0.00030735466004490434	0.0003073499347125474	0.0003073435189181638	0.0003073348119716697	0.00030732300152298966	0.0003073069897467313	0.0003072852941029626	0.0003072559140453025	0.0003072161521700991	0.0003071623744793894	0.0003070896893671088	0.0003069915182345092	0.0003068590217769863	0.00030668033428385807	0.0003064395428595982	0.00030611532816563337	0.0003056791565923246	0.0003050928788039473	0.00030430554398293747	0.0003032491799842484	0.0003018332140481055	0.0002999371144650998	0.000297400722328249	0.00029401162776171295	0.00028948887510990004	0.0002834624015030268	0.0002754483365478579	0.0002648227688918391	0.0002508039210667303	0.0002324725537885753	0.00020890767957114777	0.0001795964428756031	0.00014529449657882927	0.00010905616292445022	0.00007597220636048572	0.00005042313867529358	0.00003340928873660034	0.00002305855667024561	0.000016720205316177097	0.000012233973775030522	8.306555887253368e-6	4.7558934680842985e-6	2.304604683582928e-6	1.1270249113916793e-6	6.277501584493707e-7	3.4239029439328464e-7	1.3942171156948908e-7	4.868947756088839e-8	2.1044803197635618e-8	7.944923895543525e-9	2.0387487647635984e-9	6.804280411304023e-10	1.6914336467884797e-10	3.602177472120511e-11	8.098362815981163e-12	1.220194470697019e-12	1.618701741279297e-13	5.229131657575578e-15	1.1042589370622925e-16	1.7007867763898979e-18	1.8521442792194723e-20	3.011190645555293e-36
0.000314003285428612	0.0003140032853963598	0.0003140032853535393	0.0003140032852964881	0.0003140032852202374	0.0003140032851180393	0.0003140032849807229	0.00031400328479581533	0.0003140032845463435	0.0003140032842091993	0.0003140032837529091	0.0003140032831345914	0.0003140032822958051	0.00031400328115688606	0.0003140032796092221	0.00031400327750471786	0.00031400327464143073	0.0003140032707439863	0.00031400326543687483	0.000314003258208045	0.0003140032483592863	0.0003140032349386395	0.00031400321664834275	0.0003140031917194453	0.0003140031577410645	0.0003140031114280576	0.00031400304830495426	0.00031400296227593945	0.00031400284504030706	0.00031400268529808815	0.0003140024676707237	0.00031400217123582665	0.0003140017675382743	0.00031400121789266854	0.0003140004697259139	0.0003139994516219398	0.00031399806661165007	0.00031399618309276505	0.00031399362255085314	0.0003139901429664574	0.00031398541640963087	0.0003139789988095349	0.0003139702891998289	0.00031395847482318856	0.0003139424572540689	0.00031392075306838893	0.0003138913604177903	0.00031385157998204023	0.000313797774942913	0.00031372504954586106	0.00031362681909185647	0.00031349423530906785	0.0003133154193088825	0.00031307443883330725	0.00031274994609797977	0.0003123133656998096	0.0003117264868815258	0.0003109382684953077	0.0003098806053838909	0.00030846272849602014	0.0003065638154016116	0.0003040232740386431	0.0003006280429234135	0.0002960961709298395	0.0002900560369897321	0.00028202123974600715	0.0002713635331886628	0.00025729319588228854	0.00023887537273521015	0.0002151570756274683	0.0001855625073062682	0.00015074754751026706	0.00011368717444929752	0.00007955651301855688	0.00005300715434172001	0.00003525980636711603	0.000024461103248293302	0.000017864765584009725	0.00001320558812132809	9.10147714640935e-6	5.306792235755165e-6	2.601722669247041e-6	1.2769439351487157e-6	7.177153354688682e-7	4.0175997783894483e-7	1.6928890975267238e-7	5.943388148657806e-8	2.5911227583663576e-8	1.0297575199866565e-8	2.6934005251126587e-9	9.047795454706706e-10	2.422384357109236e-10	5.094878086782505e-11	1.2449931865764929e-11	1.862459708045073e-12	2.8247100033934517e-13	9.545056496799176e-15	1.9925214915284044e-16	3.027821227194029e-18	3.2499270391454714e-20	5.2145902404493626e-36
0.00032112056810771136	0.00032112056807541775	0.0003211205680325489	0.00032112056797544114	0.0003211205678991241	0.0003211205677968484	0.000321120567659441	0.0003211205674744266	0.00032112056722482916	0.0003211205668875371	0.00032112056643107255	0.0003211205658125485	0.0003211205649735173	0.00032112056383430654	0.00032112056228629336	0.00032112056018136835	0.00032112055731757034	0.00032112055341949983	0.00032112054811161316	0.0003211205408818127	0.00032112053103182294	0.00032112051760959244	0.0003211204993172274	0.0003211204743855888	0.0003211204404035227	0.00032112039408548933	0.00032112033095543996	0.0003211202449167165	0.00032112012766736907	0.00032111996790560536	0.00032111975025017907	0.0003211194537747408	0.00032111905001832474	0.00032111850028690816	0.0003211177519946585	0.00032111673370670654	0.0003211153484261909	0.0003211134645098371	0.00032111090338269796	0.00032110742293599964	0.00032110269510799507	0.00032109627563342786	0.0003210875632592482	0.00032107574480548203	0.0003210597212237591	0.00032103800817247425	0.0003210086024522266	0.0003209688027540578	0.00032091496933342673	0.00032084220213158263	0.0003207439101206513	0.0003206112357265351	0.0003204322863903905	0.0003201911097714707	0.00031986632858370265	0.00031942932408484287	0.0003188418218328797	0.0003180526870327277	0.000316993676659261	0.0003155738182523519	0.00031367198820045426	0.0003111271458774759	0.00030772555534960404	0.00030318423582477157	0.00029712995598486314	0.0002890737020802806	0.0002783827603853208	0.00026425923325240923	0.00024575220463484695	0.00022187571973603944	0.00019198865300853232	0.00015664109657571954	0.00011871744318994565	0.00008347057382377086	0.000055839539952861474	0.00003729253641599208	0.000026004826857956664	0.000019128397351438364	0.000014283940360253782	9.993322688165594e-6	5.937551321895916e-6	2.9479828569273393e-6	1.4518943902512374e-6	8.226663002681684e-7	4.72232497472964e-7	2.0632658155760005e-7	7.293682124220979e-8	3.197604118194171e-8	1.3366952777440951e-8	3.5856053010877013e-9	1.2047846388475511e-9	3.485177831458279e-10	7.250773101515554e-11	1.9143845116450336e-11	2.8670320237559734e-12	4.924378347035433e-13	1.7771762406754395e-14	3.665153791044769e-16	5.488488137510474e-18	5.799108625132956e-20	9.172445799501066e-36
0.00032871645401719927	0.00032871645398486164	0.0003287164539419413	0.0003287164538847732	0.0003287164538083857	0.0003287164537060273	0.000328716453568523	0.0003287164533833949	0.00032871645313366395	0.00032871645279621464	0.0003287164523395646	0.0003287164517208213	0.00032871645088153003	0.00032871644974200953	0.0003287164481936258	0.0003287164460882549	0.0003287164432239162	0.00032871643932518376	0.0003287164340164789	0.0003287164267856555	0.0003287164169343709	0.0003287164035104778	0.00032871638521594584	0.000328716360281441	0.000328716326295529	0.0003287162799722598	0.00032871621683498703	0.00032871613078618196	0.00032871601352261136	0.0003287158537406004	0.0003287156360561306	0.00032871533953876384	0.00032871493572150714	0.0003287143859014404	0.00032871363747959326	0.00032871261900170687	0.00032871123344228154	0.0003287093491157616	0.0003287067873847863	0.00032870330604846523	0.0003286985769091267	0.0003286921555010088	0.0003286834402753919	0.00032867161761645136	0.00032865558783356515	0.00032863386563902427	0.0003286044464403566	0.0003285646268780592	0.00032851076419064177	0.0003284379538819527	0.00032833959840011025	0.00032820683058201684	0.00032802774377942433	0.0003277863649541901	0.000327461286419325	0.0003270238447773208	0.0003264356999753195	0.000325645620760162	0.0003245852221227407	0.00032316332217283866	0.0003212584872948724	0.00031870921534282487	0.0003153010768140082	0.00031075003280000413	0.00030468119881969016	0.0002966028823656197	0.0002858777952329204	0.0002716996803877008	0.0002531012130949725	0.00022906270389633565	0.0001988756785514789	0.00016297885434848474	0.00012415443980445237	0.00008772431992199486	0.00005892976451143382	0.000039515073142724974	0.000027695916417503726	0.000020516729112385164	0.000015474691266623676	0.000010988315600727395	6.655444414936466e-6	3.3495234019925095e-6	1.6551392108203056e-6	9.444350647604948e-7	5.552576225096046e-7	2.518849478568731e-7	8.983126043966465e-8	3.948304294427272e-8	1.7321275158178114e-8	4.79537776276711e-9	1.6023929556231825e-9	5.006230671517883e-10	1.035017971523258e-10	2.9205541445177994e-11	4.4332310443589734e-12	8.463342987854264e-13	3.335801851307711e-14	6.797370811784559e-16	1.0023405455175325e-17	1.0416918876008694e-19	1.622986346605776e-35
0.0003368451308160522	0.0003368451307836676	0.0003368451307406922	0.0003368451306834598	0.000336845130606997	0.0003368451305045505	0.0003368451303669428	0.00033684513018169345	0.00033684512993182003	0.00033684512959420305	0.00033684512913735533	0.0003368451285183784	0.00033684512767881024	0.0003368451265389603	0.00033684512499018265	0.0003368451228843381	0.0003368451200194257	0.0003368451161199923	0.00033684511081042215	0.0003368451035785188	0.00033684509372587	0.00033684508030022914	0.000336845062003424	0.00033684503706591913	0.00033684500307599026	0.00033684495674726376	0.0003368448936024757	0.0003368448075431994	0.0003368446902648771	0.0003368445304618921	0.0003368443127473676	0.0003368440161866488	0.00033684361230652945	0.000336843062394916	0.00033684231383929576	0.0003368412951654227	0.0003368399093182778	0.00033683802456872385	0.00033683546221507097	0.00033683197996148555	0.0003368272494702056	0.0003368208260688247	0.00033681210790391066	0.0003368002809104694	0.00033678424473603517	0.00033676251311796424	0.0003367330800283508	0.0003366932399949573	0.0003366393471478854	0.0003365664924195348	0.0003364680715373804	0.0003363352074611573	0.000336155979031673	0.0003359143918956918	0.0003355890070620761	0.00033515111515767095	0.0003345623085903503	0.00033377125682884705	0.0003327094287634888	0.00033128542705843127	0.00032937749929979715	0.00032682366892373537	0.0003234087938925348	0.000318847749084702	0.0003127639546652089	0.00030466297467505955	0.00029390284337163817	0.0002796687694377954	0.00026097668975436805	0.00023677244478702774	0.0002062782068607202	0.00016981547641950237	0.00013005134157820998	0.00009236536660622407	0.0000623157663875423	0.00004195587248488122	0.00002955662955424762	0.000022048841428562042	0.00001679544061075362	0.000012103347165532254	7.4766482887509484e-6	3.818520983368072e-6	1.8931254457131113e-6	1.086688245407692e-6	6.536141849502024e-7	3.0830299705623816e-7	1.1122431459721216e-7	4.886193280008196e-8	2.2441183636672276e-8	6.461087087237213e-9	2.1354861358528926e-9	7.196196569149574e-10	1.4900486598067104e-10	4.43667213004112e-11	6.94342964148946e-12	1.4415548976995768e-12	6.393053794406247e-14	1.2872885056920619e-15	1.8666208840803805e-17	1.9052012959131998e-19	2.919911161877999e-35
0.00034550666345729874	0.0003455066634248642	0.0003455066633818304	0.0003455066633245296	0.0003455066632479868	0.0003455066631454465	0.0003455066630077291	0.00034550666282235097	0.00034550666257232625	0.0003455066622345313	0.0003455066617774739	0.00034550666115824917	0.0003455066603183874	0.0003455066591781883	0.00034550665762899383	0.00034550665552264857	0.0003455066526571303	0.00034550664875695764	0.00034550664344647637	0.00034550663621343836	0.00034550662635935884	0.00034550661293188904	0.0003455065946327109	0.00034550656969208114	0.00034550653569797766	0.0003455064893635917	0.0003455064262110253	0.0003455063401409301	0.00034550622284739005	0.00034550606302279654	0.00034550584527734266	0.0003455055486720502	0.0003455051447273451	0.0003455045947217307	0.0003455038460288162	0.0003455028271538729	0.0003455014410116306	0.00034549955582829483	0.0003454969928362586	0.00034549350964240374	0.00034548877776542853	0.00034548235232119813	0.00034547363114410476	0.00034546179970895594	0.00034544575698521566	0.0003454240157115482	0.0003453945683895915	0.0003453547073830404	0.000345300783638293	0.0003452278834058874	0.0003451293955307814	0.0003449964328591257	0.0003448170593739458	0.00034457525890103073	0.00034424956040590395	0.00034381120746129615	0.0003432217233620446	0.00034242967600623954	0.0003413663848438993	0.0003399402322296126	0.000338029139868115	0.0003354706464599599	0.00033204888235683635	0.0003274776141244265	0.0003213785339130521	0.00031325441324036104	0.0003024585328882079	0.0002881674427083853	0.00026938011115153	0.0002450073775564219	0.00021420044866851562	0.000177158289555814	0.00013641971331147365	0.00009740818803896934	0.00006601122763183648	0.00004462583066747522	0.00003159571340639454	0.00002373254777438576	0.000018253891307626368	0.000013346649025041719	8.410764842722889e-6	4.3638109160236354e-6	2.170740805018521e-6	1.2520910303477364e-6	7.693423700677652e-7	3.775757668424871e-7	1.3820850326396799e-7	6.0514772193788e-8	2.8989616014013677e-8	8.741330980378354e-9	2.845650687801187e-9	1.029165860552861e-9	2.1569332276507788e-10	6.66997114314604e-11	1.0966800724491228e-11	2.408892735140637e-12	1.2354700692692621e-13	2.4614501881815006e-15	3.50669508137197e-17	3.511757066498851e-19	5.289509375001455e-35
0.00035474679350730427	0.00035474679347481664	0.00035474679343172063	0.00035474679337434714	0.0003547467932977192	0.00035474679319507936	0.00035474679305724517	0.0003547467928717301	0.00035474679262154465	0.00035474679228356067	0.00035474679182628046	0.00035474679120679265	0.0003547467903666194	0.0003547467892260502	0.0003547467876764141	0.0003547467855695389	0.0003547467827033805	0.00035474677880242773	0.0003547467734909869	0.0003547467662567559	0.0003547467564011756	0.00035474674297179197	0.00035474672467013653	0.0003547466997262528	0.000354746665727813	0.0003547466193875621	0.0003547465562269522	0.0003547464701456909	0.0003547463528364719	0.000354746192989647	0.0003547459752124119	0.000354745678561364	0.00035474527455041637	0.0003547447244484532	0.00035474397561489077	0.00035474295653405174	0.0003547415700897287	0.0003547396844624608	0.0003547371208172362	0.0003547336366614563	0.0003547289033670497	0.0003547224758333978	0.00035471375157570607	0.00035470191559829176	0.00035468586617739124	0.00035466411503072527	0.00035463465315683325	0.0003545947707073672	0.00035454081537477804	0.0003544678686248516	0.00035436931226950013	0.00035423624882088893	0.0003540567270826169	0.00035381470858981804	0.0003534886895796139	0.0003530498655722754	0.000352459689297337	0.0003516666249687674	0.00035060183952651035	0.0003491734905589661	0.0003472591674219673	0.00034469591470462824	0.00034126712154889825	0.0003366854264491077	0.0003305707647123532	0.0003224230728584434	0.0003115908142060949	0.0002972417782337544	0.0002783577815301926	0.00025381422459881057	0.0002226898917370036	0.00018505594274807036	0.00014330879565386238	0.00010289903720229401	0.00007005431049114961	0.00004755392882635423	0.000033835874350981845	0.00002558739469424929	0.00001986824962054766	0.000014735991354856211	9.47568018691186e-6	5.000412563617182e-6	2.4962905413596193e-6	1.4452216432225446e-6	9.058599490404382e-7	4.6279723927615003e-7	1.7251940702916872e-7	7.508460679975301e-8	3.736927541712523e-8	1.1889171225562068e-8	3.8001345113719235e-9	1.4654872138203083e-9	3.151213622689361e-10	9.949769222176096e-11	1.7557608811841993e-11	3.964954314385687e-12	2.4255742863383786e-13	4.793225127333325e-15	6.699780652392461e-17	6.573124060674589e-19	9.716752605107453e-35
0.0003645811721078105	0.00036458117207526636	0.0003645811720321045	0.0003645811719746539	0.00036458117189793566	0.0003645811717951901	0.00036458117165723205	0.0003645811714715718	0.00036458117122121586	0.0003645811708830315	0.00036458117042551533	0.00036458116980574894	0.00036458116896524604	0.00036458116782428545	0.0003645811662741826	0.0003645811641667482	0.0003645811612999149	0.0003645811573981411	0.0003645811520856922	0.00036458114485021044	0.00036458113499306035	0.0003645811215616797	0.0003645811032574461	0.00036458107831018456	0.0003645810443072551	0.00036458099796094715	0.0003645809347920493	0.0003645808486993065	0.0003645807313739956	0.0003645805715043895	0.00036458035369463097	0.0003645800569968104	0.00036457965291820954	0.00036457910271791633	0.0003645783537408986	0.00036457733445015045	0.0003645759476979688	0.00036457406161840655	0.00036457149730783706	0.0003645680121724027	0.000364563277434641	0.00036455684777359746	0.0003645481203795995	0.00036453627977814373	0.0003645202235400283	0.00036449846234401625	0.00036446898565919983	0.00036442908138657027	0.00036437509390813	0.0003643020998221975	0.00036420347378693434	0.0003640703078040762	0.0003638906352414247	0.0003636483949690801	0.0003633220499520871	0.0003628827468685046	0.0003622918667358575	0.0003614977684265696	0.000360431463971412	0.0003590008827333728	0.00035708327674317174	0.00035451518933251447	0.00035107925822453525	0.00034648697931147373	0.0003403565105211987	0.00033218492452451474	0.00032131582681041876	0.00030690818866060233	0.0002879265777754346	0.0002632106962394866	0.00023176579933657524	0.00019353046550211773	0.00015074437950977568	0.00010886566547481547	0.00007446986518452855	0.00005075957751087479	0.00003629242542568738	0.000027626734377671744	0.000021651265516682767	0.000016284342358747843	0.000010685648839226422	5.741985022031701e-6	2.877700691260931e-6	1.670317643699692e-6	1.0662937682852918e-6	5.669936324544009e-7	2.1611058112989328e-7	9.327655186777587e-8	4.800615504163697e-8	1.62166602772689e-8	5.082607097362188e-9	2.07145697345571e-9	4.639373876875342e-10	1.4699379561609495e-10	2.839344105049489e-11	6.4118868305757376e-12	4.796838230407066e-13	9.447766485154177e-15	1.294273825589969e-16	1.2425128956565803e-18	1.800621004367928e-34
0.0003750511230529793	0.0003750511230203755	0.0003750511229771436	0.0003750511229196111	0.00037505112284279713	0.0003750511227399394	0.00037505112260185006	0.00037505112241603575	0.0003750511221654991	0.0003750511218271024	0.00037505112136933613	0.0003750511207492748	0.00037505111990842287	0.00037505111876704833	0.0003750511172164524	0.00037505111510842767	0.0003750511122408831	0.00037505110833824544	0.0003750511030247377	0.00037505109578794523	0.00037505108592915376	0.00037505107249569065	0.000375051054188776	0.00037505102923801175	0.00037505099523043933	0.0003750509488778848	0.0003750508857004609	0.00037505079959593377	0.0003750506822541402	0.00037505052236123997	0.00037505030451827554	0.0003750500077727591	0.00037504960362523966	0.0003750490533248583	0.0003750483042019161	0.00037504728469775614	0.00037504589763270505	0.0003750440110936345	0.00037504144610727824	0.00037503795997701324	0.00037503322377376697	0.00037502679195298885	0.00037501806137533566	0.0003750062160804522	0.00037499015292338594	0.00037496838152881396	0.0003749388898142224	0.0003748989633975985	0.0003748449433031185	0.00037477190119259926	0.00037467320446972144	0.000374539934479782	0.0003743601089409184	0.00037411764374981646	0.00037379096815132504	0.00037335117933345364	0.0003727595856686168	0.00037196443933936374	0.0003708965955356775	0.00036946375263051536	0.00036754282139453594	0.0003649698383361081	0.00036152668196018215	0.0003569236947924734	0.0003507772428485268	0.0003425815161032743	0.00033167523938576357	0.00031720854068005176	0.0002981287068203776	0.00027323961534589375	0.00024147214216897278	0.0002026278186244747	0.00015877472697570653	0.00011535568361138019	0.00007929871049122469	0.0000542741907229481	0.000038989957216265435	0.000029871746737948395	0.00002362278089292533	0.000018011256653983738	0.000012060973500888366	6.607519830719801e-6	3.3261811383173875e-6	1.933369604572028e-6	1.2549965306199283e-6	6.942353410679035e-7	2.717663853245953e-7	1.1610243298863316e-7	6.148791720427797e-8	2.2176695124402263e-8	6.820022527940258e-9	2.9077111247658103e-9	6.89576381809386e-10	2.1560590182987117e-10	4.6419160371914465e-11	1.0233035075783135e-11	9.57338446392189e-13	1.895716639164658e-14	2.5416159925995344e-16	2.3836356192998123e-18	3.3812677913830126e-34
0.0003861785449477028	0.0003861785449150355	0.00038617854487172954	0.0003861785448141103	0.00038617854473719485	0.00038617854463421846	0.00038617854449598995	0.00038617854431001274	0.0003861785440592848	0.00038617854372066337	0.0003861785432626326	0.00038617854264225946	0.0003861785418010389	0.00038617854065922734	0.00038617853910811144	0.00038617853699946485	0.00038617853413117206	0.0003861785302276272	0.00038617852491300975	0.0003861785176748463	0.0003861785078143425	0.00038617849437871276	0.00038617847606901677	0.0003861784511146293	0.00038617841710226856	0.00038617837074329055	0.0003861783075571227	0.00038617822144053934	0.00038617810408192037	0.00038617794416528613	0.00038617772628854404	0.0003861774294945752	0.00038617702527712216	0.00038617647487526846	0.00038617572560449125	0.0003861747058842481	0.0003861733185025543	0.00038617143149859904	0.0003861688658287424	0.00038616537869250905	0.0003861606410076316	0.00038615420700363406	0.0003861454732080875	0.000386133623169781	0.0003861175530206796	0.00038609577132069035	0.0003860662644200466	0.0003860263156309635	0.0003859722625866665	0.00038589917196437567	0.0003858004038435365	0.0003856670288114943	0.00038548704879187457	0.00038524435649716434	0.0003849173471505949	0.00038447706801802674	0.0003838847542088679	0.00038308855034140983	0.00038201915352820533	0.00038058402941976366	0.00037865974512880257	0.0003760818270840881	0.00037263139027440156	0.00036801761846354817	0.00036185507970493277	0.00035363507627999077	0.00034269145329939916	0.0003281655139098171	0.00030898731771821305	0.0002839249693018721	0.00025183448105965515	0.00021237647281738083	0.00016743262665648746	0.00012240468575204052	0.00008457333125605696	0.000058123302788248303	0.00004194848389347802	0.00003233974079314467	0.00002579921419869447	0.00001993325474453827	0.000013619626781538752	7.615649253912192e-6	3.8534007386732465e-6	2.2404679916689714e-6	1.4763006611731241e-6	8.486755943247978e-7	3.427435025649104e-7	1.4474848688318011e-7	7.846759887572e-8	3.032536374125049e-8	9.179942407432668e-9	4.0475434216992405e-9	1.0323316296011285e-9	3.1395920036706075e-10	7.623988164871513e-11	1.6132958884702263e-11	1.9080504174599248e-12	3.853125127555706e-14	5.050169487381522e-16	4.6206447853036695e-18	6.407802019487151e-34
0.0003980092834437964	0.000398009283411062	0.00039800928336767747	0.0003980092833099665	0.0003980092832329435	0.0003980092831298413	0.00039800928299146555	0.00039800928280531574	0.00039800928255438533	0.0003980092822155261	0.0003980092817572157	0.0003980092811365128	0.0003980092802949028	0.0003980092791526299	0.0003980092776009655	0.0003980092754916639	0.00039800927262258396	0.0003980092687180865	0.00039800926340230594	0.000398009256162709	0.00039800924630041935	0.0003980092328625365	0.00039800921454995707	0.00039800918959182526	0.0003980091555745317	0.00039800910920895693	0.0003980090460138356	0.0003980089598849403	0.0003980088425091808	0.0003980086825684183	0.0003980084646573994	0.0003980081678143356	0.00039800776352610955	0.0003980072130216682	0.00039800646360155245	0.00039800544366316794	0.0003980040559619785	0.00039800216848913926	0.0003979996021301184	0.0003979961139798385	0.00039799137480172844	0.00039798493859776905	0.0003979762015600931	0.00039796434674319714	0.00039794826955090413	0.00039792647747110145	0.00039789695527617827	0.00039785698395723343	0.0003978028977344181	0.00039772975826842205	0.00039763091826866206	0.00039749743749951705	0.00039731730199576813	0.00039707438115384387	0.0003967470359876946	0.0003963062635787962	0.00039571322540729923	0.0003949159580241933	0.00039384499978036214	0.00039240758269625816	0.0003904799290618474	0.0003878970538258862	0.0003844393069825851	0.00037981471252367517	0.00037363604141487045	0.00036539171462139316	0.00035441071810228916	0.000339825584668353	0.00032054927113314496	0.0002953143074741479	0.0002629016595112269	0.00022282764922521643	0.00017677262422693697	0.0001300681272242326	0.0000903427401831297	0.00006234506322104361	0.00004519776723573793	0.00003505625041624247	0.00002820448059260638	0.000022073903355946847	0.00001538617166329332	8.791312208831158e-6	4.4753891235384444e-6	2.5999815597620936e-6	1.7360740469456094e-6	1.0357639200508987e-6	4.3355654865245487e-7	1.8090346237084852e-7	9.983634310207283e-8	4.143326385787738e-8	1.2418216978902916e-8	5.594116116382842e-9	1.5567869802067879e-9	4.553353699140733e-10	1.254394799857351e-10	2.527436604654156e-11	3.787127231750972e-12	7.982059586394117e-14	1.021229591753989e-15	9.09872162916104e-18	1.2314224508787394e-33
0.0004105661103610051	0.00041056611032819966	0.00041056611028473215	0.000410566110226924	0.00041056611014978747	0.0004105661100465523	0.0004105661099080209	0.0004105661097216886	0.00041056610947054446	0.0004105661091314341	0.00041056610867282834	0.0004105661080517775	0.0004105661072097568	0.00041056610606699775	0.00041056610451475586	0.00041056610240476545	0.00041056609953485926	0.0004105660956293632	0.0004105660903123661	0.0004105660830712733	0.000410566073207125	0.00041056605976690417	0.0004105660414513423	0.0004105660164893502	0.0004105659824669881	0.0004105659360946577	0.0004105658728903958	0.0004105657867489673	0.00041056566935580526	0.00041056550939060104	0.00041056529144492835	0.0004105649945523109	0.00041056459019274795	0.00041056403958501526	0.00041056329001467234	0.0004105622698570032	0.00041056088183482557	0.00041055899389112266	0.000410556426840273	0.00041055293767231003	0.000410548196995948	0.0004105417585850264	0.0004105330182954186	0.00041052115868609547	0.00041050507443100875	0.0004104832719435826	0.0004104537344149688	0.00041041374051041106	0.00041035962103044675	0.00041028643261041786	0.00041018752057786386	0.00041005393385825354	0.0004098736425787699	0.0004096304927953599	0.000409302811286407	0.0004088615449221709	0.0004082677815380034	0.00040746944962837754	0.00040639692886116914	0.0004049572178496359	0.0004030261945781171	0.0004004383636273457	0.0003969733123203158	0.0003923379096746021	0.00038614313953007015	0.0003778745625984999	0.00036685635116157496	0.00035221236713534314	0.00033283867645574804	0.00030743261581953453	0.00027470031811499844	0.00023401118327326788	0.0001868298635944929	0.00013838592449007283	0.00009664499453447988	0.00006696987706060427	0.000048761512982625036	0.000038041635393425846	0.000030857852357241014	0.00002445254835021007	0.000017381580871260636	0.000010158173841153026	5.208680535071217e-6	3.020372436545539e-6	2.040071558980922e-6	1.2608930924015732e-6	5.493295038237947e-7	2.2656124536771657e-7	1.265766249494207e-7	5.639222081739773e-8	1.6877641257940665e-8	7.671598408178117e-9	2.353444389408795e-9	6.580195648330789e-10	2.048305717706807e-10	3.94253657410545e-11	7.37263923447249e-12	1.6747696904117015e-13	2.0896994982348966e-15	1.8103545225524e-17	2.3878565751703505e-33
0.0004239037353470794	0.0004239037353141988	0.00042390373527064347	0.00042390373521273254	0.0004239037351354758	0.0004239037350321	0.000423903734893404	0.00042390373470687894	0.0004239037344555086	0.0004239037341161329	0.0004239037336572152	0.0004239037330357971	0.00042390373219334306	0.00042390373105007133	0.0004239037294972214	0.0004239037273865064	0.00042390372451573213	0.0004239037206091892	0.00042390371529091927	0.00042390370804826514	0.00042390369818218226	0.0004239036847395357	0.0004239036664208898	0.00042390364145492	0.00042390360742735364	0.0004239035610481119	0.0004239034978345307	0.0004239034116803639	0.00042390329426956596	0.0004239031342796543	0.00042390291629902763	0.00042390261935651923	0.0004239022149252438	0.000423901664213805	0.0004239009144927849	0.00042389989411535027	0.000423898505771688	0.00042389661735663483	0.00042389404961351904	0.000423890559427554	0.0004238858172528524	0.0004238793766353018	0.000423870633094794	0.0004238587686952648	0.0004238426773816469	0.0004238208644941101	0.00042379131164465965	0.0004237512951760609	0.0004236971424746962	0.00042362390515932144	0.0004235249211899813	0.00042339122867685584	0.0004232107818763435	0.00042296740356495175	0.0004226393863833803	0.00042219762714967743	0.0004216031403118123	0.0004208037467249631	0.00041972966805578645	0.00041828767062882286	0.0004163532899807314	0.0004137605234536523	0.0004102882010775279	0.0004056420463928485	0.00039943127348640107	0.00039113861588406545	0.0003800834980855913	0.00036538124747898106	0.0003459113226494315	0.00032033639758907484	0.0002872883081957206	0.00024598751664904915	0.00019766891723380035	0.00014742512992887464	0.0001035410859998497	0.00007204582109864282	0.00005267708229385337	0.000041327765519431834	0.00003378911237866952	0.00002709846487222908	0.00001963612947801278	0.000011748780918091702	6.076555265997823e-6	3.5136479052614784e-6	2.396362644344712e-6	1.5313735315065508e-6	6.971445999318437e-7	2.8463752656723463e-7	1.6006767910511875e-7	7.641321128704981e-8	2.3094668236216753e-8	1.0459916292697667e-8	3.5607270797305143e-9	9.514665918127925e-10	3.308323748537672e-10	6.169301433153562e-11	1.4011741875292667e-11	3.5870590722098574e-13	4.36002694390653e-15	3.664872068600228e-17	4.7016954137569025e-33
0.0004380460062755941	0.0004380460062426342	0.000438046006198986	0.00043804600614096663	0.00043804600606358305	0.00043804600596005877	0.00043804600582118895	0.0004380460056344604	0.00043804600538285154	0.0004380460050431959	0.0004380460045839493	0.0004380460039621442	0.0004380460031192337	0.00043804600197542263	0.0004380460004219333	0.0004380459983104575	0.00043804599543877316	0.00043804599153113457	0.0004380459862115355	0.0004380459789672549	0.00043804596909916243	0.00043804595565400404	0.000438045937332176	0.00043804591236211676	0.00043804587832922025	0.00043804583194292663	0.0004380457687198712	0.00043804568255279794	0.0004380455651241873	0.0004380454051093887	0.00043804518709363786	0.0004380448901010968	0.000438044485598026	0.0004380439347829043	0.0004380431849114099	0.00043804216431470174	0.0004380407756505033	0.0004380388867657595	0.00043803631833312363	0.0004380328271335589	0.0004380280834674256	0.0004380216406539366	0.0004380128938788918	0.0004380010247140718	0.00043798492637966285	0.0004379631031490568	0.00043793353506482133	0.00043789349616181163	0.0004378393104343098	0.0004377660245178802	0.0004376669690554055	0.00043753317141772803	0.0004373525701069207	0.0004371089647963908	0.00043678061425740867	0.00043633836566576035	0.00043574316070924945	0.0004349427135685728	0.00043386708939797383	0.00043242282454902234	0.00043048511574317485	0.000427887458865763	0.0004244079360163622	0.0004197511408279216	0.00041352454441346805	0.0004052081012425794	0.0003941165790787749	0.00037935695180505135	0.00035979244006572654	0.00033405176612974984	0.0003006934146418165	0.00025878779164370275	0.00020932711855770777	0.00015723014719199924	0.00011107556340557547	0.00007760926733596883	0.000056972675930818996	0.000044938639213641615	0.00003702090015680206	0.00003003431251095914	0.000022174099434603805	0.000013592250034032473	7.1023969409256565e-6	4.0917302376121605e-6	2.8126282965486484e-6	1.8541553207602223e-6	8.846183465194204e-7	3.585739792613613e-7	2.0180959113420822e-7	1.0280983089882528e-7	3.178892981748107e-8	1.4175460256640717e-8	5.355801824346282e-9	1.3776506815267207e-9	5.244988257107461e-10	9.70816211157071e-11	2.5663170291375886e-11	7.778949746635937e-13	9.211022529565648e-15	7.500068342850745e-17	9.344199706518809e-33
0.0004530541420122085	0.00045305414197916474	0.0004530541419354185	0.0004530541418772845	0.00045305414179976685	0.0004530541416960858	0.00045305414155703236	0.0004530541413700889	0.0004530541411182282	0.00045305414077827715	0.0004530541403186836	0.00045305413969647036	0.000453054138853079	0.0004530541377086999	0.000453054136154538	0.0004530541340422628	0.0004530541311696239	0.0004530541272608382	0.0004530541219398504	0.00045305411469387494	0.0004530541048236943	0.0004530540913759349	0.0004530540730508237	0.00045305404807656176	0.00045305401403820906	0.0004530539676447264	0.00045305390441205087	0.00045305381823192045	0.0004530537007853514	0.0004530535407455383	0.00045305332269457687	0.00045305302565199423	0.0004530526210772505	0.0004530520701587847	0.00045305132013749973	0.00045305029932273574	0.0004530489103400417	0.0004530470209889002	0.000453044451871935	0.0004530409596668083	0.00045303621452156005	0.0004530297695308522	0.00045302101954956624	0.0004530091456620738	0.0004529930403708067	0.0004529712068929411	0.00045294162371732155	0.00045290156259440175	0.0004528473441615707	0.0004527740101238822	0.0004526748838862258	0.00045254098219920145	0.0004523602279888923	0.0004521163980941023	0.00045178771782253095	0.0004513449853204491	0.00045074907044261904	0.00044994758210439124	0.0004488704310964131	0.0004474239270925301	0.0004454829330945306	0.00044288045150056837	0.00043939382915575426	0.00043472655041201157	0.000428484378077061	0.0004201445483476467	0.00040901728441870107	0.0003942014251748887	0.0003745443942836292	0.0003486418227963411	0.0003149801285695576	0.00027247928454982387	0.00022187678855380117	0.0001678781171290388	0.00011932129562159309	0.00008371873527039925	0.00006169360529221264	0.00004891263985973003	0.000040589011045970515	0.00003329524655254434	0.000025031559061354246	0.00001572892350611705	8.31917366403662e-6	4.771702090706561e-6	3.299768345820766e-6	2.2388294932522314e-6	1.1220381080140885e-6	4.5344762982595586e-7	2.5393544693565446e-7	1.3734417238495628e-7	4.408418040093982e-8	1.913809801932772e-8	7.990077909443932e-9	2.0069755891126143e-9	8.161647160398948e-10	1.5488842728157753e-10	4.5317283230330936e-11	1.7210076667439103e-12	1.9867921576939264e-14	1.5633351788431484e-16	1.8872585606403077e-32
0.0004689614069249352	0.0004689614068918029	0.00046896140684795333	0.00046896140678969833	0.00046896140671203926	0.0004689614066081927	0.0004689614064689458	0.00046896140628177564	0.0004689614060296495	0.000468961405689387	0.000468961405229428	0.0004689614046067849	0.0004689614037628875	0.0004689614026179113	0.00046896140106304285	0.0004689613989499289	0.0004689613960762899	0.0004689613921663046	0.0004689613868438681	0.00046896137959612867	0.0004689613697237817	0.00046896135627333256	0.0004689613379448396	0.00046896131296626575	0.0004689612789223388	0.00046896123252154325	0.0004689611692791228	0.0004689610830858185	0.0004689609656211979	0.0004689608055563239	0.00046896058747018896	0.00046896029037774326	0.0004689598857317314	0.000468959334710684	0.00046895858454092527	0.0004689575635102669	0.0004689561742125282	0.00046895428440037965	0.00046895171460738445	0.0004689482214093558	0.00046894347480416337	0.0004689370276651092	0.0004689282745209289	0.00046891639597559036	0.00046890028382434414	0.0004688784402436603	0.00046884884219192027	0.0004688087591697773	0.00046875450850922344	0.00046868112706167377	0.00046858193110855666	0.0004684479269513734	0.0004682670221960597	0.00046802297122965146	0.00046769396646971696	0.00046725075789294025	0.00046665414481412645	0.000465851632830979	0.00046477298131593776	0.0004633242777394578	0.0004613800582312741	0.00045877284227684726	0.0004552792580517478	0.00045060170718093487	0.00044434428796480586	0.00043598159354804654	0.000424819438507984	0.000409948786713685	0.00039020178429482734	0.0003641419965741474	0.0003301854485992816	0.0002871022522606454	0.00023536475245885125	0.0001794247401519588	0.00012833587146982708	0.0000904221723811237	0.00006687688251027172	0.00005328092466301457	0.00004452263088768098	0.00003691025984934668	0.000028238831749665086	0.000018195349526318554	9.760866463304624e-6	5.571318014245141e-6	3.868582735960208e-6	2.6947814923365946e-6	1.420206079541406e-6	5.754510674305725e-7	3.188516734220337e-7	1.8191982065678902e-7	6.149341263813692e-8	2.574945539930785e-8	1.1763232571785047e-8	2.9463185257229246e-9	1.2440369072013236e-9	2.511004895489414e-10	7.6986673088399e-11	3.851048468495423e-12	4.3510131417654484e-14	3.302127198098208e-16	3.8553804086785636e-32
0.0004858230387707701	0.00048582303873754456	0.0004858230386935858	0.0004858230386352032	0.0004858230385573949	0.00048582303845337387	0.0004858230383139228	0.0004858230381265137	0.00048582303787410763	0.00048582303753351707	0.000485823037073173	0.0004858230364500775	0.00048582303560564747	0.00048582303446004335	0.00048582303290443284	0.000485823030790439	0.0004858230279157525	0.00048582302400451303	0.00048582301868056504	0.00048582301143099046	0.00048582300155639615	0.000485822988103167	0.00048582296977119207	0.0004858229447881978	0.0004858229107385811	0.0004858228643303555	0.0004858228010780793	0.000485822714871508	0.0004858225973887822	0.00048582243729886515	0.0004858222191776948	0.0004858219220357215	0.000485821517319086	0.00048582096619658615	0.00048582021588022226	0.0004858191946366631	0.0004858178050285757	0.0004858159147626719	0.0004858133443047253	0.00048580985013058715	0.00048580510209075795	0.0004857986528413399	0.0004857898965910817	0.0004857780134727121	0.0004857618945879061	0.0004857400410926747	0.000485710428444921	0.00048567032394005897	0.0004856160416710613	0.0004855426137343084	0.0004854433494347398	0.0004853092448432834	0.0004851281925719477	0.00048488392504311706	0.000484554602510407	0.0004841109278675443	0.00048351363151696153	0.0004827101181815566	0.0004816299994934885	0.00048017914628048703	0.00047823177625864213	0.00047561993898825124	0.00047211956417241805	0.0004674320027409015	0.0004611597407266635	0.00045277481675254594	0.00044157879452653677	0.0004266550606077927	0.0004068210737321435	0.0003806095067569989	0.00034636801814815567	0.00030271831666581846	0.00024985878372468285	0.0001919462596036122	0.0001381961916086079	0.00009778343368117143	0.00007257177727639187	0.00005808481708658248	0.00004886023606663173	0.00004091724069531557	0.000031834702086844046	0.000021036346686862432	0.000011470910643894002	6.513855864617102e-6	4.532951451563839e-6	3.2338372728329014e-6	1.7923514031104817e-6	7.332134856937726e-7	3.9978761191597616e-7	2.389481283980633e-7	8.621059830517398e-8	3.458711510545076e-8	1.7064116006533533e-8	4.374063424155291e-9	1.8617368206630083e-9	4.1502095703088603e-10	1.2654400059011178e-10	8.71059273081985e-12	9.716109894041861e-14	7.094967870036731e-16	7.993034232086024e-32
0.0005037023313585189	0.0005037023313251949	0.000503702331281121	0.0005037023312226038	0.000503702331144638	0.000503702331040433	0.0005037023309007665	0.0005037023307131055	0.0005037023304604043	0.000503702330119468	0.0005037023296587183	0.0005037023290351463	0.0005037023281901559	0.0005037023270438915	0.0005037023254875013	0.0005037023233725843	0.0005037023204968002	0.0005037023165842493	0.0005037023112587245	0.0005037023040072404	0.0005037022941303147	0.0005037022806742122	0.0005037022623386534	0.0005037022373511288	0.0005037022032957086	0.0005037021568799411	0.0005037020936177097	0.0005037020073977997	0.0005037018898969523	0.0005037017297820709	0.0005037015116260998	0.0005037012144350862	0.0005037008096487058	0.0005037002584262403	0.0005036995079656826	0.0005036984865130355	0.0005036970966005246	0.0005036952058899567	0.0005036926347808784	0.0005036891396515083	0.0005036843902084259	0.0005036779388956556	0.0005036691796095284	0.0005036572920228256	0.000503641166560288	0.0005036193033822905	0.0005035896764829492	0.0005035495510070865	0.0005034952378896176	0.0005034217645923483	0.0005033224336226059	0.0005031882310872607	0.0005030070350003098	0.0005027625564091023	0.0005024329242829739	0.0005019887957450525	0.0005013908342463746	0.0005005863465711593	0.000499504801020263	0.0004980518584219787	0.0004961014281469864	0.0004934851052156381	0.0004899781446567582	0.00048528088418485043	0.00047899425813741477	0.0004705878522400682	0.00045935915834312095	0.00044438431975418345	0.00042446676530266035	0.0003981095890204228	0.00036359444874652975	0.00031939700501465445	0.00026543470524164654	0.00020552800898978913	0.00014898965829058142	0.00010587601379070809	0.00007883495779273697	0.00006337160831167984	0.00005364573797987201	0.0000453593503453508	0.000035863038135850725	0.000024301964313743254	0.000013501224659957922	7.6280837912998285e-6	5.309512926240244e-6	3.869914832592038e-6	2.2537454795954684e-6	9.383319239760803e-7	5.009279036439145e-7	3.1137745581808036e-7	1.212579544181699e-7	4.647203121858011e-8	2.43847021062652e-8	6.584441209554587e-9	2.7440304081568042e-9	6.98420312577727e-10	2.0267074363964394e-10	1.9779857870728602e-11	2.2185063571821113e-13	1.5546528251850693e-15	1.6856451831887554e-31
0.000522620186722151	0.0005226201866887232	0.000522620186644528	0.0005226201865858692	0.0005226201865077378	0.000522620186403339	0.000522620186263446	0.0005226201860755197	0.0005226201858225082	0.0005226201854812082	0.0005226201850200321	0.0005226201843959594	0.0005226201835503805	0.0005226201824034233	0.0005226201808462157	0.0005226201787303321	0.0005226201758534005	0.0005226201719394812	0.0005226201666123144	0.000522620159358847	0.0005226201494795078	0.000522620136020441	0.0005226201176812002	0.0005226200926890429	0.0005226200586277153	0.0005226200122043103	0.0005226199489320494	0.0005226198626987672	0.0005226197451798392	0.000522619585040159	0.0005226193668497522	0.0005226190696103809	0.0005226186647554262	0.000522618113434918	0.0005226173628332264	0.0005226163411762709	0.0005226149509666978	0.0005226130598226841	0.0005226104880794516	0.0005226069920204058	0.0005226022412123837	0.0005225957878935241	0.0005225870256569429	0.0005225751337290501	0.0005225590018778413	0.0005225371292978515	0.0005225074885637881	0.0005224673427355032	0.0005224129996873427	0.0005223394823910167	0.0005222400867708338	0.0005221057892880854	0.0005219244538322659	0.0005216797707790312	0.0005213498388603749	0.0005209052709875371	0.0005203066659840588	0.0005195012361673607	0.0005184183117016395	0.0005169633512235455	0.0005150099675438551	0.0005123893190715845	0.0005088760137402592	0.0005041694191802253	0.0004978689871988941	0.0004894419654761346	0.00047818197409818844	0.00046315828254507395	0.0004431610118171803	0.00041666512644084486	0.00038188899502106374	0.0003371655923709211	0.00028212698834371346	0.00022021790089775522	0.00016077474882114892	0.00011475285706168864	0.00008570710507861089	0.00006917468386279655	0.00005891017787209109	0.000050267504264754226	0.00004035587545156314	0.000028031310191214392	0.000015900712999700107	8.942750855465902e-6	6.2138012168013905e-6	4.615641846495974e-6	2.8184848759463536e-6	1.2042941574788925e-6	6.269273471655498e-7	4.0223698763798014e-7	1.701998113846031e-7	6.246082749366446e-8	3.4273007888830255e-8	1.001689275390331e-8	3.985491654935177e-9	1.1810976338846597e-9	3.173505412886714e-10	4.3984249031828304e-11	5.124850131671743e-13	3.4407960884303685e-15	3.5841838960848587e-31
0.0005427095991501685	0.0005427095991166314	0.0005427095990723081	0.0005427095990134996	0.0005427095989351932	0.0005427095988305898	0.0005427095986904575	0.0005427095985022515	0.0005427095982489124	0.0005427095979072288	0.0005427095974456029	0.0005427095968210027	0.0005427095959748037	0.0005427095948271172	0.00054270959326905	0.0005427095911521509	0.0005427095882740159	0.0005427095843586639	0.0005427095790297822	0.0005427095717742492	0.000542709561892404	0.0005427095484302712	0.0005427095300872386	0.0005427095050903331	0.0005427094710229826	0.0005427094245918332	0.0005427093613094598	0.0005427092750627693	0.0005427091575258079	0.0005427089973615177	0.0005427087791370885	0.0005427084818501319	0.0005427080769279259	0.0005427075255115474	0.0005427067747721784	0.0005427057529163104	0.0005427043624179876	0.0005427024708531971	0.0005426998984949861	0.0005426964015351276	0.0005426916494054392	0.0005426851941451667	0.000542676429054579	0.0005426645329290506	0.0005426483949025986	0.0005426265132377666	0.0005425968591397454	0.0005425566936576751	0.0005425023217151792	0.0005424287619571247	0.0005423293039669513	0.0005421949149197279	0.0005420134451146512	0.0005417685650494204	0.0005414383443992066	0.000540993353621179	0.0005403941295316412	0.000539587793892322	0.0005385035445830703	0.0005370466468334883	0.0005350904301469062	0.0005324656364446631	0.0005289462574553585	0.0005242307388945201	0.0005179171269196483	0.000509470458107245	0.0004981807003337625	0.0004831106514112174	0.00046303790563087896	0.00043641086682419817	0.0004013876115751268	0.00035616256667358776	0.00030007972188667264	0.00023616877328129978	0.00017370361520251975	0.00012454222588245177	0.00009328730851648389	0.00007557635182175894	0.00006472946713369675	0.00005571568005221316	0.000045386909609539405	0.000032302672930368374	0.000018753869560552068	0.000010508895245572365	7.274281370246013e-6	5.494078117737371e-6	3.5098259036150386e-6	1.5532966477362942e-6	7.85815747008635e-7	5.165884449745918e-7	2.3851574669246857e-7	8.443841322222647e-8	4.762063675178223e-8	1.5460644071984735e-8	5.750208251240585e-9	2.000591456233951e-9	4.925801428329342e-10	9.577150717246981e-11	1.2291770187303596e-12	7.874965581350476e-15	7.848378897138772e-31
0.0005639684587898399	0.0005639684587561873	0.0005639684587117293	0.0005639684586527633	0.0005639684585742728	0.0005639684584694542	0.0005639684583290702	0.0005639684581405698	0.0005639684578868863	0.0005639684575447993	0.0005639684570827008	0.0005639684564575462	0.0005639684556106965	0.0005639684544622447	0.0005639684529032766	0.0005639684507853143	0.0005639684479059211	0.0005639684439890741	0.0005639684386584068	0.0005639684314007284	0.0005639684215162888	0.0005639684080509935	0.0005639683897040668	0.0005639683647023084	0.000563968330628834	0.0005639682841898541	0.0005639682208973159	0.0005639681346372247	0.0005639680170823416	0.0005639678568937241	0.0005639676386358244	0.0005639673413022582	0.0005639669363144237	0.0005639663848047904	0.0005639656339318532	0.0005639646118834372	0.0005639632211061044	0.0005639613291353198	0.0005639587561844287	0.0005639552583572438	0.0005639505049559982	0.0005639440478290922	0.0005639352799958556	0.0005639233798383518	0.0005639072358827227	0.0005638853454981821	0.0005638556785778888	0.0005638154942451485	0.0005637610945988667	0.0005636874941436002	0.0005635879763985619	0.0005634534996628769	0.0005632719012538793	0.000563026832694992	0.0005626963359463071	0.0005622509410052214	0.0005616511256486002	0.000560843925503896	0.000559758412772139	0.0005582996691643496	0.000556340755747144	0.0005537120204686024	0.0005501868732605443	0.0005454628912999642	0.0005391367997345673	0.000530671562677521	0.0005193537333660285	0.0005042400691640442	0.0004840964698813722	0.00045734645478976143	0.0004220910992320064	0.00037639140476762757	0.00031930363747014487	0.00025340809611202914	0.00018782357494776544	0.00013529339244756095	0.00010161351195096893	0.00008260666304144181	0.00007113126377484494	0.00006173164421876869	0.00005098505763181789	0.000037151349741457736	0.00002211701136279015	0.000012366260010322278	8.510507231604473e-6	6.5200574130300934e-6	4.343225065443161e-6	2.0064974099264503e-6	9.852861019277732e-7	6.586140631590811e-7	3.3120665577705506e-7	1.1467657558282161e-7	6.528827969525024e-8	2.3899243503564445e-8	8.233205207862865e-9	3.3178784061173133e-9	7.588374358814223e-10	1.9632322294439594e-10	2.988502992288911e-12	1.824724043732646e-14	1.7362793783408104e-30
0.0005864736594991288	0.0005864736594653549	0.0005864736594207552	0.0005864736593616234	0.0005864736592829391	0.000586473659177894	0.0005864736590372452	0.0005864736588484351	0.0005864736585943892	0.0005864736582518783	0.0005864736577892829	0.0005864736571635459	0.0005864736563160127	0.0005864736551667579	0.0005864736536068452	0.0005864736514877694	0.0005864736486070604	0.0005864736446886527	0.0005864736393561255	0.0005864736320962183	0.0005864736222090915	0.0005864736087405329	0.0005864735903896058	0.0005864735653828868	0.0005864735313031858	0.0005864734848562909	0.000586473421553542	0.0005864733352800723	0.0005864732177074057	0.0005864730574947912	0.0005864728392040503	0.0005864725418249749	0.0005864721367733306	0.00058647158517336	0.0005864708341714254	0.0005864698119375296	0.0005864684208919871	0.0005864665285315782	0.0005864639550126864	0.0005864604563552122	0.0005864557017377995	0.0005864492428268959	0.0005864404723740667	0.0005864285683675038	0.0005864124187543568	0.0005863905200532523	0.0005863608409085251	0.0005863206386113392	0.0005862662125746375	0.0005861925733682567	0.0005860929987517452	0.0005859584385999798	0.0005857767179181203	0.0005855314702489225	0.0005852007113126539	0.0005847549328384545	0.000584154556822782	0.0005833465376126727	0.0005822598289716166	0.0005807993399252158	0.0005788378793760186	0.0005762054258879494	0.0005726748450933011	0.0005679429036126279	0.0005616050971392441	0.0005531224664402887	0.0005417784038686542	0.0005266240834703872	0.0005064145874799359	0.00047955031703873194	0.0004440788749229615	0.00039793374586142476	0.000339886288198501	0.0002720368555611163	0.00020324894533363738	0.0001471112843312748	0.00011076705056254005	0.00009033166916980808	0.00007817610629443281	0.00006837473316902342	0.000057209821191692744	0.000042640952861255975	0.000026072946606550104	0.000014575305926540238	9.953246626978467e-6	7.716915191609806e-6	5.341430690911445e-6	2.5932411030621846e-6	1.2371167994643988e-6	8.344520463084517e-7	4.5471647048663524e-7	1.5686118599480327e-7	8.853775902578527e-8	3.672411238280191e-8	1.1752806422137504e-8	5.3467032312874345e-9	1.1714164187210264e-9	3.761123235231512e-10	7.39634588809735e-12	4.300253828097824e-14	3.896411321052175e-30
0.0006103683389907542	0.0006103683389568522	0.0006103683389121028	0.000610368338852796	0.0006103683387739073	0.0006103683386686232	0.0006103683385276952	0.0006103683383385584	0.0006103683380841305	0.0006103683377411724	0.0006103683372780535	0.000610368336651703	0.0006103683358034503	0.0006103683346533506	0.0006103683330924447	0.0006103683309721999	0.0006103683280901112	0.0006103683241700699	0.0006103683188356003	0.0006103683115733716	0.000610368301683455	0.0006103682882115211	0.0006103682698564751	0.0006103682448446746	0.0006103682107586318	0.0006103681643037256	0.0006103681009907111	0.0006103680147038822	0.0006103678971135773	0.0006103677368773193	0.0006103675185544169	0.0006103672211310244	0.0006103668160175466	0.0006103662643304132	0.0006103655132044622	0.0006103644907927922	0.0006103630994908203	0.0006103612067586575	0.0006103586326987133	0.0006103551332514034	0.0006103503774783359	0.0006103439168737181	0.0006103351439357336	0.0006103232362799964	0.0006103070813062078	0.0006102851747290702	0.0006102554840132668	0.0006102152647201407	0.0006101608137283087	0.0006100871378974957	0.0006099875095604802	0.0006098528706613256	0.0006096710346244606	0.0006094256180980406	0.0006090946121737522	0.0006086484727067833	0.0006080475694736863	0.0006072387808433785	0.0006061509500460212	0.0006046888252479906	0.0006027249809387426	0.0006000890530929623	0.0005965534038519692	0.0005918140522195502	0.000585465363487855	0.0005769666156395742	0.000565598311676693	0.0005504065278154938	0.0005301364542106327	0.0005031672353440691	0.00046749676788814334	0.00042093768224107936	0.0003619815994345752	0.00029222214510796993	0.00022015867279244266	0.00016015764006008167	0.00012087378206415789	0.00009885386032575973	0.0000859577306438305	0.00007573637531623246	0.00006415218844030656	0.00004886529643719842	0.000030735906662378275	0.00001722461157255955	0.000011647775321053333	9.1184826791213e-6	6.536548380752733e-6	3.353971763122735e-6	1.5596091507949426e-6	1.053039126666648e-6	6.175975705188817e-7	2.172001588103788e-7	1.1926996606723786e-7	5.5865931071126223e-8	1.6868356280047565e-8	8.384180500246917e-9	1.8414968639394015e-9	6.782192534767477e-10	1.9048533441540427e-11	1.0536964962823376e-13	9.04489493794122e-30
0.0006356737912286522	0.0006356737911946155	0.0006356737911497085	0.0006356737910902176	0.0006356737910111138	0.0006356737909055782	0.0006356737907643562	0.0006356737905748759	0.0006356737903200461	0.0006356737899766179	0.0006356737895129487	0.0006356737888859535	0.0006356737880369452	0.0006356737868859589	0.0006356737853240116	0.000635673783202542	0.0006356737803190099	0.0006356737763972628	0.0006356737710607686	0.0006356737637961268	0.0006356737539033189	0.0006356737404278999	0.0006356737220686196	0.0006356736970516227	0.0006356736629591312	0.0006356736164961294	0.0006356735531728131	0.0006356734668726727	0.000635673349264917	0.0006356731890054323	0.000635672970651143	0.0006356726731847674	0.0006356722680116446	0.0006356717162408384	0.000635670964996322	0.0006356699424152817	0.0006356685508696967	0.0006356666577851892	0.0006356640832134237	0.0006356605830201095	0.0006356558261569074	0.0006356493639562669	0.0006356405886785054	0.0006356286775896998	0.0006356125175760841	0.0006355906035987346	0.0006355609020171958	0.0006355206667733022	0.0006354661923746255	0.0006353924822125061	0.0006352928035510552	0.0006351580909339164	0.0006349761469913411	0.0006347305726418706	0.0006343993360781702	0.0006339528598486624	0.0006333514653238445	0.0006325419605674655	0.0006314530867340554	0.0006299894437584717	0.000628023390648012	0.0006253842493151737	0.0006218439217303447	0.0006170977459075852	0.0006107390611287688	0.0006022255508778189	0.0005908351114001147	0.0005756092227890092	0.0005552841336026213	0.0005282196432622787	0.0004923678685765202	0.00044542793981274583	0.00038561974530770983	0.00031401068959420665	0.0002386271230023429	0.00017451534010104033	0.00013199922240148256	0.0001082240499070373	0.00009452189374401464	0.0000838617697598034	0.00007185799491096996	0.00005587318579979369	0.000036182192652581856	0.000020391725626667983	0.00001363082918325296	0.000010749707197880777	7.951964048152047e-6	4.324025948951812e-6	1.972978611742285e-6	1.3225697298397781e-6	8.272035887373314e-7	3.0376001276199513e-7	1.5952123316416792e-7	8.320774549746418e-8	2.439339245452598e-8	1.2747713160234163e-8	2.9637309299057124e-9	1.1508610264064567e-9	4.973120573119204e-11	2.6357418739364014e-13	2.136686517808882e-29
0.0006624838904118194	0.0006624838903776408	0.000662483890332568	0.0006624838902728835	0.0006624838901935532	0.0006624838900877529	0.0006624838899462217	0.0006624838897563797	0.0006624838895011273	0.0006624838891572047	0.000662483888692957	0.0006624838880652843	0.0006624838872154821	0.0006624838860635649	0.0006624838845005253	0.0006624838823777723	0.0006624838794927296	0.0006624838755691998	0.000662483870230595	0.0006624838629634433	0.0006624838530676369	0.000662483839588617	0.0006624838212249812	0.0006624837962026666	0.0006624837621036141	0.0006624837156324294	0.0006624836522987747	0.0006624835659853759	0.0006624834483603712	0.0006624832880781069	0.0006624830696932594	0.0006624827721853241	0.0006624823669548913	0.0006624818151041319	0.000662481063746859	0.0006624800410054045	0.000662478649229861	0.000662476755813681	0.0006624741807612263	0.0006624706798685867	0.0006624659219850101	0.0006624594582923578	0.0006624506808296182	0.0006624387665377128	0.0006624226018256439	0.0006624006809544746	0.0006623709692578004	0.0006623307191752651	0.0006622762230169331	0.0006622024809627735	0.0006621027555887318	0.0006619679746017256	0.0006617859306729036	0.0006615402102294677	0.000661208760401286	0.0006607619731552512	0.0006601601255041772	0.0006593499612280834	0.0006582601283734242	0.000656795092033507	0.0006548270157868786	0.0006521849376725055	0.0006486403452733349	0.0006438879658591433	0.0006375202224198829	0.0006289933799702443	0.0006175830219585319	0.0006023265504878022	0.0005819522481968207	0.0005548025281812134	0.0005187877912329641	0.0004715015988419804	0.00041090252694357064	0.0003375188453242334	0.0002587950724949634	0.0001903266471005173	0.0001442561846166981	0.00011853155425993079	0.00010394922686895056	0.00009282973309337083	0.00008040600529421934	0.00006374478356883043	0.00004251585879427315	0.00002418560065086348	0.000015956110549447995	0.000012646804005214118	9.621088516363193e-6	5.547071945901937e-6	2.507473797590055e-6	1.654683634220443e-6	1.0932784145124732e-6	4.2871846238894776e-7	2.1230291702067754e-7	1.2108877088069774e-7	3.57748998175398e-8	1.888790129247624e-8	4.918298005962187e-9	1.863804484374093e-9	1.3056400630234096e-10	6.759325461913823e-13	5.155725439630034e-29
0.000690900183411116	0.000690900183376788	0.0006909001833315406	0.000690900183271652	0.0006909001831920833	0.0006909001830860045	0.0006909001829441478	0.0006909001827539255	0.0006909001824982283	0.0006909001821537855	0.0006909001816889294	0.0006909001810605444	0.0006909001802099082	0.0006909001790570136	0.0006909001774928277	0.0006909001753687291	0.0006909001724821047	0.0006909001685567115	0.0006909001632159046	0.0006909001559461407	0.0006909001460472229	0.0006909001325644794	0.0006909001141963597	0.0006909000891685988	0.0006909000550628663	0.000690900008583405	0.0006908999452393722	0.0006908998589127697	0.0006908997412707272	0.0006908995809661515	0.0006908993625516171	0.0006908990650036187	0.0006908986597183348	0.000690898107791538	0.0006908973563276293	0.0006908963334351933	0.0006908949414440744	0.0006908930477180122	0.0006908904722176805	0.0006908869706749129	0.0006908822118444922	0.0006908757467694602	0.0006908669672848758	0.000690855050032324	0.0006908388809816814	0.0006908169537503554	0.0006907872327294232	0.0006907469689798677	0.0006906924527969924	0.0006906186814199124	0.0006905189131368734	0.000690384069411122	0.0006902019338333409	0.0006899560796417008	0.0006896244348342675	0.0006891773636621739	0.000688575103037254	0.0006877643387835418	0.0006866736352641871	0.0006852073367947873	0.0006832374325802405	0.0006805927084499418	0.0006770442855632904	0.0006722863538806702	0.0006659105344410691	0.0006573718565327477	0.0006459438941331259	0.0006306605025079437	0.0006102429922410383	0.000583018380622399	0.0005468595168470564	0.0004992628104033872	0.00043793822266760876	0.0003628691650693178	0.00028081302497559823	0.00020774929635381952	0.00015777142422061308	0.00012987586068041897	0.00011432898400384059	0.00010272740633945359	0.00008988326998178756	0.00007256777096976837	0.00004984652299083985	0.00002873679211277042	0.000018689299890659875	0.000014851938953217622	0.000011582340455523435	7.0698425403458116e-6	3.204770775824562e-6	2.0640454444526567e-6	1.4274220177852756e-6	6.0863041289234e-7	2.8182005998789227e-7	1.723165971430572e-7	5.3513280870172935e-8	2.74167198141503e-8	8.382227571154884e-9	2.9178430749258615e-9	3.3737483260863075e-10	1.7847095605500476e-12	1.2754811676963473e-28
0.0007210321202410867	0.0007210321202066014	0.0007210321201611703	0.0007210321201010669	0.0007210321200212472	0.0007210321199148752	0.0007210321197726756	0.0007210321195820528	0.0007210321193258876	0.0007210321189808976	0.0007210321185154015	0.0007210321178862678	0.000721032117034755	0.0007210321158808336	0.0007210321143154444	0.0007210321121899346	0.0007210321093016533	0.0007210321053743112	0.0007210321000312054	0.0007210320927587208	0.0007210320828565715	0.0007210320693699744	0.0007210320509972339	0.0007210320259638897	0.0007210319918513494	0.0007210319453635097	0.0007210318820090517	0.0007210317956692974	0.0007210316780104306	0.0007210315176840248	0.0007210312992407044	0.0007210310016541946	0.0007210305963166148	0.0007210300443178544	0.0007210292927536864	0.0007210282697201	0.0007210268775284081	0.0007210249835151922	0.0007210224076012185	0.0007210189054596604	0.0007210141457591377	0.0007210076794161485	0.0007209988980800028	0.0007209869781197931	0.00072097080510603	0.0007209488720713856	0.0007209191425514841	0.0007208788663573776	0.0007208243319601098	0.000720750533939927	0.0007206507267147911	0.0007205158261223617	0.0007203336075883627	0.0007200876325186007	0.0007197558117910147	0.0007193084849259553	0.0007187058531665946	0.0007178945509714882	0.0007168030688313557	0.0007153356449237398	0.0007133641159848136	0.0007107170485544501	0.0007071652471735417	0.0007024024406167939	0.0006960195661993443	0.0006874706055943629	0.0006760274339577263	0.0006607209000367049	0.0006402663469320904	0.0006129774023310064	0.0005766935894664051	0.000528822965477013	0.0004668416539047769	0.0003901900733435704	0.00030484056885149164	0.00022695730270368123	0.00017268722066720858	0.00014236765478340186	0.0001257597597751473	0.0001136509199943961	0.00010038581106978952	0.00008243817245898856	0.000058288556165337154	0.000034199203878226864	0.000021911297865440677	0.000017414259335725054	0.000013879914732328883	8.941724287006205e-6	4.121647795514487e-6	2.5693739636149785e-6	1.8435966570484415e-6	8.641901804425797e-7	3.741509571842562e-7	2.403916946325326e-7	8.178699605681756e-8	3.917750636874344e-8	1.44002758189387e-8	4.463428712693501e-9	8.265810148908332e-10	4.872546777609555e-12	3.247533949944642e-28
0.0007529969889715914	0.0007529969889369406	0.0007529969888913159	0.0007529969888309863	0.0007529969887509023	0.0007529969886442214	0.0007529969885016612	0.0007529969883106167	0.0007529969880539588	0.000752996987708393	0.0007529969872422235	0.0007529969866123024	0.0007529969857598677	0.0007529969846048676	0.0007529969830382148	0.0007529969809112243	0.0007529969780212067	0.0007529969740918248	0.0007529969687463176	0.0007529969614709974	0.0007529969515654892	0.0007529969380748998	0.0007529969196973919	0.0007529968946583172	0.0007529968605388306	0.0007529968140424998	0.0007529967506775595	0.0007529966643246965	0.0007529965466492147	0.0007529963863014619	0.0007529961678302724	0.0007529958702068369	0.0007529954648195842	0.0007529949127530482	0.0007529941610951884	0.0007529931379305864	0.0007529917455537985	0.0007529898512768988	0.0007529872749846405	0.0007529837722973287	0.0007529790118059986	0.0007529725443132996	0.0007529637613015777	0.0007529518388952367	0.0007529356623065358	0.0007529137240441379	0.0007528839868780967	0.0007528436995025342	0.0007527891487610242	0.0007527153268660706	0.0007526154847961399	0.0007524805334011124	0.0007522982408864685	0.0007520521582254675	0.0007517201812512307	0.0007512726278323015	0.0007506696681154091	0.0007498578919904461	0.0007487657261956204	0.0007472973178634471	0.0007453243738422929	0.0007426752752977873	0.0007391205614170449	0.0007343535780165286	0.0007279646998560906	0.0007194070531254903	0.0007079511297038885	0.0006926253171658463	0.0006721399985116141	0.0006447974166499638	0.0006084080147239902	0.0005603005682468925	0.0004977339603222912	0.000419615217059793	0.00033104513726646287	0.00024814121927598377	0.00018916288202707184	0.00015612977328035608	0.00013835007784872028	0.0001257059204364839	0.00011201916967659542	0.00009346106467136807	0.00006796059951334692	0.000040750107216934225	0.000025722380765751098	0.000020391090393440663	0.000016564557361354968	0.00001121517992651286	5.3333997098379275e-6	3.1949579099050577e-6	2.3586624163831024e-6	1.218873003462107e-6	4.984357592004411e-7	3.29761340288665e-7	1.269665764706329e-7	5.535897570476781e-8	2.4311581234161337e-8	6.7372987275262905e-9	1.8484787787600128e-9	1.3812090600591446e-11	8.543200690899618e-28
0.0007869193327409659	0.0007869193327061406	0.0007869193326603119	0.0007869193325997443	0.0007869193325193819	0.0007869193324123758	0.0007869193322694357	0.0007869193320779472	0.0007869193318207707	0.0007869193314745987	0.0007869193310077207	0.000786919330376971	0.0007869193295235673	0.0007869193283674331	0.0007869193267994531	0.0007869193246709087	0.0007869193217790703	0.0007869193178475527	0.0007869193124995353	0.0007869193052212575	0.000786919295312255	0.0007869192818175252	0.0007869192634350939	0.0007869192383901298	0.0007869192042635461	0.0007869191577585975	0.0007869190943831031	0.0007869190080171606	0.0007869188903252608	0.0007869187299566349	0.0007869185114584916	0.0007869182137997267	0.0007869178083654548	0.0007869172562353956	0.0007869165044905293	0.0007869154812052386	0.0007869140886591542	0.0007869121941425387	0.0007869096175081292	0.0007869061143292917	0.0007869013531282571	0.000786894884606824	0.000786886100099583	0.000786874175514676	0.0007868579957481123	0.0007868360528467367	0.0007868063089071263	0.0007867660116422616	0.0007867114464694968	0.0007866376035309633	0.0007865377308059786	0.0007864027348083327	0.0007862203774882515	0.0007859742008160952	0.0007856420876998859	0.0007851943375006627	0.0007845910939378039	0.0007837789092733126	0.000782686156825916	0.000781216908095393	0.0007792427630933622	0.0007765919522251369	0.0007730348015897167	0.0007682643537012474	0.0007618705438678185	0.0007533058372949612	0.0007418396604393823	0.0007264984855521935	0.0007059887372571425	0.0006786032597252224	0.0006421276390021657	0.0005938205914814184	0.0005307418663063516	0.00045128228949259695	0.0003595999254586744	0.0002715074463857345	0.0002073759279704831	0.00017129791609782585	0.00015221868764769256	0.00013900779663855405	0.00012489865347676225	0.00010575099303825969	0.00007898542785431435	0.00004858742231711504	0.00003024737405886299	0.000023849296052610227	0.00001969428713646022	0.000013946928824058722	6.9352809585134266e-6	3.972937417889082e-6	2.992940172774174e-6	1.6971905025908149e-6	6.689478361500281e-7	4.4609472325824205e-7	1.9743134268608643e-7	7.770593342933967e-8	3.95862147415306e-8	1.0146557282731598e-8	3.708587558973175e-9	4.0784712596922933e-11	2.3309825469809324e-27
0.0008229294820968342	0.000822929482061825	0.0008229294820157817	0.0008229294819549629	0.0008229294818743075	0.0008229294817669589	0.0008229294816236186	0.0008229294814316628	0.0008229294811739401	0.0008229294808271302	0.0008229294803595064	0.0008229294797278852	0.0008229294788734622	0.0008229294777161359	0.0008229294761467614	0.0008229294740165851	0.0008229294711228369	0.0008229294671890818	0.0008229294618384388	0.0008229294545570736	0.0008229294446444323	0.0008229294311454043	0.0008229294127578805	0.0008229293877068543	0.0008229293535730077	0.0008229293070592991	0.0008229292436731609	0.0008229291572941498	0.0008229290395860107	0.0008229288791969668	0.0008229286606727702	0.0008229283629802611	0.0008229279575016255	0.0008229274053123102	0.0008229266534871658	0.0008229256300916006	0.0008229242373921586	0.0008229223426600358	0.0008229197657199928	0.0008229162621044725	0.000822911500275798	0.0008229050308480607	0.0008228962450275714	0.0008228843185349977	0.0008228681359927089	0.0008228461890486149	0.0008228164392187313	0.0008227761333726626	0.0008227215557048349	0.0008226476945879453	0.0008225477954472956	0.0008224127611193222	0.0008222303482743171	0.0008219840913245225	0.000821651862394669	0.0008212039455151429	0.0008206004626952475	0.0008197879355814974	0.0008186946945124891	0.0008172247509284362	0.0008152496212905986	0.0008125974201980204	0.0008090383134242758	0.0008042651204914143	0.0007978674611213728	0.0007892973345902844	0.0007778234191966225	0.0007624708132959945	0.0007419429703259913	0.0007145252845822238	0.000677982641391748	0.0006295129475481347	0.0005659960744969281	0.00048533098305536315	0.0003906805988212195	0.0002972759794265249	0.00022752249999840254	0.0001880208132501968	0.00016749428688390882	0.00015368132909541438	0.00013914900629109135	0.0001194318049332811	0.00009148992398149026	0.00005792343456872601	0.00003564170585614009	0.000027866761466501077	0.000023334944979024844	0.000017199423481500415	9.0396544588185e-6	4.946766641634668e-6	3.770800471919447e-6	2.3239958173932555e-6	9.084976542555371e-7	5.966089887308645e-7	3.0246647726446355e-7	1.0894406266730473e-7	6.182798089954393e-8	1.5474962004829496e-8	6.7258218649198456e-9	1.2548266072516293e-10	6.618648867041798e-27
0.0008611605812647359	0.0008611605812295332	0.0008611605811832638	0.0008611605811221809	0.0008611605810412167	0.0008611605809335075	0.0008611605807897458	0.0008611605805972979	0.0008611605803390003	0.0008611605799915188	0.0008611605795231103	0.0008611605788905719	0.0008611605780350769	0.0008611605768764973	0.0008611605753056573	0.0008611605731737678	0.0008611605702780156	0.0008611605663419155	0.0008611605609885252	0.000861160553703935	0.0008611605437875017	0.0008611605302840065	0.0008611605118912095	0.0008611604868339343	0.0008611604526926416	0.0008611604061700095	0.0008611603427731128	0.0008611602563810149	0.0008611601386567803	0.0008611599782477323	0.0008611597596983352	0.0008611594619736118	0.0008611590564532006	0.0008611585042088293	0.0008611577523100591	0.0008611567288145476	0.0008611553359776498	0.0008611534410541967	0.0008611508638450324	0.0008611473598477052	0.000861142597473508	0.000861136127262015	0.0008611273403106794	0.0008611154121815492	0.0008610992272659531	0.0008610772768758699	0.0008610475220398545	0.0008610072089217579	0.0008609526206964416	0.0008608787442680776	0.0008607788229528066	0.0008606437565680103	0.0008604612974785282	0.00086021497398174	0.0008598826495577747	0.0008594345960791901	0.0008588309185557564	0.0008580181150217456	0.0008569244832604057	0.000855453990204211	0.0008534780920221877	0.0008508248224142371	0.0008472642394921556	0.0008424890198656123	0.0008360885909663631	0.0008275146797322644	0.0008160355297613994	0.0008006753972688931	0.000780135727676684	0.0007526963583974677	0.0007161055191403534	0.0006675094553475344	0.0006036281709834038	0.0005218994812244806	0.00042446021307101936	0.00032567566949657996	0.0002498161815498851	0.0002064592874242512	0.00018431417352643255	0.00016985927707254838	0.0001549030159397613	0.0001346354055957319	0.00010560457516098751	0.00006897477279956557	0.000042097575813681404	0.00003253385076557525	0.000027560337902124603	0.000021041963945923673	0.000011767524235840774	6.176362263530871e-6	4.721245697519114e-6	3.1254443180614834e-6	1.253146596300804e-6	7.904971095432029e-7	4.512319172301577e-7	1.5367178217259318e-7	9.300829994795731e-8	2.4367030851768045e-8	1.1277685543378963e-8	3.986441561329429e-10	1.9593571200958642e-26
0.0009017430579779552	0.0009017430579425489	0.0009017430578960414	0.0009017430578346802	0.000901743057753391	0.0009017430576453021	0.000901743057501097	0.0009017430573081311	0.0009017430570492286	0.0009017430567010403	0.0009017430562318063	0.0009017430555983033	0.0009017430547416811	0.0009017430535817841	0.0009017430520094045	0.0009017430498757157	0.0009017430469778609	0.0009017430430393029	0.0009017430376830365	0.0009017430303950767	0.0009017430204746889	0.0009017430069665474	0.0009017429885682832	0.000901742963504557	0.000901742929355618	0.0009017428828238784	0.0009017428194160835	0.0009017427330108497	0.0009017426152706281	0.0009017424548419445	0.0009017422362681443	0.0009017419385126674	0.0009017415329529811	0.0009017409806576334	0.0009017402286917274	0.0009017392051063857	0.0009017378121475939	0.0009017359170565165	0.0009017333396141014	0.0009017298352889526	0.0009017250724501917	0.0009017186015758894	0.0009017098136740355	0.0009016978841764983	0.0009016816972856794	0.0009016597440396469	0.0009016299850715531	0.0009015896659753805	0.0009015350691074473	0.0009014611802004372	0.0009013612409004183	0.0009012261486553042	0.0009010436524855977	0.0009007972759970553	0.0009004648761342013	0.0009000167157393659	0.0008994128874664881	0.0008985998726387345	0.0008975059467611516	0.0008960350475891783	0.000894058593927269	0.0008914045729882305	0.0008878429871244949	0.0008830664489023189	0.0008766643147157398	0.000868088229015705	0.0008566063068129717	0.0008412424785389248	0.0008206971109157898	0.0007932463022192894	0.0007566255156809086	0.0007079382534136095	0.0006437649951560872	0.0005611184699745212	0.00046110138754513303	0.000356935591843357	0.00027448376797967205	0.00022678318616385916	0.0002028209508001433	0.0001876790573785334	0.00017229821444534607	0.00015149858267444056	0.00012146143113236731	0.00008194942557865196	0.00004984814518955338	0.00003795443804257709	0.00003245153178067609	0.000025550719510265097	0.000015236434356655169	7.745161710175313e-6	5.87837039754561e-6	4.130606660360347e-6	1.756241362960032e-6	1.0395205499468688e-6	6.530403665762181e-7	2.2014277582519572e-7	1.3569629106446503e-7	4.019076819607841e-8	1.7881588960277237e-8	1.2645163264350959e-9	6.032776963991043e-26
0.0009448289967042152	0.0009448289966685943	0.000944828996621836	0.0009448289965601822	0.0009448289964785508	0.0009448289963700623	0.0009448289962253905	0.0009448289960318795	0.0009448289957723401	0.0009448289954234083	0.0009448289949533058	0.0009448289943187882	0.0009448289934609806	0.0009448289922996987	0.0009448289907257012	0.0009448289885901226	0.0009448289856900608	0.0009448289817489252	0.0009448289763896465	0.0009448289690981627	0.0009448289591736472	0.0009448289456606672	0.0009448289272567263	0.0009448289021863283	0.0009448288680295198	0.0009448288214884616	0.0009448287580695942	0.0009448286716511341	0.0009448285538949824	0.000944828393446966	0.0009448281748494764	0.0009448278770646001	0.0009448274714679951	0.0009448269191255688	0.0009448261670987688	0.0009448251434333793	0.0009448237503678167	0.0009448218551322087	0.0009448192774915512	0.0009448157728913445	0.0009448110096671294	0.0009448045382482455	0.0009447957495720467	0.0009447838189681517	0.0009447676304913464	0.0009447456749672685	0.0009447159127236263	0.0009446755889177506	0.0009446209852840637	0.0009445470866731573	0.0009444471334917276	0.0009443120214534807	0.0009441294971747195	0.0009438830809612053	0.0009435506252827252	0.0009431023870073496	0.0009424984509697107	0.0009416852885268059	0.0009405911629459553	0.0009391199977872619	0.0009371431969028597	0.0009344887346566034	0.0009309266083806995	0.0009261494436662431	0.0009197466441961319	0.0009111699568175588	0.0008996876648966523	0.0008843238711930522	0.0008637787544201362	0.0008363264070991645	0.0007996932352744702	0.000750948602009429	0.000686553798846534	0.0006031367340142025	0.0005007808402416979	0.00039130622043660263	0.00030178555996568905	0.00024918835499425384	0.00022317716639379807	0.00020729678233964263	0.00019149077863936476	0.0001701769264524429	0.0001392094177401866	0.00009705356772893404	0.00005918202962481718	0.00004425488679872269	0.00003810247736373592	0.00003081455345040096	0.000019557911303481515	9.772844091530835e-6	7.28396241939425e-6	5.3746043275972864e-6	2.489140809398225e-6	1.3595606923306347e-6	9.190150573544626e-7	3.2354704497105533e-7	1.9332061940897714e-7	6.879253652272069e-8	2.7272875777831082e-8	3.752559414668491e-9	1.924030977155368e-25
0.000990777412119843	0.0009907774120839954	0.0009907774120369724	0.000990777411975009	0.0009907774118930162	0.0009907774117841055	0.0009907774116389404	0.0009907774114448532	0.0009907774111846414	0.000990777410834924	0.000990777410363904	0.0009907774097283148	0.0009907774088692557	0.0009907774077065122	0.0009907774061308073	0.0009907774039932358	0.0009907774010908478	0.0009907773971469971	0.0009907773917845494	0.0009907773844893633	0.000990777374560519	0.0009907773610424752	0.0009907773426326102	0.0009907773175552746	0.000990777283390321	0.0009907772368396713	0.000990777173409486	0.0009907770869776239	0.0009907769692055004	0.0009907768087383372	0.0009907765901177345	0.0009907762923046536	0.0009907758866732964	0.0009907753342874694	0.0009907745822057513	0.0009907735584697896	0.000990772165312205	0.0009907702699547116	0.0009907676921503009	0.0009907641873271697	0.000990759423795875	0.0009907529519497659	0.0009907441626744026	0.0009907322312250352	0.0009907160415499213	0.000990694084322912	0.0009906643196562548	0.0009906239924033309	0.0009905693838730674	0.0009904954783263398	0.00099039551535729	0.0009902603895783645	0.0009900778461377601	0.0009898314034298664	0.000989498911505854	0.0009890506243085365	0.0009884466233796548	0.0009876333768410205	0.0009865391457511133	0.0009850678544453429	0.0009830909142357193	0.0009804363203111122	0.0009768741158030529	0.0009720970165544822	0.0009656945920735878	0.0009571188764605074	0.0009456386173163721	0.0009302785830834161	0.0009097396398880111	0.0008822955653175548	0.0008456673148547484	0.000796898538694352	0.0007323518272552745	0.0006483145136620766	0.0005438878652417932	0.00042925604763446087	0.0003321892152759707	0.0002740358150449541	0.0002456873410953778	0.00022900507306094868	0.00021277253671651286	0.00019096156961321016	0.00015913250576133427	0.00011461097523180983	0.00007055465341781611	0.00005164801908276121	0.000044669298030968836	0.000036982875164240576	0.00002488545810973857	0.000012466537118804172	9.006115376399852e-6	6.915047484386445e-6	3.5495202552758197e-6	1.7784801001202194e-6	1.2674767771213399e-6	4.939877024851711e-7	2.715224752571793e-7	1.1892410133345627e-7	4.0728694455489164e-8	9.918286026970828e-9	6.774609073456381e-25
0.0010395059115054788	0.001039505911469393	0.0010395059114220917	0.001039505911359803	0.00103950591127743	0.0010395059111680755	0.0010395059110223919	0.0010395059108276995	0.0010395059105667806	0.001039505910216238	0.001039505909744254	0.0010395059091075393	0.0010395059082471657	0.001039505907082887	0.00103950590550539	0.0010395059033657264	0.0010395059004608981	0.0010395058965142017	0.0010395058911484348	0.0010395058838493757	0.0010395058739160095	0.0010395058603926853	0.0010395058419766562	0.001039505816892124	0.0010395057827187553	0.001039505736158244	0.00103950567271649	0.0010395055862710352	0.0010395054684828675	0.0010395053079966874	0.00103950508935345	0.0010395047915132038	0.0010395043858490104	0.0010395038334230775	0.0010395030812918268	0.0010395020574938806	0.0010395006642576802	0.001039498768798947	0.0010394961908622821	0.0010394926858639008	0.0010394879220972763	0.0010394814499314709	0.0010394726602175734	0.0010394607281620368	0.001039444537644462	0.0010394225792426527	0.0010393928129359782	0.0010393524833956262	0.0010392978716847663	0.0010392239617388879	0.0010391239927326772	0.0010389888587585552	0.001038806304355451	0.0010385598472694947	0.001038227337002874	0.0010377790273522188	0.0010371750006847639	0.0010363617280044273	0.0010352674772661496	0.0010337961871647043	0.0010318192968015658	0.0010291648527075987	0.0010256029898563826	0.0010208265842464332	0.0010144254783949905	0.0010058521604935048	0.0009943761085307752	0.0009790231985083437	0.0009584957642405127	0.000931068771119021	0.0008944609383539358	0.0008456978118154692	0.0007810623866057123	0.0006965462386354064	0.0005903266667336835	0.00047078116362412855	0.00036578761596946463	0.0003013900810144263	0.00027038668032587003	0.00025283466475070876	0.00023617551757009478	0.00021388507460089418	0.0001812546965507446	0.0001346478960433357	0.00008424734546089925	0.00006025480478662559	0.00005221418264308863	0.00004411346964886703	0.00003126133350522262	0.000016025600807494572	0.00001109076694532791	8.785470747863533e-6	4.994794209009793e-6	2.3254250884287026e-6	1.7118406127262617e-6	7.651040039320426e-7	3.75412426272695e-7	1.9647521969125402e-7	5.968936563420663e-8	2.1609494209778596e-8	2.4376574951787744e-24
0.0010915189687588345	0.0010915189687224968	0.0010915189686749012	0.0010915189686122686	0.0010915189685294943	0.0010915189684196705	0.001091518968273439	0.0010915189680781067	0.0010915189678164406	0.001091518967465025	0.0010915189669920224	0.0010915189663541183	0.0010915189654923559	0.0010915189643264556	0.001091518962747066	0.001091518960605194	0.00109151895769779	0.0010915189537480914	0.001091518948378826	0.001091518941075689	0.001091518931137568	0.0010915189176087	0.0010915188991862121	0.0010915188740941602	0.00109151883991203	0.001091518793341298	0.0010915187298876196	0.0010915186434282559	0.0010915185256238245	0.0010915183651185815	0.0010915181464529772	0.0010915178485863563	0.00109151744289094	0.0010915168904278333	0.001091516138251988	0.0010915151144001035	0.0010915137210980098	0.0010915118255578368	0.0010915092475193516	0.0010915057423920302	0.0010915009784600654	0.0010914945060798136	0.0010914857160849937	0.001091473783658586	0.0010914575926489162	0.001091435633593113	0.0010914058664192121	0.0010913655357369584	0.0010913109225418245	0.0010912370107071148	0.0010911370393765429	0.0010910019026955757	0.0010908193454410575	0.0010905728859686133	0.0010902403750976115	0.0010897920692224876	0.0010891880556118383	0.0010883748142263827	0.001087280628954925	0.0010858094663462779	0.001083832813496053	0.0010811787986608264	0.0010776176945564587	0.001072842607116148	0.0010664437589164393	0.0010578742588042236	0.0010464045802106264	0.0010310621444261435	0.0010105515196002863	0.0009831503217812558	0.0009465781434845079	0.0008978498041371094	0.0008331875801908103	0.0007483341338139765	0.0006406193182872656	0.0005164905323820116	0.0004032313078257639	0.0003317654513243669	0.00029770081453873987	0.00027919226965130274	0.0002621051274134587	0.00023935264151673534	0.00020597462362324765	0.00015755896213029733	0.00010090362642389602	0.00007042437675056347	0.0000609622208302007	0.00005242140425848767	0.0000388822086564367	0.00002082496362780891	0.000013653849418852905	0.000011074698220801317	6.915605006021177e-6	3.0700491876933164e-6	2.2828536964130086e-6	1.1834157542756547e-6	5.162540367325185e-7	3.0930815916710875e-7	8.771517794914365e-8	4.063793810319851e-8	9.73569830499307e-24
0.0011467113859883627	0.0011467113859517603	0.0011467113859038554	0.0011467113858408613	0.0011467113857576647	0.0011467113856473475	0.0011467113855005403	0.0011467113853045352	0.0011467113850420834	0.001146711384689751	0.001146711384215678	0.0011467113835765238	0.001146711382713302	0.0011467113815456982	0.0011467113799643201	0.0011467113778201284	0.0011467113749100203	0.0011467113709571711	0.0011467113655842362	0.0011467113582768252	0.0011467113483337257	0.0011467113347990606	0.001146711316369829	0.0011467112912699417	0.0011467112570787098	0.001146711210497399	0.0011467111470314336	0.0011467110605578234	0.0011467109427368667	0.0011467107822124407	0.0011467105635246085	0.0011467102656321992	0.00114670985990685	0.0011467093074090016	0.0011467085551927385	0.0011467075312938102	0.0011467061379368132	0.001146704242332418	0.0011467016642186874	0.0011466981590029885	0.0011466933949671621	0.0011466869224650933	0.001146678132328297	0.001146666199738684	0.0011466500085464668	0.0011466280492970528	0.0011465982819394674	0.0011465579511288249	0.001146503337950551	0.0011464294264483558	0.0011463294560782294	0.0011461943215455095	0.0011460117686131236	0.0011457653173501258	0.0011454328215219104	0.0011449845425438472	0.0011443805761794988	0.001143567416638507	0.0011424733716342771	0.001141002447353584	0.0011390261965018894	0.001136372855522235	0.0011328128748145233	0.0011280396509581404	0.0011216438796823238	0.0011130794351712893	0.0011016180160811286	0.0010862889671506653	0.0010657997505028527	0.0010384318882966192	0.0010019085224453547	0.0009532401744887989	0.0008886053097287904	0.0008035422617383648	0.0006946221351947935	0.0005663169415829548	0.0004446077622884904	0.0003652389305455811	0.0003276626934349125	0.0003081031349284309	0.00029058785097354367	0.0002673918346550283	0.00023331342237633532	0.00018333041849950653	0.00012079494613554331	0.0000823624086480802	0.00007099030755324568	0.00006197590858560469	0.00004779645040923084	0.000027121849374075603	0.00001677920800967704	0.0000138284496719334	9.339803263875207e-6	4.100136457283498e-6	3.0008659435669396e-6	1.7695992645623126e-6	7.060338418968418e-7	4.620453906649286e-7	1.3083311253060373e-7	6.761165285331663e-8	3.889547453413518e-23
0.0012057460007869774	0.0012057460007500948	0.0012057460007018623	0.0012057460006384857	0.0012057460005548421	0.0012057460004440029	0.0012057460002965856	0.0012057460000998684	0.0012057459998365853	0.0012057459994832822	0.0012057459990080755	0.0012057459983675983	0.0012057459975028319	0.001205745996333425	0.0012057459947499433	0.0012057459926032973	0.0012057459896903289	0.0012057459857341473	0.0012057459803573335	0.0012057459730454084	0.001205745963097055	0.0012057459495562778	0.0012057459311199455	0.0012057459060118231	0.0012057458718110492	0.0012057458252186838	0.001205745761739929	0.0012057456752515678	0.0012057455574136244	0.001205745396869658	0.0012057451781594477	0.0012057448802414877	0.0012057444744870683	0.001205743921956382	0.0012057431697032226	0.0012057421457633162	0.0012057407523613458	0.001205738856708597	0.0012057362785444145	0.0012057327732785555	0.0012057280091972245	0.0012057215366617692	0.0012057127465161853	0.00120570081396312	0.0012056846228869337	0.001205662663888953	0.0012056328970097058	0.0012055925670537248	0.0012055379553502252	0.0012054640463402297	0.0012053640801274227	0.0012052289524719208	0.0012050464108537167	0.0012047999781355577	0.0012044675126248905	0.0012040192831190965	0.001203415397368787	0.0012026023690463936	0.0012015085374302522	0.0012000379598270242	0.001198062271816229	0.0011954098439740546	0.0011918513436126497	0.0011870805176771068	0.0011806886267974022	0.0011721304532291215	0.0011606791473025354	0.001145366348355407	0.0011249030546075004	0.0010975759031207543	0.0010611141382151077	0.001012530109175633	0.0009479747972820685	0.0008628270621738842	0.0007530007165581031	0.0006210105764309222	0.0004907809699332209	0.0004025253610707898	0.0003608480430426791	0.00034011275351114454	0.0003221672753787814	0.0002985466772071244	0.00026381058136612295	0.00021247489423377634	0.000144683382706964	0.00009667069461950706	0.00008262084322648136	0.0000730789146547877	0.0000582901232956454	0.00003536544636061165	0.00002069268459588764	0.000017179216342876854	0.00001238010423224427	5.6213337669737065e-6	3.914663947987206e-6	2.561320662718401e-6	9.765479459986244e-7	6.663675028216024e-7	2.0666951380950303e-7	1.0311573228381573e-7	1.6537894538146897e-22
0.0012686465861521117	0.0012686465861149335	0.0012686465860663556	0.0012686465860025753	0.00126864658591846	0.00126864658580707	0.0012686465856590096	0.001268646585461541	0.001268646585197381	0.001268646584843054	0.0012686465843666519	0.001268646583724779	0.0012686465828583837	0.0012686465816870757	0.0012686465801013751	0.0012686465779521419	0.0012686465750361572	0.0012686465710764637	0.0012686465656955627	0.0012686465583788829	0.0012686465484249999	0.0012686465348777946	0.0012686465164340004	0.0012686464913172352	0.0012686464571064662	0.0012686464105025508	0.001268646347010473	0.0012686462605068062	0.0012686461426513398	0.0012686459820873623	0.0012686457633544507	0.001268645465410919	0.001268645059627908	0.0012686445070657095	0.001268643754778326	0.0012686427308022372	0.0012686413373633558	0.00126863944167535	0.0012686368634814039	0.0012686333581975596	0.0012686285941201614	0.0012686221216265578	0.00126861333158593	0.001268601399240449	0.0012685852085364364	0.0012685632501723938	0.001268533484341198	0.001268493156086642	0.0012684385471145446	0.0012683646424593359	0.0012682646831616913	0.001268129566463445	0.0012679470421916087	0.0012677006369325133	0.001267368214908714	0.0012669200543273245	0.0012663162779259032	0.001265503423273772	0.0012644098677977106	0.001262939729792461	0.0012609647423252768	0.0012583134320865825	0.0012547567165499861	0.0012499887435914216	0.001243601416438416	0.0012350505463418913	0.0012236109271402318	0.0012083168066996726	0.0011878832604795726	0.0011606030557553815	0.0011242136858919099	0.0010757345347538235	0.0010113033229317441	0.0009261804380536285	0.000815727116080218	0.0006805923097902918	0.000541978599262397	0.0004438612367942077	0.00039740409395303493	0.00037534950248073755	0.0003569721896530028	0.0003329473123463426	0.00029759280791388283	0.00024507769978693403	0.00017280094462863497	0.00011381575819492992	0.0000960075980264115	0.00008586140574907966	0.00007048384342033396	0.00004572027097718629	0.0000256238928247611	0.00002120382016199197	0.00001609681564220089	7.875111226724823e-6	5.057327426986546e-6	3.5770706217733073e-6	1.3805514733140836e-6	9.268523171587377e-7	3.4156526904823704e-7	1.4221102584217242e-7	5.435467784859106e-22
0.001337487228310942	0.0013374872282734445	0.0013374872282244936	0.001337487228160277	0.0013374872280756524	0.001337487227963667	0.0013374872278149113	0.001337487227616631	0.001337487227351523	0.0013374872269960893	0.0013374872265183955	0.0013374872258750147	0.0013374872250068591	0.0013374872238334965	0.0013374872222453986	0.0013374872200933694	0.0013374872171741262	0.0013374872132106384	0.0013374872078253225	0.0013374872005035097	0.0013374871905436597	0.0013374871769895227	0.001337487158537688	0.0013374871334116175	0.0013374870991901056	0.0013374870525738039	0.0013374869890674756	0.0013374869025474913	0.001337486784673439	0.00133748662408838	0.0013374864053317538	0.0013374861073618485	0.0013374857015498508	0.0013374851489564828	0.0013374843966364846	0.0013374833726278502	0.0013374819791589331	0.001337480083447587	0.0013374775052434956	0.0013374739999730764	0.0013374692359488353	0.001337462763573078	0.0013374539737535116	0.001337442041791666	0.0013374258517252174	0.0013374038943933149	0.0013373741302057534	0.0013373338045410245	0.0013372791996227721	0.0013372053012879652	0.0013371053518234138	0.0013369702504102848	0.001336787749899706	0.0013365413816037101	0.001336209017144209	0.0013357609463359934	0.0013351573101623316	0.0013343446749306065	0.0013332514634154088	0.0013317818656153268	0.0013298077282156513	0.0013271577582259994	0.0013236031598679529	0.0013188385379365101	0.0013124565245785937	0.0013039140949758514	0.0012924879009682966	0.0012772151489230843	0.0012568155880391828	0.0012295892101192554	0.0011932840070176306	0.001144931735523771	0.001080671393798248	0.0009956879191693596	0.000884910109024875	0.0007472951667025743	0.0006006768726911782	0.000491409723674705	0.0004390665830248662	0.00041544980085164235	0.00039663183233823294	0.00037222407205569924	0.00033628864296000394	0.00028274209151308167	0.00020689513876397968	0.00013580903500909165	0.0001121244592915257	0.00010120034189217301	0.00008524512301350756	0.0000590291569300115	0.000032561800541403386	0.000026288117331715202	0.000020854334243994916	0.000011434283513157176	6.5860845858708335e-6	4.938969117947939e-6	2.1334468444376393e-6	1.272315991399572e-6	5.854212448715377e-7	1.7677091633621885e-7	1.0304873491341304e-21
0.001410370457613167	0.0014103704575753344	0.001410370457525992	0.0014103704574613182	0.0014103704573761593	0.00141037045726355	0.0014103704571140651	0.001410370456914934	0.001410370456648832	0.001410370456292238	0.0014103704558131895	0.0014103704551682275	0.0014103704542982264	0.00141037045312271	0.001410370451532099	0.0014103704493771383	0.001410370446454479	0.0014103704424870136	0.0014103704370970701	0.0014103704297698772	0.0014103704198037764	0.00141037040624238	0.0014103703877821278	0.0014103703626463212	0.0014103703284135776	0.001410370281784344	0.0014103702182631614	0.0014103701317261996	0.0014103700138328673	0.0014103698532260311	0.001410369634445032	0.001410369336448233	0.0014103689306070033	0.0014103683779827028	0.0014103676256311743	0.0014103666015924112	0.0014103652080980343	0.0014103633123712456	0.001410360734170008	0.0014103572289338212	0.0014103524649953024	0.0014103459927876144	0.0014103372032657803	0.001410325271803692	0.0014103090825496112	0.0014102871265118005	0.0014102573643588496	0.0014102170418661747	0.0014101624418666218	0.0014100885511345396	0.001409988613401758	0.0014098535300817814	0.001409671057481676	0.0014094247322747513	0.001409092434418338	0.001408644466713499	0.0014080409904204136	0.0014072286035738725	0.0014061357787066614	0.0014046667840328796	0.0014026935894831801	0.001400045096767983	0.0013964928184399537	0.001391731848752628	0.001385355598677863	0.0013768222851934888	0.0013654105420637169	0.0013501607375602965	0.0013297976454963167	0.00130262914006427	0.001266415113135315	0.001218203190839548	0.0011541437378244672	0.0010693780715559781	0.0009585003752145112	0.0008189719069143604	0.000664921787693497	0.0005436806755928609	0.00048452637381060887	0.00045914407543878123	0.00043988325720952307	0.0004151153327419664	0.0003786354673777129	0.0003241666152704709	0.0002454762523589357	0.00016206313397077837	0.0001304415936446765	0.00011855894928410851	0.00010204134178428799	0.00007462237395798307	0.000041494074137323463	0.000032257653580287364	0.00002647714977287713	0.00001612731925054	8.468680011476239e-6	6.598895429927319e-6	3.2722655890221914e-6	1.6931235504548828e-6	9.226448662892659e-7	2.064395899425762e-7	1.3493244112413536e-21
0.0014863357284362092	0.001486335728398031	0.0014863357283482843	0.0014863357282831385	0.001486335728197428	0.0014863357280841742	0.0014863357279339372	0.0014863357277339268	0.0014863357274667987	0.0014863357271090063	0.0014863357266285595	0.001486335725981965	0.0014863357251100582	0.0014863357239323178	0.0014863357223391116	0.0014863357201811247	0.0014863357172549378	0.0014863357132833643	0.0014863357078886423	0.0014863357005558948	0.0014863356905833406	0.0014863356770144517	0.0014863356585455125	0.0014863356333996592	0.0014863355991553311	0.0014863355525127687	0.0014863354889762881	0.001486335402421856	0.0014863352845087127	0.0014863351238795517	0.0014863349050736308	0.0014863346070494426	0.0014863342011786286	0.0014863336485232868	0.0014863328961405963	0.0014863318720728122	0.0014863304785553318	0.001486328582817353	0.0014863260046262018	0.0014863224994360212	0.0014863177356018238	0.0014863112635910797	0.0014863024744112096	0.001486290543515933	0.0014862743551750726	0.0014862524005821024	0.0014862226406880544	0.0014861823216996866	0.0014861277271095506	0.0014860538447030365	0.0014859539197644436	0.0014858188560961962	0.0014856364136893398	0.0014853901349104954	0.0014850579085350086	0.0014846100510515143	0.0014840067450140678	0.0014831946216579818	0.0014821022054030066	0.0014806338457500003	0.0014786616403004286	0.0014760146918347827	0.0014724648304639282	0.001467707653421407	0.001461337370702035	0.0014528134719478283	0.0014414166222721599	0.0014261904352037317	0.0014058648599210182	0.0013787559560115032	0.0013426362230166066	0.0012945711210666211	0.0012307286933601659	0.0011462287292582879	0.0010354080562278419	0.000894444317962371	0.0007337634991767874	0.0006001840427153123	0.000533272280278388	0.0005059020366050943	0.00048619905882154137	0.00046109494142461985	0.0004241072425525696	0.0003687965175897982	0.00028776105099291284	0.00019293101698902341	0.00015096016815268481	0.00013780951668000463	0.00012074900165079744	0.00009225399191919294	0.000053088715321425036	0.000039156919807481594	0.00003298128012856565	0.000021847576037282387	0.000010884928745191504	8.58845018558141e-6	4.838190245339839e-6	2.2162806812799185e-6	1.3538005983477294e-6	2.55087861251639e-7	1.597415519344868e-21
0.0015668576753984395	0.0015668576753598983	0.0015668576753097275	0.0015668576752440864	0.001566857675157797	0.001566857675043867	0.0015668576748928398	0.001566857674691907	0.001566857674423702	0.001566857674064652	0.0015668576735827374	0.0015668576729344294	0.001566857672060523	0.0015668576708804485	0.001566857669284519	0.001566857667123355	0.0015668576641934657	0.001566857660217581	0.0015668576548178435	0.0015668576474792662	0.0015668576374999407	0.0015668576239231916	0.0015668576054451403	0.001566857580288751	0.0015668575460322778	0.001566857499375754	0.0015668574358232625	0.0015668573492505626	0.0015668572313167354	0.0015668570706643256	0.0015668568518325235	0.001566856553780015	0.0015668561478788237	0.00156685559519191	0.0015668548427780792	0.0015668538186821783	0.0015668524251440216	0.0015668505293996294	0.0015668479512270684	0.0015668444460971227	0.0015668396823901346	0.0015668332106123237	0.0015668244218300731	0.0015668124915866083	0.0015667963042876039	0.0015667743513327896	0.0015667445939866937	0.001566704278932869	0.001566649690390624	0.0015665758172548252	0.0015664759065068337	0.0015663408645503515	0.0015661584553723425	0.0015659122274912186	0.0015655800791737856	0.0015651323415862577	0.0015645292200310063	0.001563717381081345	0.0015626254041837084	0.0015611577247391679	0.0015591865748049	0.0015565412682220206	0.0015529939674748087	0.0015482407949769445	0.0015418767935289261	0.0015333627777369837	0.0015219815277215986	0.0015067800410031	0.001486493684006804	0.0014594471590300678	0.0014234265565902136	0.0013755176772756977	0.0013119137798530032	0.001227738418888345	0.001117157150887468	0.0009752930909804449	0.000808822644773815	0.0006623224182465367	0.0005864567694459496	0.0005568152168861558	0.0005366651226249789	0.0005112481851448022	0.0004737884135697508	0.0004177179603043666	0.0003348837050306699	0.00022954167072956365	0.00017429424603039289	0.00015950082490316677	0.00014191288642025778	0.00011247479678327614	0.00006791626406475166	0.00004722225910164618	0.00004059029415084541	0.000028831414274506314	0.000013950391603283889	0.000010985484093798444	6.918919921355543e-6	2.8647285589974778e-6	1.8993053346185647e-6	3.2634031559963747e-7	1.7668402280887517e-21
0.001656075893322313	0.0016560758932833758	0.001656075893232742	0.00165607589316656	0.0016560758930796384	0.00165607589296497	0.0016560758928130805	0.0016560758926111407	0.0016560758923417592	0.0016560758919813364	0.0016560758914978186	0.0016560758908476397	0.0016560758899715493	0.0016560758887889258	0.0016560758871900219	0.0016560758850253888	0.0016560758820914545	0.0016560758781108589	0.0016560758727056405	0.001656075865360693	0.0016560758553739675	0.0016560758417886294	0.0016560758233006196	0.0016560757981327115	0.0016560757638629596	0.001656075717191173	0.0016560756536211853	0.0016560755670285195	0.0016560754490720878	0.0016560752883942947	0.0016560750695342593	0.0016560747714508813	0.0016560743655166757	0.0016560738127955456	0.0016560730603481886	0.0016560720362223693	0.001656070642662934	0.0016560687469135565	0.0016560661687645035	0.0016560626637051774	0.0016560579001443894	0.0016560514286318075	0.0016560426402996696	0.0016560307107909144	0.0016560145246621574	0.001655992573541608	0.0016559628190398487	0.0016559225083651176	0.001655867926533424	0.001655794063651462	0.0016556941685474395	0.0016555591504457121	0.0016553767776504346	0.0016551306053034316	0.0016547985418569463	0.0016543509341786701	0.001653748011833373	0.001652936478979405	0.0016518449734317265	0.0016503780214681856	0.001648407997017174	0.0016457644360406932	0.001642219849887624	0.0016374709108403084	0.0016311135317980743	0.0016226099100142546	0.0016112450322369573	0.001596069431213876	0.0015758241538008394	0.001548843031436607	0.0015129267373382694	0.0014651837849519156	0.0014018395779944472	0.0013180452871938792	0.0012078832827440978	0.0010657125959962126	0.0008947662843134032	0.0007350145622825388	0.0006479205233973753	0.0006153874156516606	0.0005947687062230742	0.0005690645502983591	0.0005311705914187785	0.0004744139062683352	0.00039019050403004606	0.00027669660919498146	0.00020338039667304038	0.00018571832367060751	0.00016760620374323365	0.00013730116321553684	0.00008894692817205404	0.00005773413588080549	0.000050304173253579436	0.00003797244283614026	0.000019193995248221815	0.000014195515502364373	9.841182887611005e-6	3.918038744501217e-6	2.6745164274322544e-6	6.329175914389931e-7	1.9656617383244944e-21
0.001748163688743175	0.0017481636887038325	0.001748163688652725	0.0017481636885859893	0.001748163688498421	0.0017481636883829974	0.0017481636882302253	0.0017481636880272546	0.0017481636877566698	0.0017481636873948416	0.0017481636869096837	0.0017481636862575897	0.0017481636853792643	0.0017481636841940322	0.001748163682592084	0.0017481636804238996	0.0017481636774858249	0.0017481636735004063	0.0017481636680895755	0.0017481636607381034	0.0017481636507437994	0.0017481636371496634	0.0017481636186514515	0.001748163593471739	0.0017481635591883736	0.0017481635125009376	0.0017481634489130075	0.0017481633622998573	0.0017481632443202182	0.0017481630836163598	0.0017481628647273168	0.001748162566612188	0.0017481621606440076	0.0017481616078876125	0.0017481608554056325	0.001748159831248811	0.0017481584376671164	0.0017481565419120353	0.0017481539637863156	0.001748150458798321	0.001748145695385965	0.0017481392241432577	0.0017481304362695724	0.0017481185075094434	0.0017481023225731313	0.0017480803733211276	0.0017480506217153271	0.0017480103154958674	0.0017479557404850702	0.0017478818880138586	0.001747782008772872	0.0017476470148254516	0.0017474646788129466	0.0017472185625187933	0.0017468865845904182	0.0017464391075851754	0.00174583638527426	0.0017450251592610207	0.0017439341254371138	0.0017424679003983313	0.0017404989989206296	0.001737857177255512	0.0017343152923730992	0.0017295705607225376	0.0017232197553740155	0.0017147264393545586	0.0017033777783295092	0.001688227797589213	0.001668023165149565	0.0016411067783012744	0.0016052938957924832	0.0015577161332282902	0.0014946332631405072	0.0014112346054474076	0.0013015659932722062	0.001159404652546932	0.0009849139937094745	0.0008124114885876532	0.000712945846447343	0.000677147590035969	0.000656058843766882	0.0006300911027404009	0.0005917973111598397	0.0005344157914542735	0.00044902891798593474	0.0003290369161308816	0.00023578170717496525	0.0002141427758596624	0.000195514093361591	0.0001644110821409301	0.00011315423262634642	0.00006984675799657128	0.00006114977318990105	0.00004828813817930506	0.000026108969657487067	0.00001787709126936413	0.000013249675229974727	5.4362835170443525e-6	3.5913528353044467e-6	1.1486746226264308e-6	2.173268677762616e-21
0.0018471722535287416	0.0018471722534889685	0.001847172253437358	0.0018471722533700344	0.001847172253281779	0.0018471722531655525	0.0018471722530118426	0.001847172252807777	0.0018471722525359132	0.0018471722521725918	0.0018471722516856905	0.0018471722510315619	0.001847172250150861	0.0018471722489628564	0.0018471722473576728	0.001847172245185713	0.0018471722422432361	0.0018471722382526876	0.0018471722328358864	0.001847172225477472	0.001847172215475102	0.0018471722018716006	0.0018471721833625246	0.0018471721581702345	0.0018471721238723531	0.0018471720771682208	0.0018471720135611385	0.0018471719269261	0.0018471718089216264	0.001847171648189841	0.0018471714292696694	0.0018471711311203662	0.0018471707251155088	0.0018471701723208542	0.0018471694198009983	0.001847168395609777	0.0018471670020024028	0.0018471651062384918	0.0018471625281337447	0.0018471590232161659	0.0018471542599540118	0.0018471477889873919	0.0018471390015854616	0.0018471270735983595	0.0018471108898959413	0.0018470889425796692	0.0018470591939753816	0.0018470188923733373	0.0018469643244283134	0.0018468904827323325	0.0018467906198904264	0.0018466556508767397	0.0018464733527690888	0.0018462272941274977	0.001845895403976966	0.0018454480608085574	0.001844845542927295	0.0018440346298199066	0.0018429440760468275	0.001841478589331996	0.001839510826419794	0.0018368707653987418	0.0018333316109565602	0.0018285911264006808	0.0018222469481330428	0.0018137640082551325	0.001802431654919919	0.0017873074129974693	0.0017671435929409115	0.0017402922302606485	0.0017045834031977009	0.0016571726098727176	0.0015943569218450787	0.001511376087662612	0.0014022930454818702	0.0012605223901810294	0.0010836890031041678	0.0008991185190766596	0.0007852204605502118	0.0007454475236138976	0.000723870698417232	0.0006976643563867026	0.0006590055527495557	0.0006010630390161767	0.0005147221038801869	0.00039033338945326226	0.00027452211075751056	0.00024673535362446715	0.00022757474058515806	0.00019574393564868384	0.00014253528338227688	0.00008502757069975778	0.00007404900711367282	0.000060695714158148404	0.00003612913010482008	0.000022406173925452665	0.00001750572508778541	7.931128593949643e-6	4.760911797407407e-6	2.0568919300152024e-6	2.3955340817797554e-21
0.001956316762082202	0.0019563167620419613	0.001956316761989804	0.0019563167619218416	0.00195631676183284	0.001956316761715741	0.001956316761561012	0.0019563167613557567	0.0019563167610825035	0.0019563167607175593	0.001956316760228764	0.0019563167595724237	0.001956316758689141	0.001956316757498123	0.001956316755889422	0.0019563167537133574	0.0019563167507660926	0.0019563167467699636	0.0019563167413466642	0.0019563167339806914	0.0019563167239695367	0.001956316710355832	0.001956316691834913	0.0019563166666288997	0.001956316632315161	0.0019563165855927696	0.001956316521964718	0.001956316435305674	0.001956316317273887	0.0019563161565112957	0.001956315937556669	0.001956315639369313	0.001956315233323305	0.0019563146804852586	0.0019563139279216097	0.001956312903689313	0.0019563115100486705	0.0019563096142675585	0.001956307036174587	0.0019563035313176582	0.001956298768195831	0.0019562922974959277	0.0019562835105580885	0.0019562715833400567	0.001956255400874341	0.001956233455508139	0.0019562037099384584	0.001956163413016464	0.0019561088522452126	0.0019560350215012626	0.0019559351753366608	0.0019558002316828315	0.001955617972115917	0.001955371972053576	0.001955040170997682	0.001954592963485473	0.001953990652463954	0.001953180055375044	0.00195208998542572	0.001950625241267421	0.0019486586211211526	0.0019460203239987407	0.0019424839008082178	0.0019377476593827713	0.0019314100956536958	0.0019229375039443277	0.0019116214016414097	0.001896522788373263	0.0018763995790433102	0.0018496129105863204	0.001814007713733076	0.0017667637232055419	0.0017042170222914181	0.001621666034248634	0.0015132319702475798	0.0013721637031259067	0.001194237530739975	0.0009992144545289228	0.000868238490599957	0.000823237329433148	0.0008011365296435347	0.0007747187650643105	0.0007357278260016856	0.0006772885815130053	0.0005901476117676998	0.0004630302640120949	0.00032449098652842517	0.0002855036020234408	0.00026572413519512485	0.0002332481121861546	0.0001785546501212053	0.00010686439455224534	0.00009004435905555938	0.00007624973212710152	0.000050230277487882205	0.000028332141229130098	0.000023082355081412214	0.000012439406957666353	6.329755724625198e-6	3.4163761806313432e-6	2.887427969091112e-21
0.0020719694742939755	0.002071969474253245	0.0020719694742005147	0.002071969474131883	0.0020719694740420984	0.002071969473924086	0.0020719694737682897	0.002071969473561787	0.002071969473287077	0.0020719694729204323	0.002071969472429651	0.0020719694717709924	0.002071969470885004	0.0020719694696908274	0.0020719694680784388	0.002071969465898071	0.0020719694629457858	0.0020719694589438043	0.0020719694535136883	0.0020719694461397843	0.00207196943611941	0.0020719694224949937	0.0020719694039616383	0.0020719693787412054	0.002071969344410792	0.0020719692976691813	0.0020719692340190423	0.0020719691473346804	0.00207196902927403	0.0020719688684788093	0.0020719686494875926	0.0020719683512596472	0.0020719679451694766	0.0020719673922844845	0.0020719666396727516	0.0020719656153942645	0.0020719642217141058	0.002071962325908212	0.0020719597478175695	0.0020719562430095134	0.0020719514800130318	0.0020719450095604123	0.0020719362230610964	0.0020719242965778675	0.0020719081153020512	0.002071886171820837	0.0020718564291938436	0.002071816136820235	0.00207176158303182	0.0020716877629601894	0.002071587933060024	0.002071453014151658	0.002071270792205611	0.0020710248493360007	0.002070693135269634	0.002070246060190785	0.0020696439510469004	0.0020688336621900263	0.0020677440637552626	0.0020662800424874972	0.0020643145334214943	0.0020616779489005467	0.002058144173893539	0.002053412041586263	0.002047080877605508	0.0020386182920665123	0.002027317898105643	0.0020122440506442924	0.0019921600717214723	0.001965435880787667	0.0019299307822829167	0.0018828481293960851	0.0018205626051473092	0.0017384334275842254	0.001630659398866925	0.0014904422709908394	0.0013122600482251391	0.0011087373470033846	0.0009591835216232037	0.0009077171193175778	0.000885064982565685	0.0008584615697756542	0.0008191683635351142	0.0007602874522178165	0.0006724630687254514	0.0005434772697266652	0.00038506488024467263	0.0003290411910241261	0.00030850221479152457	0.00027545202814941583	0.00021951378772888902	0.00013626048449128257	0.00010852384708144888	0.00009431277143839499	0.00006718629217219149	0.00003572363416960411	0.000029720557396213438	0.000018337417434083455	8.188923172220031e-6	5.082070890187814e-6	6.6125503060267274e-21
0.00219522057244568	0.0021952205724044315	0.002195220572351096	0.002195220572281757	0.0021952205721911464	0.0021952205720721686	0.0021952205719152442	0.0021952205717074235	0.0021952205714311753	0.0021952205710627335	0.002195220570569854	0.0021952205699087464	0.002195220569019898	0.002195220567822383	0.002195220566206098	0.0021952205640211825	0.002195220561063591	0.0021952205570554212	0.0021952205516180957	0.002195220544235801	0.0021952205342056696	0.0021952205205699148	0.002195220502023391	0.0021952204767876787	0.0021952204424395805	0.0021952203956775657	0.0021952203320039546	0.002195220245292656	0.0021952201272012308	0.002195219966371123	0.002195219747340677	0.0021952194490690202	0.00219521904293097	0.0021952184899946556	0.0021952177373295773	0.002195216712998624	0.0021952153192713424	0.0021952134234314406	0.0021952108453317143	0.002195207340558388	0.002195202577669295	0.00219519610744081	0.0021951873213496634	0.0021951753955605333	0.002195159215418788	0.0021951372737443456	0.002195107533948242	0.0021950672459604354	0.002195012698914816	0.002194938889156525	0.0021948390749792586	0.002194704179994119	0.00219452199441554	0.002194276106823585	0.002193944476817864	0.002193497529690541	0.0021928956155603304	0.002192085624402375	0.0021909964812557936	0.00218953315771897	0.0021875687203860602	0.0021849337863274303	0.002181402560480778	0.002176674378562495	0.002170349359585717	0.0021618963727527392	0.0021506110390641514	0.0021355609304177054	0.0021155145510068857	0.0020888502291655908	0.0020534410403020113	0.0020065130776933094	0.0019444786361138293	0.001862758082512301	0.001755640036372538	0.0016163713832230376	0.0014386426776525484	0.0012288830575046673	0.0010595979966745955	0.0009999442582190588	0.0009766988173160937	0.0009499360757883964	0.0009103694050915987	0.0008510978156789174	0.000762700162622656	0.0006324379450117036	0.00045874660660930326	0.00037815456222622295	0.0003565589397682967	0.00032299549967411157	0.0002660211927551619	0.00017494102208129251	0.00012975910444281482	0.00011509490522171869	0.00008709029221246424	0.00004563207182452658	0.00003731677527290503	0.000025389431485964634	0.000010146410345617509	6.773454424263789e-6	2.4279840555445424e-20
0.002326599759238113	0.002326599759196315	0.0023265997591423383	0.0023265997590722494	0.0023265997589807623	0.0023265997588607606	0.0023265997587026397	0.002326599758493422	0.002326599758215541	0.0023265997578451937	0.002326599757350089	0.0023265997566863828	0.002326599755794501	0.0023265997545934445	0.002326599752973025	0.0023265997507832827	0.002326599747820058	0.0023265997438053185	0.0023265997383603355	0.0023265997309691246	0.0023265997209286214	0.0023265997072808094	0.002326599688720274	0.0023265996634682933	0.0023265996291013426	0.0023265995823175483	0.002326599518618848	0.002326599431878713	0.0023265993137542573	0.0023265991528865783	0.0023265989338137286	0.0023265986354945776	0.0023265982293040853	0.002326597676310996	0.0023265969235859497	0.0023265958991944644	0.0023265945054101746	0.0023265926095240095	0.002326590031399866	0.002326586526641938	0.002326581763835387	0.002326575293798836	0.002326566508073496	0.002326554582921755	0.0023265384038369127	0.002326516463862465	0.002326486726746968	0.002326446442929808	0.0023263919023141827	0.0023263181024074106	0.0023262183032615466	0.0023260834311527967	0.002325901280341243	0.002325655445562974	0.002325323895807182	0.002324877070724685	0.00232427534245263	0.0023234656348242962	0.002322376925091753	0.0023209142655873033	0.002318950848089857	0.002316317484343933	0.0023127886830410665	0.0023080642558520902	0.002301745071510432	0.002293301187590717	0.0022820301213029542	0.0022670024886101165	0.002246991705633508	0.0022203840688718	0.0021850656811777842	0.0021382841676085298	0.002076487718379458	0.001995156270026436	0.0018886727430823592	0.0017503878946030285	0.0015736236820373109	0.0013600095522906942	0.0011707216096796598	0.001100537155228645	0.001076637076632026	0.0010497414251610846	0.001009928896605957	0.000950312841915633	0.0008614424802389374	0.0007302707278497978	0.0005467748758001935	0.00043355863299118574	0.0004102575975254892	0.00037622976204083035	0.0003184178673181038	0.00022297756816876967	0.00015392331315164192	0.00013859189156162165	0.00010990517665631075	0.0000601031929673298	0.000045568161697359395	0.00003323195243871827	0.000012326784599050198	7.992823445167117e-6	4.671963020081234e-20
0.002466547039208517	0.0024665470391661373	0.002466547039111481	0.0024665470390405966	0.0024665470389481805	0.002466547038827093	0.002466547038667705	0.0024665470384570053	0.0024665470381773943	0.002466547037805026	0.002466547037307562	0.002466547036641101	0.002466547035746003	0.002466547034541191	0.002466547032916387	0.002466547030721526	0.0024665470277523273	0.0024665470237306164	0.0024665470182775053	0.0024665470108768276	0.002466547000825307	0.002466546987164683	0.0024665469685892522	0.0024665469433199647	0.0024665469089329367	0.0024665468621259136	0.0024665467984004196	0.0024665467116294394	0.0024665465934695665	0.002466546432561457	0.0024665462134427964	0.002466545915072072	0.0024665455088241643	0.002466544955768268	0.0024665442029758447	0.002466543178514597	0.0024665417846617852	0.0024665398887146715	0.0024665373105473105	0.0024665338057802784	0.0024665290430238808	0.00246652257313607	0.002466513787718042	0.002466501863123465	0.002466485684984365	0.002466463746554352	0.0024664340118997594	0.0024663937319402847	0.0024663391973052556	0.0024662654066001273	0.0024661656215387	0.0024660307709147493	0.0024658486528077745	0.0024656028677572774	0.002465271393587453	0.0024648246834296497	0.002464223130045328	0.0024634136889178653	0.0024623253860385987	0.0024608633490849543	0.002458900886754174	0.0024562689928913045	0.0024527424607497677	0.002448021548034905	0.0024417078250028603	0.0024332724577314476	0.0024220147268370395	0.0024070080773262526	0.002387030501807468	0.0023604757451687226	0.0023252420888804663	0.002278597225716939	0.0022170228390713804	0.0021360551732731515	0.002030169873501611	0.0018928493225302062	0.0017173404794085508	0.0015020383945307414	0.0012938651581763385	0.0012101309712730188	0.0011854882949531838	0.0011584857729403175	0.001118453321468593	0.0010585355258061768	0.0009692777063297661	0.0008374499042911273	0.0006487022629518722	0.0004966267807026443	0.00047016400615012925	0.00043571423623679225	0.0003772360501787111	0.0002793620659972617	0.00018194610803744574	0.00016513906051894553	0.00013594805270003807	0.00008128557366926553	0.00005456670480675617	0.00004194812364044885	0.000016283743380945915	8.620584766932097e-6	5.711253863166062e-20
0.0026153544543955254	0.002615354454352532	0.002615354454297157	0.002615354454225435	0.002615354454132039	0.0026153544540098066	0.0026153544538490797	0.0026153544536368176	0.002615354453355381	0.002615354452980881	0.0026153544524809267	0.002615354451811559	0.0026153544509130663	0.002615354449704292	0.002615354448074861	0.002615354445874598	0.002615354442899092	0.002615354438870021	0.0026153544334083264	0.0026153544259976463	0.002615354415934482	0.002615354402260312	0.002615354383669128	0.002615354358381528	0.0026153543239732357	0.0026153542771415834	0.0026153542133876433	0.002615354126583875	0.0026153540083862846	0.00261535384743499	0.0026153536282672338	0.0026153533298410203	0.0026153529235309362	0.002615352370406446	0.002615351617539581	0.002615350592999742	0.0026153491990674213	0.0026153473030452803	0.002615344724816648	0.002615341220016723	0.0026153364572787927	0.0026153299874968018	0.0026153212023267685	0.0026153092782061566	0.0026152931008944654	0.0026152711638383497	0.002615241431396121	0.002615201154928865	0.0026151466257331303	0.00261507284342386	0.002614973071244385	0.002614838240307443	0.0026146561522172995	0.0026144104128779694	0.0026140790082945765	0.002613632404096515	0.0026130310121703425	0.002612221817319999	0.00261113389058152	0.0026096724290214576	0.002607710848627339	0.0026050803099315367	0.002601555866621265	0.002596838185624091	0.002590529483147857	0.002582101948103279	0.0025708564852385627	0.0025558691319196567	0.0025359220586042026	0.0025094158241682953	0.002474259915246716	0.0024277405019059064	0.002366369934929374	0.002285736140404237	0.002180401849237495	0.0020439865296375368	0.0018698307515095482	0.001654506477746877	0.0014301435871814452	0.0013293076948457487	0.0013037976225529152	0.00127671291872175	0.001236485149302454	0.0011763053259651896	0.0010867289241671464	0.0009544492202441434	0.0007631462774552047	0.0005698576492519239	0.000537008725272766	0.000502177338110279	0.00044315054710139783	0.000343725955417886	0.00021653350595094375	0.00019541882297604828	0.00016582961856081117	0.00010890501073204363	0.00006483080638845253	0.00005198427576474663	0.000023874583611457544	8.952660493325565e-6	6.220126501554208e-20
0.0027779092185250703	0.002777909218481412	0.0027779092184252612	0.002777909218352631	0.002777909218258175	0.0027779092181347024	0.0027779092179725275	0.002777909217758573	0.00277790921747516	0.0027779092170983517	0.0027779092165957017	0.0027779092159231854	0.0027779092150210178	0.0027779092138079512	0.002777909212173509	0.0027779092099673936	0.002777909206985055	0.0027779092029480076	0.002777909197477007	0.002777909190055478	0.0027779091799796777	0.0027779091662908	0.0027779091476825032	0.002777909122374995	0.00277790908794356	0.002777909041085058	0.0027779089773000525	0.0027779088904604132	0.0027779087722214564	0.0027779086112226185	0.0027779083920005557	0.0027779080935126433	0.0027779076871328715	0.0027779071339306435	0.0027779063809782317	0.002777905356346017	0.002777903962317125	0.002777902066198404	0.0027778994878812128	0.0027778959830131265	0.002777891220247896	0.0027778847505113232	0.0027778759655085333	0.002777864041752877	0.002777847865119634	0.0027778259292314113	0.002777796198713405	0.0027777559253308287	0.002777701400991518	0.0027776276262347997	0.0027775278657019473	0.0027773930526225903	0.002777210991808009	0.002776965294031392	0.0027766339527053644	0.0027761874447590792	0.002775586199371136	0.002774777227898099	0.0027736896422889032	0.002772228702845597	0.0027702679235408916	0.0027676386170488857	0.002764116073815696	0.0027594013305340475	0.002753097184465759	0.002744676745258961	0.002733442388602344	0.0027184725130600476	0.0026985530863820706	0.0026720908056807446	0.0026370052187518877	0.0025905992318256193	0.0025294130954222963	0.002449081260008164	0.0023442452161778825	0.002208655016138164	0.0020358213058172575	0.0018216480035011307	0.0015856664141499382	0.0014628383274753114	0.001436204980151279	0.0014090620567533173	0.0013686632074446838	0.0013082580699048936	0.0012184243499959702	0.0010858676269644748	0.0008933854046690021	0.0006624751299216215	0.0006140572853910924	0.00057888086843654	0.000519383661443393	0.00041905962091470393	0.00026744208901650733	0.00023123289513644327	0.00020128441118743458	0.00014326378638502895	0.00007725551677565399	0.00006401663529542037	0.0000349788753034796	9.069512620350674e-6	6.430751636248578e-20
0.0029498912480861138	0.00294989124804176	0.002949891247984796	0.0029498912479112155	0.0029498912478156487	0.0029498912476908783	0.0029498912475271876	0.0029498912473114617	0.002949891247025979	0.0029498912466467534	0.002949891246141281	0.0029498912454654688	0.002949891244559452	0.0029498912433418914	0.002949891241702201	0.0029498912394899574	0.002949891236500461	0.002949891232455058	0.002949891226974305	0.002949891219541403	0.0029498912094523514	0.0029498911957480437	0.0029498911771217878	0.0029498911517933774	0.0029498911173376254	0.002949891070450879	0.00294989100663315	0.0029498909197556763	0.002949890801473021	0.002949890640423825	0.002949890421144042	0.002949890122590314	0.0029498897161358115	0.0029498891628495635	0.0029498884098038258	0.0029498873850693466	0.0029498859909312513	0.0029498840946995536	0.0029498815162722226	0.0029498780113070906	0.002949873248475541	0.0029498667787305585	0.0029498579938200295	0.002949846070323588	0.0029498298942177525	0.00294980795927942	0.0029497782303681574	0.0029497379596044246	0.0029496834394338446	0.002949609671209606	0.002949509920805373	0.0029493751233195305	0.002949193086400895	0.0029489474251403495	0.002948616139533634	0.002948169716567547	0.0029475686008135003	0.002946759827222892	0.0029456725439668103	0.0029442120670824744	0.002942251996595129	0.0029396237787578153	0.0029361029127100823	0.0029313907631094882	0.002925090644316721	0.0029166764820123957	0.0029054519433454984	0.0028904974905900023	0.0028706024361590476	0.0028441789382607054	0.002809155445741703	0.002762849484662488	0.0027018258637225654	0.002621760384001154	0.0025173633560645263	0.002382500227255616	0.0022108543198431805	0.0019982193807994418	0.0017554158446295137	0.001607250540070407	0.0015791561000993621	0.0015519730834908253	0.0015114265473181606	0.0014508308361655942	0.001360788549273794	0.0012280599424824485	0.001035019278836895	0.0007773625390352741	0.0006994825680267511	0.0006639973385277213	0.0006040943720702485	0.0005032764655796722	0.000338684837611982	0.00027198492219906377	0.00024170883403407825	0.00018323052345549476	0.00009309634485445663	0.00007797688157166078	0.00004862140601654494	9.159309641167122e-6	6.383999673762002e-20
0.0031362535356301096	0.0031362535355850102	0.003136253535527174	0.0031362535354525745	0.003136253535355817	0.0031362535352296556	0.0031362535350643378	0.0031362535348467124	0.00313625353455901	0.003136253534177192	0.0031362535336686916	0.0031362535329893435	0.003136253532079198	0.0031362535308568154	0.003136253529211495	0.0031362535269926755	0.0031362535239955	0.0031362535199411282	0.0031362535144499057	0.0031362535070047896	0.0031362534969015	0.0031362534831806074	0.003136253464535039	0.003136253439184141	0.003136253404702209	0.003136253357785016	0.0031362532939319568	0.003136253207013573	0.0031362530886835864	0.0031362529275796996	0.0031362527082369833	0.0031362524096111974	0.003136252003074437	0.003136251449694915	0.0031362506965445275	0.0031362496716936983	0.003136248277428639	0.0031362463810614516	0.0031362438024948214	0.0031362402973945927	0.0031362355344462414	0.0031362290646247595	0.0031362202797138275	0.0031362083563486525	0.0031361921805913217	0.0031361702463502143	0.003136140518685624	0.003136100250023232	0.003136045733271922	0.003135971970487942	0.003135872228610979	0.0031357374443562935	0.003135555427829697	0.003135309797857994	0.0031349785601279866	0.0031345322103075836	0.003133931206233503	0.0031331226031660817	0.0031320355804572066	0.0031305755021989326	0.0031286160428445346	0.003125988764472205	0.003122469347082916	0.0031177594380894205	0.003111462794689583	0.0031030540409059605	0.0030918379587741565	0.0030768968060876983	0.0030570227815293035	0.003030632690735132	0.002995662629888024	0.0029494428882286764	0.0028885593212421776	0.0028087230481739995	0.0027047044322444144	0.0025704663918216615	0.0023998438319778955	0.002188739055162896	0.0019436918382336348	0.0017676766620537277	0.0017373923513812662	0.0017101829141608757	0.0016695122329130647	0.0016087594271717346	0.001518552035452167	0.0013857295618707776	0.001192616860575799	0.0009232059689504111	0.000796669555207081	0.0007609006366045345	0.0007006522679728162	0.0005995287969066734	0.00043119454986965174	0.00031946879503762465	0.0002888951033749084	0.00023023932881647457	0.00012160205244812908	0.00009457109291713304	0.00006518186334824417	0.000010137889956242333	6.394439317901203e-20
0.003338058675931759	0.003338058675885861	0.00333805867582709	0.003338058675751399	0.003338058675653365	0.0033380586755257123	0.003338058675358652	0.0033380586751389904	0.0033380586748489095	0.003338058674464313	0.003338058673952567	0.0033380586732694294	0.0033380586723548585	0.0033380586711273083	0.003338058669475952	0.0033380586672500843	0.0033380586642446754	0.0033380586601806875	0.003338058654678236	0.003338058647220015	0.0033380586371014416	0.003338058623362739	0.0033380586046964254	0.00333805857932136	0.003338058544811274	0.0033380584978613026	0.0033380584339701516	0.003338058347007594	0.003338058228626426	0.003338058067463262	0.003338057848052093	0.003338057549347622	0.003338057142720632	0.003338056589238051	0.0033380558359709864	0.0033380548109889292	0.003338053416578067	0.0033380515200515893	0.0033380489413147424	0.00333804543603919	0.003338040672920419	0.0033380342029503116	0.0033380254179406653	0.0033380134945705394	0.003337997318970966	0.0033379753851572646	0.003337945658353995	0.003337905391238015	0.0033378508771011984	0.003337777118582271	0.003337677383506777	0.003337542609936084	0.003337360610019942	0.003337115005693176	0.0033367838073695725	0.003336337517920085	0.003335736606185321	0.0033349281442972833	0.0033338413375858162	0.0033323815902893505	0.0033304226390404026	0.003327796142293379	0.003324277929672108	0.0033195698822309143	0.003313276125434845	0.003304871868032569	0.0032936628216837073	0.003278732724776441	0.00325887615956462	0.003232513823146906	0.00319758819730759	0.0031514400610611008	0.0030906728342454345	0.0030110273235562477	0.0029073232671457134	0.002773606206825131	0.0026038326583578994	0.002394013136112518	0.002149250745768042	0.0019461582694886598	0.001912178592680426	0.001884948483297888	0.0018441774318816559	0.0017833002201524807	0.0016929673851289629	0.0015600996464181982	0.0013671826382096251	0.0010943285587324166	0.0009068718921005298	0.0008708009012409415	0.0008102705925285715	0.0007089121109240236	0.0005398856467025913	0.00037466667640948106	0.00034378410571141735	0.00028493423142067926	0.00017137021114392	0.00011445461123169903	0.0000849519015895329	0.00001979846076473486	6.437822987017544e-20
0.0035544360793257844	0.0035544360792790384	0.0035544360792192785	0.0035544360791424302	0.003554436079043044	0.003554436078913811	0.0035544360787449036	0.003554436078523084	0.003554436078230482	0.0035544360778429407	0.0035544360773277555	0.0035544360766406	0.003554436075721338	0.0035544360744883094	0.0035544360728305556	0.003554436070597215	0.003554436067583077	0.0035544360635088924	0.0035544360579945313	0.0035544360505224064	0.003554436040387612	0.003554436026629998	0.0035544360079416476	0.0035544359825409027	0.0035544359480008834	0.003554435901016031	0.0035544358370842907	0.003554435750074593	0.0035544356316387325	0.0035544354704121085	0.0035544352509274267	0.0035544349521381413	0.0035544345454135216	0.0035544339918187565	0.0035544332384236546	0.0035544322132962506	0.0035544308187215245	0.003554428922012701	0.0035544263430754546	0.0035544228375849218	0.00355441807424239	0.003554411604051581	0.0035544028188440845	0.003554390895331025	0.003554374719695374	0.0035543527860338996	0.0035543230596973806	0.003554282793556981	0.0035542282812021085	0.0035541545257254392	0.0035540547956433776	0.00355392003006995	0.0035537380427596	0.003553492458092833	0.003553161290216211	0.003552715047695916	0.003552114208066602	0.0035513058567679385	0.003550219219600004	0.003548759732450464	0.0035468011809741285	0.0035441752995277374	0.0035406580356028947	0.0035359514549600474	0.003529659974432714	0.0035212592626374458	0.003510055761308531	0.0034951343786337194	0.003475291580088581	0.003448951131060994	0.003414060531636579	0.003367968864323056	0.0033072934678843287	0.0032277985144524702	0.003124343399037709	0.0029910393507296125	0.002821942508779108	0.0026131375167262423	0.0023691444423378913	0.002143602021072909	0.0021029562613997872	0.002075704241611455	0.002034856856978164	0.001973886984582802	0.0018834655447945655	0.0017505862651193654	0.0015579531894276948	0.00128455933844613	0.0010305601230009695	0.0009939120929921361	0.0009331662035451009	0.0008316278722978021	0.0006632092068878176	0.00043809679809961706	0.0004058464699524768	0.0003468108254237644	0.00023367553790863325	0.0001370094783449445	0.00010737030027111201	0.000041505135197399306	6.483951721034985e-20
0.003788328285499487	0.0037883282854518393	0.003788328285391025	0.003788328285312945	0.0037883282852121183	0.003788328285081202	0.003788328284910328	0.0037883282846862105	0.003788328284390924	0.0037883282840002457	0.003788328283481397	0.003788328282789963	0.0037883282818657036	0.0037883282806268396	0.0037883282789622705	0.003788328276720969	0.003788328273697532	0.0037883282696124835	0.003788328264085431	0.003788328256598484	0.0037883282464463903	0.0037883282326685998	0.0037883282139567283	0.0037883281885285657	0.003788328153956573	0.003788328106934431	0.0037883280429592417	0.003788327955899011	0.0037883278374044415	0.003788327676109589	0.0037883274565456543	0.003788327157664601	0.0037883267508339777	0.0037883261971167984	0.0037883254435809484	0.003788324418292502	0.0037883230235340446	0.0037883211266175956	0.0037883185474473055	0.003788315041699049	0.0037883102780758783	0.003788303807587927	0.00378829502207766	0.0037882830982761367	0.00378826692239989	0.0037882449885994476	0.0037882152623108976	0.00378817499653948	0.003788120485083466	0.0037880467313593422	0.003787947004382355	0.0037878122440285294	0.003787630265208041	0.003787384694051905	0.003787053547368596	0.003786607337817684	0.003786006549266042	0.0037851982768916568	0.003784111761339718	0.0037826524612605637	0.0037806941977511915	0.0037780687603002692	0.0037745521817871665	0.003769846662354519	0.0037635568298973686	0.0037551586842455944	0.0037439592003084914	0.0037290441301921747	0.0037092113103574255	0.003682886722973057	0.0036480215236058596	0.0036019708208409997	0.0035413620806531666	0.0034619765755634292	0.003358702876530664	0.0032257012966785993	0.003057105244243382	0.0028490680061089694	0.0026056059058496427	0.0023654614103270103	0.0023125776971765506	0.002285300393976707	0.002244400893499593	0.0021833697500531707	0.0020928953139722757	0.0019600318972394916	0.0017676846603589269	0.0014952636879684525	0.0011746792335606388	0.001133463702819984	0.00107257153138606	0.0009709201885013526	0.0008031093531727802	0.000530941967180689	0.00047550446823547846	0.0004163308803916681	0.0003043935215269264	0.00016260807513412184	0.00013285879214270884	0.0000684188806700198	6.520089669816589e-20
0.0040465844709571975	0.004046584470908584	0.004046584470846639	0.0040465844707672375	0.004046584470664866	0.004046584470532146	0.004046584470359162	0.004046584470132581	0.004046584469834414	0.004046584469440373	0.004046584468917594	0.004046584468221571	0.004046584467291951	0.0040465844660468285	0.004046584464374949	0.004046584462125109	0.004046584459091696	0.004046584454994991	0.004046584449454321	0.004046584441951466	0.0040465844317807975	0.004046584417981335	0.004046584399244189	0.004046584373786555	0.004046584339180182	0.004046584292117917	0.004046584228095926	0.004046584140981183	0.004046584022423202	0.0040465838610545595	0.004046583641404716	0.0040465833424238535	0.004046582935477559	0.004046582381626262	0.004046581627935186	0.004046580602467857	0.004046579207503338	0.004046577310350822	0.004046574730911129	0.004046571224857468	0.004046566460890747	0.004046559990021067	0.004046551204092672	0.0040465392798441895	0.004046523103507006	0.004046501169258444	0.004046471442580551	0.004046431176553176	0.004046376665092534	0.0040463029117996435	0.004046203185977871	0.0040460684279500355	0.0040458864533145875	0.0040456408892669375	0.004045309754263538	0.004044863563474648	0.004044262804558263	0.00404345457854418	0.004042368135225166	0.0040409089473839865	0.004038950857648365	0.004036325688981631	0.004032809527221896	0.0040281046546594675	0.0040218158273757285	0.004013419251485913	0.004002222224630818	0.003987311021790747	0.003967484315514083	0.00394116945945238	0.003906319844159257	0.0038602943158671708	0.003799726591679915	0.003720408565289567	0.0036172470980470653	0.00348443401159947	0.0033161551656534626	0.0031086297246656373	0.0028656461750018736	0.0026182180040672273	0.002547941817668581	0.002520644234389698	0.0024797168604227793	0.002418655669583996	0.002328163454667712	0.0021953412604415177	0.002003251265143239	0.0017319884787066506	0.0013625081170187726	0.0012946098265848814	0.001233643303662235	0.0011319594461596902	0.0009645990819905415	0.0006885498368229392	0.0005575595028176122	0.0004983242501969513	0.0003869781445609606	0.0001922143164921149	0.00016231134347974164	0.00009841687512444387	6.539659024893864e-20
0.004438727442610493	0.004438727442560959	0.004438727442497938	0.00443872744241728	0.004438727442313439	0.004438727442179001	0.004438727442004011	0.0044387274417750835	0.004438727441474177	0.004438727441076933	0.004438727440550414	0.004438727439850022	0.0044387274389153	0.004438727437664217	0.004438727435985377	0.004438727433727407	0.004438727430684497	0.004438727426576693	0.0044387274210230514	0.004438727413505041	0.004438727403316671	0.004438727389496543	0.004438727370735287	0.004438727345249528	0.004438727310610332	0.0044387272635097366	0.004438727199442985	0.004438727112276033	0.004438726993657232	0.004438726832217726	0.0044387266124852245	0.004438726313408032	0.004438725906349703	0.0044387253523680064	0.004438724598525116	0.0044387235728816235	0.00443872217771266	0.004438720280323108	0.004438717700609177	0.004438714194238569	0.0044387094299073995	0.0044387029586195285	0.004438694172212881	0.004438682247422361	0.004438666070474747	0.004438644135545035	0.004438614408120989	0.004438574141291919	0.004438519629003072	0.0044384458748995565	0.004438346148367018	0.00443821138985665	0.004438029415183333	0.004437783851887724	0.004437452718960542	0.0044370065324044975	0.004436405781195649	0.004435597568396024	0.004434511146954803	0.004433051994577361	0.004431093961440608	0.004428468882458781	0.004424952862061396	0.004420248211679045	0.004413959733419165	0.004405563706237587	0.00439436754366126	0.004379457707251922	0.004359633171105094	0.004333321781362844	0.004298477738936477	0.004252461244025313	0.004191908307468086	0.0041126147652797065	0.004009494375596877	0.0038767513482400803	0.0037085934905024885	0.003501278216766327	0.0032586138891504326	0.003008304748299882	0.002912231064898522	0.002884928586780767	0.0028439966050112955	0.0027829346693362	0.002692455899886589	0.00255969143620139	0.0023678015976913067	0.002097337060730816	0.0017287255005994206	0.0015427829784585099	0.0014818118908838695	0.0013801752046047782	0.001213170802601098	0.0009428424665647179	0.0006253009342976922	0.0005660879638243049	0.0004551149024897286	0.0002430093722391482	0.0001851694964770944	0.00012155287564029026	6.540681854102329e-20