0.0003079610610029096	0.0003079610493263864	0.00030796103463906515	0.00030796101615588494	0.00030796099282770446	0.000307960963709356	0.00030796092724841013	0.000307960881602173	0.00030796082452300014	0.00030796075324222627	0.0003079606637397495	0.0003079605514144591	0.00030796041019936956	0.00030796023046054087	0.00030796000202598314	0.0003079597126631704	0.0003079593462168915	0.00030795888312121596	0.0003079583053543287	0.0003079575874967637	0.0003079566451509476	0.00030795546576691473	0.0003079539779764605	0.00030795209918530744	0.00030794972788884107	0.00030794673626395033	0.0003079429628920612	0.0003079382100664429	0.00030793218892447244	0.00030792458667763074	0.0003079150222745886	0.0003079029699847485	0.0003078877848794829	0.00030786865211933855	0.00030784455296495886	0.00030781420541942697	0.0003077760066325116	0.00030772793083199974	0.0003076673297889393	0.0003075910206116478	0.0003074952300133018	0.00030737433591883476	0.0003072230521091008	0.00030703311130079997	0.00030679566564411736	0.00030649636423634076	0.0003061187093262128	0.0003056482046630679	0.00030506359350868773	0.00030432991006204053	0.0003034137782255237	0.0003022474176370711	0.0003008279571005726	0.0002990400835795903	0.0002968209147136154	0.00029403826215132576	0.0002905531367060682	0.0002862705421010932	0.00028091612238301554	0.00027428862127089554	0.00026605280093298657	0.0002559310036600963	0.0002435526719449077	0.00022871348205425368	0.00021083808158734973	0.00018947097359527578	0.00016541140941764076	0.0001393589241746884	0.00011306033414911524	0.00008851587999849046	0.00006750501587770292	0.000050846218415540016	0.000038369683931501986	0.000029182984564563283	0.000022101746773731473	0.000016135001181105873	0.000010783175491209609	6.339354208586597e-6	3.338893711702984e-6	1.6927145824083237e-6	8.73955012807995e-7	4.380653464450399e-7	1.8495149949313375e-7	6.558515169737835e-8	2.2837514682903313e-8	7.759400635653803e-9	2.0617924375772114e-9	4.869993115767637e-10	1.120423329299885e-10	1.9260230533784205e-11	3.137258456305668e-12	4.0094823441796963e-13	4.416289975435696e-14	3.4928567570876422e-15	1.8475640981372982e-16	7.600199760507523e-18	2.4085782818213734e-19	5.751276884485236e-21	1.0133030273528519e-22	1.2799925031727296e-24	2.6915281550647617e-40
0.000307961061002918	0.0003079610493263948	0.0003079610346390736	0.0003079610161558934	0.0003079609928277129	0.0003079609637093644	0.0003079609272484186	0.0003079608816021815	0.0003079608245230086	0.00030796075324223467	0.00030796066373975795	0.0003079605514144675	0.000307960410199378	0.0003079602304605493	0.0003079600020259916	0.0003079597126631788	0.0003079593462168999	0.0003079588831212244	0.00030795830535433713	0.00030795758749677213	0.00030795664515095606	0.0003079554657669232	0.000307953977976469	0.0003079520991853159	0.00030794972788884947	0.0003079467362639588	0.0003079429628920696	0.0003079382100664514	0.0003079321889244809	0.00030792458667763914	0.000307915022274597	0.0003079029699847569	0.0003078877848794913	0.000307868652119347	0.0003078445529649673	0.00030781420541943537	0.00030777600663252006	0.0003077279308320082	0.00030766732978894774	0.0003075910206116563	0.0003074952300133102	0.00030737433591884316	0.00030722305210910926	0.0003070331113008084	0.0003067956656441258	0.0003064963642363492	0.00030611870932622127	0.0003056482046630764	0.0003050635935086962	0.000304329910062049	0.00030341377822553224	0.0003022474176370796	0.00030082795710058107	0.00029904008357959874	0.00029682091471362385	0.00029403826215133416	0.000290553136706076	0.000286270542101101	0.00028091612238302345	0.00027428862127090346	0.00026605280093299416	0.0002559310036601039	0.00024355267194491644	0.00022871348205426208	0.0002108380815873559	0.00018947097359528186	0.00016541140941764572	0.00013935892417469252	0.00011306033414911976	0.00008851587999849424	0.00006750501587770613	0.00005084621841554275	0.00003836968393150415	0.000029182984564559827	0.000022101746773725737	0.000016135001181099974	0.00001078317549120396	6.339354208585768e-6	3.3388937117053066e-6	1.6927145824081702e-6	8.739550128072015e-7	4.3806534644480094e-7	1.8495149949326115e-7	6.558515169740535e-8	2.2837514682909448e-8	7.759400635654264e-9	2.06179243757808e-9	4.869993115772465e-10	1.120423329299941e-10	1.9260230533787023e-11	3.137258456303631e-12	4.009482344181025e-13	4.4162899754397914e-14	3.492856757088083e-15	1.8475640981378512e-16	7.600199760505585e-18	2.4085782818201495e-19	5.7512768844893795e-21	1.013303027352486e-22	1.2799925031739928e-24	2.6915281550648943e-40
0.000307961061002918	0.00030796104932639484	0.0003079610346390736	0.0003079610161558934	0.0003079609928277129	0.00030796096370936445	0.0003079609272484186	0.00030796088160218153	0.0003079608245230086	0.0003079607532422347	0.00030796066373975795	0.00030796055141446755	0.000307960410199378	0.0003079602304605493	0.0003079600020259916	0.0003079597126631788	0.00030795934621689994	0.0003079588831212244	0.00030795830535433713	0.00030795758749677213	0.00030795664515095606	0.0003079554657669232	0.000307953977976469	0.0003079520991853159	0.00030794972788884947	0.0003079467362639588	0.00030794296289206964	0.00030793821006645144	0.0003079321889244809	0.0003079245866776392	0.00030791502227459707	0.00030790296998475694	0.00030788778487949133	0.00030786865211934706	0.0003078445529649673	0.0003078142054194354	0.00030777600663252006	0.0003077279308320082	0.00030766732978894774	0.0003075910206116563	0.0003074952300133102	0.0003073743359188432	0.0003072230521091092	0.0003070331113008084	0.0003067956656441258	0.00030649636423634927	0.0003061187093262212	0.00030564820466307647	0.00030506359350869624	0.000304329910062049	0.00030341377822553224	0.0003022474176370796	0.0003008279571005811	0.0002990400835795988	0.00029682091471362385	0.00029403826215133416	0.000290553136706076	0.000286270542101101	0.00028091612238302345	0.00027428862127090346	0.00026605280093299416	0.00025593100366010394	0.00024355267194491647	0.0002287134820542621	0.00021083808158735593	0.00018947097359528186	0.00016541140941764575	0.00013935892417469252	0.00011306033414911976	0.00008851587999849427	0.00006750501587770614	0.00005084621841554276	0.000038369683931504155	0.000029182984564559814	0.000022101746773725723	0.000016135001181099957	0.000010783175491203944	6.339354208585765e-6	3.3388937117053134e-6	1.6927145824081696e-6	8.739550128071992e-7	4.380653464448003e-7	1.8495149949326155e-7	6.558515169740544e-8	2.283751468290947e-8	7.759400635654268e-9	2.0617924375780833e-9	4.869993115772478e-10	1.1204233292999416e-10	1.9260230533787033e-11	3.1372584563036246e-12	4.0094823441810297e-13	4.4162899754398046e-14	3.4928567570880836e-15	1.8475640981378527e-16	7.600199760505581e-18	2.408578281820146e-19	5.751276884489392e-21	1.0133030273524853e-22	1.2799925031739965e-24	2.691528155064895e-40
0.000307961061002918	0.0003079610493263948	0.0003079610346390736	0.0003079610161558934	0.0003079609928277129	0.0003079609637093644	0.00030796092724841854	0.0003079608816021815	0.0003079608245230086	0.00030796075324223467	0.00030796066373975795	0.0003079605514144675	0.00030796041019937796	0.0003079602304605493	0.0003079600020259916	0.0003079597126631788	0.0003079593462168999	0.0003079588831212244	0.0003079583053543371	0.0003079575874967721	0.00030795664515095606	0.0003079554657669232	0.000307953977976469	0.0003079520991853159	0.00030794972788884947	0.0003079467362639588	0.00030794296289206964	0.0003079382100664514	0.0003079321889244809	0.00030792458667763914	0.00030791502227459707	0.0003079029699847569	0.00030788778487949133	0.000307868652119347	0.0003078445529649673	0.00030781420541943537	0.00030777600663252	0.0003077279308320082	0.00030766732978894774	0.0003075910206116563	0.0003074952300133102	0.00030737433591884316	0.0003072230521091092	0.0003070331113008084	0.00030679566564412576	0.0003064963642363492	0.00030611870932622127	0.0003056482046630764	0.0003050635935086962	0.000304329910062049	0.0003034137782255322	0.0003022474176370796	0.00030082795710058107	0.00029904008357959874	0.00029682091471362385	0.00029403826215133416	0.000290553136706076	0.00028627054210110097	0.0002809161223830234	0.0002742886212709034	0.00026605280093299416	0.0002559310036601039	0.00024355267194491647	0.00022871348205426208	0.0002108380815873559	0.00018947097359528186	0.00016541140941764572	0.00013935892417469252	0.00011306033414911977	0.00008851587999849426	0.00006750501587770613	0.00005084621841554276	0.000038369683931504155	0.000029182984564559814	0.000022101746773725716	0.000016135001181099954	0.00001078317549120394	6.339354208585764e-6	3.3388937117053142e-6	1.6927145824081696e-6	8.739550128071987e-7	4.3806534644480015e-7	1.8495149949326163e-7	6.558515169740546e-8	2.283751468290947e-8	7.759400635654266e-9	2.0617924375780837e-9	4.869993115772481e-10	1.1204233292999413e-10	1.9260230533787036e-11	3.1372584563036234e-12	4.0094823441810307e-13	4.4162899754398065e-14	3.4928567570880836e-15	1.847564098137853e-16	7.60019976050558e-18	2.4085782818201457e-19	5.751276884489394e-21	1.0133030273524852e-22	1.2799925031739973e-24	2.691528155064895e-40
0.000307961061002918	0.00030796104932639484	0.0003079610346390736	0.00030796101615589345	0.0003079609928277129	0.00030796096370936445	0.0003079609272484186	0.0003079608816021815	0.0003079608245230086	0.0003079607532422347	0.00030796066373975795	0.00030796055141446755	0.000307960410199378	0.0003079602304605494	0.0003079600020259916	0.0003079597126631788	0.0003079593462168999	0.0003079588831212244	0.00030795830535433713	0.00030795758749677213	0.00030795664515095606	0.00030795546576692324	0.000307953977976469	0.0003079520991853159	0.0003079497278888495	0.0003079467362639588	0.00030794296289206964	0.00030793821006645144	0.00030793218892448095	0.0003079245866776392	0.00030791502227459707	0.00030790296998475694	0.00030788778487949133	0.000307868652119347	0.0003078445529649673	0.0003078142054194354	0.00030777600663252006	0.00030772793083200825	0.00030766732978894774	0.00030759102061165633	0.0003074952300133102	0.0003073743359188432	0.00030722305210910926	0.0003070331113008084	0.0003067956656441258	0.00030649636423634927	0.00030611870932622127	0.0003056482046630764	0.00030506359350869624	0.000304329910062049	0.00030341377822553224	0.00030224741763707966	0.0003008279571005811	0.00029904008357959874	0.00029682091471362385	0.00029403826215133416	0.000290553136706076	0.000286270542101101	0.0002809161223830234	0.0002742886212709034	0.00026605280093299416	0.0002559310036601039	0.00024355267194491647	0.0002287134820542621	0.00021083808158735593	0.00018947097359528186	0.00016541140941764575	0.00013935892417469252	0.00011306033414911977	0.00008851587999849427	0.00006750501587770614	0.00005084621841554277	0.000038369683931504155	0.000029182984564559814	0.00002210174677372572	0.000016135001181099954	0.000010783175491203939	6.339354208585764e-6	3.338893711705315e-6	1.6927145824081696e-6	8.739550128071986e-7	4.380653464448001e-7	1.8495149949326165e-7	6.558515169740546e-8	2.2837514682909474e-8	7.759400635654268e-9	2.0617924375780837e-9	4.869993115772482e-10	1.1204233292999415e-10	1.9260230533787033e-11	3.1372584563036234e-12	4.009482344181031e-13	4.416289975439808e-14	3.4928567570880844e-15	1.8475640981378531e-16	7.60019976050558e-18	2.4085782818201457e-19	5.751276884489395e-21	1.0133030273524849e-22	1.2799925031739976e-24	2.6915281550648947e-40
0.0003079240671380394	0.0003079240556519953	0.000307924040999771	0.0003079240224834942	0.00030792399922139013	0.00030792396997748113	0.00030792393333758114	0.0003079238871819509	0.00030792382983197764	0.00030792375823809025	0.000307923668409822	0.00030792355557241065	0.0003079234135696587	0.0003079232337697538	0.000307923005905189	0.0003079227173259726	0.00030792235114065043	0.00030792188803305075	0.00030792131002486603	0.00030792057849949185	0.00030791963584381855	0.00030791845651582846	0.00030791696876361	0.0003079150900195614	0.00030791271878946645	0.0003079097272390207	0.0003079059539514219	0.00030790120119735713	0.00030789518032093015	0.00030788757789934254	0.0003078780135971978	0.0003078659614773914	0.00030785077657480774	0.00030783164407447404	0.000307807545209667	0.0003077771980461997	0.0003077389995920598	0.0003076909242886568	0.0003076303239544835	0.00030755401595327904	0.00030745822648094216	0.0003073373293450426	0.0003071860482796781	0.00030699612980091776	0.00030675865509502127	0.00030645938107872356	0.00030608268346695784	0.00030561247588797397	0.00030502794720173223	0.0003042942271974659	0.0003033777978251097	0.00030221444181233875	0.00030079406401665966	0.0002989993900941309	0.00029677431858184203	0.0002939893697060504	0.0002905083302683352	0.00028622628606824737	0.00028087340783173275	0.0002742460284797036	0.000266009141288571	0.00025588713090338416	0.00024345587344026267	0.00022851410872597468	0.00021056751866888474	0.0001893355181611992	0.00016532602774659404	0.00013935898944905924	0.00011305842592617644	0.00008851228151445489	0.00006749326824964469	0.000050845842088414866	0.000038369671878146656	0.00002918463789981058	0.000022107170261093924	0.0000161389167090521	0.000010786524284804328	6.341280944434342e-6	3.3400817854214572e-6	1.6934246802859127e-6	8.743733226480957e-7	4.3830760289581336e-7	1.8508891820480554e-7	6.56383905696766e-8	2.285775334118918e-8	7.768263089182268e-9	2.0646801240895223e-9	4.877374223480694e-10	1.122643077643637e-10	1.9304699204175154e-11	3.145409561239953e-12	4.022906568216139e-13	4.4324939381448467e-14	3.5087430377699294e-15	1.8561265104441756e-16	7.635219034188795e-18	2.4196043637698274e-19	5.777418950993197e-21	1.0178735125069505e-22	1.2857181096573143e-24	2.703482636138794e-40
0.00030789506712550327	0.0003078950557887784	0.00030789504116406703	0.00030789502262184524	0.0003078949994115395	0.00030789497006920185	0.0003078949332890172	0.0003078948867340664	0.0003078948291718089	0.0003078947573324675	0.00030789466724880673	0.0003078945540099366	0.0003078944113897249	0.0003078942315419415	0.0003078940041242021	0.000307893716159258	0.00030789335017850355	0.0003078928870615563	0.00030789230886421517	0.0003078915666244526	0.00030789062372587776	0.00030788944444182036	0.0003078879567195755	0.0003078860780124527	0.0003078837068343874	0.0003078807153423	0.00030787694212077766	0.00030787218942280464	0.000307866168754541	0.0003078585661959677	0.0003078490019729177	0.0003078369499864032	0.00030782176524270477	0.00030780263294604023	0.0003077785343082333	0.00030774818744427174	0.0003077099892509993	0.000307661914337287	0.00030760131455882025	0.000307525007479567	0.00030742921888992475	0.0003073083193698031	0.0003071570404557886	0.0003069671394814701	0.00030672964200348504	0.00030643038945975406	0.0003060544422876786	0.0003055844675971594	0.0003050000035588548	0.0003042662548965552	0.0003033495922816572	0.0003021885915981474	0.0003007674947500573	0.00029896748989682577	0.00029673779121682506	0.0002939510422284861	0.0002904732058697234	0.00028619159313979096	0.0002808399232924187	0.00027421263938984226	0.0002659749158774183	0.00025585273843049594	0.00024337999172696615	0.0002283578171614492	0.0002103554205803707	0.00018922933273560539	0.00016525909585021103	0.00013935904061855613	0.0001130569300432926	0.00008850946061205403	0.00006748405911828817	0.000050845547080270624	0.00003836966242934969	0.00002918593397263661	0.000022111421809348862	0.000016141986146648597	0.000010789149451347785	6.342791339845744e-6	3.3410131331672284e-6	1.693981336029347e-6	8.747012416333072e-7	4.38497511145179e-7	1.851966426712964e-7	6.568012527266975e-8	2.287361871091342e-8	7.77521049152201e-9	2.066943822281295e-9	4.883160377935541e-10	1.1243831696833752e-10	1.9339558822194418e-11	3.151799327383969e-12	4.0334300068075005e-13	4.445196453092245e-14	3.52119651729793e-15	1.8628387062376788e-16	7.662671136832164e-18	2.428247864950776e-19	5.797912085701359e-21	1.0214563802935693e-22	1.2902064933484607e-24	2.712853922489778e-40
0.0003080073192449724	0.00030800730801834906	0.0003080072935570049	0.00030800727506050384	0.00030800725189671714	0.00030800722257172034	0.0003080071856973032	0.0003080071391266634	0.00030800708124506336	0.00030800700873399737	0.00030800691798548005	0.0003080068036503145	0.0003080066606482733	0.0003080064803849301	0.00030800625249478776	0.0003080059639965358	0.0003080055984819441	0.0003080051361126664	0.00030800455197361776	0.0003080038103749391	0.00030800286765144856	0.00030800168848799835	0.0003080002008635481	0.00030799832226428966	0.0003079959512253225	0.00030799295989281496	0.0003079891868694018	0.0003079844345367864	0.0003079784146314271	0.0003079708118117851	0.00030796124785753066	0.00030794919627744825	0.00030793401201767103	0.0003079148803318827	0.0003078907824272462	0.00030786043648025393	0.0003078222393567423	0.00030777416567159984	0.00030771356750808256	0.00030763726316315775	0.00030754142768415295	0.00030742060721207634	0.0003072692992047883	0.0003070794423392016	0.0003068418881583602	0.0003065426798155878	0.0003061664890271462	0.00030569880339633343	0.00030511454104926344	0.0003043807644137222	0.00030346339640603903	0.0003023036324315332	0.00030088078437467584	0.0002990901769287219	0.0002968576862193086	0.000294073619381946	0.0002905903953322467	0.00028631037472787304	0.0002809571962232363	0.00027433041057758526	0.00026609657490801904	0.0002559744568241135	0.00024347842896410823	0.00022853101882132815	0.00021049652661512617	0.00018938266742932815	0.00016535171731703313	0.000139368632037681	0.00011306938226009803	0.00008852258737056941	0.00006749869506050408	0.000050850840960426915	0.00003837550612889753	0.00002918835730699176	0.000022117107519751794	0.000016148598596718036	0.000010794811804544357	6.347244602526891e-6	3.3437330020186817e-6	1.695540949827618e-6	8.756219154603916e-7	4.390874933175862e-7	1.855136345291215e-7	6.580737736205331e-8	2.292283768178496e-8	7.796504036103133e-9	2.073969663628404e-9	4.901417361862159e-10	1.129590990265527e-10	1.944552657229072e-11	3.171530929643209e-12	4.064938772395408e-13	4.4842620208476496e-14	3.559128462245823e-15	1.88318613989413e-16	7.745904652168201e-18	2.454452387534063e-19	5.860035744798732e-21	1.0323164984733266e-22	1.3038098473960984e-24	2.7412536804118743e-40
0.00030806891908179466	0.00030806890789677224	0.0003080688935246939	0.0003080688751692557	0.00030806885202090917	0.00030806882278482746	0.0003080687860215718	0.0003080687397404966	0.00030806868183446876	0.0003080686095981312	0.00030806851875578973	0.0003080684045246584	0.00030806826126487296	0.0003080680805024892	0.00030806785197811423	0.0003080675630171079	0.0003080671973014676	0.00030806673499946365	0.0003080661522345455	0.00030806541266660515	0.0003080644769610299	0.0003080633008411302	0.0003080618154074759	0.0003080599375369655	0.000308057566689018	0.00030805457557491476	0.0003080508028150617	0.00030804605099500956	0.0003080400321625668	0.0003080324290486705	0.00030802286541513384	0.0003080108143706967	0.0003079956307280301	0.00030797649983252455	0.0003079524029186595	0.00030792205819112756	0.00030788386254242676	0.00030783579048354056	0.00030777519449510545	0.000307698893890362	0.0003076029996389385	0.0003074822714679169	0.0003073309362221255	0.000307141130900216	0.0003069035145665794	0.00030660434779152955	0.0003062282877717931	0.0003057602774985243	0.0003051759387304273	0.0003044421408801536	0.0003035236764403267	0.00030236616706980275	0.00030094125893464244	0.0002991532461174577	0.00029692142103083076	0.00029413631576161886	0.0002906547220823259	0.00028637637401894003	0.0002810224084465842	0.00027439630369156055	0.0002661644478357998	0.00025604270975949174	0.00024357694451013136	0.00022858149699481696	0.00021051933410821892	0.00018937052117121595	0.00016536014497809512	0.00013938811880636625	0.00011308929515528148	0.00008853735889522025	0.00006751347522526236	0.00005086718718809844	0.00003839180858444571	0.00002920150544225961	0.00002212753880564954	0.000016158521558696293	0.000010803236913444119	6.353115385571294e-6	3.3472771538426302e-6	1.697539873069778e-6	8.768233756877228e-7	4.398670882826233e-7	1.8594006180439132e-7	6.598027001876967e-8	2.2989449313504224e-8	7.825083679055369e-9	2.0834127203795837e-9	4.925825001257487e-10	1.1366352491718876e-10	1.958947342186026e-11	3.1982286477810733e-12	4.107672106538948e-13	4.5372609461657e-14	3.610809828270004e-15	1.910905121634487e-16	7.859287320293828e-18	2.490145017346915e-19	5.944643719377659e-21	1.047105362290485e-22	1.3223318719142367e-24	2.7799177834131593e-40
0.0003080892769233072	0.0003080892657457058	0.00030808925140244736	0.0003080892331285704	0.0003080892099839768	0.0003080891808060093	0.00030808914414348697	0.0003080890981314264	0.00030808904045181887	0.00030808896847441333	0.00030808887780356105	0.00030808876412367014	0.00030808862077402044	0.00030808843978422237	0.00030808821014766287	0.0003080879206653227	0.00030808755380141734	0.0003080870911009621	0.00030808650997830384	0.0003080857684133843	0.00030808483498718386	0.00030808366019630573	0.000308082176004051	0.0003080802995581715	0.0003080779295370348	0.00030807493873226415	0.00030807116634832047	0.00030806641523803906	0.0003080603979709789	0.0003080527944276665	0.00030804323123911074	0.00030803118098660646	0.0003080159982302004	0.0003079968684531623	0.00030797277288426326	0.0003079424297836904	0.00030790423612218784	0.0003078561661767801	0.0003077955730329657	0.0003077192775969696	0.00030762332626798445	0.0003075026821113464	0.00030735133081959674	0.0003071615866767511	0.0003069238979666758	0.00030662476342662104	0.0003062484948214004	0.0003057804182183975	0.0003051955424061931	0.0003044617440607416	0.00030354213555116325	0.0003023875758072776	0.0003009597859036984	0.00029917184628998285	0.00029693983747043244	0.0002941533060173151	0.00029067283246816267	0.00028639544343223304	0.0002810415853782341	0.00027441539672647293	0.0002661841123951836	0.0002560627449055014	0.00024360161112669978	0.00022856476881617566	0.00021053995316675135	0.00018937782770273473	0.00016538257849181678	0.0001394099701380635	0.00011311156776345681	0.00008855730518437765	0.00006752961025553126	0.000050884104231287666	0.00003840986932747691	0.00002921880874340289	0.00002214304299850272	0.00001617214105561953	0.000010814747362397407	6.361394287678538e-6	3.352308673247275e-6	1.7003901615420982e-6	8.78536163172463e-7	4.409684303838625e-7	1.8654077669306828e-7	6.62240486102807e-8	2.3083800987444093e-8	7.865526027291772e-9	2.096774616674556e-9	4.960359488946601e-10	1.146608631581247e-10	1.97932408401143e-11	3.2360470699467097e-12	4.168365289104983e-13	4.612480568325564e-14	3.684460774199885e-15	1.9504329098302737e-16	8.020956653597361e-18	2.5410312269313163e-19	6.065249682016572e-21	1.0681830014909333e-22	1.3487255737740324e-24	2.8350056252349025e-40
0.0003081129191051406	0.0003081129079130595	0.00030811289355189527	0.0003081128752563931	0.00030811285208653895	0.0003081128228984556	0.00030811278624605457	0.0003081127403055821	0.0003081126827926697	0.00030811261070754555	0.00030811252018789133	0.0003081124067907059	0.00030811226344140626	0.0003081120825706481	0.000308111852870344	0.0003081115630771968	0.00030811119446991523	0.00030811073058279847	0.00030811014415448143	0.0003081093995569739	0.00030810846312214645	0.0003081072873385707	0.00030810580287272363	0.00030810392737329665	0.0003081015589465276	0.00030809856970351085	0.00030809479784932325	0.0003080900477242683	0.00030808403274325513	0.0003080764285595101	0.00030806686599877385	0.0003080548168459813	0.00030803963533859746	0.0003080205071580237	0.0003079964134960827	0.00030796607268905173	0.00030792788183412286	0.0003078798148942934	0.0003078192257657268	0.00030774293746075	0.0003076469380865381	0.00030752635681801965	0.0003073750074384306	0.0003071853306584681	0.0003069475583041703	0.00030664842912251847	0.00030627213404329226	0.0003058046795821868	0.0003052192474169946	0.00030448547919151574	0.0003035654800093139	0.00030241388957573514	0.0003009836527655505	0.00029919761541561936	0.0002969669162260707	0.00029417933530378917	0.0002907008956761715	0.00028642381136165094	0.0002810702031687481	0.00027444551796634105	0.00026621624471397	0.0002560946290093318	0.00024363201902720145	0.0002285660274115365	0.0002105640564353324	0.00018942681048241992	0.00016541910717436913	0.00013943155905517816	0.0001131329451922999	0.0000885795014374629	0.00006754990118571798	0.00005090239096694017	0.00003843011753593248	0.000029238086722665314	0.00002216298127931953	0.000016190662077035505	0.000010830366554589875	6.372880372317646e-6	3.3592925341147658e-6	1.7043502634477374e-6	8.809014843961441e-7	4.42500779110504e-7	1.8737557789940862e-7	6.656247825765782e-8	2.3214783514038815e-8	7.92178461245668e-9	2.1153951302823068e-9	5.008417557120813e-10	1.1605242261384855e-10	2.0078046934066998e-11	3.2889366965550004e-12	4.253578647816567e-13	4.718143921926832e-14	3.788389519498829e-15	2.0062528068663395e-16	8.249226163221358e-18	2.6128663886419207e-19	6.235471170093696e-21	1.0979249090652598e-22	1.385959717114708e-24	2.912703091461259e-40
0.00030805019550610467	0.0003080501843024322	0.00030805016992627865	0.00030805015161168537	0.00030805012841787896	0.00030805009919193015	0.00030805006248730925	0.0003080500164847681	0.0003080499588996115	0.0003080498866802783	0.0003080497961824118	0.0003080496827606395	0.00030804953942937125	0.00030804935869690943	0.0003080491299404451	0.00030804884035252764	0.0003080484720922761	0.0003080480076403051	0.0003080474176869886	0.00030804667659048456	0.00030804574313825586	0.00030804456647309477	0.000308043081567455	0.0003080412061248952	0.0003080388386256674	0.0003080358513059849	0.0003080320804881813	0.0003080273316991102	0.00030802132002901556	0.0003080137148554013	0.0003080041531567024	0.00030799210549039326	0.00030797692562076873	0.00030795779956511646	0.0003079337085171337	0.0003079033708485948	0.0003078651838273655	0.0003078171210512403	0.0003077565373771876	0.00030768025818458635	0.0003075842163735034	0.0003074636865894647	0.00030731237728375357	0.0003071227663145851	0.00030688490682846274	0.0003065857435772929	0.0003062099790132884	0.0003057423755538779	0.00030515705663437044	0.00030442335156136347	0.00030350308827945883	0.00030235405494637504	0.0003009223018115464	0.00029913811654359943	0.00029690577063121523	0.00029411746368085016	0.00029064239544858585	0.0002863646677862451	0.00028101168296944636	0.00027438878265953216	0.0002661645136655633	0.00025604254717565515	0.00024361814730945936	0.00022858152644009892	0.00021054181146513184	0.00018942507638245538	0.00016544156478060724	0.00013945933047440853	0.00011316906105602013	0.00008861588642461289	0.00006758504912810161	0.00005093225923780256	0.00003846078244986108	0.000029266776736119604	0.000022189422528162615	0.000016215545771515427	0.000010851485087137976	6.388262477882147e-6	3.368646428144466e-6	1.7096605127593045e-6	8.840818231376757e-7	4.445478052805681e-7	1.884927052829555e-7	6.701549141363683e-8	2.3389846819194353e-8	7.997256772040008e-9	2.1404046480511906e-9	5.073018852215937e-10	1.1792553724792787e-10	2.0462778984269653e-11	3.3604531553896593e-12	4.369203316911172e-13	4.8617202334141894e-14	3.930491275150024e-15	2.082634338590215e-16	8.561511728656583e-18	2.711115563218387e-19	6.46821796077718e-21	1.1385791295435386e-22	1.4368384455956042e-24	3.018843569856109e-40
0.0003081952263244361	0.0003081952151201972	0.00030819520074277634	0.0003081951824258927	0.00030819515922833526	0.00030819512998733463	0.0003081950932560302	0.0003081950472204602	0.0003081949895990265	0.0003081949173792913	0.00030819482677226325	0.00030819471313220674	0.0003081945697786628	0.0003081943890751407	0.00030819416052237146	0.0003081938710936979	0.0003081935045252736	0.0003081930411375149	0.00030819245554204527	0.00030819171555304935	0.00030819078469574086	0.000308189606922991	0.00030818812120119056	0.00030818624557209375	0.0003081838783082876	0.0003081808916671696	0.0003081771220117286	0.00030817236819215006	0.0003081663612530171	0.00030815875453193747	0.00030814919393746984	0.0003081371482170846	0.00030812197050031923	0.0003081028471740196	0.0003080787594203796	0.00030804842576944087	0.000308010243620908	0.000307962186069083	0.00030790160918878966	0.00030782529557555114	0.0003077292604760354	0.00030760877691156076	0.0003074575147212877	0.0003072679616452837	0.000307030028801195	0.0003067308124564065	0.0003063555933432699	0.0003058876760964736	0.0003053025027485321	0.00030456891303285127	0.00030364836783215444	0.00030250136250071233	0.0003010665830318137	0.0002992834120972072	0.00029705037308023227	0.0002942606236257482	0.0002907905604245058	0.00028651076296282933	0.0002811600273731509	0.0002745354213047797	0.00026631448935393197	0.0002561930119377583	0.00024375802393860265	0.00022872262367512622	0.00021064137000024365	0.00018950233863758778	0.00016550596507942293	0.0001395121592565953	0.00011321457927043979	0.00008866155990988554	0.00006763036268255986	0.0000509723139660841	0.000038501339358004476	0.000029303902588777966	0.000022225048725281495	0.000016247785658248934	0.000010879004252616966	6.408081420988783e-6	3.3807002348013557e-6	1.7165139794107915e-6	8.882116362425756e-7	4.471807201258724e-7	1.8993017774584844e-7	6.75998596243883e-8	2.3615676670857738e-8	8.094705903096287e-9	2.1727822273685927e-9	5.156823796672453e-10	1.2035668095763114e-10	2.096401028690265e-11	3.4535707271783404e-12	4.520773597711164e-13	5.050023556418746e-14	4.1184900128524804e-15	2.1837831805961471e-16	8.974950592698164e-18	2.8411463668043923e-19	6.776144262386775e-21	1.1923443207779897e-22	1.504097751642322e-24	3.1591070435355048e-40
0.0003081561865948289	0.00030815617539118716	0.00030815616101399323	0.00030815614269676014	0.0003081561194980113	0.00030815609025462183	0.00030815605351930284	0.0003081560074776827	0.0003081559498492195	0.00030815587763239726	0.00030815578683218774	0.0003081556730839533	0.00030815552949941464	0.00030815534850879865	0.0003081551196695514	0.00030815483010874324	0.00030815446353452266	0.00030815400023579884	0.00030815341768518	0.0003081526752972482	0.0003081517409132879	0.0003081505622374684	0.00030814907472269534	0.00030814719681299205	0.00030814482851126594	0.0003081418421004737	0.0003081380742951807	0.00030813331138333376	0.00030812727960786296	0.0003081196786614164	0.00030811011943044037	0.0003080980762479902	0.00030808290153356774	0.00030806378185672527	0.00030803969856118673	0.0003080093702574033	0.0003079711945236449	0.00030792314414957264	0.00030786257585351483	0.0003077861631105725	0.00030769018152675397	0.00030756974424201594	0.00030741855862786896	0.00030722903424237533	0.00030699105608800257	0.0003066918348108347	0.00030631711001789547	0.00030584906330347354	0.0003052637797036941	0.00030453014498981563	0.00030361019020133786	0.0003024645336571141	0.00030103079224372883	0.0002992476511980982	0.0002970147427514896	0.0002942256925891003	0.00029075867029779693	0.00028647741033652196	0.00028112801709551284	0.0002745058178593019	0.00026629135107525214	0.00025617039266109804	0.00024375360919164977	0.00022870593478656017	0.0002106669567361471	0.00018954073264880345	0.0001655548020738574	0.00013956204930925395	0.00011327700709887401	0.00008872246429999721	0.00006768516818095545	0.00005102447756540866	0.00003855153637970032	0.00002934987428601835	0.000022269678683007136	0.0000162902874315542	0.00001091524571516831	6.434446414386325e-6	3.39670268298556e-6	1.725591826377295e-6	8.93669055427689e-7	4.507012896182183e-7	1.918548126395388e-7	6.838254686910521e-8	2.3918161709869833e-8	8.22565879721775e-9	2.2164148538570312e-9	5.269755233038718e-10	1.2364098934770991e-10	2.1645220071111015e-11	3.5804855631843135e-12	4.728845984001995e-13	5.309134000621967e-14	4.380028243163428e-15	2.32478399096755e-16	9.551060463654684e-18	3.0222501467045853e-19	7.2047874932679e-21	1.2671438078538299e-22	1.5976125016496826e-24	3.3540210214007376e-40
0.0003081549747985675	0.0003081549635964172	0.0003081549492205774	0.00030815493090443144	0.0003081549077063446	0.00030815487846298475	0.0003081548417267859	0.00030815479568289885	0.0003081547380494819	0.0003081546657695747	0.00030815457499424215	0.00030815446120913576	0.0003081543176158419	0.00030815413660127304	0.0003081539076928365	0.00030815361785314416	0.00030815325093914666	0.000308152787232553	0.00030815220294476403	0.00030815146357140706	0.00030815052774406	0.00030814935066280334	0.00030814786437070136	0.0003081459855344282	0.0003081436120115104	0.00030814062386948834	0.00030813685687197526	0.000308132106221139	0.00030812609590069915	0.0003081185250680286	0.00030810896801953397	0.00030809692792329625	0.0003080817570570038	0.0003080626418984227	0.00030803856407031585	0.0003080082423556476	0.000307970074495158	0.0003079220320501521	0.00030786147156786715	0.00030778495143662574	0.00030768902177132003	0.0003075686322967073	0.00030741753959391804	0.00030722803645479556	0.000306990032561352	0.00030669091193514684	0.0003063165759195634	0.0003058485070997134	0.00030526308296613695	0.0003045293078275771	0.00030361045560875206	0.0003024655156236868	0.0003010325131881255	0.00029924829696954765	0.000297017112339494	0.0002942287030350637	0.0002907652429172937	0.0002864815946882682	0.0002811352529970258	0.00027451158935522474	0.00026630404542931133	0.00025618421479918214	0.00024379128206806987	0.0002287607431321486	0.0002107089136630776	0.00018959882983496514	0.00016562101953834042	0.00013963954139817311	0.00011335413676479027	0.000088796437428131	0.00006775688828289168	0.00005109266368382195	0.0000386159381767923	0.000029410923088222127	0.00002232673164921043	0.000016342908811261364	0.00001095995967788844	6.466917542335228e-6	3.4164642723804764e-6	1.7368149865628648e-6	9.004323332651026e-7	4.55047921460808e-7	1.9423720656697495e-7	6.935274082910234e-8	2.4293497065585957e-8	8.388195529685252e-9	2.270849356466505e-9	5.410893196567058e-10	1.277571857786458e-10	2.2504001355853942e-11	3.740558818390367e-12	4.993857432713618e-13	5.639616893303224e-14	4.718134953999988e-15	2.5074026536251226e-16	1.0296884738580989e-17	3.256576398126377e-19	7.759069217773706e-21	1.3638051891268897e-22	1.7183756171814177e-24	3.605581196326133e-40
0.0003082961216711733	0.0003082961104715601	0.0003082960960983464	0.00030829607778485294	0.00030829605458936987	0.00030829602534848926	0.0003082959886145367	0.00030829594257234005	0.00030829588493818674	0.0003082958126628041	0.00030829572190220776	0.0003082956081178788	0.00030829546456439253	0.0003082952835616633	0.0003082950546566076	0.00030829476481179807	0.0003082943978479746	0.0003082939339851026	0.00030829335063084983	0.0003082926090149741	0.0003082916742293029	0.00030829049768706194	0.000308289012148454	0.00030828713595919147	0.0003082847664301187	0.00030828177145375487	0.0003082779983752121	0.00030827324998479786	0.0003082672509153661	0.0003082596730613911	0.00030825013201586415	0.0003082380972012128	0.00030822293119618524	0.00030820382173003027	0.0003081797506998589	0.0003081494371190778	0.0003081112788867938	0.0003080632457994281	0.00030800265682620463	0.00030792617438128614	0.0003078302966648611	0.00030770996258503336	0.00030755896581474864	0.00030736947180469806	0.00030713144622752914	0.00030683254444019425	0.0003064585079259496	0.0003059904664817946	0.0003054052822175212	0.0003046710567501132	0.00030375326021389885	0.0003026083856519504	0.00030117663641896354	0.00029939074377293974	0.0002971632777320442	0.0002943754570264336	0.0002909139153586337	0.0002866287959728112	0.00028128528741083915	0.00027466394822800287	0.0002664611798052864	0.0002563426907089394	0.00024394497858483543	0.00022891980945220173	0.0002108406819716216	0.00018971085500622863	0.00016572980134470033	0.0001397447543328439	0.00011344596096085513	0.00008888568956609125	0.00006784303323635068	0.00005117431662723234	0.00003869105661562788	0.000029481254524914187	0.00002239556721428708	0.000016407790519288048	0.00001101538817249999	6.50709513384156e-6	3.4409486668829693e-6	1.7507266325038845e-6	9.088323716231749e-7	4.6043204126433113e-7	1.9719785640761324e-7	7.056137823433484e-8	2.47610774626743e-8	8.591472897334052e-9	2.339265127999686e-9	5.588532132371089e-10	1.3295598888756884e-10	2.359764966818e-11	3.944749195116158e-12	5.335937673742397e-13	6.067389240119902e-14	5.162932134995114e-15	2.748340055562722e-16	1.12803269655175e-17	3.5653364911284e-19	8.488849170573385e-21	1.4909640913689205e-22	1.8770965895712454e-24	3.935956077645711e-40
0.0003082974067396881	0.000308297395543692	0.00030829738117442234	0.000308297362865171	0.00030829733967424486	0.00030829731043825433	0.0003082972737095831	0.00030829722767295484	0.00030829717004314625	0.0003082970977781157	0.00030829700717840497	0.0003082968934101812	0.00030829674991087873	0.0003082965689423209	0.00030829634007077677	0.00030829605026096597	0.0003082956833276603	0.0003082952194440218	0.0003082946355559889	0.00030829389444480914	0.0003082929575076931	0.0003082917805228463	0.00030829029503100724	0.000308288419007854	0.00030828605160956694	0.0003082830653628438	0.00030827929359018033	0.0003082745200393491	0.00030826850324904557	0.00030826090545025013	0.00030825136584017906	0.00030823934388519726	0.00030822418440694	0.0003082050820378759	0.0003081810192230364	0.0003081507153545568	0.0003081125686369639	0.0003080645464635963	0.00030800397546261877	0.00030792755941172766	0.0003078317351039225	0.0003077114680992135	0.00030756055934897476	0.0003073710805348112	0.00030713303992322804	0.0003068344298482222	0.0003064606382869538	0.00030599265572381736	0.00030540723412507767	0.00030467339325075053	0.00030375646206531935	0.0003026120015047695	0.00030118196581718055	0.00029939502085125984	0.0002971694405288735	0.0002943832966507415	0.0002909240300498127	0.0002866361130280201	0.00028129700777259904	0.0002746779939634582	0.00026648019801980984	0.00025636574461908773	0.00024399344964595273	0.00022897368076037726	0.00021093096185537504	0.00018981735374223535	0.00016584171100962567	0.00013985585264888274	0.00011355614192919738	0.00008899378527208177	0.00006794653455350972	0.00005127146344085031	0.000038785617036150306	0.000029571273899270694	0.00002247990609016442	0.00001648555334341489	0.000011081642319779357	6.555370948339382e-6	3.4703692419108073e-6	1.767444164319131e-6	9.189226703004164e-7	4.6693097750155834e-7	2.0078198123814743e-7	7.202784159767404e-8	2.5329351374428056e-8	8.838470537579011e-9	2.4229866886478927e-9	5.806134542431949e-10	1.3935627638021744e-10	2.4955784142632956e-11	4.1986822116263e-12	5.767116555013104e-13	6.608267571118475e-14	5.735608648566502e-15	3.059537085503991e-16	1.2549737744388258e-17	3.9635577385202274e-19	9.42925047719818e-21	1.6546661749831257e-22	2.0812226108551693e-24	4.360471969836683e-40
0.0003084070958053975	0.0003084070846143121	0.0003084070702505283	0.00030840705194737627	0.0003084070287632254	0.00030840699953485305	0.00030840696281483524	0.00030840691678810236	0.0003084068591685426	0.00030840678692440693	0.00030840669635633463	0.0003084065826133547	0.0003084064391728696	0.0003084062582577308	0.00030840602944813886	0.000308405739712097	0.0003084053728608577	0.0003084049090231414	0.00030840432464656513	0.0003084035834492345	0.00030840264750396477	0.0003084014700625209	0.0003083999842650739	0.0003083981081137108	0.00030839574062859745	0.0003083927548765609	0.0003083889888448499	0.000308384238803799	0.0003083782433676399	0.0003083706724054264	0.0003083611299906688	0.0003083491124926599	0.0003083339679812048	0.00030831487625754717	0.0003082908237440221	0.00030826053184147514	0.0003082223991986207	0.0003081743904787442	0.0003081138825055981	0.00030803753270078506	0.0003079417655648649	0.00030782157867582097	0.0003076707440152371	0.00030748130099442515	0.0003072433018583967	0.0003069449904006832	0.00030657141556971276	0.0003061035213875745	0.0003055176930998603	0.0003047846330074266	0.0003038682827085324	0.00030272334656995114	0.00030129472257960744	0.0002995074806617726	0.0002972826831184761	0.00029450015647672763	0.00029104341852860077	0.00028675065076081406	0.00028141712285756484	0.00027479905193717596	0.0002666059648936329	0.0002564881216790942	0.00024410287221099774	0.00022910240078538612	0.0002110411411633792	0.0001899327380906166	0.00016596262560019033	0.0001399919223226651	0.00011369213963667971	0.0000891239724175767	0.00006807162030146222	0.000051389988369453276	0.00003889623762570264	0.000029676087476710217	0.000022581115755604513	0.000016580542662972444	0.000011162776137956685	6.614551517044297e-6	3.5065173351003566e-6	1.7879847639803646e-6	9.313335559562416e-7	4.749166835107424e-7	2.0521327986230744e-7	7.384693023748665e-8	2.6034551594745028e-8	9.146203663432476e-9	2.528174151368562e-9	6.080506126702201e-10	1.474532165072819e-10	2.6696342670161444e-11	4.5247146565523556e-12	6.330691161900216e-13	7.31734027870576e-14	6.504929026053755e-15	3.479553788826596e-16	1.4261571071605994e-17	4.499986961526762e-19	1.0694535303347916e-20	1.8746410250147122e-22	2.3551410737205465e-24	4.929469076757683e-40
0.00030848201442281977	0.00030848200323781497	0.00030848198888089686	0.00030848197058548876	0.0003084819474100853	0.00030848191819168245	0.00030848188148322093	0.0003084818354700526	0.00030848177786571763	0.00030848170562937296	0.0003084816150948559	0.00030848150138431654	0.0003084813580060344	0.00030848117715983844	0.0003084809484356346	0.0003084806588054083	0.00030848029207945993	0.0003084798283513723	0.00030847924364994767	0.00030847850190881827	0.0003084775669283049	0.0003084763899609288	0.00030847490405665293	0.00030847302796874415	0.0003084706605303224	0.0003084676749348181	0.00030846390883127524	0.0003084591591469432	0.0003084531618955051	0.0003084455817965062	0.0003084360424470296	0.00030842402595446645	0.0003084088895079258	0.0003083898137514366	0.00030836577531348193	0.0003083354976523934	0.0003082973816590673	0.00030824940819972133	0.0003081889698344343	0.00030811268581875756	0.0003080169800411722	0.00030789687982067616	0.0003077461060959261	0.00030755671297015357	0.0003073188430624532	0.00030702079426027915	0.00030664742338787083	0.00030617963314602265	0.00030559376368159707	0.0003048613485607877	0.0003039452521356009	0.00030280089786169833	0.0003013732732364087	0.00029958719452785013	0.00029736165826246423	0.0002945824079548594	0.0002911285518821023	0.00028683419521562857	0.000281504733146092	0.0002748893310128642	0.00026670144617562194	0.00025658628095860046	0.0002442253547905924	0.0002292288470782353	0.00021119565439370062	0.00019009289546527154	0.00016612840443312835	0.00014016006829872558	0.00011385905384632868	0.00008928400975750843	0.00006822367865028282	0.00005153408007811813	0.000039030341853170734	0.000029804660271815102	0.000022703817301195156	0.000016692750550756035	0.00001125870847150246	6.684570776721537e-6	3.5492998611724206e-6	1.8123265376187089e-6	9.460643555523413e-7	4.844040423020383e-7	2.1049507477146208e-7	7.602182221578577e-8	2.6878036925578262e-8	9.515727038134927e-9	2.65570416242133e-9	6.413936216328186e-10	1.5734966210299797e-10	2.885269342871661e-11	4.929367881096008e-12	7.04373104967738e-13	8.218646822956547e-14	7.508156903165609e-15	4.030290647088122e-16	1.6504107230928084e-17	5.201868430556173e-19	1.2347888489551587e-20	2.1616716678128657e-22	2.71201112254036e-24	5.6698104104817766e-40
0.0003085865312159667	0.00030858652003827434	0.00030858650568966247	0.0003085864874036816	0.0003085864642390205	0.00030858643503295895	0.00030858639833892127	0.00030858635234291484	0.0003085862947586135	0.0003085862225459388	0.0003085861319540856	0.00030858601828330924	0.0003085858749720979	0.0003085856942102769	0.000308585465594079	0.0003085851761001722	0.00030858480954029335	0.00030858434598435834	0.0003085837611584064	0.00030858302095883983	0.0003085820868208113	0.0003085809104383016	0.00030857942511336884	0.0003085775492444869	0.0003085751821511251	0.0003085721970040769	0.0003085684308138879	0.0003085636747947357	0.00030855766355835984	0.0003085500855838228	0.0003085405499429169	0.00030852853451811306	0.0003085133991227848	0.00030849433581472675	0.0003084703190635052	0.00030844006049918264	0.0003084019645409304	0.0003083540318017409	0.0003082936311430017	0.0003082174122536354	0.00030812177289084975	0.00030800175932068176	0.0003078510493037122	0.0003076617145703673	0.00030742405172530014	0.0003071262368784576	0.0003067530646302269	0.00030628536420683483	0.00030569990030001936	0.0003049683902682914	0.0003040527875190705	0.00030290891303091005	0.0003014820630333647	0.0002996986712535637	0.00029747169262398236	0.00029469788632666263	0.00029124620716097907	0.00028695188291081713	0.0002816278666594907	0.00027501532918631697	0.0002668334591692921	0.00025673074848555846	0.0002443653976051167	0.0002293736591530368	0.00021135713082734282	0.00019026089619256508	0.00016630879175059675	0.00014034055590432206	0.00011404236932190485	0.0000894621301942812	0.00006839347806075957	0.00005169609480631779	0.00003918380512705893	0.000029952263707335767	0.000022843168260531313	0.000016823540549029838	0.000011371095617758818	6.766848196395008e-6	3.599648232563827e-6	1.84097745573942e-6	9.634036173996726e-7	4.95604814292398e-7	2.16772109228944e-7	7.86191821667359e-8	2.788709990605791e-8	9.958922462868346e-9	2.810385997806044e-9	6.819777792041523e-10	1.694601114042647e-10	3.153460826973803e-11	5.433854236010566e-12	7.952088919598738e-13	9.371920577240112e-14	8.830539033290397e-15	4.761390503656771e-16	1.9477825583022374e-17	6.131274268490724e-19	1.453380626878614e-20	2.5405207173296764e-22	3.182192810001474e-24	6.64372777083301e-40
0.00030870828254859106	0.00030870827137951466	0.00030870825704071335	0.0003087082387659027	0.00030870821561402136	0.00030870818642272745	0.0003087081497460018	0.00030870810377070035	0.0003087080462109842	0.0003087079740456384	0.00030870788352144705	0.00030870776989757877	0.00030870762665921673	0.0003087074459971471	0.00030870721751103	0.00030870692818298366	0.00030870656182814613	0.00030870609850305744	0.0003087055137436091	0.0003087047740015257	0.0003087038406123676	0.0003087026649128618	0.00030870118038651647	0.0003086993054588984	0.00030869693929153844	0.0003086939549692442	0.0003086901899644681	0.00030868543164755624	0.0003086794183104818	0.00030867186022022096	0.0003086623350178657	0.00030865033082425806	0.0003086352006531906	0.00030861613957538326	0.000308592140087538	0.0003085619103432477	0.00030852383993736207	0.0003084759408133869	0.0003084155841778925	0.00030833942965642055	0.00030824386093104947	0.0003081239282872503	0.00030797329867942046	0.0003077840552584008	0.00030754663430842985	0.00030724904286243544	0.00030687606069607494	0.00030640857449733673	0.00030582371168182994	0.00030509248380546696	0.0003041767865823852	0.0003030335542342042	0.00030160731104717154	0.00029982610129066157	0.000297598188180587	0.00029482856888854696	0.00029137906184947853	0.00028708864933841655	0.0002817673907829202	0.0002751601037903413	0.0002669845399191312	0.00025688601628241124	0.00024454089048742725	0.0002295552289484806	0.00021155864752041235	0.00019047853518856518	0.00016652531049510334	0.00014056275110143726	0.00011426661317312127	0.00008967747542416839	0.00006859761088047605	0.000051887879393921086	0.000039364779450989576	0.000030126444017818308	0.000023008059064898247	0.000016976718790848305	0.000011502234504341912	6.863028345251716e-6	3.6585987521935366e-6	1.8745593563280084e-6	9.837540573930005e-7	5.087778062836122e-7	2.2419438920144382e-7	8.170584302577084e-8	2.908731723366281e-8	1.0488517719684482e-8	2.9976436907448725e-9	7.313001989587912e-10	1.842621912568723e-10	3.487543906151159e-11	6.063726921037516e-12	9.114571992463593e-13	1.085637517605842e-13	1.0588850710306976e-14	5.742106067398228e-16	2.3461944109057204e-17	7.374410984990232e-19	1.7452331547138247e-20	3.045352071619934e-22	3.8074168159312255e-24	7.936487173518602e-40
0.0003088407240887648	0.00030884071292967477	0.0003088406986022599	0.0003088406803404323	0.00030884065720342954	0.00030884062802936696	0.00030884059137288854	0.0003088405454218436	0.0003088404878912324	0.00030884041577768057	0.00030884032532643973	0.00030884021175682074	0.0003088400685986046	0.0003088398880522275	0.00030883965971850025	0.00030883937058571103	0.0003088390044741723	0.00030883854143534174	0.00030883795691092947	0.00030883721686181644	0.00030883628417251245	0.00030883510925493196	0.0003088336256897199	0.00030883175193518775	0.00030882938719025115	0.00030882640463108856	0.00030882264203787636	0.0003088178934926467	0.0003088118940421668	0.00030880433498467144	0.00030879481690953414	0.00030878282112886506	0.0003087677071465868	0.00030874865458095906	0.0003087246483405291	0.0003086944423033753	0.0003086564047621579	0.00030860852423974275	0.00030854822897010597	0.0003084721355167245	0.00030837664266680065	0.00030825679004959993	0.00030810625180384155	0.0003079171601128227	0.0003076799709977975	0.00030738260230274536	0.00030700978734116326	0.00030654280900993097	0.00030595848586360597	0.0003052272467477796	0.00030431231332003257	0.0003031697869521944	0.0003017440058585342	0.00029996464103399455	0.00029773835851123814	0.0002949720135298676	0.0002915247912238642	0.0002872368881592617	0.0002819249038855566	0.0002753226296050055	0.0002671541692528064	0.00025707263935875616	0.00024473591077008727	0.00022975051146684227	0.00021178156013663285	0.00019070722678895123	0.00016676989656492356	0.00014081538747571368	0.00011451921192314321	0.00008992089587483296	0.00006882819694205927	0.00005210780484124552	0.0000395743834812209	0.000030327155990949978	0.00002319766577255268	0.00001715335343729773	0.000011653987010916295	6.974507246039428e-6	3.7270814990434555e-6	1.9136272631069143e-6	1.0074493066819606e-6	5.241745026773735e-7	2.3291949555953325e-7	8.53565946860456e-8	3.0508674706096095e-8	1.1118221994480156e-8	3.223641067326026e-9	7.911092211964389e-10	2.0232519900955573e-10	3.903901605848314e-11	6.850840654015512e-12	1.0606469170244275e-12	1.2774211312427105e-13	1.2942976638983584e-14	7.06964723728267e-16	2.884757334434969e-17	9.051663090491528e-19	2.138189491727863e-20	3.7235439414077784e-22	4.645327503265726e-24	9.6654726880274e-40
0.00030902127710105	0.00030902126595338766	0.00030902125163900947	0.00030902123339205377	0.00030902121027210407	0.0003090211811178017	0.00030902114448458834	0.00030902109856138955	0.0003090210410643898	0.0003090209690275428	0.0003090208785671486	0.00030902076517976435	0.00030902062211765797	0.0003090204417032809	0.00030902021354452415	0.00030901992463658844	0.00030901955880637216	0.0003090190961057278	0.0003090185119386598	0.0003090177722847329	0.0003090168402820908	0.00030901566624714724	0.0003090141837980435	0.00030901231142848267	0.00030900994838713197	0.0003090069679575089	0.00030900320794690386	0.00030899846151309255	0.0003089924609288355	0.00030898489955944825	0.000308975380805017	0.00030896339088147393	0.0003089482861593483	0.00030892925603637575	0.0003089052825159731	0.00030887506381430525	0.00030883706234599914	0.0003087892023198628	0.00030872886359602144	0.00030865284065912085	0.00030855742740315334	0.0003084376693424801	0.0003082872329088413	0.00030809834019622994	0.0003078613829746834	0.00030756423373283297	0.00030719157626525324	0.00030672519317843277	0.0003061413331650415	0.0003054102757626324	0.00030449648177796916	0.0003033546890979054	0.0003019298096730243	0.00030015113056438067	0.0002979294752049391	0.0002951658436506334	0.0002917204347489512	0.00028743666739156553	0.0002821243293328914	0.0002755276161672826	0.00026736765655583446	0.00025730508979363443	0.00024497361460738956	0.00022999473238813372	0.00021204151925824054	0.00019097661409841433	0.0001670448579713318	0.00014109986640062006	0.00011480395822638174	0.00009020319423018885	0.00006909770854937022	0.000052362591239603857	0.000039816593079920955	0.00003055735976164803	0.000023415304177686625	0.00001735582092846088	0.000011827877854088236	7.102635598149715e-6	3.8060308248541553e-6	1.958732392490723e-6	1.034821549354948e-6	5.420055345119774e-7	2.431045560479676e-7	8.964763009858012e-8	3.218134556208736e-8	1.1863192584555182e-8	3.4953535027094977e-9	8.634125970052095e-10	2.2431048726978504e-10	4.4226861046875016e-11	7.834405808784368e-12	1.2525096692268554e-12	1.525980227125817e-13	1.6111459959732648e-14	8.880945014784588e-16	3.618482580550044e-17	1.1331821247200485e-18	2.6711501697497163e-20	4.641036293383887e-22	5.7758203590659136e-24	1.1992800097978847e-39
0.0003091732158172709	0.00030917320468265097	0.000309173190383156	0.00030917317215318194	0.00030917314905270056	0.00030917311992095824	0.0003091730833143108	0.00030917303742291594	0.0003091729799639738	0.0003091729079871458	0.0003091728176136372	0.00030917270432254704	0.0003091725613574886	0.0003091723810929434	0.0003091721531337276	0.0003091718644826858	0.00030917149897462416	0.00030917103666557234	0.0003091704531470387	0.0003091697149010288	0.0003091687836070731	0.00030916761056988854	0.0003091661294012578	0.00030916425863316877	0.00030916189757448687	0.000309158919633758	0.0003091551627224544	0.00030915041940852154	0.0003091444220041252	0.0003091368702635597	0.0003091273601002531	0.00030911537587944947	0.00030910027729166823	0.00030908125873407795	0.0003090573083221517	0.00030902714690769946	0.0003089891586965779	0.0003089413692163955	0.000308881140161587	0.00030880529842600656	0.00030871003374333003	0.00030859038529840345	0.0003084400841821188	0.00030825140715443126	0.0003080146722201062	0.00030771773734736334	0.0003073457000693732	0.00030687984955252997	0.0003062963639286262	0.00030556597571931686	0.00030465332810584257	0.00030351235052304996	0.000302088616450403	0.00030031055833445606	0.00029809354514302825	0.0002953319614893453	0.0002918903811851283	0.000287611613846591	0.0002823016557632712	0.00027571637011920895	0.00026756226130618155	0.0002575164003174547	0.00024520538641638925	0.00023024809705703595	0.0002123286944665941	0.00019127679097623746	0.00016736305805591055	0.00014142891034222527	0.0001151323839627852	0.0000905219918597021	0.0000694016386457374	0.00005265028228186988	0.000040090539524743055	0.000030818118037160214	0.000023662571323620237	0.000017586602799014623	0.00001202741194072447	7.2501123890544475e-6	3.897084681139573e-6	2.0108246249033473e-6	1.0664593247329324e-6	5.62691688364373e-7	2.5502869624502404e-7	9.471403895536915e-8	3.4159944602734555e-8	1.2749403225765536e-8	3.82433796278018e-9	9.515403874985734e-10	2.512659452635697e-10	5.0765141202162886e-11	9.077873531053224e-12	1.5028287497553434e-12	1.8534115800769434e-13	2.0459533619629618e-14	1.1410258542152728e-15	4.641334835966874e-17	1.4502546524668122e-18	3.410253701886024e-20	5.909649129359346e-22	7.334006064372615e-24	1.519197853447206e-39
0.0003093981816566219	0.0003093981705367559	0.00030939815625409496	0.00030939813804332293	0.0003093981149648531	0.00030939808585861195	0.00030939804928199055	0.00030939800342658276	0.00030939794601057136	0.0003093978740922889	0.00030939778375634053	0.00030939767055549383	0.0003093975276928242	0.00030939734759656085	0.00030939711986235826	0.00030939683150140595	0.00030939646635750554	0.00030939600449314173	0.00030939542145485557	0.0003093946841098316	0.00030939375357204427	0.0003093925816550674	0.0003093911019349692	0.0003093892329844855	0.0003093868741820502	0.0003093838990797938	0.00030938014575153654	0.0003093754065336313	0.0003093694133061218	0.00030936187142979017	0.00030935237130417587	0.00030934039868640915	0.0003093253138026167	0.00030930630776800376	0.00030928237404722134	0.0003092522418336181	0.00030921429806675724	0.0003091664703014166	0.00030910638285258207	0.0003090305892324154	0.0003089355007233901	0.0003088160160021275	0.00030866588709168143	0.0003084774294182007	0.00030824092784864225	0.00030794431387104677	0.0003075728562415011	0.0003071074908113809	0.00030652444496320004	0.0003057950033418866	0.0003048832953477082	0.00030374342311307776	0.0003023208512002709	0.00030054410860991796	0.0002983309901597873	0.0002955708416388804	0.0002921356909352373	0.0002878630076993172	0.000282559312064956	0.00027598679996932666	0.0002678385709164138	0.00025780942192641206	0.00024551004232564695	0.00023056790937704954	0.00021266631127142706	0.00019163380669046852	0.00016773025334989157	0.00014180788432930613	0.00011550182043624106	0.00009088334733042091	0.00006974489696243709	0.00005297493540220642	0.00004040069053883633	0.00003111619132145925	0.000023946110916308338	0.000017848935012682526	0.000012254429035366258	7.418511612984911e-6	4.001460588271603e-6	2.0706602341400326e-6	1.1028330200554135e-6	5.865642843465589e-7	2.689182770869368e-7	1.006710097535396e-7	3.6490803427440915e-8	1.3798801354197821e-8	4.221824895676226e-9	1.0588478898561905e-9	2.843079147943359e-10	5.902095323258293e-11	1.0653782609241436e-11	1.8306045076033493e-12	2.287345611397832e-13	2.6468157798914152e-14	1.498145726144332e-15	6.082953438921559e-17	1.895887422832495e-18	4.445852678569201e-20	7.681272198389577e-22	9.50227890799282e-24	1.963027171237256e-39
0.00030962509968845997	0.000309625088585027	0.0003096250743211125	0.0003096250561317181	0.0003096250330777411	0.00030962500399986175	0.0003096249674566214	0.0003096249216412384	0.0003096248642732606	0.00030962479241616886	0.00030962470219135946	0.00030962458905039417	0.0003096244462937975	0.0003096242663834645	0.0003096240388989158	0.0003096237508619751	0.0003096233861238366	0.0003096229247542692	0.00030962234225678906	0.00030962160608292294	0.0003096206771702527	0.0003096195064938969	0.00030961802838312013	0.00030961616145534115	0.000309613805166984	0.0003096108332318372	0.00030960708393100445	0.00030960234960706034	0.0003095963612710306	0.0003095888297529899	0.0003095793409683435	0.0003095673816752548	0.0003095523132600273	0.0003095333273089351	0.00030950941488236183	0.0003094793061044098	0.00030944141018292667	0.0003093937398536405	0.00030933369505801365	0.0003092579882761144	0.00030916298868137796	0.00030904366977658755	0.00030889377557315125	0.0003087055432097044	0.00030846931447479935	0.00030817323670017684	0.0003078022392840771	0.0003073372866849344	0.00030675482444211723	0.00030602637592161137	0.00030511553524686827	0.0003039768230947473	0.00030255571117924606	0.0003007812052321009	0.000298570333863238	0.00029581408185292855	0.0002923851551748558	0.0002881180648496331	0.00028281863755411486	0.0002762615852170815	0.000268121681685513	0.000258097390341277	0.00024582172832098275	0.00023089704253131686	0.0002130332776598911	0.00019201864832455186	0.00016813667439831328	0.00014222832147248483	0.00011592174728352631	0.0000912880550891962	0.0000701301617857366	0.000053340025325073663	0.000040748800592845914	0.00003144873266746367	0.000024263793553822413	0.000018143242256580182	0.000012509075024352902	7.608226947162691e-6	4.1194768629729396e-6	2.1384146950492594e-6	1.1440753165565407e-6	6.137311149401702e-7	2.8488842069168815e-7	1.0758709363944717e-7	3.9201921267924026e-8	1.5026573455473017e-8	4.696737035771443e-9	1.1881803676024816e-9	3.2435460559557486e-10	6.934689231056597e-11	1.263262848371661e-11	2.2555902366998145e-12	2.8578026189043183e-13	3.4691510354354957e-14	1.99960194182715e-15	8.103650786129709e-17	2.518651602018799e-18	5.888344884665494e-20	1.0140213233162862e-21	1.2500300947346018e-23	2.5747111278143944e-39
0.0003099126893384238	0.00030991267825349305	0.000309912664010679	0.00030991264584533736	0.0003099126228189041	0.0003099125937728973	0.000309912557267145	0.00030991251149671035	0.00030991245418290675	0.0003099123823947063	0.000309912292275013	0.00030991217928321487	0.0003099120367665503	0.0003099118570634645	0.0003099116298584185	0.0003099113421805954	0.0003099109778950641	0.0003099105170800588	0.00030990993518964906	0.0003099091986256533	0.0003099082707018286	0.0003099071014161951	0.00030990562511127895	0.0003099037604566017	0.00030990140699634143	0.00030989843862839757	0.00030989469389297895	0.0003098899653261561	0.00030988398277972923	0.0003098764616958165	0.00030986698571219205	0.0003098550416411321	0.00030983999213760467	0.0003098210297170712	0.0003097971464927339	0.00030976707230924563	0.0003097292168697753	0.000309681612989251	0.00030962169290830153	0.00030954612984414396	0.0003094511973314703	0.0003093320289513088	0.00030918235742309185	0.00030899442014128146	0.0003087586240668408	0.0003084630338527568	0.0003080925008224025	0.000307627970332094	0.00030704657114191176	0.0003063191253293562	0.0003054094131470593	0.0003042729306533935	0.00030285296744853696	0.0003010815152393939	0.0002988730797892738	0.0002961222523276699	0.00029269820642291173	0.00028843725966257996	0.0002831456072389873	0.00027659748018412907	0.0002684741015439729	0.00025846637502930834	0.0002462088747225772	0.00023130892077232522	0.00021346696836735534	0.0001924769719710396	0.00016861135208216062	0.0001427162917004357	0.00011640921877829144	0.0000917567323715805	0.0000705672060488233	0.00005375204056696476	0.000041142579282676664	0.00003182569522106004	0.000024622850814260833	0.000018475811860502042	0.000012798309706100831	7.824855778078565e-6	4.254763010332239e-6	2.2162491458909613e-6	1.1915338008042668e-6	6.451338495747705e-7	3.035690780290759e-7	1.1577186137066424e-7	4.241809800134438e-8	1.6490621290953184e-8	5.2771274448331494e-9	1.3479494748917453e-9	3.740951334137712e-10	8.264544734106433e-11	1.5195125388263855e-11	2.825483197205187e-12	3.636770135505982e-13	4.640997619234282e-14	2.7385705358657064e-15	1.1075700014549897e-16	3.4313206722742606e-18	7.994017185758524e-20	1.3714329918496796e-21	1.6838061255257196e-23	3.456294724766886e-39
0.00031018188870670776	0.00031018187764220146	0.00031018186342267394	0.00031018184528386534	0.0003101818222877978	0.00031018179327690334	0.000310181756812415	0.0003101817110914385	0.0003101816538373925	0.0003101815821275959	0.00031018149202846667	0.00031018137916726603	0.0003101812368098554	0.0003101810573330368	0.00031018083043481007	0.00031018054315374964	0.00031018017936714425	0.00031017971916251226	0.00031017913794956003	0.0003101784031580741	0.0003101774763620227	0.00031017630860529297	0.00031017483428914827	0.0003101729721422978	0.00031017062180326585	0.00031016765737522297	0.0003101639177052107	0.0003101591957251131	0.0003101532203169928	0.0003101457095517127	0.00031013624730093697	0.00031012431989888223	0.00031010929128512117	0.0003100903551870993	0.00031006650501562904	0.0003100364721870466	0.000309998671321056	0.0003099511517828002	0.00030989127393078454	0.000309815802400486	0.00030972099423376024	0.00030960198064982085	0.0003094525452310625	0.0003092649500572472	0.00030902961826804765	0.0003087344622337629	0.0003083643360385107	0.0003079006321698158	0.00030732017626191634	0.0003065938220027119	0.0003056852627214207	0.0003045506057796614	0.0003031323104527492	0.0003013642916739966	0.00029915906815012824	0.0002964133657465977	0.00029299312840499244	0.0002887412928470561	0.00028345891843615736	0.0002769207186724319	0.0002688129520413793	0.0002588258823879223	0.000246589873567951	0.00023171863803376336	0.00021390428277119996	0.00019294406740201966	0.00016910306607033444	0.00014322580513320807	0.00011691706033355379	0.00009225356429678364	0.0000710472223077272	0.000054210422415163474	0.00004158009800583612	0.00003224490058373884	0.000025022101879538855	0.00001884631853485388	0.000013120741283568076	8.067337201959557e-6	4.4068800130726105e-6	2.3039480292286546e-6	1.2450904994261273e-6	6.807135959260151e-7	3.249944513891139e-7	1.2527448787158412e-7	4.616190279988985e-8	1.820392681024415e-8	5.97311334398052e-9	1.5418477445413664e-9	4.3472720236251706e-10	9.945980191447723e-11	1.8454746366016242e-11	3.573896455365577e-12	4.681730080170379e-13	6.27394099727575e-14	3.8085886173218015e-15	1.5371785748004609e-16	4.7456314207053924e-18	1.1013881272703362e-19	1.881734171554945e-21	2.3001816827650802e-23	4.703889926096543e-39
0.0003104964734656569	0.00031049646242378725	0.0003104964482300632	0.000310496430120646	0.0003104964071581993	0.0003104963781861551	0.00031049634176729383	0.0003104962961009885	0.0003104962389131749	0.00031049616729799686	0.00031049607733181327	0.00031049596461892737	0.0003104958224649666	0.0003104956432450381	0.0003104954166850661	0.0003104951298421609	0.00031049476660735905	0.00031049430708051116	0.00031049372665593433	0.00031049299299062744	0.00031049206773824865	0.0003104909016592435	0.0003104894295405041	0.0003104875701573352	0.0003104852233514201	0.0003104822633754317	0.0003104785293325264	0.0003104738147500283	0.00031046784852238206	0.000310460347726058	0.00031045090010896787	0.0003104389908530058	0.0003104239852323058	0.0003104050783761304	0.0003103812651448896	0.0003103512790781314	0.00031031353991681	0.0003102660651981751	0.0003102063031064078	0.00031013095118942696	0.000310036292650495	0.0003099174780155774	0.000309768312031304	0.0003095811046749255	0.0003093461721294852	0.0003090514429205515	0.00030868190356395016	0.0003082190945784981	0.00030763960859095683	0.0003069144790559746	0.00030600767600736734	0.00030487452751066683	0.0003034587977339091	0.0003016943048053995	0.00029949306525267296	0.0002967511026345704	0.0002933355499691788	0.0002890932080086694	0.00028381982748738925	0.0002772910528645121	0.0002692055955277278	0.0002592454597017985	0.0002470281325233762	0.00023218746426912167	0.00021440430348361008	0.00019348015489207982	0.00016966379989726593	0.0001438031467774182	0.00011749410828894573	0.00009281351777000758	0.00007158544225523969	0.000054720867102774285	0.00004206638537058462	0.00003271115727245875	0.00002546632364213148	0.00001926025281564356	0.000013481996769040911	8.340018250342223e-6	4.5788565868162545e-6	2.4033676005830224e-6	1.3059238535712537e-6	7.212618684887818e-7	3.49757837495789e-7	1.3641202993838298e-7	5.056191878707993e-8	2.022938316242424e-8	6.8177854920414e-9	1.7804738315237586e-9	5.096282011594311e-10	1.2106945459771103e-10	2.2677496201836197e-11	4.5740577610540175e-12	6.115841952156437e-13	8.596679334445651e-14	5.4045391444954945e-15	2.1769361199868423e-16	6.694558958493027e-18	1.5471084527230812e-19	2.631123928261725e-21	3.2004559157866284e-23	6.517732664702582e-39
0.00031089707283923825	0.0003108970618223976	0.00031089704765721127	0.0003108970295803005	0.00031089700665503446	0.0003108969777259458	0.0003108969413575254	0.00031089689575168063	0.0003108968386374958	0.0003108967671228827	0.000310896677300912	0.00031089656475145037	0.0003108964228173379	0.000310896243887683	0.00031089601770254826	0.00031089573134251405	0.0003108953687168503	0.00031089490994268726	0.0003108943304412787	0.00031089359765059223	0.0003108926738387399	0.00031089150958263085	0.0003108900398812513	0.00031088818356676145	0.00031088584062395944	0.00031088288561007584	0.0003108791577822902	0.00031087445146925515	0.0003108684966371286	0.0003108610059312026	0.0003108515736883537	0.00031083968412633684	0.00031082470368525163	0.00031080582902462807	0.0003107820565518828	0.0003107521226521705	0.0003107144460503763	0.0003106670314602978	0.00031060734676563093	0.00031053215284614614	0.0003104377093725713	0.0003103191038208498	0.0003101702388358265	0.0003099833914372797	0.00030974885778022477	0.0003094545999808	0.0003090858575358679	0.0003086239074055295	0.00030804548597607943	0.00030732161370347784	0.0003064165727291156	0.00030528520657790954	0.0003038724623442996	0.00030211112173660515	0.0002999145244082039	0.00029717660597659287	0.0002937686884699285	0.0002895350866155562	0.0002842724158279165	0.0002777468955030056	0.00026968773110388935	0.0002597483114180359	0.0002475561695439979	0.00023274767344255508	0.00021499461521009793	0.00019410725060706733	0.00017031970048062494	0.00014448034748159675	0.00011816801098877869	0.00009346827242389626	0.00007220872613854295	0.00005528412543578403	0.000042602992664720425	0.00003322634163670903	0.000025960004292048862	0.000019719681534292318	0.00001388425974201455	8.645952164313536e-6	4.772902449792997e-6	2.515844483084252e-6	1.374881495928744e-6	7.674512796774174e-7	3.7834341779304523e-7	1.494685038386253e-7	5.573826656022793e-8	2.262433869432335e-8	7.844732660065585e-9	2.0754417723905005e-9	6.024095586973774e-10	1.489802410376234e-10	2.8187293757670215e-11	5.917833213626929e-12	8.105752059254706e-13	1.1922256635662203e-13	7.823457662880249e-15	3.1454201363123646e-16	9.631034561818998e-18	2.2152079168548394e-19	3.74810132590726e-21	4.534264981725647e-23	9.191281312643525e-39
0.00031126031527806163	0.00031126030428875934	0.0003112602901549859	0.0003112602721138737	0.00031126024922956515	0.0003112602203477979	0.00031126018403494245	0.00031126013849577106	0.00031126008146339327	0.00031126001005642796	0.00031125992039018554	0.0003112598080056645	0.0003112596663032914	0.00031125948768930114	0.0003112592619184169	0.0003112589760888352	0.0003112586141317367	0.00031125815618711204	0.00031125757772903215	0.00031125684676973104	0.0003112559242760813	0.00031125476198642617	0.00031125329492556156	0.0003112514419703922	0.00031124910325910373	0.00031124615356820367	0.0003112424323673308	0.0003112377344605669	0.00031123179291364346	0.0003112243131130864	0.00031121489704653165	0.0003112030288079113	0.00031118807581778917	0.000311169236255976	0.0003111455085074954	0.0003111156309908378	0.00031107802183753065	0.0003110306904469973	0.00031097111739465026	0.0003108960373800798	0.0003108017058465985	0.00031068337078559463	0.0003105347953016126	0.0003103482690680406	0.0003101141519999968	0.0003098205676511367	0.00030945258481179235	0.00030899155001567834	0.000308414310260086	0.00030769194077125784	0.00030678878603773474	0.0003056596379365523	0.0003042502396412089	0.00030249179280306956	0.0003003003495684156	0.0002975676453217534	0.0002941679709450552	0.000289943152883225	0.00028469303652637045	0.00027818264245491666	0.00027014847863536854	0.0002602318098051617	0.00024807139203596884	0.00023329840926014455	0.00021558156033033208	0.0001947351291259554	0.00017097956505104383	0.00014515936483495528	0.00011884583601930842	0.00009412408038756544	0.00007283224374152848	0.00005590314011808093	0.00004319377557640745	0.00003379343538959489	0.000026504764471940736	0.000020229066796678945	0.000014331012774891673	8.987047703870006e-6	4.990606262191668e-6	2.6423975204212936e-6	1.4526245370316081e-6	8.198300412201767e-7	4.111898795904467e-7	1.6472806029878902e-7	6.181116034631201e-8	2.5446798143295546e-8	9.089808844244176e-9	2.4397748311113547e-9	7.171759900011124e-10	1.8497679336250448e-10	3.538528719650718e-11	7.718359985871214e-12	1.08761692366817e-12	1.667021505113519e-13	1.151228262398065e-14	4.621636080732599e-16	1.408427333846903e-17	3.222734684430736e-19	5.422351309098239e-21	6.520541691247067e-23	1.3150618351414145e-38
0.0003116861930003545	0.0003116861820412166	0.00031168616794186504	0.00031168614993998695	0.0003116861271005651	0.0003116860982706534	0.0003116860620186933	0.00031168601655264466	0.00031168595961049563	0.00031168588830527647	0.00031168579880395063	0.00031168568659764427	0.00031168554514330986	0.00031168536687227276	0.0003116851415534026	0.0003116848563064558	0.00031168449508145587	0.0003116840380444317	0.0003116834607240537	0.0003116827307917484	0.00031168181050380867	0.0003116806503194408	0.00031167918613177084	0.0003116773368374603	0.00031167500272486284	0.00031167205883705294	0.00031166834522879274	0.0003116636537672267	0.0003116577219346273	0.0003116502542462674	0.00031164085544186076	0.00031162901045422	0.00031161408733908783	0.0003115952859887041	0.0003115716067070545	0.00031154178998375547	0.0003115042575366662	0.000311457026680669	0.0003113975947052379	0.00031132267316294216	0.00031122849313852766	0.0003111104414512319	0.0003109621764181921	0.00031077597650239853	0.00031054241858826287	0.0003102495075684893	0.00030988231375359655	0.0003094222949705007	0.00030884626923944	0.00030812571796966925	0.0003072244669250976	0.00030609788519724495	0.00030469187936007076	0.0003029375290296227	0.0003007512562153791	0.0002980249154965368	0.0002946338366454253	0.00029041642962345437	0.0002851853762780156	0.00027869385411888293	0.0002706885575990415	0.00026079626240567595	0.00024866648362474163	0.0002339329306251608	0.00021625512105137362	0.00019545073223949973	0.00017173123718670203	0.00014593600033164519	0.00011962435433873524	0.00009487918400826713	0.0000735496973362962	0.000056584267191578865	0.00004384477577872331	0.000034419416904646836	0.000027104333560930277	0.000020791153480147836	0.000014825256966889292	9.367005379165123e-6	5.234693053931439e-6	2.7847677888528555e-6	1.5402245165540054e-6	8.791489444571187e-7	4.4895929493340553e-7	1.8259655975424853e-7	6.895365562780562e-8	2.8779899904079267e-8	1.0602582335706442e-8	2.892176030726549e-9	8.597034690654448e-10	2.3161712547406167e-10	4.486673595755846e-11	1.0141349627038795e-11	1.4776577444301405e-12	2.3478941149473404e-13	1.7221614108791108e-14	6.907517686555136e-16	2.0941879573525267e-17	4.764764501276336e-19	7.967834963246989e-21	9.518980260759845e-23	1.9091345803350426e-38
0.0003121702201339624	0.0003121702092076676	0.0003121701951457869	0.0003121701771866035	0.0003121701543960091	0.0003121701256224771	0.00031217008943666143	0.0003121700440499611	0.0003121699872055926	0.0003121699160247604	0.0003121698266920812	0.0003121697146968246	0.0003121695736379775	0.0003121693957413071	0.00031216917091420835	0.00031216888630164827	0.00031216852587682373	0.0003121680698284282	0.0003121674937371544	0.0003121667659596352	0.0003121658468430715	0.00031216468887226086	0.00031216322779621127	0.0003121613824831989	0.0003121590534037722	0.0003121561158328733	0.00031215241041267433	0.0003121477308385035	0.0003121418064015247	0.0003121343568961208	0.0003121249769920688	0.0003121131573270009	0.0003120982666005919	0.00031207950663239445	0.0003120558794448705	0.0003120261286091502	0.00031198867991899895	0.0003119415626941708	0.0003118822888812945	0.0003118075488011066	0.0003117136145990312	0.00031159573490459124	0.00031144777178714945	0.0003112620681024719	0.0003110290604100593	0.00031073683363441165	0.00031037050897008724	0.00030991160219306647	0.0003093370294009431	0.0003086182331184125	0.00030771913540335327	0.0003065955249947779	0.0003051930628116455	0.0003034435915261694	0.0003012626174549245	0.00029854390881461283	0.0002951606419963349	0.00029095294934723844	0.0002857349032005455	0.00027926157500127754	0.0002712808465723456	0.0002614135596687172	0.0002493211296468002	0.00023462992107687792	0.0002169952362362265	0.0001962362112818755	0.000172553491955701	0.00014678209247322903	0.00012047227412259688	0.00009570103936075044	0.00007433385627506148	0.00005733129518885048	0.000044558983445370925	0.00003510556311604155	0.00002776225667712655	0.000021409323711550662	0.000015369587001148574	9.789197657528656e-6	5.5082085966419945e-6	2.9448266135352596e-6	1.6388533874738627e-6	9.462973655563812e-7	4.923676595544451e-7	2.0355449104213378e-7	7.737152253422842e-8	3.272155529080438e-8	1.2444720077284289e-8	3.456805132135733e-9	1.0373940286884367e-9	2.9228384873037747e-10	5.7455931295676244e-11	1.341203941151067e-11	2.0325670944402364e-12	3.327490390062066e-13	2.6181806194325703e-14	1.0502203738622102e-15	3.1661209441707425e-17	7.159081794613562e-19	1.18916349305534e-20	1.4105161289667946e-22	2.8117707091653645e-38
0.0003126873389695866	0.0003126873280789191	0.0003126873140576711	0.00031268729614475626	0.0003126872734070294	0.0003126872446944713	0.00031268720858009213	0.00031268716327889905	0.00031268710653926365	0.0003126870354893583	0.00031268694632826847	0.00031268683456035096	0.0003126866938113438	0.000312686516322233	0.0003126862920274131	0.0003126860081014819	0.0003126856485437175	0.00031268519356674905	0.0003126846187947187	0.0003126838930472141	0.00031268297600763116	0.00031268182030136225	0.00031268036257284417	0.0003126785215686363	0.00031267619788740965	0.0003126732671813631	0.0003126695705921878	0.00031266490342668956	0.00031265899600084154	0.00031265157241440103	0.0003126422166642277	0.00031263042445186595	0.0003126155687086379	0.00031259685321209033	0.00031257328210447185	0.00031254360241631993	0.0003125062440923474	0.0003124592418824861	0.0003124000828616215	0.0003123255260411742	0.00031223179964052524	0.0003121141583732711	0.0003119665405111896	0.0003117813114090067	0.0003115488860810442	0.00031125738053363954	0.00031089201803910884	0.00031043426324021056	0.00030986134099484096	0.0003091443621198459	0.0003082476498541566	0.0003071272977039322	0.00030572873344128667	0.0003039840937676947	0.00030180883428758605	0.0002990986435178433	0.00029572398654683496	0.00029152841420447616	0.00028633002616087783	0.00027987704134195416	0.0002719221374743647	0.0002620845912785161	0.00025003164201606065	0.00023538307025291368	0.0002177952075406775	0.0001970907017330687	0.00017345095198833114	0.0001477088949537818	0.00012140167021603759	0.00009660351877760542	0.00007519483053784686	0.00005814952048162122	0.00004534319789188178	0.000035860192759279864	0.000028484512736355222	0.000022088975780791264	0.000015971671675328373	0.000010258013150398773	5.814352766752218e-6	3.1246649403617028e-6	1.7498861449053475e-6	1.022289893601516e-6	5.422516127930427e-7	2.2816617700220013e-7	8.731357674602361e-8	3.738789776572344e-8	1.4690991052450162e-8	4.16491589996322e-9	1.2597045522296646e-9	3.7137128530132563e-10	7.429713016420944e-11	1.783629543471286e-11	2.829687729394197e-12	4.740619948915686e-13	4.0420893609381004e-14	1.623984402693256e-15	4.865967757132267e-17	1.0928352041894192e-18	1.802004085860877e-20	2.1207606830230454e-22	4.199570064995772e-38
0.00031326955011549756	0.0003132695392634026	0.000313269525286111	0.00031326950742321583	0.0003132694847425869	0.00031326945609579766	0.0003132694200583529	0.0003132693748490666	0.0003132693182216531	0.0003132692473115314	0.00031326915833904367	0.00031326904681493097	0.0003132689063960767	0.00031326872934228753	0.00031326850561803584	0.0003132682224293502	0.0003132678638038398	0.00031326740998032757	0.00031326683660493814	0.0003132661132870904	0.00031326519851978385	0.0003132640451112106	0.0003132625909475566	0.0003132607545803835	0.0003132584368095227	0.0003132555135377559	0.0003132518264722586	0.0003132471723111747	0.0003132412838202192	0.000313233874819995	0.0003132245465593417	0.0003132127863489565	0.00031319796827962654	0.00031317930060171384	0.0003131557896776501	0.00031312618627081593	0.00031308892274126837	0.00031304201908727964	0.00031298299639744	0.0003129086860258921	0.00031281518930654226	0.0003126978587187689	0.0003125506127531744	0.00031236586298107885	0.00031213406260497637	0.00031184337522948476	0.0003114790023441577	0.00031102264617691215	0.00031045130432450277	0.0003097363429272255	0.00030884228496905376	0.0003077253930104628	0.0003063309755932284	0.00030459153966877966	0.0003024220082779533	0.0002997210121826629	0.0002963563412158054	0.0002921736353976326	0.00028698561907191305	0.0002805623794341671	0.0002726270781178012	0.0002628244378687365	0.0002508133046488951	0.000236211417264839	0.00021867493674403575	0.00019802337467164915	0.00017442779827712333	0.0001487146346457306	0.00012241098889098745	0.00009758555696883732	0.00007613076006724358	0.000059042601318668654	0.000046196674907924445	0.00003668255924920942	0.000029276640156874245	0.00002283531590012312	0.000016636207355537815	0.000010778824506216495	6.156507004935791e-6	3.326517774049152e-6	1.8748150811388238e-6	1.1082127465996732e-6	5.995507225875639e-7	2.5709642786599145e-7	9.907693604011948e-8	4.2921031782700554e-8	1.7431088986218394e-8	5.0563923349893115e-9	1.538740169384011e-9	4.746057990130867e-10	9.698351890859197e-11	2.3831235754090454e-11	3.984718310340431e-12	6.782287569110602e-13	6.329538207229632e-14	2.5528248976545085e-15	7.598519069019582e-17	1.6939792318909606e-18	2.7710375786925e-20	3.233512703372337e-22	6.356832141485677e-38
0.00031388954901598445	0.00031388953820547945	0.0003138895242755659	0.00031388950646653795	0.00031388948384732736	0.0003138894552711778	0.0003138894193162218	0.0003138893742053297	0.00031388931769804406	0.0003138892469455406	0.00031388915818653985	0.00031388904692059943	0.00031388890683494157	0.00031388873023941176	0.00031388850712184713	0.00031388822471947557	0.00031388786708998163	0.0003138874145011942	0.00031388684262805884	0.0003138861212242404	0.0003138852086242428	0.0003138840579910929	0.0003138826075792269	0.00031388077616278714	0.00031387846492165317	0.0003138755496382446	0.00031387187279107055	0.00031386723217458675	0.0003138613644884596	0.0003138539708918578	0.0003138446679020965	0.0003138329418251946	0.00031381816691299915	0.00031379955073240507	0.0003137761044841488	0.00031374658049551537	0.0003137094144940043	0.00031366264391008127	0.00031360380441197727	0.000313529741648101	0.00031343650110418354	0.000313319493387498	0.0003131726545397141	0.0003129884007435995	0.00031275728194703797	0.00031246746195650915	0.0003121040105206749	0.00031164906702041255	0.0003110794412362162	0.0003103666665657825	0.0003094755405343904	0.000308362301380271	0.00030697228026265914	0.00030523800614119535	0.0003030761977022381	0.00030038423702711923	0.0002970306931344737	0.0002928620659691758	0.00028768772788654565	0.00028130309575111586	0.0002733874150725812	0.0002636284875607265	0.0002516616043658742	0.00023711045492925696	0.00021962910602053143	0.00019903423870870702	0.00017548918998022125	0.0001498072916069141	0.0001235089063957048	0.00009865475625254658	0.00007715163988832772	0.00006001399829385644	0.00004712678029721311	0.00003757710840074428	0.00003013728361043369	0.00002364689253941488	0.000017362614623594547	0.000011355020011509066	6.538519128091915e-6	3.5528748839631175e-6	2.0152367859242854e-6	1.2052590339539654e-6	6.653215315002553e-7	2.91121154671747e-7	1.1301710324521069e-7	4.948592729651508e-8	2.0773768781752446e-8	6.18271624049806e-9	1.889925305321473e-9	6.093116693352104e-10	1.2773969877203572e-10	3.195614969622239e-11	5.67017609876727e-12	9.735876264349489e-13	1.0035957115316218e-13	4.076522460104572e-15	1.204754163972006e-16	2.664394872703902e-18	4.320868390675784e-20	4.995556610116957e-22	9.743924136244524e-38
0.0003145748746127458	0.00031457486384696214	0.00031457484996797385	0.00031457483221678466	0.0003145748096634328	0.0003145747811629035	0.0003145747452960926	0.00031457470029016795	0.00031457464391109017	0.0003145745733206963	0.000314574484794622	0.00031457437380215245	0.000314574234058843	0.00031457405794555816	0.000314573835471106	0.00031457355390426004	0.0003145731973347527	0.0003145727460615907	0.00031457217579283395	0.00031457145637401587	0.0003145705465996894	0.00031456939884564624	0.0003145679523787614	0.0003145661268070337	0.00031456382243755986	0.0003145609156229658	0.0003145572496169307	0.00031455262326352814	0.00031454677674250334	0.00031453939964666463	0.0003145301240077756	0.0003145184328431671	0.0003145037031043809	0.00031448514402205663	0.0003144617636382527	0.0003144323249010956	0.000314395269835056	0.00031434864664247095	0.0003142900103179018	0.00031421618969173804	0.0003141232391219696	0.0003140065734048429	0.00031386018043467844	0.00031367649078280294	0.00031344610937622796	0.00031315719909772447	0.0003127951594663288	0.0003123414607169046	0.00031177370094865025	0.0003110633152252107	0.0003101753059649765	0.00030906589537211084	0.0003076805994998323	0.00030595217678368265	0.00030379848608229457	0.0003011159718340503	0.00029777465974562895	0.00029362043566938715	0.0002884654904076391	0.0002820997961010944	0.0002742052759148	0.00026449432315748134	0.0002525739187969838	0.00023807629491750268	0.00022065348745552998	0.00020012423542034122	0.00017663551343552477	0.00015098855255024377	0.00012469644190229006	0.0000998123218085673	0.00007825555962646163	0.00006106586750908118	0.00004813604783137954	0.00003855212309157562	0.000031074327157176845	0.00002453180555048462	0.0000181580228802505	0.000011990181578637636	6.964097431628854e-6	3.806629763623425e-6	2.1729354589701658e-6	1.31481048675025e-6	7.407449420777195e-7	3.3114533204033974e-7	1.2956668826903182e-7	5.728092894261958e-8	2.4849202473238123e-8	7.610041261258728e-9	2.3332460066481754e-9	7.849329394471179e-10	1.696874427876999e-10	4.297679383184017e-11	8.1429984819371e-12	1.4014507555430464e-12	1.607668898636185e-13	6.606899141106457e-15	1.9377450153703293e-16	4.248521227799146e-18	6.825668596144449e-20	7.812937716178947e-22	1.5110233843745926e-37
0.00031532434196394405	0.0003153243312461965	0.00031532431742189825	0.00031532429973278055	0.0003153242772500198	0.00031532424883041636	0.00031532421305775673	0.00031532416816374114	0.0003153241119212491	0.00031532404150295197	0.00031532395320545695	0.0003153238424722474	0.0003153237031923427	0.00031532352758686434	0.0003153233057934962	0.0003153230251131416	0.0003153226696698278	0.00031532221979537124	0.0003153216512300503	0.0003153209340497697	0.00031532002725249676	0.0003153188829995543	0.00031531744090823496	0.00031531562128414955	0.0003153133240068091	0.00031531042609053483	0.00031530677147539583	0.0003153021599887089	0.0003152963348026663	0.0003152889763575118	0.0003152797284249694	0.000315268071367196	0.0003152533847838378	0.00031523488698905595	0.0003152115887593409	0.000315182251568812	0.0003151453240601708	0.00031509885754496634	0.00031504039869037785	0.0003149668215947949	0.00031487418112420974	0.0003147578766383899	0.00031461197113551707	0.00031442890509291826	0.0003141992743941423	0.0003139113999886234	0.0003135505995695391	0.0003130985037027567	0.00031253263950443625	0.00031182486594773625	0.00031094013030457404	0.0003098347407559294	0.0003084545241030164	0.0003067325990541782	0.0003045868287265473	0.0003019141679424866	0.0002985863862188047	0.0002944482201852707	0.0002893143253361705	0.00028296588110894485	0.00027510759366403614	0.00026544616922093324	0.0002535750776757428	0.00023913529559918838	0.0002217752750239406	0.00020131070396462648	0.00017788286461836286	0.00015227156446524562	0.00012598417489186788	0.0001010692211063773	0.0000794585426704843	0.00006221152042033328	0.00004923491788966844	0.000039613484495617794	0.0000320950787563187	0.000025498320479252062	0.000019030352725367407	0.000012693129113158538	7.437123000961642e-6	4.090883809835904e-6	2.3498729200798944e-6	1.4383539262061113e-6	8.271060768122755e-7	3.782409286988727e-7	1.49246341931847e-7	6.654000064625509e-8	2.9810070394793e-8	9.423154018782119e-9	2.8943387009333994e-9	1.0135728520918166e-9	2.2718846375228591e-10	5.792967619407582e-11	1.1783556995147437e-11	2.0223938691906876e-12	2.5946738719332017e-13	1.085680012485455e-14	3.158628131039793e-16	6.8611496804444634e-18	1.0912668966591356e-19	1.23573771594937e-21	2.3681408036812618e-37
0.0003161351286020813	0.00031613511793603344	0.0003161351041705246	0.0003161350865481125	0.0003161350641411537	0.00031613503580834196	0.0003161350001364896	0.0003161349553620563	0.0003161348992652288	0.0003161348290292004	0.00031613474098403014	0.00031613463050940476	0.00031613449162157806	0.0003161343165523744	0.0003161340954814687	0.00031613381574298387	0.00031613346149759076	0.0003161330131121909	0.00031613244636232254	0.0003161317313054258	0.00031613082750281147	0.0003161296869982551	0.00031612824945190287	0.00031612643551422805	0.00031612414569477464	0.0003161212571256301	0.00031611761445598613	0.0003161130184695149	0.00031610721519418505	0.0003160998822999771	0.00031609065896936225	0.0003160790415550423	0.00031606440731675976	0.0003160459732082058	0.000316022755912876	0.0003159935248127541	0.000315956726125031	0.0003159104133887404	0.00031585215061399023	0.0003157788370725639	0.00031568653774324324	0.000315570624339979	0.00031542523544563416	0.0003152428202225461	0.00031501406259702594	0.00031472723656675354	0.00031436775874055326	0.0003139174898889858	0.0003133535313603396	0.0003126485412035679	0.0003117672328782096	0.0003106661286288063	0.0003092913409171529	0.0003075764836582716	0.0003054389209067469	0.0003027763191893317	0.00029946310325598333	0.0002953427972219066	0.0002902300823924077	0.0002838982278967969	0.00027608693827437626	0.0002664679695092066	0.000254649599647979	0.00024027092518918782	0.00022298115463091116	0.0002025878820770525	0.00017922356462973124	0.00015365439874269455	0.0001273749593482237	0.00010242795000641212	0.0000807604597629202	0.00006344976236068605	0.00005042526350165424	0.000040763673333220996	0.00003320451222910974	0.000026551384492133434	0.000019983430992423582	0.000013468783956942147	7.967731713984076e-6	4.409891310729226e-6	2.548776858965983e-6	1.5778340910802458e-6	9.261401731118301e-7	4.3377890737237063e-7	1.7274368874907915e-7	7.756904634799729e-8	3.5858154267073074e-8	1.1738473059473978e-8	3.6085856447409074e-9	1.3114000762812623e-9	3.066916120666361e-10	7.830359772286778e-11	1.717678828079254e-11	2.9303165326923144e-12	4.2169230206757743e-13	1.812342666539178e-14	5.227900048339441e-16	1.1242118224545806e-17	1.7686674459487468e-19	1.9796115960316424e-21	3.7562508571854526e-37
0.0003170093208620997	0.0003170093102515735	0.00031700929654928685	0.00031700927899860106	0.0003170092566731217	0.00031700922843351043	0.00031700919286975634	0.0003170091482233185	0.00031700909228208094	0.00031700902224057607	0.000317008934457342	0.000317008824331198	0.0003170086858846394	0.00031700851138395447	0.0003170082910807899	0.0003170080123446096	0.00031700765937586056	0.0003170072125791687	0.00031700664776951304	0.00031700593497891854	0.0003170050334832018	0.00031700389700020263	0.00031700246452060876	0.00031700065648744357	0.0003169983745433525	0.0003169954958933197	0.00031699186590527373	0.0003169872863764532	0.00031698150513398036	0.0003169741994219764	0.00031696500511829955	0.00031695342744389313	0.0003169388447951993	0.0003169204772190832	0.00031689734263616495	0.0003168682126909524	0.00031683154429174037	0.00031678539950610776	0.0003167273562142762	0.00031665433082266677	0.0003165623978438895	0.00031644691616277717	0.0003163020696658037	0.0003161203864337491	0.00031589249787340805	0.0003156067919237839	0.00031524873055344273	0.0003148002374627244	0.00031423889769020293	0.00031353675034236057	0.00031265905974232655	0.00031156253335604616	0.0003101936215100897	0.00030848612954285714	0.0003063572852848032	0.0003037066138718808	0.00030040847735266673	0.00029630728479163347	0.0002912178182715634	0.0002849110227062323	0.0002771453950473532	0.000267567163740653	0.00025580629691510234	0.00024149291265999803	0.0002242777986395403	0.00020396051722579815	0.00018067161605626517	0.00015514581163145536	0.00012887196711976886	0.00010389245996616509	0.00008216556571045546	0.00006478879619646411	0.0000517127400766622	0.00004200796654677523	0.000034405922021084285	0.000027695896163545815	0.000021025068971021066	0.000014323280235058117	8.55848676835255e-6	4.767792913267248e-6	2.77211136774496e-6	1.735219294775455e-6	1.0395491807095217e-6	4.993633983403668e-7	2.008943708891682e-7	9.075198271061868e-8	4.323717670849121e-8	1.470707150592153e-8	4.523327141746629e-9	1.6996746284565843e-9	4.1746101476259017e-10	1.0621161754692033e-10	2.5198524554353058e-11	4.269618424364032e-12	6.890475354699634e-13	3.0778829901729254e-14	8.798976054835391e-16	1.8715190928624007e-17	2.909665316602261e-19	3.2156906257514588e-21	6.036231106185048e-37
0.00031796164604627416	0.00031796163549516996	0.0003179616218605658	0.0003179616043866594	0.00031796158214836046	0.0003179615540083897	0.0003179615185600343	0.0003179614740500073	0.00031796141827427786	0.00031796134843943346	0.00031796126093030776	0.00031796115110622233	0.00031796101316866767	0.0003179608392671009	0.00031796061977665773	0.00031796034210333416	0.0003179599904904822	0.0003179595453832798	0.0003179589826419643	0.00031795827238899663	0.0003179573745397329	0.0003179562420422359	0.00031795481485375095	0.00031795301342357697	0.0003179507398446939	0.00031794787163073586	0.0003179442548721263	0.00031793969229859247	0.00031793393225363064	0.0003179266508718219	0.0003179174933627792	0.00031790596034956344	0.00031789142935062	0.0003178731268248207	0.00031785007747623994	0.0003178210600692207	0.00031778453690387275	0.00031773857712865365	0.0003176807317598449	0.0003176080015354484	0.00031751646246607883	0.0003174014700716623	0.0003172572215206636	0.00031707626560736104	0.0003168493079256052	0.00031656479076344705	0.00031620822667313095	0.00031576165884622206	0.0003152027668459825	0.00031450345293771933	0.0003136295437563139	0.000312537878256012	0.0003111753705479573	0.00030947543920186815	0.00030735615127916894	0.00030471780883008757	0.0003014358422943105	0.0002973546628689666	0.0002922894976851001	0.0002860127619415529	0.00027828310732932776	0.0002687442272076875	0.0002570508668744657	0.00024280670114000595	0.0002256701605311059	0.00020543433288232153	0.00018221807387672483	0.00015674348192993667	0.00013047967384334348	0.00010546510605508618	0.00008367612013710895	0.00006623213033654357	0.000053100173873489855	0.00004335015262111927	0.00003570468975769357	0.00002893486850693412	0.000022157665998709657	0.000015260967508976184	9.214177521903981e-6	5.168022663131696e-6	3.0228930844758e-6	1.912758991302044e-6	1.1694455161785259e-6	5.765259849550481e-7	2.3452352928519435e-7	1.0646424328851274e-7	5.219211116795681e-8	1.8500550932872722e-8	5.693299146869324e-9	2.2018447115520167e-9	5.713560934713154e-10	1.4428801487299407e-10	3.700327557629989e-11	6.24153314772742e-12	1.1225506170432502e-12	5.2851496172799526e-14	1.497213261391545e-15	3.14764150598483e-17	4.832307332472727e-19	5.269003446110153e-21	9.777593165964152e-37
0.0003189825427939064	0.00031898253230639833	0.00031898251874416334	0.00031898250135233843	0.0003189824792071865	0.00031898245117364075	0.00031898241584835487	0.00031898237148347207	0.00031898231588334264	0.00031898224626661267	0.00031898215905098033	0.00031898204962393933	0.0003189819121540992	0.0003189817388860238	0.00031898152026051265	0.0003189812437208912	0.00031898089355772533	0.0003189804502616248	0.00031897988974776933	0.000318979182194267	0.0003189782880575512	0.00031897716036515493	0.00031897573866869326	0.00031897394445863273	0.0003189716798366531	0.00031896882273601385	0.00031896522003231127	0.0003189606754423124	0.0003189549385299924	0.0003189476888503306	0.00031893856007448836	0.0003189270684185256	0.00031891259437363383	0.00031889436589700954	0.00031887141040680753	0.00031884251315006406	0.0003188061499060759	0.00031876039509210754	0.000318702809443908	0.00031863029580820576	0.0003185391425444784	0.0003184246490252946	0.00031828100485978246	0.0003181008145844389	0.0003178748432909961	0.0003175915796951532	0.0003172366091526383	0.00031679209463091507	0.00031623575700749466	0.00031553988988931386	0.0003146695987149439	0.0003135831973439977	0.00031222719567393126	0.00031053526167721036	0.0003084261882003857	0.00030580046595644704	0.00030253559797911353	0.0002984758759674101	0.00029343668949845963	0.0002871931982593839	0.00027949449262708114	0.00027001083571596464	0.0002583916576153885	0.0002442208444291929	0.0002271671981041717	0.00020701827026465013	0.0001838832811576992	0.00015845921308859962	0.00013220398047326574	0.00010715341887987386	0.0000853015418263789	0.00006778763620723276	0.000054595665318530515	0.000044798426742187	0.00003710838341628823	0.00003027686572825348	0.000023389965886047148	0.000016291352206261108	9.945160065134594e-6	5.618131426561813e-6	3.304685165182139e-6	2.1125491795133277e-6	1.317597731436294e-6	6.673639824238996e-7	2.7487598230318016e-7	1.2523448427022403e-7	6.305517611193809e-8	2.335383369429851e-8	7.197573694536086e-9	2.8511663577136626e-9	7.860633433336313e-10	1.965349366653008e-10	5.434432933468061e-11	9.173879822273684e-12	1.820591486120803e-12	9.192860402991678e-14	2.5807225946739442e-15	5.358273977474855e-17	8.115682603148247e-19	8.722165069708206e-21	1.598753746179129e-36
0.0003200837499624148	0.0003200837395432361	0.0003200837260589054	0.0003200837087555048	0.0003200836867107317	0.00032008365879171414	0.00032008362359876315	0.0003200835793897027	0.0003200835239776547	0.0003200834545936917	0.000320083367686491	0.0003200832586197778	0.0003200831217469346	0.0003200829491344268	0.0003200827314121152	0.0003200824560626498	0.0003200821074254349	0.0003200816660386301	0.00032008110787233547	0.00032008040316689547	0.0003200795127750823	0.00032007838940596706	0.00032007697334512165	0.00032007518660777677	0.0003200729312458329	0.00032007008558114047	0.0003200664973165689	0.00032006197146313775	0.0003200562598480507	0.0003200490423771448	0.00032003995134484604	0.0003200285087104528	0.0003200140961307081	0.0003199959472935945	0.00031997309506627406	0.0003199443282411962	0.0003199081238498319	0.00031986257002724667	0.0003198052476573297	0.00031973307165397057	0.0003196423481633312	0.0003195284417322655	0.00031938544577980363	0.0003192060696920588	0.000318981121843266	0.0003186991834642172	0.00031834591754307856	0.00031790354985290927	0.0003173499042268042	0.0003166574158811258	0.00031579153188635934	0.00031471067567520025	0.00031336130805381733	0.0003116779383923802	0.00030957965723227103	0.0003069672958397093	0.00030372027910205744	0.000299684324363031	0.00029467123261619045	0.0002884637088720388	0.0002808003607756803	0.0002713785885590489	0.00025982109629085884	0.0002457285451706521	0.00022876443482355702	0.0002087078759749207	0.00018566341646794913	0.0001602966547705942	0.00013405697409854954	0.00010896837380882035	0.0000870481519921281	0.00006946083550415062	0.0000562035457424301	0.000046360276891584764	0.00003862440147394844	0.00003172762283487929	0.000024727253345483188	0.000017421242787728688	0.000010756309671294751	6.122272596556743e-6	3.62196934909536e-6	2.338474297340038e-6	1.487190345742516e-6	7.747027712409309e-7	3.2363974688293066e-7	1.4777174971983337e-7	7.626566449896325e-8	2.959320794733023e-8	9.14971998990034e-9	3.693353185659393e-9	1.0876228573536541e-9	2.6894755100245634e-10	7.982356863137773e-11	1.3607133224529703e-11	2.940412991598514e-12	1.6271526016802884e-13	4.5281536418694e-15	9.275150908050197e-17	1.3843359782114133e-18	1.4646089490597598e-20	2.6489128165950033e-36
0.00032127338270503955	0.0003212733723570612	0.0003212733589536862	0.00032127334174189445	0.00032127331980074444	0.000321273291999553	0.00032127325694219605	0.0003212732128922114	0.0003212731576716871	0.0003212730885252768	0.00032127300192707857	0.000321272893234478	0.0003212727568889937	0.00032127258494224096	0.0003212723682539337	0.0003212720942495806	0.00032127174733403996	0.0003212713080826916	0.0003212707523451745	0.0003212700507835023	0.0003212691649729572	0.00032126804587096305	0.00032126663634308983	0.00032126485817960646	0.00032126261293540073	0.0003212597799805204	0.0003212562077013068	0.00032125170232634025	0.0003212460171744528	0.0003212388349062883	0.0003212297817926038	0.00032121839316673627	0.00032120404863838706	0.00032118598391646077	0.00032116323512955083	0.0003211345968353052	0.00032109855517466684	0.00032105321252639895	0.0003209961667801722	0.000320924365088887	0.0003208340688452754	0.0003207207761983114	0.0003205785702852599	0.00032040005686661063	0.0003201761918594965	0.0003198956494820129	0.00031954416625857646	0.00031910403314529045	0.0003185532158037454	0.0003178642883142801	0.0003170034615922792	0.0003159275937157309	0.00031458529416973754	0.00031291095810410475	0.0003108240676660853	0.0003082262411418323	0.00030499669347969406	0.0003009854662517982	0.0002960014290722034	0.00028983152230694	0.0002822117968543056	0.0002728497582963142	0.0002613676314125121	0.0002473576625781418	0.00023048755296832554	0.0002105296034031297	0.0001875759212091857	0.00016227186658049667	0.00013604784285068587	0.0001109210492406839	0.00008892854838452618	0.00007126513039558314	0.000057942154811706886	0.00004804822367789318	0.000040262650804741446	0.00003329564328788987	0.00002618322555616141	0.000018662335644824338	0.000011661395555491825	6.6877015008514285e-6	3.9773554349697275e-6	2.592213642246125e-6	1.6800762992105083e-6	9.004839701464936e-7	3.8212964247024693e-7	1.7468824784557148e-7	9.220954777200351e-8	3.754240989699873e-8	1.1673767128725342e-8	4.7749020306343155e-9	1.506445929046468e-9	3.687123987495656e-10	1.1649481979058268e-10	2.0290575624162348e-11	4.685460343187615e-12	2.9003991991759027e-13	8.010762338749604e-15	1.6176772079104186e-16	2.3773800920977283e-18	2.4739931438084534e-20	4.411837511447131e-36
0.00032256388531428927	0.00032256387504204804	0.0003225638617247502	0.000322563844610283	0.00032256382277906243	0.0003225637951025983	0.00032256376018835947	0.00032256371630569347	0.00032256366128585127	0.00032256359238776714	0.00032256350610284767	0.00032256339785427675	0.0003225632620541581	0.0003225630908917585	0.0003225628750693286	0.0003225626022339346	0.0003225622568342757	0.0003225618195149582	0.000322561266371699	0.0003225605679395696	0.0003225596859242312	0.00032255857287643837	0.00032255717050552453	0.00032255540084097763	0.00032255316634752706	0.0003225503467848095	0.00032254679134077736	0.0003225423075620011	0.00032253665031501473	0.0003225295038769153	0.0003225204940192554	0.00032250915902826014	0.0003224948819289439	0.00032247690187133795	0.00032245426096228034	0.0003224257609425783	0.00032238989431495306	0.0003223447725132447	0.00032228800954379105	0.00032221658258533485	0.00032212674027385507	0.0003220139981921619	0.0003218725439761487	0.00032169504149645475	0.00032147234097018633	0.00032119325946096774	0.00032084363563048587	0.00032040584815560045	0.0003198580012675919	0.0003191729415796104	0.0003183168564993156	0.00031724729303077634	0.00031591220054890453	0.00031424735917979704	0.00031217265320654456	0.0003095901659908879	0.00030638022327094874	0.0003023938968377695	0.0002974413503906313	0.000291310832594049	0.0002837395001292135	0.00027443508553034486	0.0002630186594396791	0.00024909790395169425	0.00023232660836017946	0.0002124740450282092	0.0001896201881518156	0.00016438534023122608	0.00013818121654095083	0.00011301639032163133	0.00009094808802509435	0.00007320637493919883	0.000059815951721512914	0.00004986605824116101	0.000042029504560461134	0.00003499360490972101	0.00002776212818893522	0.0000200202281649351	0.000012663253830632088	7.319968946906539e-6	4.375453721185266e-6	2.8783280716516317e-6	1.9003409188606999e-6	1.048687621130338e-6	4.529508873328909e-7	2.0713006317954326e-7	1.1156826872077983e-7	4.773111836968428e-8	1.498069148323023e-8	6.175237054061745e-9	2.092540482147717e-9	5.087877803645765e-10	1.694474576622789e-10	3.0614767582777735e-11	7.405868374159037e-12	5.259418223180847e-13	1.4446202333349107e-14	2.8724194150027973e-16	4.1508807243026955e-18	4.2424864106669516e-20	7.450243939280871e-36
0.0003239496242195464	0.000323949614034014	0.0003239496008163306	0.00032394958381582286	0.0003239495621148912	0.00032394953458704236	0.0003239494998432884	0.00032394945616126677	0.000323949401382811	0.00032394933278261947	0.0003239492468757102	0.00032394913911877566	0.0003239490038122067	0.0003239488334715464	0.00032394861867440664	0.0003239483472131252	0.00032394800358873517	0.00032394756850266367	0.0003239470181080647	0.000323946322985126	0.0003239454456099942	0.000323944337112223	0.00032394294003695005	0.0003239411789925023	0.0003239389554899222	0.0003239361498715082	0.0003239326122262406	0.0003239281515813675	0.0003239225241785963	0.00032391542095428253	0.00032390645234868254	0.0003238951724281847	0.00032388096717683143	0.00032386307867661256	0.0003238405528206964	0.00032381219802121464	0.00032377651502878146	0.0003237316250771359	0.000323675155620716	0.0003236041048582932	0.00032351473838127003	0.00032340257794951456	0.0003232618649011617	0.00032308533853991976	0.00032286395902103164	0.0003225864110597729	0.0003222387295219645	0.00032180339597496615	0.00032125869261157784	0.00032057767278891876	0.0003197263618598522	0.00031866311888839995	0.0003173355053791927	0.0003156806288096681	0.0003136187745146095	0.0003110522855165486	0.0003078617004383459	0.00030390156461388546	0.0002989835311055813	0.0002928941489344337	0.0002853734911007173	0.00027612361147444933	0.000264782264470717	0.0002509620366403013	0.00023429498006913654	0.00021455164495372598	0.00019180130653891251	0.00016663939511274347	0.00014045412585957475	0.00011525370650550951	0.0000931065543970396	0.00007528235516757745	0.00006182301286432229	0.00005181922911058766	0.00004393219576352592	0.000036828153422415994	0.000029474000209847655	0.000021505971415811297	0.000013776842849738082	8.032095976541129e-6	4.8268941350849234e-6	3.2007279023554357e-6	2.150866628884595e-6	1.2220832182593912e-6	5.383625376002561e-7	2.4609502629955423e-7	1.3487951657094337e-7	6.06511406295477e-8	1.9298984744505433e-8	7.972122991272859e-9	2.900968029293256e-9	7.046358876995215e-10	2.444208485222239e-10	4.653665796297702e-11	1.1537663800842212e-11	9.59128398121216e-13	2.6298859310207667e-14	5.144760471889314e-16	7.303730119906294e-18	7.324446712367829e-20	1.265551002991149e-35
0.00032544208926883094	0.0003254420791687731	0.00032544206604830144	0.00032544204915766265	0.0003254420275806349	0.00032544200019394377	0.00032544196561334454	0.00032544192212130574	0.0003254418675694209	0.0003254417992470153	0.00032544171369666247	0.0003254416064133614	0.00032544147181440833	0.0003254413024009701	0.000325441088800431	0.00032544081889272254	0.0003254404772692716	0.0003254400447065939	0.00032543949743940506	0.0003254388060351827	0.00032543793267241953	0.00032543683057607706	0.00032543544207678306	0.00032543369050365846	0.00032543147878876346	0.0003254286876080775	0.0003254251677869404	0.00032542072983226573	0.00032541513160495573	0.0003254080685333004	0.0003253991479603248	0.00032538792158119347	0.00032537379044694206	0.0003253559971185907	0.0003253335917417156	0.0003253053890044718	0.00032526989853045365	0.000325225252796943	0.00032516909621214447	0.00032509844516790564	0.0003250095809808229	0.0003248980370268456	0.0003247581030990185	0.0003245825797830298	0.0003243624795892315	0.0003240865890803602	0.00032374094177302365	0.0003233081963680571	0.0003227668468508909	0.00032208980015749556	0.00032124362879981867	0.00032018689361376206	0.0003188677973220236	0.0003172230365526282	0.00031517458456668525	0.00031262486036315914	0.00030945467619055567	0.0003055208883048006	0.0003006394271960851	0.0002945930165872201	0.0002871251901427321	0.00027793224183566504	0.0002666707735702461	0.00025295415508591753	0.00023639689946020024	0.0002167723718508485	0.00019413212088927644	0.00016904993357728032	0.00014288839453929344	0.00011765365248939526	0.00009542533816575666	0.00007751500145489413	0.0000639848041683289	0.000053924274359261446	0.00004598310330279624	0.000038810358622321404	0.0000313339041465438	0.00002313271425819477	0.000015015186522819999	8.831497397386388e-6	5.332397349435719e-6	3.5647002164319003e-6	2.436228252400834e-6	1.425095939621033e-6	6.419148540687e-7	2.9318008227694247e-7	1.630563667842936e-7	7.705566434533222e-8	2.4998870504109302e-8	1.0291060367315866e-8	4.014999063788553e-9	9.826577888299742e-10	3.503614950369561e-10	7.154445079799758e-11	1.779224969077964e-11	1.767553221511591e-12	4.8688163822194735e-14	9.359724403233954e-16	1.303540720759362e-17	1.2807337178879155e-19	2.1745253698883557e-35
0.00032701744353940234	0.0003270174335305399	0.00032701742051389045	0.000327017403740601	0.00032701738229589733	0.00032701735505876725	0.00032701732064870114	0.00032701727735473545	0.0003270172230413104	0.00032701715500982673	0.0003270170698329906	0.00032701696306184605	0.000327016829051251	0.00032701666050637216	0.00032701644800730325	0.00032701617958193717	0.0003270158398863335	0.00032701540976760884	0.0003270148654959571	0.00032701417780472384	0.00032701330982369607	0.0003270122133664549	0.00032701083146024107	0.0003270090893508961	0.00032700688986827934	0.0003270041140175923	0.00032700061353801725	0.0003269962000281223	0.00032699063279524316	0.000326983607272801	0.0003269747325592525	0.00032696356589594094	0.0003269495096272891	0.00032693181416808904	0.00032690953513974833	0.0003268814914193719	0.00032684620245927867	0.0003268018115734545	0.00032674598332176096	0.00032667576763485137	0.00032658744754578617	0.00032647654643711845	0.0003263374326279362	0.0003261629490321458	0.000325944172187185	0.00032566996496465354	0.00032532645415867364	0.0003248964684336758	0.0003243584201674809	0.0003236856052445467	0.0003228448385335019	0.0003217949065514635	0.00032048484638000173	0.00031885103910824045	0.00031681642368687875	0.00031428428711317423	0.0003111354763441966	0.00030722907653774013	0.00030238575479532847	0.0002963841351948366	0.000288971561048878	0.0002798446614325044	0.000268673769229865	0.0002550596551650031	0.00023861768296278113	0.00021911775761281787	0.00019659398643939927	0.0001716010945503843	0.0001454695529848678	0.00012019748206068846	0.00009788671226695926	0.00007988435222708881	0.0000662820283879462	0.000056164618357750827	0.00004817319077848866	0.00004093054569016245	0.00003333202795747346	0.0000248963879423153	0.000016374488500595412	9.718278182205247e-6	5.892388858925704e-6	3.971934554343105e-6	2.7587951277345393e-6	1.6602942510257318e-6	7.657704755990137e-7	3.499482163097025e-7	1.9695096579191064e-7	9.770318575225066e-8	3.250422372314296e-8	1.3272163819087488e-8	5.530263103230229e-9	1.3782214586292328e-9	4.982447058132603e-10	1.1082484002489367e-10	2.7128971145921912e-11	3.262945847021453e-12	9.118628945460641e-14	1.7210441550301174e-15	2.3487906247124705e-17	2.2581521493313673e-19	3.7635665919248144e-35
0.00032874167655917475	0.0003287416666473937	0.00032874165374141686	0.0003287416370950233	0.0003287416157947181	0.00032874158872061367	0.00032874155449572116	0.0003287415114161347	0.0003287414573535622	0.0003287413896278641	0.0003287413048343333	0.0003287411985793764	0.0003287410651835132	0.0003287408975017117	0.0003287406861503371	0.00032874041926186833	0.00032874008156252686	0.0003287396539725251	0.0003287391128546611	0.0003287384289992255	0.00032873756575644566	0.0003287364756761912	0.0003287351009477348	0.0003287333683256863	0.0003287311813052244	0.00032872842117003063	0.00032872494058202857	0.00032872055256768666	0.0003287150184079756	0.0003287080374410078	0.00032869922133204943	0.00032868811832709063	0.0003286741463061125	0.0003286565544685557	0.0003286344059966903	0.0003286065285316026	0.0003285714506141017	0.00032852732588293387	0.00032847183808508353	0.0003284020681252029	0.000328314356535723	0.0003282041217494295	0.0003280658268923949	0.0003278924185364737	0.0003276750086294148	0.00032740257077523477	0.00032706134287397077	0.00032663409027126894	0.00032609952523129395	0.0003254311517510833	0.00032459601415723134	0.0003235532368327316	0.0003222522860682449	0.00032063006232375014	0.0003186092169968125	0.00031609507256142206	0.00031296963336036276	0.0003090918025583865	0.0003042872630201265	0.0002983325712199557	0.000290977654402012	0.00028192196949066486	0.00027083361845266907	0.0002573158780606577	0.00024099500719128528	0.0002216261807220094	0.00019922580342581996	0.00017432690278558453	0.00014822708815231082	0.00012292097066193917	0.00010052855569040223	0.00008243019214722303	0.00006875351423410073	0.0000585782519125856	0.000050532008267686276	0.000043218896310149255	0.00003549832148156079	0.000026827476797771647	0.000017888223219615564	0.000010719628820864637	6.527559493834794e-6	4.427627896852893e-6	3.1210394419679406e-6	1.93082944453312e-6	9.114530656131103e-7	4.187071753685392e-7	2.3782477884942408e-7	1.2361457111908568e-7	4.2464427707846954e-8	1.7118817568667163e-8	7.57779401173882e-9	1.947138091377073e-9	7.040598171218186e-10	1.7299929560328186e-10	4.1064303981558313e-11	6.028704318047337e-12	1.7359782765392962e-13	3.213153316438903e-15	4.2906379568744906e-17	4.030023992531259e-19	6.584065673308727e-35
0.0003305987563669879	0.0003305987465559815	0.00033059873376463145	0.0003305987172464575	0.00033059869608978204	0.0003305986691785411	0.0003305986351403256	0.00033059859227688214	0.00033059853847031405	0.00033059847103459195	0.0003305983866002429	0.0003305982808368111	0.00033059814805440373	0.0003305979812589288	0.0003305977709271253	0.0003305975055410686	0.00033059716994279667	0.0003305967450275693	0.00033059620723416576	0.0003305955274520501	0.0003305946692353634	0.0003305935854291435	0.000330592219013219	0.00033059049666506884	0.00033058832276001965	0.0003305855790011031	0.00033058211888174	0.00033057775694517215	0.0003305722562831699	0.0003305653192309449	0.0003305565714072642	0.00033054552696328005	0.00033053163376106095	0.00033051414904639427	0.00033049213720792514	0.00033046443074797514	0.00033042957091373337	0.00033038572077711534	0.00033033058873638445	0.0003302612769912356	0.0003301741285899431	0.00033006463486086654	0.0003299271812676159	0.00032975486633229743	0.00032953889319791677	0.0003292682658331641	0.0003289292826047955	0.0003285049072716394	0.00032797399121821597	0.00032731024031849284	0.0003264809742083976	0.0003254457019554351	0.0003241542223623544	0.0003225443427800057	0.00032053809446671157	0.00031804257759627456	0.00031494177125794136	0.00031109419558702475	0.00030632841521523787	0.0003004231274308199	0.00029312838113385704	0.0002841471786556411	0.000273148716148015	0.00025974289047526306	0.00024354928705046976	0.00022431664968399102	0.0002020462161677408	0.00017724725864007816	0.00015118725211587166	0.00012584701877204336	0.00010337008213416189	0.0000851726355849543	0.00007141855166576773	0.00006118521978855204	0.000053082840379550194	0.000045699956914109594	0.00003785877552665217	0.000028949589811538744	0.00001957880304809526	0.00001185922729733748	7.259723780450457e-6	4.954741143671198e-6	3.545336690651245e-6	2.258484304510028e-6	1.1020086839102992e-6	5.021012647403162e-7	2.869891141890211e-7	1.5589168123716672e-7	5.5669973068763805e-8	2.208588692221844e-8	1.0315529276765158e-8	2.7714085422178314e-9	9.887705518845996e-10	2.706728889835489e-10	6.176604697297784e-11	1.103497867798133e-11	3.3450347297702154e-13	6.067093698727251e-15	7.916904152114762e-17	7.254714990864197e-19	1.1604488681014468e-34
0.0003325719865354361	0.00033257197683132	0.0003325719641616065	0.0003325719477805283	0.0003325719267773454	0.00033257190003775595	0.00033257186619247846	0.00033257182354875706	0.0003325717699981312	0.00033257170289190265	0.0003325716188735501	0.0003325715136571953	0.00033257138170122	0.00033257121569118555	0.000332571006524051	0.0003325707426127702	0.00033257040901870716	0.0003325699867328104	0.00033256945226906666	0.00033256877663093474	0.000332567923541018	0.0003325668458596593	0.000332565487593903	0.00033256377635905926	0.00033256161633486296	0.0003325588898226473	0.0003325554511084821	0.00033255111631052197	0.0003325456504067194	0.0003325387573562138	0.00033253006833851057	0.00033251910304620463	0.0003325052822780376	0.0003324879049648028	0.00033246603516717604	0.0003324385085878313	0.0003324038742706865	0.00033236030909305976	0.00033230553796794994	0.0003322366966181455	0.00033215015748042445	0.00033204137255902924	0.0003319048335189501	0.00033173360467520565	0.0003315191004287752	0.00033125035349081746	0.00033091371602831434	0.00033049232676348166	0.0003299652088172977	0.0003293062739173466	0.00032848315137043964	0.0003274556819624952	0.0003261739939275855	0.0003245764842411282	0.0003225861527261273	0.0003201100377387272	0.0003170346217662783	0.00031321870376663404	0.00030849212795672605	0.00030263869347454324	0.000295406648476608	0.0002865030448854327	0.000275593459891799	0.0002623075010167208	0.0002462508505345343	0.00022716290059863637	0.00020503112351841484	0.00018034350535939457	0.00015432340286952902	0.00012895418906108626	0.0001063891842926097	0.0000880925877704469	0.00007425578246002525	0.00006396602155701285	0.000055808579646189396	0.00004835299270309678	0.00004039246273737068	0.00003124614647085102	0.000021435061357724522	0.000013125431177160247	8.070900175107173e-6	5.537259213769365e-6	4.018333231983302e-6	2.6295302946117848e-6	1.322512567661161e-6	6.035585549984012e-7	3.4616391844752027e-7	1.9596572887596086e-7	7.325194235836226e-8	2.852773826559477e-8	1.3948814500552592e-8	3.973161107266174e-9	1.382286831068704e-9	4.2349662390707836e-10	9.273673541001676e-11	1.9940456104188057e-11	6.55684330648277e-13	1.1643644868862494e-14	1.482202688607947e-16	1.3226920196752203e-18	2.0682333101740874e-34
0.00033469069026938344	0.000334690680679403	0.0003346906681400494	0.00033469065190639004	0.0003346906310692026	0.00033469060451644147	0.0003346905708825895	0.00033469052848117284	0.0003346904752139746	0.00033469040844843155	0.0003346903248522412	0.00033469022017228726	0.0003346900889405082	0.0003346899239664944	0.0003346897159415706	0.0003346894534108413	0.0003346891218562242	0.00033468870228087075	0.00033468817120680674	0.00033468749972536186	0.00033468665207389537	0.00033468558349267143	0.00033468423543792943	0.00033468253159055564	0.00033468038377949176	0.0003346776744820282	0.0003346742576637125	0.0003346699507186252	0.00033466452063357437	0.000334657672707094	0.00033464904020004	0.00033463814809082715	0.00033462441302138744	0.0003346071461104163	0.00033458542152643874	0.00033455808153100465	0.00033452368629164004	0.0003344804207557372	0.0003344260268955534	0.00033435767131567874	0.00033427179262243	0.00033416385367515667	0.00033402831753463085	0.0003338583047034802	0.00033364504975151056	0.00033337806964509097	0.000333043722215625	0.00033262544326961987	0.00033210225248872256	0.0003314483350590485	0.00033063158709762666	0.0003296121520140165	0.000328340600974362	0.0003267558966937055	0.000324782310639011	0.00032232661548302674	0.0003192773105106884	0.0003154942181878632	0.00031080808942120583	0.00030500829960897435	0.00029784150912604267	0.0002890183269479922	0.0002782014600392028	0.00026502741468851436	0.0002491159804654893	0.00023017839111123253	0.00020819343021424565	0.0001836211353546048	0.00015765361381755628	0.0001322568502953605	0.0001096032915508282	0.00009120713279757908	0.00007728437739241886	0.00006693680212612528	0.00005872599165209121	0.00005119753532877306	0.00004311674641464287	0.00003373508632904551	0.000023474598663782324	0.00001453643557205696	8.976825183779663e-6	6.188194148936927e-6	4.553724137433835e-6	3.0589026972111496e-6	1.5897951234511876e-6	7.268315850850949e-7	4.1717577060071814e-7	2.4533060257675215e-7	9.654545891608166e-8	3.687343268135115e-8	1.8704281435860543e-8	5.719323353366259e-9	1.9251486067536932e-9	6.577819699990522e-10	1.391945774649059e-10	3.518486227967734e-11	1.3000535432067242e-12	2.2602301571272423e-14	2.8029490497654743e-16	2.4322120651418228e-18	3.7128428486629717e-34
0.0003369738484105455	0.0003369738389409263	0.0003369738265390339	0.00033697381046086694	0.0003369737897986038	0.00033697376344236565	0.0003369737300302895	0.0003369736878820813	0.000336973634909737	0.00033697356849700865	0.00033697348533673463	0.0003369733812129184	0.00033697325071768616	0.00033697308676269454	0.000336972880020278	0.00033697261920421015	0.0003369722899645286	0.00033697187336768875	0.0003369713460271781	0.0003369706791366617	0.00033696983709445745	0.0003369687754116753	0.00033696743640533236	0.0003369657438376563	0.00033696360722419174	0.00033696091354150457	0.0003369575176976225	0.00033695323819848706	0.0003369478438674498	0.00033694104221211965	0.0003369324683867406	0.00033692164445214487	0.0003369080149498802	0.0003368908707469785	0.00033686929782908263	0.00033684214946185035	0.00033680799818346547	0.00033676504484946636	0.0003367110430859198	0.0003366431791980258	0.0003365579257216524	0.00033645087977004053	0.0003363164927663918	0.000336147818296885	0.00033593627192725177	0.0003356709528269792	0.0003353390599757141	0.00033492383557676234	0.00033440473596818733	0.00033375600630267805	0.0003329458286779771	0.0003319346641895971	0.00033067362994409165	0.00032910197942968763	0.0003271455368246247	0.0003247114896583109	0.00032168854021000714	0.00031793934647800134	0.00031329537088731804	0.00030755043561392625	0.00030045173407843267	0.0002917119820906791	0.0002809970993144078	0.0002679480870734918	0.000252179508091802	0.00023339934397415557	0.00021156749969598442	0.00018711930167847766	0.00016120614253530097	0.00013578568322132077	0.00011304522992974321	0.00009454628446378854	0.00008053600077744505	0.00007013026758383311	0.00006186629321292389	0.00005426726942842451	0.00004606943668698639	0.00003645718309117071	0.000025739032603092107	0.000016132283839611422	0.00001000716936079357	6.925952829992357e-6	5.1599120961073845e-6	3.553986949658882e-6	1.911594838520267e-6	8.778871558236719e-7	5.027523239277037e-7	3.0589249411335396e-7	1.274306647686856e-7	4.778253889513406e-8	2.4929340605399452e-8	8.274164859817068e-9	2.677301535466473e-9	1.011881646962813e-9	2.1008284133861684e-10	6.051271066885908e-11	2.6233497364787183e-12	4.466930386473343e-14	5.385969745627931e-16	4.534921065529008e-18	6.74602944998757e-34
0.00033941276929074697	0.00033941275994794017	0.0003394127476910168	0.00033941273177682944	0.0003394127112989422	0.0003394126851495555	0.00033941265197034114	0.00033941261008704575	0.0003394125574217463	0.00033941249137445716	0.00033941240866335075	0.0003394123051108867	0.00033941217536130396	0.0003394120124508259	0.00033941180716895274	0.00033941154816627	0.0003394112210439007	0.00033941080742161655	0.00033941028388199897	0.0003394096216940575	0.00033940878542333854	0.00033940773097691605	0.0003394064014861787	0.00033940472075548987	0.00033940259943778553	0.0003393999258256924	0.0003393965542691657	0.00033939230486865554	0.00033938694870698494	0.00033938019493112134	0.000339371682945116	0.00033936096208925714	0.00033934744492668625	0.0003393304065433597	0.00033930898936719947	0.0003392820383615139	0.00033924813616069264	0.00033920550336695725	0.0003391519147181759	0.0003390845708531361	0.00033899996961498724	0.00033889366244869973	0.0003387603094576291	0.0003385930003799701	0.00033838320797529225	0.00033812022617765757	0.00033779059813905844	0.000337378573011057	0.00033686349963973927	0.0003362200653894354	0.00033541661692022953	0.00033441401783926864	0.0003331636552985687	0.00033160583450247207	0.0003296669748575597	0.0003272560342625409	0.0003242602640359457	0.00032054593269366686	0.00031594570072351067	0.000310256728054118	0.00030322874905837826	0.0002945755030082047	0.00028396642667589766	0.00027104483755725957	0.0002554249588585587	0.0002368089413411965	0.0002151396790824136	0.00019082326001370464	0.00016497645676347538	0.00013953517096715066	0.00011670972380371776	0.0000981029841130276	0.00008400987459323033	0.00007354204006935102	0.00006522888706330186	0.000057561354291720155	0.00004924566135254972	0.0000394070304788329	0.000028231679794118435	0.000017921353055798078	0.000011169098918583439	7.759749878413972e-6	5.843615396015951e-6	4.121921016809824e-6	2.2967495653627047e-6	1.0615706646476886e-6	6.054753648498478e-7	3.795989616440849e-7	1.68032895423624e-7	6.20508831796906e-8	3.2969399037031864e-8	1.1963411376575065e-8	3.720001059043303e-9	1.5328375157616392e-9	3.192940397578274e-10	1.0082984653000934e-10	5.344680279699859e-12	8.934720345882915e-14	1.0458545007377914e-15	8.530514805993165e-18	1.2347841574961574e-33
0.0003420228924734545	0.00034202288326423984	0.00034202287116003754	0.0003420228554187498	0.0003420228351353113	0.0003420228092038379	0.0003420227762694226	0.0003420227346637167	0.0003420226823187471	0.0003420226166507022	0.0003420225344030537	0.0003420224314365926	0.00034202230243969486	0.00034202214053621216	0.0003420219366275268	0.00034202167943353284	0.00034202135469375584	0.0003420209441886256	0.0003420204246013316	0.0003420197673023106	0.00034201893700321826	0.0003420178899233547	0.00034201657005920286	0.00034201490375125934	0.00034201279767642816	0.00034201014152853896	0.00034200679387542374	0.00034200257492307	0.0003419972580353965	0.00034199055452148084	0.00034198210575012427	0.0003419714640183069	0.00034195805431476407	0.0003419411564914654	0.0003419198591348337	0.00034189308679527335	0.0003418594463109483	0.00034181714181038295	0.00034176396183590826	0.0003416971385037675	0.0003416132045346921	0.0003415077949977887	0.0003413753736554061	0.000341209343642739	0.0003410012233451445	0.0003407405603891945	0.0003404139839687086	0.00034000512364113183	0.0003394943296941299	0.000338856174136466	0.0003380596115197731	0.0003370657555101477	0.00033582661460291083	0.0003342831979987194	0.000332362430911209	0.0003299744988210499	0.00032700762016341073	0.0003233288556186441	0.0003187739433666282	0.00031314213348877004	0.00030618722443580704	0.00029762359638128453	0.0002871240132392067	0.00027433387146292003	0.0002588731217987984	0.00024042868135521657	0.00021893101689003595	0.00019475486535189043	0.00016898206624297744	0.00014352557502052537	0.00012061275426066927	0.00010189776391871913	0.00008771956606963604	0.00007718937674547777	0.00006882799229534601	0.00006109527353902831	0.000052663264743302686	0.00004260476446712905	0.00003097183671632809	0.000019923737373599726	0.000012477810063924933	8.69794173584197e-6	6.613503069383919e-6	4.772586452742754e-6	2.7569418474874964e-6	1.2878191627667425e-6	7.290029192484148e-7	4.6933608312953344e-7	2.2127313377672758e-7	8.09359787415748e-8	4.334360269405876e-8	1.7262044233331862e-8	5.188286329812118e-9	2.285575534749696e-9	4.913893961447103e-10	1.6332750717816404e-10	1.1043866688204362e-11	1.8216804968843133e-13	2.065635988099824e-15	1.628272351747388e-17	2.288697453993267e-33
0.00034483042311553134	0.00034483041404682413	0.00034483040210350904	0.00034483038654433876	0.0003448303664654927	0.0003448303407629336	0.00034483030808496234	0.0003448302667688595	0.0003448302147562824	0.0003448301494792456	0.0003448300677060695	0.0003448299653341815	0.0003448298371074133	0.0003448296761965132	0.0003448294737042578	0.0003448292185024165	0.0003448288964370989	0.0003448284892076363	0.0003448279737392636	0.00034482732152987637	0.00034482649744282126	0.0003448254579330907	0.00034482414760985937	0.0003448224933279453	0.0003448204029953776	0.0003448177662099915	0.0003448144435438339	0.000344810255983446	0.0003448049792749192	0.00034479832731205555	0.0003447899427763101	0.0003447793821415559	0.0003447660787546209	0.00034474930725649395	0.0003447281665605803	0.00034470159664749025	0.00034466818458725804	0.0003446261885735297	0.00034457341925250243	0.00034450711606672353	0.0003444238461014659	0.0003443193066325977	0.00034418805793828605	0.0003440233645930879	0.00034381694913923676	0.00034355837613243617	0.0003432347836595824	0.000342829700239682	0.0003423231931110073	0.0003416906579550138	0.0003409009249913353	0.00033991597641633097	0.0003386885219004802	0.00033715983813258055	0.0003352577174034945	0.0003328933046664556	0.00032995688419411025	0.0003263144307123672	0.0003218061280251891	0.0003162330660221776	0.0003093531449929226	0.00030088197592131866	0.0002904957185245785	0.0002778352273507966	0.000262536382283691	0.00024427409186796544	0.00022295589070773318	0.0001989289039596938	0.00017324024116170008	0.00014777349233749407	0.00012477624299086828	0.0001059545286944671	0.00009168912856048013	0.00008109584852313509	0.00007268837781933584	0.00006488766157000367	0.00005634285562129206	0.000046069367551334334	0.000033984863285782986	0.000022169796066566603	0.000013957639326661392	9.755703765274836e-6	7.479211222194954e-6	5.517502617045928e-6	3.3047342037888896e-6	1.566859610360571e-6	8.778848906798131e-7	5.779097409068473e-7	2.901674129502652e-7	1.0597433687623023e-7	5.665253827376717e-8	2.473058525388717e-8	7.250619730576815e-9	3.3491981399120392e-9	7.671529975410685e-10	2.5740188694315896e-10	2.291294179618953e-11	3.7681437753295097e-13	4.131771878811043e-15	3.1413465632045785e-17	4.280166742844195e-33
0.00034782569175146303	0.00034782568283051225	0.0003478256710565467	0.00034782565568921935	0.0003478256358258312	0.00034782561036405515	0.00034782557795518904	0.0003478255369418673	0.0003478254852750539	0.0003478254204022824	0.0003478253391165807	0.00034782523735256296	0.0003478251099058825	0.0003478249499890541	0.0003478247491422266	0.00034782449590261145	0.00034782417646218405	0.0003478237725698932	0.00034782326133001934	0.0003478226143680493	0.00034782179668819713	0.00034782076495023433	0.0003478194640486363	0.0003478178204926324	0.0003478157473973611	0.0003478131341297467	0.0003478098383023301	0.00034780568420550857	0.0003478004511196641	0.00034779385396679777	0.0003477855366119358	0.0003477750582746941	0.000347761861945788	0.0003477452372633464	0.00034772428182029073	0.00034769790450356065	0.0003476647709103334	0.00034762312626197063	0.00034757077803700365	0.00034750500785027725	0.00034742242581000695	0.0003473187497468585	0.0003471886280202157	0.00034702536567733975	0.0003468208096556326	0.00034656454960991525	0.0003462436265607716	0.0003458423254531826	0.00034534048948076936	0.0003447136490923773	0.00034393123372597836	0.00034295539562509674	0.00034173986655324385	0.00034022630618139117	0.00033834333608753216	0.00033600302978902154	0.0003330974823758826	0.000329493427664319	0.0003250326530964948	0.00031951986070613135	0.0003127167026439068	0.0003043410741806427	0.00029407195979755895	0.0002815524376814624	0.0002664189020668942	0.00024834264550649204	0.00022721242865422113	0.00020334354934403536	0.00017774812249807855	0.00015227673589472704	0.00012919766537655285	0.00011026866077144775	0.00009591388582499826	0.000085267005680956	0.00007681153549096951	0.00006894861252594246	0.00006029459015394653	0.000049811433043292266	0.00003728831587629681	0.00002467961590285379	0.000015627339335071365	0.000010944907385851268	8.457173567152296e-6	6.36414305691446e-6	3.9492350867023045e-6	1.9077298118484803e-6	1.0565808470611023e-6	7.085167950744851e-7	3.781578183225564e-7	1.3909697986024816e-7	7.373283431341944e-8	3.508808671411364e-8	1.0205046226287076e-8	4.832496840932512e-9	1.21502682362235e-9	3.9675574443458855e-10	4.749559121057644e-11	7.936389193909624e-13	8.397338418627583e-15	6.142865459788293e-17	8.09608994061316e-33
0.0003510497598898612	0.0003510497511242069	0.0003510497395284445	0.0003510497243631813	0.00035104970472650364	0.00035104967951770765	0.00035104964739078674	0.00035104960669332034	0.00035104955538507303	0.00035104949092853836	0.00035104941014099076	0.000351049308994438	0.0003510491823418909	0.0003510490234797181	0.0003510488240412855	0.0003510485727128062	0.00035104825582641676	0.00035104785528726316	0.00035104734838868964	0.0003510467069215158	0.0003510458959522919	0.0003510448722444912	0.0003510435804583689	0.00035104194973191677	0.0003510398947924941	0.0003510373044198011	0.0003510340361025058	0.0003510299152840892	0.0003510247230572714	0.0003510181800055573	0.00035100993228581913	0.0003509995409607945	0.00035098645355213445	0.0003509699663316009	0.0003509491930282165	0.00035092302738366267	0.0003508901469713555	0.0003508488422505769	0.0003507969414107187	0.00035073174480091047	0.0003506498649268678	0.0003505470881404997	0.00035041812579540655	0.0003502562974590461	0.0003500535617316932	0.0003497996084072318	0.0003494818177346896	0.0003490839884889422	0.0003485869423121392	0.0003479660049751806	0.00034719126528851186	0.0003462251824560483	0.00034502147016352334	0.00034352346910856903	0.00034166007701951997	0.00033934449088693407	0.0003364702042800671	0.0003329061898719879	0.00032849391351421844	0.00032304290759725495	0.0003163180203324712	0.00030804089074194205	0.0002978925887425859	0.00028551888733906503	0.0002705554541527466	0.0002526701365401522	0.0002317377429622099	0.0002080395411422265	0.0001825477369079672	0.0001570798202291823	0.00013392247741207433	0.00011488482081816995	0.00010044201137725662	0.00008974018479894014	0.00008123724871611703	0.00007331938799411162	0.00006455969051731472	0.00005387376777178039	0.000040926608889726705	0.000027494852935637915	0.00001752293677318302	0.00001229356823461029	9.576522724628783e-6	7.332274120852588e-6	4.713073345979852e-6	2.330456989370394e-6	1.2734979859807116e-6	8.659375231807783e-7	4.904257104148189e-7	1.8443490578130943e-7	9.55810046245644e-8	4.9191606486939146e-8	1.4485000529996107e-8	6.8775821982091585e-9	1.9488618730022062e-9	6.015619125993025e-10	9.732692117956134e-11	1.7062080102824089e-12	1.7381979437824114e-14	1.2201253854898098e-16	1.5518109253866682e-32
0.00035447217003685904	0.0003544721614351072	0.0003544721500278622	0.00035447213507662625	0.00035447211568041576	0.00035447209073998057	0.00035447205891182506	0.0003544720185482091	0.00035447196761739395	0.0003544719035964628	0.00035447182332636203	0.0003544717228158602	0.0003544715969731403	0.00035447143919901806	0.00035447124120033946	0.0003544709919211143	0.00035447067761371954	0.00035447028049477456	0.0003544697779724719	0.0003544691419584788	0.00035446833781670975	0.0003544673224297219	0.00035446604078569324	0.0003544644232614285	0.000354462385675949	0.0003544598171741572	0.0003544565761308661	0.0003544524890648771	0.0003544473390152252	0.0003544408494738168	0.00035443266968390784	0.00035442236367752133	0.00035440938429831455	0.00035439302579009493	0.00035437240820016853	0.0003543464804301016	0.00035431389377978145	0.0003542729439090194	0.00035422149251818443	0.00035415686710182253	0.00035407572099544664	0.00035397388212932113	0.00035384611796476133	0.00035368590320871817	0.0003534850183146665	0.0003532334520590057	0.000352918421685664	0.00035252464269409104	0.00035203220806370673	0.0003514175535836707	0.00035065053974493623	0.000349694400958971	0.0003485031263690914	0.00034702069129173617	0.00034517737822956654	0.0003428871442192421	0.00034004455033474594	0.00033652156753687015	0.0003321590472254095	0.000326771200702992	0.00032012661731488373	0.00031195044893547866	0.0003019263070551449	0.0002897021984664027	0.0002749207696340659	0.000257234477925773	0.00023650794914582214	0.00021299065960964588	0.0001876130339126505	0.00016215605774330742	0.0001389239836627393	0.00011977885801454105	0.00010525108543584423	0.00009449494442330966	0.00008594624511304586	0.00007797585197037761	0.00006912972201589699	0.00005824622884549629	0.00004488431782482752	0.000030626899973010606	0.000019656665768450044	0.000013803724064984878	0.000010823720392334288	8.428450927833423e-6	5.6033798578441425e-6	2.847854110662151e-6	1.5361846911934507e-6	1.054137179920836e-6	6.304291278973992e-7	2.449279622957818e-7	1.2343492316109273e-7	6.799898794790425e-8	2.0747209574792893e-8	9.661477938125267e-9	3.1305580725836787e-9	8.989846424764634e-10	1.927927546735658e-10	3.709122836988108e-12	3.633902303109273e-14	2.443039238418043e-16	2.9932813575907515e-32
0.0003581610542399261	0.0003581610458032179	0.000358161034584802	0.00035816101984638426	0.00035816100068689424	0.00035816097600740895	0.0003581609444653023	0.00035816090441543073	0.00035816085383174137	0.0003581607902021153	0.0003581607103850961	0.00035816061041257563	0.0003581604852759897	0.0003581603285623153	0.0003581601319268266	0.00035815988460467715	0.0003581595728237534	0.00035815917907809305	0.00035815868102441093	0.00035815805061735115	0.00035815725325864296	0.00035815624620151544	0.0003581549754632754	0.00035815337091111156	0.0003581513502627263	0.0003581488039089783	0.00035814559085478966	0.00035814153850898174	0.00035813643195422234	0.0003581299981900126	0.0003581218893833819	0.0003581116700878413	0.0003580987886924866	0.00035808255326196176	0.0003580621394261088	0.00035803647648807816	0.0003580042069021249	0.0003579636426243625	0.0003579126676441931	0.0003578486344292584	0.0003577682348983005	0.0003576673339726924	0.00035754077325561866	0.00035738211004059816	0.0003571832915041336	0.0003569342011625595	0.0003566223592003133	0.0003562321882722076	0.0003557450177721535	0.0003551365274651861	0.00035437744543134964	0.0003534313890306325	0.00035225318892852844	0.0003507865687427007	0.00034896370967854313	0.0003466994627147004	0.00034388998147928614	0.0003404084885399633	0.0003360982360608848	0.0003307747940121825	0.00032421278136711846	0.00031614042423471183	0.00030624386137880985	0.00029417393865687754	0.0002795671259380042	0.0002620950508167841	0.00024158425673080584	0.0002182568686526682	0.00019300551719061892	0.0001675696221156391	0.00014426866431301141	0.0001250189753060945	0.00011040532721762012	0.00009959606988833388	0.00009101331972890086	0.00008298420059536682	0.00007402847731926035	0.00006295475356615289	0.000049195658810177106	0.00003411500105383296	0.000022063112301921914	0.00001550124682502058	0.000012223164084253627	9.670450976462175e-6	6.6400645871126195e-6	3.4844933436082983e-6	1.8547238018515403e-6	1.2806241507637304e-6	8.053607868855659e-7	3.274196157069977e-7	1.5933668070703722e-7	9.293517901106529e-8	3.0128686514476494e-8	1.3462716420055935e-8	5.0279428845379e-9	1.339683746877802e-9	3.6913422174324176e-10	8.335824199844552e-12	7.832151178791097e-14	5.021550892784927e-16	5.905248517019728e-32
0.00036209375572411216	0.00036209374747181856	0.0003620937364669086	0.0003620937219721727	0.00036209370308758914	0.0003620936787156673	0.00036209364751607073	0.00036209360784792343	0.0003620935576930746	0.0003620934945535395	0.0003620934153128865	0.00036209331604662124	0.0003620931917547087	0.00036209303612282486	0.0003620928409485451	0.0003620925955223931	0.0003620922863743902	0.0003620918960259208	0.0003620914022727997	0.00036209077728691726	0.00036208998651218277	0.00036208898625155074	0.000362087723181414	0.0003620861334290401	0.0003620841311628732	0.00036208160656798973	0.00036207842208458115	0.00036207440548221897	0.0003620693434757293	0.00036206296653810635	0.0003620549304859925	0.0003620448020607897	0.00036203203085212444	0.00036201594473890184	0.00036199572766856656	0.00036197030927304514	0.0003619383480842797	0.00036189816929790505	0.0003618476819912048	0.0003617842614438326	0.0003617046324627881	0.00036160469857266246	0.0003614793514143245	0.0003613222296001238	0.0003611253324584829	0.0003608787687429822	0.00036057021120455997	0.0003601843793582941	0.0003597020598834196	0.00035910014079707046	0.0003583491661356096	0.0003574131691352054	0.00035624781694590146	0.00035479785300355344	0.00035299535010831836	0.0003507576607669317	0.0003479816819618695	0.00034454246437127546	0.00034028711999832474	0.0003350286552549177	0.0003285503124754424	0.0003205840785995339	0.00031081836288133076	0.00029890680166299086	0.0002844870397340339	0.0002672351850012777	0.0002469489363665112	0.00022382597393746448	0.00019871237109442242	0.00017330827335206267	0.00014994292837903358	0.00013059116536116375	0.00011589315932100417	0.0001050354267456336	0.00009641813264264117	0.00008834301774399176	0.00007929805547170337	0.00006804481154657357	0.00005390457140343326	0.00003799601461728241	0.000024783900064392134	0.000017417368431405314	0.000013800155431044852	0.000011077840055765275	7.841866679207782e-6	4.26221950490502e-6	2.2431471015314245e-6	1.5502415075677206e-6	1.0195913577242312e-6	4.3850908467063774e-7	2.053407358346775e-7	1.2523438812066148e-7	4.402640178411969e-8	1.8609195746500348e-8	7.932335780290566e-9	1.9887553391131383e-9	6.677729537835347e-10	1.8956439606290364e-11	1.708763572436769e-13	1.0424975763736992e-15	1.1742886489783267e-31
0.000366287873074333	0.0003662878650147148	0.00036628785423348747	0.0003662878399945764	0.0003662878213989999	0.0003662877973507429	0.0003662877665116095	0.0003662877272447864	0.0003662876775396864	0.00036628761491191145	0.00036628753626856235	0.00036628743772602006	0.0003662873143631824	0.00036628715988196446	0.00036628696602398233	0.00036628672276125477	0.00036628641615878566	0.0003662860294545553	0.0003662855405428689	0.00036628492176267783	0.0003662841387835818	0.0003662831491744974	0.0003662818989588163	0.0003662803218389217	0.0003662783371849768	0.0003662758360131633	0.00036627267984844567	0.00036626869760079104	0.00036626367801527725	0.00036625735466683403	0.00036624938453650856	0.000366239346551878	0.00036622669726937216	0.0003662107589110358	0.0003661907289774414	0.00036616554669237334	0.00036613388678345736	0.00036609408722547383	0.00036604408117096377	0.00036598127249831106	0.0003659024259537602	0.0003658034847363259	0.0003656793804815206	0.00036552381499757694	0.000365328945109973	0.00036508494967899305	0.00036477945750774564	0.0003643976906064272	0.0003639208649462383	0.0003633253520631641	0.0003625826238880788	0.0003616570287466698	0.00036050472752002755	0.00035907183737819237	0.0003572905811025296	0.00035507954928749153	0.00035233774131226254	0.0003489415247070617	0.00034474108430772576	0.0003395520420633499	0.00033315888591337197	0.00032529966414254194	0.0003156679891924039	0.0003039190802654739	0.0002896924080224658	0.00027265539025145855	0.00025260867033717024	0.00022970177657534156	0.00020473801567315756	0.00017937866944837513	0.0001559570876862463	0.0001365060360591422	0.0001217279369876885	0.00011082186288430248	0.00010217810480855453	0.00009404961080887128	0.00008492036697568083	0.00007349791844725258	0.00005899645073564183	0.00004228524346629343	0.00002783604929361959	0.00001955852679461502	0.000015553139390888587	0.000012655828964474133	9.215176368240022e-6	5.199261029000018e-6	2.7093009380592147e-6	1.870068593898372e-6	1.2798824956771634e-6	5.870247853381654e-7	2.641833737012079e-7	1.6644407926970538e-7	6.463547507927535e-8	2.559795445325842e-8	1.2223483095870529e-8	2.9665573517391093e-9	1.1428722979733634e-9	4.371152678424348e-11	3.788856603864986e-13	2.1935447251455043e-15	2.3608435526675477e-31
0.0003707896794158565	0.000370789671556583	0.00037078966100817463	0.0003707896470354532	0.0003707896287330235	0.00037078960501991086	0.0003707895745521708	0.0003707895356959086	0.000370789486446595	0.00037078942433140243	0.0003707893462780113	0.00037078924843735083	0.0003707891259442032	0.0003707889725943053	0.0003707887804001361	0.0003707885388734634	0.0003707882350041358	0.00037078785167810686	0.00037078736753607127	0.00037078675496178234	0.00037078597978519584	0.0003707849998473304	0.00037078376298459425	0.00037078220288661224	0.00037078023320366766	0.00037077775361665094	0.0003707746283435537	0.0003707706855468614	0.00037076571463821634	0.0003707594525265362	0.00037075156326035606	0.00037074161659549873	0.00037072906472127785	0.0003707132876838573	0.0003706934507252493	0.0003706685068766846	0.000370637151661294	0.00037059773811298053	0.0003705482198388521	0.00037048602589621275	0.00037040795450983495	0.0003703100038724911	0.00037018718111638086	0.0003700332467367791	0.0003698404271114134	0.0003695990537110332	0.0003692970435566223	0.00036891923290777954	0.00036844731260979996	0.00036785863354069304	0.0003671243416631732	0.00036620934024429323	0.00036507022520997225	0.0003636539273014162	0.00036189452790378864	0.0003597104045941487	0.0003570035038560708	0.000353651130655243	0.00034950606364226466	0.00034438806859037063	0.00033808216789769354	0.0003303331923040847	0.0003208365274338683	0.0003092544509395055	0.0002952260868296806	0.00027841290361494504	0.0002586081413134497	0.00023592730908394104	0.00021112776698256866	0.00018582578155985303	0.00016235666290823856	0.00014281069489740822	0.00012795635190157679	0.00011700672371584685	0.00010833411173450091	0.00010016678102424238	0.00009095929714496884	0.00007938113861635074	0.00006453499882740143	0.00004705472223073452	0.000031311349485712626	0.00002200013615834271	0.000017549080114641806	0.00001445198267124571	0.000010807797218863634	6.35179660482632e-6	3.295495256054426e-6	2.2543207094846572e-6	1.5965860833105057e-6	7.866591555021237e-7	3.4181491880757176e-7	2.1964752200358236e-7	9.492939417587599e-8	3.518638096092115e-8	1.8371704217430455e-8	4.507798608388481e-9	1.8704347936849727e-9	1.0376240500302604e-10	8.70430847682997e-13	4.757206076732294e-15	4.869832542863073e-31
0.0003755294332501822	0.0003755294256003532	0.0003755294152960059	0.0003755294016028119	0.00037552938362332255	0.0003755293602621878	0.00037552933018373706	0.0003755292917561764	0.00037552924297985573	0.0003755291813919315	0.00037552910393861665	0.000375529006802774	0.000375528885171198	0.00037552873292195644	0.00037552854220812115	0.00037552830290413653	0.0003755280017272957	0.0003755276216050923	0.0003755271417750196	0.0003755265352812374	0.0003755257678673701	0.0003755247975051967	0.0003755235723753081	0.00037552202782536824	0.0003755200806062545	0.0003755176221919328	0.0003755145249676784	0.000375510620773117	0.0003755056986180651	0.0003754994981307068	0.0003754916884028123	0.0003754818482576816	0.00037546944559456593	0.00037545381144526367	0.00037543416532397246	0.0003754094621569078	0.0003753784054964982	0.000375339366652972	0.00037529033092453476	0.0003752287645820355	0.00037515148916605873	0.00037505454182021905	0.0003749329773175026	0.00037478062634845993	0.00037458982808712707	0.0003743510476620265	0.00037405239168415336	0.0003736790023186129	0.0003732124267751255	0.00037262994145655185	0.0003719042505397864	0.00037100013078450114	0.0003698747584125403	0.00036847539110868976	0.00036673768466518756	0.00036458142656723845	0.0003619092148607763	0.0003586015160225566	0.00035451265806517735	0.00034946667967529347	0.00034324901028967065	0.00033561171493898457	0.00032625626832926275	0.0003148419228217213	0.0003010167208701247	0.00028443943488191395	0.00026488393965192256	0.0002424449627804673	0.00021782337949810267	0.00019259401730706556	0.00016908718532471985	0.00014945178670039842	0.0001345251169731728	0.00012353785922569185	0.00011484054438966536	0.00010665227597440147	0.00009743226008155575	0.00008570862907850157	0.0000705402465647265	0.000052307397994317704	0.000035208611844831485	0.000024731665549809025	0.000019771023217482757	0.000016457900079799696	0.000012621585447236205	7.728393045630068e-6	4.009806658072848e-6	2.7136663069001325e-6	1.9763369708184533e-6	1.0475034946516389e-6	4.429922054032391e-7	2.8680452663978713e-7	1.379714210859527e-7	4.846156464651381e-8	2.6944440825369558e-8	6.988380123263109e-9	2.9378270453003893e-9	2.4639423305231666e-10	2.0394308692347895e-12	1.0488317539056041e-14	1.0181423295536455e-30
0.00038077238343139854	0.0003807723760004653	0.00038077236595215734	0.0003807723525529206	0.0003807723349055767	0.00038077231191476786	0.0003807722822451162	0.00038077224426624317	0.00038077219598222565	0.0003807721349386544	0.00038077205809823134	0.00038077196167311534	0.00038077184089865617	0.00038077168972908197	0.0003807715004322286	0.00038077126305896205	0.00038077096476352737	0.0003807705889232913	0.0003807701136982894	0.000380769512537261	0.0003807687525507643	0.00038076779175224944	0.00038076657834964443	0.00038076504827630134	0.00038076312068416985	0.0003807606916877617	0.0003807576234994888	0.00038075375073874076	0.0003807488754067863	0.0003807427354673138	0.00038073500402731016	0.0003807252649964909	0.00038071299792034234	0.0003806975482689437	0.00038067808284559184	0.00038065362364806494	0.00038062288641476456	0.0003805842572726678	0.00038053572374040424	0.0003804747776296511	0.00038039828701097716	0.0003803023656887892	0.000380182092988646	0.0003800313500586062	0.0003798425430559252	0.0003796062535118556	0.00037931077924400005	0.0003789416277579052	0.00037848052319882795	0.000377905039259551	0.000377187488008991	0.0003762942933736669	0.00037518270797000386	0.00037380090218402674	0.0003720851000597528	0.0003699568431547751	0.00036732003600205824	0.0003640576372530052	0.00036002585045242515	0.0003550523082366898	0.0003489259968276771	0.0003414016539178548	0.00033218805353747813	0.0003209501348102379	0.00030733063312672544	0.0002909946625011365	0.00027170128524674474	0.00024951605146123336	0.00022508954736092805	0.0001999483254653168	0.00017641516631795623	0.00015669728580804704	0.0001417030518716566	0.00013068586806967	0.00012196826846684864	0.00011374444082047157	0.00010438710883528097	0.00009251945710986813	0.00007705263015336855	0.000058105427598800674	0.00003961586592309275	0.000027828688458806384	0.00002227713788897601	0.00001873525264162512	0.000014687857943678877	9.368070729799351e-6	4.895328177558032e-6	3.2597479453087e-6	2.4318474513963238e-6	1.3834329752639321e-6	5.777760923478664e-7	3.714924657698454e-7	1.9746916868913542e-7	6.713721548627063e-8	3.862706125963288e-8	1.1095927657135898e-8	4.471193004001749e-9	5.756184698407923e-10	4.891558226623444e-12	2.358432473033e-14	2.1635008382706424e-30
0.0003862448275257141	0.0003862448203245774	0.0003862448105462688	0.00038624479745802924	0.00038624478016309417	0.00038624475756629436	0.000386244728331437	0.000386244690829138	0.0003862446430661656	0.00038624458259507233	0.00038624450639311624	0.00038624441069935755	0.00038624429079481634	0.00038624414070629633	0.0003862439528109448	0.0003862437173182328	0.00038624342159573357	0.000386243049354825	0.0003862425795768811	0.000386241984866213	0.0003862412316894209	0.00038624027990386326	0.00038623907822645106	0.00038623756260092965	0.00038623565315841057	0.0003862332479609788	0.00038623021575065583	0.0003862263881476372	0.0003862215512174801	0.00038621546611697995	0.0003862078103825332	0.0003861981706432967	0.0003861860300991911	0.0003861707501591383	0.0003861515219414888	0.000386127302232007	0.00038609687579300414	0.00038605866012728475	0.00038601065269384916	0.00038595037219519787	0.00038587471029274126	0.00038577979492002184	0.000385660768055449	0.0003855116846411754	0.00038532497188459026	0.0003850913085022847	0.0003847991715226371	0.00038443417458964825	0.0003839783437365757	0.000383409594224822	0.0003827008504265121	0.0003818183430796034	0.0003807207333430706	0.0003793565973900141	0.0003776629196469132	0.0003755631337887166	0.00037296213268338865	0.0003697451295818835	0.0003657713040133869	0.0003608705303141194	0.00035483710821036704	0.0003474268780988087	0.00033835668208843846	0.0003272963204159872	0.0003138915538229398	0.00029779724700018396	0.00027877886339520205	0.0002568594720373677	0.00023264316473409143	0.00020760709660740936	0.00018405953823630945	0.00016426808824999145	0.00014921304485510396	0.00013817195356151426	0.0001294409980382773	0.00012119211106615087	0.00011177429487585032	0.00009978256772762266	0.00008404059868329695	0.00006442157684609294	0.00004451962518131041	0.00003127262344083053	0.00002503752147811928	0.00002127546770653978	0.000017029696427677336	0.000011300723701165755	5.987616251732595e-6	3.911389587941085e-6	2.9750495806173453e-6	1.8080376049812463e-6	7.583012483644507e-7	4.778946622476523e-7	2.7739895173499107e-7	9.397329341693128e-8	5.4282840266506e-8	1.7939756596604588e-8	6.646566435062072e-9	1.2876807172168312e-9	1.2054483284103545e-11	5.426860280188249e-14	4.6857922874006256e-30
0.0003922243481235906	0.00039222434116462703	0.00039222433167254646	0.0003922243189154843	0.0003922243019970127	0.00039222427982206677	0.00039222425105424433	0.00039222421406400203	0.0003922241668598521	0.00039222410700003767	0.0003922240314744848	0.0003922239365468305	0.0003922238175410818	0.0003922236685539596	0.00039222348206189694	0.00039222324842538896	0.00039222295522481484	0.00039222258641418106	0.00039222212123859855	0.0003922215325121458	0.00039222078754104343	0.0003922198458776778	0.00039221865644318275	0.0003922171556878443	0.0003922152646731416	0.0003922128828713328	0.0003922098813621051	0.0003922060958118762	0.00039220131924530327	0.00039219528446126544	0.00039218769431479707	0.0003921781518693715	0.0003921661375746884	0.00039215101581689665	0.0003921319953130248	0.00039210807038583275	0.00039207796407949577	0.0003920401260304937	0.0003919926342890268	0.0003919330219190842	0.00039185820883540874	0.0003917643695926052	0.00039164671635548784	0.0003914992600324173	0.00039131458828374336	0.00039108361861189264	0.00039079486481769903	0.0003904341794861966	0.0003899840303353639	0.00038942228767872416	0.000388721857208246	0.0003878504905224649	0.00038676677952444096	0.00038542045439705805	0.0003837496636546658	0.0003816780237475585	0.0003791119218920177	0.00037594091757562514	0.0003720259915094683	0.00036719904061367813	0.0003612597885531752	0.0003539179516464419	0.0003449929555001072	0.00033411284863554933	0.0003209257904369919	0.0003050899452582656	0.0002863490249286834	0.00026470890791773204	0.00024072190309442888	0.00021580987951812933	0.00019226356355037493	0.00017240700493533566	0.00015729870537997562	0.00014624145009694184	0.00013750730205375084	0.0001292338299844102	0.00011975877875396348	0.00010761955246778226	0.00009162780824620168	0.00007138738258756085	0.00005007393230584389	0.000035206459458249334	0.000028172247385245587	0.000024132261092978887	0.000019682789824137993	0.000013564352668603175	7.341808064338975e-6	4.690115870453309e-6	3.6203760586531758e-6	2.337206855048213e-6	1.0042016804783917e-6	6.119703304321638e-7	3.828050878227453e-7	1.3354783297940604e-7	7.5247772150568e-8	2.920759740216438e-8	9.721985343275472e-9	2.6823540037477754e-9	3.062952504487614e-11	1.282248164960567e-13	1.0373841290948837e-29
0.00039683155057909826	0.0003968315438905059	0.00039683153472359797	0.0003968315223496713	0.00039683150587545144	0.00039683148420915665	0.00039683145602017474	0.000396831419679087	0.0003968313732042434	0.00039683131406094256	0.0003968312392809837	0.00039683114519087836	0.00039683102715498507	0.00039683087933670396	0.00039683069433086676	0.00039683046263796367	0.00039683017200802315	0.0003968298063600278	0.00039682934517641693	0.00039682876315293153	0.0003968280281096026	0.00039682709809410536	0.00039682592209652816	0.0003968244372586627	0.0003968225654427947	0.000396820207835772	0.0003968172376968804	0.0003968134922779928	0.00039680876440895395	0.00039680279178687166	0.00039679527571526054	0.0003967858306359453	0.00039677394278293284	0.00039675898009581515	0.0003967401603586803	0.0003967164941807831	0.00039668673823000386	0.00039664933620786	0.0003966023223780699	0.00039654334089440874	0.000396469364459604	0.00039637659684163985	0.00039626031682324755	0.000396114629712134	0.00039593216692249963	0.00039570384597375775	0.0003954184816577314	0.0003950621193896707	0.0003946173959680856	0.0003940629321501592	0.0003933719423527086	0.0003925112000706605	0.00039144168746721203	0.0003901131703773291	0.0003884649658712675	0.0003864217985365338	0.00038389347832534223	0.0003807679355918566	0.00037691161341361955	0.0003721594154798223	0.000366314612852127	0.00035909197858351963	0.0003503054335029755	0.0003396079346628153	0.00032664236433172563	0.0003110673668552949	0.00029261600867409865	0.0002712667806910306	0.0002475260983076673	0.00022275835066616815	0.00019923001701504964	0.0001793206314662099	0.00016416815873973557	0.0001531023780090838	0.0001443742016749753	0.00013608171030224533	0.0001265665406638674	0.00011432642644456247	0.00009810697867709813	0.0000772985729040107	0.000056347140482636206	0.000039700007988482884	0.00003173916862797567	0.000027327794118688682	0.000022673973541388165	0.000016190083933563193	9.013824100552227e-6	5.620353090897634e-6	4.382521935497004e-6	2.9828498212179266e-6	1.3362982164565477e-6	7.764057062688203e-7	5.17830662147391e-7	1.9301021057525012e-7	1.0310106472916274e-7	4.684644482543398e-8	1.4145942187122664e-8	5.125152343610732e-9	8.047247914432212e-11	3.1219456919174925e-13	2.3545166085093354e-29
0.00040530710485805696	0.00040530709842284413	0.000405307089557965	0.0004053070775346903	0.0004053070614589307	0.00040530704023686526	0.0004053070125332696	0.00040530697671979074	0.000405306930809882	0.00040530687237396275	0.0004053067984284478	0.0004053067052875494	0.0004053065883639895	0.0004053064418995595	0.00040530625860090466	0.00040530602914131954	0.0004053057414698747	0.00040530538006233524	0.0004053049249346792	0.00040530435132823576	0.00040530362650240955	0.00040530270966299896	0.00040530154968328766	0.0004053000844312713	0.0004052982361322133	0.00040529590391247435	0.0004052929640239435	0.0004052892521416944	0.00040528457251430366	0.0004052786824117872	0.0004052712648090139	0.00040526192786886954	0.000405250173048768	0.00040523537442110387	0.0004052167580320192	0.000405193350773808	0.0004051639224096916	0.0004051269458184546	0.00040508049543683104	0.0004050221429360333	0.0004049489575707533	0.00040485722602465267	0.00040474228965060784	0.00040459834153126127	0.0004044181367205473	0.00040419262389886025	0.00040391069878352594	0.00040355862304296465	0.0004031193820921034	0.00040257181388570065	0.0004018898305854833	0.0004010410595634514	0.00039998528860143957	0.0003986749767264691	0.0003970495684807575	0.0003950360326933222	0.00039254422893369946	0.00038946557773301553	0.00038566793869663216	0.0003809912068257891	0.00037524095572905063	0.00036818665671245455	0.0003595571443358149	0.00034904408982287734	0.0003363037440452447	0.0003209943330244925	0.0003028442515820697	0.0002818019961539078	0.00025832211524648007	0.0002337187406419806	0.00021022691038118088	0.00019027749904376249	0.00017508977067008495	0.00016402575631893322	0.00015531112695831215	0.0001470078414185222	0.00013744927719979002	0.00012511066656106535	0.00010863356360737463	0.00008731023133085191	0.00006326625604541615	0.000044687263888304994	0.00003564394629621542	0.00003087093017214086	0.000026055273170322253	0.000019228915297164575	0.000011087233203842624	6.7507663687788135e-6	5.292811352657084e-6	3.774754306099097e-6	1.7968557256448681e-6	9.922706853455923e-7	6.899973925776433e-7	2.8297650512216966e-7	1.3984717200714796e-7	7.2962648867821e-8	2.0579829709124497e-8	8.998370943524506e-9	2.187596660779441e-10	7.859999784784008e-13	5.49438638958417e-29
0.0004125293023300995	0.0004125292961605196	0.00041252928761530887	0.0004125292759656355	0.0004125292603164866	0.00041252923957186915	0.0004125292123930927	0.000412529177147209	0.0004125291318339459	0.0004125290740223404	0.00041252900073135326	0.0004125289082827197	0.0004125287921107897	0.00041252864650187325	0.0004125284642427836	0.00041252823614975633	0.0004125279504431625	0.00041252759191566984	0.0004125271406505817	0.0004125265709529554	0.0004125258521240887	0.0004125249437767901	0.0004125237950979183	0.0004125223438197326	0.0004125205132010667	0.0004125182072227338	0.00041251530144565925	0.00041251163751643874	0.0004125070255014749	0.00041250121536755025	0.00041249389771816223	0.000412484682670538	0.00041247308397996286	0.00041245845821989165	0.00041244005379709154	0.00041241691057969664	0.0004123878101944245	0.00041235123900272254	0.00041230531113493847	0.00041224763814841635	0.00041217526801623754	0.00041208455224572247	0.00041197092355597394	0.000411828651379379	0.0004116506203667576	0.00041142797783105855	0.00041114960916816624	0.0004108019303185285	0.000410368146699634	0.0004098274685445204	0.00040915426993999305	0.00040831680205314817	0.0004072759351644008	0.00040598321296380344	0.0004043809657051176	0.00040239645571159006	0.0003999421519093539	0.00039691051057458055	0.00039317083831259277	0.00038856950942391225	0.0003829146594463426	0.00037598165650003896	0.0003675015483389077	0.00035717553206973424	0.0003446637951252066	0.00032962549373963533	0.0003117836198743952	0.0002910642412574267	0.00026786862602349486	0.00024345247045304852	0.0002200172888847221	0.00020004385301899792	0.00018483418135825468	0.00017378271191710563	0.0001650892790108236	0.00015678639573288089	0.00014718098324787655	0.00013477890568724902	0.00011812605527248902	0.00009634221183193149	0.00007102755943460274	0.000050373790971514456	0.000040067237314702274	0.00003487751432027256	0.000029843387841945	0.000022700175000216808	0.00001361406658176582	8.106891718057525e-6	6.356563566309477e-6	4.7249365235323305e-6	2.4171693299218394e-6	1.2631870111516947e-6	9.069585937609829e-7	4.1667870800294754e-7	1.8863296515369802e-7	1.0962368995225636e-7	3.03258355637527e-8	1.4731728942814093e-8	6.117860749962164e-10	2.0526484930605085e-12	1.321562066072659e-28
0.00042026455205239495	0.0004202645461603659	0.00042026453795339624	0.00042026452670252323	0.0004202645115120032	0.00042026449128382205	0.0004202644646755456	0.0004202644300493332	0.0004202643854082028	0.00042026432831340836	0.00042026425578082886	0.00042026416413944113	0.00042026404884473967	0.00042026390422689923	0.00042026372315085006	0.0004202634965595947	0.00042026321286708446	0.0004202628571624533	0.00042026241015185076	0.00042026184661304004	0.0004202611346707421	0.00042026023529120844	0.00042025909846859176	0.0004202576614470509	0.00042025584789035327	0.0004202535626926806	0.00042025068555770874	0.0004202470617394168	0.00042024248838682553	0.00042023671944149633	0.00042022946470896303	0.0004202203392296189	0.0004202088615526607	0.0004201944217449579	0.0004201762579399591	0.00042015340734352717	0.0004201246752300286	0.00042008856344717097	0.00042004316775465315	0.00041998618774809606	0.00041991469422549005	0.0004198250557347158	0.00041971275082254247	0.000419572150519927	0.00041939624043248175	0.00041917629298218913	0.0004189015035611187	0.000418558326942551	0.0004181301241398204	0.0004175964405210986	0.0004169319303618081	0.0004161056044389859	0.000415079002577883	0.00041380487658757394	0.0004122250406781055	0.00041026993766035377	0.00040785249584538526	0.0004048677858256915	0.00040118764719040837	0.00039665988277376137	0.00039110117541919467	0.0003842891159200153	0.0003759619468248176	0.0003658242000454905	0.0003535447278017577	0.00033878288869232105	0.000321256518446092	0.00030087248507870137	0.0002779876874683411	0.00025377691177298165	0.00023042168882938594	0.00021044169778677252	0.00019522286107870858	0.00018419502301118292	0.00017553395352568947	0.00016723951355750464	0.00015759181898043154	0.00014511459011272594	0.00012828931363147392	0.00010610251203150289	0.00007960538562448961	0.000056759761179520574	0.00004498227046090224	0.00003931147266890525	0.00003410522120587569	0.000026659708631848195	0.00001668360504876173	9.761762001842212e-6	7.615540785386819e-6	5.852578772324108e-6	3.2332575535638958e-6	1.6055637124657934e-6	1.1746925093457656e-6	6.078620701532081e-7	2.538453561030523e-7	1.5910732794160303e-7	4.6020659420978994e-8	2.288111118619921e-8	1.7228902855452518e-9	5.5704070958339556e-12	3.281196871773596e-28
0.0004287294228946564	0.0004287294172909871	0.00042872940944102094	0.00042872939861547253	0.0004287293839180935	0.00042872936424908373	0.0004287293382627546	0.000428729304316274	0.0004287292604062182	0.0004287292040888696	0.0004287291323762678	0.0004287290416002335	0.0004287289272298064	0.0004287287836319316	0.0004287286037411399	0.00042872837862088044	0.0004287280968657177	0.00042872774383299433	0.00042872730064842044	0.0004287267429572466	0.00042872603954648906	0.00042872515057997397	0.00042872402472129344	0.00042872260020194905	0.0004287208034394026	0.0004287185395531552	0.00042871568938578146	0.0004287121014981422	0.00042870758147978106	0.00042870187475803096	0.0004286946841670841	0.0004286856450235069	0.0004286742769030508	0.00042865997714648115	0.00042864198918162724	0.0004286193795373691	0.0004285909710625885	0.00042855526651749867	0.00042851048896284585	0.0004284543548579487	0.0004283838637726983	0.0004282953994628171	0.0004281845034622946	0.0004280456268726784	0.0004278718485365406	0.00042765458834515306	0.0004273831838913729	0.0004270444442347551	0.0004266219254504172	0.00042609531022881733	0.0004254397193473127	0.00042462438754170903	0.00042361186868325235	0.00042235582531481374	0.0004207992824645791	0.0004188727353450284	0.0004164925241221075	0.00041355502074918917	0.0004099353758238944	0.0004054812561992751	0.000400017997533164	0.00039332693270298136	0.00038515366995176713	0.0003751874579510527	0.0003631423514069386	0.00034866250409631034	0.0003314605678345238	0.00031142464223329745	0.00028886706021129184	0.0002648989687412175	0.00024164335151557418	0.00022167290948776528	0.0002064609200177589	0.00019547027096328178	0.00018685137525294577	0.0001785715164635783	0.0001688984391430418	0.00015634533968897983	0.00013937269859778543	0.00011682118958915159	0.00008924757968812391	0.00006412999407039648	0.00005064466370162508	0.00004441662118587558	0.000038881803306366666	0.00003115518947260427	0.000020364098304435837	0.00001179423842623552	9.104362654285015e-6	7.196447684743364e-6	4.290763609933418e-6	2.054417879396269e-6	1.5132497693424656e-6	8.698798850988204e-7	3.4345344500011903e-7	2.2536172713702102e-7	7.231784096560904e-8	3.41135898515495e-8	4.649692771258861e-9	1.5680002215476955e-11	8.39694036967554e-28
0.00043741030507133153	0.0004374102997636291	0.00043741029228767746	0.00043741028191300797	0.0004374102677428765	0.00043741024867582933	0.000437410223362663	0.0004374101901550269	0.0004374101470421925	0.00043741009157282864	0.0004374100207527035	0.00043740993091318924	0.00043740981753621894	0.0004374096750193628	0.000437409496357744	0.0004374092727061803	0.00043740899275602325	0.00043740864232745926	0.00043740820276822704	0.00043740764997743603	0.00043740695360021316	0.00043740607433503427	0.0004374049626261572	0.0004374035566705922	0.00043740177960307266	0.0004373995339190573	0.00043739670791618005	0.0004373931545885612	0.0004373886811645656	0.0004373830443420799	0.0004373759404133769	0.0004373669914472354	0.0004373557116964371	0.00043734155046669165	0.0004373237494298652	0.00043730137270913154	0.0004372732657036269	0.00043723795438125056	0.0004371936068972734	0.0004371379708002416	0.0004370682670881903	0.00043698097916859626	0.00043687171390897797	0.0004367347523063039	0.0004365631979425295	0.00043634867761323796	0.00043608068299369555	0.0004357462145464131	0.0004353292056164152	0.0004348097208164391	0.00043416305027481686	0.00043335900565894914	0.00043236036074033687	0.000431122093491307	0.00042958846997933394	0.00042769100342129575	0.00042534731175599425	0.0004224564052462372	0.0004188960952458405	0.00041451845224940666	0.00040914917538004424	0.0004025798953384699	0.0003945606104751915	0.00038473268888909235	0.0003729235871705714	0.00035872964741995284	0.00034186048057751613	0.0003221847311528828	0.0002999734666940559	0.00027627251228873095	0.00025315413280402636	0.00023321286920673055	0.0002180243936596812	0.00020708597758656031	0.00019852090691888972	0.0001902636494529427	0.0001805682830943535	0.00016794952626581318	0.00015092191571979978	0.00012800849516141085	0.00009947614619691066	0.00007205215254802603	0.000056596723535163286	0.00004971704085678791	0.00004411874988186148	0.000036213784100243156	0.000024697638721619378	0.000014279310952971862	0.000010839372331011099	8.772847814026664e-6	5.611735592181407e-6	2.6401085827585095e-6	1.9203931645207737e-6	1.2141001989788645e-6	4.6904821042954444e-7	3.114502247559472e-7	1.1673059189407845e-7	4.9726435331580385e-8	1.1295563918092512e-8	4.564508438076973e-11	2.2107996848739194e-27
0.0004471325760413838	0.00044713257103300966	0.0004471325639474414	0.0004471325540507308	0.00044713254044537556	0.00044713252202840844	0.0004471324974471791	0.0004471324650476077	0.00044713242281037134	0.00044713236827556476	0.00044713229843965004	0.0004471322096290426	0.0004471320973303417	0.0004471319559642566	0.0004471317785810474	0.0004471315564480957	0.0004471312784767632	0.00044713093039725355	0.0004471304943598451	0.00044712994646730464	0.00044712925689224407	0.0004471283871255353	0.0004471272880437559	0.00044712589817735214	0.0004471241414431575	0.000447121923911563	0.0004471191270214231	0.00044711560142842225	0.0004471111699645021	0.0004471055927780522	0.0004470985655874704	0.00044708971464277894	0.0004470785786129545	0.00044706456901511855	0.0004470469317468628	0.00044702477075868373	0.00044699695155639505	0.0004469620255731116	0.00044691818131309576	0.0004468631649264382	0.00044679418267068823	0.00044670778295522563	0.0004465996356428992	0.0004464643405260658	0.0004462952686535984	0.00044608389993641944	0.0004458194747829802	0.00044548938432843066	0.0004450777908997012	0.00044456518800223196	0.00044392742692371236	0.00044313459991439467	0.00044215022577316415	0.0004409294889489686	0.00043941820940141294	0.0004375497954187684	0.0004352422854735158	0.0004323982488579805	0.00042889738828890897	0.0004245946421715296	0.000419319466010071	0.0004128718990510586	0.0004050060559943907	0.0003954132297551191	0.0003838292803652467	0.0003699253090035852	0.00035339662195298387	0.0003340967944992434	0.00031225399171610336	0.00028884446997091886	0.00026589498450017927	0.00024601345472438516	0.00023086475261568915	0.00021999646468380372	0.00021149694016689844	0.00020327201883707784	0.00019356383646810567	0.00018088027609248935	0.0001637279559403226	0.0001406031554105746	0.00011123779893992532	0.0000815235328267026	0.00006388469311650581	0.00005622862540548161	0.000050191010249279176	0.00004194217492579252	0.000029795573543332533	0.00001739110564221388	0.000012904397041483105	0.000010648641443539772	7.256312679517237e-6	3.4498281443218666e-6	2.43786302921072e-6	1.660245249674141e-6	6.561280655500356e-7	4.2497832558516053e-7	1.9064251947233262e-7	7.128569921849292e-8	2.4171298789600114e-8	1.4501214455414499e-10	6.2622144084897224e-27
0.00045738202955328814	0.0004573820248339177	0.0004573820181445147	0.00045738200874152025	0.00045738199572494166	0.00045738197798928323	0.00045738195417725596	0.0004573819226271653	0.00045738188130964915	0.00045738182775175454	0.0004573817589567662	0.00045738167122410964	0.0004573815600371973	0.0004573814198294235	0.0004573812436917395	0.00045738102297733014	0.000457380746764146	0.00045738040110332966	0.0004573799680201562	0.0004573794251070073	0.0004573787418862846	0.00045737788123686985	0.00045737679460720437	0.0004573754209075146	0.0004573736842208417	0.00045737149097415904	0.00045736872560849754	0.00045736524209755906	0.0004573608501120631	0.0004573553281309327	0.00045734837745641015	0.00045733962247127344	0.00045732860436179017	0.0004573147505211611	0.0004572973326710275	0.0004572754207051204	0.00045724786124577856	0.0004572132948160231	0.00045716992611267635	0.0004571155262398035	0.0004570473350198066	0.00045696186886839187	0.00045685485818099515	0.00045672102628748634	0.00045655375411241835	0.0004563448526767614	0.00045608422024167656	0.000455759060864523	0.00045535308389786915	0.0004548473510478424	0.0004542182177449533	0.0004534365363368283	0.0004524661639304464	0.0004512632636272286	0.00044977400876986434	0.0004479336470490008	0.0004456628090874078	0.00044286400475047097	0.0004394223293163307	0.00043519579904244434	0.00043001574726968977	0.00042368673838050376	0.0004159742465313557	0.0004066034745293998	0.00039527069499524774	0.00038166012525692156	0.0003654776252307035	0.0003465656712992174	0.00032511344232190645	0.00030202842447739234	0.0002792747105993535	0.0002594854403964571	0.00024439476081921497	0.00023361082352209157	0.00022519074468596616	0.00021700434298085587	0.00020728883977789287	0.0001945582592189743	0.00017733399161963084	0.00015405908632831617	0.00012398813788354714	0.00009206051528949542	0.00007177049284542888	0.00006319256219092345	0.00005687966342396143	0.00004837327332304231	0.00003566064098165306	0.00002123604324919532	0.00001532818950839437	0.000012839713333106446	9.237232648264812e-6	4.551987243017064e-6	3.075135229995243e-6	2.2166318569984e-6	9.352476567157946e-7	5.697591712722271e-7	3.0010663529209865e-7	1.0038174921275424e-7	4.470866024912725e-8	4.699482041185595e-10	1.809727585896369e-26
0.0004684810156393308	0.00046848101118501556	0.00046848100490194796	0.0004684809960212023	0.00046848098363761425	0.0004684809666426422	0.00046848094367400375	0.0004684809130614814	0.00046848087276360446	0.0004684808202881564	0.00046848075259703776	0.0004684806659822815	0.0004684805559058487	0.0004684804167886211	0.00046848024172806857	0.0004684800221169696	0.00046847974712084707	0.00046847940294413276	0.0004684789721873328	0.0004684784322564394	0.00046847775380890236	0.0004684769004708381	0.00046847582418172535	0.00046847446402918343	0.0004684727441262023	0.0004684705705512005	0.00046846782411092303	0.00046846437088906054	0.0004684600198157638	0.00046845455125209674	0.0004684476745829586	0.00046843901510126114	0.00046842811542858765	0.00046841440983716817	0.0004683971845006368	0.0004683755310136131	0.00046834830805481305	0.00046831410859293114	0.0004682712027736589	0.0004682173982652878	0.00046814996459819473	0.0004680654845871242	0.00046795971578679284	0.00046782736944043753	0.0004676619152072013	0.00046745532081885	0.00046719756642578175	0.000466876287514358	0.0004664762653249516	0.00046597810052710154	0.00046535761675645446	0.0004645867620930152	0.000463630344312914	0.0004624449308640369	0.00046097807556975305	0.00045916544257255324	0.00045692976550700383	0.00045417709923328	0.000450792737296009	0.00044664065866765676	0.0004415555457545409	0.000435342959630889	0.00042778653735926157	0.0004186094046744723	0.00040751656277644206	0.0003942025881357709	0.00037837405201614655	0.00035986221865743175	0.0003388228156737466	0.00031609435463089876	0.00029357304635818383	0.0002739018044191636	0.00025890673214912	0.00024821905040669357	0.0002398926500678279	0.00023175411831593764	0.00022203909111800197	0.00020926311987308377	0.00019196464905719304	0.00016853453317019302	0.00013788729261454932	0.00010388404981087734	0.00008071338445934973	0.00007074392170750013	0.00006413158184400833	0.00005538048005498242	0.00004219777898680147	0.000025828448337255824	0.000018003067846086734	0.00001521164418735718	0.000011479324276796072	6.071667204626864e-6	3.857855137136007e-6	2.9098449231252873e-6	1.3630368087089643e-6	7.583637904223898e-7	4.5526492754800823e-7	1.429376576143049e-7	7.492936169743757e-8	1.656900976459021e-9	5.681265975803902e-26
0.0004801748942096446	0.00048017488994806786	0.000480174884075737	0.0004801748757508646	0.000480174864058548	0.0004801748478888266	0.00048017482587803175	0.0004801747963521816	0.0004801747572622877	0.0004801747061067412	0.00048017463983418004	0.0004801745547252522	0.00048017444623511487	0.0004801743087911469	0.000480174135522988	0.0004801739179002142	0.00048017364524345385	0.00048017330406477783	0.00048017287717624165	0.0004801723424622114	0.00048017167086559506	0.00048017082648750894	0.00048016976296134283	0.0004801684203930279	0.0004801667232746857	0.0004801645779940542	0.00048016186917663165	0.00048015845359008217	0.00048015414526943027	0.0004801487248136104	0.0004801419081573907	0.00048013332745979424	0.0004801225187196332	0.00048010891447087915	0.00048009184596225026	0.00048007041954770135	0.00048004349487547993	0.00048000967383622715	0.00047996722586003633	0.00047991400745952205	0.0004798473242641373	0.0004797638113387403	0.00047965925048914907	0.0004795284561147353	0.000479364957921661	0.00047916071962915137	0.0004789058636911566	0.0004785882400388352	0.0004781928025819297	0.00047770098039892574	0.0004770901502808068	0.0004763303892021868	0.0004753874585227949	0.0004742194896289514	0.0004727743295778719	0.00047098962866667395	0.0004687888054104149	0.00046608041615321064	0.0004627534972674013	0.0004586743346473411	0.0004536838753461647	0.0004475902143793253	0.00044018313808559875	0.00043119859996515946	0.00042034778979453143	0.00040733134192353965	0.0003918617687438325	0.00037376217464754244	0.00035315423088505896	0.0003308115697759389	0.0003085612585874297	0.0002890400533925049	0.0002741646174691873	0.00026359855295583334	0.0002553753847649505	0.00024729448136598153	0.00023758530474964832	0.0002247765280384084	0.00020742102091616252	0.00018386318049542802	0.00015276199504118013	0.00011686937562232553	0.00009054881279274962	0.00007951828958942551	0.00007257879093472677	0.00006358825540146589	0.00005000754847504239	0.00003186975242090451	0.00002158541138972085	0.00001838759294921403	0.000014386081415348127	8.106532180476223e-6	4.822044621589346e-6	3.7614021497193086e-6	1.9853739681505594e-6	1.0011226802353283e-6	6.605685425557309e-7	2.0671697920848749e-7	1.1633294757930345e-7	5.7327182362573515e-9	1.8202009051394973e-25
0.0004931344716659222	0.0004931344671169554	0.0004931344616090822	0.0004931344538369529	0.0004931344428525706	0.0004931344275387948	0.0004931344065274867	0.0004931343781376772	0.0004931343403089372	0.0004931342905230944	0.0004931342257071677	0.0004931341421153413	0.0004931340351792755	0.0004931338993085574	0.0004931337276318983	0.0004931335116520035	0.0004931332407800285	0.0004931329017055915	0.0004931324775535758	0.000493131946762129	0.000493131281617889	0.0004931304463815429	0.0004931293946775556	0.0004931280659193424	0.0004931263882480113	0.0004931242690992785	0.0004931215933425627	0.0004931182188180928	0.000493113969819704	0.0004931086240060346	0.0004931018855895896	0.0004930934056532363	0.0004930827381219991	0.0004930693194311683	0.0004930524504524128	0.0004930312531189296	0.0004930046092886391	0.0004929711065832078	0.000492929025945054	0.0004928763346931313	0.0004928103306185463	0.0004927277338487387	0.0004926243768103859	0.0004924951088992858	0.0004923335477315836	0.0004921317735510686	0.0004918800049034983	0.0004915661183916618	0.0004911752841298486	0.0004906892817880755	0.00049008566798176	0.0004893369793215772	0.0004884090755868452	0.0004872580695999851	0.0004858346656265996	0.00048407695584181185	0.0004819109970610246	0.0004792462049488677	0.00047597521181385433	0.00047196781157526495	0.00046706959516977156	0.00046109477915063567	0.00045383010666662764	0.00044504086248630965	0.00043443293289100967	0.00042171483644968334	0.00040661025221122577	0.0003889348883966584	0.00036878216351839723	0.00034686178907129264	0.0003249232690056203	0.00030559443154376287	0.0002908642834015155	0.0002804615586334612	0.00027235318420640574	0.0002643382289382554	0.000254638472183315	0.000241803201988197	0.00022438949256851207	0.0002007358234539493	0.0001692954976015912	0.0001317567550971293	0.00010203626378824252	0.00008936797647634028	0.00008129105161287624	0.00007206484715939405	0.000058110000322203463	0.00003846746422153945	0.000025125990705694257	0.000021342688045515666	0.000017143050662439804	0.000010753012232336846	6.01727536317295e-6	4.791830436378035e-6	2.8533105577022224e-6	1.3223612889525193e-6	9.305277672237182e-7	3.154379605271913e-7	1.732215754610404e-7	1.990302885101687e-8	6.608883037824989e-25
0.0005065173374070813	0.0005065173295743319	0.000506517324294994	0.0005065173170613085	0.0005065173068072873	0.0005065172923967983	0.0005065172724541808	0.0005065172452898152	0.0005065172088296566	0.0005065171605351185	0.0005065170973543743	0.0005065170154143267	0.0005065169101537735	0.0005065167759479056	0.0005065166059014416	0.0005065163915178377	0.0005065161222511446	0.0005065157849076298	0.0005065153628509448	0.0005065148348531829	0.0005065141739112499	0.0005065133449950362	0.0005065123030016676	0.0005065109904792536	0.0005065093337645625	0.0005065072398116213	0.0005065045911975668	0.0005065012483923658	0.000506497037061395	0.0005064917434531269	0.0005064850884838374	0.0005064767171101118	0.0005064661727190513	0.0005064528933014423	0.0005064361994351139	0.0005064152494603354	0.0005063889435844277	0.0005063559046337954	0.0005063144287550867	0.0005062623857580613	0.000506197124419748	0.0005061153562913508	0.0005060129492855113	0.0005058849743909633	0.0005057251009632384	0.0005055256747121545	0.0005052769409404708	0.0005049669370226276	0.0005045809209908294	0.0005041007845146829	0.0005035044289834282	0.0005027648578014126	0.0005018489440802353	0.0005007165114238012	0.0004993149319739311	0.0004975840942869254	0.0004954516510520647	0.0004928303537810474	0.0004896139516637341	0.0004856771912145299	0.0004808691474966376	0.0004750113353385265	0.00046789564989687223	0.00045929349190592246	0.0004489270759555251	0.00043651025107616326	0.0004217756312451769	0.0004045343390346395	0.0003848574041276125	0.0003633923018837519	0.0003418069111030875	0.0003227097576246477	0.00030816239235328014	0.00029793291519806115	0.0002899596356746957	0.0002820100570706593	0.00027232871955566246	0.00025947321500199535	0.00024201605118634863	0.00021830702614611177	0.00018662821378825106	0.00014770794139969942	0.00011443816313853921	0.00009977928444980587	0.00009205174595031643	0.00008260139341504833	0.00006839710663411135	0.00004754114928213008	0.00003063038636073035	0.000025983077576511253	0.000021577173469605024	0.000014176468864181458	7.593799995182534e-6	6.098157641631206e-6	3.9815562452485835e-6	1.752706761461768e-6	1.2768590945902645e-6	5.056491032111023e-7	2.4927009107106566e-7	5.6692633809034793e-8	2.565698207221143e-24
0.000521781405665587	0.0005217814070741067	0.0005217814019955448	0.0005217813950933569	0.000521781385578034	0.0005217813721394083	0.0005217813533794857	0.0005217813275970523	0.000521781292703362	0.0005217812461377594	0.0005217811847699864	0.0005217811047795818	0.0005217810015108289	0.0005217808692851508	0.00052178070115758	0.0005217804885994271	0.000521780221073472	0.0005217798854629894	0.0005217794653011757	0.0005217789397293479	0.0005217782820297854	0.0005217774577183412	0.0005217764233582326	0.0005217751218614339	0.0005217734813875888	0.0005217714105931829	0.0005217687945751931	0.0005217654913648031	0.0005217613246712689	0.0005217560686940879	0.0005217494692503387	0.0005217411779028599	0.0005217307452057018	0.0005217176193981918	0.0005217011147066272	0.0005216803583841291	0.0005216543134796967	0.0005216216380071135	0.0005215806378343974	0.0005215292321267012	0.0005214647953010494	0.0005213840483764835	0.0005212830096897876	0.0005211566182025455	0.0005209985625804619	0.0005208009899870431	0.0005205550951367566	0.0005202488132501237	0.000519867564214752	0.0005193933609581957	0.0005188043196827336	0.0005180739564120242	0.000517169664324102	0.0005160516247357282	0.0005146718351023783	0.0005129675548179277	0.0005108691096371141	0.0005082902823906874	0.0005051279182957406	0.0005012598842418898	0.000496541040239849	0.0004907984928021129	0.0004838307509985888	0.0004754127960485445	0.00046528958444278423	0.0004531776237206001	0.00043882026303236914	0.00042203058673324093	0.00040285803699394575	0.0003818965352561777	0.00036072649327487837	0.00034191786668145107	0.00032760123907673585	0.00031758100697035663	0.0003097712864732399	0.0003018999577622358	0.00029223571186669256	0.00027936642965385684	0.00026187650539245415	0.00023814346244970295	0.00020622925594281988	0.00016625578104906117	0.00012939638918242974	0.00011219053588808782	0.00010395056939651456	0.00009427954683388035	0.00007966836013480453	0.00005789785178143967	0.00003704171401529295	0.00003091091461027596	0.000026279046088192758	0.00001849222498125428	9.836916144561439e-6	7.748064225418777e-6	5.48924160928889e-6	2.4536674396981847e-6	1.7499672796204355e-6	8.557578474592002e-7	3.5943598597540374e-7	1.3480612644577783e-7	2.3721121628748716e-23
0.0005378769994931075	0.0005378769992553401	0.0005378769953314449	0.0005378769883389226	0.0005378769795267009	0.0005378769670921571	0.000537876949590082	0.0005378769253031195	0.0005378768921269257	0.0005378768474780126	0.0005378767881926055	0.0005378767104059065	0.0005378766094035685	0.0005378764794430368	0.0005378763135105365	0.0005378761030182782	0.0005378758373980264	0.0005378755035582528	0.0005378750851531909	0.0005378745615959843	0.0005378739067090482	0.0005378730869388789	0.0005378720594314436	0.0005378707675302094	0.0005378691406028487	0.000537867090571899	0.0005378645027065187	0.0005378612349458717	0.0005378571111688005	0.0005378519121282125	0.0005378453752727186	0.000537837157703752	0.0005378268109907039	0.0005378138065402721	0.000537797465210007	0.0005377769254997654	0.0005377511462756979	0.0005377188053998252	0.0005376782304678351	0.0005376273493928602	0.0005375635755529925	0.0005374837189069513	0.0005373838183460828	0.000537258915417365	0.0005371028389393724	0.0005369079089751546	0.0005366650195713796	0.0005363624181377909	0.0005359856937696125	0.0005355169207383067	0.0005349346605790334	0.0005342135851678664	0.0005333209116861346	0.0005322172809270715	0.000530855421154612	0.0005291767199916849	0.0005271130931737968	0.0005245762504222979	0.0005214660719376426	0.0005176657519889124	0.0005130328428851591	0.0005074025038891646	0.0005005801103042069	0.0004923453874924649	0.0004824587186147995	0.0004706510925146529	0.00045667092793569026	0.0004403395207158612	0.00042168814883042317	0.0004012601066640396	0.00038054716493908573	0.00036207540937737353	0.00034802582790021135	0.00033824403253216194	0.000330603387743643	0.0003228211482426905	0.00031316952084997613	0.00030029275230101246	0.00028278106631955175	0.0002590263915457358	0.00022708864482924652	0.00018632525565943296	0.0001459739462138937	0.00012576257752450304	0.0001169228493471422	0.00010703573000408833	0.00009213744316820536	0.00006964752840848535	0.00004481279804397941	0.000036551974579308933	0.00003167445505159361	0.000023553130110593967	0.000012780122698380252	9.698616180374036e-6	7.306978449415169e-6	3.4605708129783294e-6	2.332999532154219e-6	1.3448073728314629e-6	5.007380568999699e-7	2.473712703326299e-7	8.225201007052462e-23
0.000554441063685452	0.0005544410626350112	0.0005544410598541284	0.0005544410574937546	0.0005544410490536198	0.0005544410375738549	0.0005544410213623337	0.000554440998655136	0.0005544409673273667	0.0005544409247723499	0.0005544408677928814	0.0005544407924779997	0.0005544406940524837	0.0005544405667004485	0.0005544404033256701	0.0005544401952616805	0.0005544399318797037	0.0005544396000729486	0.0005544391835636369	0.0005544386619688013	0.0005544380095424694	0.0005544371934818137	0.0005544361716621773	0.0005544348888949746	0.0005544332755873466	0.0005544312455837854	0.0005544286852370313	0.0005544254528041097	0.00055442137222644	0.0005544162265630455	0.0005544097452989509	0.0005544015983586511	0.0005543913459953422	0.0005543784680257922	0.0005543622896368284	0.0005543419566832083	0.0005543164175110693	0.0005542843858065452	0.0005542442131079729	0.0005541938383071209	0.0005541307055249116	0.000554051686425003	0.0005539528485847356	0.0005538292924184024	0.0005536749801173936	0.0005534823828579183	0.0005532422689868794	0.0005529431528206929	0.0005525708420223373	0.0005521076799159571	0.0005515325721897453	0.0005508205483717592	0.0005499390078458179	0.0005488488360695448	0.000547504621269543	0.0005458496630930919	0.0005438169459891477	0.0005413200374686224	0.0005382619743981933	0.0005345266456695356	0.0005299770197565608	0.0005244542346661981	0.0005177719001295859	0.0005097170087580463	0.0005000599157611383	0.0004885506382087532	0.00047494355218197833	0.0004590689702141771	0.0004409455917051766	0.000421069938278053	0.0004008476994309894	0.00038275179137209114	0.0003690034254617032	0.0003594816955761489	0.00035202040156748427	0.00034432765887325653	0.000334697449428679	0.0003218112513781628	0.00030428634200648045	0.00028051856160634324	0.00024857801722182006	0.00020723253439603479	0.00016369622829297582	0.00014007165298945474	0.00013052514775119573	0.00012046908016267401	0.0001056100176358835	0.00008252217724289695	0.000054095405970199965	0.00004287164773725965	0.00003770379354151629	0.000029275007578303267	0.000016663458124166284	0.0000119571077033772	9.417831282553824e-6	4.898638175276086e-6	3.0005825369369183e-6	1.9259789956890854e-6	6.860255850247586e-7	3.855643344573625e-7	4.486019426790627e-22
0.0005717630565046157	0.0005717630555959185	0.0005717630539594361	0.0005717630617582855	0.0005717630533118972	0.0005717630427422666	0.0005717630278759605	0.0005717630068666712	0.0005717629775629519	0.0005717629373342242	0.0005717628829495215	0.0005717628104490024	0.0005717627149931812	0.0005717625906810633	0.0005717624303171092	0.0005717622251324858	0.0005717619644029079	0.0005717616349592871	0.0005717612205313089	0.0005717607008639049	0.0005717600505227053	0.0005717592372569999	0.0005717582198507383	0.0005717569458021966	0.0005717553463763904	0.0005717533358088501	0.0005717508026050456	0.0005717476058184835	0.0005717435693300995	0.000571738473618359	0.0005717320405697269	0.0005717239615312297	0.0005717138144299717	0.0005717010705191282	0.0005716850567063785	0.0005716649217919123	0.0005716395961289681	0.0005716078481879073	0.000571568056325467	0.0005715181731371886	0.0005714556643735398	0.0005713774326792676	0.0005712795841041248	0.0005711572280877141	0.0005710044540818034	0.000570813861122841	0.0005705762927657272	0.0005702804812886791	0.0005699125129072571	0.0005694552439456645	0.000568887811598761	0.0005681846837006301	0.000567313858863015	0.0005662362217250833	0.0005649095518042251	0.0005632765201698543	0.0005612705904742095	0.0005588117626345532	0.0005558064121368493	0.0005521337686298407	0.0005476654404224334	0.0005422462212123722	0.0005356996461815448	0.0005278229905558921	0.0005183903971026306	0.000507176422365264	0.0004939425049706391	0.00047852902364239056	0.00046094840141010137	0.00044165424002202025	0.0004219679904306506	0.00040429794191171976	0.0003908942674264993	0.00038166102602054286	0.00037439331199509463	0.0003667917029781195	0.00035719337658408814	0.0003442953768622417	0.0003267669559865987	0.0003029957693433228	0.00027107640256553535	0.0002293818230463534	0.00018297435280259383	0.0001554201932453361	0.00014503382874485234	0.00013486119304333792	0.0001204196206179573	0.00009686669792190377	0.00006524860058414592	0.000050059154707989634	0.00004454546029965269	0.0000358365158333026	0.000021685644242818347	0.000014601472115820479	0.000011895475241291809	6.854543816699507e-6	3.774732344689994e-6	2.6213571880633082e-6	9.246429488732601e-7	5.552233794564818e-7	1.1760540930095277e-21
0.0005924712352617268	0.0005924712345601194	0.0005924712333524085	0.0005924712371643831	0.0005924712330068106	0.0005924712205303097	0.0005924712068894539	0.0005924711876991045	0.0005924711606808715	0.0005924711231615256	0.000592471071870625	0.0005924710027936424	0.0005924709110154349	0.0005924707905329483	0.0005924706340229161	0.0005924704325694364	0.0005924701752885602	0.0005924698488614998	0.0005924694369113986	0.000592468919169954	0.000592468270354963	0.0005924674586422587	0.000592466443639977	0.0005924651740727224	0.0005924635832826498	0.0005924615867032221	0.0005924590749485198	0.0005924559059792996	0.0005924519067694051	0.0005924468621606319	0.000592440495748813	0.0005924324882299064	0.0005924224266094683	0.0005924097912572917	0.0005923939210071319	0.0005923739631077331	0.0005923488810563433	0.0005923174285811354	0.0005922780036948339	0.000592228601784373	0.0005921667142204641	0.0005920892252984847	0.0005919923172858415	0.0005918712029580242	0.0005917199713951538	0.0005915313044101447	0.0005912961412987278	0.0005910033768922539	0.0005906393500168177	0.0005901871712504452	0.0005896262964341772	0.0005889314515777896	0.000588071538540041	0.0005870086968295868	0.0005856995510541308	0.000584087246965763	0.0005821082590675347	0.0005796847649479675	0.0005767247194812155	0.0005731151173105232	0.0005687285843416506	0.0005634115264133753	0.0005569966075063003	0.0005492934302399174	0.0005400882678690985	0.0005291641601537598	0.0005163087199653539	0.0005013674887596107	0.00048435678526781423	0.00046569358310339395	0.0004466172185786866	0.0004294577843241796	0.00041647239234610177	0.0004075749909585777	0.0004005210477811522	0.00039301655222506536	0.00038344941784060127	0.0003705519614983111	0.000353018137393059	0.0003292679656235809	0.00029740104167386426	0.0002555833385004519	0.0002069028424064586	0.0001746932551359527	0.00016315058356883297	0.00015270920584957583	0.00013758533448382951	0.00011365450469717109	0.00007975980691621502	0.00005892551394440259	0.00005283594372122953	0.000043858351157750555	0.00002870871221233184	0.000018013338188809654	0.000015052110886121898	9.667883905882421e-6	4.880402292335894e-6	3.609320579208577e-6	1.364920958305744e-6	7.052602925446798e-7	3.0972114926275233e-21
0.0006139930342461816	0.0006139930337545048	0.000613993032793478	0.0006139930311758944	0.0006139930304924912	0.0006139930189562624	0.0006139930082696152	0.0006139929907940216	0.000613992966123373	0.000613992931472637	0.0006139928835211689	0.000613992818198342	0.0006139927305115261	0.0006139926143515467	0.0006139924622587203	0.0006139922651507884	0.0006139920119525188	0.0006139916891519594	0.0006139912802012639	0.0006139907647317524	0.0006139901175013659	0.0006139893069783824	0.0006139882934367715	0.0006139870264090914	0.0006139854413154392	0.0006139834549895838	0.000613980960518639	0.0006139778166622762	0.0006139738537463611	0.0006139688596135572	0.0006139625612017598	0.0006139546248557239	0.0006139446397123944	0.0006139320941834709	0.0006139163504296874	0.0006138965616103782	0.0006138717203063663	0.0006138405523461368	0.0006138014615184057	0.0006137524953586041	0.0006136911826467387	0.0006136144001785718	0.0006135183811957166	0.0006133984389621195	0.0006132486765671666	0.0006130618330620513	0.0006128289598751382	0.0006125390963831421	0.0006121787659852857	0.0006117312815531016	0.0006111763640927842	0.0006104891927094086	0.0006096395358317729	0.0006085907882643651	0.0006072982235796833	0.0006057063386659713	0.000603753848070873	0.0006013632747501468	0.0005984448999135018	0.0005948940559037007	0.0005905844039750188	0.0005853668008933606	0.0005790780466917474	0.0005715402786360473	0.0005625545509783102	0.0005519107828042999	0.0005394236417162597	0.0005249469421480014	0.0005085040518126281	0.0004904817165910336	0.00047204182591443393	0.0004554298420156027	0.00044289645456080395	0.000434354399749487	0.00042751845867195913	0.0004201097892516815	0.0004105710704867218	0.00039767469669070674	0.0003801352335516362	0.0003564145660552018	0.0003246172804092299	0.0002827767407973915	0.0002322753058438883	0.00019520421418306783	0.00018229135242775704	0.00017157300378718438	0.00015570286735598076	0.00013144113266964048	0.00009583650618888594	0.00006869367604513764	0.00006178916462739281	0.00005255773021352108	0.00003667252572675467	0.000021891556998553347	0.000018527511469305965	0.0000128737938094096	6.166836244131851e-6	4.687248808059275e-6	1.9769873985537687e-6	8.271771743509394e-7	4.9928583109629385e-21
0.0006365594757510463	0.0006365594754445873	0.0006365594747826314	0.0006365594735109279	0.0006365594715361325	0.0006365594700370439	0.0006365594668842636	0.0006365594508870963	0.0006365594286855872	0.0006365593972162711	0.0006365593530823276	0.0006365592921539986	0.0006365592093596036	0.0006365590984787434	0.0006365589519046558	0.0006365587603609367	0.0006365585125343227	0.0006365581946592329	0.0006365577899236587	0.0006365572777317657	0.0006365566327140947	0.0006365558234011975	0.0006365548104371663	0.0006365535441717336	0.0006365519613970958	0.000636549980385404	0.0006365474977903266	0.0006365443792374017	0.000636540457094478	0.0006365355142244161	0.0006365292787979443	0.0006365214147055728	0.0006365115019160854	0.0006364990225623012	0.0006364833850238482	0.0006364637704452854	0.0006364391570576638	0.0006364082559619169	0.0006363694473672396	0.0006363208375785772	0.0006362600217892463	0.0006361839297723344	0.0006360887600127393	0.0006359698606562972	0.0006358214731923749	0.0006356363647068446	0.0006354057325420419	0.0006351187627297303	0.0006347620227782758	0.0006343190884570098	0.0006337697691650688	0.0006330896487155957	0.0006322491157813751	0.0006312120374671951	0.0006299347470812972	0.0006283646061158834	0.0006264390469930807	0.0006240793090489558	0.000621201216327291	0.0006177018559799202	0.0006134612670000472	0.0006083435205350459	0.0006021778993627936	0.000594798968712376	0.0005860243688136741	0.0005756583489875914	0.0005635333898347816	0.0005495232211528894	0.0005336595819105298	0.0005163087587959975	0.0004985605623661055	0.00048256382088183433	0.0004705441843332692	0.0004623957530779561	0.00045578807720935804	0.00044847388042000064	0.0004389588928654861	0.0004260565378323494	0.00040851179521334213	0.00038482688265377717	0.00035312500780783574	0.0003113552842596653	0.00025963690468712626	0.0002173859042031809	0.00020270117541451295	0.0001917725709943484	0.00017570526116847187	0.00015114944652594166	0.0001145143254109932	0.00008016723791302636	0.00007195850151187182	0.0000624864661422868	0.00004610548489439846	0.000026647807118551302	0.00002254838771632309	0.0000166700371774349	7.756746872452657e-6	5.855850240142749e-6	2.9173257806969784e-6	8.99991374839176e-7	6.123208934143943e-21
0.0006616339102391562	0.0006616339100668243	0.0006616339096569299	0.0006616339087882945	0.0006616339071568426	0.0006616339051354035	0.0006616339026047056	0.0006616338813486652	0.0006616338610081479	0.0006616338328971678	0.0006616337931216463	0.0006616337374273458	0.0006616336606491877	0.000661633556447135	0.0006616334170480499	0.0006616332329497706	0.000661632992550598	0.0006616326817464762	0.0006616322833332598	0.0006616317763093823	0.0006616311349397929	0.0006616303275055614	0.0006616293146597515	0.0006616280471890146	0.0006616264629804977	0.0006616244828260995	0.0006616220058639564	0.0006616189022438528	0.0006616150062503116	0.0006616101045942549	0.0006616039249699243	0.0006615961176299128	0.0006615862911687774	0.0006615739241259631	0.0006615583956777161	0.0006615389160602815	0.0006615144901558527	0.0006614838483206739	0.0006614453735457703	0.0006613971570965724	0.0006613368126732848	0.0006612613387137052	0.0006611669814438386	0.000661049052940491	0.0006609018466113961	0.0006607183224522913	0.0006604897054156223	0.0006602052488768454	0.0006598517548478192	0.0006594129721482524	0.0006588691167033862	0.0006581960263524016	0.0006573643551109535	0.0006563382800150596	0.0006550749917087435	0.0006535231789870222	0.0006516211343558578	0.0006492946971218985	0.0006464584814255895	0.0006430071344641951	0.0006388315484460404	0.0006337979772146129	0.0006277563205152179	0.0006205321507523879	0.0006119593421535314	0.0006018666442878777	0.0005900974604458936	0.0005765579273396659	0.0005612883144792283	0.0005446475975145123	0.0005276602968110879	0.0005123712276676677	0.0005009484360205006	0.0004932400151752657	0.0004868718038503009	0.00047964595075674135	0.00047015221680372313	0.00045725826133843374	0.0004397377624975939	0.0004160837809626025	0.00038449946511640335	0.0003429061117982852	0.0002905799531323996	0.0002431708800136522	0.0002259978707845008	0.00021484213552721676	0.00019858514996274563	0.00017376889385918085	0.0001365184665286566	0.00009494446967767946	0.00008406772480224983	0.00007435653469812304	0.00005757669546976079	0.00003368429545118779	0.000027557171718750863	0.000021472014684401966	0.000010684135939808607	7.398709652400619e-6	4.263685920744554e-6	9.649956092884168e-7	6.652100379462886e-21
0.000688206697014185	0.0006882066969324597	0.0006882066967128959	0.0006882066961928161	0.0006882066950945402	0.0006882066930380861	0.0006882066901665879	0.0006882066785265162	0.0006882066658432811	0.0006882066401439486	0.0006882066048462716	0.0006882065549386084	0.0006882064850800738	0.0006882063887984366	0.0006882062581524353	0.0006882060834077761	0.0006882058526610219	0.0006882055514133635	0.0006882051619746374	0.0006882046628233057	0.0006882040276802204	0.0006882032243455315	0.0006882022131592817	0.0006882009449294416	0.0006881993581378424	0.0006881973752105701	0.0006881948975616869	0.0006881917991136385	0.0006881879180228609	0.0006881830461365643	0.0006881769099368253	0.0006881691716481073	0.0006881594381042513	0.0006881471811594291	0.0006881317633231099	0.0006881124026797347	0.0006880881164591646	0.0006880576613572994	0.0006880194987143134	0.000687971674230657	0.0006879117760584963	0.0006878368356414845	0.0006877431556686445	0.0006876261527272512	0.0006874801259520067	0.0006872980850720111	0.000687071388068763	0.0006867893374439	0.0006864388400593019	0.0006860039148455061	0.000685464948994047	0.0006847980963167608	0.0006839744199289581	0.0006829587457729597	0.0006817089308372677	0.0006801741543986457	0.0006782937571457456	0.0006759965157249004	0.0006731978262050229	0.0006697975450612794	0.0006656831905499433	0.0006607287518090209	0.0006547948268011248	0.000647721165720553	0.0006393420528780078	0.0006295089544842219	0.0006180857783797249	0.0006050057688636943	0.0005903270786233834	0.0005744095025284607	0.0005582213541834043	0.0005437006649446044	0.0005329307824110506	0.0005256873615732502	0.0005195572327564684	0.0005124153592336478	0.0005029392928832338	0.0004900505989186137	0.0004725471648339138	0.0004489373101898215	0.0004174591345069201	0.00037608183676103823	0.0003235225758552175	0.0002714051857241674	0.0002510594895957826	0.00023966437288806353	0.0002232369444052176	0.000198187144637009	0.0001606739209604465	0.0001129228470138275	0.0000976005949983544	0.00008764630682439466	0.00007051180290017845	0.00004330651874332079	0.000033305382763718216	0.00002701987961765923	0.000015038325736943441	9.195378161182843e-6	5.908077883401304e-6	1.0804242770335443e-6	7.021558547585435e-21
0.0007169785256137664	0.0007169785255831616	0.0007169785254870616	0.0007169785252260473	0.0007169785246019047	0.000716978523272127	0.0007169785207543477	0.0007169785169707708	0.0007169785104803234	0.0007169784345574534	0.0007169784021846462	0.0007169783583135191	0.0007169782962856915	0.0007169782093661961	0.0007169780894231851	0.0007169779264832461	0.0007169777083206279	0.0007169774199922234	0.0007169770433787606	0.0007169765563205746	0.0007169759313671418	0.0007169751358170382	0.000716974129297578	0.0007169728621196883	0.0007169712727086399	0.000716969284152856	0.0007169667995794171	0.0007169636959959522	0.0007169598161714166	0.0007169549573581274	0.0007169488490742369	0.0007169411760816709	0.000716931529771989	0.0007169193804655797	0.0007169040827120195	0.0007168848451080447	0.0007168606741289522	0.0007168303792157471	0.0007167924715523831	0.0007167450031893894	0.0007166855516405364	0.0007166111301223395	0.0007165180602480658	0.0007164018931728895	0.0007162569774881954	0.0007160763008334496	0.0007158512797710948	0.000715571390169703	0.000715223670644123	0.0007147923007226105	0.0007142579108586537	0.0007135968364397189	0.0007127805120161208	0.0007117743567451239	0.000710536651510002	0.0007090175315633191	0.0007071576385807542	0.0007048865838023035	0.0007021217042304349	0.0006987681253870265	0.0006947136930089201	0.0006898358768499019	0.0006839983029581925	0.0006770616825839646	0.0006688697850111747	0.0006592821721651672	0.0006481931211744114	0.0006355591777358989	0.0006214677454238119	0.0006062863811565363	0.0005909399584975955	0.0005772549843675746	0.0005672009574373179	0.0005604478309601704	0.0005545512131830573	0.0005474847361073466	0.0005380222324783431	0.000525135106888787	0.000507645995323106	0.00048408881866834165	0.0004527261999021509	0.00041160174906762877	0.0003591435792455777	0.0003030643337625477	0.0002786862091069755	0.00026702468006240817	0.0002504428258607719	0.00022518389082482683	0.00018733153764212044	0.0001350678437929952	0.00011290248738225903	0.00010269018755388848	0.00008523540757935218	0.00005604549440893802	0.00004001353761410748	0.00003352184659179987	0.00002089935584898352	0.000011340828269902004	7.916574261620478e-6	1.5211285621868377e-6	7.345664718893387e-21
0.0007481872280409338	0.0007481872280326298	0.0007481872280007946	0.0007481872278978973	0.0007481872276112058	0.0007481872269099321	0.0007481872253839607	0.0007481872224256076	0.0007481872176465767	0.000748187160461958	0.000748187137263494	0.000748187095965768	0.0007481870420852343	0.0007481869659152345	0.0007481868588944598	0.0007481867107691338	0.0007481865089728726	0.0007481862380955631	0.0007481858793901549	0.0007481854099011294	0.0007481848012656406	0.0007481840196724778	0.0007481830235838463	0.0007481817622139927	0.0007481801731566845	0.000748178179225517	0.000748175684213641	0.0007481725671998642	0.0007481686749187815	0.000748163811058651	0.000748157716734185	0.0007481500841129898	0.0007481405033086388	0.0007481284551274862	0.0007481132885132389	0.0007480941988279573	0.0007480701771026731	0.0007480400375976833	0.000748002319029913	0.0007479551253294967	0.0007478960766037188	0.0007478221762089674	0.0007477297124257129	0.000747614262625251	0.0007474702755971524	0.0007472908382032094	0.0007470673475381423	0.0007467893967734329	0.0007464442381667604	0.0007460161504354866	0.0007454858666697484	0.000744830045438307	0.0007440204693558791	0.0007430229829208862	0.0007417963532691177	0.0007402915735794257	0.0007384501014235878	0.0007362030027302992	0.0007334697162579344	0.0007301564919605675	0.0007261571000679733	0.0007213516302514702	0.0007156084518635912	0.0007087922165223343	0.0007007749231772091	0.0006914210679402222	0.000680648021860188	0.0006684436033811961	0.0006549318031660016	0.0006404956248702735	0.0006260316520397671	0.0006132524286372434	0.0006039792262433092	0.0005977362234888533	0.0005920610502869655	0.000585057666382067	0.0005756037808873226	0.0005627169380125532	0.0005452422829079123	0.0005217431523952294	0.0004905090568925415	0.0004496358023972849	0.000397466300330458	0.00033846170130397564	0.00030908846697710646	0.00029711719239266154	0.00028039679821500595	0.0002549519298376927	0.00021673662453556338	0.0001618770351967764	0.00013028293577926762	0.00011975617671513082	0.00010201005219586335	0.00007185113365621919	0.0000478898873456192	0.000041144034133416475	0.000028145202115305326	0.000013949156352813752	0.00001034810225947732	2.8044829263107752e-6	7.664701294123322e-21
0.0007817588507830562	0.0007817588507816491	0.0007817588507746521	0.0007817588507462264	0.0007817588506494279	0.0007817588503669136	0.0007817588496467528	0.0007817588480196018	0.0007817588447400877	0.0007817588390219736	0.0007817588280762595	0.0007817588346980634	0.0007817587817108487	0.0007817587164233105	0.0007817586243109281	0.0007817584943363311	0.0007817583135123033	0.0007817580659509907	0.0007817577321595788	0.0007817572882876143	0.0007817567052144849	0.0007817559475146509	0.0007817549720078693	0.000781753726214043	0.0007817521460158955	0.0007817501528090443	0.0007817476496502577	0.0007817445160985413	0.0007817406012855082	0.0007817357145831872	0.0007817296117699398	0.0007817219820260116	0.0007817124261374744	0.0007817004467325283	0.0007816853992487562	0.0007816664726585597	0.0007816426573261587	0.0007816127067055724	0.0007815751436906095	0.0007815281416018425	0.0007814693742853866	0.0007813959188524189	0.0007813040698887358	0.0007811893168976277	0.0007810461414687738	0.0007808677621694905	0.0007806457369825294	0.0007803696344853884	0.0007800267057980134	0.0007796014589487156	0.0007790748221268007	0.0007784236920033062	0.0007776202704073488	0.0007766306129467002	0.0007754139602210686	0.0007739221278002096	0.0007720973353738376	0.0007698720367648807	0.0007671666664303115	0.0007638906028876216	0.0007599400157313501	0.0007551992591962692	0.0007495442510554404	0.0007428431460776029	0.0007349768487272222	0.0007258436916121134	0.0007153666202266907	0.0007035735837351155	0.000690625610404596	0.0006769351412857369	0.000663386091091164	0.000651579561347938	0.0006431478474221384	0.0006374229239070186	0.0006319483219500063	0.0006249940284894382	0.0006155472771361968	0.0006026596630076092	0.0005851980052158712	0.0005617507083340155	0.0005306335601598053	0.0004899981082005353	0.00043821061994269903	0.00037749561939882047	0.0003422461378590202	0.00032989244249577747	0.00031304912752939414	0.00028743677631437044	0.00024902125683843977	0.00019301034271451556	0.0001500206781439373	0.00013901364657921598	0.00012100458296722841	0.0000903164512309842	0.00005725807692003963	0.000050027968722337	0.000036727519863684255	0.000017340450625818486	0.000013265254676186096	5.193468050417707e-6	7.972662555206998e-21
0.0008180382201585654	0.0008180382201584777	0.0008180382201578077	0.0008180382201538542	0.0008180382201352959	0.0008180382200640048	0.0008180382198340716	0.0008180382191971087	0.0008180382176521675	0.0008180382143254362	0.0008180382079617605	0.0008180381996750054	0.0008180381864101011	0.0008180380735672933	0.0008180379955365629	0.0008180378862794296	0.0008180377312063088	0.0008180375137703046	0.0008180372138089783	0.0008180368065717026	0.0008180362617355749	0.0008180355422735955	0.0008180346029252743	0.0008180333890460107	0.0008180318337743871	0.0008180298558195189	0.0008180273557963342	0.0008180242115910499	0.0008180202721580384	0.0008180153491999834	0.0008180092060131996	0.0008180015424302314	0.0008179919750975575	0.0008179799991488558	0.0008179650009002971	0.0008179462053106388	0.0008179225925762178	0.0008178929072767176	0.0008178555960950247	0.0008178087664046936	0.000817750192942825	0.000817677019293334	0.0008175856789616648	0.0008174716323929111	0.0008173293034463674	0.0008171518604548252	0.0008169310071823548	0.0008166564948746092	0.000816315653106128	0.0008158929178928717	0.0008153695425881152	0.0008147227620644542	0.0008139246689777851	0.0008129417199710854	0.0008117340543600217	0.0008102538335846631	0.0008084439011323196	0.0008062376612595681	0.0008035578005858248	0.0008003147433487487	0.0007964071192108232	0.0007917248677097551	0.0007861469212714991	0.0007795527155887206	0.0007718238397915886	0.0007628808536530071	0.0007526860700339014	0.0007412774147214949	0.0007288692404216637	0.0007159151728426964	0.0007033019391722965	0.0006925237483305567	0.0006849819934585153	0.0006797669131549192	0.0006744645463500596	0.0006675453031766198	0.0006581007436493421	0.0006452193929080905	0.0006277680561113125	0.0006043663851805956	0.0005733570195039076	0.0005329350831777942	0.00048158918269564175	0.00042011899537391256	0.0003784331040545178	0.0003655783378199613	0.000348625098677609	0.0003228677916653514	0.00028427920950402146	0.00022781542790708626	0.00017256467153490589	0.00016062212244882508	0.0001423721709804486	0.00011129239108775387	0.0000689423533070175	0.000060318697659935574	0.00004675235759336912	0.000022757197699035988	0.000016774565308234156	8.451141368687008e-6	8.387181122843858e-21
0.0008569841143355405	0.0008569841143355379	0.0008569841143355043	0.0008569841143351978	0.0008569841143331129	0.0008569841143220917	0.0008569841142752002	0.0008569841141097615	0.0008569841136133122	0.0008569841123190036	0.000856984109337578	0.0008569841032113485	0.000856984092134251	0.0008569840803050173	0.0008569840326902363	0.0008569840243584299	0.0008569838961915013	0.0008569837168095794	0.0008569834633179239	0.0008569831097852099	0.0008569826246056137	0.0008569819690254278	0.0008569810956303079	0.0008569799465693084	0.0008569784516695124	0.0008569765247613909	0.0008569740621061012	0.0008569709368057946	0.0008569669936064798	0.0008569620416544816	0.0008569558445021925	0.0008569481067448115	0.0008569384572866207	0.0008569264251997148	0.0008569114096564052	0.0008568926307127222	0.000856869121364779	0.0008568396508409124	0.0008568026478133539	0.0008567562092690762	0.0008566979473168609	0.0008566250210900192	0.0008565339180274761	0.0008564203121732148	0.0008562787221622917	0.0008561022999961181	0.0008558825951302583	0.0008556093826994923	0.0008552702114651513	0.0008548498278829715	0.0008543294592574665	0.0008536862568781646	0.000852892815475444	0.0008519160846466728	0.0008507162037399457	0.0008492459376030417	0.0008474488896671077	0.0008452599391225746	0.000842601798321986	0.0008393874505159788	0.0008355185842902527	0.0008308861196568711	0.0008253765494362971	0.0008188741863455888	0.0008112756030274079	0.0008025030955994647	0.0007925498925284696	0.000781494217299638	0.0007695941778746932	0.0007573649423891569	0.0007457160878386641	0.000736042680064839	0.0007294456422269763	0.0007247150555891759	0.0007195458874981602	0.000712646329084451	0.0007032024425635607	0.0006903254766209979	0.000672897092555011	0.0006495396655929512	0.0006186281517573651	0.0005784376027582489	0.0005275136826975052	0.0004661445323230838	0.0004178438506828964	0.0004042283700908835	0.0003871771500169281	0.00036129496214801405	0.0003225720203959154	0.0002659562734377596	0.00019912548690314975	0.00018445814552808503	0.00016599970621541444	0.00013459949405581135	0.00008611513644753438	0.00007240702009693322	0.000058599325057928775	0.00003232363853094033	0.000020928129544425768	0.000012406897866100076	1.2588961727472285e-20
0.000900238897720278	0.000900238897720278	0.0009002388977202779	0.0009002388977202752	0.0009002388977202364	0.0009002388977198481	0.0009002388977170072	0.0009002388977011348	0.0009002388976307876	0.0009002388973752918	0.0009002388965932751	0.0009002388945276395	0.000900238889729016	0.0009002388798069951	0.0009002388616681804	0.0009002388365217651	0.0009002387052427697	0.0009002385600546188	0.0009002383581593925	0.0009002380725775971	0.0009002376685173151	0.0009002371053089782	0.000900236333191488	0.0009002352911462098	0.0009002339045723884	0.0009002320825620326	0.000900229714116838	0.0009002266654208575	0.0009002227730324011	0.0009002178382478555	0.0009002116181654498	0.0009002038142860749	0.0009001940572260648	0.0009001818862549699	0.000900166721504169	0.0009001478233154108	0.000900124267937121	0.0009000948551447273	0.0009000580773142048	0.000900012007365335	0.0008999542050971473	0.0008998817675173346	0.0008997910850083806	0.0008996777767496832	0.0008995364789233104	0.0008993606780824538	0.0008991420995674262	0.0008988703500610235	0.0008985327551153242	0.000898114125593149	0.0008975961199740591	0.0008969563177506177	0.0008961670700356434	0.0008951953452975022	0.0008940023337511712	0.000892540692719005	0.0008907549402287262	0.0008885804426619653	0.0008859412611819055	0.0008827518889389592	0.0008789155999716823	0.0008743269034559127	0.0008688751869530512	0.000862451320179357	0.0008549611826162514	0.0008463424923918513	0.0008366001435129385	0.0008258621118557014	0.0008144244628828046	0.0008028783645763032	0.0007921832522858475	0.0007836445551291472	0.0007779961305201228	0.0007736915447113214	0.0007686158861453138	0.0007617251703746807	0.0007522773030727467	0.000739398194871736	0.0007219824541550883	0.0006986663533487241	0.0006678486752835935	0.0006278511154284817	0.0005772809072351024	0.0005163892902936215	0.00046210132203643146	0.000447351731199961	0.00043022047254617616	0.0004042254515714453	0.00036539517060173567	0.00030870115570868947	0.0002333535833302478	0.0002123834084121126	0.00019373806776546885	0.00016205329866979362	0.00010979985052011743	0.00008591566974158116	0.00007186917374648755	0.000044968925899417494	0.00002556477143412086	0.00001686663125722931	4.230757458343644e-20
0.0009431431337398697	0.0009431431337398697	0.0009431431337398697	0.0009431431337398697	0.0009431431337398696	0.0009431431337398678	0.0009431431337398391	0.0009431431337395158	0.0009431431337368964	0.0009431431337209345	0.0009431431336447792	0.0009431431333502319	0.0009431431323989024	0.0009431431297676728	0.0009431431234055272	0.0009431431097571705	0.0009431430837253704	0.0009431430422539255	0.0009431417392499092	0.0009431414521184057	0.0009431411426115427	0.0009431407088419772	0.0009431400925147388	0.0009431392289070429	0.0009431380390319821	0.0009431364260163949	0.0009431342713655989	0.0009431314307382976	0.000943127726167935	0.0009431229481604798	0.0009431168364006767	0.0009431090763900289	0.000943099284625069	0.0009430869919843232	0.0009430716201313487	0.0009430524510647647	0.0009430285861793161	0.0009429988869705958	0.0009429619154372234	0.0009429158449548083	0.0009428583689940644	0.0009427865208985127	0.0009426965830044539	0.000942584084338033	0.0009424434716858493	0.000942268014614758	0.0009420497180256145	0.0009417787196260467	0.0009414426416947278	0.0009410262024801412	0.0009405105065237522	0.0009398729590268421	0.0009390869445763873	0.0009381200387744811	0.0009369328244094599	0.0009354783299541148	0.0009337020136331599	0.0009315399236654422	0.00092891677583555	0.0009257482749265355	0.0009219395261644463	0.0009173872487519949	0.0009119845670287778	0.0009056272480423412	0.0008982279241642866	0.000889736458702014	0.0008801771615168533	0.0008696997511260874	0.0008586754870064976	0.0008477601974103545	0.0008380058098870155	0.0008306377368891354	0.0008259219115623466	0.0008219559985515401	0.0008169337153177733	0.0008100446234546568	0.0008005937049194579	0.0007877187656598443	0.0007703172800863457	0.0007470365282771108	0.000716300612201948	0.000676470375340485	0.0006262856500737046	0.0005660139245090086	0.0005068712521282674	0.000490208345931544	0.0004730032456178973	0.0004469126741210645	0.0004079818458943037	0.00035123178251099765	0.0002724640258308686	0.00023960201340075628	0.00022080459713997384	0.00018889717809522074	0.0001360439643300834	0.00009833504894327643	0.00008413733212772552	0.000056912348792986	0.00002788305595482484	0.0000190269919661412	1.1184802685412904e-19
0.000988396994639186	0.000988396994639186	0.000988396994639186	0.000988396994639186	0.000988396994639186	0.000988396994639186	0.000988396994639186	0.0009883969946391856	0.0009883969946391745	0.0009883969946390292	0.0009883969946376842	0.0009883969946284019	0.000988396994578641	0.0009883969943640797	0.0009883969935975288	0.0009883969912704582	0.0009883969851391095	0.000988396970880994	0.0009883969413337105	0.000988396887519447	0.0009883968480337555	0.0009883967338359485	0.0009883961317211738	0.0009883955101998476	0.0009883946342514637	0.000988393392777779	0.0009883916583462774	0.0009883892755504213	0.0009883860540271109	0.0009883817612754487	0.0009883761169338977	0.000988368770078795	0.0009883593075426698	0.0009883472242827355	0.000988331906627843	0.0009883126079770048	0.000988288415515465	0.0009882582056990284	0.0009882205862883028	0.000988173819317784	0.0009881157223224973	0.0009880435280724528	0.0009879537086777384	0.0009878418759178033	0.0009877024813808287	0.0009875285388252343	0.0009873116340009865	0.0009870414966179802	0.0009867058140944557	0.0009862899082895222	0.0009857756961748068	0.0009851410915756107	0.0009843586186477568	0.000983395320918638	0.0009822122609939687	0.000980763742418337	0.000978995627360517	0.0009768435401335755	0.0009742334256860679	0.0009710820156029635	0.0009672957844238368	0.0009627732473612749	0.0009574102319936974	0.0009511067319740341	0.0009437804302927228	0.0009353913687417818	0.0009259787029029628	0.0009157209488060102	0.0009050319570984452	0.000894671125920715	0.0008858119080392127	0.0008796270373692644	0.0008757645121088852	0.0008720221902703421	0.0008670185524509423	0.0008601266542972993	0.0008506762143579343	0.0008378023692350767	0.0008204076910169124	0.000797152082133854	0.000766479728289981	0.0007267914897431081	0.0006768925039382187	0.0006168287685098254	0.0005548559034622176	0.000535035046881913	0.0005177762897825153	0.0004916096522544609	0.0004525987937246988	0.0003958197353861735	0.00031638841059281265	0.0002679928542666169	0.00024906563926767604	0.0002169621182372811	0.00016382043512506514	0.00011054583231697941	0.0000961864049034982	0.00006870032799290552	0.000028527055026830518	0.000019469030754975104	1.260565464780059e-19
0.0010353830074722292	0.0010353830074722292	0.0010353830074722292	0.0010353830074722292	0.0010353830074722292	0.0010353830074722292	0.0010353830074722292	0.0010353830074722292	0.0010353830074722292	0.0010353830074722292	0.001035383007472229	0.0010353830074722244	0.0010353830074721526	0.0010353830074713536	0.0010353830074648544	0.0010353830074245518	0.0010353830072268198	0.001035383006434987	0.0010353830037768499	0.0010353829961233245	0.0010353829768594868	0.0010353829338690958	0.001035382848503503	0.0010353827061652682	0.0010353804450145786	0.0010353797911266383	0.0010353786076773292	0.001035377020625983	0.0010353747570951562	0.0010353715595052958	0.0010353671180730502	0.0010353610535754564	0.0010353529023225073	0.0010353420992054376	0.0010353279572060494	0.0010353096424970168	0.00103528615097475	0.0010352562678260081	0.0010352185205546216	0.0010351711202192628	0.0010351118853398782	0.0010350381403105165	0.0010349465739720506	0.001034833075409968	0.0010346924919868395	0.0010345183119556368	0.0010343024337910406	0.0010340345546690304	0.0010337020113150304	0.001033289114267783	0.0010327770444241214	0.0010321433455766815	0.00103136153824311	0.0010304002005183024	0.0010292214250522433	0.00102777912729236	0.001026017918020602	0.0010238733992849888	0.001021273001672509	0.001018135165351712	0.0010143672077210272	0.0010098680249416817	0.0010045355382653776	0.000998273820156084	0.0009910044267784283	0.0009826939220428453	0.0009733940290373275	0.0009633019621877859	0.0009528696681323736	0.0009429516579792116	0.0009348941094109533	0.0009298587948358874	0.0009266843830952611	0.0009230488705166949	0.0009180498121132807	0.0009111562321225991	0.0009017026470519711	0.0008888290318613603	0.0008714351870268362	0.0008481968935878828	0.000817575971332407	0.000777995806006948	0.0007283237337994392	0.0006690776321986614	0.0006063098601491363	0.0005821789746800976	0.0005648776756132025	0.0005386602942035018	0.0004995835284431546	0.0004427786268892527	0.0003633897572776939	0.00029874740251170174	0.00027970556335895545	0.0002474528160219453	0.00019412242102365677	0.00012423404499464788	0.00010942080440183897	0.00008172360934478688	0.00003278877606130291	0.000019682450504164937	1.2738912755030298e-19
0.0010860210275073351	0.0010860210275073351	0.0010860210275073351	0.0010860210275073351	0.0010860210275073351	0.0010860210275073351	0.0010860210275073351	0.0010860210275073351	0.0010860210275073351	0.0010860210275073351	0.0010860210275073351	0.0010860210275073351	0.0010860210275073351	0.0010860210275073351	0.0010860210275073351	0.0010860210275073351	0.0010860210275073301	0.0010860210275072395	0.001086021027506067	0.0010860210274950528	0.0010860210274174636	0.0010860210269937247	0.001086021025142331	0.0010860210184816905	0.0010860209982365794	0.0010860209450811549	0.0010860208223687166	0.0010860205709595137	0.0010860201385192259	0.0010860196709072461	0.001086016711182992	0.0010860133631240478	0.0010860086275435229	0.0010860018094950485	0.0010859921354833715	0.0010859786650100236	0.001085960246260876	0.0010859354731092932	0.001085902636900599	0.00108585970342746	0.0010858040588338207	0.0010857327658513952	0.0010856421935536223	0.0010855279771521073	0.0010853848649269662	0.0010852065085970425	0.0010849852087951774	0.0010847115762374745	0.0010843740831648382	0.0010839584771182955	0.0010834470797154846	0.001082817966370526	0.001082043911632152	0.001081091511609757	0.0010799204175149953	0.001078482999295652	0.0010767244137032438	0.0010745828921431937	0.0010719887407793754	0.0010688622589403052	0.001065111224220036	0.0010606326634896338	0.001055322118779823	0.0010490878875662902	0.001041861410114611	0.0010336109683686597	0.0010243888210433746	0.0010144129349897925	0.0010041631140357537	0.0009945559405956348	0.000987149517070499	0.0009831732242300032	0.0009804316675344315	0.0009768218780215544	0.000971823715926456	0.0009649281205830148	0.0009554767746144083	0.0009426079039744413	0.0009252322216305969	0.0009020143138199298	0.0008714335081654553	0.0008319304582190276	0.0007824224391421638	0.0007235116078648133	0.0006610523223771822	0.0006323726423261986	0.0006150382501119497	0.0005887734178566814	0.0005496614953155433	0.0004928370378130271	0.0004135335354927811	0.00033295547470988974	0.0003137564600884033	0.0002813910751820872	0.0002279206636412497	0.00014405712443441317	0.00012412205554685192	0.0000962948371633653	0.00004456146234250561	0.000019809745741011298	1.2822396736329492e-19
0.00114208459680701	0.00114208459680701	0.00114208459680701	0.00114208459680701	0.00114208459680701	0.00114208459680701	0.00114208459680701	0.00114208459680701	0.00114208459680701	0.00114208459680701	0.00114208459680701	0.00114208459680701	0.00114208459680701	0.00114208459680701	0.00114208459680701	0.00114208459680701	0.00114208459680701	0.00114208459680701	0.00114208459680701	0.00114208459680701	0.00114208459680701	0.00114208459680701	0.00114208459680701	0.00114208459680701	0.001142084596807006	0.001142084596806903	0.0011420845968051914	0.00114208459678569	0.0011420845966248303	0.00114208459561939	0.0011420845906709007	0.0011420845708597675	0.0011420845045376098	0.001142084314489165	0.0011420838393572529	0.001142082789621845	0.0011420807562731435	0.0011420793841373724	0.0011420714176257265	0.0011420533280622914	0.0011420299506033726	0.00114199567644403	0.0011419461421922285	0.001141876105498619	0.0011417791573551694	0.0011416474913606852	0.0011414717108359483	0.0011412401865115332	0.0011409388375557116	0.0011405517473003326	0.0011400593312812582	0.0011394384459876233	0.0011386618972829773	0.0011376978507345265	0.0011365092379539037	0.0011350530789744073	0.001133279606918945	0.0011311312007813701	0.0011285409935140411	0.0011254312712565702	0.0011217122105912412	0.0011172816657244325	0.0011120292199408377	0.0011058477847626686	0.0010986560300074604	0.0010904318073896577	0.001081256243795248	0.001071365438436269	0.001061246340107978	0.001051832833584485	0.0010448221184790915	0.0010417010856741812	0.001039110902331397	0.0010355050728076296	0.0010305093521258421	0.0010236289345604468	0.0010141865502078602	0.001001329116820556	0.0009839702386092726	0.0009607777965655529	0.0009302347310110519	0.000890795629193084	0.0008414066675565173	0.0007827162900147466	0.0007206729147578798	0.0006879498386694321	0.0006706062413385809	0.0006443240259259488	0.000605189973858781	0.000548369675899259	0.00046913510956424323	0.000372436613818239	0.0003525652378158322	0.0003201441490486079	0.0002665973844993748	0.00018163755303474586	0.00014205757071921908	0.00011414307680109608	0.00006228863995856674	0.0000198917481410798	1.2873218419392085e-19
0.0010047577405055245	0.0010047577405055245	0.0010047577405055245	0.0010047577405055245	0.0010047577405055245	0.0010047577405055245	0.0010047577405055245	0.0010047577405055245	0.0010047577405055245	0.0010047577405055245	0.0010047577405055245	0.0010047577405055245	0.0010047577405055245	0.0010047577405055245	0.0010047577405055245	0.0010047577405055245	0.0010047577405055245	0.0010047577405055245	0.0010047577405055245	0.0010047577405055245	0.0010047577405055245	0.0010047577405055245	0.0010047577405055245	0.0010047577405055245	0.0010047577405055245	0.0010047577405055245	0.0010047577405055245	0.0010047577405055245	0.0010047577405055245	0.0010047577405055245	0.0010047577405055245	0.0010047577405055245	0.0010047577405055245	0.0010047577405055245	0.0010047577405055245	0.0010047577405055245	0.0010047577405055245	0.0010047577405055245	0.0010047577405055245	0.0010047577405055245	0.0010047577405055245	0.0010047577405055245	0.0010047577405055263	0.0010047577405056557	0.0010047577405108239	0.0010047577406330878	0.0010047577424693289	0.001004757761050685	0.0010047578943646702	0.0010047586029263923	0.001004761500048462	0.001004770911934705	0.0010047957794243596	0.0010048573510562009	0.001004966439089495	0.001005152681953638	0.0010054302893417453	0.0010058008449357126	0.001006246707218404	0.0010067288577221356	0.0010071882759903033	0.0010075484049818304	0.001007751967916352	0.0010076462212631144	0.0010071673406404755	0.001006202813299372	0.0010046326027881598	0.0010023917130988571	0.0009991962447855472	0.000995176080603078	0.000991258863645116	0.000989865637439611	0.0009889665423830044	0.0009878182630726907	0.0009864134535193722	0.000984710969802377	0.0009823543730391763	0.000977685681136394	0.0009661513397792693	0.000942370240519437	0.0009085155267400807	0.0008740905149361084	0.0008406872191115846	0.0007867630541145514	0.00072116263285244	0.0006938889162764445	0.0006828725310826055	0.0006530461859212539	0.0006205699926199342	0.000566889651859893	0.0004946522931357983	0.00039725293899604277	0.0003657545599588745	0.0003350021974490995	0.0002854780536594742	0.00020344926707235956	0.000139168819636332	0.00011252388584047753	0.00006357571786425555	0.000019293698949175474	1.1642321596506251e-19