0.00007434475665955728	0.00007434474778247886	0.00007434473656244964	0.00007434472238165114	0.00007434470445963373	0.00007434468181062405	0.00007434465318964444	0.00007434461702450048	0.00007434457132990597	0.00007434451359904707	0.00007434444066668228	0.00007434434853642999	0.0000743442321631575	0.00007434408517914762	0.00007434389954968871	0.00007434366513952227	0.00007434336916578648	0.00007434299550682148	0.0000743425238307317	0.00007434192850256242	0.00007434117721720421	0.00007434022927936661	0.0000743390334256407	0.00007433752508767958	0.00007433562299072166	0.00007433322487766873	0.00007433020209341831	0.00007432639287141579	0.00007432159392400633	0.0000743155498360286	0.00007430793996493303	0.00007429836191254033	0.00007428631109211154	0.00007427115511409204	0.0000742521020898215	0.00007422816116397391	0.00007419809364418835	0.00007416035258543319	0.00007411300821531772	0.00007405365618920743	0.00007397930509162813	0.00007388623903019451	0.0000737698505971618	0.00007362443901222596	0.00007344296799859216	0.00007321677810748109	0.00007293524907356828	0.00007258541022451958	0.00007215150117764273	0.00007161449314600603	0.00007095159449362797	0.00007013578545113849	0.00006913546005841664	0.00006791430231546255	0.00006643159162763619	0.0000646432205907622	0.00006250380515962687	0.00005997034254238834	0.000057007852383837895	0.000053597203619987504	0.00004974471347348588	0.00004549201005925464	0.00004092322016816809	0.00003616549564304132	0.000031379332740250736	0.000026738036819056834	0.00002240028777331796	0.00001848356001737739	0.000015046451276683763	0.00001208485875981956	9.543341922441498e-6	7.342023766612783e-6	5.418212294892975e-6	3.7678664207967265e-6	2.443140519982856e-6	1.484247759913823e-6	8.60214885273417e-7	4.848835705967228e-7	2.659011522262987e-7	1.3641072636799926e-7	6.227539430438074e-8	2.554944303203844e-8	9.935400072156283e-9	3.6876298911717797e-9	1.1924970935204077e-9	3.3257778642841633e-10	8.72547653889852e-11	2.0084551055328476e-11	3.83051551532703e-12	6.718634165495224e-13	9.499879494927047e-14	1.1698035824368826e-14	1.1581704244983099e-15	9.590214212941204e-17	5.770862578667298e-18	2.564524833252826e-19	8.771955645472489e-21	2.266654593715801e-22	4.3244516104383644e-24	5.888148301978794e-26	1.1665775536093274e-41
0.00007434472890025933	0.00007434472002318599	0.00007434470880316321	0.00007434469462237284	0.00007434467670036571	0.00007434465405136905	0.00007434462543040588	0.00007434458926528272	0.00007434454357071451	0.00007434448583988889	0.00007434441290756614	0.00007434432077736704	0.00007434420440416183	0.00007434405742023701	0.00007434387179088569	0.00007434363738085528	0.0000743433414072915	0.00007434296774854402	0.00007434249607272934	0.00007434190074490798	0.00007434114945998973	0.00007434020152270844	0.00007433900566968607	0.00007433749733261472	0.00007433559523678193	0.00007433319712515181	0.00007433017434270076	0.00007432636512297361	0.00007432156617844157	0.00007431552209410255	0.00007430791222760818	0.00007429833418103382	0.00007428628336796218	0.00007427112739924516	0.00007425207438673644	0.00007422813347575907	0.00007419806597477202	0.00007416032493977907	0.0000741129805996962	0.00007405362861153711	0.00007397927756190553	0.00007388621156103336	0.00007376982320446895	0.00007362441171604667	0.00007344294082416421	0.00007321675108654311	0.0000729352222459786	0.00007258538364024446	0.00007215147489918105	0.00007161446725131485	0.00007095156907960547	0.00007013576063769486	0.00006913543599311154	0.00006791427917860283	0.00006643156963757001	0.0000646432000089106	0.00006250378629444719	0.000059970325751142284	0.00005700783807050489	0.00005359719222752149	0.00004974470546805247	0.000045492005905096755	0.000040923220292353086	0.00003616550039138833	0.00003137934232876224	0.00002673805128747171	0.000022400306949033833	0.000018483583495265023	0.000015046478413263057	0.000012084888665697905	9.543373429257113e-6	7.342055335666894e-6	5.418241918749597e-6	3.7678918220845527e-6	2.4431600473243918e-6	1.4842613732110347e-6	8.602239014105871e-7	4.84889561677267e-7	2.659052245781322e-7	1.3641338945183297e-7	6.227687242416455e-8	2.5550128475007522e-8	9.935703132014026e-9	3.6877685303470033e-9	1.1925527977387678e-9	3.32595255195229e-10	8.726009923381999e-11	2.0086087849740343e-11	3.830845185205986e-12	6.719327293520404e-13	9.501042927911727e-14	1.1699687793178923e-14	1.1583667426310974e-15	9.592106494842832e-17	5.772152194826939e-18	2.565099095169553e-19	8.773911470728017e-21	2.2671575634619267e-22	4.325406228797605e-24	5.889440851921443e-26	1.1668323422699657e-41
0.00007434464565031672	0.00007434463677325864	0.00007434462555325516	0.00007434461137248918	0.00007434459345051291	0.00007434457080155525	0.00007434454218064143	0.00007434450601558064	0.00007434446032109132	0.00007434440259036543	0.00007434432965816882	0.00007434423752812924	0.00007434412115512577	0.00007434397417145607	0.00007434378854242736	0.00007434355413280493	0.00007434325815975703	0.00007434288450166191	0.00007434241282667225	0.00007434181749989426	0.00007434106621629541	0.00007434011828068255	0.0000743389224297701	0.00007433741409536712	0.0000743355120029086	0.00007433311389554551	0.00007433009111849074	0.00007432628190558745	0.00007432148296968475	0.00007431543889625813	0.00007430782904356278	0.0000742982510144376	0.00007428620022342993	0.00007427104428261102	0.00007425199130537597	0.00007422805043899422	0.0000741979829943838	0.00007416024203065358	0.0000741128977806382	0.00007405354590629455	0.00007397919500045783	0.00007388612918120901	0.0000737697410539725	0.00007362432985499374	0.00007344285932824273	0.00007321667005093699	0.00007293514179022266	0.00007258530391418724	0.00007215139609025621	0.00007161438959331511	0.00007095149286312773	0.00007013568622234902	0.00006913536382142798	0.00006791420979132049	0.00006643150368951359	0.00006464313828407999	0.00006250372971790376	0.00005997027539431148	0.000057007795144918196	0.00005359715806159468	0.00004974468145981303	0.00004549199344680599	0.00004092322066478304	0.000036165514631648186	0.00003137937108464194	0.00002673809467814787	0.000022400364456873127	0.000018483653905287684	0.00001504655979567671	0.000012084978353220259	9.543467917979269e-6	7.342150011041868e-6	5.41833076049075e-6	3.767968000371088e-6	2.443218609686621e-6	1.4843021993952336e-6	8.602509407436115e-7	4.849075288863896e-7	2.6591743753311963e-7	1.364213760218345e-7	6.228130529517466e-8	2.5552184113731807e-8	9.936612006431667e-9	3.6881843082747783e-9	1.1927198543044227e-9	3.326476439060998e-10	8.727609539759474e-11	2.0090696685554234e-11	3.83183386289323e-12	6.721405979674775e-13	9.504532055387372e-14	1.1704642036216655e-14	1.1589554993537417e-15	9.597781435180243e-17	5.7760197447717064e-18	2.566821302686663e-19	8.779776977144358e-21	2.2686659662524025e-22	4.328269122655556e-24	5.89331720026116e-26	1.1675964517012968e-41
0.0000743445069935551	0.00007434449811652243	0.00007434448689655108	0.00007434447271582574	0.00007434445479390085	0.00007434443214500818	0.00007434440352417651	0.00007434436735921963	0.00007434432166486168	0.00007434426393430192	0.0000743441910023154	0.0000743440988725415	0.00007434398249987404	0.00007434383551662926	0.00007434364988813791	0.00007434341547919494	0.00007434311950700628	0.00007434274584999769	0.00007434227417638213	0.00007434167885134193	0.00007434092756994061	0.0000743399796371066	0.00007433878378970835	0.00007433727545974962	0.00007433537337291113	0.00007433297527265496	0.00007432995250458798	0.00007432614330305012	0.00007432134438152003	0.00007431530032626856	0.00007430769049655611	0.00007429811249649336	0.00007428606174223432	0.00007427090584788102	0.00007425185292939594	0.00007422791213729035	0.00007419784478657793	0.00007416010394153917	0.0000741127598415355	0.00007405340815675692	0.00007397905749041743	0.00007388599197367099	0.00007376960422839107	0.00007362419351149433	0.00007344272359288715	0.00007321653508225872	0.00007293500778731259	0.0000725851711266253	0.00007215126483022212	0.0000716142602502018	0.00007095136592093829	0.00007013556228003093	0.00006913524361603671	0.00006791409422348265	0.00006643139384987105	0.00006464303547842202	0.00006250363548696437	0.00005997019152260099	0.000057007723650300244	0.000053597101156609275	0.00004974464147294182	0.000045491972696926784	0.00004092322128508294	0.00003616553834948215	0.0000313794189789351	0.00002673816694739458	0.00002240046023893033	0.000018483771176548447	0.000015046695341979526	0.000012085127732078887	9.54362529346583e-6	7.342307697407626e-6	5.418478730660331e-6	3.7680948789512547e-6	2.4433161481022086e-6	1.4843701973579124e-6	8.602959760461739e-7	4.84937454132634e-7	2.659377787938506e-7	1.364346780362048e-7	6.22886884538857e-8	2.5555607878357342e-8	9.938125780249708e-9	3.688876806301974e-9	1.192998095005571e-9	3.327348998100376e-10	8.730273777352846e-11	2.0098372922063164e-11	3.833480552874138e-12	6.72486813089758e-13	9.510343364098374e-14	1.171289356497924e-14	1.1599361018381295e-15	9.607233319769558e-17	5.782461334206643e-18	2.569689721687172e-19	8.789546258653749e-21	2.271178283253481e-22	4.333037409320783e-24	5.899773443843752e-26	1.1688691125098946e-41
0.00007434431306959006	0.00007434430419259293	0.00007434429297266652	0.00007434427879199802	0.000074344260870145	0.00007434423822134321	0.00007434420960062645	0.00007434417343581488	0.00007434412774164068	0.00007434407001131327	0.00007434399707962057	0.00007434390495021825	0.0000743437885780207	0.00007434364159537023	0.00007434345596763041	0.00007434322155963777	0.00007434292558865078	0.00007434255193316184	0.0000743420802614681	0.00007434148493885833	0.00007434073366053048	0.00007433978573158291	0.00007433858988909957	0.00007433708156535656	0.00007433517948637819	0.00007433278139606169	0.00007432975864056492	0.00007432594945492266	0.00007432115055349394	0.00007431510652366203	0.00007430749672609326	0.00007429791876667694	0.00007428586806381416	0.0000742707122344472	0.00007425165939812926	0.00007422771870990555	0.00007419765149051791	0.00007415991081147987	0.00007411256692128109	0.0000740532155016263	0.00007397886517024526	0.00007388580007657563	0.00007376941286549638	0.00007362400282283478	0.00007344253375477153	0.00007321634631641028	0.00007293482037217796	0.00007258498541126445	0.00007215108125124649	0.00007161407935221247	0.00007095118838085717	0.00007013538893553996	0.00006913507549797438	0.00006791393259145634	0.0000664312402292416	0.0000646428916954533	0.00006250350369651159	0.000059970074220462516	0.00005700762365864004	0.000053597021569863776	0.00004974458554770223	0.0000454919436763525	0.00004092322215262819	0.000036165571521008365	0.00003137948596341623	0.000026738268022442836	0.00002240059419876102	0.00001848393519096509	0.00001504688491568787	0.000012085336651861941	9.54384539725302e-6	7.3425282359873664e-6	5.418685680264924e-6	3.7682723300690783e-6	2.4434525643582385e-6	1.4844652986308873e-6	8.603589619715422e-7	4.849793072838138e-7	2.659662278783997e-7	1.3645328210094293e-7	6.229901446608272e-8	2.5560396321443374e-8	9.940242929226235e-9	3.6898453271417784e-9	1.1933872396774127e-9	3.3285693504774354e-10	8.733999953500698e-11	2.0109108829947652e-11	3.835783597071485e-12	6.729710261096016e-13	9.518471002549469e-14	1.1724434070876662e-14	1.1613075627006815e-15	9.620452631364201e-17	5.791470476997219e-18	2.5737014639162896e-19	8.803209478417813e-21	2.2746919847749027e-22	4.339706287532801e-24	5.908803081779202e-26	1.170649043234203e-41
0.00007434367618387353	0.00007434366730699313	0.00007434365608721433	0.00007434364190673251	0.00007434362398511555	0.00007434360133661225	0.00007434357271627294	0.00007434353655193862	0.00007434349085836791	0.00007434343312880365	0.00007434336019807601	0.00007434326806989415	0.00007434315169924009	0.00007434300471854155	0.00007434281909327013	0.00007434258468839881	0.00007434228872135875	0.00007434191507086099	0.00007434144340547943	0.00007434084809085242	0.00007434009682261927	0.00007433914890643674	0.00007433795308009633	0.00007433644477676873	0.00007433454272360678	0.00007433214466593695	0.00007432912195172686	0.00007432531281829348	0.00007432051398288739	0.00007431447003654564	0.00007430686034455228	0.00007429728251863853	0.00007428523198458596	0.00007427007636866567	0.0000742510238022244	0.00007422708345519912	0.00007419701666714574	0.0000741592765333345	0.00007411193333223667	0.00007405258278337695	0.00007397823355216184	0.00007388516984808158	0.0000737687843915764	0.00007362337656343	0.00007344191028896568	0.00007321572637245036	0.00007293420486461777	0.0000725843754865867	0.00007215047834349562	0.0000716134852501241	0.00007095060530777254	0.000070134819642816	0.00006913452337138984	0.00006791340176817789	0.00006643073571930461	0.00006464241949720621	0.00006250307088756673	0.00005996968899825627	0.000057007295292559324	0.00005359676022357966	0.000049744401917484466	0.00004549184841433183	0.0000409232250579391	0.000036165680528484236	0.00003137970602919289	0.000026738600058211704	0.000022401034244002817	0.00001848447394982446	0.000015047507623519035	0.000012086022901728285	9.5445683818561e-6	7.343252651160251e-6	5.419365467331736e-6	3.7688552337738105e-6	2.443900686821583e-6	1.4847777114405508e-6	8.605658792853718e-7	4.851168046504067e-7	2.660596940045138e-7	1.365144088760296e-7	6.233294669943135e-8	2.5576132997332187e-8	9.947201073894396e-9	3.6930288132591333e-9	1.194666681652046e-9	3.332582381380631e-10	8.746254555089172e-11	2.0144431620679945e-11	3.8433631857003374e-12	6.745650463339914e-13	9.545244803204897e-14	1.1762460761327896e-14	1.1658307509592479e-15	9.664071109499253e-17	5.8212289518877786e-18	2.586953379327697e-19	8.848341236151266e-21	2.286297794854219e-22	4.3617326717760446e-24	5.938625243890886e-26	1.1765273513428944e-41
0.0000743427647992779	0.00007434275592256455	0.000074342744702997	0.0000743427305227823	0.00007434271260150313	0.00007434268995342698	0.00007434266133362778	0.00007434262516997646	0.00007434257947726935	0.00007434252174879715	0.00007434244881945053	0.00007434235669301515	0.00007434224032456982	0.00007434209334666455	0.00007434190772492543	0.00007434167332452076	0.00007434137736312881	0.00007434100371977351	0.00007434053206342477	0.0000743399367602212	0.00007433918550643371	0.00007433823760851807	0.00007433704180527844	0.00007433553353116556	0.00007433363151494725	0.00007433123350399528	0.00007432821084886697	0.00007432440179014516	0.00007431960304921835	0.00007431355922235215	0.0000743059496814386	0.00007429637204656881	0.00007428432175408592	0.00007426916644361066	0.00007425011426336651	0.00007422617440460076	0.00007419610823379249	0.00007415836888020807	0.00007411102666522295	0.00007405167736248259	0.00007397732970561964	0.0000738842679900604	0.00007376788504437421	0.00007362248038522871	0.00007344101810844189	0.00007321483923173529	0.00007293332407245022	0.00007258350268359883	0.00007214961558182433	0.00007161263508947419	0.00007094977092977529	0.00007013400498470044	0.00006913373327825148	0.00006791264216035828	0.0000664300137662329	0.00006464174378260097	0.00006250245153958908	0.00005996913774755074	0.000057006825403746975	0.00005359638624101548	0.00004974413914767979	0.000045491712100631414	0.00004092322922303886	0.00003616583652723328	0.00003138002095387902	0.00002673907521346104	0.00002240166396224062	0.00001848524492854134	0.000015048398734320078	0.000012087004942051979	9.545602990221154e-6	7.344289307028201e-6	5.42033826041542e-6	3.7696893860068406e-6	2.444541964907046e-6	1.4852247856769288e-6	8.608619862791362e-7	4.853135694617344e-7	2.6619344873821943e-7	1.3660188508746497e-7	6.2381506426365e-8	2.5598653623618027e-8	9.957158867620358e-9	3.6975847484922816e-9	1.1964977564664671e-9	3.338325732162685e-10	8.763793223629079e-11	2.0194987243579103e-11	3.85421174558798e-12	6.768466018354892e-13	9.58356911993212e-14	1.1816893984247673e-14	1.1723060171886686e-15	9.726516780610704e-17	5.8638364738149535e-18	2.605927252521024e-19	8.912959910138891e-21	2.302914675662009e-22	4.393269307441477e-24	5.98132341201329e-26	1.1849436400488005e-41
0.00007434097541614308	0.00007434096653975773	0.000074340955320605	0.00007434094114091486	0.00007434092322029903	0.00007434090057306169	0.00007434087195432315	0.00007434083579201299	0.00007434079010100179	0.0000743407323746741	0.00007434065944803941	0.00007434056732503367	0.00007434045096092569	0.00007434030398850563	0.000074340118373703	0.00007433988398206961	0.00007433958803176898	0.00007433921440243955	0.00007433874276382879	0.00007433814748305774	0.00007433739625763757	0.00007433644839559317	0.00007433525263771714	0.00007433374442097402	0.00007433184247730297	0.0000743294445580921	0.00007432642201898433	0.00007432261310697568	0.00007431781455158046	0.00007431177095933164	0.00007430416171509769	0.0000742945844553862	0.00007428253463728033	0.0000742673799266159	0.00007424832850475771	0.00007422438960480072	0.00007419432464609367	0.00007415658682466231	0.00007410924654613406	0.00007404989969043298	0.00007397555512516924	0.00007388249731452427	0.0000737661192994038	0.00007362072086331459	0.0000734392664368801	0.00007321309745698934	0.00007293159476452917	0.0000725817890642613	0.00007214792168091366	0.00007161096593356267	0.00007094813276673317	0.00007013240554619256	0.00006913218207875519	0.00006791115082585523	0.00006642859637559193	0.000064640417191997	0.00006250123563809339	0.00005996805557677121	0.00005700590300634436	0.000053595652178396036	0.0000497436234779203	0.00004549144475768485	0.00004092323774378403	0.00003616614320936388	0.000031380639724312993	0.00002674000863337921	0.00002240290090124038	0.00001848675926337051	0.000015050148975058792	0.000012088933744540689	9.547635028420241e-6	7.346325382474533e-6	5.42224895522267e-6	3.7713278522114017e-6	2.445801661242566e-6	1.4861030496120412e-6	8.614437110150304e-7	4.857001537475372e-7	2.664562632820567e-7	1.3677379970883641e-7	6.247696654541815e-8	2.5642934014506656e-8	9.976740337842152e-9	3.7065460813286432e-9	1.2001014960128508e-9	3.349633651016878e-10	8.798333002256922e-11	2.029463922881501e-11	3.875609404360385e-12	6.813493043389969e-13	9.659312686832473e-14	1.1924538545988833e-14	1.1851367696545785e-15	9.850376989754607e-17	5.948545784343091e-18	2.6436533269365603e-19	9.041431699457712e-21	2.335948481301005e-22	4.455956730715755e-24	6.0661881062347e-26	1.2016697808263432e-41
0.00007433837167873318	0.00007433836280282524	0.00007433835158427621	0.00007433833740534954	0.00007433831948569915	0.0000743382968396826	0.00007433826822248774	0.00007433823206212953	0.00007433818637358656	0.00007433812865038001	0.00007433805572769228	0.00007433796360967803	0.00007433784725188263	0.00007433770028744577	0.00007433751468273853	0.0000743372803038709	0.00007433698436971266	0.00007433661076079649	0.00007433613914800168	0.000074335543899879	0.00007433479271574477	0.00007433384490590748	0.00007433264921405385	0.0000743311410808069	0.00007432923924272143	0.00007432684145703092	0.00007432381908677989	0.0000743200103882982	0.00007431521210292636	0.00007430916885214068	0.00007430156003969541	0.00007429198332599085	0.00007427993419829522	0.00007426478036059794	0.0000742457300424978	0.00007422179253799502	0.00007419172934338521	0.00007415399375185584	0.00007410665629165513	0.0000740473129973855	0.00007397297293164866	0.00007387992080423316	0.00007376354996508015	0.00007361816058605561	0.00007343671758506078	0.00007321056300904365	0.00007292907846086302	0.0000725792955938415	0.00007214545690880053	0.00007160853717546398	0.00007094574911584594	0.00007013007825524673	0.00006912992499520787	0.00006790898087027576	0.0000664265340385275	0.00006463848700613126	0.00006249946655028376	0.00005996648111612078	0.00005700456108178012	0.00005359458435870935	0.00004974287351017603	0.00004549105620815303	0.00004092325068995364	0.0000361665901031723	0.00003138154083440567	0.000026741367686113734	0.000022404701696059108	0.000018488963779197806	0.000015052696828065255	0.00001209174147855461	9.550593022332824e-6	7.349289278809824e-6	5.425030418423507e-6	3.7737131506266333e-6	2.4476356680909356e-6	1.4873818082916275e-6	8.62290756629959e-7	4.862630963183805e-7	2.6683901472993254e-7	1.3702422073085433e-7	6.261606253110122e-8	2.5707469346679224e-8	1.0005282539817077e-8	3.719611951719579e-9	1.2053591914105572e-9	3.366138489110249e-10	8.848760044866444e-11	2.044027249746655e-11	3.906902298483798e-12	6.879383596680909e-13	9.770328659275438e-14	1.2082413040367494e-14	1.2039958661709307e-15	1.0032629747324409e-16	6.073510856121365e-18	2.699313544082402e-19	9.230958899296253e-21	2.3846763749856893e-22	4.548416103250669e-24	6.191342338644029e-26	1.2263339922191943e-41
0.00007433463308052843	0.00007433462420530615	0.00007433461298762425	0.0000743345988097941	0.00007433458089153034	0.00007433455824726719	0.00007433452963228949	0.00007433449347473481	0.00007433444778973689	0.00007433439007101317	0.00007433431715399435	0.00007433422504314927	0.0000743341086944205	0.00007433396174144972	0.00007433377615124226	0.00007433354179070978	0.00007433324587973646	0.00007433287230013941	0.00007433240072442342	0.00007433180552319284	0.00007433105439835663	0.0000743301066635032	0.00007432891106647596	0.00007432740305315262	0.00007432550136671722	0.00007432310377279889	0.00007432008164507284	0.00007431627325327493	0.00007431147535573134	0.00007430543259538116	0.00007429782440310386	0.00007428824847361628	0.00007427620033754074	0.00007426104775366581	0.00007424199902086763	0.00007421806352062324	0.00007418800285974524	0.00007415027047097235	0.00007410293705867023	0.00007404359887960232	0.00007396926527643238	0.00007387622131170908	0.0000737598607792345	0.00007361448440866658	0.0000734330578177733	0.00007320692392971841	0.00007292546544176583	0.00007257571536963856	0.00007214191790336028	0.0000716050498961956	0.00007094232662313911	0.00007012673671120118	0.00006912668428870033	0.00006790586530406411	0.00006642357304291662	0.00006463571581712512	0.00006249692674402804	0.000059964220847014284	0.000057002634801391006	0.00005359305177214533	0.000049741797451169826	0.000045490499250485144	0.000040923270396390534	0.00003616723308323256	0.000031382836198147514	0.00002674332078318211	0.000022407289255262535	0.000018492131189384915	0.00001505635736285358	0.000012095775277423523	9.554842656823188e-6	7.353547444994325e-6	5.429026654056851e-6	3.7771404625210123e-6	2.450271115128741e-6	1.4892195409643076e-6	8.635081672477709e-7	4.870722626654714e-7	2.673892622639082e-7	1.373843351149318e-7	6.281617559223981e-8	2.580034270687504e-8	1.0046365393257313e-8	3.738426188912757e-9	1.2129368582376677e-9	3.3899406461202386e-10	8.921509820934382e-11	2.0650669035843968e-11	3.9521562563596326e-12	6.974754331003294e-13	9.931376528583767e-14	1.231164565429993e-14	1.231463851330159e-15	1.0298484839564689e-16	6.256463396441736e-18	2.7808141814358327e-19	9.508438860797464e-21	2.4560067028857605e-22	4.683741306032184e-24	6.374489184747522e-26	1.262421295646132e-41
0.00007432944363500963	0.00007432943476073951	0.00007432942354426171	0.00007432940936795429	0.00007432939145161605	0.00007432936880978776	0.00007432934019788892	0.00007432930404422736	0.00007432925836415227	0.00007432920065165362	0.00007432912774250696	0.00007432903564161733	0.00007432891930547893	0.00007432877236843052	0.00007432858679835817	0.0000743283524632868	0.0000743280565845092	0.00007432768304562613	0.00007432721152139963	0.00007432661638528575	0.00007432586534279372	0.00007432491771206662	0.00007432372224672003	0.00007432221439992854	0.000074320312924082	0.00007431791559646805	0.00007431489380552424	0.00007431108583960268	0.00007430628848061669	0.00007430024640130968	0.00007429263907022847	0.00007428306422974368	0.0000742710174706812	0.0000742558666279265	0.00007423682009655773	0.0000742128873795266	0.00007418283023711525	0.00007414510229585033	0.00007409777450466313	0.00007403844342882117	0.00007396411879989681	0.00007387108617029968	0.00007375473995020037	0.00007360938164383613	0.00007342797784084673	0.00007320187268115727	0.0000729204503817827	0.00007257074585035209	0.00007213700562261171	0.00007160020944515515	0.00007093757613820086	0.00007012209863599375	0.00006912218624210486	0.0000679015410343784	0.00006641946341894748	0.00006463186976990756	0.00006249340200911144	0.00005996108429508625	0.000056999962047948386	0.00005359092572834854	0.00004974030537273096	0.00004548972803159319	0.000040923299972367646	0.00003616812817750192	0.00003138463723174955	0.0000267460351800694	0.000022410884694505558	0.0000184965318305024	0.00001506144277625995	0.000012101379030062275	9.560746170939538e-6	7.359462914033144e-6	5.434578579353535e-6	3.781902507880927e-6	2.4539334232347447e-6	1.4917736573933063e-6	8.65200351643053e-7	4.881971537971538e-7	2.6815437827321326e-7	1.378852836251621e-7	6.30947243306311e-8	2.592967494260553e-8	1.0103590907737826e-8	3.764648163721814e-9	1.2235116868871294e-9	3.423186157996245e-10	9.02317685313563e-11	2.0945284305486096e-11	4.0156150700596426e-12	7.10865710208828e-13	1.0158218176656267e-13	1.2634943579967775e-14	1.2703736557234086e-15	1.0675894401096769e-16	6.517531660221438e-18	2.8971394515292147e-19	9.904411093888332e-21	2.557775966812415e-22	4.876770404705295e-24	6.635668076188077e-26	1.3138727652289393e-41
0.00007432249263936262	0.00007432248376636858	0.00007432247255150456	0.00007432245837723784	0.0000743224404634802	0.00007432241782491511	0.00007432238921714254	0.00007432235306869856	0.00007432230739522102	0.0000743222496910652	0.00007432217679246878	0.00007432208470492145	0.00007432196838565664	0.00007432182146994734	0.00007432163592686002	0.0000743214016259116	0.00007432110579028266	0.00007432073230596438	0.00007432026085074403	0.00007431966580189943	0.00007431891486976491	0.00007431796737858773	0.0000743167720897193	0.00007431526446611351	0.00007431336327249781	0.0000743109663017845	0.00007430794496219566	0.00007430413756703286	0.00007429934092982082	0.00007429329976324674	0.00007428569358633908	0.00007427612020533408	0.00007426407529174223	0.00007424892678243417	0.00007422988320141779	0.00007420595421444491	0.00007417590178747762	0.00007413817980675702	0.00007409085954898112	0.00007403153799287467	0.0000739572253912254	0.00007386420795295513	0.00007374788091429265	0.00007360254681756763	0.00007342117355492483	0.00007319510689699866	0.00007291373309758212	0.00007256408959984982	0.00007213042608330432	0.0000715937261722102	0.00007093121343814001	0.00007011588658796907	0.00006911616186017403	0.00006789574954952999	0.00006641395960424532	0.00006462671920366391	0.0000624886820698705	0.000059956884604780384	0.00005699638394883358	0.000053588080340949973	0.00004973830963992002	0.00004548869841082694	0.000040923343594253284	0.000036169331782690906	0.00003138705498768583	0.000026749677027630272	0.000022415707307507866	0.000018502433559045544	0.000015068262226169929	0.000012108893168448356	9.568662123618892e-6	7.3673950821778216e-6	5.442023863264024e-6	3.7882894751457628e-6	2.4588463202444316e-6	1.4952005549068784e-6	8.674711485523888e-7	4.897069713647698e-7	2.691816156173949e-7	1.3855823347632235e-7	6.346922917846634e-8	2.6103662505570724e-8	1.0180601986087794e-8	3.799963468583013e-9	1.2377782671626497e-9	3.468090539306505e-10	9.160595159139449e-11	2.1344565893021054e-11	4.101783290485507e-12	7.29077737433061e-13	1.0468071395298352e-13	1.3077303859493538e-14	1.3239250692987396e-15	1.1196795353250809e-16	6.880358841713346e-18	3.0588564599169604e-19	1.0454761316190982e-20	2.6991824412731754e-22	5.1448992053003275e-24	6.998342707567908e-26	1.3852975570768328e-41
0.00007431347541996081	0.00007431346654862336	0.00007431345533585427	0.00007431344116423678	0.00007431342325382922	0.00007431340061950035	0.00007431337201708439	0.00007431333587541376	0.00007431329021050105	0.0000743132325171757	0.00007431315963227538	0.00007431306756204872	0.00007431295126468884	0.00007431280437668153	0.0000743126188686256	0.00007431238461197485	0.00007431208883236058	0.00007431171541887715	0.00007431124405323906	0.00007431064911768555	0.0000743098983288148	0.00007430895101879836	0.00007430775595903007	0.00007430624862515917	0.00007430434779792949	0.00007430195129053695	0.00007429893053688745	0.0000742951238826715	0.00007429032818245092	0.00007428428820076728	0.00007427668352218302	0.00007426711203584368	0.0000742550695180025	0.00007423992403792545	0.00007422088428699411	0.00007419696014230414	0.00007416691383682724	0.0000741291995939607	0.00007408188911590275	0.00007402257991812032	0.00007394828293003317	0.00007385528521283535	0.00007373898307513027	0.00007359368040688133	0.00007341234679112408	0.00007318633011545792	0.0000729050192777941	0.00007255545501292506	0.00007212189108154913	0.00007158531614189966	0.0000709229599337399	0.00007010782865798637	0.00006910834755713393	0.0000678882375910829	0.0000664068210968606	0.00006462003928139532	0.00006248256118629641	0.000059951439108385614	0.00005699174540408891	0.000053584393007043474	0.00004973572533459666	0.00004548736832006583	0.000040923406797014464	0.00003617090087925177	0.000031390200289183326	0.000026754411424842127	0.000022421974539215952	0.00001851010165129245	0.0000150771216687886	0.000012118654459165658	9.57894516361971e-6	7.37769949149065e-6	5.451696762518126e-6	3.7965889524399493e-6	2.46523185337652e-6	1.4996556721150118e-6	8.704238894592301e-7	4.916706806310855e-7	2.7051817315549636e-7	1.3943444933178693e-7	6.39573758876554e-8	2.6330614979116458e-8	1.0281101094872204e-8	3.846094532055113e-9	1.2564548285341989e-9	3.526962932686298e-10	9.340919734312165e-11	2.1870279454071502e-11	4.215512201980032e-12	7.53164024713873e-13	1.088009256458197e-13	1.3666772995960949e-14	1.3958103033806078e-15	1.189847973031819e-16	7.373381920223554e-18	3.2786948520777167e-19	1.1202674904345829e-20	2.891282464029911e-22	5.5090107861827626e-24	7.490641703262093e-26	1.4822142989348877e-41
0.0000743018223297855	0.00007430181346059114	0.00007430180225053223	0.00007430178808234201	0.00007430177017626837	0.0000743017475474198	0.00007430171895193364	0.00007430168281902554	0.000074301637165193	0.00007430157948587883	0.00007430150661869688	0.00007430141457087767	0.00007430129830185578	0.00007430115144968604	0.00007430096598694957	0.00007430073178760591	0.00007430043608045678	0.00007430006275861108	0.00007429959150886392	0.00007429899671987302	0.00007429824611634001	0.00007429729904068787	0.0000742961042773022	0.00007429459731825602	0.00007429269696501326	0.00007429030105701028	0.00007428728106137978	0.00007428347536571331	0.0000742786808776614	0.00007427264242884907	0.0000742650396886185	0.00007425547065337395	0.00007424343123487203	0.00007422828967365676	0.00007420925487763799	0.0000741853369973231	0.00007415529861111007	0.00007411759437856977	0.00007407029655236333	0.00007401100334233274	0.00007393672655324695	0.00007384375434887341	0.00007372748442513329	0.00007358222241540788	0.0000734009400902199	0.00007317498807587242	0.00007289375869095702	0.00007254429692862287	0.0000721108618294104	0.00007157444856402114	0.0000709122948520561	0.00007009741658960105	0.0000690982506685755	0.00006787853184516298	0.00006639759848511815	0.0000646114099434477	0.00006247465508172167	0.00005994440676123312	0.000056985757024858406	0.000053579635230299144	0.00004973239457401111	0.00004548566016880313	0.0000409235011809436	0.000036172943464627683	0.000031394282021151994	0.000026760548952838974	0.00002243009504809861	0.00001852003438163438	0.00001508859559557618	0.000012131295125879594	9.592261041998873e-6	7.391043625350456e-6	5.464224984434951e-6	3.8073412837274665e-6	2.4735075050991144e-6	1.505431444864266e-6	8.742530899262694e-7	4.942181921008924e-7	2.722530522552977e-7	1.4057300070074604e-7	6.459267536854168e-8	2.6626309190219422e-8	1.0412125926554365e-8	3.9063233515628635e-9	1.2809174208080647e-9	3.6042443154430176e-10	9.577938747667249e-11	2.2564691496773108e-11	4.366277641422049e-12	7.851884717818742e-13	1.1432291745270752e-13	1.4459220439841878e-14	1.49349042714895e-15	1.285673014744279e-16	8.055369575660076e-18	3.582993366119023e-19	1.223745109486815e-20	3.156922240218039e-22	6.012223556354888e-24	8.170595654817786e-26	1.615999627490493e-41
0.00007428733588550084	0.00007428732701897383	0.00007428731581228808	0.0000742873016483635	0.00007428728374768397	0.00007428726112565635	0.00007428723253879516	0.00007428719641679315	0.00007428715077675122	0.00007428709311487574	0.00007428702026974652	0.00007428692824981615	0.00007428681201606444	0.00007428666520849899	0.00007428647980216828	0.00007428624567415043	0.00007428595005719323	0.00007428557684940212	0.00007428510574389564	0.0000742845111373202	0.00007428376076446314	0.00007428281398050663	0.0000742816195860061	0.00007428011309347604	0.00007427821333016925	0.00007427581816818137	0.00007427279911600013	0.00007426899461336831	0.00007426420163401163	0.00007425816509304935	0.00007425056476534209	0.00007424099878079172	0.00007422896321980513	0.00007421382653610414	0.00007419479790709493	0.00007417088782358019	0.00007414085929388506	0.00007410316752045403	0.00007405588544106939	0.00007399661212981195	0.00007392236048093573	0.00007382942003050456	0.00007371319020113868	0.00007356797879613287	0.0000733867603086288	0.00007316088877362288	0.00007287976076721591	0.00007253042658268514	0.0000720971518320977	0.00007156093979189512	0.0000708990381138119	0.000070084474761176	0.0000690857011254523	0.00006786646913487068	0.00006638613710605489	0.00006460068698258831	0.00006246483229629401	0.00005993567150439043	0.00005697832115755311	0.00005357373105523807	0.000049728266566354136	0.000045483551777985375	0.00004092363635292416	0.000036175503492345965	0.00003139938007607208	0.00002676820571878424	0.00002244021985428163	0.000018532414659276057	0.000015102894038094601	0.00001214704577208238	9.608852399802337e-6	7.407671004385044e-6	5.479838346602608e-6	3.8207455592402925e-6	2.4838283445934543e-6	1.5126373235197736e-6	8.790320460201653e-7	4.973988451401775e-7	2.74420464012906e-7	1.4199709880013833e-7	6.538871648148384e-8	2.699727953516479e-8	1.0576626264919321e-8	3.982060189731232e-9	1.3117892221260871e-9	3.702015475729041e-10	9.878229693559043e-11	2.344929377447437e-11	4.559113646434061e-12	8.262807248864957e-13	1.2147165659217212e-13	1.548855577015419e-14	1.6218787754462792e-15	1.4123004156716527e-16	8.969500563956227e-18	3.991198646224835e-19	1.3624845851425606e-20	3.512872800929641e-22	6.686083544439458e-24	9.080506153559972e-26	1.7949191189884086e-41
0.00007426953123973127	0.00007426952237648766	0.00007426951117395415	0.0000742694970152804	0.00007426947912124083	0.0000742694565076095	0.00007426942793136531	0.00007426939182278826	0.00007426934619972206	0.0000742692885593129	0.00007426921574132973	0.00007426912375572942	0.00007426900756539382	0.00007426886081273438	0.00007426867547583691	0.00007426844143561835	0.00007426814592968385	0.00007426777286228942	0.00007426730193433753	0.00007426670755230831	0.0000742659574634043	0.00007426501103851364	0.00007426381709809612	0.000074262311179829	0.00007426041214271027	0.00007425801789903756	0.00007425500000820524	0.00007425119697415233	0.00007424640585194009	0.00007424037165946657	0.00007423277430148089	0.00007422321207221616	0.0000742111812596802	0.00007419605058000989	0.00007417702954235049	0.00007415312905639513	0.00007412311265969426	0.00007408543622295012	0.00007403817352730442	0.0000739789247106856	0.00007390470400846683	0.0000738118026459647	0.00007369562217131236	0.00007355047305890207	0.00007336933315334146	0.00007314356068564918	0.00007286255747282513	0.00007251338033250959	0.00007208030296619609	0.00007154433862829326	0.00007088274719732999	0.0000700685714914372	0.00006907028075092233	0.00006785164804353622	0.00006637205624637482	0.00006458751511042793	0.00006245276853891211	0.000059924946501038554	0.00005696919571442474	0.0000535664911508135	0.00004972321316190109	0.00004548098456514954	0.00004092383100965626	0.000036178683172970186	0.00003140568405564319	0.000026777659396495293	0.000022452711548834557	0.000018547682647866248	0.000015120523132659649	0.000012166462552566089	9.629304581290682e-6	7.428168885743842e-6	5.499090384006593e-6	3.83728025674526e-6	2.4965660281523558e-6	1.5215349583123706e-6	8.849355810737981e-7	5.013300116290799e-7	2.7710146822705935e-7	1.4376134488676627e-7	6.637714944377987e-8	2.7458649311009612e-8	1.0781404539608524e-8	4.07653285191975e-9	1.3504756445399542e-9	3.824929536349532e-10	1.0256429577648232e-10	2.4571174816500856e-11	4.804958986525717e-12	8.788781908655391e-13	1.3072662677952062e-13	1.6826751596296718e-14	1.791312230936648e-15	1.5805157071337962e-16	1.0206226217266642e-17	4.544085936981992e-19	1.5502718458155503e-20	3.994290137039487e-22	7.59670898306511e-24	1.0309021259159158e-25	2.0362921005914605e-41
0.0000742480650938028	0.00007424805623452493	0.00007424804503700652	0.00007424803088467482	0.00007424801299865506	0.0000742479903951649	0.00007424796183174409	0.00007424792573938188	0.0000742478801368192	0.00007424782252233735	0.00007424774973714155	0.00007424765779300555	0.00007424754165510859	0.00007424739496876553	0.0000742472097157305	0.00007424697578155714	0.00007424668040971741	0.00007424630751189603	0.00007424583679839696	0.00007424524268757773	0.00007424449294163618	0.00007424354695043026	0.00007424235355846038	0.00007424084833379597	0.00007423895017377735	0.00007423655703925837	0.00007423354055111936	0.00007422973929083676	0.00007422495041170927	0.00007421891905577377	0.00007421132528465935	0.00007420176759108233	0.00007418974251379243	0.00007417461908587708	0.00007415560721716043	0.00007413171832327769	0.00007410171658098746	0.00007406405866812544	0.00007401681938445765	0.00007395760015284762	0.00007388341682849901	0.00007379056267704486	0.0000736744418138623	0.00007352936793955931	0.00007334832294673458	0.00007312267013449043	0.000072841817649962	0.00007249283019116383	0.00007205999123032485	0.00007152432607365762	0.00007086310936813936	0.00007004940187433502	0.00006905169439173873	0.00006783378552241689	0.00006635508781020222	0.00006457164459514584	0.00006243823646799788	0.00005991203146314996	0.000056958212744405784	0.000053557785680414285	0.000049717148726650595	0.00004547792315780468	0.00004092410561049162	0.00003618256329535398	0.000031413337869604004	0.00002678911749445423	0.00002246783894490383	0.00001856616314653402	0.00001514185528956393	0.000012189954013710849	9.654047331888001e-6	7.452968725336825e-6	5.522388785040412e-6	3.857299342351188e-6	2.511997052543796e-6	1.5323200409983465e-6	8.920950629840247e-7	5.061003646161582e-7	2.803578074373854e-7	1.4590794566569108e-7	6.75829564985626e-8	2.802252605522478e-8	1.1031948596281596e-8	4.192386105021368e-9	1.3981667447524875e-9	3.977014034196596e-10	1.0725338494618649e-10	2.5973081052090213e-11	5.114023706685845e-12	9.452909825783802e-13	1.4256402464169057e-13	1.85462666453368e-14	2.0127013023068134e-15	1.8018842650540423e-16	1.1867522107291546e-17	5.287835605679358e-19	1.8026920457564696e-20	4.640834922510117e-22	8.818519169403138e-24	1.1955671718944197e-25	2.359520274380118e-41
0.0000742222613257308	0.00007422225247123143	0.00007422224127975599	0.00007422222713506612	0.00007422220925870983	0.00007422218666743926	0.00007422215811946995	0.00007422212204664579	0.0000742220764687888	0.00007422201888554805	0.00007422194613985932	0.00007422185424568568	0.0000742217381709746	0.00007422159156453936	0.00007422140641255427	0.00007422117260615998	0.00007422087739589759	0.000074220504702403	0.00007422003424730853	0.00007421944046328342	0.00007421869113059413	0.00007421774566195617	0.00007421655293083748	0.0000742150485419288	0.00007421315143877115	0.00007421075964072559	0.0000742077448427603	0.00007420394571978073	0.00007419915954345562	0.00007419313160540458	0.0000741855421562873	0.00007417598992798458	0.00007416397176137532	0.00007414885707145951	0.00007412985625085823	0.00007410598132484197	0.00007407599724038638	0.00007403836164788557	0.00007399115057450087	0.0000739319669913848	0.00007385782870556731	0.00007376503144118015	0.00007364898240702999	0.00007350399919119332	0.00007332306856396293	0.00007309755993133126	0.00007281688906809124	0.00007246813016795713	0.00007203557847686413	0.00007150027382384747	0.00007083950865077495	0.00007002636533971175	0.00006902936066971587	0.0000678123240130629	0.00006633470366409773	0.00006455258344096702	0.00006242078814691685	0.00005989653169058266	0.00005694504116074176	0.00005354735855809544	0.00004970990415634345	0.000045474297357077186	0.00004092449982203459	0.00003618730224548276	0.00003142262411508578	0.000026802987761852768	0.000022486130427562676	0.000018588494714559126	0.00001516762275264789	0.000012218323506538336	9.683925700170787e-6	7.482918902420549e-6	5.550535095604135e-6	3.881498601182342e-6	2.5306648021117145e-6	1.5453770863306122e-6	9.007685769040942e-7	5.118840756309823e-7	2.843107234069626e-7	1.485197411772788e-7	6.905515349561508e-8	2.8712669603812923e-8	1.1339027231833052e-8	4.3348085660445905e-9	1.4571988155008937e-9	4.1661899132692633e-10	1.1310131780572773e-10	2.7739268923778215e-11	5.506528805758089e-12	1.0300965631235577e-12	1.579360890714632e-13	2.0792341791359468e-14	2.3081847762163753e-15	2.099964116641258e-16	1.4165399509892574e-17	6.318758075067924e-19	2.1522195865502582e-20	5.535061506802127e-22	1.0506245318825822e-23	1.4227150932898026e-25	2.8048509158143914e-41
0.00007419188372922868	0.00007419187488036991	0.00007419186369602766	0.0000741918495603583	0.00007419183169540887	0.00007419180911856246	0.00007419178058883228	0.0000741917445390711	0.00007419169899037701	0.00007419164144401361	0.0000741915687449595	0.00007419147690976202	0.00007419136090963625	0.00007419121439752513	0.00007419102936482059	0.00007419079570925827	0.00007419050068972374	0.0000741901282374189	0.00007418965808734821	0.00007418906468907475	0.00007418831584419348	0.00007418737099240102	0.00007418617904135884	0.00007418467563898616	0.00007418277978336023	0.00007418038956290384	0.00007417737676003989	0.00007417358015995931	0.00007416879717405459	0.00007416277327051706	0.00007415518892313809	0.00007414564314611428	0.00007413363313695887	0.00007411852876149028	0.00007409954098222817	0.00007407568254406501	0.00007404571930315527	0.00007400811005791755	0.00007396093228435271	0.00007390179078124156	0.00007382770565959137	0.00007373497554560618	0.00007361901129965078	0.00007347413509867631	0.00007329333947075083	0.00007306800103067229	0.00007278754455722473	0.00007243905545328965	0.0000720068428631081	0.00007147196375935006	0.00007081173159044214	0.00006999925426209126	0.0000690030792224141	0.00006778707216874209	0.00006631072359958437	0.00006453016512176719	0.00006240027373469316	0.00005987831750585788	0.000056929575389279886	0.000053535132630833496	0.000049701435265824174	0.000045470100464819464	0.00004092504858894947	0.0000361929799484891	0.00003143366974930261	0.000026819444499482274	0.000022507805884006683	0.000018614938835287383	0.000015198122344534908	0.000012251894797262856	9.71927956608833e-6	7.518361491734144e-6	5.5838553275424554e-6	3.910165421990732e-6	2.5527980976709133e-6	1.5608709372190583e-6	9.110684928139295e-7	5.187583034488103e-7	2.8901532462308406e-7	1.516360869354776e-7	7.081845733582754e-8	2.954154177647623e-8	1.1708401798393971e-8	4.5066843583844695e-9	1.5289761407836277e-9	4.3974683705587084e-10	1.2027069083312524e-10	2.9928361854939086e-11	5.997380801375686e-12	1.1367551705502802e-12	1.7762674642293722e-13	2.3687285416891214e-14	2.697926266489615e-15	2.4967447842929733e-16	1.7314952777884053e-17	7.735538873761013e-19	2.63202636500745e-20	6.760990566680438e-22	1.2816741456924049e-23	1.7332087391325614e-25	3.4127488720492314e-41
0.00007415643720433716	0.00007415642836208124	0.00007415641718608905	0.00007415640306097904	0.00007415638520938244	0.00007415636264942085	0.00007415633414104133	0.00007415629811827753	0.00007415625260372136	0.00007415619510052636	0.00007415612245606247	0.00007415603068990209	0.00007415591477708546	0.0000741557683753896	0.0000741555834823142	0.00007415535000331496	0.00007415505520704538	0.00007415468303707584	0.00007415421324406413	0.00007415362029734929	0.00007415287202349343	0.00007415192789377693	0.00007415073685588763	0.00007414923460834834	0.0000741473402130764	0.00007414495183933688	0.00007414194137192738	0.00007413814772513918	0.00007413336847392252	0.00007412734929316609	0.00007411977091785465	0.00007411023269266655	0.00007409823223258537	0.00007408313993116117	0.00007406416741803256	0.00007404032828047919	0.00007401038943894243	0.0000739728110357187	0.00007392567224282131	0.00007386657999845768	0.0000737925571106818	0.0000736999056028866	0.0000735840406099878	0.00007343928968072705	0.00007325865208331326	0.0000730335128713491	0.00007275330736389993	0.0000724051340855516	0.00007197331845088298	0.00007143893750156922	0.00007077932927780172	0.00006996763156534304	0.00006897242771658585	0.00006775762595564898	0.00006628276619062862	0.00006450403597916534	0.00006237637343354028	0.00005985711003628615	0.00005691158546216855	0.00005352093559194408	0.00004969163663375811	0.000045465303107021496	0.00004092580700152065	0.0000361997427537138	0.00003144671656528277	0.000026838825614318908	0.00002253329580552004	0.000018646010503225677	0.00001523394086304528	0.000012291309341360712	9.760782806402268e-6	7.559974070449213e-6	5.622993099216497e-6	3.9438639452589825e-6	2.5788429605239976e-6	1.5791208743727256e-6	9.232112728362709e-7	5.268707842787392e-7	2.945762001249901e-7	1.5533057210268148e-7	7.291823968869651e-8	3.05317766574124e-8	1.215047669604076e-8	4.713164238773892e-9	1.6159604709040907e-9	4.679559826982982e-10	1.29042732485588e-10	3.264039985020792e-11	6.611949358809359e-12	1.2711275850101798e-12	2.0296251394818018e-13	2.7438099059845758e-14	3.216230397326965e-15	3.029734036871713e-16	2.1689997452927214e-17	9.710539453112797e-19	3.299992615498941e-20	8.465054369759747e-22	1.6023028451684807e-23	2.1633129105746817e-25	4.2534662852106784e-41
0.00007411545492272909	0.0000741154460881359	0.0000741154349218341	0.00007411542080897843	0.00007411540297287804	0.00007411538043251162	0.00007411535194890993	0.00007411531595747712	0.00007411527048253869	0.00007411521302944146	0.00007411514044833054	0.00007411504876228902	0.00007411493295079624	0.00007411478667723938	0.00007411460194620632	0.00007411436867211197	0.00007411407413494572	0.00007411370229263167	0.00007411323291399358	0.0000741126404913234	0.00007411189288015373	0.00007411094958842042	0.00007410975961026232	0.0000741082587029294	0.00007410636600242708	0.00007410397977183802	0.00007410097201476864	0.00007409718179533469	0.0000740924068782955	0.000074086393178421	0.00007407882173381126	0.0000740692922726813	0.0000740573028944918	0.00007404222460524386	0.0000740232698087791	0.0000739994530699861	0.00007396954254444174	0.00007393199993404772	0.00007388490637908457	0.00007382587130062675	0.00007375192063673532	0.00007365936035335786	0.00007354361054619011	0.00007339900499814732	0.00007321855079966906	0.00007299364279804306	0.0000727137285449673	0.00007236592179375994	0.00007193456684164069	0.00007140076402222206	0.00007074187991707515	0.00006993108699146516	0.00006893701026965598	0.00006772360733535397	0.00006625047544897815	0.00006447386710685542	0.00006234879136188709	0.00005983265330753905	0.00005689086311343697	0.000053504615428357264	0.000049680421484369445	0.000045459892707455626	0.0000409268448944127	0.00003620774950494357	0.000031462016491119686	0.000026861476736558026	0.00002256303604010268	0.000018682227879179517	0.000015275666357904296	0.000012337208489136922	9.80910863101345e-6	7.608434197204922e-6	5.668594152056387e-6	3.983163649211713e-6	2.6092530740247727e-6	1.6004539675245412e-6	9.374199950643373e-7	5.363747912367819e-7	3.011029180438663e-7	1.59681555832528e-7	7.54039222121957e-8	3.1708424931199075e-8	1.2676849994834097e-8	4.960064501938217e-9	1.721015644084719e-9	5.022827027050888e-10	1.3975433839392933e-10	3.599850070391471e-11	7.38237148607067e-12	1.440694323529363e-12	2.3570581708740077e-13	3.232296165917384e-14	3.911006907158547e-15	3.7520363198622944e-16	2.784734406468635e-17	1.2503065350461236e-18	4.2430046553788406e-20	1.086649474365151e-21	2.0532717115965745e-23	2.7670035825975335e-25	5.431273589433014e-41
0.00007406850052490871	0.00007406849169913315	0.00007406848054398226	0.00007406846644522783	0.00007406844862695917	0.00007406842610914124	0.00007406839765405183	0.00007406836169867211	0.00007406831626932243	0.00007406825887387353	0.00007406818636566388	0.00007406809477181637	0.00007406797907691855	0.00007406783295081327	0.00007406764840624494	0.00007406741536793806	0.00007406712112892627	0.0000740667496636506	0.00007406628076183875	0.00007406568894219457	0.00007406494209358889	0.00007406399976613662	0.00007406281100742804	0.00007406131164229223	0.00007405942089198972	0.00007405703712755865	0.0000740540324893219	0.00007405024621380231	0.00007404547628417192	0.00007403946889124178	0.00007403190542190608	0.00007402238604572969	0.00007401040941966208	0.00007399534725447277	0.00007397641284488936	0.00007395262188078022	0.0000739227439390729	0.00007388524251617224	0.00007383820101739092	0.00007377923172090673	0.00007370536416657336	0.00007361290885716802	0.00007349729159694358	0.00007335285334272206	0.00007317261018633547	0.00007294796824520144	0.00007266838914788287	0.00007232100417262099	0.00007189017934593664	0.0000713570418059339	0.00007069899097999695	0.00006988923924639331	0.00006889645958237453	0.00006768466638151418	0.00006621352291238925	0.00006443935641286835	0.00006231725758906861	0.000059804716262046004	0.00005686722375431333	0.00005348604234788825	0.00004966772359691542	0.00004545387533369561	0.000040928248619289346	0.000036217173273942594	0.000031479833220140665	0.000026887752757659193	0.000022597469228123235	0.00001872411362871684	0.000015323889388407192	0.000012390234679683298	9.864930768634891e-6	7.664420673039627e-6	5.7213077614069505e-6	4.028641078386784e-6	2.644491632580104e-6	1.6252067263795802e-6	9.539256502803814e-7	5.474301743238068e-7	3.087109038027169e-7	1.6477296223048805e-7	7.832968712350318e-8	3.3099406062648973e-8	1.330054012222915e-8	5.253991785750251e-9	1.8474887043502218e-9	5.439662555884744e-10	1.528110122292894e-10	4.015450396390321e-11	8.34950846228106e-12	1.6550260893758158e-12	2.78201279096361e-13	3.871645374524277e-14	4.849210207725831e-15	4.739013672966304e-16	3.6619007655853047e-17	1.650545049568616e-18	5.59221437689049e-20	1.4295304613740136e-21	2.695741413535838e-23	3.624997774354251e-25	7.101622827032876e-41
0.00007401517029408092	0.00007401516147837019	0.00007401515033594741	0.00007401513625328879	0.00007401511845537407	0.00007401509596329398	0.00007401506754074974	0.00007401503162652262	0.00007401498624920999	0.00007401492891956342	0.00007401485649456647	0.00007401476500595324	0.00007401464944414196	0.00007401450348634439	0.0000740143191546152	0.00007401408638544667	0.00007401379248676166	0.0000740134214518542	0.00007401295309431261	0.00007401236196298658	0.00007401161598480553	0.0000740106747580266	0.00007400948739125122	0.00007400798978644742	0.00007400610126219052	0.00007400372031274138	0.00007400071923447869	0.00007399693746072061	0.00007399217322394008	0.00007398617303004155	0.00007397861866404088	0.00007396911079928967	0.00007395714872907086	0.00007394210496862238	0.00007392319382956541	0.00007389943228584483	0.00007386959153674467	0.00007383213712720673	0.00007378515504785945	0.00007372626083814101	0.00007365248814920584	0.00007356015266245692	0.00007344468669828523	0.00007330043940231193	0.00007312043714125018	0.00007289609889723513	0.00007261690236750624	0.00007226999883498713	0.0000718397791305829	0.0000713074009931406	0.00007065030134024895	0.00006984173811371014	0.00006885043903974664	0.00006764048336460855	0.00006617160971721582	0.00006440023066822074	0.00006228153015442566	0.00005977309473756357	0.00005684050841969116	0.00005346511067795526	0.00004965349912448042	0.000045447277444516126	0.0000409301227337907	0.00003622820293011276	0.00003150044372257506	0.00002691801924343982	0.000022637046132307396	0.000018772196158088307	0.0000153792041833551	0.00001245103252292424	9.928924545808896e-6	7.728614685640693e-6	5.781788022874283e-6	4.080881445680893e-6	2.6850331031231815e-6	1.6537266874030112e-6	9.729683986998582e-7	5.602043749907796e-7	3.175222997345284e-7	1.7069507532247906e-7	8.175521419577704e-8	3.4735990855414124e-8	1.403623346417512e-8	5.602481206708579e-9	1.9993004021458228e-9	5.944928868706251e-10	1.6870184901666035e-10	4.529558577752919e-11	9.565383270106794e-12	1.92636559491194e-12	3.33565394613133e-13	4.712318179350734e-14	6.124306476641727e-15	6.09770300656966e-16	4.9249357974292953e-17	2.2313746773874945e-18	7.546379036288342e-20	1.9250029627613407e-21	3.621799500281599e-23	4.858384782700293e-25	9.496944292993555e-41
0.00007395494763159009	0.00007395493882731135	0.00007395492769934564	0.00007395491363496918	0.0000739548958601732	0.00007395487339732708	0.00007395484501174885	0.00007395480914426436	0.0000739547638260573	0.00007395470657115139	0.00007395463424067039	0.00007395454287158595	0.00007395442746093909	0.0000739542816943114	0.00007395409760433258	0.00007395386514086125	0.00007395357162873175	0.00007395320108265189	0.00007395273334331173	0.00007395214299380209	0.00007395139800428118	0.00007395045802768709	0.00007394927224191901	0.0000739477766365637	0.00007394589064073132	0.00007394351288864022	0.00007394051585392499	0.00007393673919343397	0.00007393198142279849	0.00007392598940582765	0.00007391844537972874	0.00007390895059008603	0.00007389700505294127	0.00007388198219729575	0.00007386309748979103	0.00007383936936287851	0.00007380957085859592	0.00007377216984870731	0.00007372525526036345	0.00007366644633730695	0.00007359278140052875	0.00007350058201362195	0.00007338528789845745	0.00007324125750194957	0.00007306152886183988	0.00007283753557307239	0.00007255877358524174	0.00007221241690448373	0.00007178288453864988	0.00007125136898243187	0.00007059534974735918	0.00006978813653116096	0.0000687985192571443	0.00006759065084857554	0.00006612435554990513	0.00006435614288193891	0.0000622413027120501	0.000059737531525340717	0.000056810518644520485	0.00005344169123309485	0.00004963769925608047	0.00004544014165273634	0.000040932611317551864	0.000036241092162084226	0.00003152421619972236	0.000026952759543767717	0.000022682360790697608	0.000018827170349492123	0.000015442391160909983	0.000012520447844708506	0.000010001975833191656	7.80191004121351e-6	5.8508941067648315e-6	4.1406552118251366e-6	2.731504034801813e-6	1.6864740347103994e-6	9.948669561019391e-7	5.74920141630053e-7	3.277001219172096e-7	1.7756905362449386e-7	8.576131995999915e-8	3.666087102262173e-8	1.490404536881441e-8	6.0158921183227035e-9	2.1819120659494197e-9	6.559653853494379e-10	1.881204888376331e-10	5.169008159705235e-11	1.110652843503191e-11	2.2727645128708115e-12	4.065272275374561e-13	5.831921731456478e-14	7.883952935192934e-15	8.000326816637526e-16	6.783163470141722e-17	3.094915578783895e-18	1.0445215025882062e-19	2.658015104829831e-21	4.987826804297705e-23	6.672048903813703e-25	1.300921536372172e-40
0.00007388745852044604	0.00007388744972906374	0.00007388743861740706	0.00007388742457365478	0.00007388740682493909	0.00007388738439507192	0.00007388735605119514	0.00007388732023644116	0.00007388727498491127	0.0000738872178143205	0.00007388714559046314	0.00007388705435621933	0.0000738869391161013	0.00007388679356513275	0.0000738866097478732	0.00007388637762925986	0.0000738860845532048	0.00007388571455857247	0.00007388524751662647	0.00007388465804908571	0.00007388391417487549	0.00007388297560861868	0.00007388179160638834	0.00007388029825661598	0.00007387841511311344	0.00007387604096797045	0.0000738730484947924	0.00007386927760259653	0.00007386452712643741	0.0000738585443338903	0.00007385101197226875	0.00007384153193271137	0.00007382960504659125	0.00007381460577375305	0.00007379575088380904	0.00007377206045455655	0.00007374230960690678	0.00007370496883752586	0.00007365813038629787	0.00007359941767586138	0.00007352587429535284	0.00007343382844422785	0.00007331872819422415	0.00007317494248535198	0.00007299552252201208	0.0000727719183846533	0.00007249364661444601	0.0000721479068534516	0.00007171914989787429	0.00007118860745637594	0.00007053380709553226	0.00006972811690796078	0.00006874039699376044	0.00006753488340898254	0.00006607149700882937	0.00006430685671720567	0.0000621963719500225	0.000059697863236740195	0.00005677713878548114	0.000053415724687868616	0.000049620329995830306	0.00004543254827608634	0.00004093587722946416	0.00003625609289707203	0.000031551495559373515	0.00002699241196889012	0.00002273394115390076	0.000018889645700785546	0.000015514129058276257	0.000012599212350998416	0.000010084849549347778	7.885080035950554e-6	5.929374751182993e-6	4.208642658646097e-6	2.784466774257749e-6	1.7238678318246372e-6	1.0199150382027815e-6	5.917852494672097e-7	3.3939902713325263e-7	1.85512896173899e-7	9.042946114154674e-8	3.8918217391293366e-8	1.5924991447847355e-8	6.505195656677041e-9	2.4013322588115244e-9	7.307787947265862e-10	2.1186306665935265e-10	5.965368229841698e-11	1.3067254136409487e-11	2.716586622219021e-12	5.032188637755184e-13	7.333288487953063e-14	1.0331390518069757e-14	1.069067553879456e-15	9.550400821899078e-17	4.398543373198708e-18	1.4810637370416225e-19	3.758532025660641e-21	7.031988100145395e-23	9.376492412781432e-25	1.8229820549919346e-40
0.00007381253943975773	0.00007381253066279533	0.00007381251956937426	0.00007381250554868248	0.00007381248782912798	0.00007381246543613559	0.0000738124371388865	0.00007381240138309215	0.00007381235620611605	0.00007381229912980062	0.00007381222702516235	0.00007381213594168786	0.00007381202089224314	0.00007381187558240953	0.00007381169207008578	0.0000738114603370689	0.00007381116774860219	0.00007381079837056	0.00007381033210839115	0.00007380974362700646	0.00007380900099985989	0.00007380806401054492	0.00007380688200254152	0.00007380539117480522	0.00007380351122057633	0.00007380114110847241	0.00007379815373568918	0.00007379438929320663	0.00007378964697322573	0.00007378367449480075	0.00007377615517559623	0.0000737666916285851	0.00007375478559676971	0.00007373981269264183	0.00007372099114270227	0.00007369734286447907	0.0000736676453033379	0.00007363037189097564	0.00007358361857138741	0.00007352501343983449	0.00007345160597603506	0.00007335973179937458	0.00007324484831810018	0.00007310133620527041	0.00007292226138788138	0.00007269909238032107	0.00007242136874909688	0.00007207631880275697	0.00007164842888422547	0.00007111897455306934	0.00007046553711505573	0.00006966154996529704	0.00006867595168783688	0.0000674730713144368	0.0000660129377502504	0.00006425229228888474	0.00006214667806960998	0.00005965405437761728	0.000056740362433970594	0.000053387238949185914	0.000049601459132653285	0.00004542461042924194	0.000040940083872027024	0.000036273422778500634	0.000031582555967624684	0.000027037307322452075	0.000022792172185415067	0.00001896005626307214	0.000015594893812333338	0.00001268783402237386	0.00001017807483286686	7.978661503080301e-6	6.017756903836952e-6	4.285333576718131e-6	2.8443378256642986e-6	1.7662262169556962e-6	1.048340062998211e-6	6.109635987305407e-7	3.527442316508005e-7	1.94625789659971e-7	9.583142476625042e-8	4.154838353024482e-8	1.7118513999547456e-8	7.080702006163449e-9	2.6634648516334217e-9	8.213894317748691e-10	2.4075341575546616e-10	6.952149467559587e-11	1.555332260792067e-11	3.2830326826908975e-12	6.308924573596773e-13	9.341453101148876e-14	1.3722625440964705e-14	1.4486779343642443e-15	1.36593177579412e-16	6.3670693160830334e-18	2.1385804769663813e-19	5.410760252692426e-21	1.0090147286191983e-22	1.3407206928573954e-24	2.5984080903871427e-40
0.0000737294950350312	0.00007372948627419342	0.00007372947520116382	0.00007372946120625878	0.00007372944351931295	0.00007372942116755474	0.0000737293929224458	0.00007372935723258143	0.00007372931213897306	0.00007372925516807834	0.00007372918319675338	0.00007372909228187226	0.0000737289774456424	0.00007372883240545099	0.00007372864923411316	0.00007372841793227891	0.00007372812588904438	0.00007372775720048647	0.00007372729181028067	0.00007372670443163686	0.000073725963198985	0.00007372502797304164	0.0000737238481950251	0.00007372236018748411	0.00007372048379957391	0.00007371811819730252	0.00007371513652789292	0.00007371137929762884	0.00007370664609806608	0.00007370068515313341	0.0000736931804182554	0.00007368373531360247	0.00007367185260155753	0.00007365690918356734	0.00007363812491524491	0.00007361452377136191	0.00007358488579658428	0.00007354768770466258	0.000073501029581665	0.00007344254474797533	0.00007336928927044054	0.00007327760706580722	0.00007316296598291993	0.00007301975981557058	0.00007284107095459229	0.00007261838852895932	0.00007234127785417442	0.00007199699929653999	0.0000715700789536745	0.00007104184142583976	0.00007038992812016225	0.00006958784546945743	0.00006860461983945213	0.00006740468425690992	0.00006594818849626119	0.00006419201073383226	0.00006209184372210524	0.00005960580198079423	0.000056699975565972786	0.00005335612489677969	0.000049581099179876224	0.00004541647907699003	0.00004094553591059156	0.00003629355236274623	0.00003161804116664028	0.000027088263288390932	0.000022858038537099388	0.00001903953852570057	0.000015685951434825137	0.000012787677636413155	0.000010283078271826965	8.084096058938758e-6	6.117436501295437e-6	4.37199442531283e-6	2.912164322724045e-6	1.8143306300102644e-6	1.0806904050220552e-6	6.328431751297378e-7	3.68024912586088e-7	2.0512873650195282e-7	1.0212114607349847e-7	4.463595842238553e-8	1.8525045095888547e-8	7.763546562931233e-9	2.9800851189583223e-9	9.326453600214861e-10	2.7641174440767287e-10	8.194330651562816e-11	1.8770491769317076e-11	4.021063058093561e-12	8.036467657327635e-13	1.210267680266508e-13	1.8563168257999237e-14	2.003065852424676e-15	2.0000426481752084e-16	9.477236728100386e-18	3.174373834148237e-19	8.003416275765016e-21	1.486871251193201e-22	1.967690943721614e-24	3.799621742224643e-40
0.00007363841087640717	0.00007363840213341977	0.00007363839108296404	0.00007363837711660562	0.00007363835946575846	0.00007363833715964762	0.00007363830897225924	0.00007363827335538117	0.00007363822835406312	0.00007363817149987194	0.00007363809967612826	0.00007363800894788432	0.00007363789434768873	0.00007363774960599823	0.00007363756681214095	0.00007363733598763767	0.00007363704454798996	0.00007363667662270926	0.00007363621219779233	0.00007363562603991165	0.00007363488635100365	0.00007363395307716064	0.00007363277576779763	0.00007363129088228764	0.00007362941844239114	0.00007362705783262487	0.00007362408247700274	0.00007362033323086628	0.00007361561012785132	0.00007360966195082008	0.00007360217336119296	0.00007359274867275965	0.00007358089177635821	0.00007356598100038886	0.00007354723800391956	0.00007352368903916585	0.00007349411702833949	0.00007345700231855648	0.00007341044958130682	0.00007335209792148272	0.00007327901069819514	0.00007318754101384917	0.00007307316827571079	0.00007293030080318752	0.00007275203921387033	0.00007252989545902243	0.00007225346336124826	0.00007191003877963382	0.00007148419182380166	0.00007095730139225244	0.00007030707543746013	0.00006950710126078422	0.00006852650242790295	0.00006732982712535447	0.00006587735898051137	0.000064126127764818	0.0000620319919313186	0.00005955323794269317	0.000056656120726612736	0.000053322537685417724	0.00004955941996237518	0.00004540834075346565	0.00004095243836162117	0.000036316706464005056	0.000031658196390062105	0.000027145545219074903	0.00002293182442636063	0.000019128393405828246	0.000015787617603448204	0.000012899070537107537	0.000010400196778409297	8.201729075420334e-6	6.228766710522984e-6	4.46897502517066e-6	2.9882662227886227e-6	1.8684408505594425e-6	1.1171598536921172e-6	6.575696095946331e-7	3.8535796688603594e-7	2.1712092169357817e-7	1.0937749441870115e-7	4.822838116514182e-8	2.0167996511922438e-8	8.566398706716096e-9	3.3589952033704858e-9	1.0680796575328334e-9	3.2004176859214577e-10	9.742395424198438e-11	2.2896945445589068e-11	4.973512261401411e-12	1.034801770479785e-12	1.586316613616637e-13	2.5380746839012592e-14	2.8040268980393798e-15	2.96381889775988e-16	1.4340332465434393e-17	4.789250952109151e-19	1.202916511472131e-20	2.225595138437321e-22	2.9323488493192475e-24	5.6399006524509e-40
0.00007353884909513475	0.0000735388403718694	0.00007353882934635448	0.00007353881541153589	0.00007353879780057249	0.00007353877554489535	0.0000735387474212798	0.000073538711885041	0.00007353866698569035	0.00007353861026043957	0.00007353853859975156	0.00007353844807771421	0.00007353833373830174	0.00007353818932641098	0.0000735380069496147	0.00007353777665249286	0.0000735374858797209	0.0000735371187977498	0.00007353665543933128	0.0000735360706302152	0.00007353533264692024	0.00007353440152986455	0.0000735332269480018	0.00007353174551188	0.0000735298774339674	0.00007352752234019131	0.00007352455396038381	0.00007352081353555546	0.00007351610158775479	0.00007351016751741398	0.0000735026967659685	0.00007349329463452547	0.00007348146626068723	0.00007346659154948861	0.0000734478941525299	0.00007342440283829497	0.00007339490370833215	0.00007335788112414512	0.00007331144482355337	0.00007325324030256331	0.0000731803389774107	0.00007308910409962526	0.00007297502784736748	0.00007283253458954618	0.00007265474508254674	0.00007243319649466675	0.00007215751414770367	0.00007181503311900044	0.00007139037215125836	0.00007086497014268352	0.0000702166085834415	0.000069418964142198	0.00006844126780413647	0.00006724819503296664	0.00006580017740156852	0.00006405441225003095	0.00006196694121102162	0.000059496240835571694	0.000056608748322938166	0.000053286512494208256	0.00004953655506005585	0.00004540044092365199	0.00004096116086966267	0.00003634338864094508	0.00003170366485146691	0.000027209936238328702	0.00002301444699710572	0.000019227659644739518	0.000015901034618465842	0.00001302323508640041	0.000010530703698626548	8.332850913704196e-6	6.353010103688854e-6	4.577445099077915e-6	3.0736354237876788e-6	1.929314446561091e-6	1.1582894186773368e-6	6.855330667046985e-7	4.0504104408960116e-7	2.3083814169742528e-7	1.1777324293889496e-7	5.242515051970786e-8	2.209571292694272e-8	9.514870205756315e-9	3.815256841268303e-9	1.2343553329214116e-9	3.7390292085005903e-10	1.1689247203751846e-10	2.8258430280017478e-11	6.218644069527431e-12	1.3484980560283167e-12	2.1076530504802711e-13	3.514046737901184e-14	3.986824290090329e-15	4.459151027774252e-16	2.2167809083354526e-17	7.38051213800651e-19	1.845932631607924e-20	3.3996480418167547e-22	4.4572758192909496e-24	8.534908507662879e-40
0.0000734306393981664	0.00007343063069659469	0.00007343061969851392	0.00007343060579838823	0.00007343058823129583	0.00007343056603109434	0.00007343053797762716	0.00007343050253008931	0.00007343045774289993	0.00007343040115947988	0.00007343032967814833	0.00007343023938293204	0.00007343012533037312	0.00007342998128125233	0.00007342979936321126	0.00007342956964619441	0.00007342927960696709	0.00007342891345261201	0.00007342845126730978	0.00007342786794179538	0.00007342713183462746	0.00007342620308997759	0.00007342503150828486	0.0000734235538663904	0.00007342169058654083	0.00007341934156019646	0.0000734163808535854	0.00007341265013195751	0.00007340795045457518	0.00007340203190121579	0.00007339458077125479	0.00007338520345190938	0.00007337340645212526	0.0000733585714112606	0.00007333992417261534	0.0000733164962725298	0.00007328707730981178	0.00007325015606173197	0.00007320384783903872	0.00007314580516791127	0.00007307310832745731	0.00007298213173313955	0.00007286838161173061	0.00007272629998678814	0.00007254902976819541	0.00007232813586449675	0.00007205327824848748	0.00007171183514112783	0.00007128847878761767	0.00007076471409516512	0.0000701184034585859	0.00006932332187267551	0.00006834881851597751	0.00006715970890259182	0.00006571658741147895	0.0000639768357985817	0.00006189669731223624	0.000059434857731624984	0.00005655795487678116	0.000053248204264663996	0.00004951272721142156	0.00004539307941786616	0.000040972088797610486	0.000036374076312748405	0.000031755019730814154	0.000027282105200379807	0.000023106666488291333	0.00001933818012802371	0.000016027114646076548	0.000013161138371029414	0.00001067560218973264	8.478481681502853e-6	6.491176546147544e-6	4.698364140296103e-6	3.1691100618339436e-6	1.9976075095891916e-6	1.2045566793867344e-6	7.170832993282439e-7	4.2734701904197346e-7	2.4650320796009647e-7	1.274790764973648e-7	5.7328401503174444e-8	2.4358531952492774e-8	1.0635864357125197e-8	4.365311684088646e-9	1.4391397798237027e-9	4.406247317157787e-10	1.4144395086263662e-10	3.5266040903438173e-11	7.856100817203627e-12	1.7765760875177624e-12	2.8373839846547924e-13	4.919806171533381e-14	5.755325203689487e-15	6.798738988501049e-16	3.4996985784808843e-17	1.1614297591487818e-18	2.8911772551357445e-20	5.297529248921761e-22	6.907678376565914e-24	1.3161805274197204e-39
0.00007331375839796384	0.00007331374972013589	0.00007331373875208188	0.00007331372488992769	0.00007331370737085229	0.00007331368523136916	0.0000733136572546797	0.0000733136219042255	0.0000733135772397972	0.00007331352081161146	0.00007331344952658613	0.00007331335947962607	0.00007331324574102912	0.0000733131020889611	0.0000733129206730296	0.00007331269159094065	0.00007331240235458154	0.00007331203721550556	0.00007331157631418235	0.00007331099461247204	0.00007331026055873475	0.00007330933441069473	0.00007330816611269486	0.00007330669262359684	0.00007330483459525386	0.00007330249220973938	0.00007329953990147402	0.00007329581980005597	0.00007329113355269936	0.00007328523198277053	0.00007327780232862477	0.00007326845216628524	0.00007325668950559345	0.00007324189788421283	0.000073223305544231	0.00007319994705146213	0.00007317061583257111	0.00007313380549796723	0.00007308763745809511	0.00007302977193389928	0.00007295729890520957	0.00007286660500711627	0.00007275321184295103	0.00007261158076054604	0.00007243487891848121	0.00007221470158955977	0.00007194074667584074	0.00007160043962468875	0.00007117851124854662	0.00007065653871442215	0.00007001247298691642	0.00006922019670573517	0.00006824918845719161	0.0000670644170966508	0.00006562665527481557	0.00006389348670958968	0.00006182137545538867	0.00005936923645420828	0.000056503927244914827	0.000053207846005894836	0.00004948822301362128	0.00004538660372391038	0.00004098563719643573	0.000036409257151079486	0.00003181282409020354	0.000027362690180611433	0.00002320919229605257	0.00001946072851827882	0.000016166683861111413	0.00001331364871477703	0.000010835790005442081	8.639536196769017e-6	6.644180134373692e-6	4.832613663351417e-6	3.275476286708475e-6	2.0739466188069718e-6	1.2564236585639575e-6	7.525622801340278e-7	4.5254628018360547e-7	2.6434147193071026e-7	1.3867367617622926e-7	6.304839469179989e-8	2.7011385566119294e-8	1.1958857644378088e-8	5.027617318409962e-9	1.6914525582808583e-9	5.233323735188163e-10	1.72386482459673e-10	4.444069921670789e-11	1.0013499274733318e-11	2.3607551959425904e-12	3.8630115719371043e-13	6.943046867593071e-14	8.413917915500895e-15	1.0455310796441216e-15	5.62055863048581e-17	1.8592594234344443e-18	4.6045012890775935e-20	8.389823871854865e-22	1.0874534637143157e-23	2.0608432685985375e-39
0.00007318815160094411	0.00007318814294901432	0.0000731881320137116	0.00007318811819297432	0.00007318810072627285	0.00007318807865301755	0.00007318805076007251	0.00007318801551551119	0.00007318797098498305	0.00007318791472611719	0.00007318784365521022	0.00007318775387903212	0.00007318764048288464	0.0000731874972638966	0.00007318731639563487	0.00007318708800608623	0.00007318679964544616	0.0000731864356137725	0.00007318597611293123	0.0000731853961823672	0.00007318466436838554	0.00007318374105256726	0.00007318257633621446	0.00007318110737672519	0.00007317925507640464	0.00007317691993429254	0.00007317397678642191	0.00007317026826888355	0.00007316559667016043	0.00007315971362472867	0.00007315230739508533	0.00007314298685397964	0.0000731312616482888	0.00007311651738632502	0.00007309798492657631	0.00007307470213927357	0.00007304546662637474	0.00007300877727004653	0.00007296276213401909	0.00007290508983271217	0.00007283286092671929	0.00007274247538030121	0.00007262947156938384	0.00007248833192073423	0.00007231225004370363	0.00007209285433341911	0.00007181988406714017	0.0000714808162103228	0.00007106044546699554	0.0000705404278350211	0.00006989881090822787	0.00006910959477134676	0.00006814239920802163	0.00006696236039888469	0.00006553044553837726	0.00006380445876622493	0.00006174110513712058	0.00005929954976694653	0.00005644688997971096	0.000053165723504809025	0.000049463399341375523	0.00004538145141100134	0.0000410023331720341	0.00003644955456483772	0.00003187780132698507	0.000027452514190492994	0.00002332294208216486	0.000019596307685844502	0.00001632081578474638	0.000013481894308124298	0.000011012434662570484	8.817202209769894e-6	6.8132064422932095e-6	4.9813283013383856e-6	3.3937405908234933e-6	2.159133737992449e-6	1.3144811565685579e-6	7.924086498918359e-7	4.809855429960331e-7	2.8464205423985387e-7	1.5158589623286822e-7	6.972812611014533e-8	3.012590424090075e-8	1.3522206421553192e-8	5.8263746865322314e-9	2.0034685140106635e-9	6.262812609515537e-10	2.11498144906514e-10	5.652030104453705e-11	1.2873839367949543e-11	3.161392803321739e-12	5.318101145137251e-13	9.867610290236292e-14	1.2457654912939934e-14	1.6197052546717427e-15	9.183254509344165e-17	3.0283769188108066e-18	7.457686397239273e-20	1.3505682188794617e-21	1.7391111946130045e-23	3.276344100962169e-39
0.00007305385224339606	0.00007305384361961888	0.00007305383271991846	0.00007305381894420347	0.0000730538015344352	0.000073053779533173	0.00007305375173126259	0.00007305371660181243	0.00007305367221684082	0.00007305361614203444	0.00007305354530388503	0.00007305345582206046	0.00007305334279817265	0.00007305320004996449	0.00007305301977704825	0.00007305279214032763	0.00007305250473164034	0.0000730521419037698	0.00007305168392532265	0.00007305110592008484	0.00007305037654083605	0.0000730494563037923	0.00007304829548087207	0.00007304683144530012	0.00007304498537164581	0.00007304265810348868	0.0000730397249134464	0.00007303602898820868	0.00007303137331331175	0.0000730255104050073	0.0000730181296390164	0.00007300884129780809	0.00007299715680772328	0.00007298246402808759	0.00007296399666149243	0.0000729407961703126	0.00007291166469538668	0.00007287510684963767	0.00007282925792941001	0.0000727717956732344	0.00007269983214449611	0.00007260978179728469	0.00007249720124119715	0.00007235659581828209	0.00007218118789345643	0.00007196264187068814	0.00007169074200860912	0.00007135302128495795	0.00007093434386737405	0.00007041645146588654	0.00006977749673944212	0.00006899160748082155	0.00006802855702175639	0.00006685366351075002	0.00006542810573415335	0.00006370992760172194	0.00006165609633023549	0.000059226049241646674	0.00005638714448429516	0.00005312219709859933	0.000049438684998122396	0.000045378128960101554	0.000041022769348465714	0.00003649565375118919	0.00003195073250993311	0.000027552453677825945	0.00002344888238285746	0.000019745964821816744	0.000016490626928892656	0.00001366704378763419	0.00001120674370454492	9.012708999682543e-6	6.9994888349350045e-6	5.145703542338021e-6	3.5249789683956847e-6	2.2540374374277683e-6	1.3793752041469163e-6	8.37103864839984e-7	5.130487452206588e-7	3.077285936457567e-7	1.6647902411750933e-7	7.75364139902643e-8	3.378755484740887e-8	1.5371724304703548e-8	6.790929163520353e-9	2.390614691747404e-9	7.54933462181987e-10	2.6105959549780017e-10	7.250247631797204e-11	1.6689211311912803e-11	4.26226012407011e-12	7.40101144309778e-13	1.4109653067742735e-13	1.8677811368855048e-14	2.524192324555264e-15	1.526099517316517e-16	5.01879291762998e-18	1.2283418927310943e-19	2.2096534416608826e-21	2.8250113008068653e-23	5.2877077109882726e-39
0.00007291098307501197	0.00007291097448173759	0.00007291096362061157	0.0000729109498936774	0.00007291093254559522	0.00007291091062233634	0.00007291088291906042	0.00007291084791433131	0.00007291080368706773	0.00007291074781168655	0.00007291067722572555	0.00007291058806282721	0.00007291047544227533	0.00007291033320414816	0.00007291015357627822	0.00007290992675523431	0.00007290964037797182	0.00007290927885439979	0.00007290882252543677	0.00007290824660625817	0.0000729075198650016	0.00007290660296375826	0.00007290544635929875	0.00007290398765870047	0.00007290214833153816	0.00007289982959465912	0.0000728969071937316	0.00007289322491205364	0.00007288858649034064	0.00007288274540029822	0.00007287539222378097	0.00007286613877067518	0.00007285449839531149	0.00007283986139607418	0.00007282146455701533	0.00007279835323262398	0.00007276933448167259	0.00007273291912634911	0.00007268725029934194	0.00007263001562576849	0.00007255833963227385	0.00007246865247310683	0.00007235653051485296	0.00007221650392950502	0.00007204182624038467	0.00007182420087066542	0.00007155346082252707	0.00007121719976754187	0.00007080035715186037	0.000070284767571477	0.00006964869755413992	0.00006886641330584567	0.00006790785458858678	0.0000667385368040763	0.00006531986813851586	0.00006361015244917676	0.00006156664122473546	0.00005914906698873732	0.00005632507073778213	0.00005307770334284627	0.0000494145823092	0.000045377213337959063	0.000041047605360470595	0.000036548303146408715	0.00003203245780548631	0.000027663439787462272	0.00002358802993805928	0.00001991079299135507	0.0000166772779910117	0.000013870309981093871	0.000011419966626206663	9.227330623872947e-6	7.204308974856748e-6	5.327000754796985e-6	3.6703472887807927e-6	2.3596023663611614e-6	1.4518148960914375e-6	8.871804252564722e-7	5.491636495388209e-7	3.3396651147617494e-7	1.8365466439926294e-7	8.667211703483781e-8	3.809822579647667e-8	1.7562022377005434e-8	7.95673689030385e-9	2.872410935637582e-9	9.163085280636064e-10	3.239927997629844e-10	9.3732303160651e-11	2.180808524938639e-11	5.779156850845653e-12	1.0407446886555503e-12	2.0279418105536058e-13	2.834585683745852e-14	3.951457726627216e-15	2.5778856267820166e-16	8.460427613945543e-18	2.0568302788047626e-19	3.6730584681366375e-21	4.659310482899595e-23	8.659509662645886e-39
0.00007275978960704401	0.00007275978104671407	0.00007275977022725024	0.00007275975655300171	0.0000727597392715435	0.00007275971743253208	0.00007275968983578635	0.00007275965496576223	0.00007275961090883121	0.00007275955524883899	0.00007275948493525352	0.00007275939611681044	0.00007275928393188015	0.00007275914224466461	0.00007275896331347628	0.00007275873737340417	0.000072758452110132	0.0000727580919952653	0.00007275763744782235	0.00007275706378168266	0.00007275633988958958	0.00007275542659117736	0.00007275427454285687	0.00007275282160428692	0.00007275098956367755	0.00007274868004101124	0.0000727457692928505	0.0000727421017469138	0.00007273748195948367	0.0000727316644342773	0.0000727243410557777	0.0000727151252836852	0.00007270353255447689	0.00007268895580103605	0.00007267063513546596	0.00007264762011602072	0.00007261872311324218	0.00007258246165572135	0.00007253698734021315	0.00007247999846969327	0.00007240863303251951	0.00007231933814059733	0.00007220771150033057	0.00007206831010379068	0.00007189442112818896	0.00007167779014469835	0.00007140830280663727	0.00007107361834934154	0.00007065875753788602	0.00007014565531333958	0.00006951270122228082	0.00006873431101393652	0.00006778060428025442	0.00006661730957442861	0.00006520608298042793	0.00006350550934261539	0.00006147314740761182	0.000059069048863344225	0.000056261160511424595	0.00005303278820998293	0.00004939170017232869	0.00004537938506881727	0.000041077600882126825	0.0000366083473528342	0.000032123909371479246	0.000027786491131674834	0.00002374148463988737	0.0000200919645439901	0.00001688200239291107	0.0000140929769459943	0.000011653421510224919	9.462412009578707e-6	7.4290257826213165e-6	5.526559341289648e-6	3.831081507267793e-6	2.47685064893587e-6	1.5325730381568245e-6	9.432232159605216e-7	5.898037895281669e-7	3.637639739204493e-7	2.0345828473657084e-7	9.736941283926584e-8	4.317944611886596e-8	2.015818494014899e-8	9.366503273787276e-9	3.473498450146091e-9	1.1194371875754287e-9	4.040365731559606e-10	1.2201607302513868e-10	2.8713689914015436e-11	7.871453723963372e-12	1.4779322181915974e-12	2.927227045147e-13	4.351032596405391e-14	6.2046055273993264e-15	4.42137325445273e-16	1.4499515016012403e-17	3.499418740257483e-19	6.199642275642904e-21	7.797486010633312e-23	1.4380534913890878e-38
0.00007260064125919645	0.00007260063273433977	0.00007260062195973614	0.00007260060834221749	0.0000726005911324975	0.00007260056938420065	0.00007260054190216278	0.00007260050717718416	0.00007260046330366102	0.00007260040787559158	0.00007260033785528959	0.00007260024940774226	0.00007260013769187188	0.00007259999659785643	0.00007259981841682877	0.00007259959342535534	0.00007259930936158756	0.0000725989507635611	0.00007259849813439	0.00007259792689423546	0.00007259720607001822	0.00007259629665100417	0.00007259514950855813	0.00007259370277431921	0.00007259187857961279	0.00007258957897846813	0.00007258668077756449	0.00007258302909855506	0.00007257842937582273	0.00007257263722440009	0.00007256534593133186	0.00007255617073279577	0.00007254462930728781	0.00007253011742452984	0.00007251187878001662	0.00007248896745860376	0.00007246020155055682	0.0000724241058057328	0.00007237884093492265	0.00007232211673896358	0.00007225108570186064	0.0000721622131957881	0.00007205111990651667	0.0000719123917063684	0.00007173935201426249	0.00007152379178894482	0.00007125565338419074	0.00007092266664372416	0.00007050993991008001	0.00006999951619954473	0.00006936991755885326	0.00006859572081811473	0.0000676472392920056	0.00006649043116649947	0.00006508721961643635	0.00006339649228764237	0.00006137613904899336	0.00005898655561521276	0.000056196018475888844	0.00005298810816580008	0.0000493707551786417	0.00004538542935122945	0.000041113616755196106	0.00003667672812594551	0.00003222611228549282	0.000027922714545529596	0.000023910430224361002	0.00002029073146875677	0.00001710610394204207	0.000014336391133632277	0.00001190848938490405	9.719360609554163e-6	7.67506995874759e-6	5.7458003612888256e-6	4.0085100102220975e-6	2.6068969797307363e-6	1.6225018499260552e-6	1.005879345721294e-6	6.354963150256303e-7	3.9758054359394183e-7	2.2628408249759244e-7	1.0990345289831235e-7	4.9176115244098865e-8	2.3237749331033908e-8	1.1071498603557031e-8	4.224892479653988e-9	1.375949038472002e-9	5.059687028913828e-10	1.5976723206174504e-10	3.807805738181523e-11	1.075757488738005e-11	2.1177712109892613e-12	4.240307750265977e-13	6.746991780264797e-14	9.760023329381183e-15	7.687109643046127e-16	2.5242842936082707e-17	6.044508125093024e-19	1.0616432975681692e-20	1.3229548792509157e-22	2.419509443771824e-38
0.0000724340029705825	0.0000724339944838108	0.00007243398375737025	0.00007243397020075826	0.00007243395306805835	0.00007243393141715518	0.00007243390405827096	0.00007243386948901734	0.0000724338258124061	0.0000724337706333353	0.00007243370092791004	0.00007243361287856558	0.00007243350166628938	0.00007243336120914863	0.00007243318383351379	0.00007243295986048305	0.00007243267708453727	0.00007243232011503073	0.00007243186954536404	0.00007243130090980941	0.00007243058337935048	0.00007242967812536891	0.00007242853624999644	0.00007242709617688855	0.00007242528040577111	0.00007242299145664433	0.00007242010672680795	0.00007241647208299957	0.00007241189390227147	0.0000724061289928848	0.00007239887214765265	0.00007238974051009434	0.00007237825416574756	0.00007236381193020474	0.00007234566134606014	0.00007232286135821845	0.00007229423619797547	0.000072258318368233	0.0000722132783651083	0.00007215683833428904	0.00007208616632333115	0.0000719977473100556	0.00007188722665295907	0.00007174922123379389	0.00007157709338447493	0.00007136268279934094	0.00007109599271494856	0.00007076482879514256	0.00007035439342820547	0.00006984684569166327	0.00006922084993199396	0.00006845115598784872	0.00006750828525382252	0.00006635844259569354	0.00006496383813724717	0.00006328368487283597	0.0000612762285128748	0.000058902234523977366	0.00005613033380695125	0.00005294440169749776	0.00004935254307827423	0.00004539620739460935	0.00004115658629596883	0.00003675445560624798	0.00003234015564632836	0.000028073276234213746	0.000024096104759153705	0.000020508394550194125	0.000017350933707586933	0.000014601940133518213	0.000012186592676829357	9.99962672469604e-6	7.943917103169259e-6	5.9862146749934215e-6	4.204054324505208e-6	2.750947285627291e-6	1.722529328505124e-6	1.0758596386246365e-6	6.868240588589003e-7	4.3592845246688674e-7	2.5258085135495357e-7	1.2459695372320473e-7	5.626094273159603e-8	2.6893021839362357e-8	1.3133083832481604e-8	5.165488651886143e-9	1.700834574407038e-9	6.358872537428319e-10	2.101917418901839e-10	5.083806766822108e-11	1.4735911475178938e-11	3.0590718877318784e-12	6.16051438840126e-13	1.0551514888599407e-13	1.5366819068048615e-14	1.3519711549116509e-15	4.459829342970992e-17	1.0589207593292515e-18	1.8425798187370162e-20	2.27325075747118e-22	4.119995474712402e-38
0.00007226048822078584	0.00007226047977478941	0.00007226046909991416	0.00007226045560851142	0.00007226043855827246	0.00007226041701164314	0.00007226038978461259	0.00007226035538208498	0.00007226031191629617	0.00007226025700381384	0.00007226018763550848	0.00007226010001249578	0.00007225998933938727	0.00007225984956411006	0.00007225967305076264	0.0000722594501681211	0.0000722591687709736	0.00007225881354502811	0.00007225836518034652	0.00007225779933337863	0.00007225708532935987	0.00007225618453464362	0.00007225504829841493	0.00007225361535698566	0.00007225180860452989	0.00007224953105990569	0.0000722466607527493	0.00007224304434758538	0.00007223848923063336	0.00007223275348777204	0.00007222553352389475	0.00007221644852467996	0.00007220502115266765	0.00007219065348468038	0.00007217259718203071	0.00007214991639323933	0.00007212144192454665	0.00007208571457973486	0.00007204091533175119	0.00007198477954373984	0.0000719144919269109	0.00007182655845072739	0.00007171665089123982	0.00007157941933276452	0.00007140826777238665	0.00007119508808987858	0.00007092994871420447	0.00007060073650023186	0.0000701927545471035	0.00006968828622459517	0.00006906614828152063	0.00006830127586460871	0.00006736441324535546	0.00006622202955474125	0.00006483664235665924	0.00006316781325142623	0.00006117416930829557	0.00005881687225933414	0.00005606493301918705	0.000052902542398870734	0.00004933799206581741	0.00004541270945980129	0.00004120756829324211	0.000036842661393753646	0.00003246724548244362	0.00002823945480863556	0.00002429985316447077	0.00002074635586309791	0.000017617947761307214	0.00001489112211907151	0.000012489258699400264	0.000010304769013672333	8.237157029798082e-6	6.2494018358283015e-6	4.419239722896334e-6	2.9103145703987467e-6	1.8336770505417602e-6	1.1539484671931818e-6	7.444329865419285e-7	4.79380295951821e-7	2.828584441519285e-7	1.4182766037266337e-7	6.463971907425247e-8	3.123383554494527e-8	1.5624492053137364e-8	6.3438489689801756e-9	2.113431581178467e-9	8.015659914911858e-10	2.7752027867449094e-10	6.830225450693855e-11	2.021324930513629e-11	4.449079197404494e-12	8.972605939960235e-13	1.660673047843525e-13	2.4206910334144206e-14	2.399119586306641e-15	7.987544106633533e-17	1.8794341752895637e-18	3.2376459553971596e-20	3.951631069029715e-22	7.092399431660501e-38
0.0000720807806068072	0.00007208077220437218	0.00007208076158458567	0.00007208074816284789	0.00007208073120070453	0.00007208070976547438	0.00007208068267930745	0.00007208064845489884	0.00007208060521433858	0.0000720805505866612	0.00007208048157851123	0.00007208039441096109	0.00007208028431386079	0.00007208014526703843	0.00007207996967489975	0.00007207974795715716	0.00007207946803302543	0.00007207911466978032	0.00007207866866074819	0.00007207810579291445	0.00007207739555630712	0.0000720764995255721	0.00007207536931381074	0.0000720739439913682	0.00007207214687385068	0.0000720698815130216	0.00007206702661405299	0.00007206342969385357	0.00007205889921665923	0.00007205319463337262	0.0000720460140710682	0.00007203697889718693	0.00007202561452731489	0.0000720113265225391	0.00007199337094415179	0.00007197081750011672	0.00007194250402107474	0.00007190698017899449	0.00007186243813991284	0.00007180662738804338	0.00007173675043771982	0.00007164933568565511	0.0000715400831322356	0.00007140367833634454	0.0000712335698115885	0.0000710217051951163	0.00007075822257425872	0.00007043109555792905	0.0000700257348617508	0.00006952455667972755	0.0000689065406303231	0.00006814681991222139	0.00006721637702571501	0.00006608196359697925	0.00006470642588129605	0.00006304969821378978	0.00006107081553547743	0.000058731363340114354	0.00005600075901517265	0.0000528635305614575	0.00004932816913258223	0.00004543607769547673	0.000041267788114269886	0.00003694265948039911	0.000032608786148517714	0.00002842274286603109	0.000024523248876044924	0.00002100625984998403	0.000017908848960102662	0.000015205689760569692	0.00001281827522765373	0.000010636607531198808	8.556647627199888e-6	6.5372440124394355e-6	4.655887218305826e-6	3.0865726826318485e-6	1.957172646051104e-6	1.2410919918183803e-6	8.091038909559248e-7	5.286299392323608e-7	3.177388748570059e-7	1.620669022573668e-7	7.457345533981711e-8	3.6399284092745355e-8	1.863834719074813e-8	7.823589013533064e-9	2.6399880553090713e-9	1.0134234770094215e-9	3.675623637542017e-10	9.238193657130372e-11	2.776889058235921e-11	6.514860892581287e-12	1.31144928902874e-12	2.6289641786233597e-13	3.822851658019881e-14	4.295871875115481e-15	1.4534995771036585e-16	3.3869284880614395e-18	5.771444521218552e-20	6.96254196550824e-22	1.236508833190373e-37
0.00007189578475409338	0.00007189577639809801	0.00007189576583704018	0.00007189575248957047	0.00007189573562134376	0.00007189571430487372	0.00007189568736887847	0.00007189565333435866	0.00007189561033390961	0.00007189555600985619	0.0000718954873856589	0.00007189540070366537	0.00007189529122063193	0.00007189515295039636	0.0000718949783403364	0.0000718947578644671	0.0000718944795106853	0.00007189412813322018	0.0000718936846354839	0.00007189312494363303	0.00007189241872337853	0.00007189152777142013	0.0000718904039821902	0.00007188898678215635	0.00007188719993623782	0.00007188494756427175	0.00007188210909158833	0.00007187853294389848	0.0000718740287345657	0.00007186835736981981	0.0000718612188126765	0.00007185223675653139	0.0000718409395518984	0.00007182673647454898	0.0000718088882762936	0.00007178647059219415	0.00007175832874165488	0.00007172302185080344	0.00007167875401875584	0.00007162328978446246	0.00007155385064259821	0.00007146698890023687	0.00007135843464911676	0.00007122291126986053	0.00007105391473919015	0.00007084345214303891	0.00007058173584121688	0.00007025683194654232	0.00006985426593015086	0.00006935659562446082	0.00006874297434060363	0.0000679887465090409	0.000067065148731071	0.0000659392339893157	0.0000645741992196066	0.00006293037646754844	0.00006096723598760388	0.00005864681553333023	0.000055938966210860065	0.00005282857614826346	0.00004932434884094823	0.00004546765907127195	0.00004133867273364685	0.00003705596198282421	0.00003276637598336736	0.00002862482192341548	0.000024768050096713244	0.00002128993111192724	0.00001822550656136311	0.000015547543927142963	0.000013175581047715754	0.000010997115378592722	8.904400441923014e-6	6.851784638490262e-6	4.915975375478741e-6	3.2814567596130255e-6	2.0943841667989636e-6	1.338349513717065e-6	8.817144542801057e-7	5.844630328546528e-7	3.579382196246776e-7	1.8587498925027531e-7	8.63794747738616e-8	4.2558276013031686e-8	2.2287102671133456e-8	9.685136529615282e-9	3.315249323614137e-9	1.2850538301870846e-9	4.880727242434658e-10	1.2582663085640992e-10	3.8213872535382346e-11	9.600063326487884e-12	1.925512741152363e-12	4.180904692088234e-13	6.064875861943862e-14	7.751245676111226e-15	2.692076328706473e-16	6.207934323337835e-18	1.0454107495233318e-19	1.2452629337711826e-21	2.1862393116355093e-37
0.0000717065675379405	0.0000717065592312954	0.00007170654873264707	0.00007170653546410029	0.0000717065186956767	0.0000717064975054105	0.00007170647072899961	0.00007170643689627084	0.00007170639415098303	0.00007170634014958418	0.00007170627193340442	0.00007170618576739972	0.00007170607693691935	0.00007170593949194335	0.00007170576592551631	0.00007170554676936034	0.00007170527008435738	0.00007170492081713567	0.00007170447998809296	0.00007170392367127667	0.00007170322171911497	0.00007170233616426878	0.00007170121920011427	0.00007169981063156741	0.00007169803470106749	0.00007169579613208465	0.00007169297511523417	0.00007168942104207773	0.00007168494474701338	0.00007167930868291773	0.00007167221476378389	0.00007166328915478418	0.00007165206332530114	0.00007163795049879303	0.00007162021641137078	0.00007159794299704643	0.00007156998353352182	0.00007153490719371002	0.0000714909307581168	0.00007143583476467515	0.00007136686087889827	0.00007128058681813661	0.00007117277465357742	0.00007103818796173791	0.00007087037316211416	0.00007066140052344151	0.00007040156134656827	0.00007007902006253638	0.00006967942412001417	0.00006918548191110253	0.00006857653139106506	0.00006782814156213329	0.00006691181919659647	0.0000657949377191243	0.00006444106702803142	0.00006281096218530088	0.00006086455655016726	0.00005856436902616323	0.00005588071199938398	0.000052798857221781824	0.00004932773324217979	0.000045508682437491146	0.000041421479725101645	0.00003718385603892533	0.00003294133064993546	0.00002884703256361153	0.00002503561794538206	0.000021598744084852407	0.00001856931100039436	0.000015918088836658694	0.000013562589498660218	0.000011387733613688441	9.281911383025746e-6	7.194594000772564e-6	5.201114553215695e-6	3.4964387557919874e-6	2.2465041757598716e-6	1.446658798285239e-6	9.63053500160723e-7	6.476007381428075e-7	4.041380880451122e-7	2.138164400368059e-7	1.0038941349625616e-7	4.988721101289088e-8	2.66884340553853e-8	1.2017466883494146e-8	4.180238585811162e-9	1.6322211504309337e-9	6.482636696187371e-10	1.7223217698478147e-10	5.2578046629209535e-11	1.417601996920922e-11	2.833789829423078e-12	6.638528932986857e-13	9.64266367383123e-14	1.3956165361172199e-14	5.039845093822758e-16	1.1496539672180883e-17	1.9118139348037e-19	2.246781616698562e-21	3.896580513016604e-37
0.0000715143275871557	0.00007151431933285449	0.00007151430890040159	0.00007151429571556547	0.00007151427905299952	0.00007151425799659344	0.00007151423138944838	0.00007151419777075273	0.00007151415529610598	0.00007151410163693568	0.00007151403385352523	0.00007151394823481022	0.00007151384009646753	0.00007151370352681323	0.00007151353106733048	0.00007151331331095047	0.00007151303839596592	0.00007151269136700445	0.00007151225336854103	0.00007151170063149645	0.00007151100320635471	0.00007151012337604646	0.00007150901365099979	0.00007150761423754779	0.00007150584988466949	0.00007150362595602627	0.0000715008234539206	0.00007149729279449536	0.00007149284610710789	0.00007148724748520596	0.00007148020091210598	0.00007147133517470531	0.00007146018505048065	0.00007144616795021589	0.00007142855489647596	0.00007140643450473695	0.00007137866849385006	0.0000713438366932125	0.00007130016933435792	0.00007124546392544252	0.00007117698352741732	0.00007109133281078644	0.00007098430776832884	0.0000708507146146749	0.00007068415327742784	0.00007047676104991189	0.00007021891297377649	0.00006989887778603684	0.00006950243234219229	0.00006901244477540757	0.00006840844895559265	0.00006766625218809431	0.00006675764795260812	0.00006565034979598262	0.00006430832350997014	0.00006269277327253834	0.00006076412413966218	0.000058485405994416126	0.00005582742097725613	0.0000527758483270294	0.00004933985449981677	0.000045560746095745126	0.00004151787912967303	0.00003732808684656992	0.00003313547119600938	0.00002909126816347053	0.000025327909309636095	0.000021934709321663235	0.000018942318177358307	0.000016319417723226422	0.000013981423173746438	0.000011810616942361729	9.691383396526704e-6	7.567933672033023e-6	5.513539578049238e-6	3.733534015427187e-6	2.4151529444026085e-6	1.5672877521200481e-6	1.054179904375864e-6	7.190022381725067e-7	4.5723638056450387e-7	2.46638474060699e-7	1.1704861773068513e-7	5.8622856216830914e-8	3.1999148480195546e-8	1.494019222920022e-8	5.292685997649181e-9	2.076891329884809e-9	8.609312818196755e-10	2.3697563322930573e-10	7.23737365037901e-11	2.0959114736258526e-11	4.186607894646196e-12	1.051318805998631e-12	1.5406618384550453e-13	2.5023052633493712e-14	9.55855305809461e-16	2.1561227333219268e-17	3.5375661328121726e-19	4.097735209683566e-21	7.014084878371715e-37
0.00007132046415033243	0.00007132045595147437	0.00007132044558913635	0.00007132043249296753	0.00007132041594252736	0.00007132039502790782	0.00007132036860005171	0.00007132033520806332	0.0000713202930200837	0.00007132023972340667	0.00007132017239839066	0.00007132008735937039	0.00007131997995414635	0.00007131984431164149	0.00007131967302464812	0.00007131945675093196	0.00007131918371077822	0.00007131883905261093	0.0000713184040523243	0.00007131785510700801	0.00007131716247694953	0.00007131628871016022	0.00007131518665286174	0.00007131379693658199	0.0000713120448468906	0.00007130983642550979	0.00007130705353442018	0.00007130354767517879	0.00007129913234862607	0.00007129357338601496	0.00007128657696252098	0.00007127777464194356	0.00007126670470587583	0.00007125278900044309	0.0000712353041474794	0.00007121334584004131	0.00007118578473795997	0.00007115121195821858	0.00007110787198034643	0.00007105358028819059	0.00007098562260603046	0.00007090063215490243	0.00007079444086020385	0.00007066190010319912	0.00007049666649363586	0.00007029094832679123	0.00007003520935809179	0.0000697178288283624	0.00006932472069567603	0.00006883892234537666	0.00006824017523676753	0.00006750453920135373	0.00006660411158076515	0.0000655069664257621	0.00006417748919892126	0.00006257736027744832	0.00006066752604327916	0.00005841155831843414	0.00005578077868829783	0.00005276129775020782	0.000049362533335541976	0.000045625753679394716	0.000041629865126541454	0.00003749074387210505	0.00003335098299585965	0.000029359805750951225	0.000025647283242363758	0.000022300255921954998	0.000019347000591822777	0.000016754030328713942	0.00001443461800325191	0.000012268341786736962	0.000010135450273284221	7.974506032239125e-6	5.855958994763579e-6	3.995193874692751e-6	2.6023116846073553e-6	1.7017887662236288e-6	1.1563899400578026e-6	7.998423503973484e-7	5.183387856074559e-7	2.8528146600969614e-7	1.369315848283376e-7	6.907066699376321e-8	3.842053859326194e-8	1.8609697518090093e-8	6.732685597653013e-9	2.6492382808229736e-9	1.1435732980958135e-9	3.2808645912001114e-10	9.982308597004757e-11	3.102972091617884e-11	6.227324667247394e-12	1.6613422230611417e-12	2.485118043452155e-13	4.466975026171731e-14	1.846825568764913e-15	4.118092057593056e-17	6.65834016129338e-19	7.592362146066739e-21	1.2811641065349916e-36
0.0000711265424751502	0.00007112653433482711	0.00007112652404651402	0.00007112651104395724	0.00007112649461189594	0.00007112647384697039	0.00007112644760840242	0.00007112641445576511	0.00007112637257044042	0.00007112631965647284	0.00007112625281541496	0.00007112616838841661	0.00007112606175719357	0.0000711259270935414	0.00007112575704442519	0.00007112554233606237	0.0000711252712753013	0.00007112492912014475	0.00007112449728523059	0.00007112395234309706	0.00007112326477554504	0.0000711223974104451	0.00007112130344850707	0.00007111992397017272	0.0000711181848275916	0.00007111599277831203	0.00007111323059187542	0.00007110975091594584	0.00007110536869918112	0.00007109985160762604	0.00007109290813061823	0.00007108417276363711	0.00007107318748791487	0.00007105937883228845	0.00007104202932997248	0.00007102024214681486	0.00007099289738221276	0.00007095859807031924	0.00007091560373373956	0.00007086174883518373	0.00007079434302725774	0.00007071004967492724	0.00007060473864214276	0.00007047330899991164	0.00007030947720721686	0.00007010552652929478	0.00006985201439752952	0.00006953743674120582	0.00006914785230049507	0.00006866647720300848	0.00006807327215866867	0.00006734456372272445	0.00006645277022305826	0.00006536634657005252	0.00006405012165161657	0.00006246627909141711	0.00006057631620321644	0.00005834437766428219	0.00005574233424425342	0.00005275675127534466	0.0000493973118061366	0.000045705241654717386	0.00004175896767870742	0.000037673348487340794	0.00003358937450984774	0.000029654135831552994	0.00002599520890451911	0.000022696825756844665	0.000019784785956864782	0.00001722335217376004	0.000014923588991111718	0.000012762339981286241	0.000010615604820108428	8.415919235073256e-6	6.230091438666633e-6	4.283102187069333e-6	2.8094105806578486e-6	1.8513123133978324e-6	1.27066515125362e-6	8.91036751715484e-7	5.883499454603784e-7	3.305807816387539e-7	1.6058170560406492e-7	8.151988429832845e-8	4.6142576199248204e-8	2.318132255901396e-8	8.588670113062172e-9	3.3821387486628734e-9	1.515171362694924e-9	4.554949854169535e-10	1.3762888067249137e-10	4.573466828039392e-11	9.294496298826016e-12	2.6011578907075328e-12	4.027987363175012e-13	7.844673192435439e-14	3.592972729864937e-15	7.922937711229032e-17	1.261463942497715e-18	1.414839814454017e-20	2.351855872156333e-36
0.00007093443079124284	0.00007093442271268172	0.00007093441250247454	0.00007093439959869076	0.00007093438329153491	0.00007093436268455666	0.00007093433664571334	0.00007093430374562403	0.00007093426217964137	0.00007093420966948367	0.00007093414333906559	0.00007093405955782992	0.00007093395374327767	0.00007093382011244228	0.00007093365136945035	0.00007093343831274704	0.00007093316934051402	0.0000709328298263674	0.00007093240133133345	0.00007093186061307838	0.00007093117838714528	0.00007093031777669683	0.00007092923235643097	0.00007092786368045638	0.00007092613819881833	0.00007092396342430439	0.00007092122308397384	0.00007091777103497027	0.00007091342375343243	0.0000709079508414015	0.00007090106323007042	0.00007089239850803772	0.00007088150256035336	0.00007086780685676975	0.00007085060016759669	0.00007082899354399433	0.00007080187704527053	0.00007076786627985005	0.00007072523664303192	0.00007067184262386433	0.00007060501912313667	0.00007052146131355655	0.00007041707909130036	0.0000702868218500017	0.00007012446920477084	0.00006992238353214685	0.00006967122111973659	0.00006935960104138306	0.00006897373483837975	0.00006849702729101047	0.00006790967053453706	0.00006718827267369597	0.00006630559092277752	0.00006523048231500428	0.00006392824398686642	0.00006236159106273856	0.00006049260280328641	0.00005828602901465333	0.000055714320484269516	0.00005276452241034989	0.000049446597330135076	0.0000458017216366141	0.00004190781300604384	0.00003787864714038164	0.000033853512581169305	0.000029977239485484884	0.000026374768151139795	0.000023127586696391994	0.000020258900780267232	0.000017730640833323965	0.000015451637181276456	0.000013295956551107114	0.000011135255844054102	8.895668768141241e-6	6.639444679907365e-6	4.600491089565674e-6	3.0391012237327065e-6	2.0179493709459375e-6	1.3987551280822483e-6	9.941759643720831e-7	6.687846046235318e-7	3.838853741463365e-7	1.8887301474652044e-7	9.643652682279688e-8	5.546881758563799e-8	2.889718166459382e-8	1.1002361407142059e-8	4.328563335471725e-9	2.0055214088865874e-9	6.356168244061954e-10	1.902894735085445e-10	6.726449506848778e-11	1.3995436995128747e-11	4.051223968178792e-12	6.612546213092115e-13	1.3633979291134403e-13	7.12651977867612e-15	1.5550030484224567e-16	2.434620482691983e-18	2.681832247159394e-20	4.3854561497055496e-36
0.00007074603496763787	0.0000707460269540537	0.00007074601682601832	0.0000707460040261494	0.00007074598785040144	0.00007074596740959326	0.00007074594158087257	0.00007074590894647947	0.00007074586771646441	0.00007074581563113914	0.0000707457498379438	0.00007074566673608656	0.0000707455617807167	0.00007074542923646175	0.00007074526186758826	0.00007074505054853171	0.00007074478377355941	0.00007074444703791209	0.0000707440220566171	0.00007074348578211057	0.00007074280917587761	0.00007074195567173941	0.00007074087923780827	0.00007073952192651824	0.00007073781081701354	0.00007073565421659909	0.0000707329368595909	0.00007072951387578168	0.0000707252033481579	0.00007071977691554704	0.0000707129480782887	0.00007070435767885221	0.00007069355570965494	0.00007067997883843998	0.00007066292239720604	0.00007064150573338864	0.0000706146293846517	0.00007058092218831565	0.0000705386762394169	0.00007048576709604802	0.00007041955622268819	0.00007033677225702871	0.00007023336721366653	0.00007010434343270195	0.00006994354697829761	0.0000697434234664432	0.00006949473320228378	0.00006918622483729974	0.00006880427070471083	0.00006833247411488567	0.00006775127076230407	0.0000670375650859453	0.00006616447102280908	0.00006510126893671873	0.0000638137489859435	0.00006226518594467958	0.00006041827202158744	0.00005823839425157026	0.00005569861398898087	0.00005278648227046684	0.00004951225406676193	0.00004591704953457398	0.000042078244886337736	0.000038108466970182346	0.00003414520360576459	0.000030330897253809028	0.0000267877101160681	0.00002359425202668064	0.000020771024585548724	0.00001827756255312902	0.000016020410148437046	0.000013870852461864313	0.000011696129500526514	9.415619700640001e-6	7.086071840637642e-6	4.949428154525829e-6	3.2931835470787184e-6	2.203162700237174e-6	1.5419106897421441e-6	1.1104292000569838e-6	7.608118971012172e-7	4.4633476213057597e-7	2.2260627627130124e-7	1.1424977088712142e-7	6.667635539603508e-8	3.5987510409848426e-8	1.4126693490954728e-8	5.5457445001993275e-9	2.6459178630192418e-9	8.882570768409814e-10	2.632874711017417e-10	9.82427698706838e-11	2.1185412968895494e-11	6.243753687284479e-12	1.0934586945776105e-12	2.3261252006387487e-13	1.423096587145806e-14	3.0786924118606943e-16	4.735870479636622e-18	5.1185728348979365e-20	8.226623130571785e-36
0.00007056371413764962	0.00007056370619235405	0.00007056369615067852	0.00007056368346002087	0.00007056366742237864	0.0000705636471562105	0.00007056362154832305	0.0000705635891931697	0.00007056354831624764	0.0000705634966774093	0.00007056343144881874	0.00007056334906096588	0.00007056324500856724	0.00007056311360627202	0.00007056294768155491	0.00007056273818871715	0.00007056247372300746	0.00007056213990748183	0.0000705617186190097	0.00007056118701473595	0.00007056051631464173	0.00007055967027904452	0.00007055860328947496	0.00007055725792208475	0.00007055556191727485	0.00007055342441731993	0.00007055073121502993	0.00007054733877790021	0.00007054306687753726	0.00007053768929332776	0.0000705309222259547	0.00007052240993722914	0.0000705117067367147	0.00007049825475481113	0.00007048135621965121	0.00007046013919841001	0.00007043351524068216	0.00007040012708715185	0.00007035828438428823	0.00007030588483363613	0.00007024031781813865	0.00007015834714759785	0.00007005596910350203	0.00006992824167439291	0.00006976908076743715	0.00006957101948833601	0.00006932492747796559	0.00006901968959329944	0.00006864184719002292	0.00006817521228443819	0.00006760047663377435	0.00006689485624946974	0.00006603184017025543	0.0000649811539513631	0.00006370910631005662	0.00006217956069666446	0.00006035585424984177	0.00005820404433684562	0.00005569783432408126	0.00005282530726225517	0.0000495970227728761	0.00004605404030012914	0.00004227315712365061	0.000038365783565771806	0.00003446750212534477	0.00003071823393570652	0.000027237218458028865	0.000024100048429834747	0.000021324416076257017	0.000018867380606710866	0.000016633193913749226	0.000014490347085650221	0.000012301612925959896	9.979277723604685e-6	7.573578336151653e-6	5.333370108578762e-6	3.574586050836013e-6	2.409297717596594e-6	1.7021102509072577e-6	1.2416122389112211e-6	8.661984653295301e-7	5.19604954262016e-7	2.6296487690417747e-7	1.3559629030443432e-7	8.01730927536364e-8	4.478508050440315e-8	1.8190175195177152e-8	7.120664823853661e-9	3.4824961114862464e-9	1.244002177061751e-9	3.6536974730508193e-10	1.426853295294205e-10	3.2342167338707796e-11	9.552208130805841e-12	1.828954962015371e-12	3.91531250169563e-13	2.88068120120005e-14	6.201681046906733e-16	9.36014171199824e-18	9.911155502606812e-20	1.5634539891494932e-35
0.00007038986682269538	0.00007038985894901296	0.00007038984899790172	0.0000703898364217724	0.00007038982052896004	0.00007038980044593515	0.00007038977506963362	0.00007038974300731683	0.00007038970250068056	0.00007038965133006881	0.00007038958669357253	0.00007038950505448565	0.00007038940194901839	0.00007038927174427864	0.0000703891073340296	0.00007038889975633037	0.00007038863771232563	0.0000703883069591005	0.000070387889543237	0.00007038736283656749	0.0000703866983301771	0.00007038586012677513	0.00007038480304139167	0.00007038347019938012	0.0000703817900346942	0.00007037967256519867	0.00007037700469356928	0.00007037364429039863	0.00007036941289798851	0.0000703640865404071	0.00007035738425045195	0.00007034895387531673	0.00007033835425243169	0.00007032503324038137	0.00007030830029931824	0.00007028729264114003	0.00007026093336319157	0.00007022787978635689	0.0000701864599636573	0.00007013459481863119	0.00007006970301263383	0.00006998858524124772	0.00006988728421029301	0.00006976091626816006	0.00006960347057210722	0.00006940757198575582	0.00006916420482139077	0.00006886239679620868	0.0000684888665531702	0.0000680276450312554	0.0000674596926023427	0.00006676255215985279	0.00006591010628788452	0.00006487254770062148	0.00006361672932617661	0.00006210713247981505	0.000060307771231045095	0.00005818540655003037	0.00005571441568244513	0.00005288343829918043	0.00004970335179555173	0.000046215148546817286	0.00004249501100257514	0.000038653061764867774	0.000034822870002360436	0.00003114170177834029	0.000027725726808748592	0.00002464738636438523	0.000021921452927838568	0.00001950246321106241	0.000017292338875819583	0.00001515680341577346	0.000012954136296638079	0.000010589226022896677	8.104752482949555e-6	5.755147595721283e-6	3.885806345413976e-6	2.6383938539905636e-6	1.881093193598504e-6	1.389341804646661e-6	9.865560525552149e-7	6.053149148404156e-7	3.111764853232429e-7	1.6114383125395432e-7	9.638108561991006e-8	5.5639381703527314e-8	2.3458669471169762e-8	9.157262790775355e-9	4.568069453255233e-9	1.7413160972961237e-9	5.081716644907477e-10	2.0565169123742346e-10	4.9669110587002374e-11	1.4489406330974356e-11	3.0793894937254457e-12	6.490408781241644e-13	5.856471840886766e-14	1.2633380159637142e-15	1.8688884328786157e-17	1.936408561171953e-19	2.9947524379758836e-35
0.00007022734702315341	0.00007022733922447627	0.0000702273293682192	0.00007022731691204339	0.00007022730117092169	0.0000702272812797162	0.00007022725614597199	0.00007022722439036515	0.00007022718427155725	0.00007022713359135394	0.0000702270695750004	0.00007022698872014771	0.00007022688660646526	0.00007022675765600628	0.00007022659483196658	0.00007022638926013377	0.00007022612975256354	0.00007022580220670943	0.00007022538884689469	0.00007022486726981043	0.00007022420925052123	0.00007022337925036449	0.00007022233253834142	0.00007022101281499725	0.00007021934924080893	0.00007021725275068893	0.00007021461140958049	0.00007021128455786377	0.00007020709559233002	0.00007020182288789238	0.00007019518844402517	0.00007018684386253544	0.00007017635272392959	0.00007016316888568868	0.00007014660938284364	0.00007012582100553771	0.00007009973894518412	0.00007006703579401373	0.00007002605888376673	0.00006997475346033456	0.0000699105688508464	0.00006983034438495954	0.0000697301713935856	0.00006960522735166924	0.00006944957814188843	0.00006925594473973032	0.00006901543157503519	0.00006871721601078157	0.00006834820241194298	0.00006789265106132537	0.00006733180375386125	0.00006664354588083063	0.00006580217240147036	0.00006477836560650972	0.00006353954880324729	0.0000620508509903704	0.000060276995714314464	0.0000581854815396855	0.00005575139199313041	0.000052963948328110193	0.00004983436024781085	0.00004640354176547615	0.00004274702526998522	0.00003897356908565628	0.00003521461975894884	0.00003160464870654795	0.000028256606306567373	0.000025239643774906034	0.000022565515808340157	0.000020186164904531327	0.000018001202696167013	0.00001587360129696595	0.000013657148421786812	0.000011249064625923247	8.683399021830873e-6	6.2185574054658e-6	4.230175394971001e-6	2.893162923294402e-6	2.0811617557586658e-6	1.555742442754171e-6	1.1239789550302062e-6	7.05557973236358e-7	3.688700097992043e-7	1.9178682990809525e-7	1.158596805732541e-7	6.900995010534754e-8	3.029739960564521e-8	1.1803639564503404e-8	5.975297851423799e-9	2.434925098616513e-9	7.095420229937089e-10	2.944470242048027e-10	7.679012008995893e-11	2.185729412369506e-11	5.216162667518633e-12	1.064565196807468e-12	1.1964151573310482e-13	2.6173472485410786e-15	3.78976782786902e-17	3.836104130268786e-19	5.807723638195059e-35
0.0000700790561119836	0.00007007904839171563	0.0000700790386346175	0.00007007902630383922	0.0000700790107212929	0.00007007899103061315	0.00007007896615043594	0.00007007893471546094	0.00007007889500208524	0.00007007884483454969	0.00007007878146648518	0.00007007870143145818	0.00007007860035456961	0.00007007847271531343	0.00007007831154947298	0.00007007810807455048	0.00007007785121854463	0.00007007752702563829	0.00007007711790594855	0.00007007660169124094	0.00007007595045347852	0.00007007512902891041	0.00007007409316105586	0.00007007278715173	0.00007007114092101427	0.00007006906636249534	0.00007006645275591679	0.00007006316097840112	0.00007005901636534114	0.00007005379974893335	0.00007004723623047079	0.00007003898133612679	0.00007002860360547828	0.00007001556316633378	0.00006999918497287761	0.00006997862582835326	0.00006995283356647386	0.00006992049674416695	0.00006987998284714808	0.00006982926254750863	0.00006976581723017193	0.00006968652661282577	0.000069587532859539	0.00006946407734781657	0.0000693103061711307	0.00006911904078641714	0.0000688815112020194	0.0000685870512386583	0.00006822275944161509	0.00006777313589389797	0.00006721971666148185	0.000066540745307017	0.0000657109480490813	0.0000647015192491838	0.00006348047883535705	0.00006201363339061103	0.00006026644862392372	0.00005820719473124249	0.00005581169344886402	0.00005306977419721229	0.000049992990763148544	0.00004662216921106443	0.00004303214974066587	0.00003933025214385584	0.000035645686691089084	0.000032109988645527065	0.000028832740096944244	0.00002587966859542998	0.0000232594085363373	0.000020921274826763345	0.00001876254706029542	0.000016643507370422012	0.000014413479826082562	0.000011961789081734874	9.312788557700977e-6	6.727011883761691e-6	4.610795029463836e-6	3.1761726253601583e-6	2.3045121235868996e-6	1.7428542579262636e-6	1.2805025395007126e-6	8.224473794899234e-7	4.378082476262273e-7	2.2851203635970215e-7	1.3921517553620366e-7	8.539669480560489e-8	3.913601258862154e-8	1.5244160192425102e-8	7.790487331544426e-9	3.392635038004412e-9	9.942166139916873e-10	4.184312409672567e-10	1.190809672475937e-10	3.280251198030432e-11	8.82327455376754e-12	1.7297148144989472e-12	2.428188074232255e-13	5.487809111965957e-15	7.769277795609797e-17	7.672448054102549e-19	1.1356673469302307e-34
0.00006994848818534332	0.00006994848054694779	0.00006994847089338843	0.0000699484586935467	0.00006994844327658056	0.00006994842379528488	0.00006994839917987659	0.00006994836807969841	0.00006994832878966622	0.00006994827915744647	0.00006994821646630856	0.00006994813728731973	0.00006994803729301903	0.00006994791102288021	0.00006994775158848497	0.00006994755030310553	0.00006994729621580456	0.00006994697552396449	0.00006994657083169169	0.00006994606021621271	0.0000699454160595385	0.00006994460358940169	0.00006994357904474243	0.00006994228735515934	0.00006994065923401556	0.00006993860757593095	0.00006993602292888447	0.00006993276777485985	0.00006992866947346137	0.00006992351142237415	0.00006991702196231578	0.00006990886071636923	0.00006989860140304261	0.00006988571069657386	0.00006986952182070514	0.00006984920203396683	0.00006982371237006291	0.00006979175805609359	0.0000697517276220624	0.0000697016182891124	0.00006963894491616333	0.00006956062939265683	0.00006946286696223695	0.00006934096572808813	0.00006918915553949291	0.00006900036277859704	0.00006876594858699477	0.00006847541016967772	0.00006811604885271389	0.00006767261515948603	0.00006712695248672444	0.00006645767849419556	0.00006563996988664178	0.00006464555596150469	0.00006344307994405166	0.00006199905633950953	0.00006027972639895264	0.000058254166284695616	0.00005589896821205072	0.000053204596014569723	0.00005018295711808816	0.000046874781718949757	0.0000433541741251203	0.00003972693627685069	0.00003611992328349673	0.00003266159115582812	0.000029458000040837486	0.000026571318054092778	0.000024006966645561156	0.000021711581875542984	0.00001958014610964916	0.000017470305188577217	0.000015226979307463933	0.000012731415647459655	9.997213379658472e-6	7.284930748308287e-6	5.031672161706301e-6	3.490737050603929e-6	2.5539713502624337e-6	1.953288887152574e-6	1.4587093492440823e-6	9.586500129450505e-7	5.202816292093154e-7	2.726245715729051e-7	1.6723901723492468e-7	1.0544716959584506e-7	5.0547738217546416e-8	1.9740451391303064e-8	1.013194737437553e-8	4.706973276650283e-9	1.4003379519184247e-9	5.910169020166653e-10	1.850361267413239e-10	4.9146662932909674e-11	1.485110528603863e-11	2.8015964077144246e-12	4.878693219508561e-13	1.1716134247507505e-14	1.619547322260571e-16	1.5574583676485277e-18	2.250044795017992e-34
0.0000698390768616094	0.00006983906930854525	0.0000698390597628991	0.0000698390476995261	0.00006983903245513636	0.00006983901319207227	0.00006983898885262118	0.0000698389581013877	0.0000698389192525887	0.00006983887017830538	0.00006983880819269684	0.00006983872990591435	0.00006983863103993899	0.00006983850619676033	0.00006983834856696531	0.00006983814956364834	0.00006983789836205071	0.00006983758131921584	0.00006983718124141794	0.00006983667646171812	0.00006983603968530906	0.00006983523654798371	0.00006983422380496279	0.00006983294704009187	0.00006983133779366496	0.00006982931000367065	0.00006982675553962814	0.0000698235385564123	0.00006981948852344728	0.0000698143915118415	0.0000698079792392732	0.00006979991559792605	0.00006978977970502128	0.00006977704505666209	0.00006976105349637448	0.00006974098317921037	0.00006971580889598967	0.00006968425324854477	0.0000696447267000954	0.00006959525414187448	0.00006953338532041858	0.00006945608607870153	0.0000693596069819811	0.00006923932567876853	0.0000690895593120664	0.00006890334362546753	0.0000686721764381289	0.00006838572525217017	0.00006803150275980377	0.00006759452053774393	0.00006705694235884336	0.00006639777586071704	0.00006559266743132054	0.00006461390408889554	0.00006343077899059582	0.00006201054477160985	0.000060320251466271605	0.000058329815300155306	0.000056016631361295385	0.000053371821680136015	0.000050407659715844474	0.00004716476577084614	0.000043716467856389114	0.000040166963847428365	0.00003664063667553857	0.00003326271477994215	0.000030135586626108467	0.00002731773015903375	0.00002481126493909263	0.000022560114513482007	0.000020456990438442797	0.00001835698032470409	0.000016100689808378192	0.000013561163440510411	0.000010740228998060439	7.896166146547392e-6	5.4964530447656205e-6	3.839934594812255e-6	2.832186298691375e-6	2.189506564545239e-6	1.6610524706788597e-6	1.1167796097527532e-6	6.187162186027789e-7	3.2555307618734854e-7	2.0077827143046059e-7	1.2985266274043704e-7	6.518226744524e-8	2.561762488563762e-8	1.3139854948959767e-8	6.487080038565359e-9	1.9809548900329226e-9	8.293053952498454e-10	2.8654774245677483e-10	7.354796670561519e-11	2.4659185275494035e-11	4.53395356682789e-12	9.567295202008544e-13	2.530943472627852e-14	3.413407175483464e-16	3.191853929783591e-18	4.494429719082129e-34
0.0000697550401456936	0.00006975503268147914	0.00006975502324819571	0.00006975501132691858	0.00006975499626222163	0.00006975497722638859	0.00006975495317427525	0.00006975492278637751	0.00006975488439700892	0.00006975483590367146	0.0000697547746526865	0.00006975469729489954	0.00006975459960377189	0.00006975447624638854	0.00006975432049560451	0.00006975412386845804	0.00006975387567157253	0.00006975356242822401	0.00006975316715517088	0.0000697526684518655	0.00006975203936004762	0.00006975124594041093	0.00006975024548568885	0.0000697489842608829	0.0000697473946674348	0.00006974539172979228	0.00006974286869322948	0.00006973969145466215	0.00006973569168047911	0.00006973065822488399	0.00006972432632250516	0.00006971636430971439	0.00006970635692598868	0.00006969378476931256	0.00006967799865942191	0.00006965818809645322	0.00006963334219484747	0.00006960220164771262	0.0000695631997554484	0.0000695143902193277	0.00006945335911071847	0.00006937711803731714	0.00006928197516562151	0.00006916338055548334	0.00006901574224057628	0.00006883220983451769	0.00006860442347072543	0.0000683222279716133	0.00006797335612002027	0.00006754309132958792	0.00006701393099956195	0.00006636528888474702	0.00006557330053295767	0.0000646108338207176	0.00006344785886586846	0.00006205239715017788	0.000060392340922978826	0.00005843848110909457	0.00005616904816185453	0.00005357584704456038	0.00005067152885157014	0.00004749658858535622	0.000044123527590812324	0.00004065485796816152	0.00003721236358374968	0.00003391789786419488	0.000030870022416753906	0.000028123395483663543	0.000025676749457769986	0.000023471282182742077	0.000021397453630554278	0.00001930790460188743	0.000017039042500994712	0.000014455641599411129	0.000011546791004792295	8.565955607186072e-6	6.010048579542823e-6	4.227898994168575e-6	3.14269671672808e-6	2.4547780115432418e-6	1.8907569988584692e-6	1.3002152263875659e-6	7.363067047969215e-7	3.892296673317217e-7	2.409645421153528e-7	1.595260459074708e-7	8.390235272378196e-8	3.334422096279857e-8	1.7010552452874783e-8	8.880447767464655e-9	2.8187488315803567e-9	1.1584069712880173e-9	4.4151350575495535e-10	1.1039622184586225e-10	4.0318374139934236e-11	7.388507129361791e-12	1.824640321430811e-12	5.574493622381755e-14	7.329279926287924e-16	6.649935682055478e-18	9.108396225386373e-34
0.00006970041753581819	0.00006970041016395044	0.0000697004008474523	0.0000697003890738641	0.00006970037419593334	0.0000697003553962765	0.00006970033164281282	0.00006970030163255516	0.00006970026372070456	0.00006970021583118382	0.00006970015534374121	0.00006970007895151674	0.00006969998248147767	0.00006969986066836837	0.00006969970687055494	0.00006969951271311822	0.00006969926763923574	0.00006969895834494776	0.00006969856806576437	0.0000696980756780031	0.00006969745457323992	0.00006969667125384364	0.00006969568357114465	0.00006969443849802271	0.00006969286933108689	0.00006969089222410698	0.0000696884018519526	0.00006968526592230433	0.00006968131838519115	0.0000696763509868095	0.00006967010261795519	0.00006966224623310756	0.0000696523724162903	0.00006963996914545196	0.00006962439657098941	0.00006960485598346577	0.00006958035138397545	0.00006954964226937953	0.00006951118567498731	0.00006946306524463155	0.00006940290480253056	0.0000693277635201854	0.00006923400943031956	0.00006911716785012849	0.00006897174127635483	0.00006879099767013656	0.00006856672507307209	0.00006828895260239515	0.00006794564179408885	0.00006752235859717883	0.00006700194718302429	0.00006636424343925746	0.00006558589137304985	0.00006464036267500356	0.00006349833119321372	0.00006212861765733828	0.0000604999895435487	0.000058584146742155394	0.000056360186390902884	0.00005382062156877485	0.000050978486489673645	0.00004787413808903642	0.00004457920261971857	0.00004119441549627433	0.00003783883752917404	0.00003463079467776343	0.00003166487273980345	0.000028991784102693308	0.000026606800183844595	0.00002444836600287361	0.00002240475780423742	0.00002032627646563328	0.000018045281171060424	0.000015418272235975506	0.00001242071629469899	9.298590603158747e-6	6.576711786192043e-6	4.6583065200160046e-6	3.4886860693543434e-6	2.7520627452502586e-6	2.1507611583302956e-6	1.5121195935335957e-6	8.76310236772215e-7	4.6573211841999063e-7	2.8898367366820213e-7	1.954135344088398e-7	1.0764072923433411e-7	4.3495504230257504e-8	2.1974835196486752e-8	1.2054619320478028e-8	4.026707997615481e-9	1.6105613158679698e-9	6.73055662466897e-10	1.662945792646977e-10	6.459685530280054e-11	1.2146786728880065e-11	3.3491797807745773e-12	1.2412637169290795e-13	1.5921893910459231e-15	1.399435868185111e-17	1.8616681033695278e-33
0.00006968020819602034	0.00006968020092004777	0.00006968019172482255	0.00006968018010459869	0.00006968016542061157	0.00006968014686620782	0.00006968012342287244	0.00006968009380477007	0.00006968005638879188	0.00006968000912629596	0.00006967994943174078	0.00006967987404218442	0.00006967977884015537	0.00006967965863065911	0.0000696795068608647	0.00006967931526805405	0.0000696790734372092	0.00006967876824376104	0.00006967838315035252	0.0000696778973208084	0.00006967728451002766	0.00006967651167905515	0.00006967553725923072	0.00006967430895840398	0.00006967276100287498	0.00006967081071926782	0.00006966835426662873	0.00006966526123309134	0.0000696613679404172	0.0000696564691371456	0.0000696503075115419	0.00006964256081271141	0.00006963282569449719	0.00006962059779717236	0.00006960524696142411	0.00006958598671959913	0.00006956183653112652	0.00006953157541904622	0.00006949368506406003	0.00006944628020103264	0.00006938702385530778	0.0000693130245864524	0.00006922071258897327	0.00006910569132393492	0.00006896256137230951	0.00006878471357980219	0.0000685640895662567	0.00006829090980867714	0.00006795337336832158	0.00006753733956546651	0.00006702601265071392	0.00006639966686521252	0.00006563547417666976	0.00006470753332156757	0.00006358724889413418	0.00006224427151459707	0.00006064827734562786	0.00005877190938172727	0.00005659516287535799	0.00005411128154949564	0.000051333691536814416	0.000048302592445682105	0.00004508868502526719	0.0000417908337312846	0.00003852524520693027	0.000035406566530666204	0.000032525253925941334	0.000029927955185956677	0.000027606409743912776	0.000025496305004290465	0.00002348379832350633	0.000021416974374607996	0.00001912433200856849	0.000016454160244260534	0.000013367517793410354	0.000010100057861582116	7.202280603406388e-6	5.136182870630389e-6	3.874485568262197e-6	3.0853673706018683e-6	2.4449980728860304e-6	1.7566278026147129e-6	1.0430037732014484e-6	5.578888118302708e-7	3.464366344566709e-7	2.387715037289604e-7	1.3762292237981423e-7	5.6898549338610345e-8	2.8358986241484092e-8	1.6236872198394688e-8	5.777267748618185e-9	2.234288774774941e-9	1.01402074391129e-9	2.5254222237513405e-10	1.0163598794581097e-10	2.02890532151222e-11	5.930884889445679e-12	2.8133302188490305e-13	3.5285611097462653e-15	2.997212377520672e-17	3.863810152414872e-33
0.00006969921426981349	0.00006969920709326312	0.00006969919802377138	0.00006969918656255302	0.0000696991720796437	0.00006969915377951532	0.00006969913065771781	0.0000696991014461988	0.0000696990645443372	0.00006969901793193492	0.0000696989590594359	0.00006969888470942988	0.00006969879082204919	0.00006969867227514633	0.00006969852260796532	0.00006969833367412446	0.00006969809520562966	0.00006969779426388851	0.00006969741454700746	0.00006969693551687968	0.00006969633130513237	0.00006969556934842317	0.00006969460867936845	0.00006969339776770315	0.00006969187180370978	0.00006968994933017471	0.00006968752804459561	0.00006968447948470194	0.00006968064243166586	0.00006967581474595175	0.00006966974305373117	0.00006966211007419758	0.00006965251875486682	0.00006964047267890278	0.00006962535173470186	0.00006960638214455307	0.0000695825993946698	0.00006955280275186813	0.0000695154994464862	0.00006946883644520129	0.00006941051741347021	0.00006933770210996913	0.00006924688517102	0.00006913375106671435	0.0000689930020569094	0.00006881815637379327	0.00006860131484186515	0.00006833289631022841	0.00006800134606023371	0.00006759282753093138	0.00006709091823009408	0.00006647634681351139	0.00006572683253826878	0.00006481712416403571	0.00006371938371667006	0.00006240412190021538	0.00006084195657250237	0.000059006507012342114	0.000056878697590551784	0.00005445252432711843	0.000051741813152121156	0.000048786585082655396	0.000045656555734326055	0.00004244862785070214	0.00003927602103402469	0.00003624954827384876	0.00003345539012196207	0.000030936012353715886	0.000028679565076795988	0.00002661899099505022	0.000024638389588905492	0.000022583778325978013	0.000020280006842434072	0.000017567287951005826	0.000014391612999861055	0.000010975422066987104	7.891975743741193e-6	5.666150863726e-6	4.304121251783555e-6	3.458434374479966e-6	2.7771541095130527e-6	2.037658022581652e-6	1.2407480800844324e-6	6.688056481696853e-7	4.1504483967353706e-7	2.9091992928318214e-7	1.7516263002547512e-7	7.457405923283192e-8	3.65563961483385e-8	2.168916423235774e-8	8.299747880717438e-9	3.0945988934800753e-9	1.5048596171071505e-9	3.8693308322295193e-10	1.5698163699167765e-10	3.441508194876073e-11	1.013778865235246e-11	6.428900833602734e-13	7.933218333413485e-15	6.499745930785848e-17	8.104707845913109e-33
0.00006976307139456471	0.00006976306432097792	0.00006976305538169835	0.0000697630440851496	0.00006976302981048132	0.00006976301177368746	0.00006976298898488413	0.00006976296019443568	0.0000697629238250098	0.00006976287788586474	0.00006976281986471025	0.0000697627465912877	0.00006976265406538379	0.00006976253724029446	0.00006976238975062448	0.0000697622035704813	0.00006976196858413667	0.00006976167204558835	0.00006976129789676722	0.00006976082590824171	0.0000697602306018317	0.00006975947990679867	0.00006975853347840442	0.00006975734057526604	0.00006975583738607934	0.00006975394371332139	0.00006975155884740047	0.00006974855634502833	0.00006974477753487848	0.00006974002349930059	0.00006973404494331367	0.00006972652973248711	0.00006971708733247575	0.00006970522955120104	0.00006969034668339783	0.00006967167809098047	0.0000696482758577962	0.00006961896021418367	0.00006958226484732824	0.00006953637010052493	0.00006947902172209187	0.00006940743248751425	0.00006931816376048324	0.00006920698389358869	0.00006906870042910814	0.00006889696349737823	0.00006868403876423634	0.00006842055047166215	0.00006809519883104854	0.00006769446214775925	0.00006720230438098045	0.0000665999246434097	0.00006586560881548837	0.00006497477855732312	0.00006390037995983146	0.00006261381387409887	0.00006108667230172952	0.000059293583952266516	0.00005721643192548974	0.000054849986534076296	0.000052208473344135805	0.000049331714209568005	0.000046288386506393224	0.00004317332496308299	0.00004009662792966996	0.00003716512171796878	0.000034460563454300015	0.000032021130438381664	0.000029831332130940334	0.00002782138403447866	0.000025873413519741725	0.000023831532881594248	0.000021517179800124243	0.000018762695647110897	0.000015498485581834937	0.000011930862288345354	8.652165407479652e-6	6.253875226367337e-6	4.782526321107859e-6	3.875843335505569e-6	3.15171154210172e-6	2.359903218059442e-6	1.474810979926966e-6	8.024497078223095e-7	4.969962326696812e-7	3.5349790436407583e-7	2.2187403893500944e-7	9.790323818229339e-8	4.710203926266456e-8	2.875289440228522e-8	1.1913996185378018e-8	4.28798462504489e-9	2.1994422158283644e-9	5.99415974796881e-10	2.3867454523206505e-10	5.925709889648664e-11	1.6849523600804e-11	1.4779103467052232e-12	1.8172809314543735e-14	1.4326899319763064e-16	1.7239801875030545e-32
0.00006987799917297213	0.00006987799220590946	0.00006987798340134498	0.00006987797227516066	0.00006987795821593551	0.00006987794045158448	0.0000698779180072939	0.00006987788965248214	0.00006987785383391096	0.00006987780859131295	0.00006987775145095088	0.00006987767929134611	0.00006987758817400123	0.00006987747313026573	0.00006987732789340903	0.00006987714456220464	0.00006987691317846138	0.00006987662119541618	0.00006987625280722674	0.0000698757881037913	0.00006987520201065723	0.00006987446296679885	0.00006987353127161363	0.00006987235699972164	0.00006987087737281544	0.00006986901349687168	0.00006986666630995576	0.00006986371145740517	0.0000698599929041237	0.00006985531506481094	0.00006984943286488985	0.00006984203949378385	0.0000698327511605112	0.00006982108818139583	0.00006980645161765098	0.00006978809442263936	0.00006976508585169463	0.0000697362678218446	0.00006970020138818018	0.00006965510142069946	0.00006959875719982261	0.00006952843634256848	0.00006944076923438932	0.00006933161099339534	0.00006919587806182741	0.00006902735699338353	0.00006881848394801165	0.00006856009559827393	0.00006824115580753177	0.00006784846851581416	0.00006736639733177694	0.0000667766278571936	0.00006605803191366152	0.00006518672686287079	0.00006413646939541303	0.0000628795804275915	0.00006138865814469115	0.00005963937342351584	0.000057614596662924906	0.000055309890923515736	0.00005273988636224216	0.00004994417864716538	0.00004699033829386177	0.000043971035612771246	0.00004099310688664075	0.00003815923431967286	0.00003554661027574429	0.00003318902374933969	0.000031067304840232774	0.00002910896562863655	0.000027194266604464014	0.000025165590697693362	0.0000228412251449483	0.000020045917103964404	0.000016694123235823378	0.00001297314460051222	9.489949416465149e-6	6.90575739443599e-6	5.315300988161349e-6	4.342798384417635e-6	3.5737511445172498e-6	2.7286206410927868e-6	1.7512022667885102e-6	9.636798028359745e-7	5.949621041651553e-7	4.2845123382035175e-7	2.796590856502023e-7	1.2868525105108795e-7	6.070899659140541e-8	3.786054097637158e-8	1.7042606395785792e-8	5.956937203554533e-9	3.1684739579244105e-9	9.392410772679165e-10	3.582866951430916e-10	1.0298770417540908e-10	2.7436794089610933e-11	3.3860237220856733e-12	4.253177290097665e-14	3.2181119720265355e-16	3.7274084967542566e-32
0.0000700494127821307	0.00007004940592507137	0.0000700493972596221	0.00007004938630936698	0.0000700493724726227	0.0000700493549896149	0.00007004933290109298	0.00007004930499615193	0.00007004926974643463	0.00007004922522314273	0.00007004916899234972	0.0000700490979829479	0.00007004900832016969	0.0000700488951159685	0.00007004875220550713	0.0000700485718163077	0.00007004834415286886	0.00007004805687416413	0.0000700476944347862	0.00007004723725437285	0.00007004666067542074	0.00007004593366334115	0.00007004501718267268	0.00007004386215051959	0.00007004240685534097	0.00007004057374946779	0.00007003826547215603	0.00007003535982526234	0.00007003170349670267	0.00007002710434147098	0.00007002132164351171	0.00007001405408976713	0.0000700049248521309	0.0000699934630330217	0.000069979080811301	0.00006996104517315011	0.0000699384431062533	0.00006991013891962076	0.00006987472192568739	0.0000698304426438167	0.00006977513530094226	0.00006970612413578608	0.00006962011079419955	0.00006951303997024667	0.00006937994053204245	0.00006921473986580811	0.0000690100501326742	0.00006875692728356424	0.00006844460732089843	0.00006806023028739169	0.00006758857226391055	0.00006701182090436698	0.0000663094526571166	0.00006545830269461779	0.00006443296389938848	0.00006320670594419053	0.00006175316422379529	0.000060049082176559835	0.000058078344738199035	0.00005583732505906917	0.00005334105617670682	0.00005062887768513157	0.000047767193719042515	0.00004484639755846896	0.00004196992694256933	0.00003923617065836916	0.000036717621027504325	0.00003444358864320726	0.0000323912019823852	0.000030485309336323843	0.000028604413592508494	0.000026589352407910686	0.000024255546461358776	0.000021420488343948533	0.000017982501345402342	0.000014107167143526983	0.000010410966832232543	7.627138914249487e-6	5.907191631221636e-6	4.863747560557963e-6	4.047631847801798e-6	3.1483440371816513e-6	2.075443599601371e-6	1.1575469387053728e-6	7.117126420604669e-7	5.177114305073235e-7	3.5040532081692166e-7	1.6896161012006283e-7	7.822850739322269e-8	4.949132683468819e-8	2.4168926740205472e-8	8.29565895900009e-9	4.496124145141124e-9	1.4790796451998532e-9	5.312977428583488e-10	1.778666828063819e-10	4.390216148456132e-11	7.524722066879653e-12	1.0062206462389012e-13	7.295735560216989e-16	8.119507966289868e-32
0.0000702863157344191	0.0000702863089909758	0.00007028630046921061	0.0000702862897006629	0.00007028627609370717	0.00007028625890128439	0.00007028623718021908	0.00007028620973992914	0.00007028617507775595	0.00007028613129740314	0.00007028607600606067	0.00007028600618464353	0.00007028591802420472	0.00007028580671994948	0.0000702856662122865	0.00007028548886172653	0.00007028526504081061	0.00007028498262099612	0.00007028462632583151	0.00007028417691549383	0.00007028361016316133	0.00007028289557804761	0.00007028199481166657	0.0000702808596510797	0.00007027942948654257	0.00007027762816126753	0.00007027536007129097	0.00007027250524543255	0.00007026891318472861	0.00007026439529660767	0.0000702587153666455	0.00007025157775995385	0.00007024261283869858	0.00007023135878006292	0.00007021723924436569	0.00007019953570895145	0.00007017735347599754	0.00007014957997750051	0.00007011483370585126	0.00007007140199395741	0.00007001716548228931	0.00006994950687557942	0.00006986520139954945	0.00006976028623526674	0.00006962990632691648	0.00006946813445795861	0.00006926776448481596	0.00006902007871316714	0.00006871459405471149	0.00006833879745717753	0.00006787789068965174	0.00006731457949415268	0.00006662896412587968	0.00006579862030299037	0.00006479900322892684	0.00006360436057229073	0.0000621893962149773	0.000060531956896918196	0.00005861696850078903	0.00005644163021030626	0.00005402137215471967	0.000051395247617400696	0.0000486284170350209	0.00004580889001446479	0.000043036556880325225	0.00004040535488118472	0.000037982943643449875	0.0000357940757986337	0.00003381216561553747	0.000031959458649668385	0.000030112817696888142	0.000028111736542553154	0.000025769081474377633	0.00002289550718200355	0.000019373201511578754	0.00001534343425195693	0.000011426170320229017	8.427985588941661e-6	6.566936319133832e-6	5.4468075648023266e-6	4.581231804838262e-6	3.627010104131756e-6	2.456385398858549e-6	1.3920895535805836e-6	8.517627515053453e-7	6.244058181577557e-7	4.370633312168225e-7	2.2185642261623346e-7	1.0106482255054071e-7	6.440248922636263e-8	3.4010515501307636e-8	1.1644918972173045e-8	6.318505195745504e-9	2.343052997739386e-9	7.848190198031084e-10	3.043293901922817e-10	6.997211479705279e-11	1.618357412817681e-11	2.4691308681903575e-13	1.7091170751013412e-15	1.8200967949454727e-31
0.00007059421408573163	0.0000705942074593645	0.00007059419908565938	0.00007059418850435338	0.00007059417513418547	0.00007059415824119968	0.00007059413689878569	0.00007059410993730391	0.00007059407588057696	0.00007059403286579977	0.00007059397854252932	0.00007059390994528497	0.00007059382333294241	0.00007059371398649434	0.00007059357595480672	0.00007059340173544097	0.000070593181874109	0.00007059290446121586	0.00007059255449742331	0.000070592113093784	0.00007059155646729973	0.00007059085468764547	0.00007058997011422578	0.00007058885543035431	0.00007058745116158862	0.00007058568258470969	0.0000705834559058501	0.00007058065344802105	0.0000705771276118129	0.00007057269346455049	0.0000705671194301315	0.00007056011572525656	0.00007055132011941953	0.00007054028014157366	0.00007052643128088459	0.00007050906994529298	0.00007048732030797367	0.00007046009362276927	0.00007042603844474245	0.00007038348003402229	0.00007033034684543498	0.00007026408181342694	0.00007018153595847556	0.00007007884172879653	0.0000699512636271501	0.00006979302418632199	0.00006959710438505117	0.00006935501962386592	0.00006905657606874998	0.00006868961782921473	0.00006823978490080468	0.00006769031630990416	0.00006702195427285875	0.00006621303643989855	0.00006523990489897283	0.00006407781273031884	0.00006270256103775972	0.00006109312851114482	0.000059235504942807007	0.00005712772699816882	0.00005478561816189895	0.000052247904472760634	0.00004957843290484922	0.00004686270932412716	0.000044196937497642175	0.00004167045665656098	0.000039345972443479084	0.00003724361653405277	0.00003533309385701367	0.000033534120883433086	0.00003172205058484948	0.000029735232302331223	0.00002738429956247606	0.000024473533270770103	0.00002086917513778952	0.000016685920795747352	0.000012540820106365934	9.313707329092222e-6	7.299466899136848e-6	6.096657688177574e-6	5.179149509951642e-6	4.169295065299623e-6	2.899837563574159e-6	1.673987398002828e-6	1.0189451225835224e-6	7.509915860502821e-7	5.419307194388726e-7	2.902496172049417e-7	1.307236890484649e-7	8.330343567607564e-8	4.7241941809298316e-8	1.644006492702853e-8	8.782166251810298e-9	3.679928301681656e-9	1.1544051846275554e-9	5.064223301101246e-10	1.1123806197805257e-10	3.2596837482268165e-11	6.134572404699805e-13	4.0505949721396835e-15	4.1190509598064165e-31
0.00007098124848880518	0.00007098124198296796	0.00007098123376169071	0.0000709812233731504	0.00007098121024675655	0.00007098119366204326	0.0000709811727094546	0.00007098114624091214	0.00007098111280750096	0.00007098107058089481	0.0000709810172542658	0.00007098094991731614	0.00007098086489874204	0.00007098075756785411	0.00007098062208518077	0.00007098045108939017	0.00007098023530448479	0.00007097996304627142	0.00007097961960066534	0.00007097918643990796	0.00007097864023793622	0.00007097795164151057	0.00007097708373882746	0.00007097599013568505	0.00007097461252633577	0.00007097287766375248	0.00007097069361743438	0.00007096794507159795	0.00007096448741257269	0.00007096013947501342	0.00007095467445715648	0.00007094780860072401	0.000070939187298516	0.00007092836770822572	0.00007091479749344923	0.00007089778843164924	0.00007087648412147928	0.00007084982033468394	0.00007081647656924967	0.0000707748171217196	0.00007072281965678355	0.00007065798909341886	0.00007057725445140646	0.00007047684621017999	0.00007035215189180985	0.00007019754810443707	0.00007000620833100168	0.00006976988775188061	0.00006947869004992448	0.00006912082664518366	0.00006868238813396101	0.00006814716178579485	0.0000674965496692623	0.00006670967223308688	0.0000657637824803191	0.00006463516543672708	0.00006330074730587833	0.00006174066489097644	0.0000599419932886035	0.000057903616932503914	0.000055641737373209284	0.00005319471665857955	0.000050625005237155765	0.00004801549443142748	0.00004545855172783008	0.000043038774383772286	0.00004081380415016279	0.00003879910186679873	0.000036960686939883644	0.00003521583590959973	0.0000334385317873922	0.000031466190885244744	0.00002910754319477872	0.000026161012378486923	0.00002247726896249032	0.000018142534804008896	0.000013763977680798465	0.000010293135168300912	8.112706654586353e-6	6.820746943924734e-6	5.848656547747057e-6	4.782448234152884e-6	3.4140139485176032e-6	2.012490893642875e-6	1.2187825563170712e-6	9.009936969471784e-7	6.681984981134151e-7	3.7793392827050167e-7	1.6945088840659097e-7	1.0719561275657982e-7	6.476327447115719e-8	2.337151575445135e-8	1.210266407781122e-8	5.6912064471947004e-9	1.6998067530592118e-9	8.167977419603508e-10	1.7822652833624468e-10	6.144505427389939e-11	1.5490489439451667e-12	9.756688358105453e-15	9.449227766978427e-31
0.00007145850971257592	0.00007145850333082237	0.00007145849526646736	0.00007145848507637676	0.00007145847220094564	0.0000714584559335965	0.00007145843538233124	0.00007145840942126926	0.00007145837662956194	0.00007145833521437807	0.00007145828291378915	0.00007145821687430417	0.000071458133496495	0.0000714580282405935	0.00007145789538208833	0.0000714577277049284	0.00007145751611667741	0.00007145724916518657	0.00007145691242999948	0.00007145648775514542	0.00007145595228498353	0.00007145527726047677	0.00007145442652013612	0.00007145335461922704	0.00007145200445499869	0.00007145030430048131	0.000071448164143429	0.00007144547109806444	0.00007144208362511195	0.00007143782443729006	0.00007143247164663779	0.00007142574769869192	0.00007141730583120907	0.00007140671311584426	0.00007139342974507759	0.00007137678331802308	0.00007135593742762956	0.00007132985307873983	0.00007129724161661802	0.00007125650751292757	0.00007120567907424485	0.0000711423250036664	0.00007106345458073083	0.00007096539914879501	0.00007084367279231897	0.00007069281061831873	0.00007050618411553088	0.00007027579507435171	0.00006999205310810697	0.00006964354727309418	0.00006921683135099527	0.00006869625599788071	0.0000680639011851244	0.00006729969121175682	0.00006638181402322657	0.00006528761282683005	0.00006399516624924647	0.0000624857946102949	0.000060747677661088675	0.00005878055286353806	0.00005660098797349946	0.00005424692909273638	0.00005177934661522837	0.000049278383815422205	0.000046832429224484516	0.00004452119057052485	0.000042397144132359016	0.00004047104705999175	0.00003870527751624555	0.00003701477995121205	0.00003527232647799192	0.000033314610736908075	0.00003094880733435242	0.00002796805584088908	0.000024208033560850902	0.00001972490996150873	0.000015108551451908089	0.000011378748284664082	9.01783034237198e-6	7.629574149104476e-6	6.599994898399483e-6	5.476596604481921e-6	4.009896926943603e-6	2.4201715686407384e-6	1.45913489192689e-6	1.0793511037304454e-6	8.202251764964605e-7	4.899150488303404e-7	2.2067559042284285e-7	1.3751501656063406e-7	8.781482854167914e-8	3.355982319849333e-8	1.660722265182162e-8	8.651152475720178e-9	2.528848037802178e-9	1.282272894382867e-9	2.926760072181122e-10	1.0966947957057654e-10	4.059001286486816e-12	2.4417265982947987e-14	2.240688457702413e-30
0.00007203330004424826	0.00007203329378998733	0.00007203328588686577	0.00007203327590067727	0.00007203326328310463	0.0000720332473418409	0.00007203322720292887	0.00007203320176329628	0.00007203316963093246	0.00007203312904947597	0.00007203307780312941	0.00007203301309676604	0.00007203293140480425	0.00007203282828089354	0.00007203269811864603	0.00007203253385129598	0.000072032326575027	0.00007203206507610899	0.00007203173523574485	0.00007203131927991396	0.00007203079483631695	0.00007203013375655298	0.00007202930065010834	0.000072028251047596	0.00007202692908210059	0.00007202526458877491	0.00007202316952638994	0.00007202053350503632	0.00007201721814471946	0.00007201305014269294	0.00007200781265808166	0.00007200123451195736	0.00007199297699917745	0.00007198261737885144	0.00007196962871147847	0.00007195335485175277	0.00007193297993048752	0.0000719074908703544	0.00007187563172982656	0.00007183584824424524	0.00007178622073054695	0.00007172438339586247	0.00007164742793702581	0.00007155178926351508	0.00007143311139959481	0.00007128609216217924	0.00007110430627537552	0.00007088000862067858	0.00007060392271435222	0.00007026502501968064	0.00006985034436284655	0.00006934480903542252	0.00006873119374604508	0.00006799024634675569	0.00006710111181368646	0.00006604221561934307	0.0000647928131294459	0.00006333543074955055	0.00006165936760200081	0.00005976521655212336	0.0000576698877135897	0.000055410862639676007	0.00005304753808480814	0.000050657190787689784	0.000048324077496888654	0.00004612288707998309	0.00004410084326636353	0.00004226399069454508	0.00004057113315996498	0.00003893500692763329	0.00003722734022562402	0.000035284314024878335	0.000032911886407337135	0.000029898505155550708	0.00002606559324439657	0.00002143823030012158	0.00001658155941993276	0.00001257825755768697	0.000010022022413067497	8.53002849823377e-6	7.439987927831159e-6	6.258468546832889e-6	4.694887609464965e-6	2.9075570782228754e-6	1.74733724104615e-6	1.2903519494211624e-6	1.0016232433707919e-6	6.305148887232072e-7	2.8833209330112906e-7	1.7572201600855307e-7	1.1759485507517982e-7	4.8407027540699594e-8	2.2676659769675922e-8	1.284210658619982e-8	3.8067365717240916e-9	1.9568719621809218e-9	4.934112066657951e-10	1.8567012070995625e-10	1.0724542534494766e-11	6.23378025012957e-14	5.403378569640373e-30
0.0000727158754264531	0.00007271586930307036	0.00007271586156546387	0.00007271585178859243	0.00007271583943572674	0.00007271582382920991	0.0000727158041136055	0.00007271577920925593	0.00007271574775375522	0.00007271570802817942	0.00007271565786408569	0.00007271559452625802	0.00007271551456491803	0.00007271541362961145	0.0000727152862352147	0.00007271512546822534	0.00007271492261847279	0.00007271466671697848	0.00007271434395458086	0.0000727139369492935	0.000072713423824978	0.00007271277706018245	0.00007271196205592684	0.00007271093534386342	0.00007270964232546006	0.00007270801443974734	0.0000727059656690007	0.00007270338818450762	0.00007270014684963096	0.00007269607245220062	0.00007269095333031014	0.0000726845248511883	0.0000726764565771269	0.00007266633622609976	0.00007265365006255786	0.0000726377586276701	0.00007261786712761491	0.00007259298908209605	0.00007256190212075943	0.00007252309431978895	0.00007247469935968381	0.00007241441865176396	0.00007233942844155955	0.00007224626987199072	0.0000721307202356415	0.00007198764420510023	0.00007181082488491381	0.00007159277660310522	0.00007132454458661866	0.00007099550224868113	0.00007059316500332926	0.00007010305260592082	0.00006950865077099804	0.00006879154970221551	0.00006793187243578504	0.00006690914933853905	0.00006570383498929735	0.0000642996807540499	0.000062687117354144	0.0000608675897712054	0.00005885832674474523	0.000056696283239024554	0.00005443918908808798	0.00005216131869876875	0.000049942657731470095	0.000047852748760558284	0.00004593349536944321	0.000044186242210994995	0.00004256631067650221	0.00004098437504499618	0.00003931129577242767	0.00003738295261847284	0.00003500441640398691	0.00003196005787172397	0.000028057952964195835	0.000023291538151819895	0.00001819389443098075	0.000013903084283360356	0.000011135796691673171	9.532128868087867e-6	8.378539865277027e-6	7.137802063358216e-6	5.479118407238216e-6	3.4881804120748256e-6	2.0934960080850233e-6	1.5399018329819625e-6	1.217281167700468e-6	8.051213765558816e-7	3.7803036296616865e-7	2.2388047041047166e-7	1.5569537003506564e-7	6.987171006460974e-8	3.0879576404693356e-8	1.8643483279757144e-8	5.825302658759484e-9	2.9202726059602366e-9	8.535871111737158e-10	3.018778304104938e-10	2.8190727152953387e-11	1.6304409713750837e-13	1.33004010244052e-29
0.00007351738092614173	0.00007351737493699528	0.00007351736736915072	0.00007351735780696736	0.00007351734572560149	0.00007351733046242286	0.00007351731118099178	0.00007351728682566699	0.00007351725606440742	0.00007351721721668715	0.00007351716816263111	0.00007351710622846772	0.00007351702804216193	0.00007351692935161345	0.00007351680479607784	0.00007351664761926149	0.00007351644930962715	0.00007351619914923281	0.0000735158836464627	0.00007351548582135637	0.00007351498430664525	0.00007351435222400149	0.00007351355578638255	0.00007351255255198782	0.00007351128922287825	0.0000735096988833221	0.00007350769759127127	0.00007350518014392005	0.00007350201473113538	0.0000734980363367796	0.00007349303860831427	0.00007348676362817547	0.00007347888943476103	0.00007346901447310953	0.00007345663854472817	0.00007344113930387802	0.00007342174356292885	0.00007339749211159831	0.00007336719699834143	0.00007332938970352587	0.000073282258607895	0.0000732235740040773	0.0000731505987862647	0.00007305998295654735	0.00007294764034899214	0.00007280860655963197	0.00007263687811847006	0.00007242523500456057	0.00007216505177925174	0.0000718461080785314	0.00007145641707318175	0.00007098210329057978	0.00007040737908512502	0.00006971469474859834	0.0000688851712473728	0.00006789946451982569	0.00006673924840868063	0.00006538951570820289	0.00006384183599693948	0.00006209849820276026	0.000060177015115004277	0.0000581137534502538	0.000055964670262854924	0.000053800905375162096	0.00005169803049631894	0.00004972032542130875	0.00004790432591431131	0.00004624671418884875	0.00004469944914868986	0.00004317131223109938	0.00004153248270419091	0.00003961875020094208	0.00003723460733201274	0.00003416098028711321	0.000030193635717374352	0.0000252943512944196	0.000019957115464869534	0.00001536565675077112	0.000012370700733694692	0.000010646924926298967	9.426644845116255e-6	8.125426244067173e-6	6.373548553698208e-6	4.1768487701297105e-6	2.5099675733355243e-6	1.8350772341830811e-6	1.4728987248467684e-6	1.0196773707303195e-6	4.971162838043512e-7	2.84702445198316e-7	2.040328941496386e-7	1.0040927000164234e-7	4.2043022611149487e-8	2.654671384529313e-8	9.074280418334543e-9	4.285892416720287e-9	1.4952913536863585e-9	4.769756094457739e-10	7.172212052199244e-11	4.387242443115299e-13	3.354338394144255e-29
0.00007444985558416668	0.00007444984973258229	0.00007444984233870555	0.00007444983299652947	0.00007444982119339081	0.00007444980628205885	0.00007444978744556224	0.00007444976365287197	0.00007444973360306486	0.00007444969565496447	0.00007444964773846488	0.00007444958724275761	0.00007444951087547194	0.00007444941448529433	0.00007444929283894338	0.00007444913934124203	0.00007444894568422811	0.00007444870140722232	0.0000744483933439917	0.00007444800492649129	0.00007444751530888537	0.00007444689827199167	0.00007444612086092492	0.00007444514168571375	0.00007444390878084754	0.00007444235691671236	0.00007444040427870859	0.00007443794835400933	0.00007443486074097682	0.0000744309807241732	0.00007442610738928328	0.0000744199897009596	0.00007441231438053463	0.00007440269086457159	0.000074390632821423	0.00007437553543954937	0.00007435664766112322	0.00007433303821104145	0.00007430355439238981	0.0000742667721373914	0.00007422093584288732	0.0000741638863329768	0.0000740929752148605	0.00007400496392591836	0.00007389590605043112	0.0000737610120832756	0.00007359449690272498	0.00007338941217604367	0.0000731374692037301	0.00007282886279084994	0.00007245211460727482	0.00007199396665367041	0.00007143937270393486	0.00007077165989957012	0.0000699729653398884	0.00006902508921164507	0.00006791094180912676	0.00006661676993220565	0.0000651352844874449	0.00006346960461216059	0.0000616374892428087	0.000059674638696367196	0.00005763513037713261	0.00005558683627830227	0.0000536007679461753	0.00005173584266907708	0.000050023200756088835	0.000048454929781207505	0.00004697977642911069	0.000045504823343953186	0.000043899764880434395	0.00004200050738709544	0.0000396112594623937	0.000036510117876718255	0.00003248170973399176	0.00002745666464438445	0.000021883426045966356	0.000016979449399523482	0.00001373938084351786	0.000011886563402131327	0.000010596480248715927	9.233376513556852e-6	7.390071180116873e-6	4.989392450546324e-6	3.0117688378717786e-6	2.1843616456306015e-6	1.7751519082885477e-6	1.280747920718836e-6	6.54868752833195e-7	3.618173191772054e-7	2.649114575098284e-7	1.429057623529593e-7	5.741802309280781e-8	3.718855041603103e-8	1.4317240645603505e-8	6.215982597050732e-9	2.592199509770139e-9	7.406361780122645e-10	1.7031613739718607e-10	1.2196751179641515e-12	8.700735285125106e-29
0.00007552635037125837	0.0000755263446605232	0.00007552633744477145	0.00007552632832786015	0.00007552631680959807	0.00007552630225852264	0.00007552628387759699	0.00007552626066099358	0.00007552623133965153	0.00007552619431268439	0.00007552614756094279	0.00007552608853808224	0.00007552601403329426	0.00007552591999845583	0.00007552580133079553	0.00007552565160011506	0.0000755254627069132	0.00007552522445393213	0.00007552492400806765	0.00007552454522295514	0.00007552406778660003	0.00007552346615477898	0.00007552270822478536	0.00007552175368347327	0.00007552055192916583	0.00007551903945867552	0.00007551713663610909	0.00007551474370194884	0.00007551173574370945	0.00007550795645030694	0.00007550321047282749	0.00007549725382248343	0.00007548978210844377	0.00007548041601838478	0.00007546868341401768	0.0000754539974318383	0.00007543562965952363	0.00007541267741331758	0.00007538402407133425	0.00007534829104704142	0.0000753037800459945	0.00007524840404220103	0.00007517960537627864	0.0000750942594393761	0.00007498856269520778	0.00007485790441073939	0.00007469672258502382	0.0000744983464269808	0.0000742548310963825	0.00007395679514024937	0.00007359327897268328	0.0000731516540917915	0.00007261762945824486	0.00007197542456073406	0.00007120820892740477	0.00007029894338613613	0.0000692317887904569	0.00006799425383679719	0.00006658018874484105	0.00006499352117376363	0.0000632522069921787	0.00006139120490976188	0.000059462593339958445	0.000057530828156590776	0.00005566223560837877	0.0000539102797839119	0.00005230070264642007	0.0000508210983629354	0.000049417184556932574	0.000047994566208397986	0.000046422659741091345	0.00004453768272044613	0.00004214384538335545	0.00003901699521376942	0.00003493186811169226	0.000029788989589293444	0.000023985635433482418	0.000018758992895356373	0.000015255627318263237	0.000013264325670166692	0.000011901476010313914	0.000010475029744656967	8.541663572037716e-6	5.942378152957925e-6	3.6169843477529267e-6	2.59793965890848e-6	2.13188997225206e-6	1.5956525272569069e-6	8.624442318423463e-7	4.6016828172750165e-7	3.411189737140307e-7	2.0060364920619758e-7	7.89613073142248e-8	5.1381470564563744e-8	2.2607763080845748e-8	8.946011873367876e-9	4.353917073152328e-9	1.1425529263239134e-9	3.670269281914098e-10	3.517046114593089e-12	2.330280586963962e-28
0.00007676086688695257	0.00007676086132030717	0.00007676085428677845	0.00007676084540031468	0.00007676083417348401	0.00007676081999095546	0.00007676080207608623	0.0000767607794488312	0.00007676075087272576	0.0000767607147881005	0.00007676066922793376	0.000076760611711824	0.00007676053911239534	0.00007676044748708355	0.00007676033186662967	0.0000767601859896206	0.00007676000196983423	0.00007675976987950879	0.00007675947722630786	0.00007675910829516835	0.00007675864332014341	0.00007675805744754347	0.0000767573194465945	0.00007675639010564825	0.00007675522021776338	0.00007675374804578623	0.00007675189618311968	0.0000767495676860577	0.000076746641210369	0.00007674296495151023	0.00007673834925136128	0.0000767325573287181	0.00007672529388312135	0.00007671619110734414	0.00007670479137872769	0.00007669052618668743	0.00007667269027166229	0.00007665041018477485	0.00007662260618231077	0.00007658794616670623	0.00007654479041637491	0.00007649112563513185	0.0000764244868667648	0.00007634186590527921	0.00007623960513044315	0.00007611327632995765	0.00007595754521959802	0.00007576602418038303	0.00007553111901334724	0.0000752438801625808	0.00007489387642990157	0.00007446912000564051	0.0000739560877300537	0.00007333990523175618	0.00007260478894157541	0.00007173487373343283	0.00007071558115799806	0.0000695356856621803	0.00006819016676858535	0.00006668373301463646	0.00006503448255659146	0.00006327653519144384	0.00006145985081533113	0.000059645333766435946	0.000057894491306719875	0.00005625526527162904	0.000054748026096066936	0.000053356010225275774	0.00005202212492799831	0.00005065074713126424	0.000049111241011762005	0.000047240324791907075	0.00004484243787097827	0.0000416917396515218	0.000037554373911479565	0.000032302312520326455	0.00002627709519596096	0.0000207198537273997	0.00001693440313538245	0.000014794625369090743	0.000013356317182996948	0.000011865162130729417	9.842541863487523e-6	7.052821592822141e-6	4.347052061378272e-6	3.0880141422138154e-6	2.5523367301626445e-6	1.97265219076055e-6	1.132457294932706e-6	5.865837532781032e-7	4.3606937015603353e-7	2.7708317370994587e-7	1.0977881388816445e-7	7.015305167460403e-8	3.521436971070951e-8	1.2834095173409679e-8	7.019406211561002e-9	1.7724409909572624e-9	7.122460852603604e-10	1.0546530885594497e-11	6.4689202518196065e-28
0.00007816824976262153	0.0000781682443432485	0.00007816823749596762	0.0000781682288450415	0.0000781682179160798	0.00007816820411024024	0.00007816818667172552	0.00007816816464684359	0.00007816813683244723	0.0000781681017109944	0.00007816805736874197	0.00007816800139268318	0.00007816793074071124	0.00007816784157814535	0.00007816772907218606	0.00007816758713394324	0.0000781674080952066	0.0000781671823036812	0.00007816689761530198	0.00007816653875575076	0.00007816608651709714	0.0000781655167514577	0.00007816479911941001	0.000078163895535062	0.00007816275821650916	0.00007816132723138962	0.00007815952745210559	0.00007815726481225786	0.00007815442161309715	0.00007815085065692663	0.0000781463680997068	0.00007814074452472057	0.00007813369392144562	0.00007812486023481886	0.0000781138006749454	0.00007809996547802693	0.0000780826730344152	0.0000780610797581789	0.00007803414356519793	0.00007800057982924611	0.00007795880863130286	0.00007790689193794926	0.00007784245940326054	0.00007776262158998367	0.00007766386971860789	0.00007754196169795221	0.00007739179535078911	0.00007720727157973233	0.00007698115322996881	0.00007670493029311246	0.0000763687088752848	0.00007596115208039999	0.00007546951602776936	0.00007487984451350962	0.00007417741286066115	0.00007334754012683164	0.00007237691461437549	0.00007125557385645721	0.00006997961175179384	0.00006855447978387246	0.00006699835120727565	0.00006534441420802316	0.00006364037427668813	0.00006194344283635258	0.000060310186340849364	0.000058782978994901884	0.00005737687982619683	0.00005607094032276923	0.00005480551347751163	0.000053484027075508046	0.00005197604169062921	0.00005011895672851349	0.000047717618802095635	0.00004454500365612479	0.000040359978985577105	0.000035007961345437845	0.00002877147364966842	0.00002287843774065845	0.000018791714642733926	0.000016492881469123534	0.000014976846714922766	0.000013419929405583364	0.000011308245098531839	8.337945008273122e-6	5.226781643289355e-6	3.6691396824348175e-6	3.04727130970316e-6	2.421188105750317e-6	1.4782375592864592e-6	7.505648899794673e-7	5.540000946010693e-7	3.763060654977376e-7	1.5471480231891385e-7	9.481927007105872e-8	5.354000695931254e-8	1.8470781259924362e-8	1.0890676533243427e-8	2.8092813782327096e-9	1.2621185183618484e-9	3.281929208138815e-11	1.8676202243489376e-27
0.00007976423725354708	0.00007976423198455524	0.0000797642253274536	0.00007976421691703702	0.00007976420629223245	0.00007976419287103497	0.00007976417591893386	0.00007976415450914771	0.00007976412747255118	0.00007976409333461942	0.00007976405023601114	0.00007976399583253307	0.0000797639271691403	0.00007976384052130492	0.00007976373119556388	0.00007976359327919948	0.00007976341932663689	0.00007976319996688294	0.00007976292341147818	0.00007976257483606887	0.00007976213560241039	0.00007976158228331993	0.00007976088544968872	0.00007976000816511887	0.00007975890410230624	0.00007975751517137346	0.00007975576857224385	0.00007975357317602931	0.0000797508150044696	0.00007974735156445316	0.00007974300494669462	0.00007973755325084536	0.00007973071995159377	0.00007972216098546464	0.00007971144870477796	0.00007969805247338343	0.00007968131481624488	0.00007966042261735509	0.0000796343722087464	0.00007960192738602717	0.00007956156921872721	0.00007951143641165191	0.00007944925506079967	0.00007937225676234462	0.000079277084364515	0.00007915968531381522	0.00007901519369345986	0.00007883780392120524	0.00007862064186525205	0.00007835564408554013	0.00007803346206581931	0.00007764341890140459	0.00007717355978620631	0.00007661085678195468	0.00007594165298626106	0.00007515245826859462	0.00007423122870365313	0.00007316925667526617	0.00007196372557364289	0.00007062078437208485	0.00006915860683429855	0.0000676093359993683	0.0000660182944684291	0.00006443885236881405	0.00006292253623055842	0.00006150612526438097	0.00006019946274263062	0.00005897762798545511	0.00005777871357777207	0.00005650550817304236	0.000055028028056924096	0.00005318451857570748	0.00005078041193382603	0.000047587905302061645	0.00004335987346768454	0.000037917555947595756	0.000031482602631409395	0.00002525183418562093	0.00002084454551464488	0.000018375392350904935	0.000016779886608297863	0.000015156756901073808	0.00001295565528901791	9.815025915805136e-6	6.2839086545665485e-6	4.358550196659717e-6	3.6291407976973794e-6	2.952120507758722e-6	1.9130272188194552e-6	9.652772767562698e-7	7.002183640212341e-7	5.026964622149107e-7	2.208654650417019e-7	1.2712289252223888e-7	7.91522413073523e-8	2.691033138134071e-8	1.6376100091475054e-8	4.629785009626383e-9	2.093450858500418e-9	1.0440927940144933e-10	5.61795400387333e-27
0.00008156496198217672	0.00008156495686657777	0.00008156495040346394	0.00008156494223837343	0.00008156493192381754	0.00008156491889496665	0.0000815649024390239	0.00008156488165665887	0.00008156485541345069	0.00008156482227875387	0.00008156478044871689	0.00008156472764933522	0.00008156466101436124	0.00008156457693161707	0.00008156447084976091	0.00008156433703578121	0.00008156416827121773	0.00008156395547203558	0.00008156368721248842	0.00008156334912711575	0.00008156292315863954	0.0000815623866149761	0.0000815617109956911	0.00008156086053692333	0.00008155979039457593	0.00008155844435759657	0.00008155675200035583	0.00008155462518995322	0.00008155195374091233	0.00008154859995888766	0.00008154439198661976	0.00008153911558581512	0.00008153250390562707	0.00008152422510410522	0.00008151386697475856	0.00008150091837416464	0.00008148474642958879	0.00008146456907566801	0.00008143942178570833	0.0000814081176869012	0.00008136919996845498	0.00008132088547638598	0.00008126099848466666	0.00008118689376225656	0.00008109536840433557	0.00008098256258327417	0.00008084385050213829	0.0000806737246710008	0.0000804656794356774	0.00008021210416793422	0.00007990420282545114	0.00007953196624689529	0.00007908423667598423	0.00007854892193099805	0.00007791343888546261	0.00007716549032345657	0.00007629429546919215	0.00007529238582368478	0.00007415800266207285	0.00007289793546214326	0.00007153027160287967	0.00007008599320201411	0.00006860789408900832	0.00006714537365043563	0.00006574482778568615	0.0000644374440449085	0.00006322798217986863	0.00006208780268092007	0.00006095306832358938	0.00005972626855950074	0.00005827815368870054	0.000056447987775563245	0.00005404190396701888	0.000050831650977889935	0.00004656531899809705	0.000041042635547676204	0.00003442400868011893	0.000027857289561215125	0.000023110454046723885	0.000020458931167696846	0.000018782789099831255	0.000017093934849471835	0.000014802778319803359	0.000011501278515640047	7.547972005833399e-6	5.176401193619332e-6	4.312013433601104e-6	3.5778959415718617e-6	2.449487577761234e-6	1.2485111365891217e-6	8.813536849644015e-7	6.612612515833246e-7	3.175048647473856e-7	1.6945951451436726e-7	1.1386050205891492e-7	4.007911298833204e-8	2.4003426200549192e-8	7.95490742277775e-9	3.318878785257291e-9	3.249937579025375e-10	1.7564775075583643e-26
0.0000835882311252052	0.00008358822616592636	0.00008358821990050201	0.00008358821198541882	0.00008358820198703207	0.00008358818935801581	0.00008358817340770253	0.00008358815326473791	0.00008358812783006935	0.00008358809571776877	0.00008358805518053238	0.00008358800401588005	0.0000835879394480479	0.00008358785797934199	0.00008358775520324618	0.00008358762556988715	0.00008358746209227205	0.00008358725597882415	0.00008358699617342317	0.00008358666877817693	0.00008358625632771782	0.00008358573687901849	0.00008358508287815001	0.00008358425975620329	0.00008358322418009937	0.00008358192185274723	0.00008358028476842212	0.00008357822784720147	0.0000835756447663448	0.00008357240272114433	0.00008356833602069442	0.00008356323822896983	0.00008355685235299497	0.0000835488589944733	0.00008353886167648974	0.00008352636910007212	0.00008351077344624536	0.00008349132425576504	0.0000834670968402106	0.00008343695452922933	0.00008339950370929943	0.00008335304070101626	0.00008329548960056867	0.00008322433036436518	0.00008313651678743154	0.00008302838472724307	0.00008289555205649255	0.00008273281355461898	0.00008253403690041737	0.00008229206975343273	0.00008199867459934394	0.00008164451631521032	0.00008121924025655877	0.0000807116948268547	0.00008011037306137071	0.000079404168023656	0.00007858355168206227	0.00007764227142651215	0.00007657958376072993	0.00007540285246835413	0.00007412998156867409	0.00007279066668576295	0.00007142502852526756	0.00007007836417765158	0.00006879186394888436	0.00006759116552703732	0.00006647611578828168	0.00006541465024360155	0.00006434136753980762	0.00006315882534269703	0.00006173880632435511	0.000059921791693052517	0.00005751465858072008	0.00005428896677286448	0.00004998911336931812	0.000044396172931951324	0.0000376104864526516	0.00003071369701395379	0.0000256090200310058	0.000022762070270324885	0.00002100463886535615	0.000019251816282401325	0.000016870112968258255	0.000013415536443927285	9.050430450701299e-6	6.147115777150659e-6	5.112237319286128e-6	4.313402949983244e-6	3.1006155051156257e-6	1.6238902141536212e-6	1.1059510328404874e-6	8.580743261041343e-7	4.553530245714485e-7	2.2533321871648195e-7	1.5982505298713645e-7	6.132906542617678e-8	3.4443718636816387e-8	1.3881696882777695e-8	5.0949755479541226e-9	9.204047754831474e-10	5.684704476433147e-26
0.00008586501532986889	0.00008586501053000831	0.00008586500446619118	0.00008586499680606976	0.000085864987130118	0.00008586497490886124	0.00008586495947420093	0.00008586493998331482	0.00008586491537322103	0.00008586488430359621	0.00008586484508480422	0.00008586479558730219	0.00008586473312759648	0.00008586465432473275	0.00008586455491988096	0.0000858644295499351	0.00008586427146397374	0.00008586407216870026	0.00008586382098494263	0.00008586350449155896	0.00008586310582665765	0.0000858626038110022	0.0000858619718559933	0.00008586117661145429	0.00008586017628476032	0.00008585891852981628	0.00008585733780868482	0.00008585535215486897	0.00008585285918229197	0.0000858497310711621	0.00008584580841824936	0.00008584089273722202	0.00008583473708581223	0.000085827034744132	0.00008581740526666266	0.00008580537756927616	0.00008579036935992955	0.00008577166236570309	0.00008574837246679656	0.00008571941410193361	0.00008568345797418009	0.0000856388812603348	0.00008558370957433199	0.00008551555012838593	0.00008543151591993071	0.00008532814148766725	0.00008520129191902202	0.00008504606842499236	0.00008485671669292703	0.0000846265479324824	0.00008434788868728757	0.00008401208329983748	0.00008360958493148886	0.00008313018550083953	0.00008256345316568455	0.00008189946453043142	0.000081129927066609	0.00008024977194624287	0.00007925921828222264	0.00007816612220029318	0.0000769880916943213	0.00007575339073910372	0.00007449932021480532	0.0000732669400269523	0.00007209217997942499	0.00007099520193181477	0.00006997115544575283	0.00006898489511843448	0.00006796986552834948	0.0000668291053609053	0.00006543576422265803	0.00006363171159099361	0.00006122466751307312	0.00005798612180660915	0.0000536577629415176	0.00004800504640444117	0.000041070956147741486	0.00003385466921274756	0.00002837422274523522	0.000025316804703530437	0.000023477664558619366	0.000021664293305110927	0.000019192285583845653	0.00001559026625215086	0.000010835787123812815	7.309204130567723e-6	6.054977277806865e-6	5.182362594405689e-6	3.886458818571137e-6	2.1271583188006117e-6	1.3877782405740757e-6	1.102939760054358e-6	6.47532064551679e-7	3.0114264670207546e-7	2.2033285707617063e-7	9.644919511928287e-8	4.8776785673644544e-8	2.3869226294674854e-8	7.681355997430276e-9	2.273390487203009e-9	2.029401162019571e-25
0.00008840096768938868	0.0000884009630515881	0.00008840095719271862	0.00008840094979178328	0.00008840094044360887	0.00008840092863686849	0.0000884009137264075	0.00008840089489840991	0.0000884008711265639	0.00008840084111690756	0.00008840080323842744	0.00008840075543572266	0.00008840069511909051	0.00008840061902623857	0.00008840052304845763	0.00008840040201249978	0.00008840024940743923	0.00008840005704322593	0.00008839981462388315	0.00008839950921284038	0.00008839912456151817	0.00008839864026697093	0.00008839803072195259	0.00008839726381530166	0.00008839629931993673	0.00008839508687209557	0.0000883935634421717	0.00008839165022869259	0.00008838924884494938	0.0000883862365361961	0.00008838246029026647	0.00008837772969478112	0.00008837180802038926	0.00008836440142449381	0.00008835514574474413	0.00008834359042405374	0.00008832917909142728	0.00008831122614245146	0.00008828888863312637	0.00008826113285691303	0.00008822669474936038	0.00008818403346602514	0.00008813127750348921	0.00008806616297260434	0.00008798596403363823	0.00008788741621302687	0.00008776663445896101	0.0000876190294283601	0.00008743922805172498	0.00008722100848325979	0.00008695726443056104	0.0000866400221355462	0.00008626054341528729	0.00008580956168830957	0.00008527771374494106	0.00008465624525717862	0.00008393807389485856	0.00008311927318226232	0.00008220096099404671	0.00008119139686669083	0.00008010777333882646	0.00007897678438882405	0.00007783276188855775	0.00007671242998493883	0.00007564644326103623	0.0000746495992455662	0.00007371260671062377	0.00007279760424888357	0.00007183730260136971	0.00007073562972564518	0.00006936744152586898	0.00006757621074079049	0.00006517052369456994	0.00006192183967415844	0.00005756989792709867	0.0000518674576635951	0.00004480410066010118	0.000037283552107741356	0.00003141287832925499	0.000028129562627245375	0.00002620841608271587	0.000024339501609933144	0.00002177912925963915	0.00001803315731378321	0.000012919205061708597	8.688242705953607e-6	7.153215739418032e-6	6.197901082495113e-6	4.816099061215518e-6	2.785582145669023e-6	1.7382646164036482e-6	1.4029916554459868e-6	9.007230991674416e-7	4.046027667023637e-7	2.979922673321685e-7	1.5081770811171737e-7	6.812917955937824e-8	3.891853928097005e-8	1.1405765951221015e-8	4.677191458637095e-9	7.390952641056528e-25
0.00009123796509062655	0.00009123796061783279	0.00009123795496763724	0.00009123794783060005	0.00009123793881616219	0.00009123792743147497	0.00009123791305474598	0.00009123789490169437	0.00009123787198334682	0.00009123784305294722	0.00009123780653917028	0.00009123776046210143	0.00009123770232752484	0.00009123762899395402	0.00009123753650551445	0.00009123741988225995	0.00009123727285763264	0.00009123708755036605	0.00009123685405465078	0.00009123655992722067	0.00009123618954376913	0.00009123572329155518	0.00009123513656249664	0.00009123439850706029	0.00009123347049175813	0.00009123230417004131	0.00009123083906553461	0.00009122899959930361	0.0000912266914541224	0.00009122379702875123	0.00009122016981713152	0.00009121562761944567	0.00009120994409766384	0.00009120283850886832	0.00009119396325009909	0.00009118288863920784	0.00009116908465802334	0.00009115189890357886	0.00009113053027461059	0.00009110399773408358	0.00009107110345002228	0.00009103038977707036	0.00009098008956789921	0.00009091806959470081	0.00009084176726357348	0.00009074812151408046	0.00009063349990479124	0.00009049362555243898	0.00009032350986497604	0.00009011740100472319	0.00008986876245720122	0.00008957030384112938	0.00008921409488115085	0.00008879180587280326	0.00008829513151054873	0.00008771646660294611	0.00008704990541610528	0.00008629261106629338	0.0000854465232927723	0.00008452019663413843	0.00008353027229365032	0.00008250171704647926	0.0000814657441060527	0.00008045464165574088	0.00007949380235963647	0.00007859281103896755	0.00007773824334858719	0.00007688993684090322	0.00007598032687371058	0.00007491467429748594	0.00007356992567886781	0.00007179140615587204	0.00006938861171328415	0.00006613291488353996	0.00006176268007057647	0.00005602090635054995	0.000048849106346313435	0.00004104492989806811	0.000034771411220888555	0.0000312440301892789	0.00002923990685051306	0.000027322176318146837	0.000024677908067688935	0.000020789998683667563	0.000015351193942157973	0.000010344597058629902	8.441911962685455e-6	7.394474350003848e-6	5.920133933657847e-6	3.6444949841246045e-6	2.181984362992157e-6	1.774766895435171e-6	1.2278876080217208e-6	5.525766595769484e-7	3.9867333615196236e-7	2.314650107824803e-7	9.50896405721178e-8	6.064641557066716e-8	1.7151137941387875e-8	8.472132247308814e-9	2.9725231923898785e-24
0.00009438056676026322	0.00009438056245490862	0.00009438055701646246	0.00009438055014721237	0.00009438054147142914	0.00009438053051501515	0.0000943805166798855	0.00009438049921173119	0.00009438047715946942	0.00009438044932424699	0.00009438041419530636	0.00009438036986932835	0.00009438031394898264	0.00009438024341535505	0.00009438015446764033	0.00009438004232203076	0.00009437990095994085	0.00009437972281345784	0.00009437949837269577	0.00009437921569489498	0.00009437885978903493	0.00009437841184398448	0.00009437784826545908	0.00009437713948419265	0.00009437624848343659	0.00009437512896238233	0.00009437372303448837	0.00009437195839066954	0.00009436974484081219	0.00009436697000868261	0.00009436349398844561	0.00009435914290601148	0.00009435370095784412	0.0000943469006824601	0.00009433841125612164	0.00009432782415303991	0.00009431463604883442	0.00009429822816607677	0.00009427784176911801	0.00009425254912197287	0.00009422121939400464	0.0000941824790609034	0.00009413466642334461	0.000094075780186861	0.00009400342245597678	0.00009391473719830497	0.00009380634630745956	0.00009367428702602396	0.00009351395675300134	0.00009332007450691283	0.00009308667341346274	0.00009280714431384746	0.00009247435953391427	0.00009208091613339998	0.00009161954899315006	0.00009108377401117921	0.00009046881870839856	0.00008977287305437015	0.00008899861061973943	0.0000881547677226271	0.00008725729382844826	0.00008632927822462627	0.00008539869174363999	0.00008449332031430432	0.00008363335185542079	0.00008282336071841925	0.00008204612835421336	0.00008125960865719777	0.0000803964047965796	0.000079363533637762	0.00007804040594295086	0.00007627447319335677	0.0000738762125440744	0.00007061677081185346	0.00006623345756801801	0.00006046210900746735	0.00005320228157655836	0.00004513936252769806	0.000038455933648487065	0.000034666257861520713	0.000032577409317905684	0.000030618270802128386	0.000027897600949799388	0.000023869860399243112	0.000018138610473196288	0.000012314459605075675	9.935946260729664e-6	8.787339285337864e-6	7.212962518758996e-6	4.722403453773824e-6	2.7397488384915173e-6	2.229417486689576e-6	1.6346148245315968e-6	7.654598775455782e-7	5.272445129901267e-7	3.4148973452814205e-7	1.3300598108280444e-7	9.003756619104073e-8	2.657910339692496e-8	1.3804008991471831e-8	1.1807498322706063e-23
0.00009788346267628021	0.00009788345854121792	0.00009788345331812868	0.00009788344672122743	0.00009788343838986748	0.00009788342786902236	0.0000978834145847194	0.00009788339781313367	0.00009788337664172024	0.00009788334992034643	0.00009788331619985445	0.00009788327365482181	0.0000978832199864449	0.0000978831523004527	0.00009788306695373135	0.00009788295936193355	0.00009788282375866723	0.00009788265289472646	0.00009788243766290044	0.0000978821666293939	0.00009788182544704738	0.00009788139611970197	0.00009788085608395366	0.00009788017707260334	0.00009787932371286512	0.00009787825178315639	0.00009787690602938406	0.000097875217467499	0.00009787310010242803	0.0000978704468662777	0.00009786712456263682	0.00009786296777665105	0.00009785777140453196	0.00009785128147926428	0.00009784318421070431	0.00009783309255765208	0.00009782053028227813	0.0000978049127260347	0.00009778552411853996	0.00009776149075061628	0.000097731749672996	0.00009769501252951226	0.00009764972429901206	0.00009759401704164261	0.0000975256591599561	0.00009744200138568494	0.00009733992174830093	0.00009721577329892988	0.00009706534066759069	0.00009688381421924815	0.00009666579560869675	0.00009640535316143796	0.00009609615398071687	0.00009573170772299868	0.00009530576634647725	0.00009481292994960812	0.0000942495052998858	0.00009361463151383877	0.00009291161114178954	0.00009214922583302917	0.00009134257671615794	0.00009051271437768144	0.00008968423633329705	0.00008888039253851244	0.00008811625429712934	0.00008739164699082828	0.00008668594328983094	0.00008595567065937412	0.00008513405864790058	0.00008413032020868851	0.00008282674318965047	0.00008107325561950717	0.00007868141973515047	0.00007542204081492713	0.00007103137372064794	0.00006524048027427677	0.00005791416930284157	0.00004962327947236993	0.00004252757746828375	0.00003845453256749047	0.0000362774002714924	0.000034284646143632	0.00003149898384870528	0.00002733528022505546	0.000021340412663700597	0.000014687963378250309	0.000011684546743050546	0.000010422141987785581	8.741904758065825e-6	6.0615434094321136e-6	3.4602773251805404e-6	2.792635922123107e-6	2.1407712570719154e-6	1.0826837945531397e-6	6.943811681498906e-7	4.873671358708824e-7	1.9028969223758516e-7	1.2902530435469518e-7	4.3895728562336754e-8	2.0552057962047772e-8	4.7102199796823355e-23
0.00010175985857646018	0.00010175985461414922	0.00010175984960952589	0.00010175984328890453	0.00010175983530693885	0.00010175982522794915	0.00010175981250242405	0.00010175979643746398	0.00010175977615961997	0.00010175975056818485	0.00010175971827648987	0.00010175967753813046	0.00010175962615424266	0.00010175956135698073	0.00010175947966317437	0.00010175937669079378	0.00010175924692926801	0.0001017590834527058	0.00010175887756238761	0.00010175861834076527	0.00010175829209362468	0.00010175788165120608	0.00010175736549559192	0.00010175671668036317	0.0001017559015001111	0.00010175487784112194	0.00010175359311787757	0.00010175198171839119	0.00010174996190092399	0.00010174743197621287	0.00010174426554924012	0.00010174030577831854	0.00010173535839658746	0.00010172918311094031	0.0001017214833753409	0.00010171189390491624	0.00010169996586832249	0.00010168514912803193	0.00010166677135497573	0.000101644013439457	0.00010161588099128959	0.00010158117160505027	0.0001015384378248123	0.00010148594603837507	0.00010142163195865891	0.00010134305404154282	0.00010124734721584221	0.0001011311807082009	0.00010099072583106258	0.00010082164248016833	0.0001006190965802998	0.00010037782630015825	0.00010009228058981507	0.00009975686104360532	0.00009936630497212872	0.00009891625078279161	0.00009840401831776117	0.00009782960615811383	0.0000971968285577114	0.00009651437136918847	0.00009579632827167809	0.00009506156424372545	0.0000943312062304249	0.00009362397841563458	0.00009294999493437247	0.00009230463948371861	0.00009166428222359658	0.00009098446094463199	0.00009019944333606204	0.00008922102649107088	0.00008793477689917648	0.0000861934914736486	0.00008381010135511988	0.00008055480621895435	0.00007616259387833706	0.00007036152314378912	0.00006298914598872515	0.00005450446839143303	0.00004700218471459376	0.00004262537044971119	0.00004035489753954719	0.000038334895725075853	0.00003549838348789493	0.00003120675040784603	0.000024969863396693886	0.000017519348944607468	0.000013715437970272223	0.000012318962895002867	0.000010534142886716119	7.674578910426336e-6	4.394649890172918e-6	3.4808509017121104e-6	2.760916107004393e-6	1.5380939959717425e-6	9.088725672719043e-7	6.7280456549542e-7	2.8024836800419217e-7	1.7852179967240572e-7	7.399332201802066e-8	2.7478735984660577e-8	1.3115698180644042e-22
0.00010616904656430602	0.00010616904277904905	0.00010616903799833182	0.00010616903196086915	0.00010616902433699616	0.00010616901471086196	0.00010616900255802635	0.00010616898721728667	0.0001061689678552654	0.00010616894342191339	0.0001061689125946073	0.00010616887370792399	0.0001061688246654158	0.00010616876282878761	0.00010616868487876078	0.00010616858664062458	0.00010616846286596964	0.00010616830696026167	0.00010616811064343767	0.0001061678635269697	0.00010616755258558065	0.0001061671614960104	0.00010616666981136566	0.00010616605193861545	0.00010616527588077838	0.00010616430168280247	0.00010616307949127163	0.00010616154714805375	0.00010615962726765611	0.00010615722366466313	0.00010615421690547355	0.0001061504589239641	0.00010614576653424788	0.00010613991343178465	0.000106132620694401	0.00010612354527196248	0.00010611226631905417	0.00010609826893855243	0.00010608092510500477	0.00010605947135666501	0.00010603298310803869	0.00010600034536660598	0.00010596021993160125	0.0001059110094200144	0.00010585081891937205	0.00010577741672919582	0.00010568819663924355	0.00010558014554308648	0.00010544982195420741	0.00010529335384988698	0.00010510646699524531	0.00010488456005026286	0.00010462284698476752	0.00010431659371362851	0.00010396147997967886	0.00010355411849031498	0.00010309275172903504	0.00010257811477653243	0.00010201437596082182	0.00010140993612814808	0.00010077768304441118	0.00010013412059685908	0.00009949681954412595	0.00009888003272490149	0.00009828916996545311	0.00009771559123866672	0.0000971331543794945	0.000096496879559455	0.00009574247596951198	0.00009478470094232447	0.00009351287805196433	0.00009178330582595791	0.00008941081794923888	0.00008616506121362202	0.00008177893805337227	0.00007597845637940056	0.00006858254766491803	0.000059947897906956904	0.00005205599388038588	0.00004735002837678938	0.00004497720073156141	0.000042933492286996694	0.00004006416026319915	0.00003566275976664952	0.00002920018611426508	0.000021031220708400983	0.00001618093308648689	0.000014595667617288616	0.000012721568452816878	9.677682580262515e-6	5.720338175695091e-6	4.3602134810925065e-6	3.563882255839676e-6	2.2033396021251123e-6	1.205464829497318e-6	9.225058692332023e-7	4.4355607602706576e-7	2.4602889714372244e-7	1.2490418363530242e-7	3.377131034075182e-8	2.151464141590897e-22
0.00011099018652813553	0.00011099018292173152	0.00011099017836719445	0.00011099017261576534	0.00011099016535361987	0.00011099015618493752	0.00011099014461060438	0.0001109901300014376	0.00011099011156453947	0.00011099008830103455	0.00011099005895299562	0.00011099002193680005	0.00011098997525944695	0.00011098991641348843	0.00011098984224517273	0.00011098974878917753	0.00011098963106188865	0.00011098948280347583	0.00011098929615677085	0.00011098906126757081	0.00011098876578611265	0.00011098839424381753	0.00011098792727522401	0.00011098734065409404	0.00011098660410880191	0.00011098567986350568	0.00011098452082202222	0.00011098306831284742	0.0001109812493483399	0.00011097897329553287	0.00011097612774364475	0.00011097257348148725	0.00011096813849412402	0.00011096261058253	0.00011095572858496087	0.00011094717185174169	0.00011093654771753196	0.00011092337675412815	0.00011090707549298182	0.0001108869364047519	0.00011086210499925346	0.0001108315539735215	0.00011079405459993137	0.00011074814580607783	0.0001106921018782674	0.00011062390034271241	0.00011054119250109553	0.00011044128037409675	0.00011032110544415275	0.0001101772567456446	0.00011000600909300355	0.00010980340503772629	0.00010956539910663736	0.00010928808613741242	0.00010896803845814798	0.000108602774712017	0.00010819136902312069	0.0001077351770813192	0.0001072385818415191	0.00010670954631999258	0.00010615960553075053	0.0001056028038836318	0.00010505315107593041	0.00010452057522656555	0.00010400607404887269	0.00010349738805209853	0.00010296629098895036	0.00010236762636477498	0.0001016387702684876	0.00010069763257408204	0.00009943759186370334	0.00009771898659344602	0.00009535921336387486	0.00009212749828299269	0.00008775391791825739	0.00008196241946175968	0.00007455985337654357	0.00006581259028184317	0.000057555601658401804	0.00005250519962446671	0.00005002305484544361	0.00004795604499605363	0.00004506771199346289	0.000040577674861653696	0.00003390214164232336	0.000025103201679021197	0.000019018548475011675	0.000017180827517531734	0.00001523764912495533	0.00001200365147791796	7.421015263454679e-6	5.4038600458652305e-6	4.530281230904901e-6	3.0425344292683963e-6	1.5815975211634035e-6	1.2326083773528596e-6	6.81670331575466e-7	3.3171192689814434e-7	1.932985057311264e-7	4.031028533569373e-8	2.6527755654136454e-22
0.00011616776313206529	0.00011616775970462629	0.00011616775537641009	0.00011616774991119148	0.00011616774301099628	0.0001161677343000467	0.00011616772330457106	0.00011616770942742677	0.00011616769191622191	0.00011616766982328741	0.00011616764195543192	0.00011616760681088125	0.00011616756250013676	0.00011616750664666092	0.00011616743626230249	0.00011616734759121867	0.00011616723591471353	0.00011616709530783525	0.00011616691833654013	0.00011616669568120969	0.00011616641566781337	0.00011616606368257995	0.0001161656214416005	0.00011616506608576696	0.00011616436906934154	0.00011616349479575105	0.00011616239892509153	0.00011616102627156388	0.00011615930824496945	0.00011615715976128625	0.00011615447542580747	0.00011615112487621067	0.00011614694725294433	0.00011614174444011102	0.00011613527300412705	0.0001161272346396393	0.00011611726478353223	0.00011610491935122319	0.00011608965924655236	0.00011607083259531751	0.00011604765458626972	0.00011601918499184023	0.00011598430364685799	0.00011594168444746278	0.000115889768910403	0.00011582674091659336	0.00011575050511813725	0.00011565867265062153	0.00011554855928269794	0.00011541720286687015	0.00011526140980111927	0.0001150778422731782	0.00011486316179735107	0.00011461424648413806	0.00011432850038259364	0.00011400426884028092	0.00011364135819362254	0.000113241625560292	0.00011280953602302464	0.00011235248440807677	0.0001118805536527315	0.00011140530266803471	0.00011093727593556111	0.00011048232148025263	0.00011003741383114874	0.00010958711348432847	0.00010910149326911639	0.0001085354215293983	0.00010782794649316897	0.00010690004113178055	0.00010564918911515003	0.00010394020780641027	0.00010159393226931814	0.00009837995846932415	0.00009402512000059917	0.00008825001783162431	0.00008085293211197564	0.00007202411042712792	0.00006343632100013333	0.00005803707182746388	0.000055442062910543794	0.00005334829416918397	0.00005044647161096719	0.00004589326838487615	0.00003902211481924907	0.00002967267515906094	0.00002224946813633519	0.000020055378853031195	0.000018059954678366276	0.000014648214888438237	9.5193497392681e-6	6.623863174339153e-6	5.6683422598902135e-6	4.046814898895369e-6	2.083404445442392e-6	1.615428932405859e-6	9.931276779448595e-7	4.4322978106646867e-7	2.8025334186886796e-7	5.436571265299168e-8	3.0628193778266667e-22
0.00012181154962320313	0.00012181154637629881	0.00012181154227638733	0.00012181153709988676	0.00012181153056481172	0.00012181152231560279	0.0001218115119040528	0.00012181149876534088	0.00012181148218793699	0.00012181146127582814	0.00012181143490112579	0.0001218114016446181	0.00012181135972120527	0.00012181130688638595	0.000121811240319026	0.00012181115647455169	0.0001218110509014579	0.00012181091801256627	0.00012181075080062683	0.00012181054048520443	0.00012181027607368388	0.00012180994381411158	0.00012180952651295399	0.00012180900268960551	0.00012180834553870015	0.00012180752166049125	0.00012180648949233618	0.00012180519736101275	0.00012180358110856657	0.00012180156124027425	0.0001217990394257698	0.00012179589421537538	0.00012179197597589781	0.00012178710076090749	0.00012178104296879958	0.00012177352675096664	0.00012176421577927965	0.00012175270144711625	0.00012173848916694746	0.00012172098283598879	0.0001216994673850093	0.00012167308962887748	0.00012164083775105731	0.00012160152010037559	0.00012155374442090408	0.00012149589918248593	0.00012142613946265909	0.00012134238082948861	0.00012124230599669493	0.0001211233906549234	0.00012098295624266216	0.00012081826065834856	0.00012062663808214855	0.00012040570179517685	0.00012015362172755486	0.00011986948216840591	0.00011955370908263629	0.00011920852304595506	0.00011883831406756825	0.0001184497489121956	0.00011805132845152594	0.00011765207515034433	0.00011725915465839343	0.00011687459361415901	0.00011649177445011263	0.00011609257569519789	0.00011564581210438593	0.0001151066171336958	0.00011441573081294194	0.00011349710722703587	0.00011225242774111776	0.00011055154756960548	0.00010821981096623612	0.00010502812857888048	0.00010069956806063558	0.00009494982574356465	0.00008757272536077906	0.00007869868946780317	0.00006981829063577993	0.00006406214009667884	0.00006134913541252104	0.00005922427377007934	0.000056315419758783964	0.000051728889348951596	0.00004468120372353786	0.00003487153373393555	0.00002597490072388387	0.00002329778080569756	0.00002126974708994928	0.00001769357610404208	0.00001210829481668449	8.063769040882727e-6	7.020055390632243e-6	5.255838733516936e-6	2.738967474895131e-6	2.087958352787279e-6	1.3944659032079113e-6	5.864223427016437e-7	3.900191048580607e-7	7.748909008417871e-8	3.3674167313367504e-22
0.00012825550632349582	0.0001282555032620349	0.00012825549939663383	0.00012825549451669693	0.00012825548835666153	0.00012825548058173546	0.00012825547076997058	0.00012825545838974632	0.00012825544277150544	0.0001282554230722952	0.00012825539823130337	0.00012825536691411739	0.00012825532744285684	0.00012825527770861218	0.0001282552150617485	0.00012825513617462097	0.0001282550368700764	0.00012825491190778253	0.00012825475471877487	0.0001282545570762784	0.00012825430868722962	0.0001282539966841393	0.0001282536049922881	0.0001282531135456649	0.00012825249732510761	0.00012825172518484332	0.00012825075840974627	0.00012824954892716345	0.0001282480371237933	0.00012824614923263018	0.00012824379415529377	0.00012824085956809013	0.00012823720732462653	0.0001282326679604217	0.00012822703409708016	0.00012822005279917168	0.00012821141653124646	0.00012820075280523083	0.00012818761229123498	0.00012817145548641768	0.00012815163796473585	0.00012812739449441396	0.00012809782242870771	0.0001280618651453252	0.00012801829668106384	0.00012796570923174073	0.0001279025058752688	0.00012782690173773195	0.00012773693784962802	0.0001276305132231404	0.0001275054418807262	0.00012735954294505492	0.000127190772804116	0.00012699740799367753	0.00012677828483125534	0.00012653309392910537	0.00012626271158771823	0.0001259695176786497	0.00012565760139812823	0.00012533268509019657	0.00012500153569238115	0.0001246706282786922	0.0001243439585965937	0.00012402021200118567	0.0001236898644374071	0.00012333289230494549	0.00012291745092257988	0.0001223991672823409	0.0001217201936907136	0.00012080683056946768	0.00011956445635325855	0.00011786836267047677	0.00011555032009636448	0.0001123854689093564	0.00010809443165641185	0.00010238483238759693	0.0000950453950670762	0.00008616734801054528	0.0000770552582512295	0.0000709390989449554	0.00006810885970560006	0.00006594692018106788	0.00006301932773513711	0.00005843383876259977	0.000051264753171522616	0.000041064707480638355	0.00003066806116350957	0.000027199436889678835	0.00002512592814295409	0.000021457724989214175	0.00001547028764045909	9.983693910452682e-6	8.737149566861879e-6	6.85253795916193e-6	3.838693293679924e-6	2.7225012531097814e-6	1.951960991143976e-6	8.292489737831201e-7	5.516920798934752e-7	1.5500686101517052e-7	4.236787878061373e-22
0.0001350608149039737	0.00013506081202665533	0.00013506080839411835	0.00013506080380866166	0.00013506079802102955	0.00013506079071705064	0.0001350607815008511	0.00013506076987377709	0.0001350607552079493	0.00013506073671310217	0.0001350607133950271	0.00013506068400351057	0.00013506064696712736	0.0001350606003115855	0.0001350605415575075	0.0001350604675925984	0.0001350603745120578	0.00013506025741988055	0.00013506011018221743	0.00013505992512193238	0.0001350596926403395	0.00013505940074769098	0.00013505903447940748	0.00013505857517311594	0.00013505799958216523	0.00013505727879714241	0.00013505637692696058	0.00013505524946896735	0.00013505384131643733	0.0001350520843805891	0.00013504989472761254	0.00013504716907416768	0.0001350437806491701	0.00013503957431746397	0.00013503436072856062	0.00013502790959297827	0.0001350199418154822	0.00013501012054769747	0.00013499804107352612	0.00013498321961171082	0.00013496508118663908	0.0001349429468818817	0.00013491602097280678	0.00013488337877630435	0.0001348439563646666	0.00013479654379038288	0.00013473978404422395	0.0001346721806888234	0.00013459211786100628	0.0001344978971662076	0.00013438779715296403	0.00013426016066156853	0.00013411351671644626	0.00013394674074575414	0.00013375925384555165	0.0001335512527969032	0.00013332394656079415	0.0001330797456742355	0.000132822312970867	0.00013255633002680654	0.00013228680131520935	0.0001320177397385297	0.00013175020876105483	0.00013147995015441987	0.0001311950431136442	0.00013087408781057254	0.0001304849841292683	0.0001299840015839048	0.00012931449156713897	0.00012840453249434458	0.00012716251692760196	0.00012546893627292637	0.0001231628488118185	0.00012002567819805569	0.00011577742664057793	0.00011011651112516956	0.00010282474487231775	0.00009396565022854196	0.00008466657274465339	0.0000782002361295518	0.00007525786136590463	0.0000730609429313734	0.00007010458322706842	0.0000655294469681399	0.000058285064246221795	0.000047739770045064834	0.000035918954931258794	0.000031452748183643745	0.000029311671638274494	0.0000255991380124541	0.000019245087562994134	0.000012251188412777764	0.00001065316177642449	8.68334434578972e-6	5.228411816893407e-6	3.4503325785916996e-6	2.6138314067828864e-6	1.176924571407284e-6	7.472804060527607e-7	2.7226776399623545e-7	5.073150377339767e-22
0.00014254830884698853	0.0001425483061559829	0.0001425483027590525	0.0001425482984715419	0.00014254829306069338	0.00014254828623319838	0.0001425482776195633	0.00014254826675448844	0.0001425482530522622	0.00014254823577592533	0.00014254821399865389	0.0001425481865554169	0.0001425481519824808	0.00014254810844172169	0.00014254805362596705	0.00014254798464072025	0.00014254789785662268	0.00014254778872591016	0.00014254765155480753	0.00014254747922206806	0.0001425472628311491	0.00014254699127959458	0.00014254665072475274	0.00014254622392272592	0.00014254568941829217	0.00014254502056189133	0.00014254418431435386	0.00014254313977659332	0.00014254183639118658	0.00014254021179983345	0.00014253818929157398	0.00014253567469424693	0.00014253255269734545	0.00014252868258255415	0.00014252389313039077	0.00014251797679600272	0.00014251068301644022	0.0001425017106452699	0.00014249069958267104	0.00014247722165928713	0.00014246077105738722	0.00014244075456499336	0.00014241648228498674	0.0001423871596290929	0.00014235188171913315	0.00014230963178125169	0.00014225928555089095	0.0001421996242440593	0.0001421293592478366	0.0001420471719478379	0.0001419517726166654	0.000141841982401875	0.00014171684059081127	0.00014157573802595116	0.0001414185721331934	0.00014124590993795942	0.00014105913016781288	0.0001408604933222974	0.0001406530560736124	0.0001404403171285638	0.00014022546795020463	0.00014001016390455048	0.00013979284941517892	0.00013956684997540325	0.00013931854099793686	0.00013902586329141102	0.00013865705133729795	0.0001381692651784262	0.00013750676991698755	0.00013659851379101072	0.00013535466888270619	0.000133660294886775	0.00013136292228206977	0.000128253717503593	0.00012405573485496229	0.00011845709857985596	0.00011122822653241118	0.00010241815834307455	0.0000929934327758523	0.00008618708137689802	0.00008313953934715775	0.00008091552400988317	0.00007791180392466219	0.00007334681147095374	0.00006610157180749274	0.00005525940367829333	0.000042156832669377955	0.00003633939297613277	0.00003408041382399233	0.00003039130931128527	0.000023704676691849215	0.00001517217776517297	0.000012908930788528901	0.000010923417314642644	7.107948984831348e-6	4.33582354200161e-6	3.462498660838338e-6	1.7374211374888439e-6	1.0017904254011995e-6	4.576921299708974e-7	5.465502623840956e-22
0.00015100039366567033	0.00015100039116525965	0.0001510003880093483	0.00015100038402662507	0.0001510003790012077	0.00015100037266112785	0.0001510003646638761	0.0001510003545782706	0.00015100034186173313	0.00015100032583183117	0.00015100030563066613	0.00015100028018033283	0.00015100024812723654	0.00015100020777250098	0.00015100015698503024	0.00015100009309299776	0.0001510000127486313	0.00015099991176016706	0.00015099978488371558	0.00015099962556628882	0.000150999425628978	0.00015099917487585349	0.0001509988606100563	0.0001509984670360242	0.00015099797452768795	0.00015099735874261677	0.00015099658955117898	0.00015099562972760907	0.00015099443335084097	0.00015099294390133022	0.00015099109201801084	0.0001509887927911029	0.00015098594255614042	0.00015098241521925646	0.00015097805793044873	0.00015097268615422196	0.00015096607812793114	0.0001509579686721845	0.00015094804250327976	0.00015093592715299808	0.00015092118580779587	0.0001509033104023161	0.00015088171566087687	0.00015085573483422765	0.00015082461822982948	0.00015078753598003208	0.0001507435867842849	0.00015069181469308846	0.00015063123630406166	0.00015056088094107334	0.00015047984578788306	0.00015038736801622915	0.00015028291339196445	0.0001501662787796199	0.000150037699707776	0.000149897946506742	0.00014974837904803526	0.0001495909132013538	0.00014942783014540242	0.00014926134752773452	0.00014909287515401588	0.00014892192424668932	0.00014874473924661783	0.00014855281996501614	0.00014833152932235315	0.00014805883754538102	0.00014770394044768024	0.00014722540602335474	0.0001465685402632519	0.0001456623770855598	0.00014441678658650922	0.00014271888498207952	0.00014042441262137565	0.00013733890787897418	0.00013319631563327836	0.00012767673572829072	0.0001205299113835046	0.00011179827242268677	0.00010232504319646647	0.00009520385471936273	0.00009205161434598166	0.00008982223700523058	0.00008676532113740611	0.00008217162387744273	0.00007499467495582198	0.00006395648727456485	0.00004981661689997638	0.00004215870973471834	0.000039718536269482436	0.000036043073862700665	0.000029176033822448443	0.000019311801002334877	0.000015694867201322795	0.000013726518053344379	9.599510528680973e-6	5.512697548206182e-6	4.597824359929375e-6	2.644758791060605e-6	1.3353726125171622e-6	7.317774361849488e-7	6.367598466706237e-22
0.00016011649658802916	0.00016011649427859515	0.0001601164913641832	0.0001601164876868517	0.00016011648304762593	0.00016011647719591833	0.00016011646981625493	0.00016011646051163666	0.00016011644878270072	0.00016011643400164435	0.00016011641537962292	0.00016011639192601583	0.00016011636239755993	0.00016011632523485697	0.00016011627848315927	0.00016011621969362928	0.00016011614580045856	0.00016011605296834585	0.0001601159364038598	0.0001601157901229682	0.00016011560666516492	0.00016011537674174962	0.0001601150888021063	0.0001601147284991672	0.00016011427803603424	0.00016011371537711915	0.0001601130133004421	0.00016011213824821525	0.000160111048926966	0.00016010969464331847	0.0001601080133630403	0.00016010592939887198	0.00016010335067558588	0.00016010016563216279	0.00016009623964434322	0.0001600914109752763	0.0001600854863345298	0.00016007823602722142	0.00016006938885814123	0.0001600586269934644	0.00016004558103547745	0.00016002982575847495	0.00016001087714907777	0.00015998819142724183	0.00015996116709648758	0.00015992915124026926	0.00015989145145946265	0.0001598473549941514	0.00015979615657215975	0.0001597371963917777	0.0001596699090699058	0.00015959388270272884	0.00015950892643492285	0.00015941513982478857	0.0001593129738939364	0.0001592032653200755	0.00015908721565127963	0.00015896627509411776	0.00015884188083837707	0.0001587149942831101	0.00015858540072150084	0.00015845077347602583	0.00015830558166011083	0.00015813995664206142	0.0001579386274237093	0.00015767984063098434	0.0001573339610737337	0.0001568612718341006	0.00015620866017016882	0.00015530555026740822	0.00015406051194838445	0.00015235965760497175	0.0001500637766546367	0.000146994363153532	0.00014290497767715428	0.00013747583554366385	0.00013042790278678764	0.0001217908368218913	0.00011232762202820069	0.00010493638057493058	0.00010167930356723525	0.00009945300138837345	0.00009636163474874996	0.00009170357531116894	0.00008460198642963319	0.00007349407097271158	0.00005852354377314207	0.00004869626155968776	0.000046031650787903696	0.00004230722043624449	0.00003543242124912256	0.00002448914338323661	0.000018920795108012896	0.000016916044435914145	0.000012605377411539663	7.037417153673482e-6	5.914038883641659e-6	3.788667918121177e-6	1.7171470921330881e-6	1.0844698965867433e-6	1.9148990717231172e-21
0.0001699348220600625	0.00016993481994265566	0.00016993481727106856	0.00016993481390080112	0.00016993480964987696	0.0001699348042892039	0.0001699347975304883	0.0001699347890110969	0.00016993477827511339	0.00016993476474965602	0.00016993474771530027	0.00016993472626916767	0.0001699346992788965	0.0001699346653252708	0.00016993462263075753	0.00016993456897057194	0.00016993450156217843	0.00016993441692836111	0.00016993431072817133	0.00016993417754904562	0.00016993401065192422	0.0001699338016588688	0.00016993354016943624	0.00016993321328943506	0.00016993280505623253	0.0001699322957470347	0.00016993166105334995	0.00016993087108914677	0.00016992988918985072	0.0001699286704873589	0.00016992716026522308	0.00016992529203281454	0.00016992298526012406	0.00016992014284089224	0.0001699166482389169	0.00016991236230188704	0.00016990711986487013	0.00016990072618237021	0.00016989295332826433	0.000169883536863692	0.00016987217294341648	0.0001698585164436088	0.0001698421805778415	0.00016982273866360416	0.00016979972895801607	0.0001697726634684363	0.00016974104173837298	0.0001697043705772719	0.00016966219046497745	0.00016961410878639074	0.00016955983945061358	0.00016949924660163276	0.00016943238811370785	0.00016935955165110712	0.000169281271475266	0.00016919830860500094	0.00016911157065605139	0.00016902194120184427	0.00016892998465040189	0.00016883549704110821	0.00016873688739933262	0.0001686304045855977	0.00016850926403097458	0.00016836273356844983	0.0001681752203842671	0.0001679252548435168	0.00016758414387833375	0.000167113774643615	0.00016646309728193066	0.00016556309012322938	0.00016432161552802836	0.00016262140163406452	0.00016032261467031819	0.00015725994437296994	0.0001532150846341111	0.00014788392066845466	0.0001409570331940138	0.00013243212918713455	0.0001230313787411264	0.0001154296196507807	0.00011207809020345058	0.00010985102811378932	0.00010674855871210863	0.00010201317531855611	0.00009494210195959524	0.00008391841775080716	0.00006830815742321645	0.000056052745034332166	0.0000530651477014291	0.0000492386890674843	0.000042480862418191805	0.00003072926357961297	0.000022612904048637542	0.000020491488121074262	0.00001617749112330591	9.118168259800817e-6	7.363254719075653e-6	5.171290459379131e-6	2.120158032779324e-6	1.4490581482722453e-6	5.912526903008981e-21
0.000180457374142044	0.0001804573722179482	0.00018045736979080588	0.00018045736672964632	0.00018045736286960223	0.00018045735800321656	0.00018045735186955243	0.0001804573441405649	0.00018045733440406477	0.0001804573221424448	0.00018045730670614428	0.00018045728728058235	0.0001804572628449892	0.00018045723212118547	0.00018045719350990346	0.00018045714501169872	0.00018045708412888663	0.00018045700774427757	0.00018045691197180426	0.00018045679197332883	0.00018045664173481121	0.0001804564537932241	0.0001804562189028935	0.0001804559256274888	0.0001804555598441643	0.0001804551041490621	0.00018045453715302047	0.00018045383264489215	0.0001804529585876555	0.00018045187593235075	0.00018045053726360876	0.00018044888524793948	0.00018044685083200008	0.00018044435125110403	0.00018044128786327395	0.00018043754379800511	0.00018043298154214006	0.00018042744056514926	0.00018042073510916997	0.0001804126524629581	0.00018040295187396607	0.00018039136471683512	0.00018037759616685044	0.00018036132907590891	0.00018034223069944075	0.000180319962830741	0.00018029419591865034	0.00018026462751231866	0.00018023100495800253	0.00018019315155141079	0.00018015099411205246	0.00018010458923632986	0.0001800541419196383	0.00018000000972989436	0.00017994268050536963	0.0001798827100533567	0.0001798206022483761	0.00017975661274833313	0.00017969045902322775	0.00017962092390424523	0.00017954535019446027	0.00017945903241306594	0.0001793545105671991	0.00017922076470677773	0.0001790422634157141	0.00017879779543781925	0.00017845901475837695	0.00017798848878102064	0.0001773367701130013	0.00017643761262171642	0.00017520098720504542	0.0001735071829960022	0.00017120964931139037	0.00016814641328597937	0.00016413025356036041	0.00015889496422273846	0.00015211279398506198	0.00014372246304995959	0.00013442893674796793	0.00012668511219780977	0.00012326213558577705	0.0001210322531448156	0.00011792008603764293	0.00011313950347997324	0.00010601243625736068	0.00009519754845841314	0.000079146176001921	0.00006435359339340426	0.00006082223584161526	0.00005690625849223853	0.000050235531176671817	0.00003800624268904559	0.000026824334691647955	0.00002448380450163744	0.000020278138183424218	0.000012022350083896328	8.920419333093329e-6	6.776391962184387e-6	2.6362069559520318e-6	1.7104939031759804e-6	9.685025984968833e-21
0.00019171248719766296	0.0001917124854679056	0.00019171248328650302	0.00019171248053608312	0.00019171247706897498	0.00019171247269946648	0.00019171246719411556	0.0001917124602596395	0.00019171245152779464	0.0001917124405365221	0.00019171242670646725	0.00019171240931177197	0.0001917123874437827	0.00019171235996599684	0.00019171232545818536	0.0001917122821471703	0.00019171222782122174	0.00019171215972449098	0.00019171207442736073	0.0001917119676679804	0.00019171183415947252	0.00019171166735599908	0.0001917114591687604	0.0001917111996208561	0.0001917108764299947	0.0001917104745108874	0.0001917099753908966	0.000191709356525294	0.00019170859048672504	0.0001917076440154352	0.0001917064769486328	0.00019170504102667194	0.00019170327853981414	0.00019170112086314432	0.00019169848693231475	0.00019169528167719337	0.0001916913945190046	0.0001916866980584297	0.00019168104712316016	0.00019167427838072144	0.0001916662107903384	0.00019165664732469836	0.00019164537811022146	0.00019163218564784666	0.0001916168523601079	0.00019159917071129786	0.00019157895603878723	0.0001915560618162932	0.00019153039651904788	0.00019150194059993375	0.0001914707609196992	0.00019143701837292634	0.00019140096438818524	0.00019136291736737064	0.00019132321196234798	0.00019128210994837354	0.0001912396623882765	0.0001911955136128479	0.0001911486392087707	0.00019109701671608486	0.00019103722666317116	0.00019096398211548567	0.00019086956409913208	0.00019074310299546036	0.00019056958229601774	0.00019032841960269913	0.00018999153535294514	0.0001895211201546852	0.00018886728794693654	0.00018796529117764545	0.0001867298643961481	0.00018504522849001085	0.0001827587521583449	0.00017969669168836486	0.00017569006871840918	0.00017053360665202744	0.0001639153410892437	0.00015568709201520167	0.00014653652571404227	0.00013873112109413403	0.00013525591616498492	0.000133041970226167	0.0001298968829256956	0.0001251151958750403	0.00011788109874051116	0.00010727002364405062	0.00009105826761910458	0.00007380336440386627	0.00006935974081528065	0.00006540107433328508	0.00005865153132058521	0.00004639943945017619	0.00003180718990859904	0.000028978598869371403	0.00002479772230857505	0.000015871201083872678	0.000010626829296714947	8.529629593214058e-6	3.546864941779958e-6	1.8298816833021737e-6	1.2240157701983287e-20
0.0002036287001042853	0.00020362869856907633	0.000203628696633674	0.00020362869419431626	0.0002036286911205424	0.000203628687248402	0.00020362868237196804	0.00020362867623274392	0.00020362866850645977	0.00020362865878663727	0.00020362864656416305	0.00020362863120193674	0.0002036286119034487	0.0002036285876738808	0.0002036285572720099	0.00020362851915081906	0.00020362847138431014	0.0002036284115775816	0.000203628336756828	0.00020362824323549782	0.0002036281264523436	0.00020362798077626666	0.00020362779927132966	0.0002036275734136101	0.00020362729275149203	0.00020362694450376642	0.00020362651309303094	0.00020362597960838554	0.00020362532118187415	0.00020362451026868883	0.00020362351385106863	0.000203622292582069	0.00020362079985469808	0.0002036189808352	0.0002036167715252628	0.0002036140979026519	0.00020361087524041656	0.00020360700769288072	0.0002036023884153431	0.00020359690020599908	0.00020359041715360535	0.0002035828073160361	0.00020357393669553052	0.00020356367490062134	0.00020355190233834958	0.00020353851895534258	0.0002035234542022042	0.00020350667741149487	0.00020348820724730627	0.0002034681181814761	0.00020344654148086625	0.00020342365660963932	0.0002033996686417482	0.000203374767052301	0.0002033490598447348	0.0002033224774188607	0.00020329464151291313	0.0002032646935625919	0.00020323107826478293	0.0002031912701120846	0.00020314143483344282	0.0002030760033932644	0.00020298713940026484	0.00020286406003419284	0.00020269214063071611	0.00020245161826871715	0.0002021154971629769	0.00020164651219186123	0.00020099353125356878	0.00020008923814237507	0.00019884936162556241	0.00019716734925883476	0.00019489787732568996	0.0001918516919498049	0.0001878452978103576	0.00018273365224496252	0.0001762818343842828	0.00016825435837224142	0.00015926645246225224	0.00015148796672103586	0.00014798867768428742	0.00014579347923086906	0.00014262922846397045	0.00013782158875506832	0.00013054480790931458	0.00011997023909325579	0.00010396448434941588	0.00008454541840497356	0.0000786569994436651	0.00007463660785885248	0.00006773811472674896	0.00005585656950371505	0.00003796924553188219	0.00003392153554963323	0.000029636446543459306	0.000020583864937519952	0.000012445757613113606	0.000010290426863636738	4.93567211810232e-6	1.7977577664389287e-6	1.543666301101655e-20
0.0002167420422243627	0.00021674204088702973	0.00021674203920182768	0.00021674203707883232	0.00021674203440508004	0.00021674203103874326	0.00021674202680186449	0.0002167420214713051	0.00021674201476748738	0.0002167420063404154	0.00021674199575234655	0.00021674198245634897	0.0002167419657698129	0.00021674194484178064	0.00021674191861271595	0.00021674188576504866	0.00021674184466251938	0.00021674179327603617	0.0002167417290934845	0.00021674164901068306	0.00021674154920042177	0.00021674142495609468	0.00021674127050549274	0.00021674107878914177	0.00021674084119749712	0.00021674054726392674	0.00021674018431406763	0.00021673973707157977	0.00021673918721398734	0.0002167385128740772	0.0002167376881065836	0.0002167366823457288	0.00021673545985847066	0.00021673397923267982	0.00021673219295637773	0.00021673004714763762	0.0002167274815609947	0.0002167244298551813	0.00021672082048004195	0.00021671657796765273	0.00021671162522212244	0.0002167058864091035	0.00021669929094922141	0.00021669177841629082	0.0002166833040449014	0.00021667384466121677	0.00021666340429291956	0.00021665201839721126	0.00021663975529444157	0.00021662671288156363	0.0002166130082207357	0.0002165987579498304	0.0002165840454636858	0.00021656887355971452	0.00021655309809075272	0.0002165363415347438	0.00021651788243412536	0.00021649651705480066	0.0002164703854105529	0.00021643675059477023	0.00021639170669298519	0.0002163297802006965	0.000216243365156595	0.00021612191851274815	0.0002159508519402641	0.00021571012525561185	0.00021537262885051235	0.00021490210446377026	0.000214249811016052	0.00021334901138540178	0.0002121100620472566	0.0002104223607332631	0.0002081558785780149	0.00020513865952334476	0.0002011537465795441	0.0001960486023611334	0.00018972611331097877	0.00018195167310811357	0.00017315621837819063	0.00016549454212745122	0.00016202264361810307	0.00015984595402668001	0.00015667234806529277	0.00015182151820559877	0.00014456755508563863	0.00013385696227898397	0.00011837499483771168	0.0000973943800957553	0.00008922936033036618	0.00008515389802758403	0.00007820326160179544	0.0000665789083415271	0.000046573093292705744	0.00003974657307947079	0.000035375038818751354	0.00002667498452244849	0.000014706837777863651	0.000012407305770008017	7.139943031116344e-6	1.6987704959504713e-6	1.2569833636076751e-20
0.00023069743601720919	0.00023069743487640532	0.0002306974334396918	0.00023069743163088214	0.0002306974293543817	0.00023069742649032182	0.00023069742288850433	0.00023069741836087869	0.00023069741267221243	0.0002306974055285445	0.0002306973965629244	0.00023069738531783667	0.00023069737122358885	0.00023069735357179096	0.00023069733148288124	0.0002306973038664531	0.00023069726937292428	0.0002306972263348994	0.00023069717269642154	0.00023069710592822656	0.0002306970229270684	0.00023069691989709924	0.00023069679221086263	0.00023069663424681359	0.0002306964392003284	0.00023069619886754224	0.00023069590340513819	0.00023069554107038844	0.0002306950979425971	0.00023069455762761198	0.00023069390096446812	0.00023069310576183144	0.0002306921465805525	0.00023069099460644587	0.00023068961765603609	0.0002306879803495554	0.00023068604461710533	0.0002306837704176936	0.00023068111701310073	0.0002306780445407893	0.00023067451630679362	0.00023067050127078	0.00023066597725404252	0.0002306609340911669	0.00023065537660211746	0.00023064932692297115	0.0002306428252701934	0.00023063592818509817	0.00023062870312478634	0.00023062121814385625	0.00023061352518880296	0.0002306056354367753	0.00023059748686395578	0.00023058890003948356	0.00023057952443306006	0.0002305687697330793	0.00023055571958013885	0.00023053901859786417	0.00023051671916779135	0.00023048606221667324	0.000230443166672174	0.00023038259394938453	0.00023029677416987041	0.00023017529519323316	0.00023000396500480618	0.0002297633920780626	0.00022942660234943053	0.00022895598898459586	0.00022830112478120635	0.00022739809041746645	0.0002261640402260716	0.0002244831781404715	0.00022221058378061662	0.0002191999833037832	0.00021526237954791084	0.00021017114158063468	0.00020390504556772813	0.00019640285711751716	0.00018783487967867168	0.0001803532481365851	0.00017695823130546372	0.000174804101312022	0.00017161243471579797	0.00016675755771520127	0.00015944904433475794	0.00014871597299055691	0.00013360229182964218	0.00011184358254638123	0.00010079707846805764	0.00009667249974825032	0.00008966105170950855	0.0000779389599263565	0.00005733697760792728	0.00004631170347503885	0.000041878825882787026	0.000033429084149111766	0.000017863018782447584	0.000014936417653287498	9.98065078425728e-6	1.7519974199338483e-6	1.1848266975964191e-20
0.0002458564436191163	0.0002458564426765713	0.0002458564414905194	0.00024585643999862263	0.0002458564381227931	0.0002458564357652912	0.00024585643280388775	0.00024585642908587764	0.0002458564244206874	0.0002458564185707708	0.0002458564112404237	0.0002458564020620836	0.0002458563905795944	0.0002458563762278257	0.00024585635830792703	0.0002458563359573778	0.0002458563081138831	0.0002458562734720732	0.0002458562304319408	0.0002458561770379981	0.0002458561109082735	0.00024585602915241667	0.0002458559282782114	0.00024585580408562725	0.0002458556515477925	0.0002458554646803398	0.00024585523640403427	0.0002458549584073832	0.00024585462101499333	0.0002458542130682722	0.0002458537218368747	0.00024585313298415063	0.00024585243060080465	0.0002458515973539726	0.0002458506147844216	0.0002458494637242966	0.0002458481250189625	0.0002458465803942987	0.0002458448136083784	0.00024584281184331054	0.000245840567224378	0.00024583807832007017	0.0002458353516761927	0.0002458324025556673	0.00024582925504917994	0.00024582594083141665	0.000245822495944986	0.00024581895514465436	0.0002458153432129493	0.00024581166269984543	0.0002458078777703065	0.00024580389333524617	0.00024579952844668924	0.00024579448434763055	0.0002457883018258282	0.00024578030611912156	0.00024576953070321603	0.00024575460798390583	0.0002457336091051554	0.0002457038122269188	0.0002456613816824715	0.0002456009518678418	0.00024551510639494686	0.0002453936691092008	0.0002452225353008379	0.0002449818297478915	0.00024464383957316203	0.00024417185225274847	0.0002435183860467207	0.00024261790634654964	0.0002413797583737619	0.00023969762646358048	0.00023744233354528423	0.0002344301675691614	0.00023050044878260848	0.00022548271945998355	0.0002192170569071349	0.00021192592743221483	0.0002036693733360163	0.00019641345122654784	0.0001931626309825667	0.00019103286889829335	0.00018782520402946455	0.0001829466510317358	0.0001756417115696104	0.0001649358183161508	0.0001497477307632409	0.00012823464600553836	0.0001137148813056536	0.00010954033351753477	0.00010247658186054599	0.00009061927818067905	0.00007062187551039701	0.00005387615990090666	0.0000493845751052352	0.00004074070912404201	0.00002322187398265114	0.000017943544061028943	0.000012904265310667514	2.1201066926960997e-6	1.2002488391557688e-20
0.00026246655912455	0.00026246655838167905	0.0002624665574480543	0.0002624665562752686	0.0002624665548028395	0.0002624665529552744	0.0002624665506384523	0.0002624665477351744	0.0002624665440997082	0.00026246653955112057	0.0002624665338651579	0.0002624665267643983	0.0002624665179063539	0.0002624665068691626	0.00026246649313445774	0.0002624664760669637	0.0002624664548903363	0.0002624664286587786	0.00026246639622403074	0.0002624663561975027	0.00026246630690755123	0.0002624662463522163	0.0002624661721480411	0.0002624660814757815	0.00026246597102420286	0.0002624658369348484	0.0002624656747533936	0.000262465479394442	0.0002624652451262003	0.00026246496558322304	0.0002624646338230642	0.0002624642424412521	0.0002624637837427624	0.0002624632500071205	0.0002624626338797974	0.0002624619287866242	0.00026246112951188133	0.0002624602328575617	0.00026245923818542406	0.0002624581481672299	0.00026245696902247847	0.0002624557107846682	0.0002624543868762904	0.0002624530129240227	0.0002624516049369223	0.00026245017618912705	0.0002624487328333483	0.0002624472681469024	0.00026244575516882736	0.0002624441374185929	0.0002624423171529136	0.0002624401406658383	0.00026243737828066273	0.00026243369689682856	0.00026242862152294443	0.00026242147988024734	0.00026241132180970474	0.0002623968040361435	0.00026237602708534355	0.00026234631085667037	0.0002623038843291064	0.0002622434605823574	0.000262157644600547	0.00026203612377620835	0.0002618645976048449	0.0002616233379216944	0.0002612852451151307	0.00026081368040576036	0.0002601598665161341	0.00025925778286441423	0.00025802099774297247	0.0002563437403620936	0.00025408447054044495	0.00025108655835184656	0.0002471724782657214	0.0002421680357639563	0.00023599210404305073	0.00022874257321825095	0.00022089210227971723	0.00021388083262826528	0.0002108491401910176	0.00020873850365679024	0.00020552251027952263	0.00020062761329982538	0.00019329807747066162	0.0001825660108206816	0.00016736192363677038	0.00014671610361037041	0.0001282600103308003	0.00012400841308020207	0.00011689383706796221	0.00010499768312722666	0.00008584430580967182	0.00006272021924509315	0.00005814628595096026	0.00004945100777278834	0.000032213728289707815	0.000021589799387954722	0.00001648863822921074	4.314878653427415e-6	1.2464674612192092e-20
0.0002799015655345763	0.00027990156499075507	0.0002799015643087259	0.0002799015634539376	0.0002799015623834096	0.0002799015610437522	0.00027990155936875074	0.00027990155727642893	0.000279901554665495	0.00027990155141106084	0.00027990154735951534	0.00027990154232242155	0.00027990153606930146	0.0002799015283191708	0.0002799015187306897	0.00027990150689081317	0.000279901492301863	0.0002799014743670231	0.0002799014523743972	0.0002799014254799783	0.0002799013926901427	0.0002799013528446022	0.0002799013046011079	0.00027990124642347455	0.0002799011765748527	0.00027990109311921106	0.0002799009939355985	0.00027990087674956013	0.00027990073918429946	0.0002799005788360354	0.00027990039338367316	0.0002799001807361461	0.00027989993919171855	0.00027989966762143726	0.0002798993657204582	0.00027989903417929905	0.0002798986748160993	0.0002798982907714742	0.00027989788628339794	0.000279897466676342	0.0002798970376176315	0.00027989660463291927	0.00027989617172270313	0.00027989573999334487	0.0002798953058426085	0.00027989485849433464	0.0002798943771295071	0.00027989382725618215	0.0002798931558750334	0.00027989228485261926	0.0002798911014902858	0.0002798894447449188	0.0002798870863771496	0.0002798837025339863	0.00027987883428947226	0.000279871828294123	0.00027986175146626184	0.000279847268834538	0.0002798264814960162	0.0002797967174254869	0.00027975424332477423	0.00027969379944129075	0.0002796079234961616	0.0002794862137217133	0.00027931449221493	0.00027907311309402575	0.00027873478774582283	0.00027826314183183176	0.000277608928401739	0.0002767066482614004	0.0002754713602617836	0.00027379343744156977	0.00027153870015443637	0.0002685467108761143	0.00026463991455523975	0.0002596689608488961	0.0002535226870850335	0.0002463409337866406	0.00023879339226048058	0.00023208058797426586	0.00022933085145732964	0.00022723113577916284	0.00022400684587075802	0.00021910055684913068	0.00021176110665200814	0.000201025286255304	0.00018585524453460346	0.00016576075347606313	0.00014389073882049115	0.0001394432519357789	0.00013229353648926953	0.00012035044975398232	0.00010105336979668618	0.0000727896285510748	0.00006770625670450781	0.00005894158505560203	0.000042715107907173655	0.000025678577006205288	0.00002051689549578971	9.270001397651696e-6	1.2626166479571074e-20
0.0002992506862380827	0.000299250685892879	0.0002992506854617969	0.00029925068492403604	0.0002992506842539622	0.00029925068342005865	0.00029925068238367765	0.0002992506810975655	0.0002992506795041341	0.0002992506775334563	0.0002992506751009677	0.0002992506721048702	0.00029925066842324767	0.0002992506639109282	0.00029925065839616244	0.000299250651677229	0.00029925064351914177	0.00029925063365071966	0.0002992506217624	0.0002992506075053181	0.00029925059049231486	0.000299250570301631	0.000299250546484136	0.0002992505185749562	0.000299250486110305	0.0002992504486504959	0.00029925040581039753	0.00029925035729668696	0.0002992503029474342	0.000299250242771045	0.0002992501769889094	0.00029925010608036453	0.00029925003079157153	0.0002992499520981311	0.0002992498711973188	0.00029924978941955546	0.0002992497079934509	0.00029924962798490276	0.000299249549872432	0.0002992494733684409	0.00029924939688798425	0.00029924931728828497	0.0002992492290237621	0.0002992491237077992	0.0002992489889279426	0.00029924880669286475	0.0002992485513194263	0.00029924818618110195	0.00029924765897258244	0.0002992468949461989	0.0002992457872538498	0.00029924418270842613	0.0002992418598574044	0.00029923849889098084	0.0002992336377420685	0.000299226619741248	0.0002992165209319307	0.0002992020302005533	0.0002991812480445985	0.00029915145515790496	0.0002991089210923134	0.00029904845882669197	0.0002989624842238894	0.00029884063660364505	0.00029866902468890185	0.0002984272066855021	0.0002980889618533124	0.0002976170422080931	0.00029696284220722985	0.0002960601563568401	0.00029482608581632793	0.00029314791271358034	0.0002908949135461034	0.0002879091478020029	0.00028401387531436136	0.0002790501365967461	0.00027294054124891136	0.00026582467206032445	0.0002583453491584673	0.00025206938082148866	0.00024962063036772204	0.000247522584904879	0.0002442927954674415	0.0002393798240271929	0.0002320291161380485	0.00022128978350570067	0.0002061349373585082	0.0001859860101492873	0.00016209615165674486	0.00015681867170749667	0.00014964362529614798	0.00013766601473113948	0.00011834789010791821	0.00008714659623839517	0.00007900711187144571	0.00007019121844744128	0.000053869755058272574	0.000030797946743066807	0.000025578517468301642	0.000014313804861613838	1.2915078318741684e-20
0.00031692747878230156	0.0003169274786348105	0.00031692747845312943	0.0003169274782298502	0.0003169274779561432	0.0003169274776215507	0.00031692747721377517	0.0003169274767184733	0.0003169274761190729	0.0003169274753966352	0.0003169274745297932	0.0003169274734948041	0.00031692747226576376	0.0003169274708150359	0.00031692746911395406	0.0003169274671338517	0.00031692746484746824	0.00031692746223076305	0.00031692745926514864	0.00031692745594010533	0.00031692745225604164	0.00031692744822709015	0.0003169274438833692	0.00031692743927217196	0.00031692743445759126	0.0003169274295184361	0.0003169274245448654	0.00031692741963309704	0.0003169274148742487	0.0003169274103358027	0.00031692740604553	0.000316927401988884	0.00031692739809335537	0.0003169273941741824	0.00031692738993161076	0.00031692738496557146	0.0003169273786190359	0.00031692737001385793	0.00031692735789905734	0.00031692734043622933	0.0003169273150558825	0.0003169272779848036	0.0003169272237076756	0.00031692714438019687	0.0003169270284515117	0.00031692685921208633	0.000316926612461615	0.0003169262529172152	0.00031692572918244085	0.0003169249669526935	0.00031692385963691443	0.0003169222541468077	0.00031691992856735444	0.00031691656131440244	0.0003169116969264798	0.00031690468481163417	0.0003168945861446924	0.00031688007236605083	0.0003168592608256525	0.00031682947699114393	0.0003167869495250626	0.0003167263974309107	0.0003166403718142762	0.0003165186229520378	0.00031634669982216296	0.00031610499533106593	0.0003157666225861957	0.00031529477705507706	0.00031464024567121827	0.00031373795312602545	0.0003125029872412343	0.000310826985828931	0.0003085756412030574	0.0003055896279887162	0.00030169840404487973	0.00029674664445843244	0.0002906582688483958	0.00028358198428573525	0.00027617517051695063	0.0002702462303507094	0.0002680186915097549	0.000265919026864328	0.000262684841031439	0.0002577674863532773	0.0002504152035917081	0.00023967263897785171	0.0002245297361965955	0.00020441869941158463	0.00018020613799348359	0.00017287105086083627	0.00016567532813362498	0.00015363284959324117	0.0001342071329076869	0.00010529850807342958	0.00008653546426188567	0.00007770162378538922	0.00006129494605103943	0.00003227744427750572	0.000027006644894255668	0.000015862581501046908	1.2817023828253932e-20
0.0003270080928158458	0.0003270080928195343	0.00032700809282430976	0.000327008092830303	0.000327008092837604	0.00032700809284623943	0.0003270080928561521	0.00032700809286718405	0.0003270080928790687	0.00032700809289143673	0.0003270080929038369	0.00032700809291577127	0.0003270080929267396	0.00032700809293628367	0.00032700809294401836	0.00032700809294963675	0.0003270080929528796	0.0003270080929534689	0.0003270080929510214	0.0003270080929449677	0.0003270080929344842	0.00032700809291835763	0.00032700809289463274	0.00032700809285991745	0.0003270080928083465	0.00032700809273051516	0.0003270080926132585	0.00032700809244041464	0.00032700809219070645	0.00032700809182845597	0.00032700809129327464	0.0003270080905010512	0.00032700808933933074	0.0003270080876184556	0.00032700808505550517	0.00032700808132848295	0.0003270080759137354	0.00032700806794436915	0.00032700805615478964	0.00032700803875318913	0.00032700801360996054	0.00032700797673139225	0.0003270079221462431	0.000327007843043514	0.00032700772745070745	0.0003270075574281667	0.0003270073115560636	0.0003270069504655768	0.0003270064278525575	0.0003270056644659888	0.00032700455823279505	0.00032700295226885254	0.00032700062543458144	0.0003269972577508346	0.00032699238969999126	0.0003269853692901317	0.0003269752629070597	0.00032696074121990555	0.00032693993606533825	0.0003269102006149108	0.00032686761223466173	0.00032680704281552297	0.0003267210075741104	0.0003265993308144183	0.00032642737122173056	0.00032618563589866185	0.0003258470166076754	0.00032537516870056175	0.0003247206796205393	0.00032381953336948073	0.00032258489964195436	0.00032090857312396513	0.0003186566183778097	0.00031566614281921027	0.00031176455450110044	0.000306870182597416	0.0003006853662421564	0.00029353941676617414	0.00028638326075145404	0.00028057268418503034	0.0002783367554013211	0.0002762393553219375	0.0002729987930736424	0.00026808609917257874	0.0002607254746809614	0.0002500448225590179	0.00023486738614963743	0.00021420011599295044	0.00019099729564612877	0.0001836578695040948	0.0001764107139603526	0.00016402967617033156	0.00014417967427311917	0.00011422918983425225	0.0001062367169574137	0.00009758774378978603	0.00008121792276457785	0.00004707000240231447	0.0000354403879661385	0.00002414285816014422	1.3472443468394151e-20