0.00004091639840033347	0.000040916398385482703	0.0000409163983648798	0.00004091639833650173	0.00004091639829764556	0.00004091639824469132	0.00004091639817277197	0.00004091639807530953	0.00004091639794335469	0.0000409163977646077	0.000040916397522377	0.0000409163971932637	0.000040916396745019215	0.00004091639613338228	0.000040916395296996	0.00004091639415206445	0.000040916392584997896	0.000040916390442509825	0.000040916387515172247	0.000040916383521433686	0.000040916378081195026	0.00004091637066776165	0.00004091636055017496	0.000040916346741864536	0.00004091632791327709	0.00004091630225563492	0.000040916267281765886	0.000040916219568368545	0.00004091615441669011	0.000040916065864137494	0.00004091594538390148	0.000040915781430893094	0.000040915558380778244	0.00004091525497119189	0.00004091484246478803	0.00004091428180883823	0.00004091352009302853	0.00004091248513586629	0.00004091107864995993	0.000040909171433906016	0.000040906588414451276	0.00004090309080937126	0.000040898356668938254	0.000040891952388115846	0.000040883293974884286	0.00004087159850683562	0.00004085581787012636	0.00004083454186284176	0.000040805870562524765	0.0000407672822549421	0.000040715405774954855	0.000040645769975649796	0.00004055238962864841	0.00004042729597200883	0.00004026004331043702	0.00004003684563892078	0.00003973978650531389	0.000039344979164576875	0.00003882208617140333	0.000038132486271574785	0.000037227724685903335	0.000036049834363270064	0.00003453201034017924	0.00003260116236398349	0.0000301968878964447	0.000027287990496259937	0.00002390409841842014	0.000020176341502333344	0.000016335720920993467	0.000012671640133756984	9.44548778675694e-6	6.8120395844936506e-6	4.795592074002074e-6	3.3196861847622594e-6	2.2583672588656108e-6	1.4853157557546916e-6	9.138783302537356e-7	5.113181422344765e-7	2.614107332336666e-7	1.2628283381985647e-7	5.9288245635280875e-8	2.6396776969455303e-8	1.0329999560361315e-8	3.545302146305524e-9	1.1473884133968687e-9	3.4550065113312334e-10	8.675604808626801e-11	1.941444597802558e-11	3.965526047146724e-12	6.518032774096071e-13	9.65097889140526e-14	1.1507207956579531e-14	1.1687185292538554e-15	8.95151577333262e-17	5.074153181688956e-18	2.25222121515201e-19	7.704447478950651e-21	1.9863549989559266e-22	3.779028354175543e-24	5.1503875500486685e-26	1.1501584371131542e-41
0.000040916367185998274	0.000040916367171147286	0.00004091636715054424	0.00004091636712216611	0.00004091636708330989	0.00004091636703035542	0.00004091636695843571	0.0000409163668609728	0.000040916366729017365	0.000040916366550269466	0.00004091636630803778	0.000040916365978925645	0.00004091636553068315	0.00004091636491904733	0.0000409163640826612	0.0000409163629377298	0.000040916361370663414	0.00004091635922817538	0.00004091635630083653	0.00004091635230705076	0.00004091634686680801	0.00004091633945337482	0.000040916329335788654	0.000040916315527478954	0.000040916296698892356	0.000040916271041251054	0.00004091623606738369	0.0000409161883539951	0.000040916123202323986	0.00004091603464976356	0.0000409159141695266	0.00004091575021651605	0.000040915527166398584	0.000040915223756808835	0.00004091481125039838	0.00004091425059443919	0.00004091348887861937	0.000040912453921461546	0.00004091104743555672	0.0000409091402193977	0.00004090655719983086	0.00004090305959495993	0.000040898325454497425	0.000040891921172510645	0.00004088326275908583	0.00004087156729108582	0.00004085578665805027	0.00004083451053806685	0.00004080583924373152	0.000040767250933302814	0.00004071537447297017	0.000040645738678364334	0.00004055235827675665	0.000040427264976600094	0.000040260012627076594	0.00004003681454146661	0.00003973975501330804	0.000039344947831281155	0.000038822054800837854	0.0000381324547460541	0.000037227692217622253	0.000036049801462868	0.000034531978932336626	0.000032601201717286695	0.00003019693841440391	0.000027288065303016765	0.00002390416943718495	0.00002017641232902344	0.000016335783603718956	0.000012671693124522773	9.445530978651095e-6	6.8120747821164075e-6	4.795620038376342e-6	3.3197083034036767e-6	2.258386611728251e-6	1.485331497519443e-6	9.138903037836514e-7	5.113261029847881e-7	2.61415328091387e-7	1.2628530596497875e-7	5.9289603895199727e-8	2.6397530535645592e-8	1.0330361866414106e-8	3.5454420927953536e-9	1.1474400775564856e-9	3.455198127914817e-10	8.676175116055038e-11	1.941587482121683e-11	3.965885742746187e-12	6.518712067506398e-13	9.652156246188651e-14	1.150888616563572e-14	1.1689160201604297e-15	8.953263734317713e-17	5.0751508579800876e-18	2.2526621416688145e-19	7.705948238339943e-21	1.9867398066724365e-22	3.779756094187208e-24	5.1513730438958585e-26	1.1503773165362556e-41
0.00004091627357442289	0.00004091627355957124	0.00004091627353896777	0.000040916273510589434	0.000040916273471733065	0.00004091627341877791	0.000040916273346857145	0.00004091627324939279	0.000040916273117435575	0.000040916272938684945	0.00004091627269645034	0.00004091627236734167	0.00004091627191910511	0.00004091627130747268	0.00004091627047108699	0.00004091626932615607	0.000040916267759090175	0.000040916265616602246	0.00004091626268925958	0.000040916258695332204	0.00004091625325507719	0.00004091624584164457	0.000040916235724059974	0.000040916221915752456	0.00004091620308716838	0.000040916177429529706	0.000040916142455667365	0.00004091609474230499	0.000040916029590655825	0.000040915941038072	0.00004091582055783222	0.00004091565660481517	0.000040915433554689834	0.000040915130145089926	0.00004091471763865969	0.00004091415698267234	0.00004091339526682216	0.00004091236030967759	0.000040910953823777346	0.00004090904660730313	0.0000409064635874001	0.000040902965983156206	0.00004089823184260523	0.0000408918275571265	0.00004088316914312213	0.00004087147367526804	0.000040855693053249915	0.0000408344165952835	0.00004080574531888716	0.0000407671569999232	0.00004071528059853456	0.00004064564481802167	0.00004055226425265008	0.000040427172021583655	0.00004025992060789085	0.00004003672128041662	0.000039739660569000256	0.00003934485386294396	0.00003882196072072891	0.00003813236020123557	0.00003722759484547182	0.00003604970279478975	0.00003453188474043383	0.000032601319737570874	0.000030197089917414242	0.00002728828964796319	0.000023904382421969512	0.000020176624737777262	0.00001633597158877923	0.00001267185204346293	9.445660510842983e-6	6.812180339543658e-6	4.795703903341394e-6	3.3197746370563325e-6	2.25844465082948e-6	1.4853787069630742e-6	9.139262123170692e-7	5.113499772199223e-7	2.614291080379159e-7	1.2629271991110503e-7	5.929367730730368e-8	2.6399790475439187e-8	1.0331448419761001e-8	3.545861791350592e-9	1.147595018013907e-9	3.4557727847239137e-10	8.677885464088515e-11	1.9420159912066605e-11	3.966964467361597e-12	6.520749263746495e-13	9.65568712504236e-14	1.151391910299002e-14	1.1695082940235496e-15	8.958505857224451e-17	5.078142882278025e-18	2.253984477243603e-19	7.710449005370327e-21	1.9878938423532133e-22	3.781938581449703e-24	5.1543285331286606e-26	1.151033734412535e-41
0.00004091611765986623	0.00004091611764501348	0.000040916117624409296	0.00004091611759603063	0.000040916117557174	0.000040916117504217733	0.00004091611743229519	0.00004091611733482843	0.00004091611720286825	0.00004091611702411307	0.000040916116781873606	0.00004091611645277071	0.00004091611600454405	0.00004091611539291724	0.00004091611455653228	0.00004091611341160216	0.00004091611184453708	0.000040916109702049344	0.00004091610677470032	0.00004091610278053709	0.00004091609734026165	0.000040916089926829966	0.00004091607980924801	0.000040916066000944116	0.00004091604717236425	0.00004091602151472993	0.00004091598654087595	0.000040915938827557264	0.00004091587367594466	0.00004091578512332185	0.00004091566464307738	0.00004091550069004948	0.000040915277639911045	0.00004091497423029422	0.00004091456172383104	0.00004091400106779679	0.00004091323935189604	0.000040912204394773544	0.000040910797908880935	0.00004090889069188175	0.000040906307671418776	0.000040902810068219246	0.00004089807592752091	0.000040891671636226194	0.000040883013221256536	0.00004087131775364546	0.00004085553714997739	0.00004083426012908415	0.000040805588882566035	0.000040767000549386204	0.000040715124246171625	0.00004064548848913121	0.00004055210765100299	0.000040427017200557335	0.00004025976734553532	0.000040036565949676765	0.00003973950326748795	0.00003934469735418345	0.00003882180402580721	0.000038132202732317824	0.000037227432667497534	0.00003604953845838569	0.0000345317278593141	0.00003260151630599959	0.000030197342252925012	0.000027288663305202868	0.0000239047371583162	0.0000201769785147172	0.00001633628468688927	0.000012672116730559556	9.445876252904668e-6	6.812356150488019e-6	4.795843584452319e-6	3.319885118927861e-6	2.2585413177288425e-6	1.4854573365496774e-6	9.139860196971394e-7	5.113897409005478e-7	2.614520591980154e-7	1.2630506819302e-7	5.930046177001203e-8	2.6403554513268276e-8	1.0333258126334877e-8	3.5465608193703685e-9	1.1478530787572263e-9	3.4567299031278267e-10	8.680734130551741e-11	1.942729693585165e-11	3.968761134808706e-12	6.524142311532434e-13	9.661567972670677e-14	1.1522301700901138e-14	1.1704947544736406e-15	8.967236863679417e-17	5.083126241867925e-18	2.2561868903965403e-19	7.71794524815092e-21	1.9898159439821508e-22	3.7855736183833536e-24	5.1592510418199445e-26	1.1521270297848334e-41
0.00004091589959932104	0.00004091589958446674	0.00004091589956386156	0.000040915899535482435	0.00004091589949662545	0.00004091589944366761	0.000040915899371742584	0.000040915899274272477	0.00004091589914230814	0.0000409158989635466	0.00004091589872130033	0.000040915898392205515	0.0000409158979439927	0.000040915897332373754	0.00004091589649598982	0.000040915895351060806	0.000040915893783996884	0.000040915891641509396	0.00004091588871415149	0.0000409158847196584	0.000040915879279354395	0.000040915871865924025	0.00004091586174834574	0.00004091584794004692	0.000040915829111472936	0.000040915803453844726	0.00004091576848000244	0.00004091572076674484	0.00004091565561518337	0.00004091556706250604	0.00004091544658225501	0.000040915282629211955	0.00004091505957905519	0.0000409147561694147	0.00004091434366290543	0.0000409137830068056	0.00004091302129083413	0.0000409119863337425	0.000040910579847860577	0.000040908672630127156	0.00004090608960888106	0.00004090259200714217	0.000040897857866237735	0.000040891453566808825	0.00004088279515048913	0.000040871099683217954	0.00004085531910521408	0.000040834041297016976	0.000040805370092286264	0.00004076678173922426	0.000040714905573314934	0.00004064526984910289	0.00004055188862949996	0.00004042680066941277	0.0000402595529943322	0.00004003634870565194	0.00003973928326716042	0.00003934447846259067	0.00003882158487385124	0.000038131982497858696	0.00003722720584699887	0.00003604930861912865	0.00003453150844694343	0.00003260179122464511	0.00003019769516685574	0.000027289185898494626	0.000023905233289035576	0.000020177473303619855	0.000016336722582785816	0.000012672486919295179	9.446177987602181e-6	6.812602037922772e-6	4.7960389410620765e-6	3.3200396377723823e-6	2.258676515090965e-6	1.485567307105924e-6	9.140696657029002e-7	5.11445353988009e-7	2.614841584618126e-7	1.263223383770505e-7	5.9309950451945934e-8	2.6408818859065838e-8	1.033578916391462e-8	3.5475384729927224e-9	1.1482139999411493e-9	3.458068519389455e-10	8.684718247079059e-11	1.9437278706193995e-11	3.9712739359956914e-12	6.52888779435271e-13	9.66979286755854e-14	1.1534025518803544e-14	1.1718744082286478e-15	8.979447962299213e-17	5.0900959189291e-18	2.259267163484272e-19	7.728429418600668e-21	1.9925041761658383e-22	3.790657544814097e-24	5.1661356134207197e-26	1.1536561017973847e-41
0.00004091764551955119	0.00004091764550469643	0.00004091764548408906	0.000040917645455706896	0.000040917645416847884	0.00004091764536388702	0.00004091764529195866	0.00004091764519447863	0.000040917645062509946	0.000040917644883745784	0.000040917644641495676	0.000040917644312398975	0.000040917643864183935	0.00004091764325257522	0.00004091764241621476	0.00004091764127131956	0.00004091763970426973	0.00004091763756178315	0.00004091763463439594	0.000040917630639476785	0.0000409176251991507	0.000040917617785725376	0.00004091760766815937	0.00004091759385987742	0.00004091757503132298	0.00004091754937371475	0.00004091751439991202	0.000040917466686843414	0.00004091740153543199	0.00004091731298254956	0.00004091719250227602	0.00004091702854918348	0.000040916805498969316	0.000040916502089242354	0.00004091608958258582	0.00004091552892626127	0.00004091476721004442	0.000040913732253030475	0.000040912325767256016	0.00004091041854714918	0.00004090783552331247	0.00004090433792603543	0.000040899603784859264	0.00004089319946161955	0.00004088454103701245	0.00004087284558005827	0.000040857064715181834	0.00004083578669014528	0.00004080711562722823	0.000040768527219229435	0.000040716651398482586	0.000040647015468370765	0.00004055363310906953	0.00004042854781013967	0.0000402612982481238	0.000040038093829018196	0.00003974102602588231	0.00003934622252411988	0.0000388233284407356	0.0000381337224521916	0.0000372289380818236	0.000036051031379045213	0.00003453332563014928	0.00003260375865577031	0.000030199617677480476	0.00002729109003548854	0.00002390703549564094	0.000020179152748413095	0.00001633821098820176	0.000012673749407099912	9.447194885440689e-6	6.813419441231922e-6	4.796696519540374e-6	3.320578131660342e-6	2.2591213542584834e-6	1.4859286828231251e-6	9.143443591083943e-7	5.116284634685366e-7	2.6158984403964677e-7	1.2637925293307404e-7	5.934117394509261e-8	2.6426131177264812e-8	1.0344086524950672e-8	3.5507405682933485e-9	1.1493896701100794e-9	3.4624714868870246e-10	8.69781457563766e-11	1.9469987003444167e-11	3.979551519245079e-12	6.544530250655921e-13	9.696888100114224e-14	1.157266258953241e-14	1.1764004213860527e-15	9.019731474779959e-17	5.113102379917621e-18	2.2694344073097286e-19	7.76303383871269e-21	2.0013766575125073e-22	3.807436200677016e-24	5.188855860869706e-26	1.1587020828502732e-41
0.00004092047714830569	0.00004092047713345089	0.000040920477112840516	0.00004092047708445381	0.000040920477045591785	0.00004092047699262688	0.000040920476920694405	0.000040920476823200323	0.00004092047669122667	0.00004092047651246124	0.00004092047627020812	0.00004092047594110488	0.00004092047549288021	0.000040920474881284017	0.00004092047404495989	0.000040920472900117165	0.000040920471333088865	0.00004092046919060361	0.000040920466263174454	0.000040920462267734557	0.000040920456827386555	0.00004092044941396857	0.00004092043929642017	0.00004092042548816238	0.00004092040665963595	0.000040920381002056295	0.00004092034602831031	0.00004092029831551058	0.00004092023316431145	0.00004092014461113201	0.00004092002413082613	0.00004091986017766281	0.00004091963712736688	0.000040919333717515006	0.000040918921210648274	0.00004091836055400091	0.00004091759883743112	0.00004091656388052516	0.000040915157394914265	0.00004091325017141621	0.00004091066714386979	0.0000409071695529323	0.000040902435411422116	0.00004089603105450205	0.00004088737261751414	0.000040875677176568805	0.00004085989585094507	0.00004083861783620452	0.00004080994697684228	0.00004077135849163099	0.0000407194831504967	0.00004064984688328421	0.00004055646290838517	0.00004043138067082039	0.000040264127184282514	0.00004004092384668612	0.00003974385356483211	0.00003934905161089961	0.000038826156868459205	0.0000381365457025804	0.00003723175216819416	0.000036053831966260595	0.000034536269481837774	0.00003260671812687942	0.000030202472120497827	0.00002729384028016336	0.000023909637844702374	0.000020181563407102783	0.000016340347701973407	0.000012675562351437077	9.44865357871115e-6	6.8145904811269885e-6	4.797639679262957e-6	3.3213529159281347e-6	2.2597580313584113e-6	1.4864458405476736e-6	9.147374435499195e-7	5.118905563666587e-7	2.617411161642921e-7	1.26460724258278e-7	5.9385863038973064e-8	2.6450908266744225e-8	1.0355958022367913e-8	3.555321592507585e-9	1.151070747715803e-9	3.468773045234704e-10	8.716557025918856e-11	1.951678263827988e-11	3.991400143617896e-12	6.566922391955356e-13	9.735672660117541e-14	1.1627970397306765e-14	1.1828764707965167e-15	9.077401584481922e-17	5.146040450454217e-18	2.2839906537419396e-19	7.812576140819432e-21	2.0140791193218144e-22	3.8314575859923795e-24	5.22138345121136e-26	1.1659261656246166e-41
0.00004092719381973247	0.000040927193804879523	0.000040927193784271707	0.000040927193755884305	0.000040927193717023227	0.00004092719366405727	0.0000409271935921197	0.00004092719349461786	0.000040927193362629466	0.00004092719318384628	0.000040927192941584994	0.00004092719261242911	0.00004092719216419671	0.00004092719155259153	0.00004092719071625965	0.000040927189571412106	0.000040927188004441763	0.00004092718586202775	0.00004092718293398189	0.00004092717893863241	0.000040927173498257356	0.000040927166084856307	0.000040927155967343725	0.000040927142159134	0.00004092712333066318	0.00004092709767314091	0.000040927062699508416	0.00004092701498721844	0.000040926949836434156	0.000040926861282659464	0.000040926740802279404	0.00004092657684898647	0.000040926353798536265	0.00004092605038845082	0.00004092563788118221	0.000040925077223919735	0.0000409243155066752	0.00004092328054993917	0.00004092187406470708	0.00004091996683448951	0.00004091738382755318	0.000040913886242583775	0.00004090915207849575	0.00004090274766029162	0.00004089408919807351	0.00004088239379519688	0.00004086661269062792	0.00004084533498893518	0.00004081666456085709	0.00004077807590873856	0.0000407262017680628	0.000040656564864211386	0.00004056317804308418	0.00004043809185729378	0.00004027083448711928	0.00004004762869610952	0.00003975053937483726	0.00003935573923453503	0.00003883283673039837	0.000038143214765410036	0.00003723840804837594	0.00003606046092790873	0.00003454261468887151	0.00003261254842904941	0.000030208131695946885	0.000027299267782729185	0.000023914828754524163	0.00002018625102029455	0.0000163444917401472	0.00001267908088097224	9.451541727978653e-6	6.81690939002593e-6	4.799506297742133e-6	3.3228671098735197e-6	2.2610090124353865e-6	1.4874660994471e-6	9.155127169596355e-7	5.124054458220021e-7	2.62038251536248e-7	1.2662078639555692e-7	5.9473601974974596e-8	2.649964029565065e-8	1.0379325537698574e-8	3.5643320655506577e-9	1.154379122758792e-9	3.4811815501688165e-10	8.753473971252049e-11	1.9609001241318925e-11	4.014764294918191e-12	6.611118306349184e-13	9.812328234245857e-14	1.173740352910978e-14	1.1957123288692452e-15	9.191880144357544e-17	5.211428380823127e-18	2.3128851344472305e-19	7.910909989283596e-21	2.0392891651544118e-22	3.8791269464992436e-24	5.285925925554268e-26	1.1802591330083319e-41
0.000040936337391534255	0.00004093633737668252	0.00004093633735607712	0.000040936337327693314	0.00004093633728883276	0.0000409363372358692	0.00004093633716393446	0.000040936337066439744	0.000040936336934444384	0.00004093633675567256	0.000040936336513407217	0.00004093633618419932	0.000040936335735957775	0.00004093633512432291	0.00004093633428795331	0.00004093633314309006	0.00004093633157613337	0.00004093632943375556	0.00004093632650568056	0.000040936322510625806	0.00004093631707119954	0.00004093630965828498	0.000040936299541180565	0.00004093628573314771	0.00004093626690475927	0.00004093624124732253	0.000040936206273856925	0.00004093615856229738	0.00004093609341215459	0.00004093600485749376	0.00004093588437699271	0.00004093572042352155	0.00004093549737284718	0.000040935193962420886	0.00004093478145456426	0.000040934220796401316	0.00004093345907819733	0.000040932424121738245	0.000040931017637163545	0.000040929110397108265	0.000040926527433140044	0.000040923029849088866	0.000040918295646087144	0.00004091189114036757	0.000040903232648416405	0.0000408915373092295	0.000040875756181074006	0.00004085447711570024	0.00004082580692336798	0.0000407872180413077	0.00004073534618865883	0.000040665707637785464	0.00004057231695402653	0.00004044722962186692	0.00004027997290602012	0.000040056764923973904	0.000039759660193972505	0.0000393648618173004	0.00003884195175428166	0.000038152314597628814	0.00003724748145383367	0.000036069494161482516	0.00003455137735220269	0.00003262110823847421	0.000030216419594875196	0.000027307021797020377	0.000023922203222211834	0.000020193021911531757	0.000016350476760867443	0.000012684182097150437	9.45573234075804e-6	6.82028136214775e-6	4.802218395094843e-6	3.325079894881883e-6	2.2628312148017075e-6	1.488952335727979e-6	9.166425862409717e-7	5.131554390217856e-7	2.624709753120262e-7	1.2685380098993164e-7	5.960136997098422e-8	2.657063225295223e-8	1.0413377892970353e-8	3.577476798009424e-9	1.1592054765091987e-9	3.4992830868044816e-10	8.807387306735355e-11	1.9743680432809934e-11	4.048926578292352e-12	6.675845320363582e-13	9.924601996198391e-14	1.1898001302419116e-14	1.2145639982265997e-15	9.36045364138297e-17	5.307732775703667e-18	2.3554380189369393e-19	8.055712228140658e-21	2.0764085466897032e-22	3.949307614733826e-24	5.380936391129353e-26	1.2013559811371933e-41
0.00004094819006596295	0.00004094819005111178	0.00004094819003050771	0.000040948190002127294	0.00004094818996326701	0.00004094818991030603	0.000040948189838375985	0.00004094818974089414	0.00004094818960890797	0.00004094818943014542	0.00004094818918788597	0.00004094818885868205	0.000040948188410439236	0.000040948187798784256	0.00004094818696229352	0.000040948185817388774	0.00004094818425031231	0.0000409481821079134	0.000040948179180204014	0.000040948175185536516	0.00004094816974667157	0.000040948162334148	0.00004094815221744738	0.00004094813840983247	0.000040948119581704234	0.00004094809392439416	0.00004094805895117036	0.00004094801124065447	0.000040947946091515365	0.00004094785753553931	0.0000409477370548539	0.00004094757310114674	0.00004094735005015746	0.00004094704663925214	0.00004094663413054708	0.000040946073471088145	0.00004094531175151319	0.00004094427679552191	0.000040942870312003924	0.000040940963057575525	0.00004093838015583039	0.00004093488256784883	0.00004093014831299828	0.00004092374368547858	0.000040915085162140486	0.00004090338993373386	0.00004088760924520098	0.00004086632900800095	0.00004083765827271279	0.00004079906910776076	0.00004074720039532955	0.00004067755963087096	0.00004058416473392591	0.00004045908098875419	0.00004029182278616808	0.00004006861288455421	0.00003977148372773398	0.000039376685702324616	0.00003885376599080625	0.00003816410671655637	0.00003725923341014698	0.00003608118740522515	0.000034562992183313006	0.00003263275872427261	0.00003022822119251781	0.00002731827875943697	0.000023932860810476506	0.00002020277096583522	0.00001635909626925178	0.000012691513688039335	9.461764193074985e-6	6.8251158876683435e-6	4.806113484400303e-6	3.328266197381954e-6	2.26545685066469e-6	1.4910880826860471e-6	9.182661825100536e-7	5.142339282592606e-7	2.6309340853544096e-7	1.271891240288587e-7	5.978520387708185e-8	2.6672770331896096e-8	1.0462406242348933e-8	3.59640887326832e-9	1.1661574549987309e-9	3.525387556708581e-10	8.885221533576418e-11	1.9938245026663514e-11	4.098327914477548e-12	6.769576420580193e-13	1.0087343868614887e-13	1.2131431540724673e-14	1.2419924401716043e-15	9.606593833655947e-17	5.448401517862147e-18	2.417586598436296e-19	8.267167468506807e-21	2.13060612377336e-22	4.051761209691871e-24	5.519614166058994e-26	1.2321445864761393e-41
0.000040964654001497844	0.000040964653986646355	0.000040964653966041675	0.00004096465393766025	0.000040964653898798453	0.00004096465384583669	0.00004096465377390692	0.000040964653676429225	0.00004096465354445337	0.00004096465336569289	0.000040964653123443304	0.000040964652794281395	0.000040964652346044875	0.000040964651734405155	0.00004096465089788523	0.00004096464975294479	0.00004096464818557731	0.00004096464604299677	0.00004096464311446972	0.000040964639119933425	0.000040964633680585926	0.00004096462626800557	0.00004096461615143709	0.00004096460234426035	0.000040964583516724376	0.0000409645578599779	0.00004096452288709645	0.000040964475178033175	0.000040964410030478005	0.00004096432147258104	0.00004096420099162105	0.00004096403703761534	0.000040963813986202464	0.00004096351057465638	0.000040963098064804494	0.0000409625374035781	0.00004096177568215724	0.0000409607407270703	0.000040959334245307815	0.000040957426970438146	0.00004095484414361614	0.000040951346547666257	0.000040946612230905435	0.0000409402074448598	0.00004093154888863256	0.0000409198538595071	0.00004090407345027312	0.00004088279314987869	0.00004085412139857347	0.00004081553193381739	0.0000407636653192314	0.00004069402191265387	0.00004060062013037759	0.00004047553819785718	0.00004030828187137175	0.0000400850721351749	0.00003978791098840546	0.00003939311284208654	0.00003887017748942858	0.000038180480102691025	0.00003727555981130742	0.00003609743430351964	0.000034579169986431895	0.00003264883751189733	0.000030244332826557327	0.000027333900062113508	0.000023947698025775364	0.0000202163467211983	0.000016371101946937542	0.000012701696257219769	9.470129413142916e-6	6.831828021849296e-6	4.811522023921009e-6	3.332681700751507e-6	2.269102203057059e-6	1.4940539968819555e-6	9.205219461947798e-7	5.157335126093028e-7	2.639590287527397e-7	1.2765551272767308e-7	6.00408509353497e-8	2.681495779424355e-8	1.0530728642609994e-8	3.6228091038649137e-9	1.1758548378503535e-9	3.5618389403521255e-10	8.994096052590171e-11	2.021050464343727e-11	4.167592650833692e-12	6.901288839561021e-13	1.031630113953017e-13	1.2461141216994056e-14	1.2807940285140915e-15	9.956508359852836e-17	5.648481116211334e-18	2.5059690535460277e-19	8.567823017558125e-21	2.207650169816013e-22	4.1973698761484665e-24	5.716657056314479e-26	1.2758820860510823e-41
0.00004098820772440446	0.00004098820770955266	0.00004098820768894726	0.00004098820766056455	0.00004098820762170068	0.000040988207568735354	0.00004098820749680023	0.000040988207399315286	0.00004098820726732939	0.00004098820708856333	0.0000409882068463124	0.00004098820651716215	0.000040988206068933206	0.00004098820545731857	0.0000409882046209401	0.00004098820347604305	0.0000409882019086884	0.00004098819976597738	0.00004098819683639449	0.00004098819284271487	0.00004098818740419299	0.000040988179991485795	0.00004098816987497174	0.000040988156068033146	0.000040988137241025694	0.000040988111585175224	0.00004098807661290392	0.00004098802890577996	0.00004098796376070487	0.000040987875200045695	0.00004098775471868307	0.0000409875907643397	0.00004098736771236104	0.000040987064299982594	0.000040986651788651795	0.00004098609112511161	0.00004098532940134411	0.000040984294447901865	0.000040982887969220365	0.000040980980667315464	0.000040978397930775075	0.000040974900321257547	0.00004097016594907571	0.0000409637609759308	0.00004095510238119813	0.00004094340768762144	0.000040927626422651174	0.00004090634488082987	0.0000408776731950229	0.000040839083493891	0.00004078721860720796	0.00004071757180535121	0.00004062416083891928	0.00004049907937768884	0.00004033181834265474	0.00004010860959638165	0.000039811409681747086	0.00003941660276612457	0.00003889364608403691	0.00003820390019388234	0.000037298927335936855	0.00003612069512361397	0.00003460204575384403	0.00003267105980352326	0.000030265839018588142	0.000027354691422381527	0.000023967450883089365	0.00002023450228672374	0.000016387184859236277	0.000012715338360364058	9.481330766415701e-6	6.840828175790629e-6	4.818773920470146e-6	3.338608584424089e-6	2.2739879078834067e-6	1.498034647877185e-6	9.235503062615304e-7	5.177469746541259e-7	2.6512167156610193e-7	1.282821521241926e-7	6.038455417399889e-8	2.7006174477537627e-8	1.0622726153621946e-8	3.6583903766467424e-9	1.1889314429456499e-9	3.6110569393615144e-10	9.141437147437556e-11	2.057926146159971e-11	4.261618325700082e-12	7.080655905151288e-13	1.0628586850313391e-13	1.291308881854365e-14	1.3341005829717568e-15	1.0440407462127505e-16	5.925356734795567e-18	2.628248340696862e-19	8.983679087297494e-21	2.3141845807899e-22	4.398651847648299e-24	5.988949722618817e-26	1.3363059268093027e-41
0.00004101851125454028	0.000041018511239688834	0.00004101851121908355	0.000041018511190700554	0.000041018511151835796	0.000041018511098867926	0.000041018511026928245	0.00004101851092943685	0.000041018510797442164	0.00004101851061866397	0.00004101851037639179	0.00004101851004721887	0.00004101850959898932	0.000041018508987386804	0.000041018508151056524	0.00004101850700620834	0.00004101850543922284	0.00004101850329675703	0.00004101850036803226	0.00004101849637476303	0.00004101849093718935	0.00004101848352416059	0.000041018473407498796	0.000041018459600695256	0.000041018440774001776	0.000041018415118678065	0.00004101838014718256	0.00004101833243879738	0.00004101826729760581	0.0000410181787329817	0.00004101805825103367	0.000041017894296336946	0.000041017671243677155	0.000041017367830273575	0.000041016955317067255	0.00004101639465060098	0.000041015632923955263	0.00004101459797325581	0.000041013191499638855	0.00004101128423204775	0.0000410087015351158	0.00004100520390416216	0.000041000469425111515	0.00004099406425419637	0.00004098540561086383	0.00004097371135975784	0.00004095792885737178	0.00004093664555984425	0.00004090797389643327	0.00004086938421993834	0.000040817520930645265	0.00004074787044810233	0.000040654459602676596	0.00004052937714361844	0.00004036209987399223	0.000040138894916489744	0.00003984166079700918	0.00003944683466754544	0.00003892385488736764	0.000038234058642546785	0.000037328997354879774	0.000036150618112287805	0.00003463188022016557	0.00003270089737294583	0.000030294510623393003	0.000027382001905084573	0.00002399335709702849	0.000020258194395345813	0.00001640810833860294	0.000012733098869165394	9.49591099986473e-6	6.852543778072618e-6	4.8282212643642045e-6	3.3463141434815e-6	2.28035116485106e-6	1.5032141948623544e-6	9.274918831287525e-7	5.203675967373282e-7	2.66635631424874e-7	1.2909858241655993e-7	6.08326474879221e-8	2.7255482630041734e-8	1.0742868783752125e-8	3.704914676975782e-9	1.2060367943556402e-9	3.675556619871556e-10	9.335091222102366e-11	2.1064544417412403e-11	4.385693285861242e-12	7.318280994473199e-13	1.1043019728408822e-13	1.3516778927039054e-14	1.405482753865692e-15	1.1093899433417094e-16	6.299584719645559e-18	2.7934770999144405e-19	9.545415388458942e-21	2.4580391665589923e-22	4.670339566341315e-24	6.356334046396221e-26	1.4178026225098775e-41
0.0000410557271078722	0.00004105572709302135	0.0000410557270724164	0.00004105572704403329	0.00004105572700516774	0.00004105572695219813	0.00004105572688025545	0.00004105572678275945	0.00004105572665075809	0.000041055726471977104	0.0000410557262296627	0.000041055725900473	0.000041055725452194904	0.00004105572484053454	0.00004105572400414786	0.00004105572285928415	0.000041055721292316774	0.00004105571914989584	0.000041055716222070725	0.000041055712227583265	0.00004105570678888343	0.00004105569937544632	0.00004105568925805137	0.00004105567545030974	0.000041055656623236184	0.00004105563096819236	0.00004105559599801142	0.00004105554828443403	0.000041055483127238064	0.00004105539456299746	0.000041055274080136325	0.000041055110125059244	0.00004105488707171563	0.00004105458365710344	0.00004105417114162618	0.00004105361047154698	0.00004105284874149087	0.00004105181379639611	0.0000410504073315844	0.00004104850022730115	0.00004104591749120384	0.00004104241982495323	0.000041037685208145215	0.000041031279821488464	0.00004102262112472457	0.00004101092720765957	0.00004099514330587267	0.00004097385855205159	0.00004094518601564976	0.00004090659796355293	0.000040854732378341274	0.000040785078822331085	0.000040691658876374115	0.00004056657074282242	0.0000403992898287038	0.000040176087716527024	0.00003987880661968719	0.000039483955032691494	0.00003896093569960476	0.000038271052825498756	0.000037365900406409994	0.00003618733913115842	0.00003466820937784364	0.000032737025250230524	0.00003033088642418785	0.000027417050589535245	0.000024026627148079074	0.000020288726744323544	0.000016435164608383843	0.000012756083612484732	9.514715912575103e-6	6.867674314029162e-6	4.840406303901385e-6	3.3562588249188407e-6	2.2885703862677674e-6	1.5099242109629728e-6	9.326013602268797e-7	5.237693762379912e-7	2.686018153524755e-7	1.3015906403228542e-7	6.141474802796262e-8	2.758009947205822e-8	1.0899679017529008e-8	3.765734738549373e-9	1.2284147436542514e-9	3.7601699797476747e-10	9.590214098427134e-11	2.170478807032474e-11	4.5500641182546245e-12	7.634911758446307e-13	1.1597001148741664e-13	1.4331160397956617e-14	1.5021566002055542e-15	1.1989643613523759e-16	6.813269983230028e-18	3.020187547760146e-19	1.0315796814102948e-20	2.655220437332725e-22	5.04252659649112e-24	6.859305816132061e-26	1.529318204839135e-41
0.000041104529587634506	0.00004110452957278451	0.00004110452955218012	0.000041104529523797075	0.000041104529484930826	0.00004110452943195944	0.000041104529360013545	0.00004110452926251252	0.00004110452913050358	0.00004110452895172383	0.000041104528709398465	0.00004110452838019809	0.00004110452793190626	0.00004110452732023384	0.00004110452648382772	0.0000411045253388916	0.000041104523771829014	0.00004110452162928473	0.000041104518700871336	0.00004110451470636431	0.000041104509266962956	0.00004110450185417253	0.00004110449173733414	0.00004110447792898931	0.00004110445909871283	0.0000411044334425652	0.0000411043984731406	0.000041104350769313814	0.000041104285628308316	0.000041104197086776855	0.00004110407660314884	0.000041103912647690524	0.00004110368959380663	0.00004110338617786519	0.00004110297365974401	0.000041102412985453866	0.00004110165125169364	0.000041100616314543294	0.00004109920986846087	0.000041097302994996954	0.000041094720203512635	0.000041091222485393434	0.00004108648769217594	0.000041080082139406855	0.0000410714234126089	0.000041059729470061986	0.000041043944238949	0.00004102265818828621	0.00004099398444224975	0.000040955398025355544	0.00004090352670533495	0.00004083387109302042	0.00004074044871452662	0.00004061534914344629	0.00004044807766127361	0.00004022487258409481	0.00003992755353443701	0.000039532663269471166	0.00003900960291276405	0.000038319639922587004	0.00003741437981030325	0.000036235583670083586	0.00003471588263152838	0.000032783600710513986	0.000030376064069253648	0.000027460672798607165	0.00002406797063002105	0.000020326775045598712	0.000016468815685011762	0.000012784687869736084	9.5381952200486e-6	6.886590348826068e-6	4.855642106427854e-6	3.368696967726985e-6	2.2988364826052604e-6	1.5182967849208941e-6	9.389804472981941e-7	5.280193623701016e-7	2.710605595291062e-7	1.314860048029196e-7	6.214374524676914e-8	2.7987106890924598e-8	1.1096780604055416e-8	3.842320197596281e-9	1.2566197054956452e-9	3.86713477512213e-10	9.914286708360556e-11	2.2519574323367432e-11	4.760202271473603e-12	8.042316369732797e-13	1.2311889483186048e-13	1.5393140703752536e-14	1.6287203259678376e-15	1.317846837047607e-16	7.496082219833638e-18	3.3214040395917317e-19	1.133879379073823e-20	2.9169028939076153e-22	5.5361423690641585e-24	7.525913923869203e-26	1.6770273793130212e-41
0.000041163614231817697	0.000041163614216968857	0.00004116361419636531	0.00004116361416798255	0.000041163614129115724	0.00004116361407614252	0.00004116361400419318	0.00004116361390668666	0.00004116361377466946	0.00004116361359587658	0.000041163613353536416	0.00004116361302432827	0.00004116361257603013	0.000041163611964350246	0.00004116361112793839	0.00004116360998299564	0.00004116360841590731	0.0000411636062732934	0.00004116360334533349	0.00004116359934981907	0.00004116359391071499	0.00004116358649813606	0.000041163576381681585	0.00004116356257478376	0.00004116354374665178	0.00004116351808495527	0.00004116348311056401	0.00004116343541017386	0.000041163370279877485	0.000041163281729819126	0.000041163161260119155	0.00004116299730610148	0.00004116277425194006	0.00004116247083476569	0.00004116205831374996	0.000041161497634642465	0.00004116073589725552	0.000041159700972835844	0.000041158294637535	0.000041156387738697876	0.00004115380487402199	0.00004115030707325145	0.00004114557205912949	0.000041139166382339615	0.00004113050769994578	0.000041118813216717864	0.00004110302682482033	0.00004108173947221789	0.00004105306608920905	0.0000410144795499251	0.00004096260098849679	0.000040892945103470576	0.000040799524427982506	0.00004067440581595363	0.000040507122863584985	0.00004028389983724374	0.000039986532447717176	0.0000395915964112891	0.000039068479152651935	0.000038378388297182294	0.00003747297647966172	0.00003629393397325014	0.00003477389745427274	0.000032841525357412974	0.00003043221902755933	0.00002751452164786984	0.00002411911982701459	0.00002037373087841797	0.000016510265860436062	0.000012819869401009886	9.567070560491743e-6	6.909846030140116e-6	4.874352524563398e-6	3.3839701615206248e-6	2.311482704391136e-6	1.528631218458359e-6	9.468628787294589e-7	5.332780277129396e-7	2.7410596525379276e-7	1.3313078731555791e-7	6.304829816840883e-8	2.8492721224972268e-8	1.1342485392661737e-8	3.938032463663522e-9	1.291904269121271e-9	4.001485123521471e-10	1.0323757765888631e-10	2.3551402495588853e-11	5.0278852051459535e-12	8.565647080543599e-13	1.3233792508830505e-13	1.678067007350529e-14	1.794942192381712e-15	1.4766666409528878e-16	8.410294821647036e-18	3.7244656410983836e-19	1.2706701772137753e-20	3.266542164466971e-22	6.1951182231523484e-24	8.415034010726669e-26	1.8738912687583497e-41
0.00004123498681828974	0.0000412349868034424	0.000041234986782840016	0.00004123498675445779	0.00004123498671559051	0.00004123498666261546	0.000041234986590662436	0.00004123498649314996	0.000041234986361123934	0.000041234986182317536	0.00004123498593999783	0.00004123498561078136	0.00004123498516247822	0.000041234984550793674	0.000041234983714381016	0.00004123498256943887	0.000041234981002342936	0.000041234978859692174	0.000041234975931588654	0.000041234971936197085	0.00004123496649558936	0.00004123495908261575	0.00004123494896608545	0.00004123493515914266	0.000041234916332229806	0.00004123489067673967	0.00004123485570252519	0.00004123480797820928	0.00004123474283014066	0.00004123465425322609	0.000041234533782397	0.000041234369839872396	0.00004123414678672834	0.00004123384336887146	0.00004123343084487716	0.000041232870160518037	0.000041232108420098977	0.00004123107351495511	0.00004122966721618753	0.00004122776021222027	0.00004122517725385423	0.000041221679322015765	0.00004121694407578833	0.00004121053830075551	0.000041201879740279845	0.000041190184244965405	0.00004117439681189302	0.00004115310807938871	0.000041124433114440107	0.000041085845799453984	0.00004103395995134872	0.000040964299947545706	0.00004087087521215605	0.00004074573650287172	0.00004057845582455384	0.00004035520711273467	0.00004005778672159262	0.000039662781420981525	0.0000391396060663444	0.00003844937115687096	0.00003754378330459183	0.00003636444241790923	0.00003484355894118595	0.00003290983355666931	0.00003049973998185338	0.00002757966096129519	0.000024180899864945107	0.000020430414649253012	0.000016560395927506232	0.000012862447738018673	9.602058975426216e-6	6.938008498438545e-6	4.897077092835767e-6	3.4025263310296685e-6	2.3268222148348384e-6	1.5411528533676753e-6	9.564206542637915e-7	5.396662799076692e-7	2.778092327074135e-7	1.3513223138713626e-7	6.414987366298131e-8	2.9110133672338136e-8	1.1643685808052771e-8	4.055681075377774e-9	1.3353451528639361e-9	4.167491039451339e-10	1.0833367604246751e-10	2.4838763960543232e-11	5.364096494463208e-12	9.22913808872955e-13	1.440745998866946e-13	1.8573593884605966e-14	2.0109558587028506e-15	1.6870583183729839e-16	9.62451341925168e-18	4.25943960438394e-19	1.452081501790603e-20	3.729821177966655e-22	7.067436067376027e-24	9.590795669991993e-26	2.1339948749719857e-41
0.000041320492368049134	0.000041320492353203696	0.000041320492332602845	0.00004132049230422144	0.00004132049226535387	0.00004132049221237692	0.0000413204921404199	0.00004132049204290088	0.000041320491910865425	0.00004132049173204613	0.000041320491489714843	0.000041320491160487665	0.000041320490712177406	0.00004132049010049004	0.00004132048926408152	0.00004132048811914788	0.00004132048655205448	0.00004132048440937694	0.00004132048148111407	0.00004132047748543701	0.000041320472044935005	0.00004132046463135944	0.000041320454514358995	0.000041320440706965324	0.00004132042187942413	0.00004132039622360906	0.00004132036125406588	0.000041320313553944545	0.00004132024843020198	0.00004132015987953963	0.00004132003939988498	0.00004131987545751161	0.00004131965241813481	0.000041319349003618874	0.000041318936477247535	0.000041318375787766166	0.00004131761404583825	0.000041316579169673424	0.00004131517281126965	0.000041313265679690564	0.00004131068260314543	0.00004130718448429684	0.00004130244903725893	0.000041296043157177416	0.000041287384597539044	0.000041275687853856434	0.00004125989941969448	0.00004123860929151815	0.00004120993224681167	0.00004117134035503197	0.00004111944938907924	0.00004104978933045875	0.00004095635889456354	0.0000408312068218247	0.000040663921684943306	0.000040440644285589546	0.00004014316974683096	0.000039748047753373595	0.000039224815757348216	0.00003853443525637054	0.00003762862781398328	0.000036449084808828955	0.00003492786832826203	0.00003299325387328515	0.00003058104922512951	0.00002765798644208392	0.000024255100792989234	0.00002049869485784608	0.000016620794930609372	0.00001291380730453643	9.644168048096024e-6	6.971954457937361e-6	4.924430676408372e-6	3.4248664751787524e-6	2.3453325903979035e-6	1.5563013423123803e-6	9.68001694955081e-7	5.474218213544166e-7	2.823127017077168e-7	1.375685793510531e-7	6.549261848427368e-8	2.9864502961146374e-8	1.2013661252645978e-8	4.200726754708018e-9	1.388996717526509e-9	4.3736284019247626e-10	1.1471998864299556e-10	2.645804621430417e-11	5.790328627012338e-12	1.0081064278587006e-12	1.592233990859371e-13	2.093292261798055e-14	2.2971462545493874e-15	1.9728860771411739e-16	1.1280294748369323e-17	4.98832118233387e-19	1.69897917777035e-20	4.359591450924598e-22	8.251726701976492e-24	1.1184867645419412e-25	2.48622823599017e-41
0.0000414220500576386	0.00004142205004279548	0.00004142205002219653	0.00004142204999381624	0.0000414220499549485	0.00004142204990196955	0.00004142204983000814	0.00004142204973248188	0.00004142204960043618	0.000041422049421611224	0.00004142204917926571	0.00004142204885002492	0.00004142204840170458	0.00004142204779001561	0.00004142204695361557	0.000041422045808697775	0.0000414220442416165	0.00004142204209892581	0.000041422039170549844	0.00004142203517502031	0.000041422029734616805	0.00004142202232097038	0.000041422012203438656	0.00004142199839551363	0.00004142197956712395	0.00004142195391026102	0.000041421918939337536	0.0000414218712397171	0.00004142180611350673	0.0000414217175436445	0.00004142159706111735	0.00004142143311135721	0.000041421210074425576	0.00004142090667271012	0.00004142049414877653	0.000041419933454800026	0.000041419171713318495	0.000041418136825328915	0.00004141673039446313	0.00004141482311663494	0.000041412239895527464	0.00004140874154716431	0.000041404005951312216	0.000041397599981526196	0.00004138894105664429	0.000041377243114041926	0.000041361453636389526	0.000041340162270722705	0.00004131148311577441	0.00004127288443783781	0.00004122099075061018	0.00004115132083387886	0.00004105788383018681	0.00004093272750558971	0.000040765428175067654	0.00004054210115350499	0.0000402445710467317	0.00003984934096476479	0.00003932599582163231	0.00003863541788602023	0.00003772935010435814	0.00003654939048355987	0.000035027084585014145	0.00003309120292043418	0.000030677081523175734	0.00002775063617530458	0.000024342999465719058	0.000020579466871988085	0.00001669225481024843	0.000012974522096095203	9.6940449650013e-6	7.012187851301503e-6	4.956852614498258e-6	3.451392092360907e-6	2.3673227672625526e-6	1.5742795931983983e-6	9.817670761946283e-7	5.566573256540021e-7	2.8768383711243726e-7	1.404777546815449e-7	6.70984225632063e-8	3.076929699353905e-8	1.2459807739999029e-8	4.3763318919957435e-9	1.454066646209629e-9	4.6251224070847305e-10	1.225914767393453e-10	2.8461380887292176e-11	6.322311883298946e-12	1.1159188338123861e-12	1.784974017941671e-13	2.3997864320781838e-14	2.6717734848049575e-15	2.3571848024408263e-16	1.3516497194501645e-17	5.971763193676936e-19	2.031702219170173e-20	5.207161524398779e-22	9.843318202740334e-24	1.3323901667653653e-25	2.9582668141236734e-41
0.00004154049623988769	0.00004154049622504734	0.0000415404962044507	0.000041540496176071806	0.00004154049613720401	0.0000415404960842229	0.00004154049601225659	0.00004154049591472222	0.00004154049578266521	0.00004154049560383343	0.00004154049536143665	0.000041540495032178815	0.00004154049458384476	0.00004154049397215499	0.000041540493135767564	0.000041540491990872764	0.00004154049042381311	0.000041540488281124144	0.000041540485352716485	0.00004154048135853063	0.000041540475918117834	0.000041540468504408925	0.00004154045838676129	0.00004154044457817928	0.00004154042574885719	0.00004154040009075167	0.00004154036511764333	0.00004154031740823453	0.000041540252260156224	0.000041540163683081986	0.000041540043196954706	0.00004153987923619337	0.00004153965618518927	0.000041539352788499196	0.00004153894028255744	0.000041538379590807965	0.000041537617851977777	0.00004153658295058287	0.00004153517656789333	0.0000415332691311525	0.00004153068573686329	0.00004152718714844278	0.000041522451416540026	0.00004151604540188278	0.00004150738569720923	0.000041495686650741964	0.00004147989609799519	0.00004145860395746504	0.00004142992068931168	0.00004139131845274443	0.00004133942027165462	0.00004126973863187427	0.00004117629220250432	0.000041051127328406726	0.000040883794629794766	0.00004066043713908624	0.00004036283807105482	0.000039967490771829594	0.000039443997407005364	0.00003875321992851649	0.00003784683645556187	0.000036666337132891026	0.00003514338842219432	0.00003320587378896551	0.00003078937821850004	0.000027859063822607327	0.000024445799218949156	0.00002067386575500042	0.00001677581550221409	0.000013045512165002535	9.752386419425725e-6	7.059259449068762e-6	4.994845770613128e-6	3.4824992770414364e-6	2.3930978498991997e-6	1.5954304874749182e-6	9.979983749935659e-7	5.675767776602695e-7	2.9404643627997097e-7	1.4392826163596632e-7	6.900571269867337e-8	3.1847898656285775e-8	1.2995290197282175e-8	4.588128105648426e-9	1.532742447941873e-9	4.931080648199137e-10	1.322824605644536e-10	3.09390595847092e-11	6.986556302954467e-12	1.2527549583049421e-12	2.0310694028335523e-13	2.8004926073942148e-14	3.1655089212926766e-15	2.879475046162345e-16	1.6573363033439607e-17	7.3146080701356185e-19	2.4853724917062973e-20	6.361037034920326e-22	1.2006457246357032e-23	1.6225844163570287e-25	3.597685828352496e-41
0.00004167839857758347	0.00004167839856274639	0.00004167839854215248	0.00004167839851377529	0.000041678398474907526	0.00004167839842192405	0.000041678398349952237	0.00004167839825240869	0.00004167839812033901	0.00004167839794149412	0.000041678397699084016	0.00004167839736980497	0.00004167839692145267	0.00004167839630976241	0.00004167839547339129	0.00004167839432852624	0.00004167839276149711	0.00004167839061882423	0.0000416783876904781	0.00004167838369615846	0.00004167837825561122	0.00004167837084183359	0.00004167836072414542	0.00004167834691540081	0.00004167832808541563	0.000041678302425956175	0.00004167826745153106	0.00004167821973558077	0.000041678154579941197	0.00004167806602511029	0.0000416779455460757	0.00004167778159153853	0.00004167755852981782	0.00004167725511030578	0.00004167684260971544	0.00004167628194194378	0.00004167552021212935	0.00004167448535485136	0.000041673079062394576	0.00004167117146228545	0.00004166858787076917	0.00004166508906941854	0.00004166035316212097	0.00004165394701156819	0.00004164528632766906	0.00004163358624237742	0.00004161779468655928	0.00004159650125207938	0.000041567812478005295	0.00004152920479650457	0.00004147730527380232	0.000041407609501768506	0.0000413141506086719	0.00004118898719778805	0.000041021607326835516	0.000040798204436399976	0.00004050052772883089	0.00004010509543009246	0.000039581414059902514	0.000038890425382049066	0.0000379836888461954	0.00003680256536324366	0.00003527832669150925	0.00003333906875938794	0.000030919875539543	0.00002798523787939091	0.00002456517621620171	0.000020783613928079673	0.00001687302250249614	0.000013128182727016466	9.820341205476714e-6	7.114107261667757e-6	5.039132569398938e-6	3.5188046101130383e-6	2.4232201233086205e-6	1.6201604386673855e-6	1.0170061437845246e-6	5.803994544995682e-7	3.015349426477141e-7	1.4799570369666986e-7	7.125825793480154e-8	3.312680394003812e-8	1.3634889579230771e-8	4.842511263708832e-9	1.6274760116927282e-9	5.302219646485025e-10	1.4420002579482504e-10	3.4001797227909e-11	7.816181489205352e-12	1.426930729467906e-12	2.3462982911742436e-13	3.327632822633593e-14	3.821023323782918e-15	3.596866888021809e-16	2.080299946428501e-17	9.170259712103632e-19	3.111251059596023e-20	7.950036461233325e-22	1.497948378807776e-23	2.0205935487791433e-25	4.4731083693673166e-41
0.00004183699104236419	0.000041836991027530897	0.000041836991006940196	0.000041836990978565026	0.000041836990939697375	0.00004183699088671126	0.00004183699081473322	0.000041836990717179244	0.00004183699058509525	0.000041836990406235665	0.00004183699016381055	0.00004183698983450539	0.000041836989386129716	0.00004183698877443889	0.000041836987938087475	0.000041836986793258635	0.00004183698522626822	0.000041836983083623666	0.00004183698015542728	0.00004183697616020555	0.00004183697071938909	0.00004183696330552863	0.00004183695318782596	0.00004183693937896986	0.000041836920548587584	0.000041836894888495525	0.0000418368599138919	0.0000418368122103379	0.000041836747072875775	0.00004183665850199934	0.000041836538022501575	0.0000418363740665183	0.000041836151016550865	0.00004183584758111505	0.00004183543500931677	0.00004183487434452019	0.000041834112632715905	0.000041833077805885565	0.00004183167164811796	0.00004182976390386056	0.00004182718008636624	0.00004182368109623603	0.00004181894500656094	0.00004181253843990125	0.000041803876751967366	0.00004179217568425145	0.00004177638342590296	0.00004175508660074253	0.00004172639272274723	0.000041687780078078124	0.000041635871232652574	0.00004156616204144551	0.00004147269038523897	0.00004134750845771237	0.00004118008952927487	0.00004095662667060996	0.0000406588645844667	0.00004026329780885902	0.00003973950185788786	0.00003904823707571643	0.00003814106381968696	0.000036959164634238937	0.00003543373422726269	0.000033492558012865967	0.00003107024705485441	0.00002813036939101753	0.00002470276570249131	0.00002091015992358172	0.00001698510039385156	0.000013223462601745806	9.898690315375772e-6	7.177407492734791e-6	5.09031346110318e-6	3.5607788825222163e-6	2.4580793893447364e-6	1.6488315508036118e-6	1.0391047322021136e-6	5.953521747148572e-7	3.1029102609295125e-7	1.527601098063171e-7	7.390224278193492e-8	3.4635268421402364e-8	1.4395476209761772e-8	5.146972601315097e-9	1.7411888134847952e-9	5.751151030008808e-10	1.5884233327472184e-10	3.778746613006203e-11	8.852982819416965e-12	1.6492966345678896e-12	2.75144514910787e-13	4.0251015525708866e-14	4.6970526438030065e-15	4.59188303598744e-16	2.6724143887851954e-17	1.1764279155904202e-18	3.9845037022468795e-20	1.0162485551169746e-21	1.910969753915366e-23	2.5721912543171797e-25	5.683876855891409e-41
0.000042018381171075656	0.00004201838115624673	0.00004201838113565972	0.000042018381107286906	0.00004201838106841943	0.00004201838101543038	0.0000420183809434453	0.00004201838084587947	0.00004201838071377919	0.00004201838053489315	0.00004201838029240801	0.00004201837996313707	0.00004201837951473633	0.0000420183789030444	0.000042018378066715775	0.00004201837692192932	0.000042018375354985405	0.00004201837321237899	0.00004201837028439737	0.000042018366288721024	0.000042018360847496926	0.00004201835343353242	0.00004201834331583168	0.00004201832950689755	0.00004201831067615254	0.00004201828501547411	0.00004201825004033951	0.000042018202335987046	0.0000420181371902424	0.00004201804859424559	0.00004201792809341815	0.00004201776412626395	0.000042017541067139505	0.00004201723764998353	0.00004201682511204722	0.0000420162643103364	0.00004201550261054166	0.00004201446775108313	0.00004201306122649812	0.000042011153419017245	0.00004200856934893572	0.00004200507012668387	0.00004200033385584651	0.00004199392661923657	0.00004198526404098518	0.00004197356212198714	0.000041957769517686224	0.00004193646848041359	0.00004190777036935031	0.00004186915371643972	0.00004181723494071236	0.00004174751107305066	0.000041654020774572524	0.00004152881520006871	0.00004136137914924016	0.00004113784061777807	0.000040839971548671666	0.000040444270241615965	0.000039920180510218105	0.000039228590486585874	0.000038320908778534155	0.000037138075326129675	0.00003561142568623095	0.0000336682684246316	0.000031241924878153096	0.000028296218226363434	0.000024859724936426915	0.000021054546112105446	0.000017113010570837913	0.000013332410496604203	9.988398699586738e-6	7.249940254297712e-6	5.149022466832866e-6	3.608967527962446e-6	2.49815526854838e-6	1.6818470419691037e-6	1.0646154728545696e-6	6.126778606754018e-7	3.204682032559673e-7	1.5830885609637186e-7	7.698836180515319e-8	3.640453860700313e-8	1.529598895027785e-8	5.510080893640264e-9	1.877223554769178e-9	6.292839382168898e-10	1.76816172991707e-10	4.2466028108772484e-11	1.014924604365775e-11	1.9339853536277626e-12	3.273752613485724e-13	4.952755644456237e-14	5.874967874395903e-15	5.9837473451253665e-16	3.5103457063768473e-17	1.5429458936802885e-18	5.2157034032721067e-20	1.3274518152418747e-21	2.490452649413017e-23	3.3440008736913734e-25	7.374112444624523e-41
0.00004222394060880967	0.00004222394059398574	0.00004222394057340297	0.000042223940545032874	0.00004222394050616565	0.000042223940453173296	0.00004222394038118026	0.000042223940283600946	0.000042223940151481905	0.00004222393997257504	0.00004222393973006728	0.00004222393940077946	0.00004222393895234216	0.000042223938340648074	0.00004222393750434514	0.00004222393635960726	0.00004222393479271747	0.000042223932650157155	0.00004222392972223197	0.000042223925726055056	0.00004222392028427507	0.00004222391287018142	0.000042223902752494434	0.00004222388894350589	0.00004222387011241356	0.00004222384445116521	0.00004222380947566686	0.00004222376177183456	0.00004222369662596847	0.000042223608024740886	0.0000422234875190121	0.00004222332353412004	0.000042223100449259694	0.00004222279701024052	0.00004222238446882537	0.000042221823755052155	0.000042221061949906794	0.00004222002720718128	0.00004221862087986307	0.00004221671353083927	0.00004221412950936138	0.00004221063001238011	0.00004220589342820067	0.00004219948544789561	0.000042190822004113534	0.000042179119461383376	0.00004216332273518377	0.000042142017989176444	0.000042113317099860463	0.00004207469346222408	0.0000420227655917992	0.0000419530253176866	0.00004185951161803215	0.00004173427629041168	0.000041566808453713176	0.0000413431763342833	0.00004104521650977343	0.00004064936789990325	0.00004012495960198412	0.00003943311930453986	0.00003852492001517967	0.000037341047316632	0.000035812535592768793	0.00003386679299600832	0.00003143662165830315	0.000028484418875618714	0.000025038190244392037	0.000021218790252335374	0.000017258638868357363	0.000013456393954785523	0.000010090526113762903	7.332587377597081e-6	5.215975131433278e-6	3.6639778513821883e-6	2.5439753733746952e-6	1.7196977396745304e-6	1.0939809201175392e-6	6.327045573197843e-7	3.322708712686002e-7	1.647582188783716e-7	8.058418139446969e-8	3.8477927734477974e-8	1.636271508462211e-8	5.9439306586772665e-9	2.0403541283276644e-9	6.948519266993462e-10	1.9899384993313236e-10	4.8284950130106594e-11	1.1780229300742555e-11	2.302161534884468e-12	3.9541634633111366e-13	6.203170261705342e-14	7.48274570976094e-15	7.966746091511035e-16	4.722188156305978e-17	2.0720749569785e-18	6.98869628744579e-20	1.7743799299658502e-21	3.320207515899771e-23	4.4456534176201365e-25	9.78021993131833e-41
0.000042456492609499526	0.00004245649259468127	0.00004245649257410332	0.00004245649254573634	0.00004245649250686946	0.00004245649245387342	0.00004245649238187142	0.0000424564922842769	0.00004245649215213645	0.00004245649197320528	0.00004245649173063899	0.00004245649140132004	0.000042456490952834615	0.000042456490341136734	0.00004245648950486221	0.00004245648836017923	0.000042456486793351324	0.00004245648465084415	0.000042456481723244744	0.0000424564777271142	0.00004245647228460695	0.00004245646487035239	0.0000424564547526873	0.000042456440943663474	0.00004245642211223024	0.000042456396450403594	0.000042456361474659336	0.00004245631377221137	0.00004245624862952519	0.00004245616001839288	0.00004245603950694636	0.0000424558755143527	0.000042455652417207904	0.00004245534894640536	0.00004245493636387616	0.00004245437562268892	0.000042453613802078054	0.000042452578599354564	0.00004245117248960076	0.00004244926476285738	0.000042446680821574166	0.00004244318135411148	0.00004243844428646538	0.00004243203560174701	0.000042423371464355874	0.00004241166759618271	0.00004239586707349532	0.00004237455923090062	0.00004234585563665849	0.00004230722251859415	0.00004225528322069579	0.00004218552967573122	0.00004209199071638108	0.00004196672179615804	0.000041799201828709775	0.000041575449201396634	0.00004127743164070954	0.00004088138592352581	0.00004035673585378338	0.00003966460745191978	0.000038755888541350025	0.00003757087544910252	0.00003604086822391857	0.00003409242820603381	0.00003165724331116306	0.000028697667985147183	0.000025240038369150826	0.00002140467842605246	0.00001742327902406258	0.00001359671478402371	0.000010206169123654018	7.426245843875735e-6	5.291917681623806e-6	3.726541027105738e-6	2.596204789496569e-6	1.762884862605433e-6	1.1275989757072145e-6	6.557367915969776e-7	3.458999500336791e-7	1.722251284720448e-7	8.475870269095838e-8	4.089991039961596e-8	1.7623182060991977e-8	6.461545273866812e-9	2.2357309335350803e-9	7.741326256291441e-10	2.2638760892084263e-10	5.5537105560431595e-11	1.3837477144540413e-11	2.7806515660855226e-12	4.845234066298647e-13	7.900014556524047e-14	9.696061092357848e-15	1.0820000288414217e-15	6.498812954219996e-17	2.8463378609655958e-18	9.57578694611807e-20	2.4245223598346365e-21	4.523234138177435e-23	6.037212701857156e-25	1.3245831794140768e-40
0.000042714663204784816	0.000042714663189972954	0.000042714663169400455	0.00004271466314103702	0.00004271466310217056	0.00004271466304917045	0.000042714662977158454	0.000042714662879546905	0.00004271466274738242	0.000042714662568421784	0.000042714662325831134	0.00004271466199650412	0.00004271466154795603	0.000042714660936252144	0.000042714660100008635	0.000042714658955387114	0.00004271465738862921	0.00004271465524618186	0.0000427146523189311	0.00004271464832307463	0.000042714642880706485	0.00004271463546625145	0.00004271462534861251	0.00004271461153956857	0.000042714592707789876	0.00004271456704535698	0.00004271453206941927	0.000042714484368888854	0.00004271441923248713	0.0000427143306074525	0.000042714210088424106	0.0000427140460872956	0.00004271382297883337	0.00004271351949042745	0.00004271310686630542	0.00004271254605133641	0.00004271178420947308	0.000042710749278899494	0.00004270934279061235	0.000042707434642383814	0.00004270485014348186	0.0000427013506107909	0.00004269661331482582	0.000042690203977663766	0.00004268153897321416	0.000042669831890259973	0.00004265402876859322	0.000042632719009140313	0.00004260401171451076	0.00004256536891368374	0.00004251341499075661	0.0000424436504634686	0.00004235008255273046	0.000042224775873733995	0.00004205716585490043	0.00004183332895111526	0.00004153523251493189	0.0000411389750164864	0.000040614000712055456	0.00003992162128441122	0.00003901230846971111	0.000037826442193316204	0.00003629444008828715	0.00003434291643691738	0.00003190317549238818	0.000028935543844043804	0.00002546569463015854	0.00002161263090171423	0.000017607793473670746	0.000013753979384225178	0.000010335913642631006	7.531457647559333e-6	5.377385618190042e-6	3.797013631909801e-6	2.655184675976179e-6	1.8117737320599377e-6	1.1657792675903536e-6	6.820260491528236e-7	3.6152305362940147e-7	1.8080667749035985e-7	8.957001793412369e-8	4.370906655421259e-8	1.9103199165978177e-8	7.0755556521593324e-9	2.468414306688825e-9	8.694661603772477e-10	2.6006754349665056e-10	6.454106968853783e-11	1.641997944082709e-11	3.4005434117919374e-12	6.008440558156188e-13	1.01941346793299e-13	1.2735811600427247e-14	1.4910038683472442e-15	9.103461808275345e-17	3.979302155895224e-18	1.3350049715128145e-19	3.3698938515047272e-21	6.266336382419924e-23	8.334497694946465e-25	1.8231993938699192e-40
0.00004300646481223212	0.00004300646479742748	0.000043006464776861164	0.00004300646474850178	0.00004300646470963589	0.00004300646465663129	0.00004300646458460816	0.00004300646448697756	0.000043006464354786144	0.00004300646417579242	0.00004300646393316466	0.00004300646360382128	0.00004300646315529009	0.000043006462543576955	0.000043006461707367123	0.0000430064605628139	0.00004300645899613503	0.00004300645685375502	0.00004300645392687007	0.00004300644993061081	0.000043006444487325006	0.00004300643707261408	0.00004300642695500002	0.00004300641314594562	0.000043006394313803703	0.0000430063686507006	0.00004300633367453498	0.00004300628597608457	0.00004300622084876226	0.00004300613220823607	0.00004300601167974143	0.0000430058476690302	0.00004300562454876676	0.000043005321043005615	0.00004300490839077384	0.00004300434752304238	0.00004300358558369206	0.00004300255034779887	0.000043001143997732646	0.00004299923562040492	0.00004299665039756128	0.00004299315042224701	0.000042988412698235214	0.00004298200285202219	0.00004297333595331002	0.00004296162623703994	0.00004294582083432731	0.00004292450974161435	0.00004289579345376585	0.00004285714160312947	0.00004280517385010046	0.00004273538773336483	0.0000426417880695546	0.00004251643688114556	0.00004234872966355593	0.00004212483465282483	0.00004182660074575426	0.00004143008566691157	0.00004090480029430732	0.00004021190511293982	0.000039301707213474166	0.00003811455542740299	0.000036580315387860304	0.000034625196853755025	0.00003217957270722232	0.00002920275812501883	0.00002571883840202699	0.00002184593711087152	0.000017814987848774283	0.000013930783054679311	0.000010481732342301119	7.649800460620333e-6	5.4736823488695485e-6	3.876574890236348e-6	2.7218744027087186e-6	1.8671883108759073e-6	1.2092779096020806e-6	7.12157393268693e-7	3.795170799241009e-7	1.9072176206763247e-7	9.514790412918328e-8	4.6989923443092766e-8	2.0856266086343647e-8	7.811756064951281e-9	2.748690543919004e-9	9.854728046300773e-10	3.0211904721801163e-10	7.591700894106022e-11	1.9719970488512206e-11	4.222000082741141e-12	7.563821005892699e-13	1.338130902405293e-13	1.7042571253938633e-14	2.09760937477309e-15	1.308330705329455e-16	5.7068107375849064e-18	1.9084179475210488e-19	4.800512112515474e-21	8.892889858021901e-23	1.1780290371261541e-24	2.5681915329604705e-40
0.00004332802255230692	0.00004332802253751037	0.000043328022516950994	0.000043328022488596206	0.00004332802244973107	0.00004332802239672161	0.000043328022324686244	0.00004332802222703461	0.00004332802209481338	0.00004332802191578129	0.000043328021673043266	0.000043328021343656235	0.00004332802089506562	0.000043328020283339084	0.000043328019447165384	0.000043328018302687934	0.00004332801673609772	0.00004332801459379193	0.00004332801166726566	0.000043328007670821846	0.00004332800222629456	0.00004332799481126354	0.000043327984693664526	0.000043327970884595376	0.000043327952052047835	0.00004332792638817618	0.000043327891411670295	0.000043327843714998095	0.00004332777859791063	0.00004332768994166675	0.00004332756940309044	0.00004332740538233427	0.00004332718224989354	0.000043326878726534074	0.000043326466046124515	0.00004332590513467239	0.000043325143105448345	0.0000433241078372309	0.000043322701374829766	0.00004332079254708357	0.00004331820689404546	0.00004331470627499118	0.0000433099678824076	0.000043303556866551185	0.000043294887878298636	0.00004328317628150506	0.00004326736975257092	0.00004324605284047915	0.00004321732937651456	0.00004317866807753508	0.00004312668905153016	0.000043056883232039815	0.00004296325038517455	0.00004283784704402512	0.00004267004910087917	0.00004244607966931175	0.00004214764814223385	0.00004175092880925518	0.000041225311124869024	0.00004053188009690738	0.000039620794969483434	0.00003843211069359983	0.00003689564746162875	0.000034936561676407146	0.00003248456840712868	0.000029497923752389037	0.000025998871072966674	0.000022104253620711117	0.000018044357858606753	0.000014126686252339399	0.000010643829141063297	7.78161296758911e-6	5.581107709535973e-6	3.965516117391917e-6	2.796606003221585e-6	1.9294788970387042e-6	1.2583749560430656e-6	7.463647826790802e-7	4.0005204311143744e-7	2.020732456435611e-7	1.0155509568127005e-7	5.078521979697448e-8	2.2913412889979053e-8	8.686650147352702e-9	3.083330927862952e-9	1.1253319395041175e-9	3.5413568393525254e-10	9.016890505394676e-11	2.3895228839222932e-11	5.300184274326461e-12	9.624001272849013e-13	1.7754788129779048e-13	2.3083599134725023e-14	2.9843999225575168e-15	1.9104680891629437e-16	8.315443807603369e-18	2.7710503680862007e-19	6.943865350769831e-21	1.281047063708748e-22	1.689528858628014e-24	3.669592539375585e-40
0.00004368351439602537	0.00004368351438123788	0.00004368351436068632	0.000043683514332336786	0.000043683514293472645	0.000043683514240458005	0.00004368351416840925	0.00004368351407073446	0.000043683513938480296	0.000043683513759399906	0.00004368351351661935	0.000043683513187185064	0.000043683512738549395	0.00004368351212681223	0.00004368351129067664	0.000043683510146282356	0.000043683508579790235	0.00004368350643756167	0.00004368350351133818	0.00004368349951558155	0.00004368349407141161	0.000043683486655990444	0.000043683476538389236	0.000043683462729252696	0.000043683443896388975	0.000043683418231812506	0.00004368338325478975	0.000043683335559555506	0.00004368327045179132	0.00004368318178157148	0.00004368306123294125	0.00004368289720211134	0.00004368267405704139	0.0000436823705154474	0.000043681957805698494	0.00004368139684905301	0.00004368063472802017	0.000043679599463343426	0.000043678193440412	0.000043676284403951466	0.000043673698339420986	0.00004367019711488784	0.00004366545775424284	0.00004365904513427816	0.00004365037471796114	0.00004363866175752619	0.00004362285245259999	0.00004360152926606293	0.00004357279892326682	0.00004353412728619702	0.0000434821286355462	0.00004341229507214411	0.0000433186314773398	0.00004319316828212987	0.000043025287586215024	0.00004280118500087483	0.00004250252213469157	0.000042105622411843024	0.000041579594475093714	0.00004088553952069456	0.000039973349789642406	0.000038782812095620686	0.0000372441244958319	0.00003528065848769593	0.00003282202655188997	0.00002982486050199432	0.000026309016829981095	0.00002239031184598366	0.00001829876947194722	0.000014344195299424661	0.000010823973295118772	7.928275925498918e-6	5.700801806906519e-6	4.064837732051057e-6	2.880272426934125e-6	1.9994809426771734e-6	1.3138366004331267e-6	7.85241467251986e-7	4.2353002485723066e-7	2.1509956063215353e-7	1.0893511726204058e-7	5.5188770166535483e-8	2.5338474851083416e-8	9.732952983034857e-9	3.485565840972303e-9	1.295149755213691e-9	4.190772086654045e-10	1.0822512322984897e-10	2.923450517725907e-11	6.73500292517032e-12	1.2395144403733197e-12	2.384716662545121e-13	3.172704636523311e-14	4.304530229784329e-15	2.846061327570359e-16	1.2361266217013327e-17	4.1032532863133987e-19	1.0238546491702485e-20	1.8802060009011974e-22	2.467598160806194e-24	5.337303140289198e-40
0.000044076339969812965	0.000044076339955035594	0.00004407633993449282	0.000044076339906149264	0.00004407633986728643	0.00004407633981426628	0.000044076339742202974	0.00004407633964450276	0.00004407633951221211	0.00004407633933308043	0.000044076339090253546	0.00004407633876076629	0.000044076338312078286	0.000044076337700336034	0.00004407633686424289	0.00004407633571993846	0.00004407633415355321	0.00004407633201140076	0.000044076329085385166	0.00004407632508835177	0.00004407631964323071	0.000044076312227349094	0.000044076302109721764	0.0000440762883005038	0.00004407626946717423	0.00004407624380193865	0.000044076208824212414	0.00004407616112992351	0.00004407609602953544	0.00004407600734662537	0.00004407588678891867	0.00004407572274800514	0.00004407549958953298	0.000044075196028456285	0.00004407478328743258	0.00004407422228129932	0.000044073460102945594	0.00004407242486346899	0.0000440710187515157	0.000044069109694052305	0.00004406652359859578	0.00004406302161796652	0.000044058281108173276	0.000044051867317520126	0.00004404319586128964	0.000044031481518630306	0.00004401566723408429	0.00004399433883927841	0.000043965601083434135	0.000043926920017297344	0.000043874903284182356	0.000043805045425189236	0.00004371134322705583	0.00004358580311889339	0.00004341784852666696	0.00004319358870452885	0.00004289472101605903	0.000042497586567585644	0.000041971123616840615	0.00004127626004363616	0.00004036315367746913	0.000039170945517688666	0.000037629503066231604	0.00003566123282688104	0.000033195040795400386	0.00003018618005789248	0.000026652038584432522	0.000022707172272829802	0.00001858071724160222	0.000014585620826452162	0.00001102417382143213	8.09068714032062e-6	5.8336160252867405e-6	4.1752986951460485e-6	2.973661026970283e-6	2.077872491082026e-6	1.3762689502686463e-6	8.293482258154626e-7	4.503382997121642e-7	2.3003206823331e-7	1.1742789473805478e-7	6.02970866329756e-8	2.8197683544889003e-8	1.0986193302076654e-8	3.970065461567956e-9	1.5016890781444592e-9	5.004097640827862e-10	1.3122474600442097e-10	3.608903910748251e-11	8.656038393724244e-12	1.615192778172569e-12	3.238634184557602e-13	4.423320287184487e-14	6.283985919175888e-15	4.3235486059159487e-16	1.874063969212464e-17	6.193952368006156e-19	1.5382327662623984e-20	2.810392095726872e-22	3.668290221400404e-24	7.897731289175584e-40
0.000044503949286180185	0.00004450394927141406	0.00004450394925088109	0.00004450394922254428	0.0000445039491836831	0.0000445039491306571	0.00004450394905857798	0.00004450394896084989	0.00004450394882851866	0.000044503948649332426	0.00004450394840645482	0.0000445039480769225	0.00004450394762817798	0.000044503947016429316	0.000044503946180386134	0.000044503945036180466	0.000044503943469911514	0.000044503941327835196	0.00004450393840195228	0.00004450393440548678	0.000044503928958963455	0.00004450392154251993	0.000044503911424838464	0.00004450389761552815	0.00004450387878167466	0.00004450385311539954	0.00004450381813621256	0.000044503770440244694	0.00004450370534558421	0.000044503616649883585	0.0000445034960841426	0.000044503332032916526	0.0000445031088598288	0.000044502805277975245	0.00004450239250197692	0.000044501831447060614	0.00004450106921878049	0.00004450003394013086	0.00004449862770997936	0.00004449671816686603	0.000044494131147125635	0.00004449062862586185	0.00004448588667677476	0.000044479471897327555	0.000044470799648720395	0.00004445908182750143	0.00004444326356858911	0.00004442192992363684	0.000044393183897172386	0.00004435449041643215	0.00004430245526279455	0.00004423257146976983	0.00004413882423648558	0.00004401319018294088	0.000043845165202999065	0.00004362075077693111	0.00004332168676763547	0.00004292425775500776	0.000042397352076429325	0.000041701719986375836	0.000040787644442174	0.0000395936257647331	0.00003804928300254664	0.00003607587742127225	0.00003360169483870976	0.0000305802662823819	0.00002702625387854507	0.00002305264606761588	0.000018888319482923623	0.000014849009098890264	0.000011242584995816303	8.269827150198592e-6	5.980424108989445e-6	4.297713618185851e-6	3.0775088411199542e-6	2.1654406334853096e-6	1.446378686458285e-6	8.792242796500188e-7	4.808655433063087e-7	2.4710686686572104e-7	1.271778268107896e-7	6.621152294651092e-8	3.1562793132989394e-8	1.2486628139037017e-8	4.553579588779759e-9	1.7526838806570942e-9	6.022489225232824e-10	1.6056941444587796e-10	4.489362064839163e-11	1.1230266006287131e-11	2.126023151211784e-12	4.4347196999752897e-13	6.241463386458252e-14	9.24893257762892e-15	6.674416160473059e-16	2.8881911819634723e-17	9.500649785417273e-19	2.3472380806547755e-20	4.264511611923962e-22	5.533105201679464e-24	1.1852441661891922e-39
0.000044971216824509255	0.00004497121680975556	0.00004497121678923347	0.000044971216760904216	0.00004497121672204503	0.00004497121666901282	0.00004497121659691653	0.000044971216499157896	0.000044971216366781554	0.00004497121618754875	0.000044971215944613116	0.00004497121561503411	0.00004497121516622995	0.00004497121455447348	0.00004497121371848419	0.000044971212574390375	0.000044971211008251345	0.00004497120886625899	0.00004497120594048542	0.00004497120194345013	0.0000449711964969417	0.00004497118907978186	0.00004497117896201534	0.00004497116515260755	0.000044971146318127794	0.000044971120650674835	0.00004497108567096824	0.00004497103796259636	0.00004497097285375913	0.00004497088414432103	0.00004497076357074233	0.00004497059950803671	0.00004497037631876953	0.000044970072714254876	0.00004496965990135272	0.000044969098798010025	0.000044968336496799704	0.00004496730111696258	0.000044965894733722476	0.00004496398503975522	0.00004496139688503007	0.000044957893207301535	0.00004495315101213362	0.00004494673525349156	0.00004493806064467469	0.00004492633987407561	0.0000449105179036228	0.000044889178352213176	0.00004486042485249565	0.00004482171453272184	0.00004476966288072996	0.00004469974991754329	0.000044605947791948986	0.00004448024104827585	0.00004431212883703388	0.000044087561700608125	0.0000437882951452227	0.00004339045141551425	0.00004286329710836135	0.00004216687981701789	0.00004125200586288593	0.000040056006966203836	0.00003850849066836	0.00003652972041962536	0.00003404689501875173	0.00003101170340095322	0.000027436287155434562	0.000023431845908321227	0.000019226447009037856	0.000015139042055054514	0.00001148356949097134	8.467020606087317e-6	6.142427105391025e-6	4.433202287381787e-6	3.1927342698881484e-6	2.263022151220263e-6	1.5249434963908257e-6	9.355775901428232e-7	5.156149316951411e-7	2.6663195927167005e-7	1.3837083538088043e-7	7.305801402903477e-8	3.552756333838256e-8	1.4287418725871313e-8	5.258403478503885e-9	2.0584494041852765e-9	7.301277393496645e-10	1.9822000388810145e-10	5.6250781185643846e-11	1.4697031335457485e-11	2.826249996937628e-12	6.117405561916834e-13	8.913059445781487e-14	1.370941895673703e-14	1.0469090826025484e-15	4.525093642638942e-17	1.4808430018261358e-18	3.637889887893701e-20	6.568988055135012e-22	8.467488564679661e-24	1.8037840110572296e-39
0.00004548070313712402	0.00004548070312238402	0.000045480703101873955	0.00004548070307355313	0.00004548070303469631	0.0000454807029816575	0.00004548070290954256	0.000045480702811750534	0.000045480702679324495	0.00004548070250002655	0.00004548070225701865	0.00004548070192736905	0.00004548070147863644	0.0000454807008668704	0.00004548070003093772	0.00004548069888696529	0.00004548069732097353	0.00004548069517907698	0.00004548069225340105	0.00004548068825773357	0.00004548068281033921	0.00004548067539221672	0.00004548066527432689	0.00004548065146482333	0.000045480632629766035	0.00004548060696106463	0.00004548057198064799	0.0000454805242761587	0.00004548045913735805	0.00004548037043410738	0.00004548024985033467	0.00004548008577447664	0.00004547986256741142	0.00004547955893863619	0.00004547914608865221	0.00004547858493323011	0.00004547782255029712	0.00004547678700423241	0.00004547538047732638	0.000045473470675983184	0.00004547088166846371	0.00004546737698830176	0.00004546263430961745	0.000045456217298441807	0.00004544754011203536	0.00004543581686360356	0.000045419990810229964	0.00004539864479064629	0.0000453698807719865	0.00004533115657686264	0.00004527908583787629	0.0000452091378806681	0.00004511527706070122	0.000044989513936102706	0.000044821295096143474	0.0000445965643659821	0.00004429704845766742	0.00004389880216368734	0.00004337110845443483	0.000042673637157547564	0.000041757664693536316	0.00004055965919041912	0.00003900845572047867	0.00003702398835000257	0.00003453187372418424	0.00003148182386201171	0.000027883180473397945	0.000023845229283932453	0.000019595449755904965	0.00001545598009382282	0.000011747410719548518	8.68340218329545e-6	6.32065350583797e-6	4.582652258018505e-6	3.3202558976098428e-6	2.371512056664109e-6	1.6128008174342312e-6	9.991730447359286e-7	5.551625735152659e-7	2.8895835235548964e-7	1.5122018240411929e-7	8.098507254437267e-8	4.020112060636414e-8	1.6453574037575294e-8	6.112067199902379e-9	2.4316834577062254e-9	8.911442106528353e-10	2.467908587800752e-10	7.096000864385936e-11	1.9385487165150554e-11	3.7936299217989506e-12	8.492333996061889e-13	1.2878564612116657e-13	2.04415922057268e-14	1.6677879765599184e-15	7.207009655042627e-17	2.3452470936566268e-18	5.725775794407819e-20	1.0269982998918677e-21	1.3143619461133732e-23	2.782971362696763e-39
0.00004603223863858234	0.000046032238623857384	0.00004603223860336059	0.00004603223857504912	0.00004603223853619505	0.000046032238483149186	0.00004603223841101397	0.00004603223831318544	0.00004603223818070503	0.00004603223800133597	0.00004603223775823836	0.000046032237428508626	0.00004603223697971748	0.00004603223636793923	0.00004603223553206396	0.000046032234388220186	0.00004603223282238834	0.00004603223068059759	0.000046032227754989296	0.00004603222376021923	0.0000460322183121215	0.00004603221089259615	0.00004603220077451474	0.00004603218696492733	0.00004603216812914933	0.00004603214245925769	0.000046032107478116714	0.000046032059777179045	0.00004603199464444947	0.000046031905976264557	0.00004603178539460484	0.000046031621303987533	0.00004603139807755723	0.000046031094423843636	0.00004603068153540708	0.00004603012032589967	0.00004602935785649555	0.000046028322188905926	0.00004602691597701326	0.000046025006373043126	0.000046022416984876716	0.00004601891164584474	0.00004601416727218325	0.000046007748600489996	0.00004599906972060174	0.0000459873433806145	0.00004597151265759377	0.00004595016072953506	0.00004592138384916086	0.00004588264655288999	0.00004583055449634103	0.00004576056819441811	0.00004566665105003607	0.0000455408205680983	0.00004537248366436519	0.000045147598944948515	0.000044847818332288833	0.00004444919831680368	0.0000439211695922484	0.000043222779108047636	0.000042305567062535	0.000041105403378882936	0.00003955028403854428	0.000037559578486261624	0.00003505758058950502	0.000031992097680742484	0.00002836872730752426	0.000024294976516146253	0.000019997441615606665	0.000015801766614285046	0.000012035787190829027	8.920336419996159e-6	6.516394618596064e-6	4.747347398586391e-6	3.4612518600223177e-6	2.4920211528902017e-6	1.7110717484964018e-6	1.0708831742332622e-6	6.001532138282667e-7	3.144899936215636e-7	1.659753886615133e-7	9.01657416869513e-8	4.571323473168632e-8	1.906455479725927e-8	7.148875800300492e-9	2.8880525256251994e-9	1.094282769747105e-9	3.097705372183795e-10	9.008184266089236e-11	2.5743620144105447e-11	5.139988632314733e-12	1.1851675878293561e-12	1.8819738997568821e-13	3.062770792698333e-14	2.6961836400040754e-15	1.1664933091684378e-16	3.772716332088914e-18	9.14864728071362e-20	1.6289600515935759e-21	2.068512474190721e-23	4.350830537007514e-39
0.00004662946925468508	0.00004662946923997661	0.00004662946921949442	0.000046629469191193334	0.000046629469152342447	0.000046629469099289066	0.00004662946902713187	0.00004662946892926353	0.00004662946879672394	0.00004662946861727851	0.00004662946837408688	0.00004662946804426637	0.00004662946759539891	0.000046629466983597716	0.00004662946614777614	0.000046629465004064487	0.00004662946343840159	0.00004662946129672457	0.00004662945837112517	0.000046629454376703747	0.00004662944892792596	0.00004662944150640235	0.000046629431387984264	0.000046629417578325607	0.00004662939874209474	0.00004662937307117556	0.000046629338089495775	0.00004662929039208861	0.000046629225274247346	0.000046629136580906995	0.00004662901600689923	0.00004662885191299295	0.00004662862866558757	0.0000466283249863975	0.00004662791205873784	0.000046627350794817774	0.00004662658825447029	0.000046625552693835985	0.000046624146579592796	0.000046622236848343206	0.00004661964700058696	0.000046616140744351885	0.000046611394921289015	0.000046604974867600175	0.000046596294000518916	0.00004658456437384877	0.00004656872895268032	0.0000465473677688794	0.00004651858124822279	0.00004647982897869018	0.000046427712327744886	0.00004635768639451512	0.00004626371477456216	0.00004613781112409367	0.000045969323752823514	0.000045744295342201244	0.00004544424879594901	0.00004504522607360603	0.0000445163257850124	0.000043817404941294524	0.00004289847332940594	0.000041696133366149804	0.00004013688460322066	0.00003813977480631798	0.00003562722523215952	0.000032544809033553054	0.000028894808111926156	0.000024782482161374402	0.000020433779592537338	0.000016177781197846257	0.000012349903919760343	9.179174103101586e-6	6.73067686197079e-6	4.928273454649527e-6	3.6169235797075285e-6	2.625676434959809e-6	1.8208443448656532e-6	1.151750165608446e-6	6.513186232066782e-7	3.4368769607965666e-7	1.829231308203194e-7	1.0079820797835038e-7	5.221652766986009e-8	2.2217110614240922e-8	8.41124193486071e-9	3.4471877391075265e-9	1.3508536936671432e-9	3.917902266419188e-10	1.1502387112857014e-10	3.438078137544761e-11	7.026669980209487e-12	1.6611451197416456e-12	2.77956352165326e-13	4.6061332474199526e-14	4.417762139923565e-15	1.9177007685964625e-16	6.161275863756964e-18	1.4830936763659564e-19	2.6197319657161436e-21	3.2984066811649124e-23	6.887807456439488e-39
0.000047272496690144	0.00004727249667545363	0.00004727249665498748	0.00004727249662669789	0.00004727249658785071	0.000047272496534789384	0.00004727249646260843	0.00004727249636469681	0.00004727249623209274	0.000047272496052557447	0.000047272495809276973	0.000047272495479356604	0.000047272495030391615	0.000047272494418549576	0.000047272493582774584	0.00004727249243919649	0.00004727249087371035	0.000047272488732154204	0.00004727248580655494	0.000047272481812588915	0.00004727247636230663	0.00004727246893927095	0.00004727245882024628	0.000047272445010476295	0.000047272426174613236	0.00004727240050279286	0.00004727236552075545	0.00004727231782631026	0.00004727225273233462	0.000047272164009893236	0.00004727204341682136	0.00004727187931804416	0.00004727165606410925	0.00004727135235723472	0.00004727093938850861	0.000047270378088844636	0.00004726961551294159	0.000047268579828244766	0.00004726717343077462	0.00004726526357245356	0.000047262673228412995	0.000047259166090802146	0.00004725441917678872	0.00004724799713386257	0.00004723931373420138	0.00004722758051818776	0.000047211735447939364	0.000047190366239324756	0.0000471615695280287	0.00004712280118074025	0.000047070656289005124	0.00004700059002517315	0.000046906564315405224	0.00004678056611025422	0.000046611966181472344	0.000046386779031854026	0.00004608645903370288	0.00004568704282878821	0.0000451572328043555	0.00004445823678179203	0.000043537281691141055	0.00004233294294631492	0.00004076936123049876	0.00003876550989336161	0.000036241729605698083	0.00003314122453742234	0.00002946319895372272	0.000025309766215806722	0.00002090647227214248	0.000016585821334369407	0.000012691542841143543	9.461227313848484e-6	6.964962725690635e-6	5.126654993109871e-6	3.78819742253812e-6	2.7733859740038787e-6	1.9430512323599414e-6	1.2427846504237818e-6	7.094906362966941e-7	3.7707747751947074e-7	2.0238826276672334e-7	1.1311080628668396e-7	5.989033994788264e-8	2.6028810976685104e-8	9.951736164062332e-9	4.133026342012098e-9	1.675108646939598e-9	4.990261484491146e-10	1.476528980594135e-10	4.611551707835961e-11	9.687095877873224e-12	2.335746044053157e-12	4.1448995221056345e-13	6.946938104640786e-14	7.324190895554375e-15	3.199846245125079e-16	1.0207416403104305e-17	2.4374538724691764e-19	4.2683927790031354e-21	5.324710525505924e-23	1.1032328425660835e-38
0.00004796430683627749	0.000047964306821606916	0.000047964306801158436	0.000047964306772881644	0.00004796430673403886	0.00004796430668096931	0.000047964306608762925	0.0000479643065108045	0.00004796430637813013	0.000047964306198503724	0.00004796430595512736	0.00004796430562509559	0.00004796430517600859	0.000047964304564109186	0.00004796430372837374	0.000047964302584930524	0.000047964301019628715	0.0000479642988781991	0.00004796429595258291	0.00004796429195887772	0.000047964286509564714	0.000047964279084538604	0.00004796426896460166	0.00004796425515664581	0.00004796423632096858	0.000047964210648053623	0.000047964175665448886	0.00004796412797376479	0.00004796406290368405	0.000047963974154885035	0.000047963853531123425	0.00004796368941379572	0.00004796346614704214	0.000047963162450018784	0.00004796274947099157	0.00004796218813496281	0.000047961425467389534	0.000047960389601061646	0.00004795898280971305	0.000047957072759183866	0.000047954481828618964	0.000047950973704899946	0.00004794622558593906	0.00004793980143462942	0.00004793111527447749	0.000047919378403669916	0.00004790353051439546	0.000047882149613004325	0.00004785334174267836	0.000047814555408941305	0.00004776238106211423	0.00004769227475693762	0.000047598192689347524	0.000047472104013785075	0.000047303381726004367	0.00004707802128248433	0.000046777424814006336	0.00004637756673445501	0.000045847002396690414	0.00004514677650414491	0.00004422375127124336	0.00004301706130302254	0.00004144898596344791	0.00003943794066159685	0.0000369023003300751	0.00003378309061010441	0.000030075471530717954	0.00002587838484449495	0.000021417066042184435	0.000017027404347336983	0.00001306196678537892	9.767919357908812e-6	7.220609421445053e-6	5.344128903362559e-6	3.976631890395739e-6	2.9367020261548865e-6	2.079166205728609e-6	1.3451738069356086e-6	7.755927893786268e-7	4.152713674086246e-7	2.2474746433126967e-7	1.2736857648613379e-7	6.894266278289164e-8	3.0641998857077133e-8	1.1835833012863284e-8	4.975272494191135e-9	2.0848610155580647e-9	6.396886400120548e-10	1.9046307310292525e-10	6.204925708496873e-11	1.3460208102784574e-11	3.2923743292185994e-12	6.232475943535879e-13	1.0500558144052278e-13	1.2259182254670798e-14	5.414131028974114e-16	1.713958187060743e-17	4.0575459126274517e-19	7.039275294127483e-21	8.693999539057671e-23	1.7861127023327742e-38
0.000048706561215298244	0.0000487065612006494	0.00004870656118022044	0.00004870656115195804	0.00004870656111312067	0.000048706561060042946	0.000048706560987809765	0.000048706560889801236	0.000048706560757050804	0.0000487065605773254	0.00004870656033382775	0.00004870656000362547	0.000048706559554529696	0.00004870655894255686	0.00004870655810685461	0.00004870655696354867	0.00004870655539844109	0.000048706553257146555	0.000048706550331491835	0.00004870654633731238	0.00004870654088763893	0.00004870653346163808	0.00004870652334121807	0.000048706509534348976	0.00004870649069813132	0.000048706465023622085	0.000048706430039761956	0.000048706382349796095	0.0000487063173001842	0.00004870622854120325	0.000048706107873703396	0.0000487059437534629	0.00004870572048980902	0.000048705416762106774	0.00004870500373773877	0.000048704442284569564	0.000048703679432589445	0.00004870264337895767	0.00004870123659333979	0.00004869932648025135	0.000048696734993880986	0.00004869322565958945	0.00004868847607926267	0.0000486820498691998	0.00004867336095330783	0.00004866161931092792	0.00004864576634890611	0.000048624377740625286	0.00004859555591659681	0.00004855674914556944	0.00004850454510965001	0.00004843439899215618	0.000048340257597115935	0.000048214073696825196	0.000048045213335335696	0.000047819654632181387	0.00004751879563104042	0.00004711845341595446	0.00004658716953163382	0.00004588534080116546	0.00004496097278404326	0.00004375189474899455	0.000042179134181843836	0.0000401605672412108	0.00003761242779491051	0.00003447305672148108	0.0000307341869150511	0.00002649076795800895	0.000021967604606397467	0.000017504566474620118	0.000013463361781011412	0.000010101172587669806	7.499286464119062e-6	5.582045179302692e-6	4.18363252464811e-6	3.1171042575754575e-6	2.230640100751609e-6	1.4603328378087047e-6	8.506549949847034e-7	4.5896217287742827e-7	2.5042750696223923e-7	1.4387465674749808e-7	7.961452171135922e-8	3.6229758306943144e-8	1.4144886756109696e-8	6.01041849760648e-9	2.602132621254158e-9	8.246839510249952e-10	2.4677752251245514e-10	8.365630548251035e-11	1.8837221067862015e-11	4.648947422149285e-12	9.434650848818088e-13	1.590188661044316e-13	2.0659620954579894e-14	9.279669851903968e-16	2.914027393335555e-17	6.834639554602111e-19	1.1738383981591203e-20	1.4342666361014632e-22	2.9198156984695053e-38
0.00004950046052210295	0.000049500460507478034	0.00004950046048707079	0.00004950046045882471	0.00004950046041999417	0.00004950046036690876	0.0000495004602946479	0.000049500460196586496	0.00004950046006375472	0.00004950045988392269	0.000049500459640312726	0.00004950045930989628	0.00004950045886064661	0.000049500458248584854	0.00004950045741291118	0.000049500456269748116	0.00004950045470484968	0.00004950045256370645	0.000049500449638004425	0.00004950044564379037	0.00004950044019328591	0.00004950043276628299	0.000049500422644860906	0.00004950040883690423	0.000049500389999800226	0.00004950036432312912	0.00004950032933713341	0.000049500281647232504	0.000049500216606476256	0.0000495001278333261	0.00004950000714217395	0.0000494998429859893	0.00004949961967405072	0.00004949931591772126	0.000049498902848236866	0.00004949834138741898	0.000049497578469948765	0.00004949654236691623	0.00004949513553655077	0.00004949322532712444	0.00004949063336575143	0.00004948712257531436	0.00004948237139044293	0.00004947594327155612	0.00004946725083067316	0.00004945550549673265	0.00004943964680425536	0.000049418253470117826	0.000049389411974261696	0.000049350584019620364	0.00004929835079512556	0.00004922816355984672	0.00004913396053880217	0.0000490076747673994	0.00004883867565017174	0.00004861287878978237	0.00004831177474676713	0.00004791091512686393	0.00004737890271472562	0.000046675283406787285	0.000045749967695847274	0.00004453775219210621	0.0000429601514732427	0.00004093371000325024	0.00003837264052694489	0.00003521231323919336	0.00003144043362421759	0.00002714836013985564	0.000022560085509944344	0.00001801915546871468	0.000013897346579939006	0.000010462380400519462	7.802497140719703e-6	5.841955045753399e-6	4.410908970315962e-6	3.3162505908928016e-6	2.39898322844803e-6	1.5897541021996007e-6	9.361375122904206e-7	5.090190350267222e-7	2.799700450884947e-7	1.6300397852248075e-7	9.221012993268429e-8	4.3012619924212826e-8	1.6985683487028512e-8	7.285994073215683e-9	3.255920956068672e-9	1.0691632423543149e-9	3.212366836717281e-10	1.1296553488029103e-10	2.6559942456414864e-11	6.579366103687128e-12	1.4374140148708021e-12	2.4163996698439237e-13	3.50368665812391e-14	1.614188632052484e-15	5.025678111493399e-17	1.166919861365946e-18	1.982437821796575e-20	2.394219531234365e-22	4.826096273319799e-38
0.00005034789938738934	0.00005034789937279078	0.00005034789935240771	0.000050347899324180255	0.00005034789928535835	0.00005034789923226621	0.00005034789915997725	0.00005034789906186066	0.00005034789892894274	0.00005034789874899548	0.00005034789850525709	0.00005034789817471403	0.00005034789772538022	0.00005034789711321759	0.000050347896277571465	0.00005034789513456288	0.00005034789356989875	0.00005034789142893926	0.00005034788850321509	0.0000503478845090711	0.00005034787905582032	0.000050347871627577356	0.00005034786150582437	0.000050347847696035394	0.000050347828857588065	0.00005034780317783582	0.00005034776818819993	0.000050347720495453586	0.00005034765545441976	0.000050347566673940266	0.00005034744595669221	0.00005034728177444551	0.00005034705843162551	0.00005034675464462663	0.000050346341550145644	0.000050345780095442	0.000050345017220154176	0.00005034398101760664	0.00005034257403503485	0.00005034066365793174	0.00005033807124000987	0.000050334559222989574	0.000050329806186366015	0.00005032337533216348	0.00005031467996742906	0.00005030293078588686	0.00005028706624986049	0.00005026566416212664	0.000050236815490154644	0.00005019796442540317	0.000050145702344882464	0.00005007547225227652	0.00004998120216406405	0.00004985481803408882	0.00004968567061853997	0.00004945968484311346	0.00004915829774707387	0.000048756912500260186	0.00004822411149506763	0.00004751925707752162	0.00004659255801477932	0.00004537680254972218	0.00004379435080878714	0.00004175969606338439	0.000039185169947198856	0.000036002924931957656	0.00003219720912130479	0.000027853754233491484	0.000023196384371548583	0.00001857314440724501	0.000014365845361583427	0.000010853641039794922	8.132140437807589e-6	6.125647547253441e-6	4.660073288898895e-6	3.5358918083777757e-6	2.5861599040315072e-6	1.7352370225622422e-6	1.0333931224437053e-6	5.664080006604601e-7	3.1396140283881476e-7	1.851799460289574e-7	1.0707011265591705e-7	5.125899762804614e-8	2.0492642863858203e-8	8.862467691024482e-9	4.082757573226378e-9	1.3935060492426573e-9	4.2022775543643366e-10	1.527398682092093e-10	3.7730301833106174e-11	9.338580683452696e-12	2.202092627185103e-12	3.690062351879954e-13	5.970471870341183e-14	2.8538118922496926e-15	8.805283178902697e-17	2.0222428828154934e-18	3.3950411189725765e-20	4.0486655892198863e-22	8.073752623381545e-38
0.0000512508779794354	0.00005125087796486581	0.00005125087794450962	0.00005125087791630334	0.000051250877877492175	0.000051250877824394546	0.000051250877752077394	0.000051250877653903626	0.000051250877520895126	0.000051250877340824867	0.000051250877096945514	0.00005125087676616283	0.0000512508763167629	0.000051250875704483095	0.000051250874868864046	0.000051250873726025475	0.00005125087216162958	0.000051250870020902834	0.00005125086709520653	0.00005125086310098734	0.00005125085764764737	0.000051250850217869035	0.00005125084009552228	0.00005125082628474618	0.000051250807444764004	0.0000512507817619094	0.00005125074676859072	0.00005125069907352213	0.00005125063403451355	0.00005125054526822331	0.00005125042450333074	0.000051250260286716035	0.00005125003693237057	0.000051249733150388316	0.000051249320040829006	0.00005124875852823445	0.00005124799555364989	0.00005124695921238811	0.000051245551524869436	0.00005124364072422623	0.000051241047868017485	0.000051237534418646636	0.00005123277900990608	0.00005122634608704895	0.000051217647885681927	0.00005120589467095611	0.000051190024297830664	0.000051168612494555646	0.000051139748710917855	0.0000511008702220357	0.000051048576766970646	0.000050978302497008	0.0000508839563241426	0.00005075748197162277	0.00005058818805936632	0.000050362003356423636	0.00005006029431438913	0.00004965840862278843	0.00004912480583201806	0.00004841879729116158	0.000047489800367068335	0.000046270052380912876	0.00004468314925046572	0.000042639964883510014	0.000040051423060001676	0.00003684635719646648	0.00003300450420232443	0.000028607742527324653	0.000023878262369644952	0.000019168096409327004	0.00001487041362735847	0.000011276556540453886	8.489767749550921e-6	6.434710210794754e-6	4.93288060948566e-6	3.777606076311532e-6	2.7936990211261886e-6	1.8983657151814846e-6	1.1438085969474354e-6	6.321104881798761e-7	3.5305862941872234e-7	2.1086774522853985e-7	1.2458634808999415e-7	6.125981524088158e-8	2.4815493747447498e-8	1.0806970208636142e-8	5.123614586837461e-9	1.8226275889662874e-9	5.517068801683778e-10	2.0632426912924174e-10	5.384781379750898e-11	1.3267515846053376e-11	3.374280551393929e-12	5.649551678718255e-13	1.0138816692949495e-13	5.096903371640985e-15	1.5582895019301038e-16	3.5373625711706934e-18	5.864268937446353e-20	6.899668605417616e-22	1.3602495068366702e-37
0.000052210393460261174	0.00005221039344572347	0.000052210393425397156	0.00005221039339721493	0.000052210393358416975	0.00005221039330531542	0.00005221039323297025	0.00005221039313473749	0.000052210393001634115	0.00005221039282143439	0.00005221039257739331	0.00005221039224646823	0.00005221039179689383	0.000052210391184457436	0.000052210390348846443	0.00005221038920617116	0.00005221038764204877	0.00005221038550156381	0.000052210382575877014	0.000052210378581715635	0.00005221037312944913	0.00005221036569975396	0.00005221035557639039	0.00005221034176587877	0.00005221032292524512	0.00005221029723978554	0.0000522102622429532	0.00005221021454586344	0.000052210149505463846	0.00005221006071585776	0.000052209939985319685	0.00005220977578704244	0.00005220955240613489	0.00005220924857984663	0.00005220883540709556	0.00005220827380164281	0.00005220751061892443	0.00005220647406369569	0.00005220506625889508	0.00005220315409884755	0.00005220056072185802	0.00005219704608097503	0.00005219228919818225	0.00005218585398491829	0.000052177152795846476	0.00005216539552128191	0.000052149518830864324	0.000052128096735027845	0.00005209921830249418	0.00005206032690306741	0.00005200798764039556	0.00005193766435553766	0.00005184325057203373	0.000051716685325317	0.000051547244679115605	0.00005132083401999501	0.000051018778015822474	0.000050616436980344675	0.000050082009566477804	0.00004937472352956706	0.00004844280476162299	0.000047220036924158404	0.00004562891706322091	0.00004357692298208664	0.00004097388795237229	0.000037745155243771965	0.000033866158506316346	0.000029413156675212894	0.000024607665536055073	0.000019806175868854656	0.000015413254723880616	0.000011733183595856197	8.877333106434558e-6	6.7711375525669845e-6	5.231290045580788e-6	4.043518996039708e-6	3.023734191440396e-6	2.0812910008198502e-6	1.2693996298576843e-6	7.075137091815776e-7	3.980760261190512e-7	2.4060268029108965e-7	1.4519064106882147e-7	7.339446306362562e-8	3.016319682389004e-8	1.3210393870189553e-8	6.433214632426527e-9	2.3910677887691693e-9	7.27148512743745e-10	2.7845354048185634e-10	7.718665814101202e-11	1.888797037074419e-11	5.1670850858869925e-12	8.690197271803441e-13	1.713261326606445e-13	9.21252047221871e-15	2.790951400396982e-16	6.257023266235096e-18	1.0233757270247567e-19	1.1868061810071911e-21	2.311212316610312e-37
0.000053228400549803035	0.00005322840053530015	0.00005322840051500672	0.00005322840048685135	0.000053228400448068774	0.00005322840039496447	0.00005322840032259071	0.00005322840022429587	0.00005322840009109133	0.0000532283999107528	0.00005322839966654171	0.000053228399335371234	0.000053228398885777374	0.00005322839827316234	0.00005322839743755909	0.0000532283962950739	0.00005322839473128261	0.000053228392591128226	0.00005322838966556841	0.00005322838567163251	0.00005322838021824954	0.00005322837278510333	0.000053228362660280684	0.000053228348850820944	0.000053228330011259015	0.00005322830432598358	0.00005322826932914222	0.000053228221633885824	0.000053228156594699304	0.00005322806780704422	0.00005322794704272725	0.00005322778282137398	0.00005322755940372454	0.000053227255515794006	0.00005322684222486689	0.00005322628046314733	0.00005322551714276198	0.000053224480484386515	0.00005322307276463909	0.00005322116092687108	0.000053218567417097674	0.00005321505305950675	0.00005321029463524351	0.00005320385710131158	0.00005319515252381756	0.000053183390995992435	0.000053167507266927385	0.000053146075136977405	0.00005311718273003555	0.00005307826989974167	0.00005302590016975266	0.000052955518115331214	0.00005286104658018157	0.00005273438531747835	0.00005256479970436349	0.00005233812567465423	0.00005203572797312906	0.000051632963384069	0.00005109780785716678	0.00005038909011620485	0.000049454284689339104	0.00004822883029667136	0.00004663200389579537	0.00004457098547792518	0.00004195321201809109	0.00003870003256110277	0.000034782965025729296	0.000030271905338643695	0.000025387606487937965	0.00002049022609320101	0.000015996917134702988	0.000012225940382389308	9.297168130177489e-6	7.137465619561334e-6	5.557836258678922e-6	4.335960584181983e-6	3.278588270464483e-6	2.286440557518551e-6	1.4121296452915427e-6	7.940477893953459e-7	4.500100404433952e-7	2.751269474500122e-7	1.694832844059691e-7	8.815968936090154e-8	3.6816952110284685e-8	1.6193850562260736e-8	8.083690472548915e-9	3.147071821844838e-9	9.63174634747407e-10	3.7576437948910753e-10	1.111817853063658e-10	2.6999869734301154e-11	7.908225509708826e-12	1.3479437013374021e-12	2.8819416420414583e-13	1.6928705966376823e-14	5.083383095576491e-16	1.1243125057968666e-17	1.8120810440294468e-19	2.068755349005584e-21	3.975351408838005e-37
0.0000543067741644668	0.00005430677415000126	0.00005430677412974313	0.00005430677410161661	0.00005430677406285052	0.00005430677400974299	0.00005430677393733785	0.000054306773838974905	0.000054306773705658675	0.000054306773525163584	0.000054306773280766966	0.00005430677294932382	0.00005430677249952067	0.00005430677188666433	0.0000543067710513611	0.0000543067699094749	0.000054306768346572725	0.000054306766207458223	0.000054306763282261524	0.00005430675928822347	0.00005430675383762879	0.000054306746404136027	0.00005430673628166527	0.00005430672247591184	0.00005430670363647151	0.00005430667794898424	0.00005430664294860745	0.00005430659525173639	0.00005430653021768754	0.000054306441447325944	0.0000543063206364678	0.000054306156362061914	0.00005430593287412744	0.00005430562891571435	0.00005430521555279362	0.00005430465371276353	0.00005430389028248269	0.00005430285343441256	0.00005430144555538865	0.000054299533770510874	0.00005429693955668207	0.00005429342566263067	0.00005428866787573391	0.00005428222823925823	0.00005427352037374596	0.00005426175382504539	0.000054245863093090467	0.00005422442122642443	0.00005419551477877302	0.00005415658070840836	0.000054104185145359136	0.000054033736853746065	0.00005393920376666481	0.00005381244524714537	0.00005364271331937073	0.00005341578262209671	0.000053112997777022384	0.000052709796462707554	0.00005217381445671778	0.000051463663924490226	0.000050526424086298966	0.00004929788475374056	0.00004769618294774515	0.000045625942810857425	0.000042993034294483004	0.00003971480995220251	0.000035757775409099895	0.000031186769138757196	0.000026220023420038058	0.00002122247312035426	0.00001662374343913061	0.000012757289560504287	9.752100666655519e-6	7.536167927993311e-6	5.91482093880226e-6	4.657131879017087e-6	3.5609559209527863e-6	2.516269716975642e-6	1.5745077898496034e-6	8.933109404431571e-7	5.097342891483586e-7	3.1503313632859587e-7	1.9797972314509606e-7	1.0601086194125525e-7	4.505320246055589e-8	1.9881907107371166e-8	1.0149482258120691e-8	4.144437699350682e-9	1.279658758322109e-9	5.058211024500515e-10	1.6018055617079728e-10	3.864194308607291e-11	1.2018054598841216e-11	2.1000252621232935e-12	4.781320074626581e-13	3.130124092237151e-14	9.327104357233459e-16	2.0337663708653498e-17	3.227603628475735e-19	3.624405906447942e-21	6.867460267923511e-37
0.000055448328731053766	0.00005544832871663111	0.000055448328696414727	0.000055448328668324376	0.00005544832862958288	0.000055448328576480804	0.0000554483285040533	0.00005544832840563128	0.000055448328272212075	0.00005544832809156821	0.000055448327846991195	0.00005544832751538854	0.000055448327065439546	0.00005544832645257075	0.000055448325616953785	0.000055448324474866865	0.000055448322911821436	0.00005544832077247355	0.00005544831784727292	0.00005544831385291134	0.000055448308401489596	0.000055448300970024126	0.00005544829084918636	0.00005544827704390313	0.00005544825820494961	0.00005544823251625472	0.00005544819751348436	0.00005544814981610181	0.00005544808478826624	0.0000554479960701596	0.000055447875176404254	0.00005544771086663318	0.00005544748734872713	0.00005544718335659124	0.00005544676994216774	0.000055446207993768405	0.00005544544440265829	0.00005544440732746492	0.000055442999167412445	0.00005544108725483855	0.00005543849250352202	0.00005543497736700081	0.00005543021898309082	0.00005542377962143959	0.000055415068515335255	0.000055403296626155284	0.00005538739921767229	0.00005536594762398469	0.00005533702698571903	0.00005529806807123541	0.000055245639370294905	0.00005517517280073906	0.00005508056010015509	0.00005495370581819349	0.000054783818129338155	0.0000545566425297134	0.00005425353437837623	0.00005384991430551741	0.000053313081308775904	0.000052601487257053106	0.00005166202904392596	0.000050429928679750296	0.000048821931705751964	0.000046742548850954574	0.000044094104468908616	0.00004079031531196033	0.00003679263682855298	0.000032159844460142406	0.000027107947246549892	0.000022005967252315193	0.000017296845722576916	0.000013330288967209884	0.000010244986054271218	7.96989940473136e-6	6.305132611504514e-6	5.010534932090085e-6	3.873560188627677e-6	2.7735990258788655e-6	1.7588630971460961e-6	1.0072349784208114e-6	5.785468236857519e-7	3.6129570952093033e-7	2.3150616213402196e-7	1.276815943017644e-7	5.5326587035392074e-8	2.4474920670893396e-8	1.2746927916918517e-8	5.4667546471022645e-9	1.7090012172394678e-9	6.807969296319151e-10	2.3126225779903472e-10	5.563034960854783e-11	1.8192981404790416e-11	3.3075578791404026e-12	7.866352762263018e-13	5.882513033069906e-14	1.7428034589134697e-15	3.7418043314899263e-17	5.839141906647631e-19	6.440098514690118e-21	1.2017131688471286e-36
0.000056653514586389777	0.00005665351457201662	0.00005665351455185007	0.000056653514523805677	0.00005665351448510053	0.00005665351443201683	0.00005665351435958005	0.00005665351426111433	0.000056653514127610705	0.00005665351394684113	0.00005665351370210631	0.000056653513370333936	0.00005665351291994475	0.00005665351230696201	0.00005665351147125821	0.00005665351032934176	0.00005665350876667747	0.00005665350662777194	0.00005665350370280489	0.00005665349970841785	0.000056653494257322144	0.00005665348682065768	0.000056653476692121284	0.00005665346288650833	0.000056653444046047004	0.00005665341835272231	0.00005665338334264725	0.00005665333564064946	0.00005665327061682957	0.00005665318194249012	0.00005665306100789721	0.00005665289664809428	0.00005665267308897978	0.00005665236904042964	0.00005665195555813308	0.000056651393510267466	0.000056650629777758705	0.000056649592489578774	0.00005664818402425619	0.00005664627173296668	0.00005664367639335819	0.00005664016000361961	0.00005663540013861091	0.00005662895912591459	0.000056620247244833083	0.000056608470626703445	0.000056592566665838035	0.000056571105332629416	0.00005654216912828798	0.00005650318558241907	0.0000564507330492743	0.00005638022846492658	0.00005628553041527607	0.00005615857664714326	0.000055988528940681016	0.000055761119915526744	0.00005545759703638185	0.000055053614548750325	0.00005451592582686972	0.00005380290149552468	0.00005286123539595438	0.00005162493447531634	0.00005001108238199917	0.000047923272511917026	0.000045259047881369796	0.00004192891982840599	0.00003788934388490978	0.00003319282417819477	0.000028052301920029673	0.00002284192979056671	0.00001801750027904811	0.000013946173818141902	0.00001077725462776162	8.440883996016667e-6	6.731211990398155e-6	5.398616708109472e-6	4.219198835621831e-6	3.06131069060041e-6	1.96820284369437e-6	1.138188937745284e-6	6.581247680641093e-7	4.148682862268528e-7	2.7080472567320374e-7	1.538343038246417e-7	6.809878036561833e-8	3.017803209142819e-8	1.598957355082124e-8	7.202975545095778e-9	2.289718133132645e-9	9.142458216070684e-10	3.329752189713897e-10	8.032739326479739e-11	2.7296733915276514e-11	5.242581746180556e-12	1.2752216895688618e-12	1.110937905316227e-13	3.284545100594535e-15	6.938146608076337e-17	1.0636565236672104e-18	1.151068073563824e-20	2.113414179838892e-36
0.000057924480691729297	0.00005792448067740485	0.000057924480657285617	0.00005792448062928185	0.00005792448059060344	0.00005792448053752463	0.000057924480465061586	0.00005792448036652567	0.000057924480232898285	0.000057924480051947754	0.000057924479806977335	0.00005792447947495654	0.00005792447902453617	0.00005792447841160808	0.000057924477576137866	0.00005792447643474762	0.00005792447487296238	0.00005792447273521354	0.00005792446981140886	0.000057924465818014976	0.00005792446036446588	0.00005792445292788577	0.00005792444280246141	0.0000579244289959154	0.00005792441015470235	0.00005792438445889325	0.0000579243494450125	0.00005792430173842361	0.00005792423671376629	0.000057924148084096685	0.000057924027182635066	0.000057923862707356454	0.00005792363910332722	0.00005792333501218275	0.000057922921468424546	0.000057922359326903456	0.000057921595465586294	0.000057920557989386244	0.00005791914930576532	0.000057917236705538974	0.00005791464064019728	0.00005791112314370516	0.000057906361700837797	0.00005789991844875048	0.000057891203723221315	0.00005787942411493016	0.00005786351373453893	0.00005784204202580019	0.00005781308784823455	0.000057774089103615165	0.00005772160899213805	0.0000576510597511079	0.00005755631013417834	0.00005742922636655956	0.00005725902220621324	0.00005703138434857955	0.00005672751390199982	0.00005632292746726502	0.000055784478165188597	0.00005507004801343347	0.00005412618063885242	0.000052885514710905705	0.00005126582081508431	0.0000491694943856823	0.000046489326306816455	0.00004313288168452522	0.0000390506658042921	0.00003428899072387948	0.000029057295396453104	0.00002373474075308476	0.00001879017976100445	0.000014609429938542706	0.000011353310148627041	8.953095878798525e-6	7.196705873357661e-6	5.824998955873938e-6	4.601926962410984e-6	3.3832558832980095e-6	2.206202025988051e-6	1.2887792338396422e-6	7.498209732045003e-7	4.770124008032306e-7	3.169156509769586e-7	1.8540827101516667e-7	8.40450427104294e-8	3.729523946545072e-8	2.004712096733443e-8	9.48339152113368e-9	3.0822427914318895e-9	1.2270454506793074e-9	4.782991108397307e-10	1.1671145865788135e-10	4.0680487758787095e-11	8.394723758097978e-12	2.0458230122328097e-12	2.1185865208948087e-13	6.28938723000033e-15	1.3055371617430075e-16	1.9635072456352876e-18	2.0818199875151035e-20	3.75620984412023e-36
0.000059259698486061975	0.00005925969847179181	0.00005925969845172623	0.000059259698423770034	0.00005925969838512564	0.00005925969833205767	0.00005925969825957081	0.00005925969816096338	0.000059259698027200395	0.000059259697846048386	0.00005925969760080717	0.00005925969726852667	0.00005925969681767711	0.00005925969620449771	0.00005925969536878312	0.000059259694227411434	0.000059259692665863505	0.000059259690528413356	0.000059259687604800216	0.000059259683611317954	0.00005925967816037117	0.00005925967072353221	0.00005925966059048866	0.00005925964678304721	0.00005925962794284892	0.00005925960224678965	0.000059259567229796014	0.00005925951952090437	0.000059259454494781724	0.0000592593658447746	0.00005925924489689469	0.00005925908037399255	0.00005925885669623745	0.00005925855254607794	0.000059258138953648034	0.00005925757672451475	0.0000592568127422828	0.00005925577507508562	0.00005925436619871617	0.00005925245359375052	0.00005924985720494251	0.00005924633861184296	0.000059241575587448605	0.00005923513010314529	0.000059226412403839226	0.00005921462872418664	0.00005919871183044594	0.00005917722787014159	0.000059148262896309	0.000059109246214383455	0.00005905673794191476	0.00005898614629989185	0.00005889134755705021	0.00005876415010154536	0.00005859379436461647	0.000058365927717247635	0.00005806174316906252	0.00005765645342564422	0.000057117289675329766	0.000056401494632157537	0.000055455442857399396	0.000054211006942256496	0.00005258635529391985	0.000050480888736814154	0.00004778468025699839	0.00004440161716995136	0.000040276117924613866	0.000035448582223306056	0.000030123549101084093	0.000024684534181109803	0.000019615232184942748	0.000015320306931839596	0.000011973496024870216	9.507189817663912e-6	7.70304075176402e-6	6.29111147268802e-6	5.023223449471345e-6	3.7415494213897115e-6	2.4748797988755403e-6	1.460837946183241e-6	8.548157093098816e-7	5.487281650132041e-7	3.70755890993779e-7	2.2326555296863644e-7	1.0380917386019853e-7	4.616250056665638e-8	2.5101836869716654e-8	1.245425506332324e-8	4.16207337064259e-9	1.6445978245736883e-9	6.833112770112796e-10	1.7041533234453728e-10	6.011729046453847e-11	1.3527218442748787e-11	3.2443106169313248e-12	4.044491855007426e-13	1.2172669253394793e-14	2.480787059219964e-16	3.6561731461540625e-18	3.7933156537644026e-20	6.718767518348639e-36
0.00006066781216464277	0.00006066781215043073	0.00006066781213042264	0.000060667812102519184	0.00006066781206391457	0.000060667812010863104	0.00006066781193835785	0.0000606678118396829	0.000060667811705795684	0.000060667811524451006	0.00006066781127895611	0.00006066781094639487	0.00006066781049512029	0.000060667809881636994	0.00006066780904573356	0.000060667807904496585	0.000060667806343382724	0.0000606678042065335	0.0000606678012832906	0.000060667797289843006	0.0000606677918410011	0.00006066778440288477	0.000060667774264863324	0.000060667760454794486	0.000060667741613911795	0.00006066771591567849	0.000060667680894810566	0.00006066763318366385	0.00006066756816213085	0.00006066747954195415	0.00006066735866045977	0.00006066719410372496	0.00006066697041592221	0.00006066666622290143	0.00006066625256706012	0.0000606656902550955	0.0000606649261619186	0.00006066388831193811	0.00006066247923019442	0.000060660566499014465	0.0000606579707967455	0.00006065445092394065	0.000060649685494266387	0.00006064323763386387	0.00006063451671775721	0.000060622728228102	0.000060606803399395874	0.000060585312560767555	0.000060556335821153804	0.00006051730058879575	0.000060464765116133836	0.000060394131081815546	0.00006029926214777311	0.00006017196793898517	0.000060001424282568636	0.00005977335774102336	0.00005946880872813441	0.000059062854894488104	0.0000585229594726641	0.00005780586756923128	0.000056857676796573674	0.000055609714420593006	0.000053978870229436774	0.00005186293777541928	0.00004915069288137258	0.00004574091084207207	0.000041571692275615236	0.000036676940956696775	0.00003125586214674259	0.00002569727785800774	0.00002049886195879581	0.000016085192744477496	0.000012644237865121652	0.000010109527724165305	8.255884467112649e-6	6.802712528638304e-6	5.4889373621693175e-6	4.1421764688955846e-6	2.7803921561005314e-6	1.6592945204930273e-6	9.76615038663309e-7	6.315361200990428e-7	4.333956487107525e-7	2.684531232411237e-7	1.2811210824941782e-7	5.725207216013533e-8	3.1407048085017365e-8	1.6311508613746597e-8	5.642495671912953e-9	2.2036164063336855e-9	9.705666143625612e-10	2.50450437387167e-10	8.824449885881424e-11	2.193934682632121e-11	5.106425091214941e-12	7.723586310662147e-13	2.3927145195112557e-14	4.782089311511957e-16	6.895991730648094e-18	6.989937865660303e-20	1.2136933562887777e-35
0.00006214710769471042	0.0000621471076805615	0.0000621471076606164	0.0000621471076327683	0.00006214710759420323	0.00006214710754116454	0.00006214710746863143	0.00006214710736987506	0.00006214710723583969	0.0000621471070542308	0.00006214710680838546	0.00006214710647541978	0.00006214710602356668	0.0000621471054097935	0.00006214710457319456	0.00006214710343180366	0.00006214710187120803	0.00006214709973511031	0.00006214709681252809	0.00006214709281916314	0.00006214708736942204	0.00006214707993019521	0.0000621470697929837	0.00006214705598217048	0.00006214703714144901	0.00006214701144141895	0.00006214697641561965	0.00006214692869957617	0.00006214686367660622	0.00006214677506809178	0.00006214665433321127	0.0000621464896650557	0.0000621462658712031	0.00006214596162794403	0.00006214554791940494	0.00006214498549999551	0.00006214422128790663	0.00006214318323751913	0.00006214177398201864	0.00006213986105409121	0.00006213726479584274	0.00006213374477674582	0.00006212897661546675	0.00006212252578837359	0.00006211380106705838	0.00006210200746747008	0.00006208607829212993	0.00006206458018288605	0.00006203559144357405	0.00006199653825583311	0.00006194397575212637	0.00006187329827127452	0.00006177836303965959	0.00006165100499520906	0.00006148028518983515	0.00006125202164636737	0.00006094709741621473	0.000060540540812882676	0.00005999984447876299	0.00005928156188747107	0.00005833128337622373	0.00005707987176083613	0.00005544335798763674	0.00005331836433612657	0.00005059023736637324	0.000047153555323811865	0.00004294029846760271	0.000037977404971827176	0.00003245892767287558	0.00002677702509505043	0.00002144509181149306	0.000016908290351260306	0.000013369750673475742	0.000010764617194102689	8.860120841780775e-6	7.364944580443254e-6	6.004450062121853e-6	4.590269949606168e-6	3.1277282049955004e-6	1.8886929109340022e-6	1.1187350959065617e-6	7.285001801281613e-7	5.076100246761573e-7	3.236158154564052e-7	1.5952242639290155e-7	7.113088303115301e-8	3.925202903509192e-8	2.1282584104809907e-8	7.669761088890668e-9	2.9519528523896015e-9	1.3686974256548996e-9	3.7042086362113523e-10	1.2867618207403858e-10	3.561927704957994e-11	7.984800482470298e-12	1.4605675531180524e-12	4.7563443666619007e-14	9.315116214501316e-16	1.3126689209422057e-17	1.2981309628015708e-19	2.2069845503317218e-35
0.00006369759325379137	0.00006369759323971179	0.00006369759321983663	0.00006369759319205236	0.00006369759315353533	0.00006369759310051622	0.0000636975930279584	0.0000636975929291149	0.00006369759279491169	0.00006369759261308177	0.00006369759236694087	0.0000636975920336419	0.00006369759158174837	0.00006369759096728305	0.00006369759013023204	0.00006369758898837464	0.00006369758742770618	0.0000636975852918584	0.00006369758236951764	0.00006369757837597596	0.00006369757292548046	0.0000636975654833561	0.00006369755534354393	0.00006369754153395838	0.00006369752269505481	0.0000636974969949041	0.0000636974619650416	0.00006369741424415299	0.00006369734921925506	0.00006369726060763501	0.00006369713990232311	0.0000636969753192297	0.00006369675131431737	0.0000636964469806282	0.00006369603323274337	0.00006369547074971715	0.00006369470640610304	0.00006369366813701832	0.00006369225855609086	0.00006369034544865252	0.00006368774925254739	0.0000636842277482563	0.00006367945784020352	0.00006367300154725016	0.00006366427326552575	0.00006365247702412203	0.00006363654260118364	0.00006361503652117234	0.00006358603633831788	0.0000635469656038962	0.00006349437529844027	0.0000634236559905885	0.00006332866229992206	0.00006320121465547718	0.00006303042339409557	0.00006280188949055284	0.00006249661324117619	0.00006208950880911994	0.00006154796026630385	0.00006082860500952696	0.00005987630579830571	0.00005862154200098294	0.000056978848772623565	0.0000548453598452391	0.00005210210636541602	0.00004863898789311179	0.00004438192425331785	0.000039351109211971074	0.000033732670596242295	0.000027924951833602346	0.000022455152886713436	0.000017791159779859726	0.00001415144853618102	0.000011474098553294978	9.517737574822431e-6	7.97948043774273e-6	6.57151529618009e-6	5.088193161588271e-6	3.5197273751889674e-6	2.151241219999738e-6	1.2817489344944512e-6	8.397492230888519e-7	5.936007137644437e-7	3.887925066719646e-7	1.9779139798001867e-7	8.855103666949815e-8	4.90151240462941e-8	2.7664705670473242e-8	1.045489956721856e-8	3.957604403696771e-9	1.9162976392782323e-9	5.512759646606959e-10	1.8672978759398868e-10	5.776329531558881e-11	1.2461522617320577e-11	2.725914014449398e-12	9.610086001653576e-14	1.8426672091636762e-15	2.533155144418224e-17	2.4396040986914475e-19	4.0547411874729273e-35
0.00006532339718133667	0.00006532339716733426	0.00006532339714753849	0.00006532339711982912	0.00006532339708137331	0.0000653233970283894	0.0000653233969558254	0.00006532339685691689	0.00006532339672257229	0.00006532339654051079	0.00006532339629404467	0.00006532339596034842	0.00006532339550798446	0.0000653233948933963	0.00006532339405561844	0.00006532339291273475	0.00006532339135182868	0.00006532338921617505	0.00006532338629384055	0.00006532338229950852	0.00006532337684865367	0.00006532336941792871	0.00006532335928459853	0.00006532334545155374	0.00006532332660070244	0.00006532330089599373	0.00006532326585970035	0.00006532321813120586	0.00006532315310231781	0.00006532306448245094	0.0000653229437476724	0.00006532277916207042	0.00006532255507140329	0.00006532225063317958	0.00006532183681913451	0.00006532127427474278	0.00006532050988524265	0.00006531947148515253	0.00006531806167465564	0.00006531614842200339	0.00006531355311560422	0.00006531003275480327	0.00006530526192660328	0.0000652988038515579	0.0000652900647948055	0.00006527826011280594	0.00006526231506615058	0.0000652408017742206	0.00006521178965063183	0.00006517270124402462	0.00006512008398632203	0.00006504932731987764	0.00006495428097416749	0.00006482675088303043	0.00006465587535516949	0.00006442708257506802	0.0000641214654284388	0.0000637138578779941	0.00006317148140612393	0.00006245111058133287	0.00006149688113139617	0.00006023891125802326	0.000058590071212414525	0.000056446623806768076	0.00005368897434470125	0.00005019962157964127	0.00004589905843003074	0.00004079952923320435	0.00003508116809741348	0.00002914471286475813	0.000023533231350256857	0.000018738172398216395	0.0000149939526124506	0.000012242459404572532	0.000010233433668343557	8.65141365159042e-6	7.195043912081793e-6	5.641030689014156e-6	3.961499072923471e-6	2.4516663855771328e-6	1.4691101310136737e-6	9.678102496801561e-7	6.937388603688056e-7	4.66441329165094e-7	2.454183852871847e-7	1.1039206597768929e-7	6.112879243612414e-8	3.579312719431966e-8	1.42626471315602e-8	5.307676966477143e-9	2.6595229310372125e-9	8.229900741758967e-10	2.6984802734119156e-10	9.289315754849549e-11	1.9438240646902506e-11	4.966775335326047e-12	1.9624830602491645e-13	3.6838722421217716e-15	4.933637813687983e-17	4.620276955684415e-19	7.49730393291549e-35
0.00006702820733348462	0.00006702820731956639	0.00006702820729985793	0.00006702820727223213	0.0000670282072338464	0.00006702820718090586	0.00006702820710834204	0.0000670282070093714	0.0000670282068748828	0.00006702820669257931	0.00006702820644576745	0.00006702820611163832	0.00006702820565879977	0.00006702820504388173	0.00006702820420574793	0.00006702820306271279	0.00006702820150226805	0.00006702819936748144	0.0000670281964460977	0.00006702819245223362	0.00006702818700076457	0.00006702817956825279	0.00006702816943479933	0.00006702815559961353	0.00006702813672557691	0.00006702811100007846	0.00006702807594407934	0.00006702802819649934	0.00006702796315251753	0.00006702787452143108	0.00006702775376784382	0.00006702758908885366	0.00006702736510699786	0.00006702706066930464	0.0000670266468048888	0.00006702608418101366	0.00006702531970153893	0.00006702428123374491	0.00006702287127002581	0.0000670209576970636	0.000067018361915453	0.00006701484344551836	0.00006701007608028852	0.00006700361944324463	0.00006699488234959004	0.00006698306243219549	0.00006696710945560044	0.00006694558206677807	0.00006691655852531302	0.00006687745229392344	0.00006682481143083865	0.00006675402259166876	0.00006665892722648012	0.00006653133727962613	0.00006636032826585457	0.0000661313402028121	0.00006582536053286017	0.00006541728961185551	0.00006487415314207862	0.00006415277300347676	0.00006319675762638267	0.00006193575898650171	0.000060281739597443416	0.00005812981105611071	0.00005535702300525312	0.00005184197667478173	0.000047498120474524045	0.00004233011648578434	0.00003651007850001031	0.000030442847391987388	0.000024686218786293187	0.00001975612127242951	0.000015904410009663745	0.000013077005447440974	0.000011014487238964885	9.38847365600807e-6	7.883389022366343e-6	6.257699530871427e-6	4.46197887305346e-6	2.7982480146125184e-6	1.6868118698230753e-6	1.1165088112495955e-6	8.103689440691633e-7	5.586734003286374e-7	3.044336195433561e-7	1.3795282272865735e-7	7.620248804079633e-8	4.6103241568299657e-8	1.946887913128918e-8	7.133814487252399e-9	3.6665846177161877e-9	1.2332009196288432e-9	3.893322364580744e-10	1.4782922634418872e-10	3.048472996409262e-11	8.820178162154257e-12	4.0753751141639095e-13	7.491952740592547e-15	9.755605003547449e-17	8.865091253394689e-19	1.4019248776857624e-34
0.0000688115809103343	0.00006881158089650794	0.0000688115808768957	0.00006881158084936336	0.00006881158081105805	0.00006881158075817094	0.0000688115806856158	0.00006881158058658838	0.00006881158045195568	0.00006881158026940185	0.000068811580022224	0.00006881157968762393	0.00006881157923427818	0.00006881157861899484	0.0000688115777808743	0.00006881157663782899	0.00006881157507685663	0.00006881157294258272	0.0000688115700219915	0.00006881156602849604	0.00006881156057626754	0.00006881155314187065	0.00006881154300975254	0.00006881152917444722	0.00006881151030208999	0.00006881148458431921	0.00006881144952923799	0.00006881140177718084	0.00006881133672917735	0.00006881124808885811	0.00006881112733766144	0.00006881096295615122	0.00006881073913549176	0.00006881043441288324	0.00006881002048927366	0.0000688094577876986	0.0000688086931880819	0.00006880765453572469	0.00006880624421956612	0.00006880433034631721	0.00006880173445189711	0.00006879821361839472	0.00006879344591781177	0.0000687869902065033	0.00006877825506150435	0.00006876644117279121	0.0000687504690231496	0.00006872892892896669	0.0000686998852665491	0.000068660761652213	0.00006860810054303442	0.00006853728222335776	0.0000684421548072371	0.00006831449171797413	0.00006814336178369415	0.0000679142674690996	0.00006760794969453679	0.00006719944310042685	0.00006665561498209498	0.00006593322767226618	0.00006497560162921988	0.00006371175756298267	0.00006205282499652792	0.000059892463199251384	0.000057105089390885905	0.00005356499353382278	0.00004917885131070091	0.000043942724034315386	0.000038021581860915536	0.000031821478284898156	0.0000259165781504224	0.00002084748879879092	0.00001688608871352893	0.000013980921187648468	0.000011864688649967038	0.000010194503917504301	8.639994177990696e-6	6.9416851124857075e-6	5.026014591609279e-6	3.195984788484884e-6	1.9385005124803476e-6	1.2888404925600738e-6	9.457476964067069e-7	6.676648276356142e-7	3.771297501993613e-7	1.7254136678803436e-7	9.489220304349804e-8	5.9076500427803155e-8	2.65260104930702e-8	9.60494590474915e-9	5.014117733298557e-9	1.844870314928424e-9	5.611069568872462e-10	2.3147961703616906e-10	4.8127649978249376e-11	1.5174318019730477e-11	8.538446531318833e-13	1.5408298674450945e-14	1.9478413747324063e-16	1.7147048562447576e-18	2.638763589755617e-34
0.00007067676304211486	0.00007067676302838875	0.00007067676300888243	0.00007067676298145448	0.00007067676294324132	0.00007067676289041937	0.00007067676281788351	0.00007067676271880711	0.00007067676258403318	0.00007067676240122418	0.00007067676215366437	0.00007067676181856002	0.00007067676136465097	0.00007067676074876619	0.00007067675991024764	0.00007067675876697487	0.00007067675720617063	0.00007067675507264145	0.00007067675215306169	0.0000706767481602201	0.00007067674270753664	0.00007067673527139828	0.00007067672513843501	0.00007067671131665968	0.00007067669244196573	0.0000706766667077762	0.00007067663164446548	0.00007067658388257383	0.00007067651882965561	0.00007067643018972684	0.00007067630943288527	0.00007067614503770514	0.00007067592129060898	0.00007067561671490076	0.00007067520206907931	0.00007067463866800412	0.00007067387373912256	0.00007067283479236954	0.00007067142423319189	0.00007066951015471965	0.00007066691421866897	0.00007066339460191128	0.00007065862241572244	0.00007065216371215321	0.00007064342573906456	0.0000706316154028129	0.00007061565150581608	0.00007059409213144944	0.00007056503606597266	0.00007052588987584222	0.0000704732073765722	0.00007040236733670315	0.00007030720071857534	0.00007017946692948709	0.00007000823405348838	0.00006977899313612269	0.00006947244335980292	0.00006906350589037825	0.00006851905734697554	0.00006779568540136695	0.00006683665390631464	0.00006557016598231734	0.0000639066127025896	0.0000617381656965051	0.00005893759876582843	0.0000553733654772788	0.00005094608885254133	0.000045642603771629726	0.00003962039765290171	0.00003328621732739788	0.0000272299857072659	0.00002201857517740982	0.00001794478057773107	0.000014960413593440685	0.000012790061758347329	0.000011075889045315465	9.471660682532412e-6	7.70027829105193e-6	5.66089539382661e-6	3.651957107844115e-6	2.2293148640694323e-6	1.4880054210519823e-6	1.1026361464925252e-6	7.962689473808658e-7	4.6649568210592317e-7	2.1634892315047123e-7	1.1810638516645901e-7	7.538420730701186e-8	3.6060879094083065e-8	1.2983343038525627e-8	6.813577222494397e-9	2.751216425343189e-9	8.113846833629957e-10	3.56601633930287e-10	7.690877402790268e-11	2.5379520948591457e-11	1.8130957196617962e-12	3.2276434049891e-14	3.952574207132103e-16	3.362747650059191e-18	5.025570316076016e-34
0.00007262853000476948	0.0000726285299911527	0.00007262852997176309	0.00007262852994445163	0.00007262852990634357	0.0000726285298535997	0.00007262852978109471	0.00007262852968197758	0.00007262852954706464	0.0000726285293639933	0.0000726285291160311	0.0000726285287803871	0.00007262852832581717	0.00007262852770916006	0.00007262852687024087	0.00007262852572716919	0.00007262852416738969	0.00007262852203492261	0.00007262851911665619	0.00007262851512483852	0.00007262850967209673	0.00007262850223459363	0.00007262849209863443	0.00007262847827241837	0.00007262845939568105	0.00007262843365495684	0.00007262839858672345	0.0000726283508156157	0.00007262828575587472	0.00007262819711598845	0.00007262807635288002	0.00007262791194672885	0.00007262768819702752	0.00007262738346594148	0.00007262696857668094	0.00007262640512134582	0.00007262563964815407	0.00007262460031408824	0.000072623189699627	0.00007262127553600065	0.00007261867942385148	0.00007261516003789859	0.00007261038976310491	0.00007260392849185732	0.00007259518737740105	0.00007258336947140751	0.00007256740882741612	0.00007254585431959185	0.00007251678279032008	0.00007247762516987236	0.0000724249135920599	0.00007235404995134885	0.0000722588398523714	0.00007213105110926099	0.00007195973161662779	0.00007173036042284183	0.00007142368801619015	0.00007101433284693687	0.00007046932320145564	0.00006974505844989235	0.00006878475429885657	0.00006751590559354669	0.00006584809520191975	0.00006367103310408605	0.00006085758734056843	0.000057270883239731745	0.00005280365366776087	0.000047434017281593576	0.00004131173345097168	0.00003484248944714499	0.00002863259778549667	0.000023276037814170437	0.000019087376457195904	0.00001602256770033208	0.000013798038131975683	0.000012039402102022104	0.000010385563485094022	8.540593811030908e-6	6.374882557890233e-6	4.174902454436041e-6	2.5660175590765997e-6	1.7184009837528636e-6	1.2841060458961794e-6	9.47694804332034e-7	5.758417784628789e-7	2.7185692689460197e-7	1.469571900167944e-7	9.575015491737739e-8	4.878041089194901e-8	1.7609130848898025e-8	9.202163853281934e-9	4.069714928564286e-9	1.1758480420470991e-9	5.396339255944642e-10	1.245667502362344e-10	4.12988039573396e-11	3.86331416774427e-12	6.853985697792219e-14	8.116502324661025e-16	6.660374181450739e-18	9.649595835907095e-34
0.0000746669752211101	0.0000746669752076125	0.00007466697518835126	0.00007466697516116965	0.00007466697512318128	0.00007466697507053044	0.00007466697499807028	0.00007466697489892342	0.00007466697476387681	0.00007466697458053923	0.00007466697433215737	0.00007466697399593789	0.00007466697354065944	0.00007466697292310245	0.00007466697208439276	0.00007466697094125247	0.0000746669693820765	0.00007466696725060975	0.00007466696433373188	0.00007466696034313792	0.00007466695489054991	0.0000746669474514761	0.00007466693731032833	0.00007466692346798305	0.00007466690459709869	0.00007466687887875517	0.00007466684381478902	0.00007466679603335355	0.0000746667309475896	0.00007466664229089814	0.00007466652152027303	0.00007466635711306145	0.00007466613337958767	0.00007466582884250445	0.00007466541418579684	0.00007466485033947315	0.0000746640850094001	0.00007466304584069569	0.00007466163488546085	0.0000746597202287573	0.00007465712377664405	0.00007465360374130889	0.00007464883358860574	0.00007464237229231466	0.00007463363255101449	0.00007462181442086574	0.00007460584308410135	0.00007458429239023235	0.00007455521916264226	0.00007451605218661044	0.0000744633343455799	0.00007439242257048304	0.00007429718177870928	0.00007416934861856426	0.00007399796058863955	0.00007376849057116571	0.00007346169872246439	0.00007305207717594183	0.00007250654308307706	0.00007178151565165054	0.00007082002973289758	0.00006954914688382931	0.00006787753084623355	0.0000656935596102759	0.00006286773935159275	0.000059259306798831704	0.0000547536665662662	0.0000493193706594981	0.00004309822183735312	0.000036493427259599877	0.000030127957081912026	0.000024623523545681954	0.00002031774504417991	0.000017172666899247042	0.000014893584521900286	0.000013091299673780146	0.000011388129618128437	9.469293496181921e-6	7.176056906166053e-6	4.773113877954946e-6	2.9553452334137747e-6	1.9844348942048085e-6	1.4946102865667697e-6	1.1249789910776606e-6	7.083808951144312e-7	3.417370745455414e-7	1.827201586994964e-7	1.210486161235458e-7	6.553918926271943e-8	2.393734468534741e-8	1.2369628295511761e-8	5.956659613181117e-9	1.7155285837413382e-9	8.037458107985822e-10	2.0446191820209123e-10	6.573005849079549e-11	8.220600159776041e-12	1.4808334296856314e-13	1.6921745319063944e-15	1.3360853706421718e-17	1.8725874331464973e-33
0.00007679930373054262	0.00007679930371717491	0.00007679930369805488	0.000076799303671018	0.00007679930363316552	0.00007679930358062446	0.00007679930350822485	0.0000767993034090607	0.00007679930327388633	0.00007679930309027764	0.0000767993028414554	0.00007679930250461932	0.00007679930204857258	0.0000767993014301866	0.00007679930059072976	0.00007679929944711422	0.00007679929788800709	0.00007679929575728469	0.00007679929284151908	0.00007679928885157911	0.00007679928339853509	0.00007679927595738942	0.00007679926580879497	0.00007679925196362368	0.00007679923310179998	0.00007679920739529497	0.00007679917233505281	0.00007679912455375917	0.00007679905947707703	0.00007679897082395217	0.00007679885004628803	0.00007679868561582628	0.0000767984618675289	0.00007679815732541908	0.00007679774279163132	0.00007679717875190205	0.00007679641288279512	0.00007679537338814896	0.00007679396236082301	0.00007679204777608049	0.00007678945079884754	0.00007678593039204907	0.00007678116036951504	0.00007677469805806957	0.00007676595699067995	0.00007675413716200616	0.00007673817264174328	0.00007671660802577714	0.0000766875389599814	0.00007664836635012687	0.00007659563486779936	0.000076524711386869	0.00007642942037690764	0.00007630155414276867	0.00007613012375548968	0.00007590058481352137	0.00007559367959527775	0.00007518391844271767	0.00007463791085457485	0.00007391223384187027	0.00007294977229417564	0.00007167715333868462	0.00007000223063902879	0.00006781212556817273	0.00006497482428032601	0.00006134567695641785	0.000056803738151642123	0.00005130738868161166	0.000044989186246452565	0.000038249373573139165	0.00003172699336221274	0.000026072183833362745	0.00002164766010116984	0.000018421493199099232	0.00001608793023492608	0.000014243219479067066	0.000012491151370719501	0.000010498582644459545	8.07723000077224e-6	5.458640691614241e-6	3.4072992801196873e-6	2.2933264271519547e-6	1.7408640531427423e-6	1.333105746129816e-6	8.695668113887516e-7	4.306167386926422e-7	2.2742185777875528e-7	1.524891797762698e-7	8.755148332850024e-8	3.283089383971379e-8	1.6558108732860254e-8	8.609034844483865e-9	2.5235960297758222e-9	1.1804677615711918e-9	3.3939569863075574e-10	1.0291266395210041e-10	1.7287169863912e-11	3.263270003527511e-13	3.5903981611664165e-15	2.7203033661020883e-17	3.6795551949158176e-33
0.00007902162656155856	0.00007902162654833181	0.00007902162652936635	0.00007902162650248952	0.00007902162646478986	0.00007902162641237607	0.00007902162634005345	0.00007902162624088485	0.00007902162610558822	0.0000790216259217017	0.00007902162567241445	0.00007902162533491405	0.00007902162487803406	0.00007902162425874515	0.00007902162341843627	0.0000790216222746498	0.0000790216207153362	0.00007902161858514479	0.00007902161567073212	0.00007902161168248909	0.00007902160622952704	0.00007902159878637438	0.00007902158863351282	0.00007902157478570463	0.00007902155592697138	0.00007902153022560823	0.00007902149516890488	0.00007902144738480646	0.00007902138230424764	0.00007902129366844677	0.00007902117291980228	0.00007902100848899396	0.00007902078465884006	0.00007902047988418733	0.00007902006492612939	0.00007901950107191409	0.0000790187353169234	0.00007901769563527751	0.00007901628437243722	0.00007901436951265127	0.00007901177242641625	0.00007900825214789042	0.00007900348271936675	0.00007899702452119558	0.00007898828174297664	0.00007897646198084954	0.00007896048590612135	0.00007893893541998487	0.00007890985534209052	0.00007887068122523998	0.00007881793659297924	0.00007874701092836142	0.0000786516966541863	0.0000785237955899341	0.00007835234865931484	0.00007812277468494153	0.00007781579279830552	0.00007740597551756866	0.0000768596119304136	0.00007613341207195372	0.00007517019333730085	0.00007389618502600221	0.00007221849172455005	0.00007002295486260159	0.00006717651320494575	0.00006352842492471715	0.000058952236369715976	0.00005339639980382917	0.000046983461933605015	0.00004010948854259771	0.000033429179374330535	0.000027622078015803403	0.000023077729516542426	0.000019770175003340746	0.000017382631968576947	0.00001549626487762228	0.000013698300409375198	0.000011632013279879134	9.081240669208022e-6	6.239173936878626e-6	3.928590297262899e-6	2.648669678343579e-6	2.0234669049293806e-6	1.5755280600818474e-6	1.0629101744079053e-6	5.42450420876377e-7	2.8315671254580446e-7	1.9124685129306899e-7	1.1585848871372778e-7	4.507615997532488e-8	2.207449396642887e-8	1.2258545242973086e-8	3.742997536240796e-9	1.710664747178886e-9	5.632666342829787e-10	1.5881888489930394e-10	3.513696587442208e-11	7.266274005495872e-13	7.688390539432324e-15	5.579196768410058e-17	7.27065638794986e-33
0.00008134734513735861	0.00008134734512427846	0.00008134734510547285	0.00008134734507875968	0.00008134734504121253	0.00008134734498891857	0.00008134734491665358	0.00008134734481744241	0.00008134734468195715	0.0000813473444976837	0.00008134734424775307	0.000081347343909285	0.00008134734345120387	0.00008134734283091225	0.00008134734198939486	0.0000813473408449614	0.00008134733928516776	0.00008134733715530165	0.00008134733424244268	0.00008134733025635492	0.00008134732480566684	0.00008134731736310202	0.0000813473072092374	0.00008134729335205512	0.00008134727448751133	0.00008134724878769116	0.00008134721373311377	0.00008134716594393652	0.00008134710085105561	0.0000813470122087693	0.00008134689145864267	0.00008134672698948409	0.00008134650295055697	0.00008134619780289582	0.00008134578316181776	0.00008134521990664398	0.00008134445462728056	0.00008134341525278742	0.00008134200415037631	0.00008134008925168087	0.00008133749206788389	0.00008133397149430834	0.00008132920223627148	0.00008132274514615659	0.00008131400805253154	0.00008130219109555912	0.00008128622418521695	0.00008126465873454844	0.00008123558979679013	0.0000811964057278098	0.00008114365974111408	0.00008107272783309484	0.00008097743356578113	0.00008084950687015327	0.00008067805921511442	0.0000804484901271493	0.00008014150753265565	0.00007973165942168879	0.00007918523461254363	0.00007845867082387369	0.00007749494071034479	0.00007621996802818739	0.00007454011753139725	0.0000723400339907257	0.00006948326040662203	0.000065819697241038	0.00006121182735155263	0.00005559906996983216	0.00004909448328453138	0.000042088228579241934	0.00003525006687128952	0.00002928955129321472	0.000024624129594645992	0.000021235134552494044	0.00001879554643806063	0.000016867251968559874	0.000015020036923307502	0.000012880601692217365	0.000010200917884297104	7.128753033364969e-6	4.5311759450841445e-6	3.058795356201705e-6	2.349332774554313e-6	1.8578946518220165e-6	1.2943824307600431e-6	6.837701219665243e-7	3.5284105353213885e-7	2.392778053138645e-7	1.5227191169850797e-7	6.224857358623766e-8	2.9413128941008187e-8	1.725007084181895e-8	5.624609277931974e-9	2.4591919828265798e-9	9.33278960252734e-10	2.4449363739683313e-10	6.903900901509303e-11	1.6714251604444573e-12	1.6960354535047563e-14	1.1737650123866085e-16	1.4682876642014693e-32
0.00008377365718552114	0.00008377365717261624	0.00008377365715400894	0.00008377365712751015	0.00008377365709018149	0.00008377365703809219	0.00008377365696599286	0.00008377365686687587	0.0000837736567313746	0.00008377365654693439	0.0000837736562966551	0.00008377365595765495	0.00008377365549871241	0.00008377365487733008	0.00008377365403480429	0.00008377365288926698	0.00008377365132911518	0.00008377364919924769	0.00008377364628648165	0.00008377364230034408	0.00008377363684770313	0.00008377362939208687	0.00008377361921516593	0.00008377360536330672	0.00008377358650173113	0.00008377356079508352	0.00008377352574257552	0.00008377347795139898	0.0000837734128481171	0.00008377332419893076	0.00008377320345252142	0.0000837730389728779	0.00008377281485553012	0.00008377250979635846	0.0000837720953686655	0.0000837715322406691	0.00008377076712708224	0.00008376972793108232	0.00008376831712735991	0.00008376640254720447	0.0000837638056972197	0.00008376028535375843	0.00008375551602839303	0.00008374905919785587	0.00008374032333696988	0.00008372851107266162	0.00008371254941888115	0.00008369099983418327	0.00008366192084934647	0.00008362274951167274	0.00008357000319662572	0.0000834990628693451	0.00008340377084851523	0.00008327587807979932	0.00008310441533760653	0.00008287489602804888	0.00008256796230537629	0.00008215815549778958	0.00008161190948262636	0.00008088510150643062	0.00007992106053834828	0.00007864554386261738	0.00007696421158426555	0.00007476057654912787	0.00007189617111839725	0.00006821908421674929	0.00006358231382211828	0.000057916880818123536	0.00005132409341638895	0.000044188104711706616	0.00003719223905607083	0.000031077431057078304	0.000026290358286250312	0.000022820752135791225	0.00002033013223320122	0.000018362452728649015	0.00001646948733357158	0.000014258253032172551	0.000011450247012808776	8.140134564856697e-6	5.2278146531388285e-6	3.5329670504399582e-6	2.7257841122701126e-6	2.186349610897242e-6	1.5700418175043899e-6	8.609303120834653e-7	4.40222915068481e-7	2.981933041038691e-7	1.982316092721358e-7	8.602750983942412e-8	3.9114813103789614e-8	2.3921276261797438e-8	8.49544004900179e-9	3.5060870283719423e-9	1.5166709659340992e-9	3.7505711213257367e-10	1.2818402165714772e-10	3.887697651029286e-12	3.784559654785173e-14	2.492343332220148e-16	2.986643751740127e-32
0.00008630465365331899	0.0000863046536406031	0.00008630465362221158	0.0000863046535959484	0.00008630465355886328	0.0000863046535070071	0.00008630465343510443	0.00008630465333611354	0.00008630465320062658	0.00008630465301604412	0.00008630465276542649	0.0000863046524258798	0.00008630465196627301	0.00008630465134396342	0.00008630465049958788	0.0000863046493539767	0.000086304647792751	0.00008630464566372845	0.00008630464275345293	0.00008630463877115803	0.00008630463332324426	0.00008630462587911826	0.00008630461571303568	0.00008630460185016823	0.00008630458298521927	0.00008630455728048132	0.00008630452221977253	0.00008630447440427047	0.00008630440925599749	0.00008630432054617277	0.00008630419969297288	0.0000863040351721276	0.00008630381111031122	0.00008630350602306234	0.00008630309159723916	0.00008630252845933693	0.00008630176336454405	0.00008630072416294757	0.00008629931339265193	0.0000862973989417829	0.00008629480253528261	0.0000862912828944005	0.00008628651490166617	0.0000862800594264659	0.00008627132523195465	0.00008625951434755016	0.00008624354640560806	0.00008622199963474487	0.00008619294393341352	0.00008615377127675949	0.00008610103692049616	0.00008603011223106507	0.0000859348366832022	0.0000858070103976584	0.00008563560183306	0.00008540613756277995	0.00008509931980813422	0.00008468965049428517	0.00008414365059834732	0.00008341701608061066	0.0000824529222962803	0.00008117721676656149	0.00007949512724022428	0.00007728905573984888	0.00007441875626372338	0.00007072775794579138	0.00006606650911496044	0.000060352380099334346	0.00005367545954717024	0.00004641342000178673	0.00003926138550651766	0.000032991991608941595	0.000028083429796771722	0.000024533767462763954	0.00002199429173815233	0.000019987266971245624	0.00001804990059793645	0.000015768365100232326	0.000012833710745136393	9.284369740376687e-6	6.028935104512855e-6	4.0773732270661275e-6	3.156282332628383e-6	2.565135771142695e-6	1.8943559056218734e-6	1.0805216923634872e-6	5.486343460697329e-7	3.7025097397610283e-7	2.557789114808356e-7	1.1872678699073631e-7	5.1948069854610486e-8	3.270996494364645e-8	1.2870457602491634e-8	4.973734797738575e-9	2.4046796286236445e-9	5.783252568771829e-10	2.2520424906272722e-10	9.163079522031075e-12	8.576516310870483e-14	5.359922724882813e-16	6.137659381630226e-32
0.00008895181965064127	0.00008895181963812824	0.00008895181961996953	0.00008895181959396196	0.00008895181955713802	0.00008895181950553732	0.0000889518194338513	0.0000889518193349997	0.00008895181919952698	0.00008895181901477941	0.00008895181876376345	0.0000889518184235451	0.00008895181796299288	0.00008895181733957583	0.00008895181649476286	0.00008895181534689019	0.00008895181378514385	0.00008895181165512647	0.00008895180874646624	0.00008895180476752123	0.00008895179932376231	0.00008895179188367492	0.0000889517817311755	0.00008895176788761502	0.00008895174899584681	0.00008895172328150286	0.00008895168823405182	0.00008895164043693033	0.0000889515753052109	0.00008895148661816252	0.00008895136584706138	0.00008895120127221178	0.00008895097684229174	0.00008895067192095522	0.00008895025750874021	0.00008894969429939444	0.00008894892926329875	0.00008894789011166543	0.00008894647937037534	0.00008894456498343201	0.00008894196886898091	0.00008893844987562859	0.0000889336828709852	0.00008892722882392716	0.00008891849614865766	0.00008890668911012066	0.0000888907351548743	0.00008886918389886837	0.00008884011743697338	0.00008880097011685782	0.00008874825796154687	0.0000886773600206018	0.00008858210344193121	0.00008845429547614274	0.00008828299420095284	0.00008805360250861191	0.00008774698550539394	0.00008733756684569426	0.00008679187231467381	0.00008606575552683751	0.00008510194427023332	0.00008382654772947978	0.00008214434965304692	0.00007993698705664287	0.00007706248101462341	0.00007336037613098676	0.00006867655158804312	0.00006291770166401378	0.00005616164516788553	0.0000487777272233961	0.00004147166692853535	0.00003504814245717024	0.000030018630915672296	0.000026390424847976545	0.000023803067828072913	0.000021760024796110428	0.00001977963836982315	0.00001743011719859547	0.000014370221733549835	0.000010582519547596566	6.959192839795344e-6	4.711140047670318e-6	3.6568885614324815e-6	3.0065051637223583e-6	2.2796239216000026e-6	1.3564485079648768e-6	6.87863330129096e-7	4.5922695720794605e-7	3.278268712518946e-7	1.638136067994693e-7	6.93656893764961e-8	4.4392716614210696e-8	1.948226226718439e-8	7.054130426590392e-9	3.717390475420234e-9	9.089091172553453e-10	3.784776147858816e-10	2.2219546252073238e-11	2.0123060705814257e-13	1.1872204140318842e-15	1.2932091009832778e-31
0.0000917098559589172	0.00009170985594662385	0.0000917098559287196	0.00009170985590299423	0.00009170985586647181	0.00009170985581516201	0.00009170985574373037	0.0000917098556450552	0.00009170985550962827	0.00009170985532473427	0.00009170985507331516	0.000091709854732382	0.00009170985427077994	0.00009170985364602718	0.00009170985279984051	0.00009170985165178697	0.00009170985008956542	0.00009170984795768702	0.00009170984504762893	0.00009170984107062223	0.00009170983563023516	0.00009170982819287416	0.00009170981804097742	0.00009170980420402149	0.00009170978534562195	0.00009170975960924885	0.0000917097245494897	0.00009170967676672007	0.00009170961165255486	0.00009170952298844098	0.00009170940227319276	0.00009170923786601245	0.0000917090138947363	0.0000917087087682775	0.0000917082942922825	0.00009170773104070034	0.00009170696584126327	0.00009170592648145855	0.00009170451573232114	0.00009170260167454876	0.00009170000572466253	0.00009169648678304994	0.00009169171946725388	0.00009168526485140979	0.00009167653263326332	0.00009166472821741422	0.000091648781405051	0.00009162724987755958	0.00009159819679927749	0.00009155903333030447	0.00009150635186937732	0.00009143549742568859	0.00009134029807544465	0.00009121253534443781	0.00009104132771858724	0.00009081211530825394	0.00009050570397981803	0.00009009665037311443	0.0000895514043509727	0.00008882602608040214	0.00008786279350849228	0.00008658816264274701	0.00008490683014149262	0.00008269922320577639	0.00007982223963608095	0.00007611287327720927	0.00007140974048284664	0.00006561199347784415	0.00005878224783312868	0.000051281831282164055	0.00004382471802044482	0.00003724826699677823	0.00003209886592648977	0.00002839421545017022	0.000025761238244857995	0.000023685929929540217	0.00002167107984347918	0.00001925551751374776	0.00001607326099413183	0.000012045066208408367	8.02759903714605e-6	5.439239151734087e-6	4.2293042190751365e-6	3.5132835174261704e-6	2.7306627234142685e-6	1.6950581821850456e-6	8.627113712848106e-7	5.685915285244392e-7	4.167776174677202e-7	2.2435373745715305e-7	9.278813302439879e-8	5.9595594166305777e-8	2.9142351199662083e-8	1.0025122847474516e-8	5.603003686272332e-9	1.457344459684579e-9	6.105195332567027e-10	5.387363925265149e-11	4.811988385071215e-13	2.671473115257672e-15	2.759830880949373e-31
0.0000946130875545583	0.00009461308754250289	0.00009461308752487707	0.00009461308749946398	0.00009461308746327455	0.00009461308741229666	0.00009461308734116388	0.00009461308724271052	0.00009461308710737109	0.00009461308692236165	0.00009461308667054948	0.00009461308632887636	0.00009461308586614397	0.00009461308523988538	0.00009461308439194116	0.00009461308324222652	0.00009461308168001435	0.0000946130795516182	0.00009461307664181689	0.00009461307266232021	0.00009461306722289478	0.00009461305978775566	0.00009461304963572393	0.00009461303579548224	0.0000946130169447389	0.00009461299126125501	0.00009461295619121655	0.00009461290834360038	0.00009461284322100591	0.00009461275455958552	0.00009461263387464518	0.00009461246954465524	0.00009461224581624488	0.00009461194127668078	0.00009461152662255193	0.0000946109634337679	0.00009461019847742445	0.00009460915946933131	0.00009460774870282317	0.00009460583422796845	0.00009460323776704839	0.00009459971940284004	0.00009459495290671906	0.00009458849856234544	0.00009457976488820605	0.00009456795752536454	0.00009455200890310528	0.00009453048714927252	0.00009450145387126434	0.00009446232439045459	0.00009440964155431678	0.00009433883328870379	0.0000942436985486544	0.00009411603783628905	0.00009394494999930723	0.00009371594983650653	0.00009340983786077105	0.00009300125602938031	0.0000924566317826081	0.00009173215756149178	0.00009077013053920264	0.00008949676733048299	0.00008781699605018955	0.00008561077311912628	0.0000827330696889217	0.00007901896643080563	0.00007430147832759406	0.00006847005738274013	0.00006157349427480567	0.000053962612559668655	0.000046358650060993254	0.000039631315056060193	0.00003436370764076275	0.000030585414922043934	0.000027909416779120242	0.000025802317516601717	0.000023740699890108525	0.000021259559570692504	0.000017958500564436848	0.00001369304312730832	9.260798304462307e-6	6.2833478942770254e-6	4.890163860547721e-6	4.101700179247202e-6	3.2578182686842774e-6	2.108513697526484e-6	1.0849656903655727e-6	7.023678907723074e-7	5.264729118621662e-7	3.0444613915999603e-7	1.2488305822945878e-7	7.934039334224798e-8	4.287430588648797e-8	1.4335116395242378e-8	8.251664536599633e-9	2.391498920499437e-9	9.544059569003973e-10	1.2847823018966487e-10	1.1771200247375632e-12	6.126821914463575e-15	5.98210149211347e-31
0.00009763130708120256	0.00009763130706940647	0.00009763130705208761	0.00009763130702702319	0.00009763130699121187	0.00009763130694062041	0.00009763130686984888	0.00009763130677168592	0.0000976313066365052	0.00009763130645144811	0.0000976313061992983	0.00009763130585691576	0.00009763130539304196	0.00009763130476520246	0.0000976313039153265	0.00009763130276356085	0.00009763130119965658	0.0000976312990709646	0.0000976312961664308	0.00009763129219113701	0.00009763128674810446	0.0000976312793108091	0.00009763126915805895	0.00009763125531337197	0.00009763123645495681	0.00009763121077002788	0.00009763117576721808	0.00009763112800774003	0.00009763106276883123	0.00009763097403905964	0.00009763085335279324	0.00009763068907479576	0.00009763046541767261	0.00009763016112894329	0.00009762974721819542	0.00009762918373534426	0.00009762841862142354	0.00009762737995966588	0.0000976259697971328	0.00009762405625133776	0.0000976214607332951	0.00009761794226630888	0.00009761317457554887	0.00009760672220883577	0.00009759799147857628	0.00009758618742142771	0.00009757024446453098	0.00009754872745500503	0.00009751970305592173	0.00009748059018912427	0.00009742795325698877	0.00009735717687127039	0.00009726212518578386	0.00009713458826299861	0.00009696366182424172	0.00009673494065443442	0.00009642918575359475	0.00009602112192570724	0.00009547731911486995	0.0000947539345757243	0.00009379356269408774	0.00009252196852753177	0.00009084456113074618	0.00008864095369796586	0.0000857649184191226	0.00008204852679519436	0.00007732186675497549	0.00007146261681534309	0.00006450596628876202	0.000056791783275228104	0.000049045599304616806	0.000042170460686034545	0.00003678719224819499	0.000032938251219989895	0.000030222636284673153	0.000028086793716327088	0.00002598849423102685	0.000023445838630052785	0.000020029876706920596	0.000015532123597541235	0.000010667714342375135	7.248512331843687e-6	5.639700533978983e-6	4.775529343557783e-6	3.871080937731847e-6	2.6085681584227256e-6	1.3664851932423646e-6	8.6648925544202e-7	6.609523815901878e-7	4.084698404971249e-7	1.6912273778652986e-7	1.0488648726318236e-7	6.184948368633726e-8	2.071670365479754e-8	1.1910877536455078e-8	3.990698353217091e-9	1.457554468112322e-9	2.93422020473407e-10	2.9565572577958478e-12	1.436917349197435e-14	1.3207163148457738e-30
0.00010081413662403298	0.0001008141366125209	0.00010081413659554285	0.00010081413657087123	0.00010081413653549333	0.00010081413648535585	0.00010081413641502693	0.00010081413631724768	0.00010081413618232846	0.00010081413599733126	0.00010081413574494884	0.00010081413540194866	0.00010081413493699791	0.00010081413430759845	0.00010081413345578507	0.00010081413230194418	0.00010081413073622668	0.00010081412860663992	0.00010081412570239221	0.00010081412172844074	0.00010081411629152983	0.00010081410886063322	0.00010081409871172567	0.0001008140848660947	0.00010081406600219073	0.00010081404031446757	0.00010081400531780566	0.00010081395759947327	0.0001008138925066101	0.00010081380360888729	0.00010081368273350244	0.00010081351843439823	0.00010081329481179199	0.00010081299055345627	0.00010081257686462585	0.00010081201438499237	0.00010081124934867048	0.00010081021014677313	0.00010080880034137328	0.00010080688776238462	0.00010080429370667978	0.00010080077750151643	0.000100796013589781	0.00010078956198341906	0.00010078083174780622	0.0001007690342237374	0.00010075309962151758	0.00010073159678064509	0.000100702606621763	0.00010066353016009492	0.00010061090540310886	0.00010054019708111782	0.00010044523423831298	0.00010031784946859508	0.00010014717325272905	0.00009991871358986359	0.0000996132470660692	0.00009920584238848057	0.00009866307128586225	0.00009794106352809366	0.00009698280789867462	0.00009570568531246771	0.00009403152297174789	0.00009183192447881283	0.00008895964534337765	0.00008524500449450506	0.00008051263758640719	0.00007463193956993615	0.00006762381549976911	0.000059814524240871024	0.00005193252893398143	0.000044913285169523156	0.000039417627210953	0.000035501911018823474	0.000032750983205536386	0.0000305885575438137	0.000028455463239265734	0.00002584713316209421	0.000022320970983042623	0.00001759845553951786	0.00001229033333479717	8.372226975798102e-6	6.508024396700813e-6	5.551647232453163e-6	4.583375523445235e-6	3.2090104588499037e-6	1.7242249105665027e-6	1.0680585686776192e-6	8.251095133220668e-7	5.416357450223719e-7	2.3098807386593343e-7	1.379871968298764e-7	8.756564667773763e-8	3.03988965447865e-8	1.6953226427553528e-8	6.690315554117634e-9	2.1908899356024943e-9	6.242556779727915e-10	7.651629241589799e-12	3.458075254515043e-14	2.978561962246867e-30
0.00010387692559606504	0.00010387692558488884	0.00010387692556832727	0.0001038769255441555	0.0001038769255093593	0.00010387692545987762	0.00010387692539026414	0.0001038769252932304	0.00010387692515905254	0.00010387692497443188	0.00010387692472203937	0.00010387692437865906	0.00010387692391287227	0.0001038769232821408	0.00010387692242855236	0.00010387692127263604	0.00010387691970480334	0.00010387691757198877	0.000103876914663441	0.00010387691069448118	0.0001038769052743357	0.00010387689785934382	0.00010387688772161882	0.00010387687388212902	0.0001038768550192485	0.00010387682933153864	0.00010387679434016424	0.00010387674663375232	0.00010387668153371323	0.00010387659263509197	0.00010387647169324343	0.00010387630737568649	0.00010387608379233502	0.00010387577957524448	0.00010387536594496186	0.0001038748036801448	0.00010387403951597407	0.0001038730012964475	0.00010387159078077055	0.00010386967812877658	0.00010386708535492557	0.00010386357143049983	0.00010385881145101865	0.00010385236676022528	0.00010384364488121371	0.00010383185212461377	0.00010381592677445328	0.0001037944396286909	0.000103765469798878	0.00010372645033600093	0.00010367392310863395	0.0001036032529004533	0.00010350841417266182	0.00010338119116497135	0.00010321074925145849	0.0001029826143525344	0.0001026778273834988	0.00010227109945683377	0.00010172945816247725	0.00010100915429716453	0.00010005330389156794	0.00009877904689062906	0.00009710756248035906	0.00009491338836800852	0.00009204708818875821	0.00008833727090995891	0.00008360408209591243	0.00007770885235755062	0.00007065778144951942	0.00006276265687493957	0.00005475238850141913	0.000047594218800915996	0.00004199034742082413	0.00003801221850576903	0.0000352305612999466	0.00003304480905979403	0.0000308815767262757	0.00002821757052763647	0.000024585605560031894	0.00001964748267021197	0.000014156057064610373	9.680072816824897e-6	7.5142845673841504e-6	6.440679104546493e-6	5.406836099272239e-6	3.9233449381535895e-6	2.1770351165276172e-6	1.3156039769310948e-6	1.0243287067456442e-6	7.086921100302829e-7	3.169161079849083e-7	1.799178222286242e-7	1.2148920466534029e-7	4.53441228273742e-8	2.3846005728297677e-8	1.1029307314012949e-8	3.2773023678567588e-9	1.2188108283542353e-9	2.046244737802677e-11	8.569947528360324e-14	6.882143434180391e-30
0.00010762261357565065	0.00010762261356478815	0.0001076226135486089	0.00010762261352488257	0.0001076226134905817	0.0001076226134416206	0.00010762261337251187	0.00010762261327591157	0.00010762261314201254	0.00010762261295772691	0.00010762261270557335	0.00010762261236214424	0.0001076226118959747	0.00010762261126455118	0.00010762261041008276	0.00010762260925346024	0.00010762260768552345	0.00010762260555553972	0.00010762260265507742	0.0001076225987024446	0.0001076225933018405	0.00010762258591544728	0.0001076225758111494	0.00010762256201113032	0.00010762254318998852	0.00010762251751439533	0.000107622482521056	0.00010762243475503537	0.00010762236964407024	0.00010762228103450549	0.00010762216040035848	0.00010762199624092082	0.0001076217728152838	0.00010762146873705974	0.00010762105521840506	0.0001076204931637624	0.00010761972930719691	0.00010761869183442596	0.00010761728309825165	0.00010761537030571958	0.00010761277733066053	0.00010760926455587424	0.00010760450763139504	0.0001075980690036865	0.00010758935836929994	0.00010757757900482534	0.00010756166660119503	0.00010754019398822212	0.00010751124967853233	0.00010747226685756025	0.00010741981527368237	0.0001073492978616757	0.00010725455170155364	0.00010712754203786227	0.00010695738270938034	0.00010672974586552637	0.00010642555944060197	0.00010601978203534763	0.00010547942616632167	0.00010476115391624705	0.00010380806981377354	0.00010254648635026131	0.00010088168027810701	0.00009869436686149405	0.00009583637874682261	0.00009213475703600673	0.00008740644331778462	0.00008150379414405696	0.00007441830092053188	0.00006644741401001424	0.000058317277941790417	0.00005102622099644242	0.00004531901237816833	0.0000412838335102832	0.00003847621108444377	0.00003627112542976909	0.00003407879622999816	0.00003136014983217606	0.00002761584775511145	0.000022472069655083534	0.000016266898222114817	0.000011174089114201068	8.651038183284313e-6	7.4532246587667075e-6	6.360048026320188e-6	4.7702172471272625e-6	2.751397785478484e-6	1.6240248039086577e-6	1.2682167903142584e-6	9.188159391101759e-7	4.3880272466629715e-7	2.361665236382379e-7	1.659514225733508e-7	6.854321742911294e-8	3.3215838630640136e-8	1.762712431052471e-8	4.905683832624061e-9	2.187700291879849e-9	5.658634539008304e-11	2.194726948868765e-13	1.6338571852578494e-29
0.0001112777067227138	0.00011127770671219263	0.00011127770669643645	0.00011127770667321106	0.00011127770663947728	0.00011127770659112589	0.00011127770652262968	0.00011127770642658357	0.00011127770629306727	0.00011127770610887856	0.00011127770585639055	0.00011127770551201299	0.00011127770504408221	0.00011127770440989676	0.00011127770355154139	0.0001112777023899829	0.00011127770081671918	0.00011127769868192836	0.00011127769577650905	0.00011127769181052179	0.00011127768639919833	0.0001112776790051895	0.00011127766889517205	0.00011127765508442879	0.00011127763624880603	0.00011127761059504775	0.00011127757564390904	0.00011127752799685056	0.00011127746314828368	0.0001112773748192692	0.00011127725454259653	0.00011127709079063305	0.00011127686795630623	0.00011127656419435158	0.00011127615098046305	0.00011127558927402462	0.00011127482576816628	0.0001112737885474207	0.00011127238049411568	0.0001112704692648196	0.00011126787697875739	0.00011126436472837471	0.00011125960967576038	0.00011125317486352885	0.00011124447241180574	0.00011123271053050902	0.00011121681867557754	0.00011119537060179287	0.00011116645534810753	0.00011112751384816707	0.00011107512739552668	0.00011100471947727411	0.00011091018257773506	0.00011078335125798942	0.00011061354964613168	0.00011038639677248293	0.00011008300152314596	0.00010967830818203516	0.00010913929490058218	0.00010842329852573991	0.00010747347607270203	0.00010621668563338782	0.00010455796536356667	0.00010237907588528572	0.0000995317956508555	0.00009584199974437872	0.00009112381226989707	0.00008522178638657531	0.00007811310791709307	0.00007007781276739618	0.00006183799297434627	0.000054421707887717614	0.00004861755667063733	0.00004453141584346686	0.00004170303017792377	0.000039483411976479726	0.00003726293977118862	0.000034498011775170554	0.00003065904508592495	0.000025320698656622723	0.00001867680297960257	0.000012909281357801948	9.963283526241079e-6	8.620570548715566e-6	7.454532804305503e-6	5.762244117779397e-6	3.468529903062123e-6	2.004412842686329e-6	1.5611190201054337e-6	1.1777570743879596e-6	6.070994505439169e-7	3.088889671275525e-7	2.2351825071754465e-7	1.038841624254733e-7	4.601120827037953e-8	2.715090706147027e-8	7.446096132743932e-9	3.6630579247157627e-9	1.6089976309358575e-10	5.826339917273421e-13	3.995553716617358e-29
0.00011512311698234093	0.00011512311697218885	0.00011512311695689933	0.00011512311693423629	0.00011512311690115147	0.00011512311685351478	0.00011512311678576086	0.0001151231166904247	0.00011512311655752417	0.00011512311637373102	0.00011512311612126148	0.00011512311577634606	0.00011512311530712499	0.0001151231146707116	0.00011512311380906395	0.00011512311264315427	0.00011512311106472857	0.00011512310892469553	0.00011512310601664985	0.00011512310205252018	0.0001151230966374459	0.00011512308924046565	0.00011512307913027316	0.00011512306531151482	0.00011512304645464364	0.00011512302076423202	0.00011512298579254442	0.0001151229381676237	0.00011512287318429435	0.0001151227845607262	0.00011512266405873534	0.00011512250017839795	0.00011512227732676408	0.00011512197420838352	0.00011512156197652251	0.00011512100134814112	0.00011512023929407179	0.00011511920390036792	0.00011511779693231617	0.00011511588788875479	0.00011511329867564523	0.0001151097895850346	0.000115105037386565	0.00011509860662637114	0.00011508991066738293	0.00011507815956022102	0.00011506229312186932	0.00011504087919577584	0.000115012005080834	0.0001149731175753598	0.00011492079694452344	0.00011485049805442734	0.00011475613577043095	0.00011462960870887577	0.00011446012709272068	0.00011423356072401128	0.00011393096923251108	0.00011352747219315434	0.00011299020804269403	0.00011227647214917094	0.00011133043554323012	0.00011007896244792574	0.00010842786894648127	0.00010625892471002872	0.00010342484242231366	0.00009975062278810348	0.00009504783628816093	0.00008915463205178036	0.00008203374349551597	0.00007394561694781584	0.0000656077430156974	0.00005807508308844616	0.000052181106554353205	0.00004805081631502045	0.000045207908860472256	0.00004297828610473278	0.00004073224139475101	0.00003791950980700671	0.000033986810027205647	0.000028466676038524286	0.0000213992643256471	0.000014905168142349765	0.000011459683773826214	9.94684699960604e-6	8.714323633220969e-6	6.92120864244182e-6	4.359540431975905e-6	2.4803809610413313e-6	1.9163592372372173e-6	1.4933935012378627e-6	8.341328334742278e-7	4.035380257794572e-7	2.9660102399912417e-7	1.5570610088560322e-7	6.361119329562767e-8	4.037401920413548e-8	1.1650339246025986e-8	5.820439764245921e-9	4.605641052431594e-10	1.6062509378353e-12	1.0079555053578789e-28
0.00011921167773647237	0.00011921167772671648	0.00011921167771193949	0.00011921167768990567	0.00011921167765756095	0.00011921167761075792	0.00011921167754389755	0.00011921167744945791	0.0001192116773173703	0.0001192116771341885	0.00011921167688196867	0.00011921167653674468	0.00011921167606642647	0.00011921167542790296	0.00011921167456295377	0.00011921167339250919	0.00011921167180847415	0.00011921166966229837	0.00011921166674893905	0.00011921166278471755	0.00011921165737811013	0.00011921164998974593	0.00011921163987206399	0.00011921162603038917	0.00011921160715226445	0.00011921158143226616	0.00011921154642115265	0.00011921149876858395	0.00011921143385935146	0.00011921134525477305	0.00011921122454767382	0.00011921106048519293	0.00011921083739808069	0.00011921053400125187	0.0001192101213745887	0.00011920956065996194	0.00011920879900281138	0.00011920776412863855	0.00011920636103688811	0.00011920445949196937	0.00011920187810660011	0.00011919837634114075	0.00011919363140340811	0.00011918720846718942	0.00011917852129365626	0.00011916678238967828	0.00011915093279987487	0.0001191295528470703	0.00011910073167825112	0.00011906191103722591	0.00011900968482492263	0.00011893949806117665	0.00011884531580430039	0.00011871907771593396	0.00011855005635019507	0.00011832405017470153	0.00011802240765502215	0.00011762029747027561	0.00011708513598183017	0.00011637395309045407	0.00011543201657375185	0.00011418650022848919	0.00011254417416530572	0.00011038291917484178	0.00010756442365677585	0.00010390962290345628	0.00009922799309453454	0.00009335172985710706	0.00008623003238226162	0.00007810344416922425	0.00006967981759940615	0.00006204019064256911	0.000056064928060655395	0.00005189839063758015	0.00004904744055066929	0.000046812189111737126	0.000044545751821690286	0.0000416862272491534	0.00003766610436665484	0.00003197309776822455	0.00002450380194054456	0.000017241175317920364	0.000013207859431446309	0.000011494504298620052	0.000010158788268005823	8.268409025078428e-6	5.452208174219316e-6	3.079428781782915e-6	2.3467552096945155e-6	1.878959885335923e-6	1.1352999359720478e-6	5.308726990994144e-7	3.912603506509991e-7	2.2853887216656293e-7	8.845934754347057e-8	5.8550184842870764e-8	1.8879577715676893e-8	8.879341987051097e-9	1.2634724203448913e-9	4.590337522139411e-12	2.619260426187306e-28
0.00012343243728149783	0.00012343243727216076	0.00012343243725794064	0.00012343243723660367	0.00012343243720509313	0.00012343243715924804	0.00012343243709343865	0.00012343243700008847	0.0001234324368690431	0.0001234324366867327	0.00012343243643504656	0.0001234324360898099	0.0001234324356186984	0.00012343243497834887	0.00012343243411031443	0.00012343243293532507	0.0001234324313449521	0.00012343242919226954	0.00012343242627242768	0.00012343242230181665	0.00012343241689302063	0.0001234324095083887	0.00012343239941240515	0.0001234323856062781	0.00012343236673758004	0.00012343234095558685	0.00012343230587469645	0.00012343225818025312	0.00012343219325715733	0.00012343210480312395	0.0001234319842719011	0.00012343182010542616	0.00012343159638610203	0.00012343129270422435	0.00012343087995634393	0.0001234303190056736	0.0001234295572410568	0.00012342852259240704	0.00012342711781824202	0.0001234252125847595	0.00012342263208518927	0.00012341913869877658	0.00012341441145714618	0.00012340800604719547	0.00012339933362077817	0.00012338761162144075	0.0001233717830295137	0.00012335043084142887	0.0001233216575442796	0.00012328291752937036	0.0001232307991492001	0.00012316076791611335	0.00012306677274740463	0.00012294083061974108	0.00012277228665602758	0.00012254697623916553	0.00012224631175444798	0.0001218456621594279	0.00012131266250496187	0.00012060481158605564	0.0001196672003525726	0.00011842846831438902	0.00011679589589911795	0.00011463639715563401	0.00011183587217359111	0.00010820426728093542	0.00010354964663586219	0.0000976984950448961	0.0000905875601620467	0.00008243754952269812	0.00007394377028591935	0.00006620885666430997	0.000060161955323020786	0.000055968070041698654	0.00005311632231524522	0.000050880375647210014	0.00004859608949939583	0.00004569296118470684	0.00004160869685833155	0.000035743284931143756	0.000027898888747379455	0.000019839106818059376	0.000015118353696156461	0.000013166757222655702	0.00001178444192698398	9.821082214475385e-6	6.769112024901237e-6	3.8307714393024866e-6	2.8615412104061475e-6	2.34304780606793e-6	1.521114420127194e-6	7.016993580951694e-7	5.084889123005014e-7	3.2672425195890055e-7	1.2426509108011706e-7	8.283397333572906e-8	3.1397504149265696e-8	1.3244316248206871e-8	3.1218215004582952e-9	1.3558058506742566e-11	6.998229840366651e-28
0.00012799760421375515	0.00012799760420485263	0.0001279976041912339	0.00012799760417066668	0.00012799760414009505	0.00012799760409534913	0.00012799760403077334	0.00012799760393874087	0.00012799760380901348	0.0001279976036278979	0.0001279976033771106	0.0001279976030322536	0.00012799760256073473	0.00012799760191890106	0.0001279976010480467	0.0001279975998687992	0.00012799759827309583	0.00012799759611242833	0.00012799759318558157	0.0001279975892087583	0.00012799758379648707	0.0001279975764146918	0.0001279975663280945	0.00012799755253568455	0.00012799753368475638	0.00012799750795488825	0.00012799747286570734	0.00012799742504212246	0.00012799736004439735	0.0001279972715918985	0.00012799715108754623	0.00012799698697999384	0.00012799676373432135	0.00012799646007147857	0.00012799604673974517	0.00012799548522895014	0.0001279947231248231	0.00012799368868205067	0.00012799228472447528	0.00012799038010618294	0.00012798779832530612	0.00012798430243458303	0.0001279795718495975	0.00012797317412367037	0.0001279645313983012	0.0001279528513125696	0.000127937056638779	0.00012791574405017516	0.00012788701933738616	0.00012784835241959442	0.00012779635604808553	0.00012772649574716488	0.0001276327541357911	0.00012750712422724463	0.00012733905347958732	0.00012711452485125016	0.0001268149070785523	0.00012641592922159518	0.00012588535901807526	0.00012518095013693844	0.0001242481744783271	0.00012301694773253128	0.00012139505966302516	0.00011925943031396776	0.00011647641412150478	0.00011287194535018818	0.00010825034391010421	0.00010243358962328856	0.00009534607335510033	0.00008718720630755289	0.00007863991946959241	0.00007082425008378167	0.00006471663672902341	0.00006050581402616768	0.0000576612122973135	0.000055430170240354064	0.000053132011067614306	0.00005018654301884932	0.00004602207582118378	0.00004002232027533811	0.000031833698551616594	0.000022963899950391197	0.000017457535643149053	0.000015218272019619517	0.000013698652589934152	0.000011619369082172488	8.353152045877536e-6	4.793295119084138e-6	3.4886002562331475e-6	2.9082625873382233e-6	2.012827496858125e-6	9.43413295785483e-7	6.607323078653355e-7	4.572372331833157e-7	1.7900227451408096e-7	1.1568186819889792e-7	5.2705639479635314e-8	1.943732804267335e-8	6.802405702891797e-9	4.367594158729878e-11	2.0103886616368545e-27
0.0001327765108811074	0.00013277651087263153	0.00013277651085964005	0.00013277651083989456	0.00013277651081034016	0.00013277651076679917	0.00013277651070359045	0.0001327765106130348	0.00013277651048480555	0.00013277651030507714	0.00013277651005544713	0.0001327765097112172	0.0001327765092394897	0.00013277650859626512	0.0001327765077224919	0.00013277650653853494	0.00013277650493635654	0.0001327765027682536	0.00013277649983087385	0.00013277649584898145	0.00013277649043045317	0.00013277648304953942	0.0001327764729726525	0.00013277645919764462	0.00013277644036673307	0.00013277641465190678	0.00013277637959308204	0.00013277633183986416	0.00013277626674193952	0.0001327761782430821	0.0001327760577907553	0.00013277589374179643	0.00013277567051361136	0.0001327753670309356	0.0001327749544792567	0.00013277439332808947	0.0001327736302539367	0.00013277259545227564	0.00013277119172662807	0.00013276928803643946	0.0001327667080719481	0.00013276321216573712	0.00013275847999848667	0.00013275208179345228	0.00013274343653768233	0.0001327317646419249	0.00013271602247160767	0.00013269479166706972	0.00013266613851551712	0.00013262755614386744	0.00013257567687830046	0.00013250600612900757	0.00013241252822810502	0.00013228729122755667	0.00013211972655863662	0.00013189595551086657	0.00013159759040990305	0.00013120024688034133	0.00013067233878991073	0.0001299719724081695	0.00012904476548493735	0.0001278212242128894	0.0001262110951990833	0.000124098873184134	0.00012134151823452797	0.00011776798749825713	0.00011318504228723531	0.00010741149163769916	0.00010036017337076788	0.00009220992696064671	0.00008362575309532883	0.00007574478727881932	0.0000695885438128418	0.00006537113366620439	0.00006254219879563243	0.0000603209673650234	0.00005801203358079848	0.000055029317125045975	0.00005079869376709913	0.000044681878059910345	0.00003618221942337049	0.00002650975608378237	0.00002006710283371809	0.0000174817530466857	0.00001585803335764651	0.00001368347740926266	0.000010217656510783327	6.010006490177371e-6	4.242703111361752e-6	3.584559482420567e-6	2.6198249054684278e-6	1.2805431673409776e-6	8.529181676924308e-7	6.242680846135887e-7	2.627784870525046e-7	1.5869750358695953e-7	8.506277062781819e-8	2.803687297863418e-8	1.2819877971928991e-8	1.434438619343142e-10	5.8886900349255816e-27
0.00013787214150010917	0.00013787214149202823	0.00013787214147970025	0.00013787214146085893	0.00013787214143245137	0.00013787214139029797	0.00013787214132869862	0.00013787214123992718	0.00013787214111357144	0.00013787214093565812	0.0001378721406875006	0.00013787214034415222	0.0001378721398723198	0.0001378721392275158	0.00013787213835012832	0.00013787213715993685	0.0001378721355483577	0.00013787213336727996	0.0001378721304154826	0.00013787212641454936	0.00013787212097812157	0.00013787211358409039	0.0001378721034995043	0.000137872089718654	0.0001378720708757641	0.00013787204512627146	0.00013787200994515064	0.0001378719621141646	0.00013787189694829542	0.00013787180838687542	0.000137871687963847	0.00013787152399392488	0.00013787130083125598	0.0001378709974179797	0.00013787058510044933	0.00013787002467531947	0.00013786926287071545	0.00013786822811272844	0.00013786682450508115	0.00013786492142652654	0.00013786234263797666	0.00013785884971613782	0.00013785412169539318	0.00013784772560473696	0.00013783908088196874	0.00013782741124809	0.000137811671379231	0.00013779046217885443	0.00013776191504911983	0.00013772348420565018	0.00013767174244939126	0.00013760225981265895	0.00013750907818448668	0.00013738424990996983	0.00013721730524682838	0.0001369943524330043	0.0001366971831658475	0.00013630180577154177	0.00013577656310473458	0.00013508036043014343	0.0001341592542703668	0.00013294374844864554	0.00013134708614526716	0.00012925331260555856	0.00012652124997369443	0.0001229825277500389	0.00011844434632806945	0.00011272304331609043	0.00010572169935870718	0.00009759754840309562	0.00008899626117843036	0.00008106698023991064	0.00007487864851631585	0.00007066590048643279	0.00006786203371862482	0.00006565645492470893	0.00006334042411145239	0.00006032190389398299	0.00005602553921827363	0.000049791915934596856	0.00004101700682873249	0.00003057003928508537	0.000023080697328001748	0.000020012510580045942	0.000018273243358251596	0.000016005666456643653	0.00001236392579287276	7.515751293631994e-6	5.114734649419673e-6	4.353032555906262e-6	3.3356882512312594e-6	1.7564830409009895e-6	1.0952512000909522e-6	8.377626371858942e-7	3.942454789628283e-7	2.1613767824275104e-7	1.3205503217601444e-7	4.092761925956651e-8	2.1907953294238022e-8	5.122959345650321e-10	1.8725883141516535e-26
0.00014323551590585454	0.00014323551589804788	0.00014323551588640867	0.00014323551586856604	0.00014323551584146952	0.00014323551580095218	0.00014323551574131705	0.00014323551565482	0.00014323551553099714	0.00014323551535578219	0.00014323551511033792	0.00014323551476950455	0.0001432355142997099	0.00014323551365613745	0.00014323551277883832	0.00014323551158733951	0.00014323550997309594	0.0001432355077888537	0.000143235504833555	0.0001432355008306191	0.00014323549539395404	0.0001432354880023626	0.00014323547793503765	0.00014323546419218658	0.00014323544540705262	0.0001432354197302293	0.00014323538467228195	0.00014323533687296203	0.00014323527167844953	0.0001432351829863448	0.00014323506238049928	0.0001432348982181586	0.00014323467461949937	0.00014323437031682815	0.00014323395750242635	0.00014323339715422491	0.00014323263579282082	0.00014323160171468774	0.00014323019843919929	0.00014322829619658364	0.00014322571907894206	0.00014322222943520925	0.00014321750556277175	0.00014321111685168352	0.00014320248256430022	0.00014319082165851173	0.0001431750904427229	0.00014315389484510004	0.00014312536720946506	0.0001430870105521615	0.0001430355133392269	0.0001429662717071771	0.00014287338268219516	0.00014274901651613122	0.0001425826935847794	0.00014236069676127583	0.00014206483813376878	0.00014167138042228342	0.00014114912489807417	0.00014045726177598788	0.00013954282966816643	0.0001383366937099618	0.00013675330833409245	0.00013467938661546863	0.00013197540827009462	0.00012847487986513074	0.00012398709313688486	0.0001183269006721586	0.00011138827218800008	0.00010330791950112328	0.0000947101784974408	0.00008675118605475878	0.00008054632594585615	0.00007635209112968414	0.00007358192491059898	0.0000713978104223572	0.0000690777320699773	0.0000660274307938813	0.00006167074383452422	0.00005532927045176295	0.000046314562264758635	0.00003513945861550922	0.00002648872140237287	0.000022965751012273977	0.00002109764278167417	0.000018737438969430254	0.0000149389703912977	9.490373358295481e-6	6.263432137176333e-6	5.359914670979271e-6	4.258463065653776e-6	2.4079475585289905e-6	1.401142294315762e-6	1.1063902711065335e-6	5.897053095352945e-7	2.919159862356039e-7	1.958261332112971e-7	6.077066601690982e-8	3.468741427119584e-8	1.7951043418077369e-9	6.073723549825464e-26
0.00014904391229225483	0.0001490439122838618	0.0001490439122728368	0.0001490439122560111	0.00014904391223029813	0.00014904391219153787	0.0001490439121340357	0.00014904391205002688	0.00014904391192898934	0.00014904391175674502	0.00014904391151427372	0.000149043911176139	0.0001490439107084032	0.00014904391006578037	0.00014904390918777193	0.00014904390799334047	0.00014904390637348645	0.00014904390418081503	0.00014904390121483105	0.00014904389720115432	0.00014904389176230117	0.00014904388437688289	0.00014904387432065945	0.00014904386058180668	0.00014904384182409634	0.00014904381620287475	0.00014904378122086495	0.00014904373351539698	0.00014904366856260436	0.00014904358019773848	0.00014904345975465475	0.00014904329586256992	0.00014904307292548712	0.0001490427696914542	0.00014904235749955012	0.00014904179744020798	0.00014904103625546669	0.00014904000132942712	0.00014903859580964174	0.00014903669290306033	0.00014903411550139698	0.00014903062816939264	0.00014902590985173817	0.0001490195294723321	0.00014901090771209853	0.00014899926591544453	0.00014898356065776863	0.0001489623918628477	0.00014893389561357028	0.00014889558712677766	0.00014884415121903423	0.00014877518382268797	0.000148682782440251	0.00014855888756744665	0.00014839327697795763	0.00014817223731539955	0.0001478778548205931	0.00014748644409744765	0.0001469672621144926	0.00014627998069427562	0.0001453723909807639	0.00014417648515678924	0.0001426060037443029	0.00014055421916603017	0.00013788085076155924	0.00013442184297885964	0.00012999043367951842	0.00012440060199580627	0.00011753899043296374	0.0001095230402243636	0.00010095189434678958	0.00009298573993029364	0.00008678215008618945	0.0000826249081317992	0.00007989827487729928	0.00007774147658996807	0.0000754200196408786	0.0000723404572444534	0.0000679245373992334	0.00006148558871088683	0.00005226578428131654	0.00004043062637241048	0.000030507984398032684	0.000026349251276916932	0.000024150279173824887	0.000021697499928322605	0.000017748265870453078	0.000011769804825818028	7.498856190453165e-6	6.387447348217314e-6	5.215864171945336e-6	3.277509971434752e-6	1.7919330437235926e-6	1.4413448696418872e-6	8.686034296412846e-7	3.9476929678656964e-7	2.818259346047292e-7	9.545575364377058e-8	5.26960738009263e-8	6.3144723478760594e-9	2.2312246497995057e-25
0.00015510731604849727	0.00015510731603375706	0.0001551073160230914	0.00015510731600727764	0.00015510731598303697	0.0001551073159462018	0.0001551073158910838	0.00015510731580990547	0.00015510731569209245	0.00015510731552335514	0.00015510731528454376	0.00015510731494981027	0.00015510731448485228	0.00015510731384383049	0.0001551073129655655	0.00015510731176824694	0.00015510731014208224	0.00015510730793905073	0.00015510730495855432	0.00015510730092654467	0.0001551072954686269	0.00015510728806659242	0.00015510727800467053	0.0001551072642990841	0.0001551072455917655	0.00015510722002354385	0.000155107185052245	0.00015510713732524344	0.00015510707230816058	0.00015510698393473286	0.0001551068637972206	0.00015510670038397506	0.0001551064778104073	0.00015510617471816364	0.0001551057627129919	0.00015510520362664753	0.0001551044445289685	0.00015510341363168326	0.00015510201428596185	0.0001551001157098711	0.0001550975414370302	0.0001550940539501416	0.00015508933134571635	0.0001550829502173913	0.00015507433123739667	0.0001550627066726583	0.00015504703081250062	0.00015502590766208163	0.00015499747069515267	0.00015495923065530695	0.00015490788272655296	0.0001548390413769975	0.00015474687740710456	0.00015462369677464555	0.00015445889697577	0.00015423892423425335	0.00015394600882866823	0.00015355686939322823	0.0001530408756945424	0.00015235845137422614	0.00015145796893854796	0.0001502728181205695	0.00014871789377740238	0.00014668810419502247	0.00014404735901200246	0.00014063382526454974	0.0001362644460482778	0.00013075358698021316	0.00012398277120296238	0.00011605044963815328	0.00010752966988931235	0.00009957930673356539	0.00009339778696438763	0.00008929114723001393	0.00008661954497358634	0.00008449388938997328	0.00008217470287171567	0.00007906838562239522	0.00007459818112211323	0.00006807494434144701	0.00005868209190672971	0.00004626563718224543	0.00003499371857844846	0.00003005466991714802	0.00002786802817866983	0.000025324936008857885	0.00002126020628048326	0.000014835040899469266	9.32320883600471e-6	7.900327486641579e-6	6.654510843872283e-6	4.4181937137785485e-6	2.315209394847184e-6	1.871284393195373e-6	1.239868046870652e-6	5.361839126583798e-7	3.949030561747505e-7	1.5753629801581592e-7	7.737307075499185e-8	1.824223820040536e-8	8.758928096481574e-25
0.00016186407987775454	0.00016186407988036473	0.00016186407986998842	0.00016186407985476417	0.0001618640798320525	0.00016186407979736772	0.00016186407974501426	0.0001618640796672167	0.00016186407955337008	0.00016186407938909424	0.00016186407915500073	0.00016186407882506638	0.00016186407836448684	0.00016186407772680566	0.00016186407685004302	0.00016186407565142778	0.00016186407402013993	0.00016186407180721806	0.0001618640688113983	0.00016186406475908422	0.00016186405927537663	0.0001618640518433167	0.00016186404175828553	0.00016186402803616565	0.00016186400933264247	0.00016186398380179157	0.00016186394892495602	0.0001618639013041378	0.00016186383634868184	0.00016186374774856317	0.00016186362745426833	0.00016186346402370948	0.00016186324165760242	0.00016186293913660304	0.00016186252780410481	0.00016186196844273756	0.00016186120950131792	0.0001618601799152777	0.00016185878298817356	0.0001618568891484988	0.00016185432224221676	0.00016185084417956024	0.00016184613839433865	0.00016183977348296045	0.0001618311673269018	0.0001618195356162889	0.00016180388350546944	0.00016178280438835848	0.00016175443580646753	0.00016171628691304964	0.00016166505552563172	0.0001615963813167519	0.00016150446092892304	0.00016138160610376393	0.00016121771194796546	0.00016099889298900794	0.00016070768492287162	0.00016032090856773763	0.0001598083479487125	0.00015913090663785236	0.00015823798415851297	0.00015706413120162053	0.00015552578203366441	0.00015351892406718543	0.0001509135476372632	0.00014754965018421083	0.00014324873202052366	0.00013782790832682742	0.00013116464130043031	0.00012334183797666122	0.00011490347153931376	0.00010700059309054691	0.00010086902990479353	0.00009683510471380112	0.00009423396296617662	0.00009214664964298057	0.0000898312093051179	0.0000867005963052779	0.00008218007243555667	0.00007558368043747637	0.0000660211957460015	0.000053126925415023975	0.000040466004513880706	0.00003452074525374886	0.00003212223355414785	0.00002948874844148398	0.00002526304608287219	0.000018480969676123677	0.000011570547968858044	9.606488526844092e-6	8.277616945584149e-6	5.89830232957344e-6	3.0829041026781464e-6	2.4304545628615464e-6	1.7488015693129882e-6	7.729135765403315e-7	5.533460994395055e-7	2.7449381223318084e-7	1.140601661941559e-7	4.416529163609e-8	8.183319750822473e-24
0.0001690008771546567	0.00016900087715418952	0.00016900087714597818	0.00016900087713044064	0.0001690008771092122	0.00016900087707681714	0.00016900087702751356	0.00016900087695353777	0.00016900087684427513	0.00016900087668527842	0.00016900087645700172	0.00016900087613313996	0.0001690008756784389	0.00016900087504579682	0.0001690008741723594	0.00016900087297425692	0.0001690008713393976	0.00016900086911751026	0.00016900086610624894	0.00016900086203163232	0.00016900085652021062	0.00016900084905976706	0.00016900083894769028	0.00016900082519874269	0.00016900080647560845	0.00016900078096327125	0.00016900074613728893	0.00016900069858383684	0.0001690006336914798	0.00016900054522408616	0.00016900042494497563	0.0001690002614389676	0.0001690000388201601	0.0001689997362635407	0.0001689993251446036	0.00016899876637389133	0.00016899800803735015	0.0001689969793068965	0.00016899558370501942	0.00016899369131743766	0.0001689911265688504	0.0001689876539629464	0.00016898295661081704	0.0001689766063140614	0.0001689680262371965	0.00016895643959357655	0.00016894082950029825	0.00016891980225359232	0.00016889149866161594	0.0001688534202098855	0.0001688022866251573	0.00016873382481584595	0.0001686421988414422	0.0001685197399894069	0.00016835638989478466	0.00016813873976689428	0.00016784955009877477	0.0001674653177566071	0.00016695624493770608	0.00016628409496692972	0.00016539878337250286	0.00016423651928733764	0.00016271543107216374	0.00016073295278425708	0.0001581635915256878	0.00015485234341413518	0.00015062405883640236	0.00014530093740100267	0.0001387578683495691	0.0001310635805888384	0.0001227326981178811	0.00011490457889965652	0.00010884616757592187	0.00010490331517061643	0.00010238148074517825	0.00010033811103213917	0.00009802660086401272	0.0000948740251004349	0.00009030747171045482	0.00008364131592064959	0.00007397709265467759	0.00006069113665008338	0.000046652959365731015	0.000039507255187560786	0.00003685762409874277	0.00003413418529402324	0.000029782279442984798	0.00002270321973621208	0.000014352542870101178	0.000011600838505594154	0.00001017963309122237	7.672472259173859e-6	4.113508364101704e-6	3.106758406805238e-6	2.3768560286632664e-6	1.1207466478990133e-6	7.531476971901875e-7	4.4147965529166073e-7	1.6224868972533533e-7	8.236637090005614e-8	2.866354778393017e-23
0.000176413673525867	0.00017641367352384858	0.00017641367351793003	0.00017641367351283276	0.00017641367349231887	0.00017641367346214496	0.00017641367341606574	0.0001764136733462778	0.00017641367324217172	0.00017641367308926433	0.0001764136728678883	0.00017641367255149076	0.0001764136721043966	0.0001764136714788659	0.0001764136706111475	0.00017641366941620435	0.00017641366778053068	0.00017641366555230358	0.0001764136625277217	0.00017641365843187355	0.00017641365289180124	0.00017641364539832907	0.00017641363525188063	0.0001764136214773559	0.00017641360274390304	0.00017641357725335798	0.00017641354248718128	0.00017641349502340965	0.00017641343023097798	0.00017641334188013495	0.00017641322154488603	0.00017641305797844685	0.0001764128353932353	0.00017641253306515534	0.0001764121223536538	0.0001764115641853499	0.00017641080607883324	0.00017640977791575607	0.00017640838356401963	0.00017640649291689818	0.00017640393076771502	0.00017640046316695916	0.00017639577322649226	0.00017638943380346282	0.00017638087282717668	0.0001763693195636055	0.00017635374564062316	0.00017633276876343384	0.00017630453820366714	0.00017626656716656765	0.0001762155933092924	0.00017614736279220123	0.00017605603720760775	0.0001759339442995882	0.000175771206230315	0.0001755546302415277	0.00017526710893019158	0.0001748853851852642	0.0001743801560247797	0.00017371331259806292	0.0001728357812848222	0.0001716850649059344	0.00017018131661734602	0.0001682241089985552	0.00016569123009837328	0.00016243406384061285	0.00015828127326670302	0.00015306074356565008	0.00014664693578393713	0.0001390961569264493	0.00013089449177037052	0.00012316549188353765	0.00011720211951094833	0.00011336603711462336	0.00011093175175164994	0.00010893462754558764	0.00010662965508834456	0.00010345536841740644	0.0000988465040985997	0.00009211555269783675	0.00008236015052962183	0.00006875333076129732	0.00005342881365745138	0.00004490345996748153	0.000041954075582382955	0.00003915339218384824	0.00003476948367474718	0.000027431661694995053	0.000017749114610079652	0.000013886139804670897	0.000012353299568905184	9.725905902334339e-6	5.504792976695563e-6	3.908755838186875e-6	3.124446466462008e-6	1.6297065646061333e-6	9.890322577371022e-7	6.463842531556847e-7	2.2714934926503482e-7	1.3043797617218498e-7	1.5802144311388163e-22
0.00018421478284451717	0.0001842147828427533	0.00018421478283929825	0.00018421478285753694	0.00018421478283682752	0.0001842147828088109	0.00018421478276618982	0.00018421478270105946	0.00018421478260283354	0.00018421478245702957	0.00018421478224390096	0.00018421478193668544	0.0001842147814993185	0.00018421478088342512	0.00018421478002432365	0.00018421477883571837	0.00018421477720250874	0.00018421477497101925	0.00018421477193553688	0.00018421476781956285	0.00018421476224949425	0.0001842147547171943	0.00018421474452737008	0.00018421473072855298	0.00018421471199576972	0.00018421468653109758	0.00018421465183587234	0.00018421460448908626	0.00018421453984125718	0.00018421445158862983	0.0001842143311118176	0.00018421416750235488	0.00018421394529210462	0.0001842136435091197	0.00018421323343930672	0.00018421267589224842	0.00018421191757099836	0.00018421088963647495	0.00018420949645545255	0.00018420760790632115	0.00018420504890365747	0.00018420158581016963	0.0001841969021239022	0.00018419056920492447	0.00018418201916811777	0.00018417048562854456	0.00018415494119966086	0.00018413401330801842	0.00018410586594817585	0.000184068047237529	0.00018401730816711436	0.00018394933330714624	0.00018385831764321364	0.00018373655783888998	0.00018357451767932924	0.0001833589116325533	0.00018307265502423328	0.00018269341781272397	0.00018219248712719797	0.00018153101094211575	0.00018066152416453934	0.00017952239911400762	0.00017803622398976772	0.0001761055513627401	0.00017361000419128882	0.00017040906048437426	0.00016633577765524463	0.0001612244883163623	0.0001549517771672141	0.00014756352201089368	0.00013951800437990935	0.00013191794204040028	0.0001260764477257378	0.00012236669392936056	0.00012003047945725218	0.00011808271436231977	0.00011578743872385684	0.00011259156698561093	0.00010794448256395484	0.0001011541347157204	0.00009131940283691191	0.00007747352224010378	0.00006096066151945303	0.00005083108129972809	0.0000475215953737885	0.000044658189234534934	0.00004035425285882709	0.00003280112894318076	0.000021905154432993033	0.000016536421623475942	0.000014868055383169094	0.00001212853469095139	7.33695959768373e-6	4.866941373919897e-6	4.0204521856256486e-6	2.3347185043848067e-6	1.2697992430447164e-6	8.981098475892575e-7	3.124817855395666e-7	1.9065516289899502e-7	4.181350928025453e-22
0.00019329136364960026	0.00019329136364822604	0.0001932913636456716	0.00019329136365468986	0.00019329136364444672	0.00019329136361127564	0.0001932913635718523	0.00019329136351186788	0.00019329136342054927	0.00019329136328343312	0.00019329136308075657	0.00019329136278561514	0.00019329136236160576	0.00019329136175973315	0.00019329136091432927	0.0001932913597376696	0.00019329135811271792	0.00019329135588336393	0.0001932913528410767	0.00019329134870646358	0.00019329134310356385	0.00019329133552358272	0.00019329132527393352	0.00019329131141025875	0.0001932912926249297	0.00019329126712874998	0.0001932912324431886	0.00019329118511994626	0.00019329112053945215	0.00019329103244906953	0.00019329091223228506	0.0001932907487263134	0.00019329052656197988	0.00019329022486914052	0.00019328981510519658	0.0001932892578706216	0.00019328850060947985	0.00019328747377432706	0.00019328608196481116	0.00019328419607854064	0.00019328164140720101	0.00019327818259269342	0.00019327350526195157	0.0001932671842988832	0.0001932586498840158	0.0001932471374558752	0.00019323162168207806	0.00019321073599775122	0.00019318265689707669	0.0001931449457513703	0.00019309437219509917	0.00019302663438673824	0.00019293600490562723	0.00019281490810411063	0.00019265366407772268	0.00019243900309754352	0.00019215421888703907	0.0001917772933612201	0.00019127977765397782	0.00019062422225311242	0.0001897635100847756	0.0001886365582192265	0.0001871681983316053	0.000185264502181462	0.0001828092441937082	0.00017966588920343432	0.00017567768459287214	0.00017068451652418082	0.00016456934563014114	0.00015737079414770533	0.00014952094241578372	0.00014209605846644214	0.00013641883081463453	0.0001328654234185613	0.00013064153602375443	0.00012874718912460011	0.00012646165895292897	0.00012324759064629223	0.00011856331634913239	0.00011172354224028418	0.00010182400116589829	0.00008782039459445743	0.00007032778487362889	0.00005827991028178541	0.000054471202780188455	0.00005149925937171051	0.00004695838208771585	0.00003921970204943083	0.00002742062098494261	0.000019878942220994774	0.000017980914968121983	0.00001513249689279739	9.952908171774227e-6	6.131277427512691e-6	5.186779908746818e-6	3.369708074974054e-6	1.67325061700512e-6	1.2572198956946169e-6	4.740816261890766e-7	2.4527052499880714e-7	1.1146513670409823e-21
0.00020277033757770793	0.00020277033757673676	0.00020277033757468572	0.0002027703375709579	0.00020277033756931108	0.00020277033753853988	0.00020277033750719606	0.0002027703374521506	0.00020277033736811233	0.0002027703372404834	0.0002027703370495121	0.00020277033676821695	0.00020277033635992853	0.00020277033577509757	0.00020277033494711327	0.0002027703337868128	0.0002027703321751289	0.00020277032995329625	0.00020277032690954963	0.00020277032276092065	0.00020277031712806986	0.00020277030950015054	0.00020277029918543254	0.0002027702852416584	0.00020277026637779361	0.0002027702408148779	0.0002027702060996461	0.0002027701587849971	0.00020277009429112483	0.00020277000640125156	0.00020276988653841857	0.00020276972321663949	0.00020276950101466405	0.0002027691991242682	0.00020276878944664324	0.00020276823260786313	0.00020276747674230171	0.0002027664512137059	0.00020276506037225978	0.00020276317646188797	0.00020276062565384358	0.00020275717144137672	0.0002027525006089745	0.0002027461916035479	0.00020273767359104284	0.00020272618266784222	0.00020271069695624095	0.00020268985526317943	0.00020266184215236252	0.000202624228117201	0.00020257379687333557	0.00020250627848610777	0.0002024160235134938	0.0002022955892294324	0.00020213513018745	0.000201921513830751	0.00020163832643188467	0.0002012635881163935	0.0002007692180569001	0.00020011927740320605	0.00019926702378962152	0.00019815252803060792	0.00019670187628442425	0.00019482471039515204	0.00019240970742431283	0.0001893239726402729	0.000185421434579171	0.00018054869315086594	0.00017459658699823136	0.00016759920139231073	0.00015996452157684957	0.0001527394066400202	0.0001472493949564767	0.00014386719416751512	0.00014176082083543732	0.000139920145432985	0.00013764360179653606	0.00013441204898227913	0.00012969215713706792	0.0001228085519551978	0.00011285447603495416	0.0000987337160723581	0.00008042356145868204	0.00006634636681193347	0.00006194037806200772	0.00005885618693637191	0.00005405855944621127	0.00004615145665183041	0.00003364527604185655	0.000023636696437087286	0.00002140871269883413	0.00001845588673393539	0.000012978173116329987	7.5996089519754305e-6	6.497427883250275e-6	4.573695623793297e-6	2.15341913365096e-6	1.6572989153254472e-6	7.033044459675578e-7	2.906913341809315e-7	1.8133493765444816e-21
0.00021282868186843582	0.00021282868186782563	0.0002128286818664015	0.00021282868186344548	0.00021282868185849244	0.00021282868185463542	0.00021282868184436233	0.00021282868179362332	0.00021282868171743923	0.00021282868160066762	0.00021282868142359315	0.00021282868115927233	0.00021282868077090314	0.0002128286802085138	0.00021282867940465558	0.00021282867826875377	0.00021282867667961043	0.00021282867447552963	0.00021282867144093833	0.00021282866728831182	0.0002128286616333875	0.00021282865396082622	0.00021282864357621188	0.0002128286295384708	0.00021282861056392557	0.00021282858488216804	0.0002128285500792962	0.00021282850280195256	0.0002128284385027908	0.0002128283508750449	0.00021282823133723263	0.0002128280683098424	0.00021282784608942388	0.00021282754358314888	0.00021282713367609058	0.00021282657768331335	0.00021282582322960537	0.0002128247989800166	0.00021282340798542635	0.00021282152399949177	0.0002128189752119013	0.00021281552680889538	0.00021281086308231259	0.00021280456275206278	0.00021279606060175843	0.0002127845922460689	0.00021276914223295889	0.00021274835601816806	0.00021272041694072615	0.0002126829099231761	0.0002126326180791245	0.00021256529816439276	0.0002124753521232071	0.00021235537725834984	0.0002121956433516387	0.00021198339325558958	0.00021170204934444024	0.00021132941224807892	0.0002108382830350727	0.00021019305938770722	0.0002093483542395847	0.0002082472272632787	0.00020681470133332013	0.0002049639089033779	0.00020258893440087367	0.00019956273452800355	0.00019574757501572727	0.0001910006806561117	0.0001852219533506496	0.00017844538122234861	0.00017105790023919516	0.00016407199005316657	0.00015880657938189679	0.00015562040128606574	0.00015364033347216782	0.00015185370514492853	0.00014958462108326457	0.00014633413888821663	0.00014158016310849794	0.0001346577458205405	0.00012466230200244876	0.00011046413564195506	0.00009156106941742962	0.00007529635845355809	0.00007011340416566637	0.0000669345793085859	0.00006204222720962553	0.0000539809626591769	0.00004101145503824532	0.00002814192467882228	0.00002537970188521763	0.000022326510789295154	0.000016635257585988766	9.44085305865152e-6	8.047000670355525e-6	6.031833217027823e-6	2.7649671610275815e-6	2.1048185817029824e-6	1.0615090766289173e-6	3.1891835310896556e-7	2.2419136958976988e-21
0.00022403356161841603	0.0002240335616180703	0.00022403356161718182	0.00022403356161514735	0.00022403356161101922	0.00022403356160554573	0.00022403356159783988	0.0002240335615298771	0.00022403356145963757	0.00022403356135461	0.00022403356119391184	0.00022403356095061333	0.00022403356058795637	0.00022403356005576582	0.00022403355928594717	0.00022403355818663185	0.0002240335566344591	0.00022403355446450523	0.0002240335514566741	0.00022403354731756974	0.00022403354165585277	0.00022403353394837111	0.00022403352349352064	0.00022403350934583526	0.00022403349022369562	0.00022403346437707615	0.00022403342941460755	0.00022403338204104596	0.00022403331773243837	0.0002240332302388121	0.0002240331109557745	0.00022403294799157954	0.0002240327261938511	0.00022403242434205543	0.00022403201449166935	0.0002240314585274252	0.00022403070467235625	0.00022402968203094026	0.00022402829350356588	0.00022402641188867234	0.00022402386543900267	0.0002240204215016533	0.0002240157657431183	0.0002240094737705712	0.00022400098120392033	0.00022398953269216288	0.00022397411211424307	0.0002239533659847044	0.00022392549035017478	0.00022388807896486952	0.00022383794446575797	0.00022377086161328068	0.0002236812510686167	0.00022356173215587252	0.00022340266314293015	0.00022319145000032048	0.00022291163602904205	0.00022254174995485	0.00022205445405700525	0.00022141374115583292	0.00022057633622180175	0.0002194860185414488	0.00021807288548127346	0.0002162488799994373	0.00021391331012011005	0.00021094798337835784	0.00020722157812284024	0.0002026065594138697	0.00019701267281619392	0.00019047978308728812	0.00018337789173725267	0.0001766825754737969	0.00017169053877364324	0.00016873040600400908	0.0001668851637965809	0.00016515056556012619	0.00016288717864070925	0.0001596217364426697	0.00015484369280253232	0.0001478841154539833	0.00013785946572758394	0.0001236276962691298	0.00010436523933610918	0.0000858905590895093	0.00007961132829001867	0.00007632933433031122	0.00007134598043880863	0.0000631442656907451	0.00004986500691393772	0.00003406943344075425	0.00003020474137775037	0.00002705095495479648	0.000021181169626370343	0.000012225951166625576	0.000010018296339374283	7.917619688786207e-6	3.913594215212469e-6	2.7075040816740267e-6	1.5860604854013327e-6	3.4484191633395425e-7	2.4526008750019895e-21
0.00023599528284394842	0.0002359952828437833	0.00023599528284330397	0.0002359952828420772	0.0002359952828392779	0.00023599528283361522	0.0002359952828251057	0.0002359952827876818	0.0002359952827428935	0.00023599528264632797	0.00023599528250281099	0.00023599528228338178	0.00023599528195127238	0.0002359952814563521	0.00023599528073021107	0.00023599527968002333	0.000235995278180559	0.00023599527606376513	0.00023599527310483396	0.00023599526900387434	0.00023599526336122206	0.00023599525564383528	0.00023599524513945238	0.00023599523089299843	0.000235995211617666	0.0002359951855702163	0.00023599515037554925	0.00023599510278043094	0.00023599503831086326	0.00023599495079597117	0.0002359948315961463	0.0002359946690476079	0.00023599444794728612	0.00023599414687235754	0.0002359937373440956	0.00023599318125151642	0.00023599242692776384	0.00023599140405359314	0.0002359900180251452	0.00023598813979809114	0.00023598559605279956	0.00023598215465560693	0.00023597750285536903	0.00023597122048518124	0.00023596274223903265	0.00023595131387062836	0.00023593592532275646	0.0002359152234894787	0.00023588740799972683	0.00023585008921940393	0.00023580008890224124	0.00023573320453832615	0.00023564389055161615	0.00023552483092215774	0.00023536645841071058	0.0002351562375145641	0.00023487785485639342	0.0002345103022989317	0.00023402641911881783	0.00023339121866071703	0.00023256091094641694	0.00023148104976933252	0.00023008454040602955	0.00022828760864001643	0.000225991044089367	0.00022308495820487178	0.00021944740671522636	0.00021496476760631756	0.00020956022512232743	0.00020328335903293789	0.00019649188085022338	0.0001901238110652833	0.00018544051584529444	0.00018272489261990436	0.0001810158910429439	0.00017933015154544512	0.0001770703757100393	0.00017378963777019748	0.0001689874556814368	0.00016199803357459566	0.00015194585348274561	0.00013770206374225623	0.0001182295774912533	0.00009770360635195928	0.00009001684629575513	0.00008662435700935723	0.00008155763538014064	0.0000732272041065402	0.00005977117147896905	0.00004142229795407176	0.000035700975594541324	0.00003244404184833411	0.000026412515107307144	0.000016109409224104433	0.000012326713857457377	0.00001014242963545029	5.655231605370656e-6	3.4243312016137046e-6	2.2405897252651866e-6	3.916672480342103e-7	2.6054863264295253e-21
0.0002490147694605602	0.00024901476946049796	0.0002490147694602867	0.00024901476945966687	0.0002490147694580654	0.00024901476945437856	0.00024901476944683663	0.00024901476943461876	0.0002490147694113835	0.0002490147691223453	0.00024901476899007305	0.00024901476879605333	0.00024901476849941215	0.0002490147680499451	0.0002490147673793103	0.00024901476639422964	0.00024901476496808756	0.000249014762930032	0.00024901476005096274	0.0002490147560241548	0.0002490147504392346	0.00024901474275155534	0.00024901473223407425	0.0002490147179157344	0.00024901469849522703	0.0002490146722207095	0.0002490146367210676	0.0002490145887682958	0.0002490145239432005	0.0002490144361531244	0.0002490143168026909	0.00024901415468398105	0.00024901393428126056	0.0002490136341000005	0.00024901322537595333	0.0002490126695727581	0.0002490119144208244	0.0002490108909714175	0.0002490095061485518	0.0002490076309834042	0.0002490050914005243	0.0002490016537821044	0.00024899700519288517	0.0002489907311821872	0.0002489822681337245	0.0002489708589258629	0.0002489554946383529	0.00024893483111617206	0.00024890707447239774	0.00024886984409893954	0.0002488199781986317	0.00024875328547528934	0.00024866425133454053	0.00024854561855876766	0.00024838786544614984	0.00024817857653158657	0.0002479016275234673	0.00024753615366805676	0.00024705534829938953	0.0002464252586254978	0.0002456023468809775	0.00024453310081643025	0.00024315148874515176	0.00024137951526528485	0.00023912189150338372	0.00023627311211063925	0.0002327236845162211	0.0002283727896790174	0.0002231615123236788	0.0002171527760871651	0.00021069830905109653	0.00020469750386576332	0.00020036195217595394	0.00019790911392324716	0.00019633532111965876	0.0001946932943115318	0.00019243466842008223	0.00018913818674004312	0.00018431306319478474	0.00017729966331056922	0.00016722810411702236	0.00015299300494121647	0.00013344722543841755	0.00011115854356902801	0.00010167127381564686	0.00009815463852680276	0.00009301139160305373	0.00008456349098356688	0.00007090811988678655	0.00005064274714920532	0.00004203228698987023	0.00003866412683251696	0.00003248453333773964	0.00002134344072026236	0.000015073399579480854	0.00001280227614551726	8.043381100044294e-6	4.297649065237357e-6	3.0567177004632048e-6	5.723660668506725e-7	2.741839004613963e-21
0.00026322713925680297	0.00026322713925678595	0.00026322713925671547	0.0002632271392564696	0.0002632271392557293	0.0002632271392537728	0.00026322713924917257	0.0002632271392395366	0.0002632271392227384	0.0002632271390036966	0.0002632271389073534	0.0002632271387240784	0.0002632271384650302	0.0002632271380689993	0.00026322713746733785	0.00026322713656691993	0.00026322713524056207	0.00026322713331544483	0.00026322713055841184	0.00026322712665595736	0.00026322712118749607	0.0002632271135939138	0.000263227103129329	0.00026322708879993696	0.0002632270692794875	0.00026322704279273696	0.00026322700695323117	0.00026322695853573996	0.0002632268931557131	0.0002632268048064022	0.0002632266850954744	0.00026322652296772645	0.00026322630289498056	0.00026322600362292675	0.00026322559623532236	0.00026322504175219145	0.0002632242872422382	0.00026322326359639307	0.0002632218783193878	0.00026322000405318736	0.00026321746820850696	0.00026321403640827473	0.00026320939339489314	0.000263203124795423	0.0002631946710768104	0.00026318327960149073	0.0002631679382748532	0.00026314730835647163	0.00026311960910319206	0.0002630824648305669	0.00026303271814030114	0.0002629662026835687	0.0002628774342294404	0.0002627591975741043	0.00026260202464813257	0.00026239361085731447	0.0002621179507762253	0.0002617544195855792	0.0002612766012084361	0.00026065081955694116	0.000259834842228751	0.00025877598283171357	0.00025740969252717515	0.00025565962259788773	0.00025343912913636257	0.0002506462877400135	0.00024718199237669456	0.00024296082003909207	0.00023794488847040496	0.00023221431627194568	0.00022612249848781305	0.000220530330634846	0.00021658262721239055	0.0002144075638777787	0.00021296351407623255	0.00021135806237822637	0.00020909782866914705	0.00020578592065476686	0.0002009399753163601	0.00019390772763920358	0.0001838261160689303	0.00016960684890574628	0.0001500707264428698	0.00012643907977193805	0.00011470594783169439	0.0001110434494293545	0.00010583066333942684	0.0000972764081489297	0.00008341791344512725	0.00006199733129542917	0.00004935676740539337	0.0000458506952528708	0.000039535089459011644	0.000027956073365099614	0.000018361019110666502	0.000015981400362107167	0.000011054081419798605	5.3805923769694894e-6	4.0649449325937495e-6	1.1047793503705647e-6	2.876403617746972e-21
0.00027864351918480113	0.00027864351918479826	0.0002786435191847827	0.0002786435191847143	0.00027864351918446286	0.00027864351918366993	0.0002786435191814862	0.0002786435191761548	0.00027864351916454406	0.0002786435191426824	0.00027864351909687087	0.00027864351912933714	0.00027864351887383736	0.0002786435185327878	0.0002786435180123801	0.0002786435172183624	0.0002786435160239363	0.0002786435142557946	0.0002786435116780286	0.0002786435079715048	0.0002786435027068305	0.00027864349530906673	0.00027864348501059735	0.0002786434707890727	0.00027864345128290793	0.00027864342467711625	0.00027864338854626284	0.0002786433396364454	0.000278643273560573	0.00027864318436901373	0.0002786430639156847	0.00027864290106802576	0.00027864268051252074	0.00027864238151834286	0.00027864197538275345	0.0002786414229823518	0.0002786406713423829	0.00027863964916996427	0.0002786382629406025	0.00027863638727400265	0.00027863385134769034	0.00027863042377403077	0.00027862578935121943	0.0002786195284874453	0.0002786110818375004	0.0002785997029397921	0.0002785843887243423	0.0002785637971132443	0.0002785361440963816	0.0002784990685177897	0.00027844942596868156	0.0002783830684357292	0.000278294551121262	0.00027817667851512553	0.00027802003555358484	0.0002778124241755672	0.00027753795371949244	0.00027717623019366493	0.0002767010395580544	0.00027607934252952816	0.00027526951401009796	0.00027422002255346847	0.0002728684614387119	0.0002711400308101314	0.0002689515713540492	0.0002662127990028962	0.0002628297353132922	0.0002587354154788325	0.00025391348316434483	0.00024846723336292007	0.0002427598073235161	0.00023761600010957913	0.00023409380564010793	0.0002322046952176779	0.00023087951144112564	0.00022930220134980106	0.00022703857765397908	0.00022371183419042878	0.00021884685920213904	0.000211797447018309	0.00020170725712298078	0.00018750674982370076	0.00016802752736955073	0.00014355947334268528	0.00012916277493049553	0.0001253188651648686	0.00012004356217212546	0.00011139263158588077	0.00009739672104556765	0.00007540939262168231	0.000057827296169151684	0.000054107125040190945	0.00004766771265865824	0.00003582855982573736	0.00002234744318359356	0.000019757619766067603	0.000014692084817061546	6.81790619039975e-6	5.298586327795488e-6	2.111122533993771e-6	3.0074171627691697e-21
0.00029543056781838927	0.0002954305678183891	0.0002954305678183876	0.000295430567818378	0.0002954305678183295	0.0002954305678181282	0.00029543056781742693	0.00029543056781532813	0.0002954305678098279	0.00029543056779703054	0.00029543056777058175	0.00029543056773360016	0.00029543056766869716	0.00029543056708504625	0.00029543056664243784	0.0002954305659720372	0.0002954305649431178	0.0002954305633831754	0.00029543056105631513	0.0002954305576405826	0.0002954305526993072	0.00029543054564384316	0.0002954305356841218	0.0002954305217662068	0.00029543050248374614	0.0002954304759663352	0.0002954304397237227	0.00029543039043468687	0.0002954303236555987	0.00029543023341466516	0.0002954301116433241	0.00029542994737251973	0.00029542972560448285	0.000295429425406448	0.00029542901887001156	0.00029542846793543766	0.0002954277194810947	0.0002954267019901116	0.0002954253190758753	0.0002954234422143649	0.0002954209037512228	0.0002954174746297554	0.00029541284605706766	0.00029540659688944034	0.0002953981639567947	0.00029538679594296255	0.0002953714969794544	0.00029535093581640326	0.0002953233326945753	0.00029528631741778034	0.00029523677017246903	0.00029517057249307463	0.0002950822642293578	0.0002949646881666111	0.0002948085358904614	0.0002946016583381942	0.0002943282592757002	0.0002939681039126219	0.00029349539376668127	0.00029287735164757427	0.0002920729579997359	0.00029103207968903086	0.0002896934159581211	0.000287985634574358	0.0002858267447882585	0.00028313465715267775	0.0002798307901628133	0.00027585705935578506	0.00027122415128245047	0.00026606388776803766	0.00026075680935283503	0.000256095346997752	0.0002530296875408176	0.000251424907454871	0.0002502025384992497	0.0002486445772161233	0.00024637533168290777	0.0002430366814360171	0.00023815420909344384	0.00023108922215003466	0.00022099263408467486	0.0002068098488477214	0.00018742136167770784	0.00016252667241741515	0.00014518516547323024	0.00014110259863734414	0.00013577112497052614	0.00012703483887328498	0.00011291758914852021	0.00009065746332498615	0.00006767451765997519	0.000063531971924192	0.000056978882111071195	0.00004493810947727802	0.000027414510282183725	0.0000242117009885081	0.000019023129198661613	9.157465412908447e-6	6.810487939050039e-6	3.5090811702860524e-6	3.1849445059263595e-21
0.0003136773229142886	0.0003136773229142886	0.0003136773229142885	0.0003136773229142878	0.0003136773229142823	0.000313677322914251	0.0003136773229141072	0.00031367732291355917	0.0003136773229117826	0.0003136773229067783	0.000313677322894323	0.00031367732286666884	0.00031367732281265475	0.000313677322751075	0.0003136773224774939	0.000313677322416942	0.0003136773215635611	0.00031367732027156144	0.0003136773182973261	0.00031367731532021547	0.0003136773109025074	0.0003136773044481412	0.00031367729515037923	0.00031367728192360214	0.00031367726331495935	0.0003136772373819197	0.0003136772015430028	0.0003136771523615429	0.0003136770852619838	0.000313676994142379	0.0003136768708332123	0.0003136767043426864	0.00031367647982473754	0.00031367617708765637	0.0003136757685394555	0.0003136752160097244	0.00031367446802434194	0.00031367345406738503	0.0003136720773777799	0.00031367020909012634	0.0003136676744781022	0.0003136642439382168	0.00031365960985243395	0.0003136533612789621	0.00031364494030901687	0.0003136335947855712	0.00031361831750843354	0.000313597776012371	0.0003135702040923328	0.00031353325520644485	0.0003134838058013006	0.00031341772492359606	0.0003133295992194403	0.00031321232522774577	0.00031305659325770016	0.00031285033184243525	0.0003125778573549786	0.0003122191823970662	0.00031174854656528764	0.00031113369095753707	0.0003103343187180224	0.00030930071649437136	0.00030797364294913486	0.00030628359904527814	0.0003041537079423182	0.0003015039746525103	0.00029826826525057224	0.0002944067372852897	0.00028995451351381647	0.00028508034128246177	0.00028019266269805113	0.0002760574662757979	0.0002734821507078395	0.0002721495720295047	0.00027100722381096935	0.0002694591429702146	0.00026718325898682395	0.0002638335293091185	0.0002589394836374384	0.00025186197897606225	0.00024176087797801057	0.0002276094449430186	0.00020831507241719037	0.00018336800213174817	0.00016296347508679842	0.0001585174741304254	0.00015313601910935874	0.00014432505377434075	0.0001301070546398919	0.00010770570719088203	0.00007952693509912194	0.00007414489047193373	0.00006749235514540305	0.000055282644815160336	0.00003501154803608292	0.000029545694674137776	0.000024245102712296248	0.000013365434372418622	8.63645648682843e-6	5.244003935177184e-6	5.050128710733673e-21
0.0003340235319223161	0.0003340235319223161	0.0003340235319223161	0.0003340235319223161	0.000334023531922316	0.0003340235319223149	0.00033402353192230614	0.00033402353192225323	0.00033402353192200007	0.00033402353192100694	0.0003340235319177232	0.0003340235319083525	0.00033402353188483183	0.00033402353183228234	0.0003340235317284973	0.00033402353157352654	0.0003340235306847555	0.0003340235296363775	0.00033402352805893975	0.0003340235256456601	0.0003340235219536359	0.00033402351638927745	0.0003340235081410984	0.00033402349610474574	0.0003340234787869738	0.00033402345418051896	0.00033402341959779864	0.0003340233714601367	0.00033402330500285725	0.0003340232138956659	0.00033402308971856203	0.00033402292124955256	0.00033402269348000536	0.00033402238624409363	0.0003340219722881043	0.0003340214144444	0.0003340206625459639	0.0003340196472849087	0.00033401827450225036	0.0003340164149640855	0.0003340138920686323	0.0003340104732641358	0.00033400584533239795	0.00033399959257557024	0.0003339911614137644	0.000333979818829674	0.00033396457006515954	0.0003339440713688009	0.00033391653730671357	0.00033387962184258023	0.00033383023572510547	0.00033376428885932856	0.0003336763414498575	0.000333559286847281	0.0003334039403496972	0.0003331982197217065	0.0003329265753804509	0.0003325691108368863	0.00033210031736835376	0.0003314882691313482	0.0003306930836662443	0.00032966598320561337	0.00032834871039273217	0.0003266738835858424	0.0003245680266497278	0.0003219572162699618	0.00031878141715551404	0.0003150222422415574	0.00031073647293926874	0.0003061354185041185	0.0003016680292290065	0.0002980796554465104	0.00029600119060799965	0.0002949096549037246	0.0002938234691656547	0.00029227858317734255	0.0002899950655740866	0.0002866340425221086	0.00028172791419966677	0.0002746405340433686	0.00026453859028613744	0.000250412128711693	0.0002311949597285629	0.00020636955508004261	0.00018315534332372967	0.00017816547985512258	0.00017274211801972318	0.00016386456257785182	0.00014956233541533226	0.0001270605268310993	0.00009499033223823128	0.00008672178248331866	0.00007998033265066185	0.00006762078305026487	0.00004565276572274827	0.00003560658054243197	0.0000301970001754598	0.00001901850112513051	0.000010708994756158835	7.234881182165272e-6	1.8330444338611152e-20
0.0003545330153170531	0.0003545330153170531	0.0003545330153170531	0.0003545330153170531	0.0003545330153170531	0.0003545330153170531	0.000354533015317053	0.0003545330153170519	0.0003545330153170424	0.00035453301531698	0.00035453301531665845	0.00035453301531531534	0.00035453301531062953	0.0003545330152966284	0.0003545330152600512	0.00035453301517526526	0.0003545330150005404	0.00035453301470012537	0.00035453300424426057	0.00035453300183446235	0.0003545329989995193	0.00035453299470111684	0.00035453298809709016	0.00035453297809150965	0.0003545329631857253	0.00035453294133712057	0.00035453290977987623	0.0003545328647923918	0.0003545328013781708	0.00035453271291228407	0.0003545325905487723	0.000354532422550393	0.00035453219332486297	0.0003545318821467587	0.00035453146136815364	0.00035453089396145134	0.00035453013008827764	0.00035452910212253424	0.00035452771833137874	0.0003545258536878459	0.00035452333815552613	0.00035451993777670587	0.0003545153350905102	0.0003545091096753225	0.0003545006959269364	0.0003544893439219887	0.00035447407259030575	0.0003544535741082953	0.0003544260879869449	0.0003543892637634643	0.0003543399611137778	0.0003542740644455561	0.00035418623535934707	0.0003540694392896502	0.00035391442014277033	0.0003537091408133763	0.00035343818836480463	0.00035308178618329624	0.00035261456501137016	0.0003520048663057886	0.00035121324714577386	0.0003501915562860338	0.000348882649299099	0.0003472208325606528	0.0003451352003171362	0.0003425566326934616	0.0003394334977462296	0.0003357585223442704	0.00033162310631036006	0.0003272771449454774	0.00032322881751035634	0.00032021005988071445	0.00031862323265286776	0.00031772389218693583	0.00031666885245605056	0.000315122505337092	0.0003128322040600724	0.00030946314086439567	0.0003045477540348149	0.0002974521664109299	0.00028735045749419353	0.00027324683784737383	0.00025413014745111076	0.0002295013646267388	0.00020397322671951098	0.00019806480875269586	0.0001926039829661696	0.00018366981085210892	0.0001692924606742907	0.000146709661418081	0.00011300994537116093	0.00009924209021792106	0.00009242727567341644	0.00007994737812775286	0.00005766181796172827	0.00004129244921948957	0.00003580961588555782	0.000024465451110730887	0.000011768700267054907	8.221716878465195e-6	4.9896994503819454e-20
0.00037637151944966754	0.00037637151944966754	0.00037637151944966754	0.00037637151944966754	0.00037637151944966754	0.00037637151944966754	0.00037637151944966754	0.00037637151944966754	0.0003763715194496675	0.0003763715194496669	0.0003763715194496612	0.00037637151944961865	0.0003763715194493722	0.0003763715194482247	0.00037637151944379664	0.00037637151942927495	0.0003763715193879361	0.000376371519284065	0.0003763715190514784	0.00037637151859389495	0.00037637151824406866	0.0003763715170668346	0.0003763715106098653	0.00037637150339325565	0.00037637149239194256	0.0003763714755322231	0.00037637145006413783	0.00037637141223277024	0.00037637135692862274	0.0003763712772441384	0.0003763711639152355	0.0003763710044827833	0.00037637078244266784	0.00037637047584414415	0.00037637005556902443	0.00037636948300403893	0.00037636870687065774	0.00037636765886153137	0.000376366247652864	0.0003763643505867561	0.00037636180221981697	0.0003763583778843078	0.00037635377101844403	0.00037634756860008506	0.00037633920888851467	0.00037632792923210183	0.0003763127205184362	0.0003762922403725541	0.0003762647241804437	0.0003762278639699676	0.000376178592472197	0.000376112851693446	0.0003760252202313754	0.00037590859613073407	0.0003757537711844528	0.0003755488746860485	0.0003752785659360593	0.00037492301619861834	0.00037445707515766657	0.00037384931220780897	0.0003730606285749426	0.00037204337846559465	0.00037074125365906707	0.0003690899785289433	0.00036702062080933473	0.00036446805072927	0.0003613871695002688	0.00035778381550948863	0.0003537710646381044	0.000349651235189418	0.0003460054646817226	0.00034356691680572504	0.0003424318246520284	0.0003416592468908301	0.0003406152008987864	0.00033906534574056687	0.0003367700646254074	0.0003333937969479207	0.0003284694792368563	0.00032136602117199787	0.0003112634683155055	0.0002971806661013587	0.0002781347929766051	0.00025354077354042915	0.00022662579250195655	0.00021919661761120996	0.0002137072099600897	0.00020472723956735197	0.00019028904259901078	0.0001676469467420536	0.00013357644339343562	0.00011252574123528567	0.00010564850827849025	0.0000930646250036621	0.00007060871450420771	0.00004698742520683261	0.00004142867777338344	0.000029950553215452705	0.000012077219292913751	8.435538762474178e-6	5.64650755789139e-20
0.0003992968910368974	0.0003992968910368974	0.0003992968910368974	0.0003992968910368974	0.0003992968910368974	0.0003992968910368974	0.0003992968910368974	0.0003992968910368974	0.0003992968910368974	0.0003992968910368974	0.0003992968910368974	0.0003992968910368974	0.00039929689103689704	0.00039929689103689275	0.00039929689103685497	0.0003992968910366019	0.00039929689103526125	0.0003992968910294625	0.00039929689100843527	0.000399296890943029	0.00039929689076515976	0.0003992968903362548	0.00039929688941604867	0.00039929688776001805	0.00039929685917467107	0.00039929685018913274	0.0003992968328019793	0.00039929680755219313	0.00039929676860902863	0.00039929670912558913	0.00039929661979114944	0.00039929648789957637	0.0003992962962174965	0.00039929602152594796	0.0003992956327218791	0.0003992950883163883	0.00039929433327326116	0.000399293294689242	0.00039929187611320615	0.0003992899499167312	0.0003992873470612159	0.0003992838431011539	0.00039927913857513216	0.0003992728330383404	0.0003992643876997948	0.0003992530733985447	0.0003992379105897932	0.0003992175662422606	0.00039919025917143285	0.0003991536004796145	0.00039910444682088417	0.000399038683767687	0.00039895097303933305	0.00039883438281454963	0.00039867984819779323	0.000398475473534912	0.00039820574883681574	0.00039785083063392546	0.0003973858161391644	0.00039677962186264974	0.00039599339124117463	0.0003949796638733136	0.00039368276080294106	0.0003920397002369171	0.0003899830782818955	0.00038745049256676533	0.00038440218183216683	0.0003808528656489602	0.00037693422937095576	0.00037299609523889425	0.0003697136074883673	0.00036784184064190086	0.0003670715386341725	0.00036635942782428177	0.0003653168418907687	0.00036376399339622484	0.00036146395362330144	0.0003580819036852285	0.00035314931968680527	0.00034603911512292766	0.00033593661220473103	0.00032186920534032587	0.0003028804643847748	0.0002785942126634795	0.0002512496998212932	0.00024173414375868436	0.00023622215037682266	0.00022720942446845626	0.00021272237369204661	0.00019003261695592518	0.00015592504761542705	0.00012713786663463717	0.00012020626825620178	0.00010754238546838575	0.00008496904473098071	0.00005347755942737565	0.000047701838296799086	0.000036115710667385524	0.000014106214625137688	8.542781529585072e-6	5.716055297106215e-20
0.000424209131512603	0.000424209131512603	0.000424209131512603	0.000424209131512603	0.000424209131512603	0.000424209131512603	0.000424209131512603	0.000424209131512603	0.000424209131512603	0.000424209131512603	0.000424209131512603	0.000424209131512603	0.000424209131512603	0.000424209131512603	0.000424209131512603	0.000424209131512603	0.00042420913151260294	0.0004242091315126023	0.0004242091315125929	0.000424209131512498	0.0004242091315117761	0.0004242091315075196	0.0004242091314874357	0.000424209131409394	0.0004242091311531473	0.00042420913042626104	0.00042420912861316075	0.0004242091245995913	0.0004242091171527658	0.00042420910849844356	0.0004242090486845635	0.00042420897577852154	0.0004242088642144663	0.0004242086905300734	0.00042420842407537874	0.0004242080229198159	0.00042420742984609997	0.00042420656734403823	0.0004242053311654751	0.0004242035824367774	0.0004242011342828072	0.00042419774235054715	0.0004241930828263713	0.0004241867293162467	0.0004241781213912976	0.0004241665217629082	0.0004241509596785988	0.00042413015400958936	0.0004241024080487555	0.0004240654652736061	0.0004240163170998983	0.00042395094951391165	0.0004238639996154767	0.0004237483469244279	0.0004235946245889441	0.0004233906846681147	0.0004231210243884691	0.0004227661590004191	0.00042230168060959546	0.00042169692555657447	0.00042091325959073533	0.0004199029481771125	0.00041860981939098623	0.00041697200331522433	0.00041492512633130584	0.00041240805724083204	0.00040938214056466745	0.0004058706870485218	0.00040201914261621884	0.0003982087821150598	0.0003952229244448462	0.0003938754545148235	0.00039333350657304767	0.00039263550465629143	0.00039159199382165876	0.00039003676144732253	0.00038773442494195195	0.000384349463237977	0.0003794160520845277	0.00037230341063309333	0.00036220207623913084	0.00034814570063801625	0.00032919878245523006	0.0003050265570557761	0.00027778668953848336	0.0002660502426428519	0.00026052111760071383	0.00025148103348967074	0.00023696350569626647	0.00021423917199164932	0.00018013007824870656	0.00014364273522172313	0.0001366338818368749	0.00012391025090591974	0.00010125073691511822	0.00006302242283384505	0.00005478404011455903	0.00004312952829806322	0.000019768905436879018	8.608461465765392e-6	5.760615028878058e-20
0.00045226823981868864	0.00045226823981868864	0.00045226823981868864	0.00045226823981868864	0.00045226823981868864	0.00045226823981868864	0.00045226823981868864	0.00045226823981868864	0.00045226823981868864	0.00045226823981868864	0.00045226823981868864	0.00045226823981868864	0.00045226823981868864	0.00045226823981868864	0.00045226823981868864	0.00045226823981868864	0.00045226823981868864	0.00045226823981868864	0.00045226823981868864	0.00045226823981868864	0.00045226823981868864	0.00045226823981868864	0.00045226823981868864	0.00045226823981868864	0.0004522682398186886	0.0004522682398186872	0.0004522682398186616	0.00045226823981834674	0.00045226823981554364	0.0004522682397966277	0.0004522682396960962	0.00045226823926141187	0.0004522682376895021	0.00045226823282326173	0.00045226821967886914	0.0004522681883011466	0.000452268122646224	0.0004522680764103117	0.0004522677775888283	0.0004522670416810796	0.0004522660109744205	0.0004522643769371594	0.0004522618236997843	0.00045225792074790236	0.00045225207965734967	0.0004522435026866854	0.0004522311186890253	0.00045221349036926405	0.0004521887081195952	0.00045215428146966634	0.00045210692891677816	0.00045204237724880315	0.0004519550937558081	0.0004518379533048533	0.0004516818284960581	0.000451475081784991	0.0004512029275934023	0.0004508466254673139	0.00045038245041551195	0.00044978040568043043	0.0004490027429721591	0.0004480024418796704	0.0004467225073203461	0.0004450974591241975	0.00044305902046227943	0.0004405480025121853	0.0004375348335955105	0.0004340506645887432	0.00043024667282755426	0.0004265156570361824	0.0004237107360572334	0.00042278495635527237	0.00042231922468792126	0.000421621923921549	0.0004205781194453706	0.00041902514060350877	0.0004167232381383894	0.00041333872826866105	0.00040840639627333386	0.0004012963503593081	0.0003912000649016324	0.0003771564314580954	0.0003582422170531964	0.0003341461258745268	0.0003070780092797941	0.0002933421593378756	0.0002878060334064826	0.00027875330676983384	0.0002642169481719978	0.00024147812752396626	0.00020737578868023422	0.00016298812951655035	0.00015564945286033894	0.00014289461395966438	0.00012018638822262698	0.00008140100921479088	0.00006356168959731507	0.00005186204573109957	0.000028430225192251576	8.650444171802474e-6	5.787608719462787e-20
0.000418641284236774	0.000418641284236774	0.000418641284236774	0.000418641284236774	0.000418641284236774	0.000418641284236774	0.000418641284236774	0.000418641284236774	0.000418641284236774	0.000418641284236774	0.000418641284236774	0.000418641284236774	0.000418641284236774	0.000418641284236774	0.000418641284236774	0.000418641284236774	0.000418641284236774	0.000418641284236774	0.000418641284236774	0.000418641284236774	0.000418641284236774	0.000418641284236774	0.000418641284236774	0.000418641284236774	0.000418641284236774	0.000418641284236774	0.000418641284236774	0.000418641284236774	0.000418641284236774	0.000418641284236774	0.000418641284236774	0.000418641284236774	0.000418641284236774	0.000418641284236774	0.000418641284236774	0.000418641284236774	0.000418641284236774	0.000418641284236774	0.000418641284236774	0.000418641284236774	0.000418641284236774	0.00041864128423677407	0.0004186412842367741	0.0004186412842367815	0.00041864128423709895	0.0004186412842452005	0.0004186412843764761	0.0004186412858099849	0.0004186412969107467	0.0004186413606030303	0.0004186416417694562	0.0004186426280934746	0.00041864544228885554	0.00041865300024148625	0.0004186673783986955	0.00041869395197965584	0.00041873673940872176	0.00041879841418967015	0.00041887847585664643	0.0004189717028685941	0.0004190669926253829	0.0004191465312282907	0.0004191881204495439	0.000419155052792257	0.00041901055460462323	0.00041870575100249816	0.00041817989692228777	0.00041736114383864574	0.00041614906427698927	0.0004145224161683868	0.00041286759378580235	0.00041240337740535235	0.00041224399750158043	0.00041202430961008853	0.0004117345734743215	0.00041135582960359147	0.00041078742303223963	0.0004095575753180661	0.00040624950871732593	0.00039886709256164754	0.00038751497620809536	0.00037506785841640695	0.00036221721079358996	0.000340196729580506	0.0003117083500771408	0.00029989202158974064	0.0002964031493052867	0.00028608452937159363	0.0002739810363861431	0.0002524109998901986	0.0002214790643707567	0.00017629966068372934	0.00016329310456697992	0.00015112059927847112	0.00013005599616374767	0.00009269225720442533	0.00006247580646077042	0.00005126663844596659	0.000029122086938740397	8.391190083331018e-6	5.2379438666429877e-20