2.4541400505067887	2.454108555177097	2.454071743060058	2.4540287183235567	2.45397843486063	2.453919671276549	2.45385100170318	2.4537707617135407	2.453677008467901	2.4535674741218743	2.4534395114178635	2.4532900303525595	2.45311542482265	2.4529114879786857	2.452673314496185	2.4523951870126997	2.4520704426512254	2.4516913155479507	2.4512487534005722	2.4507322087701855	2.4501294029566836	2.4494260496961493	2.4486055227538412	2.447648472788898	2.446532406840722	2.4452311945475276	2.443714469111266	2.4419469768553594	2.439887823552868	2.4374895705804116	2.4346972638538227	2.431447253787418	2.427665912440755	2.4232681161878578	2.4181555726144306	2.412214892940903	2.4053154342126	2.397306884817723	2.3880165653154197	2.3772464446097246	2.3647698709987637	2.3503280334216923	2.333626190361546	2.3143297423262332	2.2920602757740554	2.26639178150274	2.2368473518050522	2.2028968368973247	2.1639561337140014	2.1193891063503694	2.068513554730614	2.0106131952729007	1.9449583379374702	1.8708387852761894	1.7876133196983668	1.6947807280363338	1.5920769652488111	1.4796007206815476	1.357963488284214	1.2284485695480936	1.0931450930098527	0.955001832503877	0.8177317749594999	0.6855122207283136	0.562481231991062	0.45212396504845015	0.35672191028665223	0.27704436719622955	0.21237471155047138	0.1608413050681707	0.11994670586490346	0.08719482449794821	0.06072600323170658	0.039722375527686704	0.024121714999613627	0.013670924890456014	0.007377289207892116	0.0038754052764071317	0.0019860247219055374	0.000952966126842998	0.0004056624693706073	0.00015463304957808645	0.000055863363589220685	0.000019316116777549723	5.814065869675734e-6	1.5043327951238856e-6	3.665549253922989e-7	7.84495150992344e-8	1.3871348239656752e-8	2.2590963518064184e-9	2.9631336454269535e-10	3.3836644376402325e-11	3.1070379311979335e-12	2.386173316556056e-13	1.3319327449656508e-14	5.484626284074431e-16	1.7380414173413006e-17	4.1602361520067346e-19	7.35172370194494e-21	9.277065308177416e-23	1.7238889679493476e-38
2.4541383740469316	2.4541068787352893	2.4540700666393573	2.454027041927539	2.453976758493477	2.4539179949431476	2.4538493254092457	2.4537690854657566	2.4536753322740803	2.453565797991158	2.4534378353609414	2.4532883543819377	2.453113748952956	2.4529098122270234	2.4526716388825505	2.452393511560468	2.4520687673877286	2.4516896405051627	2.451247078615899	2.450730534287374	2.450127728826868	2.449424375979113	2.4486038495195297	2.4476468001191267	2.4465307348311187	2.445229523309925	2.4437127987765	2.4419453075763515	2.4398861555084803	2.437487903979789	2.4346955989414805	2.4314455908492807	2.4276642518110756	2.423266458257367	2.418153917839891	2.4122132418560756	2.405313787441179	2.397305243088323	2.388014929478951	2.377244815659551	2.364768250094018	2.350326421914156	2.333624589826516	2.314328154597831	2.2920587029853756	2.266390226130987	2.2368458167220444	2.2028953254249126	2.1639546496838693	2.119387654166693	2.0685121394330173	2.0106118225955107	1.9449570143574657	1.8708375180425756	1.7876121168270542	1.6947795982546316	1.5920759178656214	1.4795997653598347	1.357962634687345	1.2284478268479648	1.0931444692425631	0.955001333812233	0.8177314047792721	0.6855119790206756	0.5624811146673158	0.4521239637252041	0.3567220124750321	0.2770445569055798	0.21237497013074108	0.16084161190825721	0.119947038588558	0.08719515833121252	0.060726310543888294	0.039722629363762724	0.024121899870489284	0.013671045415307228	0.007377363407599773	0.0038754512653829737	0.001986054170021658	0.0009529843580248267	0.0004056719764669631	0.0001546371459782196	0.00005586504223765888	0.000019316834388456697	5.814335758260734e-6	1.5044112912660814e-6	3.665771609285753e-7	7.845549432585786e-8	1.3872537048376125e-8	2.259328454256521e-9	2.96349569722077e-10	3.3841407151346614e-11	3.1075637618904675e-12	2.386643255345061e-13	1.3322303737582576e-14	5.485854467168448e-16	1.738428948410619e-17	4.161159332281614e-19	7.353346629404614e-21	9.279101824424213e-23	1.7242654773034616e-38
2.4541333463554134	2.4541018510979	2.4540650390652683	2.454022014427476	2.4539717310799767	2.45391296763087	2.45384429821533	2.4537640584102434	2.4536703053804048	2.4535607712867296	2.453432808877822	2.4532833281576325	2.4531087230313315	2.4529047866593765	2.452666613728849	2.452388486890812	2.4520637432840875	2.4516846170634228	2.4512420559482453	2.4507255125250023	2.4501227081231276	2.4494193565132942	2.4485988315013985	2.4476417837940505	2.446525720485881	2.4452245112799122	2.4437077894540886	2.4419403014201504	2.439881153054895	2.437482905856048	2.4346906058808786	2.4314406037093073	2.427659271594149	2.4232614861352926	2.418148955182489	2.412208290264096	2.4053088487850753	2.3973003195532057	2.388010023616694	2.3772399304492446	2.3647633890118955	2.3503215890141997	2.333619789833031	2.314323393011333	2.292053986202999	2.2663855615818562	2.2368412130187183	2.2028907925295997	2.1639501990877683	2.1193832990778905	2.068507894965312	2.0106077059455107	1.944953044950186	1.8708337176177299	1.7876085094243057	1.694776210047119	1.5920727767706788	1.4795969003566243	1.357960074756238	1.2284455994954142	1.093142598568775	0.9549998382394411	0.8177302946113286	0.6855112541411412	0.5624807628142122	0.45212395975679837	0.3567223189372769	0.2770451258426092	0.21237574561118172	0.16084253211955468	0.11994803642449707	0.08719615949486366	0.06072723217099613	0.039723390616399346	0.024122454296966963	0.013671406868502559	0.007377585932009928	0.0038755891860035	0.0019861424847182614	0.0009530390332130577	0.0004057004881831902	0.00015464943105389137	0.00005587007649271676	0.000019318986498604258	5.815145152260805e-6	1.504646700653707e-6	3.666438451481041e-7	7.847342598515388e-8	1.3876102277504629e-8	2.260024527899337e-9	2.9645814880467537e-10	3.3855690680468835e-11	3.1091407245011356e-12	2.3880525985235527e-13	1.3331229604491128e-14	5.489537779774229e-16	1.7395911514076374e-17	4.163927943541973e-19	7.35821377763325e-21	9.285209322565367e-23	1.7253946262527984e-38
2.454124972494693	2.454093477327334	2.4540566654001337	2.4540136408856323	2.4539633576823086	2.453904594401793	2.453835925183391	2.4537556856088196	2.4536619328485294	2.4535523990700545	2.453424437029748	2.4532749567406253	2.453100352118455	2.452896416336066	2.452658244094983	2.4523801180631475	2.4520553753991474	2.4516762502809124	2.451233690455012	2.4507171485395585	2.450114345900886	2.4494109963528703	2.448590473752168	2.4476334288646826	2.4465173688540296	2.445216163504179	2.4436994461879937	2.44193196342753	2.43987282122916	2.437474581241873	2.4346822896996065	2.4314322973891245	2.4276509768046326	2.4232532048281388	2.4181406896392	2.4122000431507975	2.405300623217098	2.3972921191699537	2.3880018526684355	2.3772317938977987	2.3647552926470925	2.3503135395881443	2.3336117952142765	2.3143154623612534	2.2920461301763266	2.2663777925521527	2.236833545330614	2.2028832427756284	2.1639427864070697	2.119376045469167	2.068500825601317	2.010600849468018	1.9449464337124867	1.870827387828358	1.78760250112247	1.6947705668254345	1.5920675451267994	1.4795921285567317	1.3579558110685261	1.228441889733197	1.0931394828720986	0.954997347291416	0.8177284455735147	0.6855100468196023	0.5624801767860377	0.4521239531472289	0.3567228293648049	0.27704607343444654	0.21237703721095025	0.1608440647754884	0.1199496983679845	0.08719782698081469	0.06072876718502969	0.039724658519079706	0.02412337772078618	0.013672008886089278	0.007377956557059362	0.0038758188993943355	0.0019862895770699353	0.000953130097354411	0.00040574797581040717	0.00015466989243507201	0.000055878461285326244	0.000019322570940999928	5.816493236684799e-6	1.5050387862494638e-6	3.6675491090552914e-7	7.850329202146158e-8	1.388204033715875e-8	2.2611838718477113e-9	2.966389924605581e-10	3.3879480581465934e-11	3.1117672311622623e-12	2.3903999270024127e-13	1.3346096062790803e-14	5.495672513108206e-16	1.7415268560924536e-17	4.1685391980309555e-19	7.366320245825157e-21	9.295381652867959e-23	1.7272752778400804e-38
2.4541132608965386	2.454081765855269	2.4540449540755223	2.454001929733456	2.4539516467317743	2.453892883687048	2.453824214744361	2.4537439754921873	2.4536502231088844	2.4535406897712457	2.45341272824646	2.4532632485602246	2.4530886446431253	2.452884709685297	2.452646538408464	2.4523684135041743	2.45204367215866	2.4516645485822717	2.451221990559542	2.450705450752867	2.4501026505801913	2.449399303915813	2.448578784687381	2.44762174374373	2.44650568834495	2.445204488388227	2.4436877773791776	2.4419203019941436	2.4398611684207183	2.437462938519447	2.4346706587713536	2.4314206802524923	2.427639375794676	2.423241622674481	2.4181291295327263	2.4121885088203245	2.4052891190196957	2.3972806501956576	2.3879904248616275	2.377220414198031	2.364743969151963	2.3503022817410786	2.3336006140201553	2.3143043706330837	2.2920351428157115	2.2663669268646305	2.236822821378442	2.2028726837649604	2.163932419105715	2.1193659006442918	2.068490938459283	2.0105912600669242	1.9449371873013246	1.8708185350480218	1.7875940979713982	1.6947626742718234	1.592060228201805	1.4795854547649547	1.357949847917382	1.2284367012967292	1.093135125289776	0.9549938634763318	0.8177258595276543	0.6855083582717293	0.5624793571728728	0.45212394390315086	0.356723543243659	0.277047398726947	0.21237884362951515	0.16084620833280375	0.11995202274558403	0.0872001591100486	0.06073091404035998	0.03972643179513328	0.024124669212137437	0.013672850861886708	0.007378474909560067	0.003876140174253568	0.0019864952989671492	0.0009532574587550159	0.00040581439153259877	0.00015469850951888497	0.00005589018817271189	0.000019327584106414037	5.818378654125972e-6	1.5055871532563926e-6	3.669102463670471e-7	7.854506236221399e-8	1.3890345248215757e-8	2.262805318740561e-9	2.968919185954932e-10	3.3912752899924176e-11	3.1154406372042796e-12	2.3936828772208395e-13	1.3366888143218268e-14	5.504252490013927e-16	1.7442341133745328e-17	4.174988452606173e-19	7.377657871454019e-21	9.309608572657656e-23	1.7299055384085754e-38
2.454074794706414	2.4540433000792827	2.454006488783847	2.45396346500814	2.4539131826687486	2.4538544203984705	2.4537857523613633	2.453705514168098	2.453611763023006	2.4535022311332866	2.4533742713017235	2.4532247935956577	2.4530501919943535	2.4528462597447835	2.452608091635017	2.452329970434132	2.4520052334191647	2.4516261149069463	2.451183562806701	2.45066702992628	2.450064237853132	2.4493609006600163	2.4485403925077556	2.447583364517563	2.446467324266409	2.4451661420233295	2.4436494517299696	2.4418820005694184	2.4398228953244883	2.4374246985505823	2.434632457540267	2.431382524319772	2.4276012728297713	2.4232035816427966	2.41809116091468	2.412150624863156	2.4052513340341353	2.3972429808998506	2.3879528907798075	2.3771830381230465	2.3647067776802593	2.3502653058894474	2.3335638899339672	2.314267940396478	2.291999055372789	2.2663312390552006	2.2367875990966994	2.202838003231208	2.163898368238473	2.1193325804979724	2.0684584646687463	2.0105597642025863	1.9449068179831237	1.8707894586054585	1.787566498331017	1.694736751683255	1.5920361962598415	1.4795635351882817	1.3579302624340988	1.2284196603582647	1.0931208132864871	0.9549824213558199	0.8177173661242443	0.6855028126932325	0.5624766656014577	0.4521239139777226	0.3567258884024391	0.2770517520602218	0.21238477721151253	0.16085324924441874	0.11995965757532817	0.08720781943691695	0.06073796590203133	0.0397322566921427	0.024128911661761426	0.013675616763002378	0.007380177742831459	0.003877195618821107	0.00198717116165366	0.0009536759194493927	0.00040603263756313837	0.0001547925554982027	0.00005592872881853467	0.000019344061897282696	5.824577526067965e-6	1.5073904000505144e-6	3.6742110402244587e-7	7.868249177678163e-8	1.391767747522441e-8	2.268143009143637e-9	2.97725094436584e-10	3.402238567453303e-11	3.127555755328518e-12	2.404515157841668e-13	1.3435567263834235e-14	5.532594579443322e-16	1.7531766111241787e-17	4.196290444761826e-19	7.415104492586708e-21	9.356595792582467e-23	1.738592102338618e-38
2.4540197491244014	2.4539882550899077	2.453951444487527	2.453908421522288	2.453858140130642	2.453799378968611	2.453730712227401	2.453650475549447	2.453556726176251	2.453447196358523	2.453319238949984	2.4531697640775687	2.4529951657901985	2.4527912374161813	2.452553073838529	2.4522749579372665	2.4519502271193687	2.451571115854046	2.451128572228956	2.450612049260096	2.4500092687774804	2.4493059451378683	2.448485452835756	2.447528443382136	2.4464124248074377	2.445111267912818	2.4435946072638863	2.4418271907688944	2.439768126062421	2.437369976694217	2.4345777911181803	2.4313279227202536	2.4275467470279057	2.4231491444681974	2.4180368273649644	2.4120964124642885	2.405197263264964	2.397189075684263	2.3878991790572455	2.3771295525103806	2.3646535562373594	2.3502123930017578	2.3335113373259966	2.3142158082911966	2.291947413809862	2.266280169373158	2.23673719559102	2.20278837497417	2.1638496410426646	2.1192848989736253	2.0684119942909063	2.010514693250307	1.9448633591335693	1.8707478498784043	1.7875270029278796	1.6946996561640082	1.592001806281617	1.4795321680336029	1.3579022353989818	1.2283952746016829	1.0931003326736626	0.954966047584683	0.8177052120077918	0.6854948769545525	0.5624728139856827	0.45212387121311887	0.3567292444148448	0.27705798179662045	0.2123932683046415	0.1608633249413915	0.1199705831793464	0.08721878153266817	0.06074805728461957	0.039740592278752	0.024134982740536885	0.013679574864657663	0.007382614562304317	0.003878706004189576	0.0019881383535127234	0.0009542747618056436	0.0004063449647090922	0.00015492714380717297	0.00005598388422776428	0.000019367643477428208	5.8334490401715825e-6	1.5099711604471228e-6	3.681522375741883e-7	7.887918695963922e-8	1.395679768366582e-8	2.2757829493154955e-9	2.989177109277629e-10	3.417931905416868e-11	3.1448994005137936e-12	2.4200229924387003e-13	1.353390049099454e-14	5.573174315050645e-16	1.7659802861871268e-17	4.2267900540454395e-19	7.468719305620959e-21	9.423870198839925e-23	1.751029121383171e-38
2.453911656617848	2.453880163747134	2.4538433545057243	2.453800333132024	2.453750053601493	2.453691294615753	2.4536226304193334	2.453542396717039	2.4534486508233635	2.4533391250744634	2.4532111724240813	2.453061703116183	2.4528871113364774	2.4526831905729893	2.452445035895174	2.4521669304009257	2.4518422117523833	2.4514631147179893	2.451020587735794	2.4505040842305386	2.4499013265085705	2.449198029484346	2.448377568307605	2.4474205952547625	2.446304619246717	2.4450035121295617	2.44348690969421	2.4417195612729303	2.4396605761729373	2.437262519896616	2.4344704431783972	2.4312207020743335	2.427439675227925	2.423042246708025	2.417930133095838	2.4119899561024294	2.405091085025258	2.397083222546716	2.3877937058873195	2.3770245233587453	2.364549045843253	2.3501084885261414	2.333408140341776	2.314113437059941	2.2918460058705	2.2661798844525647	2.236638218860064	2.202690920621422	2.1637539561301904	2.119191267477187	2.068320741159259	2.01042618821339	1.944778019833026	1.870666143722446	1.78744944677532	1.6946268127444144	1.5919342758270687	1.479470573861267	1.3578472003436801	1.2283473900648734	1.0930601168208764	0.954933896498035	0.8176813472214436	0.6854792959536401	0.5624652531168537	0.45212378989785684	0.3567358373603828	0.2770702179274118	0.21240994510929131	0.1608831134923943	0.11999204081819399	0.08724031107542563	0.06076787737455523	0.039756964773986915	0.024146908157394575	0.013687350223443341	0.007387401725789603	0.003881673348960349	0.0019900387111258223	0.0009554516101043206	0.00040695893296769406	0.00015519176826827433	0.000056092341240261875	0.000019414025810260807	5.850908689620848e-6	1.5150522588717262e-6	3.6959204831048134e-7	7.926689094525647e-8	1.4033956946411997e-8	2.2908600392314767e-9	3.012747472851739e-10	3.448965319447866e-11	3.1792654306481647e-12	2.450781652597973e-13	1.3729399354234883e-14	5.653859737436045e-16	1.7914359616277436e-17	4.287422294262145e-19	7.57529301239338e-21	9.55758141824112e-23	1.775745874653079e-38
2.453754342236162	2.4537228510592164	2.4536860437985704	2.4536430247412007	2.4535927479193442	2.4535339921009887	2.4534653316082666	2.453385102236759	2.4532913614071923	2.4531818415800792	2.4530538958547394	2.4529044346454616	2.452729852337035	2.452525942649943	2.452287800924986	2.452009710577148	2.4516850096399345	2.451305933317291	2.4508634305572308	2.450346955379384	2.449744230783354	2.449040972495272	2.4482205566185216	2.4472636365435156	2.4461477224871495	2.444846687816317	2.443330170105243	2.4415629207587215	2.4395040515183206	2.437106130728304	2.4343142124421955	2.4310646566021417	2.427283846386719	2.422886671165073	2.417774853714594	2.411835022972409	2.404936556675379	2.3969291673518875	2.38764020369898	2.3768716673965278	2.364396944882994	2.3499572694223256	2.333257950924114	2.3139644494469325	2.291698420237032	2.266033933266045	2.236494171619305	2.2025490890578516	2.1636146998197012	2.119054999720233	2.068187934888947	2.0102973815381815	1.9446538205929051	1.8705472321886576	1.7873365751911479	1.6945208001145862	1.5918359957406578	1.4793809332349015	1.3577671059347491	1.2282777026129323	1.0930015904760688	0.9548871077232808	0.8176466184388745	0.6854566234913829	0.5624542532312737	0.4521236757971533	0.35674543698811695	0.277088030629049	0.2124342207622198	0.16091191801949795	0.12002327470547078	0.08727165000512921	0.060796728995272505	0.03978079923578628	0.024164269997428742	0.013698670861928032	0.007394372037767939	0.003885994205017506	0.001992806185196179	0.0009571658126729518	0.0004078535312752168	0.00015557743036586608	0.00005625042452778055	0.00001948164990464285	5.876380926609856e-6	1.5224684014228415e-6	3.716940533896937e-7	7.983347452880652e-8	1.4146796043857892e-8	2.3129223688509302e-9	3.0472936166032073e-10	3.494478199259511e-11	3.22977714166152e-12	2.496039638417043e-13	1.4017802967123896e-14	5.772901300505498e-16	1.8289893106679147e-17	4.376860463845256e-19	7.732481535664162e-21	9.754772161870171e-23	1.8121929687976193e-38
2.4535284028029354	2.4534969140587104	2.4534601096429873	2.4534170939125097	2.4533668209810577	2.4533080697119423	2.453239414538755	2.4531591913874546	2.453065457831348	2.45295594650956	2.452828010730494	2.4526785611530744	2.452503992448024	2.4523000986696983	2.452061975548628	2.451783906955225	2.451459231456378	2.451080184881535	2.450637716911158	2.450121282419303	2.449518605401282	2.448815402749012	2.4479950519355738	2.447038207951392	2.445922382874772	2.444621452256892	2.4431050562333105	2.4413379491855456	2.439279246351559	2.436881520157354	2.434089829423573	2.430840539673887	2.4270600406004834	2.422663229185208	2.417551837104885	2.411612503675263	2.404714618754536	2.396707909012664	2.387419739630171	2.3766521314873708	2.3641784933657672	2.3497400844952923	2.333042244911818	2.3137504695594098	2.291486453981136	2.265824314529819	2.236287287478335	2.2023453872457464	2.1634146967883865	2.1188592890855276	2.0679971959164103	2.0101123871044093	1.9444754437296294	1.870376449960591	1.7871744680375892	1.6943685443648884	1.5916948461283758	1.4792521922175572	1.35765207603187	1.228177620107993	1.0929175385573444	0.954819914358211	0.8175967467153988	0.6854240681118224	0.5624384629897775	0.4521235205786292	0.35675923333381543	0.27711362313817084	0.21246909580866713	0.16095329783455462	0.12006814408583043	0.08731667105650488	0.060838178870526775	0.0398150440876139	0.02418921771158063	0.013714939309385893	0.007404389570253484	0.003892204579613645	0.0019967844851434	0.0009596307657519825	0.00040914051790957303	0.00015613242349631835	0.00005647795492022152	0.000019579020043395658	5.91309159707027e-6	1.5331631752297066e-6	3.747264067677338e-7	8.065198920434651e-8	1.4309973144487377e-8	2.344853961965622e-9	3.0974077247052356e-10	3.560559317735864e-11	3.303345226184551e-12	2.5620550914393535e-13	1.444003288694638e-14	5.947208411438957e-16	1.8839698687809155e-17	4.507784640122783e-19	7.962545669274923e-21	1.004333519266323e-22	1.8655203314476746e-38
2.4532146667455814	2.453183181379553	2.4531463809144314	2.453103369803842	2.453053102274799	2.4529943573229844	2.452925709536766	2.452845495023156	2.452751771567338	2.4526422720564662	2.4525143500892908	2.452364916664447	2.452190366849719	2.451986495163097	2.4517483978763086	2.451470359492196	2.451145719318329	2.45076671405276	2.450324294393063	2.4498079163997972	2.449205305450967	2.4485021800573534	2.4476819195940602	2.4467251812733783	2.4456094797584615	2.4443086936336837	2.442792466591405	2.4410255571467765	2.43896708539301	2.4365696294242403	2.4337782546809437	2.4305293344376033	2.426749267431505	2.4223529612159007	2.417242159825803	2.411303516989236	2.4044064393967064	2.396400673355888	2.3871136069371093	2.3763472876834073	2.363875155402999	2.349438505383562	2.3327427194959403	2.313453341128069	2.291192121781362	2.2655332422162573	2.2360000125649058	2.202062531479766	2.163136977343587	2.1185875302904993	2.0677323410387154	2.0098555094068526	1.9442277555583605	1.8701393081302957	1.7869493729196777	1.6941571294927835	1.5914988539207806	1.479073431370607	1.3574923553312686	1.228038656366306	1.0928008359828378	0.9547266227219227	0.8175275090851218	0.685378877083495	0.5624165530442029	0.45212332225388885	0.3567784087728161	0.2771491791528592	0.2125175419206254	0.16101077689733803	0.12013046959215716	0.08737920876838638	0.06089576002116127	0.039862621979324414	0.024223883822466204	0.013737548130752049	0.007418312808664799	0.003900837419544626	0.002002315790891558	0.0009630594550975006	0.0004109318599718429	0.0001569052548248899	0.00005679486819188408	0.00001971471707648938	5.964319774764364e-6	1.548100468249183e-6	3.789637803603201e-7	8.1798085100487e-8	1.4538785056223142e-8	2.389683327312017e-9	3.1679931259279733e-10	3.6537502296922565e-11	3.4075552568181983e-12	2.6557647618182966e-13	1.5042540395122784e-14	6.195995996595057e-16	1.9624288762044646e-17	4.694578581587866e-19	8.290711606424435e-21	1.0454844531768746e-22	1.9415518139017652e-38
2.4527942247448746	2.4527627439062982	2.4527259487357664	2.452682943816741	2.4526326835279977	2.452573947042619	2.452505309156405	2.4524251062190117	2.4523313962995825	2.4522219126176794	2.4520940091611747	2.451944597383981	2.4517700728860286	2.4515662308066677	2.451328168142938	2.4510501702452636	2.450725577413874	2.450346627510917	2.4499042725971045	2.4493879703231456	2.4487854479201308	2.4480824260684337	2.447262286692239	2.4463056899815925	2.44519015406386	2.4438895615884797	2.4423735610146458	2.44060691639741	2.4385487543369475	2.4361516605238616	2.433360709270473	2.430112284238947	2.4263327962887407	2.4219371671409538	2.416827157393001	2.410889440088219	2.4039934444758004	2.395988943181891	2.38670335495373	2.375938763067758	2.3634686489142376	2.3490343561055265	2.3323413225798606	2.313055156649795	2.2907976848123557	2.2651431741476498	2.2356150337746477	2.2016834752363987	2.1627648048073875	2.1182233462326585	2.0673774096349304	2.0095112690563597	1.943895830995408	1.8698215178503619	1.786647727753351	1.6938738187420066	1.5912362128290882	1.478833884018728	1.357278325930519	1.2278524458760605	1.092644460407865	0.9546016230086188	0.8174347470727983	0.6853183427638722	0.5623872203119542	0.45212308748876595	0.35680413856182924	0.2771968618637595	0.2125824997422051	0.16108784085470476	0.12021402993141261	0.08746305636585464	0.060972969458508226	0.039926428638583825	0.024270383789468827	0.013767880244135063	0.0074369950537147705	0.003912423011341908	0.002009741171173598	0.0009676649171301919	0.00041334013552777086	0.00015794486684435433	0.000057221316336625385	0.000019897452174142624	6.033427549303426e-6	1.5682751007599715e-6	3.8469067193309873e-7	8.335124150140136e-8	1.4849464502762076e-8	2.4506493573816595e-9	3.2644050712056284e-10	3.781249115380625e-11	3.550973753094079e-12	2.7850913634436487e-13	1.587988685296445e-14	6.541864529385192e-16	2.0714769434244914e-17	4.954125662753547e-19	8.746554128366764e-21	1.1026269619398093e-22	2.047098513582133e-38
2.452248459484018	2.452216984522882	2.452180196225672	2.4521371993444028	2.4520869484548617	2.4520282229604273	2.4519595979261863	2.4518794100167907	2.4517857176700106	2.451676254536935	2.4515483751105838	2.451398991435904	2.4512244998036423	2.4510206961597887	2.450782678442971	2.4505047331039247	2.4501802017315244	2.4498013236991203	2.4493590528370173	2.448842848860234	2.4482404414055017	2.4475375539697013	2.4467175717861713	2.4457611589106296	2.444645837967624	2.443345496883733	2.441829790306379	2.440063489482411	2.4380057294591535	2.435609105788861	2.4328187043010168	2.429570922142941	2.4257921859107623	2.421397435718069	2.4162884536632077	2.4103519378642524	2.403457346855683	2.395454487429774	2.3861708181579457	2.375408468705083	2.362940974442539	2.3485097417169856	2.331820281252518	2.3125382856458403	2.290285678752232	2.264636839711274	2.2351153061457234	2.2011914361526417	2.1622817020352554	2.1177506139746893	2.0669166890336603	2.009064427434457	1.9434649776502388	1.8694090134856192	1.7862561828445407	1.6935060754656457	1.590895302842319	1.4785229543251381	1.3570005237212037	1.2276107583462168	1.0924415048104175	0.954439399811652	0.8173143751585155	0.6852398089383076	0.5623491922463836	0.4521228339308377	0.3568375914163974	0.2772588130402775	0.21266687679748178	0.1611879341513427	0.120322558644683	0.0875719627039408	0.061073265857694264	0.04000933175216048	0.02433081584688031	0.01380730921105971	0.007461284804145793	0.0039274893657834315	0.0020194009898143123	0.0009736606886966852	0.0004164789294930785	0.0001593008569999908	0.00005777776807138404	0.000020136120199711494	6.123889870474738e-6	1.594723591642136e-6	3.9220475403249437e-7	8.539602479469339e-8	1.5259488768825672e-8	2.5312697178589063e-9	3.3926005327989204e-10	3.951128524734663e-11	3.74348382806259e-12	2.959282417801619e-13	1.7017694038243552e-14	7.012039817549083e-16	2.219671140715067e-17	5.306719859002577e-19	9.365576986736079e-21	1.1801930185064343e-22	2.1903154832398955e-38
2.4515424968506974	2.4515110294930977	2.451474250087777	2.4514312636048055	2.4513810248748378	2.4513223135991886	2.45125370519131	2.4511735367233594	2.4510798671099954	2.4509704305605595	2.450842582221574	2.4506932349025945	2.4505187857880677	2.4503150318675204	2.4500770722976997	2.449799194952791	2.44947474308876	2.449095958033964	2.448653795908001	2.448137719096465	2.4475354603482287	2.446832746803814	2.4460129679775315	2.44505679292609	2.4439417500919753	2.442641734228638	2.4411264079891426	2.439360551924279	2.4373033120091865	2.43490729655411	2.4321176062879313	2.428870655803644	2.4250928920554635	2.4206992789512065	2.41559162640452	2.4096566649722346	2.402763891074829	2.394763155704792	2.385481968953484	2.374722520497876	2.3622584155439945	2.34783114159725	2.3311463035441307	2.3118697030189903	2.2896233898287677	2.2639818880844746	2.2344689016542763	2.200554978233014	2.161656804916868	2.117139133082678	2.0663207475162113	2.008486441058346	1.9429076752838592	1.8688754491608026	1.7857497337975583	1.6930304187057001	1.5904543605490697	1.4781207979372324	1.3566412249567923	1.2272981819401394	1.092179036890567	0.9542296284359955	0.817158747729648	0.6851383081877971	0.5623000940657147	0.45212260422977824	0.35688096666999264	0.27733905511199036	0.21277613021804975	0.16131751999455182	0.12046306096237598	0.08771296257235521	0.061203141756774444	0.040116717541743806	0.024409123834106546	0.013858418430575767	0.0074927787598973285	0.003947030697720978	0.0020319367849836786	0.0009814500675240923	0.00042056341310449857	0.00016106737443401768	0.000058503119343579404	0.00002044766388680228	6.242362927958156e-6	1.6294390837703858e-6	4.020794925507549e-7	8.809661864276825e-8	1.5802991097095198e-8	2.6384403740308234e-9	3.5643980906708543e-10	4.1794655133292877e-11	4.005054980716552e-12	3.1971261650947963e-13	1.8591574545748032e-14	7.662854645334635e-16	2.424705957141303e-17	5.79429569052826e-19	1.0221086955446475e-20	1.287326005305036e-22	2.388014342828722e-38
2.450663955969426	2.450632498075374	2.4505957297371177	2.4505527561961236	2.450502532600265	2.450443839021668	2.4503752513073738	2.45029510703673	2.450201465717939	2.4500920622551603	2.449964252608277	2.4498149505384954	2.449640554342588	2.4494368623088962	2.4491989751102685	2.4489211823925565	2.4485968294866187	2.448218160154051	2.447776133363765	2.44726021482524	2.4466581411608117	2.44595564404594	2.4451361183231053	2.444180239273431	2.443065542580583	2.4417659314948073	2.4402510786332554	2.438485776126689	2.4364291835511303	2.43403392509595	2.4312451200339886	2.427999204671804	2.4242226513015783	2.41983045344629	2.4147244556391216	2.4087914288110217	2.4019009165365444	2.3939028248210246	2.3846247278789994	2.3738688900802725	2.361409003549291	2.3469866568043574	2.3303075719297217	2.3110376862718196	2.2887992064016744	2.2631668368683244	2.2336644884564345	2.1997629448439	2.160879160470076	2.116378186919383	2.065579142204514	2.0077671833871396	1.9422141617504562	1.8682114810071042	1.7851195145770824	1.6924385251031373	1.5899056744515274	1.4776203869980609	1.3561941573672607	1.2269092682007599	1.0918524917920656	0.9539686732655822	0.8169651839470315	0.6850121139242558	0.562239122753967	0.45212245623541447	0.3569350898972688	0.27743906238684307	0.2129122448593333	0.16147894173346633	0.12063807481589507	0.08788860831218318	0.06136496272565736	0.04025056251630624	0.02450676752731757	0.013922171426044088	0.007532076154056374	0.003971422828882044	0.0020475939522538343	0.000991190895905406	0.0004256806280912439	0.00016328333573369848	0.000059413624813453026	0.000020839338200879904	6.391855198129594e-6	1.6733541775905078e-6	4.145877552825506e-7	9.153636998295624e-8	1.649808679669903e-8	2.775928269242252e-9	3.7867881094362743e-10	4.476004205121152e-11	4.348831139592854e-12	3.5113663736804696e-13	2.070115621866835e-14	8.535901861770308e-16	2.6996110697782605e-17	6.447637161965719e-19	1.1366717186010109e-20	1.4306911077861125e-22	2.6524093987682753e-38
2.4495826947555335	2.4495512485107342	2.449514493795597	2.449471536185666	2.4494213312192974	2.4493626594250757	2.449294097183772	2.449213982699061	2.4491203762097773	2.4490110134753675	2.4488832514569303	2.448734005087118	2.4485596740318263	2.4483560581782355	2.4481182600656974	2.4478405715207403	2.447516340428322	2.4471378135452433	2.4466959533478105	2.446180229637113	2.445578383803585	2.444876153104967	2.4440569389424662	2.4431014242592966	2.4419871536527764	2.440688040832222	2.4391737706802847	2.4374091495823067	2.435353353856227	2.432959027238309	2.4301713118280093	2.4269266706607917	2.423151607218537	2.418761151479765	2.4136571905928212	2.4077265451876406	2.4008388168839576	2.3928439794060146	2.3835696859017395	2.3728182926853303	2.360363598875112	2.3459473173334224	2.3292753144118152	2.310013694514708	2.2877848571860087	2.2621637290915673	2.2326744757274475	2.198788171265291	2.1599220992411885	2.115441680786676	2.064666444154195	2.006881994767556	1.9413606636391014	1.8673943527706687	1.7843439308786688	1.6917101199644764	1.589230457693077	1.477004597241444	1.3556440337519076	1.226430732943239	1.0914507336603498	0.9536476577421346	0.8167271285397021	0.6848569911370687	0.562164289107664	0.4521224943199175	0.35700193277208253	0.2775623846311968	0.21308001234924298	0.1616778626390048	0.12085373533187894	0.08810506674987659	0.06156443592663015	0.04041562343911758	0.02462724972518601	0.014000874276887164	0.007580608182593669	0.004001561183518916	0.0020669548613329214	0.0010032549476732258	0.0004320334552444972	0.000166038864138805	0.000060546801998447646	0.000021327764680164215	6.57915493172955e-6	1.7285551183517957e-6	4.303371435245854e-7	9.589795220638424e-8	1.73841480573342e-8	2.9518641166395063e-9	4.0746708210666566e-10	4.8614304022434564e-11	4.802465783537995e-12	3.9287155491251777e-13	2.3555137303693605e-14	9.718392396545452e-16	3.071703598313494e-17	7.331274773703613e-19	1.291487902719653e-20	1.6242560287302231e-22	3.009093974825092e-38
2.4482769950707697	2.4482455628960955	2.4482088246351466	2.4481658862669717	2.448115703801558	2.4480570583188075	2.447988526844135	2.4479084483352906	2.4478148839135683	2.447705570371443	2.447577865879292	2.4474286867846544	2.447254434407204	2.44705091056518	2.4468132200520523	2.4465356573284027	2.446211573364044	2.445833218533406	2.44539155954908	2.444876071154102	2.4442745004979187	2.443572591580553	2.4427537537248707	2.441798679128586	2.4406849231551133	2.4393864121461637	2.437872845798972	2.4361090477158887	2.434054214435643	2.431661013303969	2.4288746139902044	2.4256315118138865	2.4218582479277693	2.4174698963425	2.4123683956774213	2.4064406265896783	2.3995562608072682	2.391565353846634	2.382295654192942	2.371549629212767	2.3591012072541155	2.3446922513653283	2.3280288021480593	2.308777165784143	2.286559974896655	2.2609524244329484	2.2314789875408776	2.197611089265387	2.15876641064321	2.114310819164125	2.0635643386217524	2.0058131160014616	1.9403300617893113	1.866407679900393	1.7834074373604683	1.6908306110840874	1.5884151927755823	1.4762611120690994	1.3549798650280604	1.2258530341774476	1.0909657726419368	0.953260224326995	0.8164399010292128	0.6846699354802314	0.562074210885786	0.4521228480606129	0.3570829729438476	0.2777116384412745	0.21328294551046684	0.16191842524880817	0.12111452770643262	0.08836685083887237	0.06180575038786778	0.040615409151291776	0.02477316995198438	0.014096247526444613	0.0076394472758674675	0.0040381200360868055	0.002090461605720038	0.0010179288205188345	0.0004397817710415343	0.00016940601687029868	0.00006193285981495925	0.000021926531699652727	6.8100028301788945e-6	1.796846171317148e-6	4.4985817706869404e-7	1.0134701931829572e-7	1.8497903490001688e-8	3.1739448651419326e-9	4.4428384097076297e-10	5.3565529127471434e-11	5.3951376008483664e-12	4.4777990700919734e-13	2.7388785436619748e-14	1.1309098955085172e-15	3.571866265875101e-17	8.518008469836282e-19	1.499209837136727e-20	1.8837033242642034e-22	3.4867385867934127e-38
2.446704115697298	2.446672700476399	2.446635982041899	2.446593066859053	2.4465429115061377	2.4464842977273644	2.4464158033249133	2.4463357681651505	2.4462422544326894	2.446133000164745	2.446005364988809	2.445856266957285	2.4456821093825734	2.4454786964097552	2.445241135548409	2.4449637244330162	2.444639817750452	2.444261670234163	2.443820253701255	2.4433050488496404	2.442703809768122	2.4420022885807264	2.441183904155403	2.440229359841262	2.4391162239744135	2.437818438117616	2.436305719819142	2.4345429134271708	2.4324892398449167	2.4300973948670848	2.427312581382588	2.4240713336124697	2.4203002381002445	2.4159144219139774	2.410815885692639	2.4048915824232284	2.398011268311419	2.3900250974296213	2.3807609331401594	2.3700213766230473	2.3575805119430684	2.3431803831175153	2.3265272407137796	2.307287634049103	2.2850844766013836	2.259493286592246	2.2300389078868954	2.1961931883320367	2.1573742879641693	2.1129486121835788	2.062236781830058	2.0045255965520465	1.9390886651570602	1.8652192169464048	1.7822794400116657	1.6897712800784515	1.5874332761080592	1.475365691043709	1.3541800222523246	1.2251573905184698	1.090381881639019	0.9527938580166936	0.8160942865166764	0.6844450304307905	0.5619661635907918	0.4521237679745344	0.3571811136763286	0.2778919684006494	0.21352795243334427	0.162208776779827	0.12142927315441883	0.08868283589446466	0.06209714313133722	0.04085681760850432	0.02494963730879419	0.014211672118324118	0.007710700499440764	0.004082423905589974	0.002118982371786242	0.001035775041473636	0.00044923925274651717	0.00017352619837627647	0.00006363107638166075	0.00002266229576179929	7.095667880059825e-6	1.8817756405828034e-6	4.741941791851669e-7	1.0821003329763334e-7	1.9912089987484687e-8	3.4574189685774413e-9	4.920867483998424e-10	6.003075087268824e-11	6.18604654879222e-12	5.216912601113259e-13	3.269120418303927e-14	1.3514015940386678e-15	4.264449048801217e-17	1.015937343915965e-18	1.7861446946182324e-20	2.241600766339951e-22	4.144817921067528e-38
2.444848026519313	2.444816631310846	2.444779936279719	2.444737048465108	2.4446869251161094	2.4446283487610936	2.444559898119142	2.4444799141291633	2.4443864602309175	2.444277275930921	2.4441497225766544	2.444000720232965	2.4438266745645	2.44362339246299	2.4433859846441623	2.443108752489002	2.4427850550720076	2.442407152272016	2.441966021931572	2.441451151777894	2.4408503040911516	2.440149240584899	2.439331391394084	2.438377473031305	2.437265069145938	2.435968139267396	2.434456422015825	2.432694786228311	2.4306424815675003	2.4282522374106073	2.4254692958583908	2.422230237052797	2.418461701116222	2.414078877747607	2.4089838407942223	2.403063628622304	2.3961880971570473	2.388207516808209	2.3789498865414975	2.3682179654929967	2.3557860215396955	2.341396312320456	2.324755336252245	2.3055299296579035	2.283343337547085	2.2577714597517993	2.2283395777520045	2.194520038497369	2.155731567471676	2.1113412050726836	2.060670276972819	2.003006353291283	1.9376238672580892	1.863816904577513	1.7809485046198323	1.6885214028792053	1.5862747844913507	1.4743093060143921	1.3532364667746963	1.2243368423810026	1.089693258703051	0.9522439743091555	0.815686951360179	0.6841801920417571	0.5618392719297847	0.4521255041915888	0.35729760753847284	0.27810547328728885	0.21381779711832183	0.16255215072813425	0.12180146554740703	0.08905655007431855	0.062441923529778454	0.04114266933519762	0.025158785105101868	0.014348585619131006	0.00779527678783045	0.004135053363319953	0.0021529076045555358	0.0010570586665495747	0.0004605633416577987	0.0001784733151248215	0.00006567300640749414	0.000023549788712617072	7.442902800471659e-6	1.9855843627688233e-6	5.040167390054772e-7	1.1671362495350558e-7	2.1680272597411332e-8	3.8137874142775166e-9	5.533088839572944e-10	6.836068309214903e-11	7.2290790655764576e-12	6.200413542352817e-13	3.9958519889487165e-14	1.6544222097300472e-15	5.2151855132606716e-17	1.2409599668765324e-18	2.1789610890214554e-20	2.7308215350727307e-22	5.04312817669511e-38
2.442676073444271	2.442644701662235	2.4426080340269545	2.4425651782494384	2.442515092364042	2.442456559817068	2.442388160400919	2.442308236310009	2.4422148524533625	2.442105750057442	2.441978292483131	2.441829402151029	2.4416554874793226	2.441452358574984	2.4412151299068627	2.4409381072415766	2.4406146547896976	2.440237038453157	2.4397962431278555	2.4392817647696234	2.4386813752474845	2.4379808475002447	2.4371636248517445	2.436210439224036	2.4350988921923125	2.433802964317025	2.4322924188853343	2.430532153401302	2.4284814511921797	2.426093080948172	2.4233123306698503	2.42007583425548	2.4163102945452173	2.411930974555163	2.4068400338292224	2.4009246106783895	2.394054677760434	2.3860806416699196	2.3768306601102607	2.3661076771220024	2.3536861757545413	2.339308663715453	2.322681929558918	2.303473145582177	2.2813059448944855	2.2557566740572574	2.2263511268379768	2.1925622344508287	2.1538093843701076	2.1094603603523825	2.058837313232293	2.001228715146728	1.9359099645361846	1.86217614981031	1.7793913070336567	1.6870590965373788	1.5849194602461905	1.4730735159642983	1.352132765245967	1.2233771456379994	1.088888008326381	0.9516011474453226	0.8152110069153844	0.6838710671228763	0.5616916354726139	0.4521284410365734	0.3574348747685937	0.2783562924250739	0.21415797050741486	0.16295499046693412	0.12223807221427473	0.08949501914534402	0.06284665469417162	0.04147852134413642	0.025404784196780585	0.014509780469064528	0.007894932696907709	0.0041971240575153805	0.002192980933898368	0.0010822765778283248	0.00047404342158116516	0.00018438173238093837	0.00006811571200546848	0.00002461535635094567	7.863551888186813e-6	2.112168718942469e-6	5.404881256666498e-7	1.2724459223563589e-7	2.3893625129810124e-8	4.26253206889785e-9	6.320671439220752e-10	7.914888094195276e-11	8.61590104414519e-12	7.521006691422293e-13	5.005288523131188e-14	2.0768384068536266e-15	6.538772187750252e-17	1.5537482874772214e-18	2.7240788250346895e-20	3.4085076363276796e-22	6.285483191351331e-38
2.4401565345784757	2.4401251899832506	2.4400885541413677	2.4400457355435115	2.4399956931353466	2.439937211428456	2.4398688714608503	2.4397890168839793	2.43969571431197	2.4395867069673014	2.4394593605474393	2.43931060020688	2.439136837559361	2.438933886443239	2.4386968656829726	2.4384200861347862	2.4380969179696863	2.4377196340794276	2.437279227545487	2.4367652038753254	2.4361653460621815	2.435465440073701	2.4346489445394246	2.433696609264842	2.4325860566286743	2.431291291597455	2.429782106085414	2.428023430865688	2.425974588332645	2.4235883928020114	2.4208101855401147	2.41757666283259	2.413814600302893	2.4094393460555574	2.4043531590863005	2.3984432936943505	2.3915798580098793	2.3836134166738336	2.374372311609329	2.363659701444853	2.351250318945409	2.336886962033952	2.320276755982974	2.3010872630041685	2.2789425666182392	2.2534195318489947	2.2240445470162062	2.190291221439262	2.151579710871028	2.1072786618409203	2.0567111829199236	1.9991667932093447	1.9339220114835523	1.8602730900777213	1.7775852222165294	1.6853631416304	1.5833476691010726	1.4716404580855498	1.3508530134063452	1.2222645317828178	1.0879546527512456	0.9508563094083395	0.8146598606050349	0.6835135360425584	0.561521526713858	0.4521330784331763	0.35759539917176064	0.27864858414929305	0.21455394651810142	0.1634236986627466	0.12274601063756223	0.09000522851676832	0.06331788867272979	0.041869960399629466	0.025691862678546302	0.014698107888962291	0.008011471806104495	0.004269788599902875	0.002239978125957912	0.0011119561270343857	0.0004899941135834174	0.00019139996340112618	0.00007102267983196977	0.000025888678899519288	8.371375535710947e-6	2.2661610268843696e-6	5.849988338125596e-7	1.4027842794044765e-7	2.6667594497791447e-8	4.828493501892755e-9	7.338289327368921e-10	9.319249863305966e-11	1.0474480631047651e-11	9.309874261640828e-13	6.425828414350525e-14	2.67411422654888e-15	8.407387315484359e-17	1.9945476345768805e-18	3.4908020529322484e-20	4.359709285007683e-22	8.025966721003576e-38
2.4372586602884176	2.4372273469774814	2.4371907477207637	2.4371479719061364	2.437097979527926	2.4370395563235543	2.4369712847643705	2.436891510178456	2.436798301142011	2.4366894031743533	2.4365621846616756	2.4364135739044106	2.436239986193492	2.4360372396610903	2.4358004581437793	2.4355239583544717	2.43520111732284	2.434824215983823	2.434384256838189	2.4338707563843522	2.4332715104175753	2.4325723198971305	2.431756661064726	2.4308053043052333	2.4296958959366988	2.428402469009008	2.4268948483787094	2.4251380031029566	2.4230913005295416	2.420707607478693	2.4179323265082036	2.414702225696665	2.41094416441799	2.406573588692599	2.401492871955977	2.3955894019836528	2.3887334428098956	2.380775740902996	2.371544850196235	2.360844176251562	2.3484487391909052	2.334101670900421	2.31751048413102	2.298343189788143	2.276224389707679	2.250731545548032	2.221391729833679	2.1876793322625194	2.1490153926876068	2.104769550577129	2.0542660167362117	1.9967955154190373	1.9316358544629644	1.8580846260839714	1.7755083555163305	1.6834130121804445	1.5815404287831827	1.4699928756692728	1.3493818622060472	1.220985732226136	1.0868821556394668	0.9500007715330808	0.8140272353202292	0.6831037310484303	0.5613274067507186	0.4521400453943212	0.3577817393632029	0.27898653507736787	0.21501118979253703	0.16396464390614146	0.1233321549489546	0.09059413084222702	0.06386217610944084	0.042322616710818425	0.026024321032083284	0.014916490898880549	0.008146754177561902	0.004354243630652383	0.0022947127501767796	0.0011466601380251084	0.0005087596663805227	0.00019969330800602127	0.00007446503606125744	0.000027403389623364054	8.982433466826884e-6	2.453097247570673e-6	6.392204070838057e-7	1.5640085466300927e-7	3.014891143042971e-8	5.5434212909294524e-9	8.658642931542471e-10	1.1156431054412849e-10	1.2983572002571747e-11	1.1753084530356425e-12	8.449290306458432e-14	3.5301689507443697e-15	1.1080932511443396e-16	2.623934458362648e-18	4.583120975046094e-20	5.711614212123357e-22	1.0494295221249446e-37
2.4339527153534393	2.4339214377517564	2.433884880254949	2.4338421532749828	2.4337922180031786	2.433733861576185	2.433665668101429	2.433585984820764	2.4334928825499764	2.433384109430074	2.4332570369162663	2.4331085968998916	2.4329352088692304	2.4327326958576636	2.432496187422876	2.4322200069628566	2.431897539335936	2.4315210746577365	2.4310816261806485	2.430568722946962	2.4299701753689864	2.429271801515638	2.4284570977314726	2.4275068578923773	2.426398755642293	2.42510685608523	2.4236010216804353	2.421846265185159	2.4198020052566913	2.417421168649459	2.41464922787908	2.4114230329754074	2.4076695389056426	2.40330430346002	2.3982298306991088	2.39233366074797	2.3854862355874458	2.377538509280386	2.3683192777336335	2.3576322283746216	2.3452527093338165	2.330924233707615	2.3143547565463773	2.2952128009311794	2.273123560351292	2.2476651775313283	2.2183655060317293	2.1846998263707267	2.146090187655999	2.1019073630925327	2.0514768213929395	1.9940906627045305	1.9290281670086606	1.8555884561225484	1.7731395762929976	1.6811889080402693	1.579479439987032	1.468114147267686	1.34770454565394	1.219528004332065	1.0856599453052205	0.9490262454092999	0.8133071885867762	0.6826380521113901	0.5611079396252596	0.4521501120139329	0.35799653893189415	0.2793743683684378	0.21553516252180108	0.16458416617624205	0.12400334134372384	0.09126865239138669	0.06448607456205871	0.0428421762782208	0.02640654638452522	0.015167936701141456	0.008302705421943326	0.0044517366251297956	0.0023580416493623945	0.0011869918574709671	0.0005307184864354492	0.00020944665953905736	0.00007852287029879838	0.00002919775800173548	9.71551114417239e-6	2.6796124244320964e-6	7.051665218076074e-7	1.7633298794233787e-7	3.452431947834275e-8	6.447888618692988e-9	1.0378315293861192e-9	1.357086834377785e-10	1.639257874056111e-11	1.5114783493774266e-12	1.1362483750266792e-13	4.7724984705233875e-15	1.4953289262425088e-16	3.533427881386483e-18	6.157612721899309e-20	7.655028181097849e-22	1.403393837406526e-37
2.430200110279594	2.430168873237741	2.430132363173323	2.430089691661515	2.430039821253226	2.4299815406744054	2.429913435890792	2.429833856317964	2.4297408753154905	2.4296322440021645	2.4295053373190676	2.4293570912362186	2.4291839300094322	2.4289816822391437	2.428745483981364	2.428469666227225	2.42814762272696	2.4277716540237275	2.4273327855820295	2.426820560692378	2.4262228063699456	2.4255253601168163	2.424711741110464	2.423762769909765	2.4226561511970686	2.421365986482681	2.4198621809374816	2.4181097969562675	2.416068311472394	2.4136907193199835	2.4109225724713825	2.407700814044349	2.4039525075802146	2.3995933378269942	2.394525957211969	2.3886380789054407	2.3818003470108944	2.3738639513873188	2.364657962787364	2.3539863887975683	2.341624950121086	2.3273175928603833	2.3107727744691715	2.291659599786272	2.26960393436419	2.244184694555484	2.214930621123461	2.181318006486362	2.1427700463388004	2.0986588013962737	2.0483111699583825	1.991020815001798	1.9260686891665622	1.8527556522704924	1.7704514788340218	1.6786651530103478	1.5771409774244318	1.4659827287711038	1.345801931212911	1.2178748458965272	1.084274341814023	0.9479220202500143	0.8124920574273267	0.6821118815385966	0.5608614504712057	0.45216434068853095	0.35824329433342894	0.2798176320620222	0.21613302284422656	0.16529056320525962	0.12476851444841881	0.09203785955028373	0.06519817909082753	0.043436111863768036	0.02684432377322162	0.015456421787172082	0.008481877062937834	0.004563924167417812	0.002431106308075645	0.0012337595665150587	0.0005563824930452668	0.00022091228057900814	0.00008330578385406289	0.000031324331129509006	0.00001059675121579166	2.9550907216607797e-6	7.85690967745611e-7	2.0110757471181265e-7	4.006846965154612e-8	7.601675451292654e-9	1.2643789858778207e-9	1.678461356896622e-10	2.1095294514052026e-11	1.9819827002943543e-12	1.5647721886181445e-13	6.619541233284222e-15	2.0697693388420811e-16	4.8789718119987675e-18	8.48017715132384e-20	1.0512800595736466e-21	1.9224133687306806e-37
2.425969852604246	2.425938661318012	2.4259022047621697	2.425859595824119	2.4258097985885354	2.4257516035742612	2.4256835988434045	2.4256041362637144	2.4255112920643853	2.4254028207234226	2.425276101114301	2.4251280738082026	2.4249551684392587	2.424753219888213	2.42451737154197	2.4242419629574954	2.423920397915781	2.423544988723048	2.4231067746203436	2.4225953149721535	2.4219984555238447	2.42130205569933	2.420489660433156	2.419542120386677	2.4184371752607743	2.4171489676270377	2.415647450843988	2.4138977433045192	2.411859387679367	2.409485455608956	2.4067215886960853	2.403504835077121	2.399762380770901	2.395410053754063	2.3903506738227462	2.3844721493597465	2.3776453524969	2.3697217390944263	2.3605306899636935	2.349876573871435	2.337535531831867	2.323251998439592	2.3067349979358935	2.2876542914665934	2.26563650278953	2.2402614210500187	2.2110587879412305	2.1775060375365056	2.1390276590953903	2.0949971661764963	2.0447430700115015	1.98756079705406	1.9227331874096418	1.849563062252661	1.7674221468583093	1.6758212355265558	1.574506114690886	1.4635814659522643	1.3436588247178123	1.2160132009685753	1.08271458320272	0.9466797475234985	0.8115759726856813	0.6815218247884192	0.5605869342380595	0.45218394670513945	0.35852519209067774	0.2803211717376576	0.21681091964258548	0.1660909067199261	0.12563528236907637	0.09290948786441679	0.06600589139642635	0.04411095961117679	0.02734280680824061	0.015785542576945377	0.008686603086346521	0.004692338814841141	0.0025149811839782444	0.0012877458921688747	0.0005862659884798934	0.0002343506627814579	0.00008892797453111764	0.00003383855962054273	0.000011654853139653289	3.2902111704297798e-6	8.840640234669089e-7	2.3193735514180426e-7	4.711964979659947e-8	9.078748953031395e-9	1.564485400350074e-9	2.109172259405244e-10	2.7633311898312327e-11	2.6469334735351103e-12	2.2027748310764397e-13	9.407934165034426e-15	2.934848042069266e-16	6.899156031599599e-18	1.1955783273622614e-19	1.4774218444194515e-21	2.6938788969898636e-37
2.421243583951816	2.4212124438262967	2.421176047099996	2.4211335081275562	2.4210837927086124	2.421025693366702	2.4209578005079444	2.4208784687419245	2.4207857775064223	2.420677485035441	2.420550974599346	2.420403191914014	2.4202305726272972	2.420028958642241	2.4197935015428302	2.4195185504637107	2.4191975204013185	2.4188227368141804	2.418385254347357	2.417874650338784	2.417278791477133	2.4165835616968874	2.4157725347312664	2.414826594901928	2.4137235210625345	2.4124375017005812	2.4109385440527733	2.409191829127501	2.4071569730935978	2.4047871334774786	2.4020280520946575	2.3988168945130144	2.3950809836909555	2.3907363077621127	2.3856858736606674	2.379817808046785	2.3730032380163575	2.3650939168623553	2.3559195720878012	2.3452849763153143	2.332966740534517	2.3187098455568718	2.3022239493940755	2.2831795470664824	2.2612041101509455	2.2358784037724444	2.2067332888848026	2.1732474762339757	2.134846901657517	2.090906703445004	2.0407571967019975	1.9836957801182964	1.9190074050562964	1.8459970866738165	1.7640387323317115	1.6726451617881097	1.571563822096127	1.4609004079834642	1.341266469372636	1.2139356156033683	1.0809746159409699	0.9452948457247767	0.8105558633982363	0.6808663178804415	0.5602842795323875	0.4522101650620979	0.3588446582342368	0.28088841215727284	0.21757306605336332	0.1669899681515575	0.12660875802433202	0.09388876616800257	0.06691430644972887	0.04487134539279416	0.027905762873112583	0.01615799797782116	0.008918668928402377	0.0048381736875256	0.002610525727158294	0.0013496030508200084	0.0006208201597215403	0.0002499991828758946	0.00009549473250165158	0.000036792314862010463	0.000012917937652423282	3.6959146636989093e-6	1.0036636957875616e-6	2.7010670872013497e-7	5.605702144136406e-8	1.0962343875171518e-8	1.9605736705255083e-9	2.684954445191454e-10	3.668815676085732e-11	3.5847144316936587e-12	3.1498436052786054e-13	1.3618570379623003e-14	4.2378489423173636e-16	9.93215548402573e-18	1.7155539153002376e-19	2.1125539160205078e-21	3.839750754152444e-37
2.415963582549425	2.415932499632881	2.4158961698092343	2.415853709073842	2.415804085144053	2.4157460927851067	2.415678325024246	2.4155991395370164	2.4155066193490713	2.415398526894399	2.415272250359997	2.4151247412146724	2.4149524418310153	2.4147512019647293	2.414516182366128	2.4142417428798164	2.4139213110432416	2.4135472270216796	2.4131105626853344	2.4126009154713386	2.412006175488257	2.4113122540776697	2.410502757174744	2.409558606742831	2.408457625418795	2.4071740530302512	2.4056779570637046	2.4039345885487884	2.401903645834902	2.399538382496743	2.3967846524021774	2.3935797524427564	2.389851158697466	2.3855150384026356	2.380474607749134	2.374618237483139	2.3678173398156472	2.3599240006405084	2.350768335146039	2.340155567567481	2.327862834449754	2.313635727422402	2.2971846132227767	2.27818080756384	2.256252730130462	2.230982237524371	2.201901442387968	2.1684904832127	2.130176913834675	2.0863376896576225	2.036305143395993	1.979378879906744	1.9148462122471939	1.8420146100417636	1.7602604225104963	1.6690987356807572	1.5682788561323535	1.4579076131159767	1.3385965747677298	1.211617782259832	1.0790344035419537	0.943751774778106	0.8094208063175713	0.6801390465679956	0.5599516227703127	0.45224526707228513	0.3592076357625864	0.28152838537588976	0.21843093212297615	0.1680009385798549	0.1277031306919567	0.09499011262055984	0.06793722128985305	0.04572942901597892	0.02854278016397687	0.016580488640205674	0.009182428004671584	0.005004286522908471	0.0027197454996246316	0.0014207938789578298	0.0006610153844827778	0.0002683562572020981	0.00010322551956996825	0.000040292192332746524	0.000014442136593080088	4.193802591476528e-6	1.1511374787409917e-6	3.1810608438782543e-7	6.761821979993265e-8	1.3414171018022467e-8	2.496218084834269e-9	3.4761890894053626e-10	4.9604812718594786e-11	4.953550579633497e-12	4.610846831840186e-13	2.0271256180406364e-14	6.290529091652692e-16	1.4691606373962815e-17	2.5280651126221154e-19	3.1005060414321244e-21	5.61482259240786e-37
2.410124293700329	2.410093274115585	2.4100570183549075	2.410014644229983	2.4099651215811306	2.409907247655223	2.409839618381154	2.4097605948285503	2.4096682639948908	2.409560392963598	2.409434375364441	2.409287169034885	2.4091152237920617	2.4089143980849723	2.408679862811498	2.4084059896723855	2.40808622008805	2.4077129105039465	2.4072771518622447	2.406768563844974	2.4061750624911316	2.4054825894813674	2.4046747863977016	2.4037326168761797	2.4026339520246616	2.401353088501102	2.3998601604923655	2.3981204965473575	2.3960938859838214	2.3937336887144474	2.390985882643327	2.3877879100511694	2.384067416516194	2.379740767559644	2.374711411018782	2.3688679878539096	2.3620822259160326	2.3542065793030234	2.345071592383932	2.334482989365321	2.322218488610149	2.3080243579688577	2.2916117487986987	2.2726528853998387	2.2507772371101673	2.2255678689389455	2.196558279356439	2.1632301877040656	2.1250129390678034	2.0812855010253735	2.0313824404699616	1.974605805184461	1.9102455237400278	1.83761178438165	1.7560836413232288	1.6651786914570639	1.564648301970737	1.4546005603540584	1.3356470570536625	1.2090580958230104	1.0768928560184816	0.9420499873370646	0.8081708092711876	0.6793405687468845	0.5595900466559083	0.4522908137616466	0.3596161006001374	0.2822434070861655	0.21938711133299815	0.1691266148716512	0.12892135114084127	0.09621660381646754	0.06907781987405606	0.046688353317302006	0.02925665317067186	0.01705515662109495	0.00947935840239312	0.00519170633067713	0.0028434215212086314	0.0015019583013322498	0.0007073428562970754	0.0002896996270554522	0.0001122463810006606	0.00004440138689591337	0.000016264400151680392	4.799582752445966e-6	1.3314065314636006e-6	3.778611382403719e-7	8.244134593582229e-8	1.6575369422098378e-8	3.2125044074385734e-9	4.553190744797418e-10	6.778472076460499e-11	6.930293950654703e-12	6.830381323511586e-13	3.067362023916248e-14	9.490885356052002e-16	2.2082018853386498e-17	3.7841625221326974e-19	4.6205969007972166e-21	8.334261605676671e-37
2.4036800689111795	2.4036491192987564	2.40361294536679	2.403570666933757	2.403521256185567	2.4034635131109443	2.4033960368446836	2.4033171922063485	2.4032250705816525	2.4031174441908822	2.402991712677204	2.4028448409145007	2.4026732869451473	2.402472918823219	2.4022389186584276	2.4019656712507857	2.401646633358955	2.401274179414908	2.4008394214289717	2.400332003669049	2.3997398708208433	2.39904899808361	2.3982430664219296	2.397303085516993	2.396206980032437	2.394929109409723	2.393439681532457	2.391704110602252	2.389682286433697	2.3873276864399386	2.3845864255632274	2.381396106716821	2.377684562746119	2.3733683782656017	2.3683512570393517	2.3625221385803354	2.3557530994892546	2.3478970006816735	2.3387848607247013	2.328222956226195	2.3159896484041123	2.3018319522687705	2.28546188612368	2.2665526782046292	2.2447349576301017	2.2195931246660026	2.190662209159991	2.157425677325517	2.119314853717292	2.07571092951843	2.0259509408982574	1.9693396356483632	1.9051698333372435	1.8327547276617129	1.7514763635917254	1.6608551147654949	1.56064462817199	1.450954384213536	1.3323959997384993	1.2062378583153495	1.074534730653113	0.9401778742866824	0.806797993227715	0.6784667259745948	0.5591989817850245	0.4523495617045762	0.3600757564831757	0.2830416547014557	0.22045173050342792	0.1703785188469405	0.13027576407316044	0.09758084137652441	0.07034832708262237	0.04775916938864301	0.030056349984074887	0.017588424703045537	0.009813702411637978	0.005403268733640647	0.002983591418182138	0.0015946414309684586	0.000760885171220701	0.00031461366014538187	0.00012281865029485677	0.000049248248878174695	0.000018456186064735617	5.542894800960056e-6	1.553717856681878e-6	4.529173299598892e-7	1.0169293776690732e-7	2.07038787849708e-8	4.183861960232366e-9	6.04551904714871e-10	9.378906743742957e-11	9.8481429254364e-12	1.02720409275774e-12	4.741713077979446e-14	1.4626377842095723e-15	3.3886725915369134e-17	5.780524982966315e-19	7.023595212197797e-21	1.2612307320070685e-36
2.3966005231252847	2.3965696504803145	2.396533566557505	2.396491393382764	2.396442105722101	2.3963845065802114	2.396317198618286	2.396238550780684	2.3961466592799807	2.3960393019867725	2.395913885158696	2.3957673814094695	2.3955962578291348	2.3953963930373696	2.395162981476885	2.394890422356526	2.3945721893059817	2.394200676541073	2.393767019246509	2.3932608887355	2.392670261205516	2.3919811487233766	2.391177275570838	2.3902397020808803	2.389146411830001	2.387871833312798	2.3863862554799207	2.3846551867553814	2.382638627485133	2.3802901843444757	2.3775561229926945	2.3743742230657428	2.370672523375601	2.3663678495535923	2.361364186865055	2.3555508032298396	2.3488001588791145	2.340965562222755	2.331878553447858	2.3213460168029894	2.3091470206614733	2.2950294019008544	2.2787061325630376	2.2598515452333428	2.2380975448804836	2.2130300007007344	2.184185627206005	2.1510498124412116	2.1130560588096694	2.069588004048367	2.019985401262128	1.9635559694168483	1.8995957096816787	1.8274211236743645	1.7464175487442632	1.6561084160532007	1.5562498839364363	1.4469529680984836	1.328829316241702	1.2031452011517034	1.071950539502866	0.938128451316794	0.805297943112095	0.6775156608649924	0.558779031742629	0.4524243889629091	0.3605914911121201	0.28392969709404353	0.22163266282869085	0.17176548010329587	0.13177578090287675	0.09909249090005538	0.07175827110018852	0.048950769921902844	0.030949343813129845	0.01818578995151147	0.010189160123861986	0.005641481867870423	0.0031421000948175016	0.001700289505405858	0.0008227063102234308	0.0003436966164458333	0.0001352135779081685	0.000054966931470160113	0.000021095210378134503	6.457805490572743e-6	1.828815734152357e-6	5.474410682477343e-7	1.2684399602516258e-7	2.612769185100311e-8	5.5082893678671955e-9	8.133372730222791e-10	1.3120924637199343e-10	1.4209217298035024e-11	1.5652912960600612e-12	7.485989597084754e-14	2.3017366488578833e-15	5.307623652354994e-17	9.007773932786933e-19	1.0885050128106496e-20	1.9449620679127637e-36
2.3888625804667982	2.388831792062913	2.388795806655405	2.3887537486862453	2.388704595745395	2.3886471541385608	2.388580030386585	2.388501597948396	2.3884099583195124	2.388302895554702	2.388177823151061	2.388031722193555	2.3878610696750893	2.387661755779629	2.387428988449098	2.387157182662728	2.3868398305149117	2.3864693478740127	2.386036895289186	2.3855321736738104	2.3849431937223007	2.3842560078480695	2.3834543877384524	2.382519449173424	2.381429240211405	2.3801582649177866	2.3786769009745883	2.3769507599405664	2.3749399631242274	2.3725982586966445	2.36987207726205	2.3666993918982917	2.3630084668328983	2.358716391514719	2.3537274592998725	2.347931297560892	2.341200786432033	2.3333897241148307	2.3243302217246478	2.313829828604557	2.30166838714404	2.287594633839783	2.271322584615258	2.252527780892624	2.2308435242057296	2.205857291700743	2.1771076420282416	2.144082067067716	2.106216453434879	2.0628971173725237	2.0134667867354086	1.957236433728436	1.8935055439122748	1.8215942416352675	1.7408914707192509	1.65092401287864	1.5514507789923213	1.4425844689399887	1.3249367658916207	1.1997716358979664	1.0691336758437586	0.935897089188991	0.8036680591607794	0.6764867913743815	0.5583315520982225	0.45251843447460466	0.36116801192836145	0.2849135490634357	0.22293691178617253	0.17329523552691092	0.13342961306976955	0.10076001884180584	0.07331611057851298	0.05027120457870495	0.03194256922758368	0.018852455474685777	0.010609278607760767	0.00590877335203253	0.0033207574465806368	0.0018203536458729426	0.0008939153216585165	0.0003775930197533986	0.00014972650298316243	0.00006170384511536761	0.000024268423131477354	7.584348053953766e-6	2.169454403624335e-6	6.663955913919701e-7	1.5975697574814607e-7	3.326649995686286e-8	7.3139583769197734e-9	1.106657498870176e-9	1.8500822104470207e-10	2.0763191577697733e-11	2.4055483419493215e-12	1.2022722933557002e-13	3.684819180737869e-15	8.453191430594192e-17	1.4266214112017762e-18	1.7136342730829452e-20	3.045374021142394e-36
2.380435466558778	2.3804047700396587	2.3803688920863593	2.3803269597761654	2.3802779537792556	2.380220684001891	2.3801537611747796	2.380075563681018	2.379984198778332	2.3798774572666623	2.37975276053932	2.379607098921138	2.3794369602066263	2.3792382471939235	2.3790061825491855	2.378735198453192	2.3784188071396457	2.3780494480929812	2.3776183095282595	2.377115124650198	2.3765279417757896	2.3758428573265356	2.3750436946954157	2.3741116301404683	2.3730247820600043	2.371757736937624	2.370280969243942	2.3685602030353796	2.366555691543983	2.364221337296226	2.3615037507920196	2.358341116121173	2.354661943363556	2.3503836097516273	2.345410744670719	2.339633367575052	2.332924816623384	2.325139424259474	2.316109924346556	2.3056445917510744	2.293524113060784	2.279498206121262	2.2632820255404233	2.2445524313801144	2.222944248617289	2.1980467084858604	2.169400381431932	2.1364950545116264	2.0987692155394724	2.055612103135256	2.00636969107332	1.9503565016034976	1.8868758229760505	1.8152517339196326	1.7348771155453468	1.645282408691555	1.5462295309714726	1.437833024947106	1.320704612910071	1.1961057516321127	1.0660752249310312	0.9334774938527289	0.8019047368952502	0.6753791887566062	0.5578581838531336	0.4526357074399401	0.3618114097730081	0.2860010352103325	0.22437363177930883	0.1749778913686073	0.13524800111936988	0.1025944685603537	0.07503286140405634	0.05173084803548739	0.03304490130088303	0.019595077065019794	0.011078588604385254	0.006208255035167622	0.003521882150366415	0.0019566937255407666	0.0009759301874125306	0.00041713806150174543	0.0001667422658896061	0.00006964916252306461	0.000028089582286161574	8.97651980730839e-6	2.592990238726259e-6	8.165142419603981e-7	2.0306803851890375e-7	4.2721823912501054e-8	9.785991991517524e-9	1.5226443196279501e-9	2.6267881245475974e-10	3.0729369902279905e-11	3.723622830481838e-12	1.9643663114622896e-13	6.002066742880551e-15	1.3691659422283594e-16	2.2965995717716048e-18	2.7405945487860693e-20	4.841558483085705e-36
2.3712901969637197	2.3712596003279414	2.371223839182798	2.37118204347033	2.371133197209102	2.371076114219388	2.3710094098082384	2.370931467711524	2.37084040145068	2.3707340091578355	2.37060972080974	2.370464536775388	2.3702949565914033	2.370096896768682	2.369865595979916	2.369595505104923	2.3692801582689054	2.368912020626799	2.368482310467835	2.3679807961015036	2.3673955667449493	2.3667127666556174	2.365916275428652	2.3649873350702086	2.363904140447435	2.3626413676255944	2.361169596295542	2.3594546728115224	2.357456993795171	2.3551306295891323	2.3524223862216487	2.3492706772021603	2.3456042798369885	2.3413408842263412	2.336385485015833	2.330628527889846	2.3239438489265867	2.3161863613279743	2.3071894759360587	2.2967622562818537	2.284686306786798	2.2707124120933444	2.2545569647229504	2.23589825829663	2.2143727740480017	2.189571650245371	2.1610376445702424	2.1282630397711944	2.090689151893953	2.047708397487615	1.9986702800569527	1.9428931829025335	1.8796845307431764	1.8083727039809014	1.7283548679913545	1.639165446754096	1.5405696313745576	1.4326839741570196	1.3161202409744606	1.1921371695552452	1.0627672120783285	0.9308642133774668	0.8000051120453734	0.6741925608607988	0.5573610988249321	0.45278064718127037	0.3625281053759636	0.2872002177630167	0.22595218937070688	0.1768237228435659	0.13724184746095078	0.10460706729168308	0.07691980931459806	0.05334050834129734	0.03426575261412146	0.020420817884609723	0.011602013981062321	0.00654331629765583	0.0037480220711684654	0.0021113771958553426	0.0010703760187566844	0.00046331594256966767	0.0001867192557016203	0.00007902928271933569	0.000032696154807725294	0.000010702665580445615	3.1216809044606397e-6	1.0064105628660666e-6	2.603373692240341e-7	5.532180116384078e-8	1.3180774938183746e-8	2.1179240490803883e-9	3.7518550771141735e-10	4.6056730854867116e-11	5.797520175754497e-12	3.2644296470446815e-13	9.947321122799127e-15	2.2552067256224e-16	3.757568855930718e-18	4.4519320380792665e-20	7.81381482997917e-36
2.361399555140431	2.361369066726281	2.3613334321405297	2.361291784429162	2.3612431112386973	2.3611862306302034	2.361119762869111	2.361042097490874	2.360951354803413	2.3608453408829617	2.360721495006082	2.3605768284243744	2.3604078533970756	2.3602105012931878	2.35998002812884	2.359710905044009	2.3593966898818257	2.3590298756090973	2.358601713099708	2.358102008705225	2.3575188959524875	2.3568385709287014	2.356044974117773	2.3551194187686098	2.3540401826080393	2.3527820387414566	2.3513156808748086	2.349607087890965	2.347616811740504	2.345299104619336	2.342600984395931	2.3394611131545004	2.335808557726955	2.3315613472363643	2.326624872055659	2.3208900397038073	2.3142312257718816	2.306503972713018	2.2975424248406733	2.2871565003219474	2.275128798039072	2.2612112585671102	2.245121615804518	2.226539716764231	2.20510383739383	2.180407182564533	2.151994880349897	2.1193619177999987	2.081952676410028	2.039163016985011	1.990346269260807	1.9348250020613806	1.871911124741593	1.8009376824128538	1.7213064879744957	1.6325562860771505	1.5344558210816868	1.427123829481573	1.3111721280632889	1.1878565156808203	1.0592025726869125	0.9280526073996539	0.7979670275652676	0.6729272179734783	0.5568429648132537	0.45295808437361784	0.3633248119436051	0.2885193631902796	0.2276821237733575	0.17884317831575816	0.13942219112845264	0.10680922040746511	0.07898846686116807	0.05511144429256089	0.035615151921942326	0.02133741660152083	0.012184923759277488	0.006917679467909253	0.004001995540049675	0.002286725526297142	0.001179106509989213	0.0005172837542956447	0.00021020300763505373	0.00009011315687755056	0.000038253603481964706	0.000012849152112725704	3.7841069743804974e-6	1.2470896576889977e-6	3.363587202166489e-7	7.221067940232437e-8	1.7851862894956264e-8	2.9769079254865017e-9	5.385749121187609e-10	6.9877068427479e-11	9.065719042498089e-12	5.514171383169791e-13	1.67693589688672e-14	3.776435027630666e-16	6.246344023446365e-18	7.342802808427423e-20	1.2796434432584018e-35
2.35073853389015	2.350708162360424	2.350672664464807	2.35063117660174	2.350582690336154	2.3505260283094147	2.350459816142249	2.3503824496338748	2.350292056421802	2.3501864511620596	2.35006308317524	2.349918975466603	2.3497506540367037	2.3495540663027	2.349324487013234	2.3490564091903696	2.3487434162924794	2.3483780313225333	2.347951540347156	2.347453790804679	2.346872964089844	2.3461953122605643	2.3454048415572184	2.344482942180923	2.343407981359923	2.3421548369996628	2.3406943259357043	2.338992570215312	2.3370102895223406	2.3347019324942653	2.332014745775273	2.328887659965292	2.325250054538644	2.3210203248383205	2.3161042886152545	2.310393352214337	2.3037624739574913	2.2960678759288697	2.2871444946993376	2.276803171437556	2.264827579206108	2.250970907120334	2.234952337970963	2.2164533967761133	2.195114297904531	2.1705304787452695	2.142249627909062	2.1097696540689563	2.0725382504466285	2.029954999224722	1.9813773645526471	1.9261324382823022	1.8635369769507362	1.792929068257409	1.713715549410148	1.6254398398789325	1.5278745277858266	1.4211407173175867	1.3058502854682044	1.18325585915337	1.0553755854233926	0.9250392809035434	0.7957894660140361	0.6715845023433282	0.556307374281457	0.45317366687285593	0.3642089648056688	0.2899673806159379	0.2295734944241651	0.18104719838382163	0.14180052065684856	0.10921281634864068	0.08125091606405295	0.05705549726942879	0.03710373189526351	0.02235318847186584	0.012833125503687304	0.007335400007596372	0.004286896971666683	0.002485312087075071	0.0013042355693068694	0.0005804013059488206	0.00023784316883161905	0.00010322022372294106	0.000044960404827224175	0.000015524846157772443	4.617010437765902e-6	1.552593029329015e-6	4.3755931270449117e-7	9.497473333785906e-8	2.4284552471144625e-8	4.2257336547602494e-9	7.763457997984966e-10	1.0723582271961737e-10	1.4217378175413054e-11	9.45705202862788e-13	2.874062819152729e-14	6.425358253847958e-16	1.0543414281019228e-17	1.2288750448424842e-19	2.125057645294702e-35
2.3392843317815304	2.339254086108309	2.3392187353952814	2.3391774196507322	2.3391291346588456	2.3390727079929188	2.3390067710400615	2.338929726344001	2.3388397094343127	2.3387345442051632	2.338611690791916	2.3384681848556292	2.338300567193297	2.3381048025028637	2.3378761857044097	2.3376092333819503	2.3372975565739322	2.336933710622822	2.336509019490548	2.3360133748570515	2.3354350096648413	2.3347602362347106	2.333973131603239	2.3330551688381957	2.3319848115518242	2.330737050474184	2.3292828350254067	2.327588441429499	2.325614769945797	2.3233164807676867	2.3206410668524264	2.3175277479341387	2.313906240141572	2.3096953331784404	2.30480130493876	2.299116098920352	2.29251530094939	2.2848558649109103	2.2759735804843806	2.2656802827356044	2.253760801435433	2.239969670182621	2.22402763203419	2.205618018924759	2.1843831328940095	2.159920815527585	2.1317815131104316	2.0994662810362836	2.062426379476325	2.0200653993073647	1.9717452584913162	1.9167979220136468	1.8545453697792318	1.7843311240034927	1.7055674378720909	1.6178027730575448	1.5208138642286746	1.4147243741580364	1.3001462527141014	1.1783287059972356	1.051281867506517	0.9218220793047571	0.7934725449786721	0.6701667797251947	0.5557588344831949	0.453433845840974	0.3651887063446973	0.291553800425401	0.23163680804959494	0.18344703034820084	0.14438864029324586	0.1118300528410207	0.08371967443922479	0.059185064853966206	0.03874281207544108	0.023477139188681422	0.013552985430678736	0.007800931781567532	0.004606144625393884	0.0027100161861359786	0.0014481634227141718	0.00065426273098353	0.0002704130582053868	0.00011872975004689416	0.00005305378973150579	0.00001886654338681161	5.667676526573929e-6	1.940811889854591e-6	5.725104467979212e-7	1.2581966364119602e-7	3.3142072897484846e-8	6.053065792508806e-9	1.1229435737388506e-9	1.662555616968169e-10	2.2333494256344625e-11	1.6441005729690024e-12	5.0038125467019487e-14	1.1098945636083809e-15	1.8055569494929085e-17	2.0850291158231175e-19	3.5753865013626994e-35
2.3270159603436595	2.3269858497930906	2.3269506570990175	2.3269095261454082	2.326861457246408	2.326805283270422	2.326739641795505	2.326662942606379	2.3265733297055826	2.326468636905286	2.3263463359515755	2.326203476092989	2.3260366140127173	2.3258417329627386	2.325614149520713	2.3253484055676847	2.3250381417511723	2.324675948131538	2.324253189355627	2.323759804606394	2.323184082174491	2.322512399075773	2.321728908346121	2.320815172029132	2.3197497572310106	2.318507775793437	2.317060319483595	2.31537383008161	2.3134094016788302	2.311121921638459	2.30845914734205	2.3053606089679337	2.301756384068922	2.297565685791067	2.2926952860091823	2.2870377049644364	2.2804692022210764	2.2728475173526688	2.2640093559943	2.2537676203456205	2.24190838212702	2.228187618513233	2.2123277478529184	2.1940140423270735	2.172891045581525	2.1485591809533697	2.120571855985347	2.088433505393974	2.051599220238095	2.0094768969087062	1.9614332374862928	1.906805442305735	1.844921103430776	1.775129583557046	1.69684895781493	1.6096331096267669	1.5132632355785705	1.407865755025221	1.2940527047846095	1.1730696034107662	1.0469179769031358	0.9183996863175832	0.7910171140622545	0.668677034342765	0.5552023591726771	0.4537454685196482	0.36627246466938773	0.29328832731648236	0.23388271498852617	0.1860539614745852	0.14719839835851162	0.11467319252150128	0.08640735395183728	0.06151295560769767	0.040544396994740384	0.02471893878602771	0.014351379465134668	0.008319126024694479	0.004963484830931239	0.0029640209705575947	0.0016136083230116134	0.0007407332038689583	0.00030883295343141453	0.00013709171069957988	0.00006281633762642205	0.000023045458543385947	6.997022693821105e-6	2.4345141478392194e-6	7.52572543740681e-7	1.67820305695952e-7	4.5327794882082656e-8	8.740820330558902e-9	1.6289295829725383e-9	2.599569835414844e-10	3.511079698892846e-11	2.8911955992755993e-12	8.8410187967283e-14	1.944486870778951e-15	3.13384976840642e-17	3.582857130664334e-19	6.088249105156757e-35
2.3139147468085617	2.313884780925641	2.3138497574130055	2.313808824304321	2.3137609867634423	2.313705083328155	2.3136397582048116	2.313563428930554	2.31347424857921	2.3133700615812365	2.313248352113294	2.3131061839710862	2.312940130846608	2.31274619585749	2.312519718770271	2.3122552685502984	2.3119465175439924	2.311586092979072	2.3111654030586766	2.310674437830055	2.310101544851633	2.3094331703964857	2.3086535488575715	2.3077443375482107	2.3066842143934934	2.3054484208841126	2.304008201186957	2.302330174366739	2.3003756419954655	2.2980997346943814	2.295450492925253	2.292367779266523	2.2887820582003795	2.2846129962828288	2.2797678942176947	2.2741398897928624	2.2676059639152317	2.2600246973675144	2.2512337764790376	2.2410472460452335	2.2292525075474545	2.2156070838245427	2.1998351870713932	2.181624167016797	2.160620967531597	2.1364287766999035	2.108604173147239	2.0766552106831098	2.0400410832482745	1.998174298783298	1.9504266842032465	1.896141049003946	1.8346509980657606	1.7653121539111423	1.6875488332248956	1.60092073300964	1.5052138382618716	1.400557528312327	1.287563945849215	1.1674746429266554	1.0422819224888176	0.9147721263295556	0.7884252561583577	0.667119372335453	0.5546439677612233	0.45411628020477285	0.36746944408676446	0.29518132987361956	0.23632259903626687	0.18888011093496107	0.15024238262215714	0.11775528888625655	0.08932743558165245	0.06405278138474149	0.042521233848686564	0.026089038972369458	0.015235830141960094	0.00889529392130041	0.0053630336624459745	0.003250857093246357	0.0018036409752533499	0.000841990176606983	0.0003541977002414911	0.00015883971920016405	0.00007458361480347302	0.00002827486542300965	8.68359814443703e-6	3.0626384985893585e-6	9.926980420734618e-7	2.2527145103428808e-7	6.206960808312089e-8	1.2708900084214976e-8	2.368666628598903e-9	4.0904896976092744e-10	5.522224180124713e-11	5.129512215840396e-12	1.5835065579951234e-13	3.451365355341339e-15	5.506832697456408e-17	6.228374007347496e-19	1.0480665514865778e-34
2.2999573436888343	2.2999275323585238	2.2998926895874034	2.2998519678423093	2.2998043774685843	2.299748763060707	2.2996837759062556	2.299607841824428	2.29951912357994	2.2994154769467072	2.2992943993809023	2.2991529702193176	2.2989877813253505	2.2987948570408476	2.2985695619072293	2.2983064938251756	2.2979993590040357	2.297640824375175	2.2972223446730773	2.2967339642937357	2.296164094113014	2.2954992543917023	2.2947237664259985	2.2938193893182683	2.2927649194033135	2.291535736655846	2.290103248052062	2.2884342620958047	2.286490301966607	2.28422675820961	2.281591973687988	2.2785261661119534	2.274960213317052	2.2708142663038693	2.265996190685463	2.2603997840588548	2.2539027979931148	2.2463647119656893	2.2376242600680167	2.2274967078220174	2.21577087743719	2.2022059431714776	2.186528033803659	2.1684267188979436	2.147551506935808	2.123508540136632	2.095857785783213	2.0641111651029607	2.0277322568125267	1.9861384978784153	1.9387071930933728	1.884787148449376	1.8237183981531524	1.7548632594282714	1.6776527261457068	1.5916527161038663	1.4966543439531377	1.3927901597521322	1.2806724279481632	1.1615384553385244	1.0373706772576103	0.9109388131347619	0.7856988851475799	0.6654981702825999	0.554090359474338	0.4545550781626374	0.3687902198944137	0.29724482787177764	0.23896958162064444	0.19193946477546814	0.153535143645723	0.12109137261320993	0.09249546976095083	0.06682039996975372	0.044688476977112104	0.027599920184796282	0.016215338556644598	0.009535812935306419	0.005809740823064423	0.0035747804338025473	0.002021990360291704	0.0009607442359922737	0.0004078943303035775	0.00018464781708087195	0.0000887781649325084	0.00003483346737675307	0.00001083399195604792	3.863869367125584e-6	1.3133614070126736e-6	3.0444699754842595e-7	8.511148054263899e-8	1.8604346857831423e-8	3.4563847104759292e-9	6.473525102612392e-10	8.70690984546139e-11	9.182173405517998e-12	2.8816769627394384e-13	6.220049507504284e-15	9.817012300748967e-17	1.0974469946953054e-18	1.8272286567778875e-34
2.2851233808946736	2.285093734328791	2.2850590842415275	2.2850185878258706	2.284971260951183	2.2849159546688855	2.2848513278156974	2.2847758150400157	2.284687589437489	2.284584518874579	2.2844641149639213	2.284323473610107	2.284159206049048	2.2839673592504193	2.283743324169387	2.283481729554345	2.283176317712877	2.2828197978993834	2.282403674452809	2.2819180497186378	2.2813514020747037	2.2806903306561748	2.2799192493879077	2.2790200258999365	2.277971582781345	2.276749447614914	2.2753252009370613	2.273665853255021	2.271733163942761	2.269482800689068	2.2668634287254315	2.263815644366534	2.2602707661049033	2.256149461448677	2.251360198186799	2.245797477400758	2.2393398722801305	2.231847820360162	2.2231611727891307	2.2130964965602016	2.2014441285915374	2.1879650038103486	2.1723872944384874	2.1544029368568665	2.13366417408078	2.1097802982392486	2.0823148900362196	2.0507839948836115	2.0146558678502595	1.9733532027671485	1.9262591476239672	1.8727289058626346	1.812109371762715	1.7437700078023814	1.6671489363956304	1.5818187184734385	1.4875759522185754	1.3845565788112801	1.2733729955409947	1.1552579939704697	1.0321834628804154	0.9069013202945131	0.7828419783045416	0.6638197713370652	0.5535500935106006	0.45507239944485023	0.3702470155997126	0.299492394854356	0.24183807774546365	0.19524698785263533	0.15709225717266803	0.12469752830483449	0.09592806991272952	0.0698328379454906	0.04706239925366655	0.029265225466586497	0.01729985991954805	0.01024776010860363	0.006309115030723654	0.003940564828996385	0.0022729199910501876	0.0011002071119472201	0.00047160639101750365	0.0002153317227677706	0.00010591009806745798	0.00004307248788449745	0.000013589255376060837	4.888536177009078e-6	1.741796495612526e-6	4.1437313134432117e-7	1.1688827754673416e-7	2.7405215144148456e-8	5.066432853436498e-9	1.0290242088754603e-9	1.3791422086859809e-10	1.6560455814797353e-11	5.337557880727756e-13	1.1401471192220042e-14	1.7783035469472555e-16	1.9628887690244056e-18	3.230675765160288e-34
2.269410665159013	2.269381193684105	2.269346748357232	2.269306491393849	2.2692594445336804	2.2692044656898815	2.269140221721498	2.269065156659402	2.2689774545773798	2.268874996191871	2.2687553081587293	2.2686155039884732	2.268452215504222	2.2682615137231825	2.268038817671596	2.267778788879775	2.267475208013704	2.267120829298871	2.2667072097882452	2.266224513406726	2.2656612902840494	2.2650042233640186	2.264237824991125	2.263344078129954	2.2623020395647333	2.26108739371016	2.259671905535965	2.258022800256365	2.256102088189313	2.2538657315809556	2.251262738222292	2.248234106771405	2.2447116239935374	2.2406165063240153	2.235857861407432	2.230330937992306	2.22391518240618	2.216472050287203	2.2078425799126262	2.197844721412317	2.1862704214537256	2.1728824861273734	2.157411259388981	2.139551193141603	2.1189574367404678	2.095242630307711	2.0679741954992727	2.0366725614761894	2.00081095469971	1.959817657961949	1.913082032213391	1.8599660844268928	1.799824005487818	1.7320328589815948	1.6560383543224002	1.5714201243390786	1.477980609431322	1.3758593666311523	1.265668935927341	1.1486373309151883	1.0267251937063409	0.9026654330795147	0.7798611838721166	0.6620916453579868	0.5530313732278144	0.45567704065355563	0.3718490804970368	0.30193355293234886	0.24493790763992077	0.19881274375014443	0.16092393196414498	0.12858437548147128	0.09963660505338148	0.07310240459162766	0.049655793547786604	0.031096257539384987	0.018497892769456632	0.011037259805692406	0.006865994086979329	0.004352507067292017	0.0025604362888386276	0.0012635965682460564	0.0005470886389463768	0.00025173867248165103	0.000126508640177129	0.0000533786335376065	0.000017115854582554198	6.194787059773585e-6	2.310202074638163e-6	5.668549287170695e-7	1.6048242374612678e-7	4.045044399733e-8	7.444557336320185e-9	1.6328297979148667e-9	2.1894956624234262e-10	2.9798432962124767e-11	9.993029445066167e-13	2.1115839791300802e-14	3.2522960460250175e-16	3.541730567412642e-18	5.758101669565698e-34
2.2528033481389627	2.252774062376304	2.2527398342310514	2.2526998312459225	2.252653081387244	2.2525984498462783	2.252534611991096	2.252460021804105	2.252372875002864	2.2522710659327685	2.2521521372048596	2.252013221003281	2.2518509709877668	2.2516614836836832	2.2514402078929607	2.251181839917629	2.250880201106505	2.250528093379023	2.2501171296957354	2.2496375393072348	2.249077948456998	2.248425128975759	2.2476636975788153	2.246775759570409	2.2457405141018296	2.244533811897869	2.243127613538681	2.241489372038096	2.2395813638116913	2.2373598635728795	2.2347742424497343	2.2317659258468745	2.2282671972179924	2.2241998552649216	2.219473686239865	2.2139847320139205	2.2076133650189775	2.200222120791146	2.191653296798945	2.1817263103107902	2.170234815513922	2.156943603327244	2.1415853214064233	2.1238570901551386	2.1034171420395764	2.0798816690229383	2.052822167477918	2.021763718007827	1.9861848219175047	1.9455196928729788	1.8991642854283082	1.8464878282822959	1.7868522581011286	1.719642711136484	1.6443129552999545	1.5604501392144827	1.4678629135587378	1.3666946863179046	1.2575581534735043	1.1416762671031828	1.0209976938340248	0.8982351236475629	0.7767626286557836	0.6603220076872627	0.5525443642715815	0.4563808876214817	0.37360969833007684	0.30458267869432193	0.24828430459797504	0.2026526116801184	0.1650465184732531	0.13276873992722932	0.1036385638910032	0.0766473395807155	0.0524865940337157	0.03310858477785498	0.019821039383000002	0.011912630683893533	0.007486891466780265	0.004816323883539039	0.002889805808576612	0.001455163645058383	0.0006366963382949457	0.00029500474670450885	0.00015127689716800094	0.00006627007757253703	0.00002164802197637139	7.863529984554824e-6	3.063139554209811e-6	7.795443546467296e-7	2.2041333916454924e-7	5.97705728615663e-8	1.098244375317378e-8	2.583500933610981e-9	3.493738379338932e-10	5.3381190798308386e-11	1.895379104925906e-12	3.9604441398793325e-14	6.018332686442086e-16	6.459812594803141e-18	1.0364937594311575e-33
2.2352805395620883	2.2352514505076213	2.235217452403403	2.235177718434981	2.2351312831641192	2.235077019491267	2.2350136117974055	2.234939524605605	2.2348529659662657	2.234751844660112	2.234633720197406	2.2344957445412015	2.2343345944813717	2.2341463935633463	2.233926622130848	2.233670013317414	2.233370431560867	2.2330207292926265	2.2326125786872253	2.232136278196078	2.231580534699833	2.230932214171367	2.2301760438539375	2.229294258643028	2.2282662085220584	2.227067920349333	2.2256715618616743	2.2240448274424596	2.222150275289101	2.219944511122225	2.2173772909238916	2.2143904920867366	2.210916924213442	2.2068790027608935	2.202187232709815	2.1967384961397403	2.1904141464048914	2.183077862890505	2.1745732768985757	2.164721359791066	2.1533175745074478	2.1401288144773853	2.124890167724644	2.1073015815367935	2.087024554553031	2.063679041595586	2.0368408561584097	2.0060400072300877	1.9707605854495318	1.9304430897105824	1.884490462582186	1.8322795877281863	1.7731806146239628	1.7065872402227589	1.6319617806013262	1.5488993621675071	1.4572152270729226	1.3570568798883462	1.249037193149901	1.1343737297430037	1.0150024341162132	0.8936145550459058	0.7735531956714288	0.6585203894339164	0.55210106334316	0.4571981165235805	0.3755448490908319	0.3074571761970301	0.2518954904047148	0.20678529001979076	0.16947929890093813	0.13727050526789686	0.10795461476065428	0.08048917895557295	0.055576424458623395	0.03532105683615336	0.021283430687805586	0.012884007670168063	0.008179730307992584	0.005338967607995282	0.003267472579292836	0.0016802388390766418	0.0007434638483742693	0.00034659204003222456	0.00018111289386216973	0.00008242127087820072	0.00002751062990535566	0.000010005704185410873	4.061260276796434e-6	1.0787944566260547e-6	3.0331087154517313e-7	8.841861056246358e-8	1.6314539138385162e-8	4.0775812603788625e-9	5.629469639238617e-10	9.517970574018818e-11	3.662283373772913e-12	7.564810074106997e-14	1.1328358688641514e-15	1.1969502195666353e-17	1.893217182651179e-33
2.2168552748429557	2.2168263934661665	2.2167926382314818	2.2167531882821065	2.2167070851432147	2.216653209854512	2.2165902563125788	2.2165167001688393	2.216430762493929	2.216330367308238	2.2162130919629037	2.216076109302428	2.2159161205372726	2.2157292777416746	2.2155110945629004	2.2152563430213927	2.21495893304416	2.214611770384993	2.214206589731049	2.2137337626058318	2.2131820810316025	2.212538510368466	2.211787894528738	2.210912605232536	2.2098921517466854	2.2087027468553657	2.2073167769739843	2.2057021913957997	2.2038218457438594	2.2016326952356318	2.199084902195736	2.1961208211750267	2.1926738173040228	2.188666957185449	2.184011504569907	2.1786052287291167	2.172330518614154	2.1650522612575624	2.1566154962631816	2.146842835853602	2.135531652733481	2.1224510602089195	2.1073387229751077	2.0898975732943783	2.069792558676653	2.046647607315809	2.0200430917424113	1.9895142257349883	1.954551003152789	1.9146005616812563	1.8690732263828413	1.8173539684599982	1.7588216165090373	1.6928789160301954	1.6189972211364088	1.5367800976604213	1.446049760871242	1.3469580572537574	1.2401180602449418	1.1267415976161552	1.0087511626673809	0.8888152937039494	0.7702442571010594	0.6566979246226383	0.5517122727496522	0.4581391038416174	0.377664441082954	0.31056640099764904	0.2557805507704456	0.21121982608413983	0.1742311466353155	0.14209879084640742	0.11259471137837798	0.08463934288014392	0.05893800868361271	0.03774603838013817	0.022894891681618252	0.013958610885434026	0.00895027121690268	0.00592567075043348	0.003698586654669214	0.0019435096839769872	0.0008702504959603389	0.00040787532817522455	0.00021685363048774475	0.00010249628409204644	0.00003506209717246748	0.000012741793789109976	5.369850180939106e-6	1.497177517924273e-6	4.1722134489939735e-7	1.301832167947546e-7	2.432432676466441e-8	6.374486241825982e-9	9.117580974583511e-10	1.6689917513378774e-10	7.125209631274909e-12	1.4555299416218127e-13	2.1463796576379103e-15	2.2306461044845066e-17	3.475412654455156e-33
2.1975013665489405	2.197472704298935	2.1974392053232124	2.1974000550512534	2.19735430235573	2.1973008368645117	2.1972383625144634	2.1971653666987363	2.197080084225627	2.1969804551945846	2.1968640757803115	2.1967281408594035	2.1965693774098227	2.1963839676098194	2.1961674602489736	2.1959146683805235	2.1956195499253646	2.1952750668923375	2.1948730199239637	2.1944038576516185	2.193856461946192	2.193217903035937	2.1924731479024375	2.191604712638321	2.190592274624191	2.1894122427881335	2.1880372342396655	2.1864354673271658	2.1845701114230636	2.1823984905299882	2.1798711957606165	2.176931085056647	2.1735121097775245	2.1695380235711093	2.164920890736614	2.1595594167821783	2.1533370833105843	2.146120051588444	2.1377548472036567	2.1280658138850406	2.116852339447805	2.1038858797009614	2.088906818262626	2.0716212372921405	2.051697724016104	2.028764399677496	2.0024064484358677	1.9721645774173542	1.9375350115952366	1.8979718968323733	1.852893352544836	1.8016928893010373	1.7437585030569174	1.6785024976407885	1.6054057775925865	1.5240808305404623	1.4343572477981936	1.3363914724277386	1.2307967946869212	1.1187789730950848	1.002246279569562	0.8838431246900654	0.7668450413348086	0.6548671826980305	0.5513936572695277	0.45922223134704426	0.37998907417585226	0.31393270342026725	0.25996294621152505	0.21598021964204336	0.1793267641198827	0.14727895252429737	0.11758508277731142	0.08912515860780904	0.06259883080180012	0.04040804692228377	0.0246741163108038	0.01514991180001047	0.009809037522821433	0.00658568471950447	0.004191841033360743	0.00225255399220784	0.0010216587887709842	0.00048107404125542525	0.00025983863093753516	0.00012752795053768686	0.000044876581730336166	0.000016266021458173552	7.0910852536616635e-6	2.0884939414306328e-6	5.755365808294986e-7	1.912045750092121e-7	3.65984114723754e-8	9.909136557339578e-9	1.4961500437288738e-9	2.8952415835820093e-10	1.4132902656105759e-11	2.8569443924805423e-13	4.1428215607302945e-15	4.228451030613671e-17	6.480528836263541e-33
2.177235496077397	2.1772070643608266	2.1771738349838703	2.1771349999897067	2.1770896159812065	2.177036581621673	2.17697461141102	2.1769022050952502	2.176817611934986	2.176718788944953	2.1766033521022976	2.176468519461985	2.1763110451114636	2.176127142902152	2.1759123985988196	2.175661668426195	2.175368960794063	2.1750272968869355	2.174628546729464	2.1741632400804227	2.1736203533632015	2.172987067126326	2.1722484777960163	2.1713872533556478	2.1703832480993475	2.1692130772853706	2.167849600670687	2.1662613197680063	2.1644117339612903	2.162258555238551	2.159752825891062	2.15683793335398	2.1534484458464527	2.1495088397725794	2.144932021632871	2.1396176820258077	2.133450452057927	2.1262978335616314	2.1180079156003733	2.108406863548629	2.097296185389183	2.084449801537202	2.0696109563065543	2.0524890461599723	2.0327564879559197	2.010045815112083	1.9839472750796041	1.9540073558877804	1.9197288404007926	1.8805732509399355	1.8359669118433761	1.7853123240628224	1.7280071372422636	1.6634737225860377	1.5912030474459686	1.5108170011104096	1.4221529564863191	1.325372203153109	1.2210882564499816	1.1105005087701236	0.9955021931220837	0.8787121891675379	0.7633693244306161	0.6530414780813498	0.5511579997202305	0.4604596680470648	0.3825302265208229	0.31756683273389663	0.2644527849781026	0.2210763501194811	0.184775724259978	0.15282075687627109	0.12293638520008215	0.09395904159904918	0.06657352103419281	0.04332189073221315	0.026633238384824686	0.016466905683745214	0.010763193595809756	0.00732551924721136	0.004753741964037295	0.0026136846387053614	0.0012018865483450268	0.0005682172591232127	0.00031127298423041876	0.0001584866551340562	0.00005757271440036052	0.000020787768200148678	9.331239594774241e-6	2.917539045089151e-6	7.945618721160268e-7	2.7878908766549403e-7	5.537440492664912e-8	1.523787434415247e-8	2.473822404150364e-9	4.928794848813308e-10	2.8221789031556965e-11	5.65684101871165e-13	8.05934113281818e-15	8.070977733816457e-17	1.2156744156778909e-32
2.1560463082619883	2.156018118828215	2.155985172790649	2.1559466691436393	2.1559016726141205	2.1558490913617585	2.155787650988017	2.1557158642212304	2.155631995510445	2.1555340196468893	2.155419573418335	2.155285899238671	2.1551297796870603	2.1549474619051607	2.154734570521257	2.1544860071339866	2.1541958332127855	2.153857132124795	2.1534618468060867	2.15300059228954	2.152462444385481	2.151834699586576	2.1511025903261447	2.150248944218055	2.1492538015449933	2.1480939943839528	2.1467426374534058	2.1451685299568113	2.1433355180500873	2.141201721464561	2.1387186567652843	2.135830267727384	2.13247177101974	2.128568402545268	2.1240339539410877	2.1187691512542735	2.11265983354537	2.1055749115859457	2.0973641176999243	2.087855531828636	2.0768528902914647	2.0641327038997503	2.0494412236371904	2.0324913295360956	2.0129594639867467	1.9904827980517454	1.9646569019081752	1.9350343408086355	1.901124792045635	1.8623975338485521	1.8182875187360752	1.7682067031590072	1.7115628916564571	1.647789047895715	1.576386730572217	1.4969877259882167	1.4094376081991018	1.3139027714521112	1.2109969624210866	1.101912880150133	0.9885278386423005	0.8734338313931861	0.7598308197931966	0.6512367973516426	0.551023316112478	0.46187110184177843	0.3853088831018654	0.32149065178384234	0.26927253913655247	0.22653076674705383	0.19060094599471836	0.15874761809785537	0.12867296077130821	0.0991668387610459	0.07088910656308799	0.046513011203948365	0.028792409157945387	0.017924314628324813	0.011824292154452106	0.008155425411157734	0.005394175811524809	0.003036181882928967	0.0014171371407758477	0.0006723181610052686	0.0003729305439120544	0.00019677026235836648	0.00007407368960211232	0.000026625469493024637	0.000012246418903277442	4.084183537054496e-6	1.1003277766443895e-6	4.040714851969361e-7	8.452233959039747e-8	2.3252247631711443e-8	4.1385887583769394e-9	8.275097027433823e-10	5.7123677523237926e-11	1.1396110153984774e-12	1.593013222999508e-14	1.5628997986193361e-16	2.310365972199914e-32
2.1339469461617826	2.133919010806133	2.1338863619023662	2.133848205734439	2.1338036155495543	2.133751509466135	2.1336906247278282	2.1336194876772545	2.133536378690811	2.1334392912007214	2.1333258838173403	2.133193424498505	2.133038725702701	2.1328580694852555	2.1326471212338327	2.1324008301340536	2.1321133132949455	2.131777719283907	2.131386067490365	2.130929062385385	2.1303958840233657	2.1297739504831856	2.1290486367928003	2.1282029379617717	2.1272170893799385	2.126068150477636	2.1247295032633158	2.1231702592574635	2.1213546282050912	2.11924115739208	2.116781860867731	2.113921265671121	2.11059526867514	2.106729902114196	2.102239885906434	2.0970270320653133	2.090978446326395	2.083964516982404	2.075836699739408	2.066425082380718	2.0555357381384716	2.0429478944886945	2.0284109557237193	2.011641455212835	1.99232005755121	1.9700887979725912	1.9445488294658504	1.9152590921318415	1.8817364957567404	1.8434584555017	1.799868976922613	1.7503899397252083	1.694439805908053	1.631462659988366	1.5609711831944169	1.48260755828958	1.3962259759880136	1.3019981963465996	1.2005382153783057	1.0930316453088504	0.981339035584776	0.8680240742919694	0.7562457529611751	0.6494694658920708	0.5510058568153811	0.463472555744093	0.38834065837187204	0.32571930341253363	0.27443673032786575	0.2323578284160945	0.19681649483594507	0.16507378271073556	0.13480997144969703	0.10476564662980077	0.07556509534005072	0.05000140237195727	0.03116829809981756	0.01953454477730485	0.013002147936572752	0.009084234788600263	0.006121932688536335	0.00352889124726422	0.001673820926887902	0.0007965226073604045	0.00044662598334715373	0.00024382960146019937	0.000095450776665791	0.00003415949821744167	0.00001601379487142547	5.7135785607665e-6	1.527486182807012e-6	5.80983918202586e-7	1.2981788633856668e-7	3.5171018314181504e-8	6.970593676201501e-9	1.3679404501792255e-9	1.1611412589413098e-10	2.321709450352098e-12	3.180968794157043e-14	3.0537604964396934e-16	4.425441475016533e-32
2.110937985220014	2.1109103159774882	2.1108779782822498	2.1108401860534136	2.110796021462346	2.1107444130582556	2.110684110278638	2.110613653725193	2.110531340455575	2.1104351834249404	2.110322864098569	2.11019167718717	2.1100384664443106	2.1098595504955826	2.109650637423986	2.1094067262590968	2.109121992382762	2.1087896526404744	2.108401806487272	2.107949252072391	2.1074212786605133	2.1068054316872575	2.1060872354822897	2.105249860366399	2.104273746152246	2.103136190378133	2.101810854913121	2.1002671785021954	2.0984697516627366	2.096377569417719	2.0939431670274544	2.091111682200483	2.087819724484395	2.0839941599606293	2.0795506808953155	2.0743922367860126	2.0684072598721213	2.0614676860784527	2.0534267761735725	2.0441167209410542	2.033346041279802	2.0208968101475744	2.006521734702649	1.9899411749244196	1.970840218174983	1.948865994912212	1.9236255065699137	1.8946843713549875	1.8615670767266066	1.8237595633213437	1.7807153234050845	1.7318666369116011	1.6766431369083774	1.6145005680850644	1.5449632758747616	1.46768435095503	1.3825270193433818	1.2896686759724152	1.189723580324239	1.083869850140981	0.9739504510692435	0.8624991580511089	0.7526319034277834	0.6477586192958688	0.5511259161515185	0.4652851675607829	0.391647202426017	0.33027457923606823	0.27996720755216903	0.23857892848545545	0.20344381704781445	0.17182102475428443	0.14137013311490937	0.1107800945787375	0.08062852558621794	0.05381404716426878	0.03378323437308026	0.02131416416772808	0.014309792330423503	0.010123555853242623	0.006948392909845117	0.004103192179706374	0.0019804296149505468	0.0009450423062086721	0.0005347555464693189	0.00030156062392067644	0.00012317158249432994	0.00004393228098386851	0.000020876007619734912	7.983067626075305e-6	2.129272603933001e-6	8.295358350987209e-7	2.0076094420519923e-7	5.2895483570778416e-8	1.1811700305635395e-8	2.2369949800809115e-9	2.3713004459752264e-10	4.810529108070262e-12	6.451048023845062e-14	6.050086956989189e-16	8.582259000104135e-32
2.08703628122806	2.087008890175411	2.086976877812288	2.0869394660397487	2.0868957463586546	2.0868446582227245	2.086784963816912	2.0867152186490174	2.086633737214492	2.086538552876273	2.0864273709903025	2.086297514233013	2.0861458590737842	2.0859687623709844	2.085761976845532	2.0855205536379104	2.085238729044237	2.084909791276154	2.0845259234753506	2.0840780217321537	2.0835554895038113	2.08294600536527	2.082235249682174	2.081406576028063	2.0804406379843408	2.079314982003566	2.078003562402508	2.076476160127599	2.0746977637232384	2.0726278361629995	2.0702194577722914	2.0674184044060553	2.064162030881231	2.0603780747076827	2.055983244789348	2.0508816797585157	2.044963198406093	2.0381013546057924	2.030151296173455	2.020947412328139	2.0103007827627226	1.997996455135654	1.9837905895238364	1.967407546380693	1.9485370368797035	1.926831518678787	1.901904107835349	1.8733274053514735	1.8406338222772938	1.8033182146639608	1.7608439964116667	1.7126543267215788	1.6581905245218935	1.5969205359685987	1.5283809134625281	1.452236168137436	1.368358982999972	1.2769326547939854	1.1785716977542482	1.074446387905036	0.9663811818502231	0.8568783946969247	0.7490085998828825	0.6461234982600831	0.5514024442345505	0.4673273810345614	0.39524628441455534	0.33517353237477754	0.2858801891948677	0.24521002974555714	0.210498430500904	0.17900493173855825	0.1483699046127135	0.11722872885211846	0.08610117242848404	0.05797428725565746	0.03665747074527271	0.023278459204850315	0.015759303858402927	0.011284216411030485	0.007884342687743977	0.00477040160898739	0.0023461130646582023	0.0011225097676804134	0.000639890491571543	0.00037200072216558866	0.00015895479800914956	0.000056619584442648385	0.000027119205771484344	0.000011111012445967557	2.979604886875531e-6	1.1751884422008904e-6	3.1143394484918985e-7	7.913821875641588e-8	1.9982765124006665e-8	3.6235859276635975e-9	4.809910231134195e-10	1.0087298643916281e-11	1.3226409239955558e-13	1.2101525929950178e-15	1.6782119667707593e-31
2.0622497229850794	2.0622226224096445	2.0621909497485302	2.062153935237599	2.062110680119659	2.062060135234976	2.062001076079274	2.061932073724803	2.0618514608744465	2.0617572921991063	2.061647297998975	2.06151883014999	2.061368799282732	2.061193602180167	2.060989038178774	2.0607502128359054	2.060471426050852	2.0601460405413583	2.0597663268221305	2.0593232832554955	2.058806432564708	2.058203592350967	2.0575006058652683	2.0566810180015693	2.055725705631585	2.0546124751203636	2.053315586031342	2.0518051767492587	2.050046651414927	2.04799996148178	2.0456187566532287	2.0428494788276383	2.039630261290471	2.0358897512022827	2.0315457192034074	2.0265035455464915	2.0206544966561726	2.0138738159155625	2.00601862156837	1.9969255983369043	1.986408497778042	1.9742554736123517	1.960226291521556	1.9440494891878641	1.9254196060648536	1.9039946628746303	1.8793941610640397	1.8511979941296282	1.8189468483553277	1.7821448922617333	1.740265903118329	1.6927644055909297	1.6390939295746638	1.5787351724120184	1.511237444879513	1.4362771963433671	1.353737002867401	1.263806321443512	1.167099905301416	1.0647798103017905	0.9586509624348772	0.851182721621577	0.7453979509655512	0.6445872034201051	0.5518592424044826	0.46962340559686433	0.39916216576658153	0.340440129541846	0.29219924148575616	0.25227388765716335	0.21800284887932797	0.18664815172919128	0.15583282313611443	0.12413720398928378	0.09201193046756038	0.06251243261331312	0.03981720750755804	0.025447188531288474	0.01736623632267385	0.012580045264636436	0.00894338859187786	0.005544698916697019	0.0027827274711071793	0.001335050213652689	0.0007653734149734402	0.00045777050091509085	0.00020508282036880656	0.00007318150914270494	0.00003513418410633548	0.000015393389887020953	4.19269112699913e-6	1.6542408804188477e-6	4.84046189618988e-7	1.1820651368252079e-7	3.362510197932453e-8	5.8516213491002e-9	9.654983979688852e-10	2.1538029942358844e-11	2.757410312755568e-13	2.4567440933110443e-15	3.3249631689916275e-31
2.036603834150217	2.03657703632414	2.0365457177171864	2.0365091172524865	2.036466346326788	2.036416367648395	2.036357970586477	2.036289742435301	2.0362100348738155	2.036116924779843	2.036008168449899	2.0358811481915016	2.035732810239752	2.035559592992205	2.0353573443760378	2.0351212266709453	2.034845606064635	2.0345239229158976	2.034148538788001	2.0337105586411806	2.033199629533348	2.032603713991258	2.0319088249780535	2.031098706754356	2.0301544690013476	2.0290541889970637	2.0277724443006457	2.0262797459525825	2.024541931286692	2.0225194606813055	2.0201665775412145	2.017430417623123	2.014249925904234	2.0105546972735393	2.006263609228726	2.0012833359610562	1.9955066525810015	1.9888105634511049	1.9810542404720377	1.9720767607556835	1.9616946605396193	1.9496993308943682	1.9358542954028801	1.9198924455788156	1.9015133530931982	1.880380837174776	1.856121054837637	1.8283215010637315	1.7965314883903791	1.7602648934689802	1.7190062986481771	1.672222078204865	1.6193784976104117	1.5599695518534433	1.4935578612652443	1.4198323266836204	1.3386858497074923	1.2503142992063232	1.155332661067604	1.0548943029110975	0.9507837153512446	0.8454356114887475	0.7418229165298625	0.6431719433581984	0.5525176151559608	0.47219339261425247	0.4034137241035749	0.3460919785478763	0.2989407772870884	0.2597861082849295	0.22597207179674958	0.19476560585781025	0.1637745896597509	0.13152344630969084	0.09838266819175297	0.06745359759841622	0.04328553206534218	0.027838165687538798	0.019144678029219393	0.014023635623835184	0.01013806276668805	0.006439702109262969	0.0033027547167063407	0.001589353555847892	0.0009147442856123093	0.0005616274845191989	0.0002641230947587936	0.0000948127145625985	0.00004538118250504041	0.000021175882310956273	5.927714916032223e-6	2.3126914232488886e-6	7.495816623960251e-7	1.763878841932764e-7	5.578390736147726e-8	9.44483490173659e-9	1.8907567551830194e-9	4.653171276106799e-11	5.812250527706185e-13	5.03530230072289e-15	6.641562565624373e-31
2.010111303795463	2.0100848212014557	2.010053871247096	2.010017701901418	2.0099754351341477	2.009926046011348	2.009868338348113	2.009800916329607	2.009722151392639	2.009630143536207	2.0095226761230403	2.0093971631451737	2.009250587910137	2.009079432149173	2.0088795943906406	2.0086462959812077	2.008373972129424	2.0080561440230453	2.007685268009863	2.0072525600529523	2.0067477967049436	2.0061590914019387	2.0054726337745805	2.004672375628778	2.00373966913224	2.002652873682195	2.001386897797987	1.9999126406312522	1.9981963906389062	1.9961991378732558	1.993875744219519	1.9911740675661151	1.9880338983724135	1.9843858179496205	1.9801498566058637	1.975234035626831	1.9695327008787316	1.9629246903904602	1.955271314347983	1.9464141407662772	1.9361726052304207	1.9243414695620737	1.910688170093052	1.894950131609055	1.8768321653350226	1.8560041281852797	1.8320991074396404	1.8047125132547406	1.7734026410251238	1.7376934773983894	1.6970808581194061	1.6510434991558387	1.5990609326383067	1.5406410058382947	1.4753602071112797	1.402920411889119	1.323225270816997	1.236477322789693	1.1432917655203743	1.0448128266877243	0.9428036117639108	0.8396624354118167	0.7383097529583817	0.6419047115583706	0.5534049080740792	0.47506472890651913	0.40802800110341575	0.35215547252419266	0.306130358631806	0.26777161613387596	0.23443044328182658	0.203381608394248	0.17222032617474634	0.13941482593732443	0.10524481623539016	0.0728323041861123	0.0470937357531361	0.03047546362776416	0.021113575154539148	0.01563178015266902	0.011484812213244237	0.007472896104861611	0.003922569717310413	0.0018944705160868862	0.0010927192583084096	0.0006871892773881703	0.00033946233041205737	0.00012323694782764911	0.00005850343011724849	0.0000289215980058348	8.433127338530049e-6	3.2178755758878525e-6	1.154440608581302e-6	2.640863171348632e-7	9.106570927893938e-8	1.535867322024943e-8	3.598907514508314e-9	1.0249770067431143e-10	1.2481567030845453e-12	1.0491599191208147e-14	1.3459768465520653e-30
1.9828074830359936	1.9827813280811866	1.9827507612894921	1.9827150400321756	1.9826732972689836	1.9826245209101077	1.9825675297857872	1.9825009456369451	1.9824231604352958	1.9823322982096303	1.9822261704520463	1.9821022240840502	1.9819574809445806	1.9817884678073137	1.9815911357999125	1.9813607676691893	1.9810918703600684	1.980778049057423	1.9804118586080668	1.9799846303395674	1.9794862754338582	1.9789050642119008	1.978227369869127	1.977437359870153	1.9765166384951829	1.9754438584177811	1.9741942719787025	1.972739181800691	1.9710453453119883	1.9690743028171744	1.9667815593420601	1.9641157229744193	1.9610174632765784	1.9574183863754557	1.953239721121178	1.9483908886054384	1.9427678671581414	1.936251400794825	1.9287050219618724	1.919972887428027	1.9098774460592758	1.8982169628930003	1.884762940870814	1.8692575161304195	1.8514109453152867	1.8308993604845085	1.80736305152558	1.7804056552790648	1.7495948039880744	1.7144649925473705	1.6745237544732365	1.6292626355272628	1.5781749595197003	1.5207829762832394	1.456677593618326	1.3855741770822312	1.3073875398723784	1.222327144628264	1.1310083451611654	1.034565814229828	0.9347401198635008	0.8338915558115958	0.7348856660905434	0.6408112595014225	0.5545452474696471	0.4782596593638508	0.41302528853358167	0.35864896840126104	0.3137846465265408	0.27624535232954456	0.24339195010238912	0.21250978842469548	0.18118427641825513	0.14782783701932953	0.11261948938828192	0.07867483871792127	0.05126777145967771	0.03337968821257709	0.02328928089520676	0.017419038584507027	0.012998030280509092	0.008660186351611344	0.004658712183790258	0.0022601176020632333	0.0013041871921375108	0.0008381400949581346	0.0004347193431163604	0.0001605732606119831	0.0000752534505586423	0.00003914983117498051	0.000012048791053376958	4.455950171805043e-6	1.7581112192493486e-6	3.970015445330445e-7	1.4557443127657463e-7	2.5215877694201905e-8	6.589002201259662e-9	2.2824733001169505e-10	2.711790663524244e-12	2.2081106177287403e-14	2.7510465081832657e-30
1.9547129923912478	1.9546871776653172	1.9546570087598643	1.9546217528100922	1.9545805541885033	1.9545324141437503	1.9544761670985629	1.9544104530243238	1.954333685216115	1.954244012654375	1.9541392760391236	1.954016956484311	1.9538741158403772	1.9537073276574515	1.9535125976917072	1.953285272456572	1.9530199333914118	1.9527102728912067	1.9523489480634564	1.9519274100388146	1.9514357098396395	1.950862280719159	1.9501936864499148	1.9494143183723096	1.9485060426499705	1.9474478165763476	1.9462152493364098	1.9447800625895622	1.9431095009124424	1.9411656756794535	1.938904760096532	1.9362761409496296	1.9332214009256565	1.9296732099970395	1.925554041950521	1.9207747710447705	1.915233070798688	1.9088116644913788	1.901376391975185	1.8927740979716858	1.8828303601622547	1.8713470810772692	1.8580999860847942	1.842836103332194	1.82527134345445	1.805088354092905	1.7819349037251735	1.7554231711422368	1.7251304835188659	1.6906022471113793	1.6513581425248915	1.6069030395318615	1.5567445822871901	1.5004199797725917	1.437535112769121	1.3678193528437537	1.2911990977181573	1.2078909674176352	1.118510408452935	1.0241820142564768	0.926622782248849	0.8281531437892609	0.7315812432536293	0.6399223204166747	0.5559690963163718	0.48180804652945003	0.4184344629404809	0.3656001811661178	0.32193010323708476	0.2852328479286306	0.2528814211051449	0.22217471856963647	0.19069166044160166	0.15678995509135069	0.12053893921569035	0.08501862032565116	0.05584362757823959	0.03657929483067908	0.025694258380428058	0.019405276465974355	0.014697031079920358	0.010022243287677238	0.005532784487116973	0.002699528592429599	0.0015557411400398402	0.001019341125360984	0.0005546082793700136	0.0002098697435824473	0.00009669427393208563	0.00005255904202400718	0.000017293083579552725	6.156604076552609e-6	2.6443734972108705e-6	6.021041162291465e-7	2.283725186793358e-7	4.2100491930620164e-8	1.163076770175863e-8	5.17340700529156e-10	6.0105744956123344e-12	4.729680297066122e-14	5.709675859432233e-30
1.9258683252481352	1.9258428632647147	1.9258131068801698	1.9257783333532066	1.9257376988893236	1.925690218567169	1.9256347429756928	1.925569930987537	1.925494218004839	1.9254057788758387	1.9253024845802669	1.9251818516795647	1.9250409835063687	1.9248765021108842	1.92468446989473	1.9244602994926574	1.9241986495803853	1.923893302955914	1.923537022726117	1.923121384222244	1.9226365834882084	1.9220712227505043	1.9214120633153402	1.9206437285575262	1.9197483562226383	1.918705219522521	1.9174902974416763	1.91607574608687	1.9144293153071126	1.9125137081975911	1.9102857910307687	1.9076957576273754	1.904686137597819	1.9011907035373514	1.8971332202783253	1.8924260681812133	1.8869686783773985	1.880645826156775	1.8733257432930823	1.864858060971995	1.855071600499734	1.8437720350926068	1.830739467295139	1.8157259964438317	1.7984533941085532	1.7786110618784405	1.7558545205218887	1.7298048036307503	1.700049287613187	1.6661446896858865	1.627623281427333	1.5840037449558313	1.5348085685870085	1.4795904689599122	1.4179708436975478	1.3496935735804088	1.2746970541436644	1.1932052685535086	1.105833694592023	1.0136963054468937	0.9184854896320727	0.8224799296856551	0.728427643112087	0.6392672306266965	0.5577037188789301	0.48573479053093443	0.42427799222050305	0.3730291302147603	0.33058455760366373	0.2947502740529388	0.2629137812929229	0.23239080752576186	0.20075731565302155	0.16631816729570525	0.1290252404064434	0.0918927604582686	0.06085204673932567	0.04009949601511964	0.028348572234821477	0.02160828880177516	0.016599186583595566	0.011577994070265166	0.006566518567441182	0.003227218419353239	0.001854410509639576	0.0012358034971745651	0.0007041036190417204	0.00027488829800906	0.00012410449463756365	0.00006994385878655904	0.0000248539344896548	8.493713447166642e-6	3.915158539860026e-6	9.220553503362619e-7	3.514870695956389e-7	7.144546821899024e-8	1.9806319881796914e-8	1.1821453734054295e-9	1.3515340079998691e-11	1.0257919194435973e-13	1.197658604076061e-29
1.8963100488432598	1.8962849521668954	1.896255622997483	1.8962213490783029	1.8961812988697075	1.89613450177428	1.8960798251231756	1.896015947363899	1.895941326792529	1.8958541650448792	1.8957523644562722	1.8956334782953503	1.8954946528533418	1.8953325604110558	1.895143322041502	1.8949224188658054	1.894664589550434	1.8943637105026547	1.8940126545788762	1.8936031257287742	1.8931254702236102	1.8925684653173847	1.891919076846087	1.8911621683924793	1.8902801590235407	1.8892526492398163	1.8880560008138267	1.886662819756251	1.8850413794130072	1.8831549953090467	1.8809612517482552	1.8784111780851336	1.875448284694116	1.872007485792572	1.868013883490564	1.8633814173461984	1.858011338823486	1.8517905481188681	1.8445897536892857	1.8362614720445718	1.8266378831069021	1.8155285645156276	1.8027181509486137	1.7879639925802324	1.7709939292278052	1.751504355100253	1.7291588171608854	1.7035875165495291	1.674388233628467	1.6411293951626942	1.6033563079208168	1.5606019524192	1.5124041846142249	1.4583317706450847	1.3980221663233423	1.331234258761667	1.2579188298115846	1.1783074355235408	1.0930154719501681	1.003145777749669	0.9103648198247397	0.8169077202905857	0.7254598775717496	0.6388797616431179	0.5597812396125141	0.4900700916570727	0.4305838886464923	0.38096164797940046	0.33977179360168935	0.3048195711593336	0.27350971101578186	0.24317817554591298	0.2114017599174516	0.1764350860200306	0.13810618932436147	0.09933261070818125	0.06633035201358219	0.04397111067396004	0.03127673284767248	0.02404975652656331	0.018725451663764204	0.013349803569358495	0.007785902388058593	0.003861721270802883	0.002209116562526659	0.0014936899337165378	0.0008892436100586437	0.0003607131658377839	0.00015922378828647733	0.00009233115136388697	0.000035686594262516	0.000011726124436535526	5.704663397352291e-6	1.4289075497494708e-6	5.322306231873697e-7	1.2315296181082243e-7	3.278101584236653e-8	2.717012079218227e-9	3.0964337734370785e-11	2.261343220055506e-13	2.5475806704875396e-29
1.8660771497592012	1.866052431022414	1.8660235438418653	1.8659897868084812	1.8659503410619191	1.8659042508248858	1.8658504007502335	1.865787489537636	1.86571399916823	1.865628158990143	1.8655279037756718	1.8654108247666839	1.8652741126970964	1.86511449181799	1.8649281439112366	1.8647106209641053	1.864456744403996	1.8641604874703952	1.863814836535958	1.8634116286022364	1.862941365401441	1.862393005322596	1.8617537257685328	1.861008638731638	1.8601404543732079	1.859129111941764	1.8579513690525857	1.8565802971053917	1.8549847113430935	1.8531285605038987	1.850970171969635	1.8484614393742917	1.8455468877322216	1.84216261218817	1.8382350984984206	1.8336798987573317	1.8284001478302843	1.8222849440339564	1.815207557568072	1.8070234895657151	1.7975683940422529	1.7866558871920544	1.7740752912773854	1.7595893873587638	1.742932291568312	1.7238076298485838	1.7018872497507134	1.6768108330459706	1.648186918460238	1.6155960412321135	1.5785969863480862	1.5367375167254853	1.489571377338416	1.4366839203294768	1.3777291955959432	1.3124815869821371	1.2409046332706017	1.1632376596913916	1.0800958311539062	0.9925702182071584	0.9023002613948465	0.8114755055388001	0.7227158029622259	0.6387963754853136	0.5622363372773516	0.4948464078289024	0.4373821696888492	0.38942527085499207	0.34951708239704443	0.315464055733712	0.2846911550541757	0.25455811087309926	0.22264656974154715	0.18716429766839912	0.1478106764503408	0.10737551183523585	0.07231931381856728	0.04822846358023243	0.03450615602460129	0.02675392654201157	0.021099155381663705	0.015362177819899032	0.00922016279200612	0.004625713369434791	0.0026307263951932855	0.0018002222245098317	0.0011170357593219226	0.00047394947611694897	0.0002043742586997591	0.00012100939559515964	0.000051044004691259304	0.000016237654598377836	8.187012903890092e-6	2.2414033825731635e-6	7.953639251133251e-7	2.143070108492649e-7	5.3137505850724204e-8	6.2217630252594216e-9	7.248000270364118e-11	5.080071241417924e-13	5.508110769588143e-29
1.8352323021952301	1.8352079737420797	1.8351795429867792	1.8351463197227234	1.8351074981837112	1.8350621378973264	1.8350091414049952	1.8349472283200647	1.834874905081978	1.8347904296546054	1.8346917703036787	1.834576557481088	1.8344420278128677	1.8342849592202428	1.8341015961853315	1.833887563888464	1.8336377692266679	1.8333462854209819	1.8330062160383962	1.8326095354632426	1.8321469059995437	1.8316074731446788	1.830978632748489	1.8302457532141072	1.8293918453336873	1.8283971983297078	1.8272389784351977	1.8258907374926032	1.8243218506627283	1.822496920210549	1.8203750409944766	1.8179089991127435	1.8150443671414689	1.8117184597402358	1.8078591914177138	1.803383778928176	1.7981973022188409	1.7921911290047345	1.7852411742538363	1.7772060206257316	1.7679249088807907	1.7572156245235944	1.7448723290051866	1.7306634095520388	1.7143294611695263	1.6955815742146143	1.674100163841241	1.6495346963826585	1.6215048131995597	1.589603544807545	1.55340358365328	1.512467943297381	1.466366758141417	1.4147024850984544	1.3571462787788675	1.2934884789868086	1.2237057411210535	1.1480452930451968	1.0671219162816237	0.9820142879275042	0.8943335434103878	0.8062216157431052	0.7202302471832841	0.6390478745633623	0.5650954810316735	0.5000858278032427	0.4446906578884454	0.39843387591700574	0.35983096137104104	0.3266917371613883	0.29646436980555313	0.26653591118241793	0.23449707545534484	0.19851279860805607	0.1581508250327261	0.11604358974866516	0.07884856421350321	0.05289847891535217	0.03805863843787801	0.029740207895126658	0.0237390440654508	0.017635029049730036	0.0108953826896264	0.005542700178931449	0.003130450568861356	0.0021623980650622957	0.0013942600898524179	0.0006220536107945616	0.0002623348084281238	0.00015738652378803183	0.00007234245884320759	0.000022554273361651784	0.000011566916975868271	3.534773059163701e-6	1.1738547833588107e-6	3.7043086029788763e-7	8.463550428719293e-8	1.3812927842184045e-8	1.7149973770621532e-10	1.1518445093352781e-12	1.199845665207392e-28
1.8038011844884292	1.8037772591363945	1.8037492997963867	1.8037166278327461	1.8036784510042216	1.8036338446465086	1.8035817297789076	1.8035208476149047	1.8034497298553656	1.8033666640179096	1.8032696529584287	1.8031563676225493	1.8030240920329852	1.8028696595457676	1.8026893794113121	1.8024789524201112	1.8022333737540284	1.8019468198859496	1.8016125153938676	1.8012225765339125	1.8007678314924584	1.800237619078253	1.7996195607485248	1.7988992896083427	1.7980601269631526	1.797082723684432	1.7959446678912514	1.7946200074752994	1.7930786962296994	1.791286011066456	1.7892018395418148	1.7867798896119287	1.7839668154295334	1.7807011913558315	1.7769124072699591	1.7725193987661312	1.7674292548906598	1.7615356865246488	1.7547173395102367	1.7468359784677985	1.7377345477243589	1.7272351373753734	1.7151369049896896	1.7012140253224066	1.685213781658641	1.6668549694130164	1.6458268468004793	1.6217889780317796	1.594372462203798	1.5631832229813527	1.5278083008831604	1.4878264407922228	1.4428246757940195	1.3924230986922934	1.3363104812816027	1.2742935777358364	1.2063625023202065	1.1327725058871483	1.0541377738854392	0.9715238948443898	0.8865122628627374	0.8011951757560976	0.7180531783793108	0.6396846513822723	0.5684088009778548	0.5058374247152029	0.4525567557442748	0.40803289203381865	0.3707568188719591	0.33854428917465834	0.3088697346855005	0.27915128705109626	0.24699324240079362	0.2105225698409427	0.1691742633108883	0.12539448065534486	0.08598033601525067	0.0580342907071996	0.04197673189913144	0.03304618159137256	0.026680932409147592	0.020204547427987822	0.012853450123548115	0.006650056308786782	0.003726681832849388	0.002591643842049862	0.0017315091742659806	0.0008163716130686241	0.0003377106513228527	0.00020368394800229927	0.00010166276602357212	0.00003160342368995671	0.000016174522384760884	5.607268252307742e-6	1.7255524845507862e-6	6.337580016946656e-7	1.342797168858534e-7	2.9655056900456283e-8	4.209035742074366e-10	2.6987188260762983e-12	2.689615255924276e-28
1.7718679009253218	1.7718443909508137	1.7718169173833596	1.7717848135112155	1.7717473010307865	1.7717034715682822	1.771652265184455	1.7715924453515857	1.7715225698008272	1.771440956501973	1.7713456439511626	1.7712343448166692	1.7711043919584508	1.7709526758570104	1.7707755725123238	1.7705688606416672	1.7703276264099097	1.7700461526751339	1.7697177886780775	1.769334796839551	1.7688881763072934	1.7683674651642303	1.767760517334353	1.767053238553051	1.766229270077903	1.765269635637622	1.7641523579828713	1.7628519958865594	1.7613390997646028	1.7595796414315246	1.7575343251573992	1.755157809062909	1.7523978612231896	1.7491943543737356	1.7454781981360143	1.7411700989969223	1.7361792161937575	1.73040167421768	1.7237189321690094	1.7159960326866706	1.7070797349717093	1.6967965630796953	1.6849508203111905	1.6713226419699094	1.6556661990189945	1.637708220838547	1.6171470706796334	1.5936527083533072	1.5668680275120468	1.5364122208312148	1.501887092795816	1.4628875725895683	1.4190180708858182	1.369916808326032	1.3152906485152045	1.254963180769367	1.188938262916434	1.1174792713503527	1.041199520505883	0.9611507367786994	0.8788833186204448	0.7964376351640498	0.7162203011712165	0.6407360659186613	0.572199092565127	0.5121175521735607	0.4609907638576786	0.41822727003618343	0.38229521669313665	0.35101894949550116	0.3219023022371985	0.2923980587531074	0.26012861161176265	0.2231882857536436	0.18088023405666703	0.13543849402666736	0.09373789786202953	0.06366064300936307	0.04628106953777137	0.036690458404788906	0.029942833029372486	0.023089257851013144	0.015119933168836034	0.007978575966871924	0.004434928554012417	0.003096564506353597	0.0021366307821466405	0.0010672114123566566	0.00043547083426546837	0.0002619372963364209	0.00014091516998463705	0.00004457854703683441	0.000022360765956549254	8.813434195455982e-6	2.526512896428683e-6	1.0533059760247452e-6	2.126208336526348e-7	5.9576015663420965e-8	1.045893358625544e-9	6.396870770972043e-12	6.086853365266638e-28
1.7394930221491605	1.739469939805659	1.7394429663411852	1.7394114473202678	1.7393746187889718	1.7393315891456318	1.7392813180549411	1.739222591905976	1.7391539952273296	1.7390738773377146	1.7389803134214297	1.738871059095656	1.7387434974944804	1.7385945779090017	1.7384207450663176	1.738217857924793	1.737981096326302	1.7377048526438486	1.7373826044232668	1.7370067645314717	1.736568508142631	1.7360575785636652	1.7354620690503053	1.7347681658722112	1.733959839630873	1.7330184981119796	1.731922611450127	1.7306472640603594	1.7291636209050039	1.727438368998096	1.7254330531392548	1.7231033100020265	1.7203980536634793	1.717258494003007	1.7136171043744244	1.709396414247051	1.7045077138291596	1.6988496112894855	1.6923064611667349	1.6847466796740749	1.6760209517016134	1.6659603637457454	1.6543745136064734	1.6410496688113905	1.6257470857359948	1.608201654983409	1.5881211036749896	1.5651860817074519	1.5390516093758286	1.5093505187440763	1.4756997859990044	1.4377109665751113	1.3950063179820278	1.3472426585196757	1.2941454013894633	1.235555362033542	1.1714904060125118	1.1022220529097149	1.0283624460023801	0.9509486736015511	0.8714985240127281	0.7919983824417063	0.7147778684420186	0.6422449073281858	0.5765051408211417	0.5189606137503622	0.4700226547303435	0.42904280024708036	0.3944683559885229	0.36413512803149567	0.33557954243789584	0.30629267538749155	0.2739195052859393	0.236527567036673	0.1932910336645231	0.14620940896422907	0.102166673183047	0.06982091833390838	0.05100722101954002	0.04070481077739822	0.03355520705563175	0.026319456454611572	0.017731106394577017	0.009570727717395883	0.005277673753699878	0.0036896203523778992	0.0026205198823179275	0.0013879969860701128	0.000563064239279862	0.0003350155726310458	0.00019261870356960053	0.00006337902342313369	0.00003064121002328318	0.000013627619359788308	3.7054542251227078e-6	1.6946801319325774e-6	3.3967158397248323e-7	1.1191617615463084e-7	2.6413403838991238e-9	1.5410495958002703e-11	1.3963426137196094e-27
1.706726575216819	1.7067039331128566	1.7066774744969944	1.7066465575726344	1.7066104331595175	1.7065682269237676	1.7065189187130454	1.7064613185104218	1.7063940384311505	1.7063154600657595	1.7062236963647766	1.706116547155525	1.7059914473240314	1.7058454067063393	1.705674940791476	1.705475991161055	1.7052438341089529	1.704972974744808	1.7046570226657682	1.7042885455789634	1.7038588998944841	1.7033580402757496	1.7027743063850922	1.7020941731523502	1.701301950152159	1.700379440759761	1.6993055756569406	1.698055980016829	1.696602451785898	1.6949124141480585	1.6929482767550605	1.6906666841800817	1.688017729336147	1.6849439992327757	1.6813795759370456	1.6772488656805082	1.6724653518175694	1.6669301981784077	1.6605307391379296	1.6531388624697096	1.6446092923182587	1.6347778091597005	1.623459457612434	1.6104468130689904	1.5955084192663251	1.5783875596407775	1.5588015890216809	1.536442147419856	1.5109767177775022	1.4820521461211522	1.4493009927742184	1.4123518819861145	1.3708453849719566	1.3244573858344622	1.2729322918464618	1.2161285089063831	1.1540781407155374	1.0870608308339016	1.015687170217824	0.9409786602043934	0.8644190238923778	0.78793813582765	0.7137856322609171	0.6442688721486942	0.58138185171656	0.5264180222828776	0.47969995108635816	0.44052314219746125	0.4073164615274313	0.3779303248457387	0.3499371649970229	0.32086985042030564	0.28840058234402677	0.2505765352936219	0.20644790248792225	0.15776018060284688	0.11133249042179134	0.07657708562557242	0.05620592735013171	0.04513456878650679	0.037561487281777765	0.02993778330876677	0.02073489630621069	0.011483825353805028	0.006287026935267564	0.004388272816339071	0.003197928976109652	0.0017961866601735798	0.0007319186742833526	0.0004270184323120584	0.0002602016894720261	0.00009109313724174029	0.000041796920847806906	0.00002068500165602301	5.496587466370749e-6	2.650573503694774e-6	5.570866532600501e-7	1.9888381977477739e-7	6.9217025402756045e-9	3.857289930996341e-11	3.311137010045882e-27
1.6736634949932003	1.673641305223482	1.6736153756009082	1.6735850773156273	1.6735496763678714	1.6735083161671478	1.6734599972998385	1.6734035539919943	1.6733376267037972	1.6732606301824047	1.6731707161784417	1.6730657299386187	1.6729431595176227	1.6728000769592508	1.67263307046631	1.672438166529775	1.6722107405607152	1.6719454134977896	1.6716359305801638	1.6712750185655454	1.6708542200832228	1.6703637070484139	1.6697920723280475	1.6691260873041915	1.6683504097227253	1.6674472496087784	1.6663960108794214	1.6651728739007559	1.6637502872280179	1.6620964304460908	1.6601746012084384	1.657942480233963	1.655351370638373	1.6523452749114331	1.6488599267914776	1.644821660975103	1.6401462131794902	1.6347373717896685	1.6284855318075788	1.6212661460502737	1.6129380862416043	1.6033419523889174	1.5922983809597675	1.57960642233814	1.5650420996023153	1.5483573086940665	1.5292792818051721	1.507510932132853	1.4827325217228047	1.4546052626734192	1.4227776838821922	1.386895890223008	1.346619192133737	1.3016429715521167	1.2517310181566592	1.1967596436260624	1.1367753480464957	1.072065839157267	1.0032396778441015	0.9313018294139218	0.8577001959936014	0.7843058815768286	0.7132853799164708	0.6468423139081164	0.5868557237693375	0.5345085392613883	0.4900341384014902	0.45267342969827784	0.4208395664056788	0.3924008528640666	0.36496909091084595	0.33612225853360633	0.3035641300901117	0.2653280653616797	0.22034700757548656	0.17009841003510942	0.12126137657263848	0.0839617399848395	0.06190527458712986	0.05000544789369404	0.04198690385900499	0.03396882230201239	0.02416002296838076	0.013764773529453581	0.007492976784841368	0.005207239803743029	0.0038804287819960066	0.0023063033309685095	0.0009552306293492505	0.0005420628047665097	0.0003468803841995904	0.0001315839606509222	0.000056732804504577714	0.00003062292779217578	8.262528779331178e-6	4.026029776250339e-6	9.397899391609093e-7	3.350032569758923e-7	1.828719187998412e-8	9.849415104671241e-11	7.984745357938192e-27
1.6403835815224663	1.640361856098748	1.640336469517083	1.6403068062998876	1.6402721480319877	1.6402316563387156	1.6401843530972715	1.6401290974211429	1.6400645588694158	1.6399891862238878	1.6399011710621099	1.639798405250621	1.6396784314188675	1.6395383854688117	1.6393749302550138	1.6391841794495094	1.6389616102298652	1.638701962437046	1.6383991205180832	1.6380459744550944	1.6376342580373389	1.637154366282373	1.6365951520426822	1.635943690882751	1.6351849978158086	1.6343017004945166	1.6332736887228347	1.632077712358521	1.6306868879743803	1.6290701717874774	1.627191772266624	1.6250104343769616	1.6224787025018095	1.619542032665184	1.6161378527516121	1.6121944773171852	1.6076299527821156	1.6023507604761165	1.5962504360068466	1.5892080895506273	1.581086847284901	1.5717322525991608	1.5609706767527396	1.548607809649491	1.5344273421717474	1.518189998138672	1.4996331317253573	1.4784712049247635	1.454397566585692	1.4270881355960299	1.3962077791122607	1.3614204766167162	1.3224046811715255	1.2788756687178666	1.2306169653397818	1.1775230593095514	1.1196549550734096	1.05730824896083	0.9910889588330467	0.9219844253041208	0.8514050686481665	0.7811606193474223	0.7133314135383724	0.6500138166037631	0.592969124518171	0.5432679686877321	0.5010546247075537	0.46551728750435367	0.43505654105609937	0.40756212312184703	0.38068854630093457	0.3520620664436566	0.31942209107927844	0.280794872809772	0.2350046419292012	0.1832515862186797	0.13199941753064992	0.09202603091484073	0.06814862594276937	0.055356840092224247	0.046870001460515336	0.03844999249659135	0.028046308950968265	0.016473098287420673	0.008936994041946783	0.006166948748366723	0.004683717740739448	0.0029361031889370832	0.001251836679508036	0.0006859966073291386	0.00045688435959082344	0.00019021376893504251	0.00007680646247804484	0.00004428706229862568	0.000012648521662555638	5.975223024807688e-6	1.6292587466790617e-6	5.415776789814738e-7	4.80521435038853e-8	2.576562565064572e-10	1.9654428052670025e-26
1.6069744174692073	1.6069531683057994	1.6069283386986386	1.6068993268451628	1.6068654303156829	1.6068258294200817	1.606779567874157	1.6067255303186039	1.6066624161582277	1.6065887090817734	1.6065026415115358	1.606402153124027	1.6062848425170775	1.6061479110870363	1.605988098261913	1.6058016071484276	1.605584019321228	1.605330196575568	1.6050341661014924	1.6046889852360562	1.6042865838246938	1.6038175857881198	1.6032711107007382	1.6026345459936258	1.60189327292458	1.6010303476359753	1.6000261584317246	1.5988580388032931	1.5974997905079484	1.5959211665910786	1.5940873088194185	1.5919580542329776	1.5894872193475953	1.5866217511916472	1.5833008139769142	1.5794547529534173	1.5750039826746953	1.5698577452573192	1.5639127957327048	1.5570519925241948	1.549142821693439	1.5400358918806847	1.5295634495029533	1.517537985381929	1.5037510428075034	1.487972383607097	1.4699497225736409	1.4494093370364938	1.4260579609465984	1.3995865470074087	1.3696766527072024	1.336010503395594	1.2982860744795208	1.2562388898368753	1.2096725301094533	1.1584998652471568	1.1027964429726038	1.0428655233709292	0.9793099320187224	0.9130982004127713	0.8456013402431031	0.7785652609528015	0.7139808881851984	0.6538340689405688	0.5997656220073997	0.5527324957228033	0.5127904665221928	0.479077408521175	0.44998493074208684	0.42342800180152834	0.3971071655372003	0.3686999212924752	0.3359849197459972	0.2969881187998194	0.2504349537948378	0.19724458584665575	0.14359197223669998	0.10082356199875675	0.07498204269576092	0.06123080688412876	0.05225242841090561	0.04342182990763163	0.03243504815325753	0.01967228336023249	0.010669896353483619	0.007291788684251181	0.005625791022729055	0.0037045503724908936	0.0016463794371091795	0.0008665409774902766	0.0005952102607757379	0.00027362458126381435	0.00010400896016428571	0.00006275898537074263	0.000019742290555000048	8.716530786554125e-6	2.860901867289732e-6	8.50464877907524e-7	1.2213194673796344e-7	6.934369464651078e-10	4.9568131450356205e-26
1.5735307033305461	1.5735099422269347	1.5734856833935082	1.5734573390422084	1.5734242231259261	1.5733855351034147	1.5733403410717341	1.5732875518326424	1.5732258973764826	1.5731538971629389	1.5730698254666942	1.5729716709525197	1.572857089566037	1.5727233498167978	1.5725672696086825	1.5723851437155605	1.5721726607173738	1.571924807387921	1.571635757163879	1.571298738822139	1.5709058830948381	1.5704480485552612	1.569914628182156	1.5692933288970163	1.5685699070543613	1.567727858003942	1.5667480811028227	1.5656085074787054	1.5642836409243965	1.5627440514287951	1.560955836229751	1.5588799518808643	1.556471517698604	1.553679008511865	1.5504433666906072	1.546697018235584	1.5423628023578924	1.537352789037822	1.5315670302614863	1.5248922220124674	1.5172003137248946	1.508347098854641	1.498170836527653	1.4864909760858949	1.473107093375489	1.457798192115706	1.4403225788345955	1.4204186031318404	1.397806670951264	1.3721930790045882	1.3432764076046904	1.3107574726754339	1.2743541167826946	1.2338224333917078	1.1889863149434015	1.139777157385049	1.0862850066922216	1.0288204581120022	0.9679823850923207	0.9047192207402487	0.8403606421603877	0.7765858919131413	0.7152933852138413	0.6583553473832344	0.6072894472912276	0.5629381183934595	0.525269753986148	0.4933749124301142	0.4656402964154382	0.44001016371563656	0.41423434806471227	0.38604427352583964	0.3532610573151232	0.31391681338296645	0.2666495441649048	0.21209898691194082	0.156082759703679	0.11041003973411793	0.08245415994272784	0.06767196327296093	0.05817901829075479	0.04892822153846592	0.03736919698005675	0.02342788817082786	0.012753509181802439	0.008610917228532324	0.006727414660880228	0.004631882304295951	0.002169819401653571	0.001094118734002161	0.0007677498481823076	0.00038947257278191334	0.00014139064694697697	0.0000874226450602496	0.00003123790685750836	0.000012561188882841375	4.966026937485631e-6	1.31229704054068e-6	2.8944973018349975e-7	1.9281553222359725e-9	1.2857354853664372e-25
1.5401557584603724	1.5401354970793117	1.5401118226588513	1.540084161761006	1.540051845113803	1.5400140917839185	1.5399699907862203	1.5399184797102536	1.5398583198634244	1.5397880673304545	1.5397060392340822	1.5396102743915574	1.5394984874585447	1.539368015656741	1.5392157572450431	1.5390381008712757	1.5388308447007137	1.538589103479907	1.538307200354478	1.5379785395695675	1.5375954575120463	1.5371490530756866	1.5366289992774185	1.536023330069131	1.53531818561575	1.5344975110189063	1.5335427291513393	1.5324323826234574	1.5311416937581963	1.5296420694750599	1.527900584349169	1.525879341337529	1.5235347930777332	1.5208169780689558	1.517668658441195	1.5140243898882833	1.5098094918912557	1.504938928506686	1.4993161243921291	1.492831700625266	1.4853621714480667	1.476768631989044	1.4668954880152607	1.45556930066782	1.4425978528195593	1.427769587439607	1.4108536243553875	1.3916006323922872	1.3697449604237448	1.3450085407454682	1.3171072863697804	1.2857609198445523	1.2507074537113663	1.2117238275198061	1.1686544352524997	1.1214492756068144	1.0702127623130402	1.0152623663884217	0.9571921649298755	0.8969290158573904	0.8357590927840429	0.7752924008292864	0.7173315318255432	0.6636317512846102	0.6155856822651659	0.5739207424484752	0.53851967604	0.5084293931766002	0.4820362578048007	0.4573181461224967	0.43207736356182963	0.40410151132347194	0.371257081932027	0.33158819076360324	0.28365760619849656	0.22783279612442095	0.1695127854077304	0.12084264670647077	0.09061586797952295	0.0747270981732878	0.06469764255987477	0.05501670196064611	0.04289376745352787	0.027805432915621472	0.015262223133757195	0.010159284768442932	0.00801269612247295	0.0057399100856545095	0.0028589459706354903	0.0013830938904521453	0.0009815091624546125	0.0005461271949077121	0.00019379330735704711	0.00012001785234775521	0.00004945167630415809	0.000017960467490032584	8.336112753959062e-6	2.0123408751209706e-6	6.217679018173502e-7	5.56108458012597e-9	3.443530165366955e-25
1.5069613353713842	1.5069415852099748	1.5069185086478667	1.5068915469279738	1.5068600479404952	1.5068232508126702	1.5067802680062725	1.5067300645166812	1.5066714336898137	1.5066029690768457	1.5065230316313378	1.5064297114693486	1.5063207832986745	1.5061936546276078	1.5060453059212036	1.5058722218764198	1.5056703127894946	1.5054348243351807	1.5051602327837825	1.5048401218150644	1.5044670381506513	1.5040323265847924	1.5035259467280249	1.5029362670176045	1.5022498199842504	1.5014510108103172	1.5005217982128964	1.4994413499774517	1.4981856230440052	1.496726880993032	1.495033197329165	1.493067847603705	1.4907886481032817	1.4881472358358538	1.4850882339245906	1.4815483753206737	1.4774555145451185	1.4727275744910233	1.4672714263196664	1.460981701647606	1.453739578385163	1.4454115668696943	1.4358483494201084	1.424883747002842	1.4123339175008198	1.3979969323539705	1.3816529351656819	1.3630651486197887	1.3419821166290964	1.318141678737486	1.291277362526918	1.2611280773576972	1.2274522670901047	1.190047926928139	1.1487800874886052	1.103617329099768	1.0546781867712636	1.0022864624302426	0.9470303746449668	0.8898136510148962	0.8318767587698818	0.7747573579373227	0.7201591506681224	0.6697176916047615	0.624698593642087	0.585714433709344	0.5525647576561434	0.524257152711153	0.49918273605002056	0.47535759749373757	0.4506397149813586	0.4228747573825399	0.3899764425508413	0.3500063938923235	0.30146486412878626	0.2444595127433631	0.18391919374481192	0.13217928359498451	0.09951998273424915	0.08244459920398313	0.0718586650041318	0.06173828340265194	0.04905626814968406	0.03286832012215633	0.018283883573961022	0.011978735093917295	0.009509640780869827	0.007052518291904693	0.003754485747126017	0.0017535802909831378	0.0012449564805242699	0.0007525241659585156	0.0002690061873530101	0.00016271042245500437	0.0000771181041974357	0.000025605049236560836	0.000013404882069164218	3.1062248780983145e-6	1.2012695290637637e-6	1.6678966497316865e-8	9.559330386696698e-25
1.4740667967287853	1.4740475690787203	1.4740251035800007	1.4739988564813613	1.4739681932153486	1.473932373414422	1.473890533507076	1.473841666501765	1.473784598491734	1.4737179613209879	1.473640160739645	1.4735493392873706	1.4734433330412253	1.4733196213408182	1.4731752686736388	1.473006857921625	1.4728104140137919	1.4725813164608834	1.4723141980134777	1.4720028256759492	1.4716399610856448	1.4712172004025068	1.47072479628606	1.470151459000695	1.4694841218175367	1.468707660070914	1.4678045804533277	1.466754689437057	1.4655346941855472	1.4641177343252163	1.4624729035819157	1.4605646754215134	1.458352259849587	1.4557889259555765	1.4528211986540112	1.4493880340303542	1.4454198754352117	1.4408376675808114	1.4355517995491693	1.4294609966035259	1.422451196083615	1.4143944330137204	1.4051477911327859	1.3945524930500142	1.382433231830417	1.3685978870641387	1.3528378239839294	1.3349290376412324	1.314634499073399	1.2917082022209565	1.2659015369681295	1.2369728381790295	1.2047011922034583	1.1689057955690438	1.1294723655379222	1.0863879425112488	1.0397848263868201	0.9899924223676845	0.9375919623365251	0.8834622472930362	0.8287955915270483	0.7750545818072754	0.7238406599562236	0.6766669914410304	0.6346707421756635	0.5983505500336125	0.5674259983519278	0.5408703657244102	0.5170851454932726	0.4941294865428978	0.4699203003582703	0.4423627481978506	0.4094186792579573	0.3691718588027786	0.32007291075694005	0.2619869116268171	0.1993331275725218	0.14447668640197306	0.10921994758539583	0.09087316912242145	0.07971387972701453	0.06914691816220052	0.05590681688999308	0.03867610714212002	0.02191930352281708	0.014119174327191723	0.01125060262162368	0.008596362939459543	0.004897996782788809	0.002233955135282482	0.0015685293591770186	0.0010181931695168135	0.0003792901589986165	0.00021824200667762856	0.00011717092152070765	0.00003665228562807127	0.000020709743691681535	4.90910728982579e-6	2.1169697793478997e-6	5.190873474072917e-8	2.7598421477535247e-24
1.4416020640401312	1.4415833699312088	1.441561528394479	1.4415360110018884	1.4415062010997355	1.4414713792601401	1.4414307063862466	1.4413832040929817	1.4413277319135729	1.4412629607927319	1.4411873422193073	1.4410990722558576	1.4409960496337235	1.4408758270309334	1.4407355547295329	1.4405719158817067	1.4403810524945386	1.4401584807585661	1.439898993186936	1.4395965439038583	1.4392441139198713	1.438833556084195	1.4383554224112611	1.4377987721962264	1.437150947611686	1.4363973038948952	1.4355209075646407	1.4345022170590476	1.433318704832392	1.4319444054257655	1.430349453720437	1.4284995453862968	1.4263553137139078	1.4238716921865877	1.420997147407148	1.417672902594977	1.4138320425275144	1.4093985941309486	1.4042865333050651	1.3983987590871274	1.3916260599982961	1.3838461003518154	1.3749224842528929	1.3647039702992132	1.3530239372905135	1.339700240747832	1.3245356515521867	1.3073191345800548	1.2878282991114782	1.2658335090864636	1.241104225951504	1.2134184004986786	1.1825759088000958	1.148417229377839	1.1108487055856284	1.0698756167685095	1.0256435298412918	0.9784866018496291	0.9289776896255869	0.877968778115311	0.8266015301042411	0.7762602797042596	0.7284413621472342	0.6845329090700623	0.6455430200368246	0.6118578349657594	0.5831210288200978	0.5582773122200106	0.5357446863451746	0.5136304569702816	0.489913567822035	0.462559531917192	0.42957898692374574	0.38908098279177433	0.3394789887375643	0.28041684195869016	0.2157784879467839	0.15778914566476482	0.11976933397604461	0.10006086271470262	0.08831514874921105	0.07729859909475822	0.06349805879419995	0.04528347615715851	0.026279478957684285	0.01663975847800077	0.013272462411254397	0.010401584000926785	0.006328593060868122	0.0028640326721243686	0.001965283157750016	0.0013533920496935322	0.0005426507868586697	0.0002902383153717861	0.00017278120696980742	0.00005321191634860547	0.000030969666042525265	8.092821291797476e-6	3.48909357091773e-6	1.6512717333515348e-7	8.301830341034831e-24
1.409704422485237	1.4096862726028005	1.40966506752366	1.409640294450453	1.4096113550030616	1.409577551114241	1.4095380686540204	1.4094919584189114	1.4094381140534373	1.4093752463859393	1.4093018535558148	1.4092161862150447	1.409116206991633	1.4089995433602776	1.4088634331120204	1.408704661687977	1.4085194905431513	1.4083035753075241	1.4080518714391237	1.4077585238561747	1.4074167372416546	1.4070186262715272	1.406555048423808	1.4060154190388552	1.4053874970790607	1.4046571270403418	1.4038079467249938	1.4028210794941436	1.4016747775422465	1.4003439884321913	1.3987999086751952	1.3970094792177217	1.3949347853965874	1.3925324559082675	1.3897529376250592	1.3865397627546279	1.3828287083196802	1.378546940745965	1.3736120885113041	1.3679313007319738	1.3614003039197202	1.3539024901801184	1.3453080954465602	1.3354735395705755	1.3242410262084594	1.3114385398573691	1.2968804239510805	1.280368787033289	1.261696061500956	1.2406491579119896	1.21701577581653	1.1905936178602783	1.1612034266720364	1.1287069468194153	1.093031003236719	1.0541987509141237	1.0123683726596626	0.9678777386904001	0.9212898420019576	0.8734277210566738	0.8253796983247702	0.7784488837736079	0.7340233831432489	0.6933644773656931	0.6573509875773418	0.6262588521055875	0.5996606998350714	0.5764791192334288	0.5551552089885107	0.5338497372513311	0.5106067251364339	0.48345265763364137	0.45044640955002874	0.4097243347160838	0.3596743208573667	0.2997434922597232	0.23326924142108746	0.1721652586209958	0.1312196553069	0.11005288531998052	0.09771187666285695	0.08624912741844895	0.07188409238350058	0.05273978096993001	0.03147962432671733	0.019609853924450547	0.015616234026514467	0.012502316601689352	0.00808096642638751	0.0036981050810945566	0.0024515666043834934	0.0017693716508263779	0.0007824602391297165	0.0003837348635003603	0.0002475026137808949	0.00007920663793143138	0.00004509991659627252	0.000013948588343947733	5.493134697894743e-6	5.136899935077062e-7	2.5956029998714202e-23
1.378516744307858	1.3784991490374845	1.3784785925607719	1.3784545780098845	1.3784265256280508	1.3783937591178974	1.378355489794921	1.3783107981964327	1.3782586127310303	1.3781976848719117	1.3781265602960957	1.3780435452795068	1.3779466675542582	1.3778336308068362	1.3777017620009726	1.3775479508266832	1.3773685804905598	1.3771594487476353	1.376915677098949	1.376631604825135	1.3763006644442468	1.3759152374272572	1.3754664926494462	1.374944208333612	1.3743365679079136	1.3736299141238664	1.3728084671436949	1.3718540279444305	1.3707456423860638	1.3694591884172982	1.3679669442745466	1.3662371181826847	1.3642332754082909	1.3619137695542822	1.3592310648219128	1.3561310425692223	1.352552221048945	1.3484249603681695	1.3436706046168065	1.3382006255114358	1.331915769330119	1.3247052485159594	1.3164460350083615	1.3070023258067587	1.2962252769446982	1.2839531398139055	1.270011978289876	1.2542171963691724	1.2363762012741568	1.216292589528416	1.1937724181026008	1.168633214985773	1.1407165922723683	1.109905447460239	1.0761468210363268	1.0394812369922282	1.0000786924331408	0.9582795521307228	0.914635190616529	0.8699374521688208	0.825218532671639	0.7816972991607773	0.7406508555356199	0.703212003561176	0.670130703968502	0.641576047001561	0.6170553055485398	0.5954760727111673	0.575309540769215	0.5547753975990787	0.5319857481510556	0.5050286738768719	0.47200936452315456	0.4310924009223172	0.3806502449319764	0.3199600658042015	0.2518166925982168	0.18765442712066957	0.14362650566087792	0.12089676358177817	0.10795528182666926	0.09605834552079905	0.08112577212568382	0.06109616990819417	0.03763789598719665	0.02311398151987482	0.018328811789611443	0.01493926507381362	0.010188254479002883	0.004808492301689618	0.003048582513673096	0.002279589956256917	0.0011251918180161585	0.0005062382865057903	0.0003454665509123868	0.00012151903748169978	0.00006424334931369584	0.000024426526289606614	8.370665684769755e-6	1.4523966024870745e-6	8.400469649579087e-23
1.3481972553447905	1.3481802256784956	1.3481603306579988	1.348137089661216	1.3481099419248594	1.3480782333545425	1.3480412012177903	1.3479979563847064	1.3479474627190833	1.3478885131449587	1.3478197018162041	1.3477393917264557	1.3476456769920195	1.3475363390048587	1.347408795660151	1.347260042967868	1.3470865883224374	1.3468843744486279	1.3466486921762721	1.3463740789255854	1.3460541994419648	1.34568170722416	1.3452480887981262	1.3447434925509776	1.3441565345061974	1.3434740651141186	1.3426808985197465	1.3417595268398312	1.3406898043129403	1.3394485573168597	1.3380091672694203	1.3363411326857524	1.3344095279542234	1.332174463065943	1.3295904579874467	1.3266057855509557	1.3231617562971325	1.3191919801733702	1.3146215827765666	1.309366433190436	1.30333238155393	1.2964145555111557	1.2884967688753182	1.279451112718715	1.2691378226483325	1.2574055524959775	1.2440922276521904	1.2290266923815882	1.212031459807617	1.1929269325242389	1.171537605312844	1.1477008508843962	1.1212790801112595	1.0921761427021612	1.0603588785798614	1.0258845273087147	0.9889338613079195	0.9498482580123138	0.9091654818571685	0.8676435519718305	0.8262554796809943	0.7861325729131756	0.7484384662866425	0.7141761188143185	0.6839678807810187	0.6578803254208926	0.6353621123588831	0.6153138950102098	0.5962445522449571	0.5764385971940649	0.5540793811554057	0.5273163523257124	0.4942994959711131	0.4532203501474996	0.4024447240040736	0.3411085276101261	0.2714831268565668	0.2043625348313586	0.15709931042450412	0.13268606608822223	0.11914053730475127	0.10683270775999473	0.09133427584154216	0.07045133876270875	0.044916470661118896	0.02728664502550136	0.021482548275940965	0.01777863208893477	0.012702238021663348	0.006303855849127976	0.003790856642353361	0.0029061349018391705	0.0016020431233231317	0.0006717683203362688	0.00047290088238771726	0.00019198478950781158	0.00009023317178543978	0.00004206236816880801	0.000012520616511140367	3.574789124348313e-6	2.9989110144671275e-22
1.3189056569545001	1.3188892022648788	1.318869979660331	1.3188475250341525	1.3188212969322004	1.3187906638325333	1.3187548893869103	1.3187131153033882	1.3186643414906927	1.3186074030112807	1.3185409432966821	1.3184633829906487	1.3183728836811501	1.3182673057382137	1.3181441594833128	1.3180005490092626	1.3178331079758105	1.3176379265072449	1.317410467568498	1.317145469933949	1.3168368343027956	1.316477490620542	1.3160592483880558	1.3155726323820074	1.315006698158517	1.3143488117986057	1.3135843912251852	1.3126966312986335	1.3116662070797531	1.310470908372738	1.3090852381615	1.3074800044949664	1.3056218152356736	1.3034725634955113	1.3009888565503018	1.298121394382215	1.2948143217443215	1.291004544482035	1.2866210239414135	1.2815840867956396	1.2758047543275752	1.269184144430421	1.2616129952050164	1.252971380527091	1.243128709637774	1.2319441355060305	1.2192675382521343	1.204941290984951	1.1888030798631004	1.1706901554753937	1.1504454359809821	1.1279260540956804	1.1030150237235419	1.0756367962980244	1.0457774661097785	1.013510135421885	0.9790251645259497	0.9426633149179136	0.9049465883578546	0.8665966139101172	0.8285242545583079	0.7917704848605328	0.7573831829189053	0.7262353393077753	0.6988240314387276	0.6751184208183385	0.6545159602796361	0.6359184945522113	0.6178799967190475	0.5987552658462928	0.5768018254620203	0.5502306079700944	0.5172335018695527	0.47602654891709967	0.4249750571672123	0.363101532354858	0.2921858330198651	0.222249956480703	0.17162862343981708	0.14540831568851476	0.13125599185853348	0.11857127614645294	0.10251940753983392	0.08080285291640871	0.053351677566128415	0.03221816344248407	0.025109195710841938	0.021052730411850438	0.015639540763580075	0.008265509736735911	0.004707144576883883	0.003664246248288162	0.0022266739109321806	0.0008977862779674217	0.0006344900785510662	0.00030137039406554075	0.00012498244561622335	0.00006849464401300025	0.0000184529030253937	7.319835287922333e-6	1.0921847142637815e-21
1.2908273500346432	1.2908114807769682	1.2907929428139076	1.2907712888548113	1.290745997106682	1.2907164590320317	1.2906819651488781	1.2906416885667058	1.290594665897125	1.2905397751082757	1.2904757098030821	1.29040094931611	1.2903137239195581	1.2902119743805287	1.290093305111695	1.2899549302507887	1.2897936120356588	1.28960559069938	1.2893865044776707	1.2891312970938178	1.2888341093485791	1.288488152542943	1.2880855650527046	1.2876172549907392	1.28707272523214	1.2864398663002155	1.2857047106683916	1.28485116889486	1.2838607508503417	1.2827122261479678	1.2813812398058921	1.27983993095829	1.278056467374927	1.2759945554454977	1.2736129238409364	1.2708647397068755	1.267697027251961	1.264050039095244	1.2598566314001236	1.25504165338202	1.2495213701181147	1.2432029701426022	1.2359842029101058	1.2277532178046588	1.21838869393613	1.2077603800238597	1.1957302010514244	1.1821541337080466	1.16688509215072	1.1497771788847972	1.1306916784436007	1.1095053323305966	1.0861214684491782	1.0604846574586368	1.0325995129293843	1.0025539419597367	0.9705464186352851	0.9369151165570981	0.9021638009672798	0.8669746795612199	0.8321932762997168	0.7987672410332959	0.7676268427341656	0.7395153166441721	0.7148078796558394	0.6933825379270975	0.6745941053010484	0.6573546245063778	0.6402710050414447	0.6217740451629553	0.6001986702517578	0.5738174484989617	0.5408610417634497	0.4995658611578242	0.44830043255388086	0.38600192727367716	0.3140044275868687	0.24144629244365384	0.18736038816509523	0.15918766056329584	0.1444207229075613	0.13140472292539596	0.11482779269718167	0.09228901287284046	0.06310598532265685	0.038122702729689636	0.02930503311606918	0.02485548348981099	0.019079192693647128	0.010824208342533729	0.005860288502589608	0.0045913562435748005	0.003026141901153889	0.0012229169441260043	0.000841335530945546	0.0004632005177690151	0.00017304125581383255	0.00010633150650192673	0.000027589255897007956	0.000013180984078526432	4.392592607735496e-21
1.2641229489579686	1.2641076737619206	1.264089830530702	1.2640689890378416	1.2640446474420488	1.2640162205304861	1.2639830260855496	1.2639442690836478	1.2638990233828264	1.2638462104906	1.2637845749189538	1.2637126555513403	1.263628752343125	1.2635308876255182	1.2634167612704374	1.2632836990752285	1.2631285937626817	1.2629478379136732	1.2627372476271082	1.262491974539274	1.2622064029518607	1.2618740295208586	1.261487326335007	1.2610375905802296	1.2605147788941504	1.259907313391795	1.2592018497958464	1.2583830250463492	1.257433195338545	1.2563321230959963	1.2550566121106066	1.2535801501646002	1.2518724856977872	1.2498991631419014	1.247621058940443	1.244993839712701	1.2419674437688961	1.2384855104326074	1.2344848356352056	1.2298948395875682	1.2246370847663628	1.2186248876458485	1.2117630687615837	1.2039479129704482	1.1950674264468801	1.185002003710064	1.1736256509636949	1.1608079560045956	1.146417037166439	1.1303237590146482	1.1124076110225243	1.0925646603178654	1.0707181104534482	1.0468320123657886	1.0209285771957002	0.9931092777609172	0.9635790352757018	0.9326713324142631	0.900869109851076	0.8688123064665512	0.8372781078733298	0.8071184082729014	0.7791450416570939	0.7539727565928916	0.7318593948612812	0.7125990550733752	0.6955127879293691	0.6795314507984064	0.6633220454748142	0.6453964063797786	0.6241696850925821	0.5979764197994565	0.5650831054168579	0.523741094397373	0.47232281085157474	0.4097048518345068	0.3368298138621499	0.26188152497661593	0.20427265453448754	0.17400181959947653	0.15860670177766212	0.14530952734108363	0.12825487984630446	0.10490610033262283	0.07416310458088624	0.0451308945136931	0.034102392156241175	0.029220443890332543	0.023051727163308222	0.014023738783780751	0.007305150842472348	0.005711614724466276	0.004008771989156514	0.0016950941609163068	0.0011025545972654016	0.0006824739061670573	0.00024054490369290215	0.0001570200467277371	0.00004270341609525278	0.00002134396578012612	1.744831797476021e-20
1.2390199155432369	1.2390052445316286	1.2389881078683007	1.2389680926818767	1.238944717423407	1.2389174206035114	1.2388855477356933	1.238848336209068	1.2388048977655914	1.2387541981956145	1.2386950337859657	1.238626003976333	1.238545479577846	1.2384515658531736	1.2383420597395483	1.2382144005813263	1.2380656138161394	1.2378922469933171	1.2376902971183785	1.2374551272286254	1.23718136911736	1.2368628094759928	1.236492259726869	1.2360614128282919	1.2355606867962865	1.234979043744879	1.2343037726944286	1.2335202493816633	1.2326116900201818	1.231558864906972	1.2303397558477	1.2289292202439421	1.227298610782035	1.225415339100478	1.2232424596052711	1.2207381760854685	1.2178553802898167	1.2145411447340584	1.2107362557555326	1.2063747596287226	1.2013835766743333	1.1956822148278252	1.1891826307601008	1.181789308845467	1.1733996407629648	1.1639047131951679	1.153190640573697	1.141140614490119	1.1276378945719707	1.1125699789407608	1.095834322404684	1.0773459309484743	1.0570473051492237	1.0349211386760802	1.0110060948406208	0.9854156302193686	0.958359106469089	0.9301627769991556	0.9012857801414761	0.872322429655332	0.8439784661944939	0.8170077299942174	0.7921030620457099	0.7697533623513092	0.750104649456493	0.7328758828219536	0.7173641446075523	0.7025282793355183	0.6871024723634797	0.6696845648056967	0.6487730204574061	0.6227653968414026	0.5899609723505228	0.5486203737368929	0.49711632447375226	0.4342873965333219	0.3607502549280085	0.2836982437575186	0.222549023838026	0.19001187848800838	0.17396161733341234	0.160435839588744	0.14297531040205297	0.11883930939597782	0.08668865838977685	0.05356382189390751	0.03963417565367775	0.034264461426662216	0.02768094638339274	0.017968523291588663	0.009172478628563263	0.007082577076316917	0.005215645065887515	0.002406534371902934	0.0014388406307389804	0.0009703303530577631	0.00034339233121109255	0.00022360439411157757	0.00007092872275270176	0.00003158654485105014	6.960442736504285e-20
1.2156954137389313	1.2156813556361346	1.2156649357410139	1.2156457587878935	1.2156233638136613	1.2155972133961113	1.2155666811822232	1.2155310374444628	1.2154894323584802	1.2154408766385796	1.215384219092682	1.215318120584185	1.2152410237884466	1.2151511180746997	1.2150462988207789	1.2149241205399381	1.2147817432983625	1.2146158718709368	1.2144226867949486	1.2141977655136382	1.213935990732599	1.2136314431541675	1.2132772783151557	1.2128655906991608	1.212387266267175	1.2118318142937634	1.2111871655017896	1.2104394449591713	1.2095727407065586	1.2085688434094541	1.2074069288713634	1.2060632420956243	1.204510759010021	1.2027187829005737	1.2006525704821125	1.1982728933393323	1.195535627560045	1.192391315741802	1.1887847725448473	1.1846547114089025	1.1799334533129402	1.1745467396313574	1.16841370235436	1.1614470579222462	1.1535536034899379	1.1446351166547766	1.1345897871813861	1.1233143349209886	1.1107070090990594	1.0966717086290814	1.0811234784278436	1.0639957292948705	1.045249500716851	1.02488508506445	1.0029561941280254	0.9795864894342057	0.9549874908293157	0.9294755122585119	0.903482799675559	0.8775549311310091	0.8523234056197104	0.8284425401301733	0.8064868930676169	0.786823429240423	0.7694936013232437	0.7541507029389849	0.7400775814361714	0.7262692987902146	0.7115330252232084	0.6945564364338949	0.6739241296122281	0.6480983083299154	0.6154103356837743	0.5741220960861244	0.5226003986066243	0.4596618655850974	0.3856666816618461	0.306828519023364	0.24219103874753103	0.20722503801119369	0.19048169782221092	0.1767701214481452	0.15899247682666012	0.1341164529559917	0.1006720066568937	0.06361189782393063	0.04597092193069104	0.040024542593674724	0.03303195380984775	0.022671328237240298	0.011606757945784307	0.008738848570489535	0.006676360571069657	0.0034357408340484736	0.0018675653499964759	0.0013326900351926486	0.000507701624007068	0.00030761792766416694	0.00012068528629137232	0.00004204459718182853	1.9381486752090737e-19
1.1946305674689728	1.1946171375405954	1.194601452262518	1.1945831344130238	1.194561744127858	1.1945367686525052	1.1945076104701826	1.1944735735586585	1.194433847487775	1.1943874890167843	1.194333400781563	1.1942703065907434	1.1941967227554018	1.194110924816497	1.194010909006281	1.1938943478443753	1.1937585393630021	1.1936003494896275	1.193416146877106	1.193201728661529	1.1929522345219001	1.1926620461941453	1.1923246716595894	1.1919326168882807	1.1914772473182977	1.1909486322710205	1.190335358975726	1.189624319955602	1.188800496086887	1.1878467210657966	1.1867433921228483	1.1854681742016437	1.1839957007136122	1.1822972090960358	1.1803402036361716	1.1780880771824114	1.1754997479218947	1.1725292949521005	1.1691256316462144	1.1652322164999867	1.160786852672196	1.1557215983217692	1.149962842924043	1.1434316098950923	1.1360441613086123	1.1277129978175684	1.1183483713353417	1.107860451662331	1.096162306984144	1.0831739198386041	1.0688274320433002	1.0530739137473732	1.0358918699210284	1.0172977126738394	0.9973582237111566	0.9762046947673905	0.9540476282470757	0.931189626921985	0.9080318878487146	0.8850670907098185	0.8628492727166966	0.841931883857418	0.8227733249449238	0.8056246617565594	0.7904330430276542	0.7767983692650069	0.7640005916790363	0.7510794374729298	0.7369201420984228	0.7203033450964424	0.699903416332592	0.6742518375450768	0.6417137806736384	0.6005469923248085	0.5490972245887662	0.48616569900181184	0.41193761053230926	0.33171964202719983	0.2637437554589718	0.22614711742289223	0.20864355257897474	0.19476967251458113	0.17678762868335993	0.15127780021233697	0.11662583919644878	0.07602873656244677	0.053549347536663086	0.04678815404861341	0.03944707064189336	0.028418705361417128	0.015099919233958597	0.010822421058168564	0.008540775104198019	0.004937750216811234	0.002457219179738554	0.0018149912541693134	0.0008112360747847758	0.00042170673085753757	0.00020520145317657855	0.00005161483465166766	3.1792873839823767e-19
1.1757063755763517	1.1756935802050008	1.1756786370049592	1.175661186981474	1.1756408115835815	1.1756170229757537	1.1755892527718437	1.175556838999515	1.1755190110255038	1.1754748721233614	1.1754233793031512	1.1753633199516766	1.175293284749136	1.1752116362592058	1.1751164725612324	1.175005585347507	1.1748764120018516	1.1747259812414128	1.174550851752172	1.1743470425550535	1.1741099527651384	1.173834267950206	1.1735138518819634	1.1731416261068357	1.1727094403088125	1.17220792896802	1.1716263414329062	1.1709523448279948	1.1701718213449444	1.169268656064498	1.1682244776306077	1.1670183834524965	1.165626675930359	1.1640225415896872	1.16217574717195	1.160052323184861	1.157614246605682	1.1548191502553347	1.1516200611896632	1.1479651965648332	1.1437978493187262	1.1390563938772538	1.1336744639071838	1.127581356843035	1.1207027382077315	1.1129617301605828	1.1042804884284791	1.0945823935271208	1.0837949969990337	1.0718538793123087	1.0587076256069925	1.0443240673829066	1.0286979959590752	1.0118604146436427	0.9938892497990259	0.9749210680717317	0.9551625755341929	0.9348995811842509	0.9144991033741436	0.8943982710647352	0.8750721531014066	0.8569741266624968	0.8404502784102226	0.8256433899351889	0.8124163083510124	0.8003262194186468	0.7886590670489969	0.7765042700736049	0.7628265936572087	0.7464998387589605	0.7262896016613759	0.7008009430770493	0.6684374423390178	0.6274491295271014	0.5761470298308551	0.5133135007412357	0.4390210435993821	0.3577692361680359	0.2866689211927415	0.24632059641541373	0.22800507407474246	0.2139712660201474	0.19587092127340414	0.1698504442688613	0.13405885852232385	0.09036263342612169	0.06218871999060768	0.05433646394631074	0.04672606174541082	0.0350092884795171	0.019614994912546112	0.013265643491956745	0.010762375742488294	0.006822648251212336	0.0032030657695717433	0.002409234364550538	0.0012559943634664374	0.0005660548051703938	0.00031840980718232745	0.00006170398061993262	3.920091311129107e-19
1.1589567395548155	1.1589445791380835	1.1589303784778364	1.1589137968171674	1.158894436931492	1.1588718359200585	1.1588454545463756	1.1588146649107118	1.1587787362033193	1.1587368182423534	1.158687922444782	1.158630899810199	1.1585644154214498	1.1584869188962965	1.1583966101929313	1.1582914002150062	1.1581688657555314	1.1580261984098883	1.1578601470085064	1.1576669525584882	1.157442273643888	1.1571810996062637	1.1568776499419324	1.1565252618441488	1.156116269398893	1.1556418720957087	1.1550919807587998	1.1544550366073856	1.1537178229761273	1.1528652749810457	1.1518802504363856	1.1507432777428788	1.1494323242587887	1.1479225205573258	1.146185889493177	1.1441910886201836	1.1419031409245695	1.1392832135128896	1.1362884213007989	1.1328717044038492	1.1289817962092832	1.124563320807756	1.119557065110783	1.1139004773274555	1.107528460245857	1.100374534663175	1.0923724636013354	1.0834584445611852	1.073573988924733	1.0626696026959621	1.050709430364046	1.0376769486729194	1.0235818259172993	1.0084679189360057	0.9924222118907731	0.9755841216085583	0.9581538934569342	0.9403978297314205	0.9226463986913025	0.9052797500218681	0.8886943397850905	0.8732465321268319	0.8591765377584336	0.8465283420848418	0.8350918288887669	0.8243915784521273	0.8137260618544833	0.8022355140536257	0.7889610359778283	0.7728650484713482	0.7528027105417612	0.7274568396980854	0.6952784052652091	0.6545153207045571	0.6034336078516432	0.540778560537636	0.46654301581473373	0.38454437230376853	0.31061625281425714	0.2674822393766153	0.2483284275751571	0.23411120415851663	0.2159263510359033	0.18954278685669562	0.15270541790103004	0.10629973194805517	0.07196836165802724	0.06257618026864191	0.05476119345105441	0.04240247583026085	0.02519355841981125	0.01608728370223879	0.013346847674184767	0.009053054796705182	0.004205076948067501	0.0031356561002540578	0.001833461537572558	0.000752786990501876	0.0004608230617055719	0.00008363678349907447	4.526026169388364e-19
1.1446634753757687	1.144651955482673	1.1446385038710243	1.1446227981810826	1.1446044627013707	1.1445830596848199	1.144558079301173	1.1445289280237816	1.144494915217703	1.1444552376553094	1.1444089616360527	1.1443550023240365	1.1442920998417545	1.1442187915970081	1.1441333802822145	1.1440338970151176	1.1439180591852438	1.143783222678764	1.1436263281290373	1.1434438404314613	1.1432316797604176	1.1429851415997452	1.1426988039465953	1.1423664230604316	1.1419808215023604	1.141533768127466	1.141015839777285	1.1404162573739955	1.13972271242125	1.1389211968890578	1.137995804953188	1.1369285057328953	1.1356989401031015	1.1342841922798637	1.1326585517810126	1.130793311643143	1.1286565500771832	1.1262129736785604	1.1234237872610602	1.1202466492654826	1.1166357184145879	1.112541839265054	1.1079129010212236	1.1026944212406062	1.0968304161097675	1.090264622982538	1.0829421520465714	1.0748116515472073	1.0658280810067788	1.0559561906422916	1.0451747559785347	1.0334816948139878	1.0208999926643252	1.0074843927738226	0.99332852349121	0.9785717858516906	0.9634047383184093	0.9480707877451859	0.9328607337039783	0.9180955873725737	0.904092984829164	0.891115144128663	0.8793032209296021	0.8686129157191508	0.8587740719674849	0.8492904470869341	0.8394809250684838	0.828538304515995	0.8155768293969949	0.799642840771395	0.7796797969507573	0.7544538737052393	0.7224745125796506	0.681994165205904	0.6312212454807659	0.5688420029892147	0.49480832262156244	0.4123987873063785	0.3359735710131863	0.28999100444124726	0.26996080404918876	0.25553071038004654	0.2373009314202731	0.21072717214486447	0.17294743139550567	0.12427478781999289	0.0831850076140699	0.07170576483458171	0.06376167646968316	0.05081122021022384	0.03208393587459157	0.019382416605735142	0.016384386893779666	0.01171300120724105	0.005520325442704292	0.0040253857921276155	0.002573673107708879	0.0009915144041472382	0.0006391740848684024	0.00011985621513643595	4.976139422260405e-19
1.1338077776128397	1.1337969156592838	1.133784233456636	1.133769427541108	1.1337521442980942	1.1337319718174792	1.1337084304749054	1.1336809620523614	1.1336489171834678	1.1336115408721583	1.1335679557902778	1.1335171429999669	1.133457919679985	1.1333889133747495	1.1333085322419527	1.1332149308050001	1.1331059707945295	1.1329791767899706	1.1328316863971073	1.1326601943974761	1.132460889440574	1.132229381016748	1.1319606147382089	1.131648776739508	1.1312871908610072	1.1308682098889222	1.130383092794686	1.1298218588720994	1.1291731303794221	1.1284239812536263	1.1275597690314747	1.1265639362933646	1.1254178334202964	1.124100536358487	1.1225886463888455	1.1208561368194072	1.1188741917767684	1.1166111060810904	1.1140322243036767	1.1110999660786187	1.1077739496657721	1.1040112558742283	1.0997668626001023	1.0949943002690328	1.0896465785767897	1.083677440528514	1.0770430054337585	1.0697038654448925	1.0616276971301448	1.0527924474329837	1.0431901223627449	1.0328311806725277	1.0217494692498459	1.0100075106347575	0.9977017645367521	0.9849671411051261	0.9719795509888308	0.9589544615471746	0.9461386469532674	0.9337914895371217	0.9221527512015594	0.911396478102533	0.9015766715231399	0.8925780890081454	0.8840896644641681	0.87561153154472	0.8664921589100216	0.8559759951080101	0.8432394984784695	0.8273975721748413	0.8074716470905006	0.7823162766437696	0.7505240001085572	0.7103834941642148	0.6600510587442787	0.5981082219378302	0.5244535303285213	0.4420134774896415	0.36361657116064866	0.314763226781874	0.2938614290569962	0.27917873999775755	0.2608297013496992	0.2342628366581338	0.19583873957062023	0.14523968705882231	0.09730011359170634	0.08240557256485437	0.07427845376004763	0.06100009491161572	0.04092976749224662	0.0237540621702683	0.020158053171516515	0.015171199110377509	0.0077735308583585195	0.005199045392999505	0.0035870124772162484	0.0014000321163655663	0.0008988998632243451	0.0002415849932407946	6.260836975590793e-19
1.1253664388026028	1.125356230173237	1.1253443119781705	1.1253303995159563	1.1253141611128736	1.1252952105137604	1.1252730980878696	1.1252473006781436	1.1252172098974567	1.1251821186426687	1.1251412055602794	1.1250935171411118	1.1250379470646368	1.124973212352819	1.1248978258486204	1.1248100645632615	1.1247079334983072	1.1245891246896982	1.1244509712870203	1.1242903962779276	1.1241038547538047	1.123887267713146	1.123635945373766	1.1233445002787918	1.1230067536288986	1.122615637420423	1.1221630866726557	1.1216399116534355	1.1210356571464368	1.1203384690294476	1.1195349548835904	1.118610015462473	1.117546692196279	1.1163260282884724	1.1149269084984772	1.1133259492637866	1.111497395409814	1.1094130720113928	1.1070423908055613	1.1043524396645819	1.1013081788025312	1.0978727740488303	1.0940080985621072	1.0896754480956123	1.0848365084938392	1.0794546219638512	1.0734963976074396	1.066933710710142	1.0597461216960877	1.0519237288695389	1.0434704699760162	1.0344077611913824	1.0247784094311951	1.0146504927506912	1.0041207937607957	0.9933170493927705	0.9823978739873381	0.9715485780236689	0.9609706898894478	0.9508625411735822	0.9413892914964365	0.932643486667365	0.924602119744066	0.917091615189539	0.909772784692227	0.9021523666514328	0.8936133716188625	0.8834500909528841	0.8708924142464652	0.8551102537889321	0.8351901979790156	0.8100716025784672	0.7784423724515261	0.7386521669097206	0.6888216923472895	0.6274079711910729	0.5542326398092754	0.47197387500094323	0.3919895294389487	0.34034575663789407	0.31860930963577283	0.30368896470744033	0.2851578005714658	0.25865017795757456	0.2198292427920778	0.16752604030775115	0.1130971542452698	0.09390266578234283	0.08550422074884204	0.07206968615581338	0.0507750598664324	0.028941953154571518	0.024310568089118485	0.01910193038223835	0.010633517595737966	0.006530181301533945	0.004781469764188759	0.0019918984701485947	0.001211010933821552	0.0004249732540259676	7.496756594695178e-19
1.1202140090777677	1.1202044614723294	1.1201933162827422	1.1201803077892891	1.1201651265160066	1.1201474121635422	1.1201267454471433	1.1201026386832702	1.1200745249465092	1.1200417455898724	1.1200035358899059	1.1199590085266147	1.119907134559427	1.1198467215012642	1.1197763880535105	1.1196945350774294	1.1195993124393584	1.1194885815122142	1.1193598732045422	1.1192103412877203	1.1190367102058718	1.1188352156919057	1.1186015361928814	1.1183307149270516	1.118017075608552	1.1176541352907812	1.1172345110419446	1.1167498105389162	1.1161905090336162	1.1155458331961403	1.1148036484653403	1.1139503226220475	1.112970597970722	1.1118474914529852	1.11056217850828	1.1090939211062614	1.1074200227742543	1.1055158286551308	1.1033547956173477	1.1009086401708459	1.0981476011978464	1.0950408299300702	1.091556948158739	1.087664805513859	1.0833344643254947	1.078538449317162	1.073253289233385	1.067461371075466	1.0611531176688833	1.0543294552541203	1.0470045254567149	1.0392085569655085	1.0309906608705326	1.022421291484697	1.0135938973466139	1.0046250482443637	0.9956520064322413	0.9868263990676869	0.9783022953646424	0.9702172423129529	0.962665815131032	0.955667817656096	0.9491368411261566	0.9428578954532368	0.9364812407936481	0.9295343452374004	0.9214425386420522	0.9115484340971532	0.8991233747393518	0.8833713958469133	0.8634221568718798	0.8382912898571763	0.806780425361033	0.7673436394330907	0.7181024213340805	0.6573653364633881	0.5848222202757823	0.5030222095044844	0.42197738053446243	0.36762746167219373	0.34510629647482777	0.3300029075839715	0.31117365235437516	0.2847214008695101	0.24590221147319533	0.19213541135493983	0.13188286763459128	0.10687228895217889	0.09800306914212498	0.084654190843153	0.062253206534221464	0.03569389609936256	0.029106106026010072	0.02385902280261321	0.014509977017853604	0.008125035041145971	0.006300773487888761	0.0029582893697445876	0.0016137676956722432	0.0007133907676225265	8.076548060081158e-19
1.1191189026868733	1.1191100312983557	1.1190996768722576	1.1190875931041042	1.1190734932228754	1.1190570434785025	1.1190378556266805	1.1190154782697854	1.1189893868939182	1.11895897241733	1.1189235280396315	1.118882234134412	1.118834140887543	1.1187781483279289	1.1187129833614824	1.118637173424567	1.1185490164307055	1.1184465468149887	1.118327497614821	1.1181892584761406	1.1180288290443456	1.1178427663966735	1.117627124692003	1.1173773864774332	1.1170883882043403	1.1167542438256657	1.116368265362227	1.1159228718236207	1.1154094851770908	1.1148184316663081	1.1141388534803578	1.113358605304341	1.112464153163137	1.1114405081675691	1.110271156314599	1.1089380224648526	1.1074214779653402	1.1057003890787218	1.1037522401180102	1.1015533366966976	1.0990791193382223	1.0963045974445715	1.093204946141331	1.0897562767651794	1.085936606377544	1.081727049841486	1.077113242522485	1.0720869894429033	1.0666481204836664	1.060806508535379	1.0545841321688059	1.0480170785097853	1.0411572270442566	1.034073331424454	1.0268510102705957	1.0195910493264575	1.0124051801078575	1.0054083690924438	0.9987065617788328	0.9923793738533506	0.9864582485064308	0.9809025969225008	0.9755789112807007	0.970248549010402	0.9645676679177964	0.9580969381537311	0.9503118191160055	0.9406063377943323	0.9282875407183587	0.9125724042117749	0.8925955164898967	0.8674121202431005	0.8359398746292889	0.7968018000781777	0.7482089905408963	0.6883302530652718	0.616612010716716	0.5355420272495658	0.45409750570268526	0.39724757716194686	0.37394341483631366	0.35880452596096235	0.3396430080458673	0.3130195045868141	0.27456740094829063	0.2198426194170097	0.15488060955546673	0.12197547270584871	0.11238520048217363	0.09908042388045721	0.0760904439656687	0.045447267880527276	0.03489508168432189	0.02969022351967173	0.019585389882627854	0.010218262797861094	0.00830190157035898	0.004520071030638203	0.002130652082625618	0.001133754161507899	9.409603943710147e-19
1.1213337778092274	1.121325583992093	1.1213160219054568	1.1213048646962358	1.1212918483406802	1.1212766656876798	1.1212589595917428	1.1212383150096872	1.1212142499191573	1.1211862048965298	1.12115353117019	1.121115476925259	1.1210711716017945	1.121019607878773	1.1209596210037152	1.1208898651279493	1.1208087863595588	1.1207145923675905	1.1206052185237538	1.1204782905811312	1.1203310835856268	1.120160476021276	1.1199628975860192	1.1197342697866501	1.1194699413944107	1.1191646227319634	1.118812319529217	1.118406259534831	1.117938807942489	1.1174013863933565	1.1167844068665844	1.1160772000254497	1.1152679421359946	1.1143436184714344	1.1132899968193102	1.1120916271666281	1.1107318941364204	1.1091931124138659	1.1074566927257197	1.1055033946269477	1.1033136746271337	1.100868154062083	1.0981482320205636	1.095136842928596	1.0918193818056827	1.0881848015202447	1.0842268721956083	1.0799455779424831	1.075348602103725	1.0704528287446327	1.0652857462597958	1.059886549935921	1.0543067790113372	1.048610105155231	1.04287092819464	1.0371712553045205	1.0315952864140958	1.0262210946202457	1.0211090206292281	1.0162868001218948	1.0117326089164707	1.0073583951574656	1.0029974194535212	0.9983991197920916	0.9932324678570048	0.9870931867819727	0.9795069077178479	0.9699205606265063	0.9576818689614031	0.9420199961374726	0.9220523748100016	0.8968253777086395	0.8653330494744791	0.8263969824898156	0.7784260012901324	0.7195283002887901	0.6488044881304114	0.5686137871530353	0.48726892493688706	0.4282800112486798	0.4041918648999577	0.38907378632879897	0.36969878785676896	0.34269905433638304	0.3046461543490731	0.24959203017822965	0.18085615238601288	0.1386844379655167	0.12819705670455087	0.11470904913653188	0.09170477156169667	0.05774807995723124	0.04150988041544178	0.0362027385514753	0.02566082798925632	0.01295687361430247	0.010586524017494423	0.006477219365752948	0.0027145521706502347	0.0016708428969215668	2.829707612894306e-18
1.1270207414468973	1.1270132289282402	1.127004463529861	1.1269942379535267	1.1269823110436605	1.1269684023895004	1.1269521861097793	1.1269332837091846	1.1269112558826617	1.1268855931276205	1.126855705004997	1.126820907859679	1.126780410781832	1.1267332995451915	1.1266785182348227	1.1266148482699623	1.1265408845754494	1.12645500876829	1.1263553593856996	1.1262397992426247	1.126105879821955	1.1259508020324063	1.1257713720032547	1.1255639509882078	1.1253244008957088	1.1250480292908849	1.1247295359907117	1.1243629565589839	1.123941597356767	1.1234579726912195	1.1229037590075666	1.1222697529170618	1.1215458273599805	1.1207209214871674	1.1197830534770663	1.1187193558444115	1.1175161643381228	1.1161591559358475	1.1146335484868797	1.1129243915174356	1.1110169328246031	1.1088971058037067	1.1065521289565536	1.1039712223512679	1.1011464541718534	1.098073699349731	1.0947536854976945	1.091193084087102	1.0874055786523869	1.083412805801749	1.0792450549030732	1.0749415347161453	1.07054999057886	1.0661254259850277	1.0617276154383037	1.0574170732188168	1.053249168910391	1.0492661650230521	1.0454871839675537	1.0418966033562187	1.0384319806584479	1.034973360506831	1.0313362753323436	1.0272697352665625	1.022459152850365	1.016530323056572	1.0090493797694864	0.9995103999335776	0.9873079844313801	0.971699872055369	0.9517896364528673	0.9265726490043238	0.8950404201414559	0.8561880828154937	0.8087361732484871	0.7508998350122202	0.6813929080617709	0.6022450954789806	0.5214465059943199	0.4607963480805301	0.4360011567139045	0.42087783756446195	0.4014346595710189	0.37398764337940565	0.3360887726530871	0.28146581444807783	0.20982325091579646	0.15733228102178784	0.14554625209520602	0.1316871871207077	0.10907459568742182	0.07263908413882317	0.04902638549685641	0.04340393283156733	0.03286295228614718	0.01681350828063264	0.013078162150530134	0.008847072622671079	0.003334367949897577	0.002223338104372688	8.737130137011242e-18
1.1362141292482377	1.1362073025831259	1.1361993391879819	1.1361900514456111	1.1361792212158783	1.1361665950003204	1.1361518783826954	1.136134729649909	1.1361147524873978	1.136091487631017	1.1360644033412843	1.1360328845444188	1.135996220459199	1.135953590492716	1.1359040481682177	1.135846502839824	1.1357796989932623	1.1357021930334	1.1356123276235237	1.1355082037324915	1.1353876504656646	1.135248192325409	1.1350870128841277	1.1349009139469746	1.1346862712497703	1.134438990205886	1.1341544647602069	1.1338275367710164	1.1334524503618288	1.1330228076847297	1.1325315418250106	1.1319709014073378	1.1313324361079509	1.130607010820722	1.1297848512789823	1.1288556134043652	1.1278085009528558	1.1266324364119125	1.1253162868959228	1.1238491733648235	1.1222208422582411	1.1204221482107972	1.1184456068035145	1.1162860403542199	1.1139413046946276	1.111413061615384	1.1087075621673765	1.1058363834331968	1.1028170383106943	1.0996733504828164	1.0964354482261105	1.093139269446238	1.0898253268392957	1.086536633007635	1.0833155336645959	1.0801993624039627	1.0772148332765943	1.0743712617195507	1.0716529294289194	1.0690111399197522	1.0663567987211378	1.063554358965072	1.0604175824325117	1.0567071471624643	1.052128863605977	1.04633126860966	1.0389020000118119	1.02936011103746	1.017138076461958	1.0015443188885154	0.9817115791639742	0.9565900386379208	0.925075758320605	0.886215498118064	0.8390966268063677	0.782296779365428	0.7142434560708807	0.6363476523256061	0.5564759815661234	0.49471252406962285	0.46937934744699344	0.45423879619503854	0.43473358073563845	0.4070285250648952	0.3688209357168736	0.3152346270679408	0.24159951884412045	0.17838461055387092	0.16440958494098037	0.15022959231562785	0.1278953527446749	0.09001601699378158	0.05760226189893516	0.05138668139899754	0.041106275135222	0.022381606732513198	0.01575048167752006	0.011612269155179742	0.004167058953901011	0.0026162438531809966	1.4311872706734575e-17
1.1488910068126936	1.1488848696463763	1.1488777125031966	1.1488693675458195	1.148859639764515	1.1488483027069043	1.1488350935774467	1.1488197076262645	1.148801791739406	1.1487809371336726	1.1487566710476336	1.148728447305141	1.148695635607316	1.1486575093838804	1.1486132320156088	1.148561841237163	1.148502231566094	1.1484331346958239	1.1483530979537648	1.1482604610359448	1.1481533312308114	1.1480295570488968	1.147886699575913	1.1477220007403446	1.1475323491559273	1.1473142465915769	1.147063778616559	1.1467765887210821	1.1464478510757843	1.1460722449340521	1.1456439450555982	1.1451566290422674	1.1446034904507583	1.1439772755691306	1.143270354185161	1.1424748179585082	1.1415826202283446	1.1405857647381785	1.1394765500866453	1.138247871382569	1.1368935846753336	1.1354089483896628	1.1337910987635786	1.1320395914793993	1.1301569615939846	1.1281492644690423	1.1260265563877918	1.123803246191949	1.1214982321852558	1.1191347330357375	1.1167396958615676	1.114342642121736	1.1119739275154963	1.1096621948639847	1.1074311009052664	1.105295255662865	1.1032555139531524	1.101293863156858	1.0993682336189399	1.097407759180071	1.0953088015194656	1.0929319516904936	1.0900994970188118	1.086592053073455	1.082142144976888	1.0764233537144563	1.0690359987960656	1.05949666495178	1.047235173380796	1.0315919271450382	1.0117776685673854	0.98679162250374	0.9554298222226876	0.9165854344924446	0.8695757759660822	0.8136252800344413	0.7472157838782217	0.6708290240258867	0.5921875945628949	0.529953536798388	0.5042238008115112	0.48919440911968826	0.469482420218945	0.44177111501971866	0.40299084336161267	0.35039924544455675	0.27606964190416694	0.20249711326814174	0.18485187878906667	0.17051672344993338	0.14790729802415498	0.10999554703510413	0.06786192258048285	0.0603107940676953	0.05008022807409832	0.029875714695191694	0.01867238887021747	0.014618734726262723	0.005692137189654594	0.002790601558739512	1.8087672579611098e-17
1.1647812458914006	1.164775798968942	1.164769448932457	1.1647620477385807	1.1647534235235055	1.1647433768979194	1.1647316767054172	1.1647180551790897	1.1647022024259914	1.1646837601634836	1.164662314624249	1.1646373885368284	1.164608432074727	1.1645748126490194	1.1645358034092728	1.1644905703111645	1.1644381576484677	1.1643774720314028	1.1643072649385793	1.1642261141024222	1.1641324040431649	1.164024305894913	1.163899756163615	1.1637564338067612	1.163591736021267	1.1634027552721882	1.1631862612077684	1.1629386882196082	1.1626561251205612	1.1623343074973356	1.1619686244581293	1.1615541446012978	1.1610856527825741	1.1605577072439122	1.1599647278652874	1.15930111429172	1.158561401289636	1.1577404475283284	1.1568336861912736	1.1558373932173664	1.1547490272668153	1.153567587175186	1.1522939867872963	1.1509314525194263	1.1494858719717236	1.1479660706246078	1.1463839665835096	1.144754533721351	1.1430955001289218	1.1414267060092784	1.139769076577646	1.1381431186194155	1.1365669279175343	1.1350537580302988	1.133609169801423	1.132227879485016	1.1308904911072166	1.1295602406946852	1.1281799396980994	1.1266689644099341	1.1249204042199192	1.122798018395344	1.12013298105497	1.1167199333728912	1.1123114504825096	1.1066079501427084	1.0992372753922208	1.0897269455014358	1.0774817022838974	1.0617990276756302	1.0419131292906834	1.01696470254854	0.9858354893988556	0.9471942706336767	0.9001875853539245	0.8447167196905058	0.7799720941300456	0.7054547886402558	0.6282114522410256	0.5662091963385638	0.5402929498743275	0.5253923119825992	0.5055631060896011	0.4776964797505494	0.43869637176623333	0.38626211447060416	0.3129166797099489	0.2302713334484996	0.2068162875660147	0.19225489524181963	0.16915312803624216	0.1323918310096078	0.08092452568876535	0.0700377569003716	0.05955281697980006	0.03910183039708741	0.02177834290965653	0.017610654117496048	0.00804781314492327	0.0027394073486644585	2.2811250725946087e-17
1.1848167676623478	1.1848120227900274	1.184806493640467	1.1848000522912734	1.1847925504050114	1.1847838160978739	1.1847736503667947	1.1847618230248702	1.1847480680923521	1.184732078587904	1.1847135006615663	1.1846919270059753	1.1846668894745052	1.1846378508268087	1.1846041955128612	1.1845652194110496	1.1845201184683696	1.1844679762670969	1.1844077506785147	1.1843382598966263	1.184258168233284	1.1841659719885513	1.1840599853298472	1.18393832581878	1.1837988998172462	1.183639389816012	1.1834572470206302	1.1832496908433454	1.1830137132843264	1.1827460875629032	1.1824433894085051	1.1821020369288409	1.1817183441096888	1.1812885933598047	1.1808091326150258	1.1802764975508604	1.179687571065263	1.1790397513261393	1.1783311820946858	1.1775609636830526	1.1767294312846892	1.1758383859035508	1.1748913432594361	1.173893735382817	1.1728530187251842	1.171778678489326	1.1706820713365151	1.169576057435116	1.1684743837349234	1.1673907826071326	1.1663377648070872	1.1653251615319786	1.1643583601185503	1.1634364188419977	1.1625500327636753	1.161679553746071	1.160793069183882	1.1598445911887783	1.158772240653575	1.1574962766778785	1.1559164650245302	1.1539082736866928	1.1513170398060197	1.147949520432941	1.1435631156270365	1.1378549617095732	1.1304542089900498	1.1209124615017174	1.1086796975755553	1.0930575872673935	1.0731873320772727	1.0481547126281603	1.0170644390469592	0.9787895742812732	0.9320382720250475	0.8766354147928186	0.8131772471576124	0.7410116562503647	0.665424705007472	0.6043650926965688	0.578642537899499	0.5638725366612424	0.5439828352886485	0.5158692825789393	0.47698636030948954	0.4238782402746761	0.3529298977842609	0.26376560593128534	0.23119403918031145	0.21643444287361388	0.19315841209923515	0.15715334514679935	0.09975779895679668	0.08130424815982011	0.07060889408187196	0.05094436798834966	0.02561331776609355	0.02116058424785417	0.011762570269230036	0.002594182722702731	1.8574845253235538e-17
1.2078571652428503	1.2078531176419893	1.2078484037634334	1.2078429156550925	1.2078365283271117	1.20782909718877	1.2078204551376381	1.2078104092656319	1.2077987371463212	1.2077851826681203	1.2077694513783457	1.2077512053022934	1.2077300572017642	1.2077055642320775	1.2076772209572992	1.2076444516909766	1.2076066021581349	1.2075629305534483	1.2075125981758856	1.2074546599587979	1.2073880553166205	1.2073115997344526	1.207223977269502	1.2071237338517669	1.207009271557873	1.206878845439719	1.2067305657653422	1.2065624076013501	1.206372226959604	1.2061577826676537	1.205916769268274	1.205646865808067	1.2053457978461206	1.2050114172727175	1.2046417998612708	1.2042353552198344	1.203790973936517	1.2033081601457905	1.202787208495501	1.2022293465969447	1.2016369080702969	1.2010134245197377	1.2003637262378075	1.1996939262400965	1.199011307988774	1.1983240959656685	1.1976410616261952	1.196970954022205	1.1963217548108491	1.1956997724604992	1.1951085942506465	1.1945479286425253	1.1940124977507107	1.193490833572041	1.1929642751109064	1.192405933384421	1.1917796572996746	1.1910387500671493	1.1901241597703172	1.18896160841565	1.1874575094394308	1.1854934985762497	1.1829203104240888	1.179551989145365	1.1751587953346778	1.1694541833855678	1.1620689315505381	1.1525256496621819	1.140244885145112	1.1245834467064744	1.1047909750516935	1.0798607738063326	1.0486876206334266	1.0104932309272734	0.9642965593194954	0.9090495475881311	0.8461454369213596	0.7765008552819692	0.7028773193275782	0.6432554306996395	0.6180953111267655	0.6034821080255112	0.5834812831555941	0.5553415835368638	0.5161638953114326	0.46296065828769994	0.39364985277000325	0.3013016916356446	0.2572479578657081	0.24230871774043405	0.21882705096810096	0.1825124053719752	0.12354354291134641	0.09373396466601146	0.08288752316439305	0.06376238596845313	0.03102659668476408	0.025312531041088885	0.016454218655016846	0.0026766556419239307	1.7508563117804818e-17
1.2344924371887622	1.2344890929970078	1.2344852015194379	1.2344806749268555	1.2344754117504717	1.2344692948890112	1.2344621893616474	1.2344539397859065	1.234444367561515	1.234433267743947	1.234420405594663	1.2344055127994045	1.2343882833491224	1.2343683690807015	1.2343453748808257	1.2343188535663614	1.2342883004884428	1.2342531479671566	1.2342127597652195	1.2341664259234415	1.2341133583925359	1.2340526879155949	1.2339834624943058	1.233904647526453	1.2338151277887468	1.2337137124253073	1.233599145155907	1.2334701213546722	1.2333253118462888	1.2331633928424501	1.2329830851511714	1.2327832049029277	1.232562722539963	1.2323208361593014	1.232057056769569	1.231771286403237	1.2314639259019866	1.2311359575818719	1.230789027921291	1.2304255137353952	1.2300485455727115	1.2296619771779802	1.2292703208703637	1.2288785517496204	1.2284918587053497	1.2281152917245095	1.2277533035148636	1.2274092138390926	1.2270846160219382	1.2267787544042148	1.2264879190614582	1.2262048576446727	1.2259182006088725	1.2256119927758584	1.2252650625630723	1.2248502931596459	1.2243335197171703	1.2236718057521572	1.2228108047608686	1.2216810560571585	1.2201933915724492	1.218234086211522	1.2156601382257524	1.212292941088227	1.2079047859398622	1.202197151276741	1.1947856901182499	1.1852143069866077	1.1729593250076866	1.1573426491757366	1.1374851847177465	1.1125344037806595	1.081598175721466	1.043387242042352	0.9972771297499259	0.9428294576555977	0.8799323233860322	0.812224488873524	0.7412918149266224	0.6834611978045958	0.6593640453604817	0.6449209221011301	0.6248194624740929	0.5965455171730011	0.5573870741685761	0.5043019164868926	0.43463376140000437	0.3434463339765357	0.28564894607172114	0.27052572671810066	0.24686842337427314	0.21014212652888242	0.1529244118180559	0.10778453905835257	0.09679365853082007	0.07723405927016845	0.040596593254567465	0.030168722358691894	0.021159199613057164	0.0032625333454547384	1.773646103692781e-17
1.264912768039332	1.2649101322775775	1.264907068994424	1.2649035105876285	1.2648993792220802	1.26489458540548	1.2648890264020665	1.264882584477363	1.2648751249705086	1.264866494195583	1.2648565171793187	1.264844995249395	1.264831703494918	1.264816388128508	1.2647987637884741	1.264778510834867	1.264755272721953	1.2647286535823357	1.2646982162365326	1.2646634809405972	1.2646239252572815	1.2645789854710696	1.2645280599151378	1.2644705143929698	1.26440568983829	1.2643329129702867	1.2642515114057744	1.2641608341093022	1.2640602767974067	1.263949311997883	1.2638275255690052	1.2636946591998026	1.2635506522996647	1.263395690047506	1.263230259293377	1.2630551776916714	1.2628716332431933	1.26268120834172	1.2624858485303407	1.262287856406917	1.2620897752680935	1.2618942956913324	1.2617040737991887	1.261521500882441	1.2613484718037231	1.2611860965856758	1.2610344054121934	1.2608920674777342	1.2607561263167908	1.2606217511752495	1.260481989757015	1.2603275216055811	1.2601462967147588	1.259923022341898	1.2596384225733144	1.2592681349231925	1.25878111041411	1.258137457182879	1.2572856258922762	1.2561589735190015	1.2546714593761046	1.2527123439947392	1.2501392848588635	1.246769810075954	1.242371631130021	1.236650806146923	1.2292369782215764	1.2196741717339963	1.2074128646095081	1.1917683237328291	1.1719320857652848	1.1470540329424272	1.1160638745543014	1.0780304676411276	1.0321086734496887	0.9777969681600663	0.9158084110919787	0.8484697739574449	0.7810258491006362	0.7251342609804637	0.7026578997070481	0.6883495783829013	0.6681950593218104	0.6398249941353913	0.600536147217476	0.547328765029493	0.47760665073545516	0.3900669231549889	0.3168235571371286	0.3014140740219604	0.2775870926235925	0.24073791781733284	0.18585650605684437	0.12389342137327553	0.11269793889151476	0.09301993401678708	0.05700534937177074	0.03595507530659678	0.0268346101383869	0.0067451970384666314	1.841944839976943e-17
1.2977403519292818	1.2977384223835884	1.2977361845672222	1.2977335909685104	1.2977305872091525	1.2977271111755466	1.2977230920760314	1.2977184494293166	1.2977130919941706	1.2977069166564827	1.2976998072971149	1.2976916336723117	1.2976822503473429	1.2976714957341677	1.2976591912940798	1.2976451409807641	1.2976291310213037	1.2976109301718017	1.2975902906384738	1.2975669499138702	1.297540633807105	1.2975110609478246	1.2974779490083304	1.2974410227451332	1.2974000238768588	1.2973547230806315	1.2973049347309955	1.297250534206589	1.2971914764087127	1.2971278150324468	1.2970597240227901	1.296987519244322	1.2969116696575533	1.2968328032874517	1.2967517200816563	1.2966693702104228	1.2965868193770191	1.2965052298569568	1.2964257559734524	1.2963495080090846	1.2962774029326365	1.2962101088260551	1.2961478866483331	1.2960905050685232	1.2960371503559553	1.2959863231524797	1.2959357656199475	1.2958823835253956	1.2958221384509327	1.295749888750148	1.2956591421902102	1.2955416741752603	1.295387055968508	1.2951819091507777	1.2949089835976315	1.2945457687094515	1.2940626651324738	1.2934205882429615	1.2925683431672488	1.2914398787311974	1.289950687046862	1.2879909139569037	1.2854160746214813	1.282041370218316	1.2776381516942694	1.2719144912389206	1.2644955670381466	1.254931070590155	1.2426623772860104	1.227014163853665	1.2072020873124871	1.1823140996859618	1.151385720589334	1.1134275950545727	1.067590382370975	1.0136434851739118	0.9519426070275082	0.8852526119081953	0.8203648257806209	0.7668600867381451	0.7464722584731488	0.7322414398443117	0.7120346359279437	0.6835981123790882	0.6442552624588301	0.5910277067437896	0.5214548193767116	0.4361726472332429	0.3497774948282989	0.3336308462269857	0.3096860057257754	0.2726914331139737	0.2174027208161485	0.1422162387654275	0.12972229276859593	0.10988779420116317	0.07591728845280053	0.04233229163968064	0.033103784796782984	0.014519986890559645	1.8658090098066143e-17
1.3350238152474583	1.3350225903861237	1.3350211759115946	1.3350195441817885	1.3350176639736178	1.3350155001409387	1.3350130132759401	1.3350101593878532	1.3350068896175356	1.335003150011954	1.334998881388807	1.3349940193280543	1.3349884943336867	1.3349822322150537	1.3349751547423194	1.3349671806355972	1.3349582269552505	1.334948210972973	1.3349370526207038	1.3349246776178185	1.3349110213447302	1.3348960334576008	1.334879683167743	1.3348619650160825	1.3348429048708592	1.3348225659673782	1.3348010549154121	1.3347785266468195	1.334755186051336	1.3347312858002052	1.3347071230802268	1.334683035018166	1.3346593811858511	1.3346365157574318	1.3346147754042699	1.334594450936864	1.3345757349966951	1.3345587275195203	1.3345433725831823	1.3345294664714906	1.3345166137619981	1.3345042480132894	1.3344915742925019	1.3344775979189214	1.3344610648588064	1.334440399220954	1.3344136241123652	1.3343782252473466	1.3343309629153566	1.3342676262495161	1.3341827107735302	1.3340689628164921	1.3339166854774696	1.333712934483806	1.3334404147535692	1.3330765829688633	1.3325924229889836	1.3319499787983284	1.3310979481233198	1.3299684032204284	1.3284771006676581	1.3265167234021045	1.323938956757541	1.3205603794856178	1.316159980091862	1.3104259979378325	1.3030086254320894	1.293438882541782	1.2811700089458362	1.2655152615022207	1.2457221771137443	1.2208304222509347	1.1899265117398676	1.152047744468992	1.1063416095987606	1.0524722958781998	0.9911415818844019	0.9250541261951488	0.8607549878433851	0.8107560862737443	0.7925982381247177	0.7783806314639143	0.7581396542321659	0.7296640190324617	0.6902610995691274	0.6370166348501344	0.5675143694533289	0.48201701368767014	0.38808806266854506	0.3688046026374678	0.3447749952245494	0.307673527762841	0.2523228977506161	0.16973108333099318	0.149435996208765	0.1294862375107519	0.09531890435182738	0.05021334602837248	0.04088213837344794	0.02225461476017157	1.9085024364643817e-17
1.3725104807572257	1.3725099573772515	1.372509361182174	1.3725086836107632	1.3725079155044038	1.3725070471818384	1.372506068556504	1.372504969306175	1.3725037391052413	1.3725023679298998	1.372500846445439	1.3724991664821526	1.372497321601634	1.3724953077478181	1.372493123966879	1.3724907731675497	1.3724882628800523	1.3724856059614716	1.3724828211865694	1.3724799336474722	1.3724769748423826	1.3724739822771312	1.3724709984090626	1.3724680688577156	1.3724652399493795	1.372462555908791	1.3724600562326787	1.372457773084652	1.3724557272327789	1.3724539228054655	1.3724523453702435	1.3724509661387392	1.3724497416045247	1.3724486028708862	1.3724474635560482	1.3724462310419776	1.3724447753059608	1.3724429505141118	1.3724405754975526	1.372437409781804	1.3724331555014868	1.3724274090183526	1.3724196288693142	1.3724091137502492	1.3723949029898834	1.372375718404017	1.3723498524747266	1.372314999275862	1.3722680505491598	1.3722048640875768	1.3721199779450406	1.3720061635296201	1.3718537082513644	1.3716495761380758	1.3713768715034447	1.371013342759357	1.3705291953552448	1.3698857331726624	1.3690324912248715	1.3679032759412666	1.3664122252074902	1.364448940583798	1.36186960838887	1.3584937969881612	1.3540854090974754	1.3483541120678961	1.3409340707811575	1.3313653568814294	1.3190904822263325	1.3034421360150734	1.2836351251780216	1.2587757562052335	1.2278929415523179	1.1900111955741983	1.1443546610052377	1.090616709240347	1.0294978453468349	0.963773663769934	0.9000916190562572	0.8528060025683745	0.8362861594500409	0.8220577988078146	0.801789156804133	0.7732882995584178	0.7338761083395994	0.6806141522048706	0.6111648852981756	0.5258243851822554	0.4308055210027052	0.4037806303425043	0.3796822164328862	0.34238001012397046	0.2867169404696745	0.21004101736224035	0.16302009085966837	0.1430285403336351	0.10868453051354686	0.05237876697358757	0.04295145391625549	0.024523214965858454	1.894012610744117e-17
1.3805846737801124	1.3805846868628158	1.3805847025298588	1.3805847207163677	1.3805847412078023	1.380584763625479	1.3805847874273929	1.3805848119286162	1.3805848363430406	1.3805848598443466	1.380584881639408	1.3805849010429543	1.3805849175396065	1.3805849308195608	1.3805849407778326	1.3805849474738083	1.3805849510570607	1.3805849516761919	1.3805849493976352	1.3805849441607323	1.380584935763314	1.380584923811774	1.3805849075497674	1.3805848855464753	1.3805848553237445	1.380584813146959	1.3805847543821244	1.3805846742631565	1.3805845672181285	1.3805844236315887	1.3805842274848683	1.3805839589642126	1.3805835948300709	1.3805830960902363	1.3805824091416743	1.3805814852149845	1.3805802440747044	1.3805785548928295	1.3805762442230463	1.3805730897927884	1.3805688749711773	1.380563158861961	1.3805553349209139	1.3805448482883544	1.3805306800061967	1.3805114061464203	1.3804856328428046	1.3804506304287443	1.3804037820549335	1.3803404987550925	1.380255699032528	1.3801418494549111	1.3799893085537749	1.379785145118553	1.3795122425160138	1.3791483106500269	1.378663835179341	1.3780200801505975	1.3771671377064396	1.3760397193619363	1.3745465145147189	1.372582650090414	1.3700031180787189	1.3666292046758228	1.3622197526225277	1.356487585866673	1.3490622315568823	1.3394937448231743	1.3272198255981955	1.3115906106572393	1.291787499361784	1.2669217976066802	1.236030571351357	1.1980953115334654	1.1523288924650459	1.0992133851446495	1.037118222617078	0.9707547275206967	0.909168146800319	0.86290484326449	0.846321780430457	0.832108910798108	0.8118012650510074	0.7833278231280639	0.7438744401370456	0.6909021160763505	0.621306225238739	0.5335832453194773	0.44246957138958487	0.41544315573673046	0.3911773981595923	0.3528436196914126	0.2959641243958449	0.21664442365369194	0.19661014272773145	0.17704603122046858	0.14280079313317873	0.07696143654465734	0.05564209590838819	0.03696389126060703	1.990866067551966e-17