0.02053678858812875	0.020536788588128723	0.020536788588128685	0.02053678858812863	0.020536788588128546	0.020536788588128428	0.020536788588128248	0.020536788588127977	0.02053678858812756	0.020536788588126915	0.020536788588125916	0.02053678858812434	0.020536788588121857	0.020536788588117923	0.0205367885881117	0.020536788588101856	0.020536788588086278	0.020536788588061607	0.020536788588022447	0.0205367885879602	0.02053678858786125	0.020536788587703973	0.02053678858745389	0.02053678858705598	0.020536788586422806	0.020536788585415425	0.020536788583812336	0.020536788581261366	0.020536788577202744	0.02053678857074571	0.020536788560475496	0.020536788544143203	0.02053678851817842	0.020536788476912225	0.02053678841135103	0.020536788307232847	0.02053678814195427	0.020536787879715707	0.020536787463855538	0.020536786804758744	0.02053678576080396	0.02053678410837235	0.020536781494692062	0.02053677736378495	0.020536770840318585	0.020536760547690432	0.02053674432350977	0.020536718775299216	0.02053667858781161	0.020536615444975932	0.020536516355134694	0.02053636105432233	0.02053611798825024	0.020535738108439016	0.020535145315043704	0.020534221768910687	0.020532785374891754	0.02053055535423766	0.02052709975027963	0.020521755617096345	0.020513508042065642	0.02050080734821298	0.02048129380143084	0.020451384467748763	0.02040565550106628	0.020335922313975578	0.02022987621408165	0.020069075296988936	0.019826008216313473	0.019459863826856355	0.01891061528504718	0.01809134404772566	0.01688045604867348	0.015122323468560897	0.012667235652748386	0.00952481769745195	0.006142020404127225	0.003344719607395979	0.0015958408777090633	0.0007088699978439162	0.0003096211848952374	0.00013457461466300275	0.00005309297014887398	0.000017339511705318066	5.015193612850295e-6	1.408670556488738e-6	3.5344606392036614e-7	7.15646560046858e-8	1.3388778824581903e-8	2.1686010218946445e-9	2.827041124004227e-10	3.31749184208653e-11	2.997501662044429e-12	2.322188699882854e-13	1.2507906796712884e-14	5.14199287259532e-16	1.6294144591675527e-17	3.9002220313700275e-19	6.892241811127044e-21	8.697249636912897e-23	1.6161460605489884e-38
0.02053723881419308	0.020537238814193053	0.02053723881419301	0.02053723881419296	0.02053723881419288	0.020537238814192758	0.02053723881419258	0.020537238814192307	0.02053723881419189	0.02053723881419125	0.020537238814190242	0.02053723881418867	0.020537238814186187	0.020537238814182252	0.020537238814176028	0.020537238814166185	0.020537238814150607	0.020537238814125936	0.020537238814086776	0.020537238814024535	0.02053723881392558	0.0205372388137683	0.020537238813518214	0.020537238813120303	0.020537238812487122	0.020537238811479733	0.020537238809876634	0.020537238807325643	0.02053723880326699	0.02053723879680991	0.020537238786539614	0.020537238770207196	0.020537238744242216	0.0205372387029757	0.020537238637414003	0.020537238533295015	0.02053723836801516	0.02053723810577456	0.02053723768991115	0.0205372370308092	0.02053723598684623	0.02053723433440162	0.020537231720700672	0.020537227589760784	0.020537221066242416	0.020537210773531805	0.02053719454922046	0.020537169000802935	0.020537128812987727	0.020537065669633862	0.020536966578973533	0.020536811276867413	0.020536568208753412	0.020536188325722123	0.020535595527253127	0.02053467197313295	0.02053323556655213	0.020531005526160506	0.020527549891221977	0.020522205709462577	0.020513958058350393	0.020501257245472908	0.020481743512704726	0.020451833888761293	0.020406104469654178	0.020336370578301236	0.020230323383597006	0.020069520766915837	0.019826451051325935	0.019460302582274373	0.018911047731263043	0.018091766743419672	0.01688086367173674	0.015122707746407131	0.01266758366985612	0.009525110004594856	0.006142234354365374	0.003344848312133158	0.0015959055812086816	0.0007088995330134028	0.00030963462047791095	0.0001345810761623726	0.000053095979983186484	0.000017340617842955115	5.0155308524087436e-6	1.4087748217024692e-6	3.534775525116632e-7	7.157169109597573e-8	1.339022609056067e-8	2.1688845131774883e-9	2.82744342713371e-10	3.318055674658732e-11	2.9980690581587e-12	2.3227126749810385e-13	1.2510901157913623e-14	5.143221562341105e-16	1.629802219576646e-17	3.9011460340584824e-19	6.89386671842199e-21	8.69928936354182e-23	1.6165232860704804e-38
0.020538589039046585	0.02053858903904656	0.020538589039046522	0.020538589039046467	0.020538589039046384	0.020538589039046262	0.020538589039046082	0.02053858903904581	0.020538589039045395	0.020538589039044756	0.02053858903904375	0.02053858903904218	0.02053858903903969	0.02053858903903576	0.020538589039029533	0.02053858903901969	0.020538589039004112	0.02053858903897944	0.020538589038940278	0.020538589038878036	0.020538589038779077	0.020538589038621793	0.020538589038371705	0.020538589037973783	0.02053858903734059	0.02053858903633318	0.02053858903473004	0.02053858903217899	0.020538589028120245	0.020538589021663018	0.020538589011392487	0.020538588995059694	0.020538588969094117	0.02053858892782665	0.020538588862263438	0.020538588758142035	0.02053858859285834	0.02053858833061163	0.020538587914738504	0.020538587255621105	0.02053858621163359	0.02053858455914997	0.020538581945387095	0.020538577814348896	0.020538571290674566	0.020538560997716664	0.02053854477301341	0.020538519223975177	0.020538479035177495	0.02053841589026957	0.0205383167971528	0.020538161491166718	0.02053791841692905	0.02053753852424079	0.020536945710555858	0.02053602213248225	0.020534585688228423	0.02053235558864407	0.020528899860795244	0.020523555533356407	0.02051530765407638	0.020502606484244294	0.020483092193705255	0.02045318169927002	0.020407450923344575	0.020337714919914034	0.02023166444188128	0.02007085672814609	0.019827779110466	0.019461618406738913	0.018912344634473947	0.018093034404882975	0.016882086130484638	0.01512386019301061	0.012668627370755588	0.009525986631695054	0.006142875989650062	0.0033452342967499322	0.0015960996265565958	0.00070898810878245	0.00030967491369743885	0.00013460045415429996	0.00005310500645547593	0.000017343935142079413	5.016542231512441e-6	1.4090875123574308e-6	3.53571986579212e-7	7.159278928610495e-8	1.3394566431222825e-8	2.1697347015743265e-9	2.8286499314370084e-10	3.319746604643733e-11	2.9997706751817227e-12	2.3242840726770846e-13	1.2519881226447937e-14	5.14690639439204e-16	1.6309651103620636e-17	3.903917111731466e-19	6.898739804162915e-21	8.70540648959677e-23	1.6176545828008307e-38
0.020540837903127294	0.020540837903127267	0.02054083790312723	0.020540837903127177	0.020540837903127093	0.020540837903126972	0.020540837903126795	0.02054083790312652	0.020540837903126104	0.020540837903125463	0.02054083790312446	0.020540837903122885	0.0205408379031204	0.020540837903116466	0.020540837903110246	0.020540837903100396	0.020540837903084818	0.020540837903060147	0.020540837903020984	0.020540837902958735	0.020540837902859776	0.02054083790270249	0.020540837902452386	0.02054083790205445	0.020540837901421236	0.020540837900413784	0.020540837898810588	0.02054083789625944	0.02054083789220054	0.020540837885743065	0.020540837875472145	0.02054083785913872	0.02054083783317215	0.020540837791903094	0.020540837726337354	0.020540837622211934	0.020540837456921843	0.02054083719466496	0.020540836778775655	0.020540836119632526	0.02054083507560412	0.020540833423055543	0.02054083080918951	0.02054082667798758	0.02054082015405349	0.0205408098606837	0.02054079363532771	0.020540768085255658	0.02054072789482162	0.020540664747325348	0.020540565650117245	0.020540410337668895	0.02054016725323197	0.020539787344459565	0.020539194505431763	0.020538270887462563	0.02053683438046255	0.020534604182289872	0.0205311482996945	0.020525803729619596	0.020517555470315113	0.020504853705958063	0.02048533848642499	0.020455426542144006	0.020409693506372725	0.020339953985175917	0.020233898038602455	0.020073081835479976	0.01982999105649069	0.019463809975326277	0.018914504688808294	0.018095145755687925	0.016884122194004845	0.015125779647955305	0.01267036570452846	0.009527446696063367	0.0061439446639089505	0.0033458771725925125	0.0015964228183655896	0.000709135635962767	0.0003097420239819645	0.00013463272912678958	0.00005312004047684991	0.00001734946026245194	5.018226731788361e-6	1.4096083136006391e-6	3.537292710359114e-7	7.162792933098439e-8	1.3401795476213225e-8	2.171150731017512e-9	2.830659422066561e-10	3.322562929418371e-11	3.0026047997293953e-12	2.3269013107067136e-13	1.2534837960148014e-14	5.153043658434598e-16	1.6329019605913586e-17	3.908532474148655e-19	6.906856161565552e-21	8.71559485565034e-23	1.6195388116201287e-38
0.020543983142019703	0.02054398314201968	0.020543983142019637	0.020543983142019585	0.020543983142019502	0.02054398314201938	0.0205439831420192	0.02054398314201893	0.020543983142018513	0.020543983142017875	0.02054398314201687	0.020543983142015294	0.02054398314201281	0.020543983142008875	0.02054398314200265	0.020543983141992805	0.020543983141977227	0.020543983141952552	0.020543983141913386	0.020543983141851137	0.02054398314175217	0.020543983141594873	0.02054398314134476	0.0205439831409468	0.020543983140313554	0.02054398313930605	0.020543983137702764	0.020543983135151482	0.020543983131092368	0.02054398312463455	0.020543983114363076	0.020543983098028785	0.020543983072060817	0.020543983030789546	0.020543982965220274	0.020543982861089233	0.0205439826957902	0.02054398243351908	0.02054398201760714	0.02054398135842803	0.020543980314342437	0.020543978661703006	0.0205439760476927	0.020543971916261776	0.020543965391964385	0.02054395509801854	0.020543938871749635	0.020543913320231696	0.020543873127509066	0.02054380997639275	0.02054371087346256	0.020543555551976147	0.02054331245327464	0.020542932522007118	0.020542339647535022	0.02054141597376825	0.020539979379012047	0.020537749042954717	0.020534292943932372	0.020528948034509078	0.020520699243706187	0.020507996647852435	0.02048848012903756	0.020458566157016765	0.02041282996064762	0.02034308551953797	0.02023702192471797	0.02007619384842303	0.01983308466215785	0.01946687508131266	0.01891752571927447	0.01809809866988324	0.016886969812153985	0.015128464178512782	0.012672796920819978	0.009529488727538737	0.006145439301077648	0.0033467762923394175	0.0015968748312089073	0.0007093419660069884	0.00030983588375711995	0.00013467786858168	0.00005314106690932326	0.000017357187640744827	5.020582657087513e-6	1.4103367010293888e-6	3.539492475096459e-7	7.167707584756759e-8	1.3411905946496346e-8	2.1731311756854274e-9	2.83346987563564e-10	3.326501813182328e-11	3.0065685780785346e-12	2.3305617537330835e-13	1.2555756298850848e-14	5.161627174764122e-16	1.6356108200205288e-17	3.914987474031323e-19	6.91820761814599e-21	8.729844202881543e-23	1.622174075269672e-38
0.02055431679559526	0.02055431679559523	0.020554316795595193	0.020554316795595138	0.020554316795595058	0.02055431679559494	0.02055431679559476	0.020554316795594486	0.02055431679559407	0.020554316795593428	0.020554316795592425	0.020554316795590853	0.020554316795588366	0.02055431679558443	0.020554316795578207	0.020554316795568357	0.020554316795552776	0.020554316795528098	0.020554316795488928	0.02055431679542666	0.020554316795327682	0.020554316795170356	0.0205543167949202	0.020554316794522177	0.020554316793888812	0.020554316792881132	0.02055431679127757	0.02055431678872584	0.020554316784666016	0.02055431677820706	0.02055431676793379	0.02055431675159662	0.020554316725624078	0.020554316684345524	0.020554316618764654	0.02055431651461515	0.02055431634928673	0.020554316086968873	0.020554315670982596	0.0205543150116853	0.020554313967411867	0.02055431231447403	0.020554309699989847	0.020554305567806772	0.020554299042316114	0.020554288746478168	0.02055427251721074	0.02055424696094368	0.020554206760704012	0.02055414359769742	0.02055404447597259	0.020553889124799975	0.02055364597924533	0.020553265974090747	0.020552672983198846	0.020551749126159955	0.02055031224316034	0.020548081454207452	0.020544624644308583	0.020539278620258516	0.020531028083689007	0.02051832275668518	0.020498801970215523	0.020468881337812942	0.020423134760013385	0.02035337415871283	0.02024728544200629	0.020086418365863133	0.01984324871731898	0.01947694552376295	0.018927451386588478	0.01810780059432795	0.01689632586711546	0.015137284531770158	0.012680785195210919	0.009536198593914191	0.0061503509276715175	0.003349731250779807	0.0015983604664861286	0.0007100201271789548	0.0003101443837845437	0.00013482624234161124	0.00005321019401534092	0.000017382598308351333	5.028330519912187e-6	1.412732305076123e-6	3.5467299272870206e-7	7.183882513261828e-8	1.3445185013881049e-8	2.1796538098724932e-9	2.842729175433985e-10	3.339485999664158e-11	3.0196431065939716e-12	2.342645294971782e-13	1.2624856265270312e-14	5.189980952051889e-16	1.6445585832014784e-17	3.9363083422527054e-19	6.955699674427831e-21	8.776905090321328e-23	1.630877071668324e-38
0.02056910482037347	0.02056910482037344	0.020569104820373402	0.020569104820373347	0.020569104820373267	0.02056910482037315	0.020569104820372965	0.020569104820372695	0.020569104820372275	0.020569104820371633	0.020569104820370634	0.02056910482036906	0.020569104820366575	0.020569104820362637	0.02056910482035641	0.020569104820346556	0.020569104820330975	0.02056910482030629	0.020569104820267105	0.020569104820204832	0.020569104820105825	0.020569104819948458	0.02056910481969824	0.02056910481930012	0.020569104818666594	0.020569104817658668	0.0205691048160547	0.020569104813502336	0.020569104809441494	0.02056910480298092	0.020569104792705063	0.020569104776363787	0.020569104750384697	0.020569104709095717	0.02056910464349825	0.020569104539322324	0.02056910437395186	0.020569104111567118	0.020569103695474458	0.02056910303600803	0.0205691019914658	0.02056910033810093	0.020569097722938638	0.02056909358967922	0.02056908706248097	0.020569076763935396	0.020569060530377034	0.020569034967313906	0.020568994756317228	0.020568931576295437	0.020568832427675172	0.02056867703402108	0.02056843382141879	0.02056805371053054	0.020567460553039863	0.020566536433735325	0.02056509913825424	0.020562867701199642	0.02055940987402351	0.020554062254921908	0.020545809220127782	0.020533099984796518	0.020513573091230922	0.020483642927692104	0.020437881493859736	0.020368097766999833	0.02026197310035649	0.020101050214557555	0.019857794043160452	0.01949135688775813	0.018941655574105164	0.018121684600637147	0.016909714926016783	0.015149906988545677	0.0126922169262472	0.009545800887511315	0.006157379871212641	0.003353960081245001	0.0016004865665854627	0.0007109906489397423	0.00031058588109238134	0.0001350385825925075	0.00005330912477545904	0.000017418965402161118	5.039419149904065e-6	1.4161608831766686e-6	3.557088490654735e-7	7.207033495198519e-8	1.3492817464543605e-8	2.1889902082033193e-9	2.855983201708499e-10	3.3580729023159884e-11	3.0383604504891043e-12	2.359945241800221e-13	1.2723792560996e-14	5.230577421622551e-16	1.657369793600619e-17	3.9668349642091226e-19	7.009379506796959e-21	8.844284916445045e-23	1.643337605785231e-38
0.020598163913771835	0.020598163913771804	0.02059816391377177	0.020598163913771714	0.02059816391377163	0.020598163913771513	0.02059816391377133	0.020598163913771058	0.02059816391377064	0.02059816391377	0.020598163913768997	0.020598163913767422	0.020598163913764934	0.020598163913760993	0.020598163913754765	0.020598163913744912	0.020598163913729317	0.02059816391370462	0.02059816391366542	0.020598163913603112	0.020598163913504056	0.020598163913346616	0.02059816391309628	0.020598163912697955	0.020598163912064125	0.0205981639110557	0.02059816390945095	0.02059816390689733	0.02059816390283449	0.020598163896370737	0.020598163886089815	0.020598163869740463	0.020598163843748518	0.02059816380243906	0.020598163736809	0.020598163632581188	0.020598163467128162	0.02059816320461206	0.020598162788310493	0.020598162128511927	0.02059816108344182	0.020598159429238337	0.020598156812744343	0.020598152677371175	0.020598146146819513	0.020598135842956625	0.020598119600971587	0.020598094024562093	0.020598053792440403	0.02059799057900347	0.020597891377564775	0.02059773590048356	0.020597492556209705	0.02059711223767586	0.020596518753008622	0.020595594118649974	0.02059415601310914	0.020591923303263784	0.020588463478275885	0.020583112726671217	0.020574854785624812	0.020562137874715728	0.02054259898734876	0.02051265010540199	0.020466859495327318	0.020397030351167685	0.020290835080420438	0.020129802586180055	0.01988637648513915	0.01951967622863679	0.018969568016817602	0.018148968196249105	0.01693602641857023	0.015174712819117163	0.01271468405325517	0.00956467465948848	0.006171198248351073	0.0033622754973955307	0.0016046678317739468	0.0007128993987026168	0.00031145420792160844	0.00013545626119850477	0.00005350380426098062	0.000017490566275290246	5.061254863770875e-6	1.422913524145641e-6	3.577505927248875e-7	7.252697851561283e-8	1.3586794131682981e-8	2.2074345906964853e-9	2.882185635185766e-10	3.3948622384757196e-11	3.075459256806348e-12	2.3942936570050366e-13	1.2920514175072253e-14	5.3112960967449e-16	1.682840286047049e-17	4.027520284881148e-19	7.116080940460511e-21	8.978203181920991e-23	1.6681005357772763e-38
0.02064048767395687	0.020640487673956837	0.020640487673956803	0.020640487673956747	0.020640487673956664	0.020640487673956546	0.020640487673956362	0.02064048767395609	0.020640487673955675	0.020640487673955033	0.02064048767395403	0.020640487673952452	0.02064048767394996	0.020640487673946023	0.02064048767393979	0.020640487673929925	0.020640487673914323	0.020640487673889606	0.02064048767385038	0.020640487673788028	0.020640487673688902	0.020640487673531348	0.02064048767328083	0.020640487672882228	0.020640487672247944	0.0206404876712388	0.0206404876696329	0.020640487667077462	0.020640487663011714	0.02064048765654333	0.020640487646255028	0.020640487629893928	0.02064048760388327	0.020640487562544017	0.02064048749686651	0.020640487392563186	0.020640487226989985	0.0206404869642827	0.020640486547677066	0.02064048588739507	0.020640484841556665	0.020640483186132597	0.020640480567700337	0.020640476429250633	0.020640469893818132	0.02064045958221595	0.02064044332796598	0.020640417732130968	0.020640377469261954	0.020640314207189432	0.020640214928873593	0.020640059330364103	0.02063981579444172	0.020639435173678163	0.020638841212801816	0.020637915828774205	0.020636476544175757	0.020634241981753006	0.02063077924889217	0.02062542393782087	0.02061715885552522	0.02060443077245115	0.020584874427456157	0.02055489829970619	0.020509065221554913	0.02043916996889045	0.020332871927523997	0.020171679886919636	0.01992800643438104	0.019560923201173582	0.019010222692374373	0.018188707488129556	0.01697435065049788	0.015210845282828697	0.012747412052199895	0.009592171537705288	0.006191334236302612	0.0033743955893892866	0.0016107631414139809	0.0007156820492992247	0.00031272012541017866	0.00013606527100426332	0.00005378779104045144	0.000017595071605197225	5.093131690611176e-6	1.4327730918400758e-6	3.607343232628418e-7	7.319481775944131e-8	1.3724272315120617e-8	2.2344554122047583e-9	2.9206019604403243e-10	3.4488709523195085e-11	3.130005180549865e-12	2.4448902489363166e-13	1.321076069313718e-14	5.43038669937728e-16	1.720415231131988e-17	4.1170357636080706e-19	7.273455432210754e-21	9.175695309136903e-23	1.7046148349017657e-38
0.020701339671444455	0.020701339671444427	0.02070133967144439	0.020701339671444333	0.02070133967144425	0.020701339671444132	0.02070133967144395	0.02070133967144368	0.02070133967144326	0.02070133967144262	0.020701339671441613	0.020701339671440035	0.02070133967143754	0.0207013396714336	0.020701339671427357	0.020701339671417483	0.020701339671401867	0.020701339671377127	0.020701339671337856	0.02070133967127544	0.020701339671176214	0.020701339671018504	0.02070133967076773	0.020701339670368718	0.02070133966973379	0.02070133966872361	0.020701339667116066	0.020701339664558005	0.02070133966048808	0.020701339654013044	0.02070133964371415	0.020701339627336175	0.02070133960129864	0.020701339559916578	0.02070133949417093	0.020701339389759137	0.02070133922401332	0.02070133896103142	0.020701338543989038	0.02070133788301266	0.020701336836070665	0.020701335178893374	0.020701332557677008	0.020701328414808214	0.020701321872364915	0.020701311549646065	0.020701295277778784	0.02070126965404099	0.020701229347006463	0.02070116601507352	0.020701066626330672	0.020700910853400065	0.020700667042190486	0.02070028598729763	0.020699691342381844	0.02069876488150565	0.020697323903263884	0.02069508667971629	0.020691619769836436	0.02068625790927584	0.020677982568804845	0.02066523843717195	0.020645657014520067	0.020615641748229094	0.020569747664264948	0.020499757445217526	0.02039331177004865	0.020231890532492663	0.019987861742811627	0.01962022833016853	0.01906867692373256	0.018245846654881617	0.01702945687488443	0.01526280266152427	0.012794478237003352	0.009631721658153259	0.006220305457001203	0.0033918397586086787	0.001619537878116982	0.0007196882039415977	0.000314542728530262	0.00013694226332357535	0.000054197001983603965	0.000017745777875264443	5.1391141679667914e-6	1.4469991060175785e-6	3.650446924663374e-7	7.416065569443684e-8	1.3923172057230853e-8	2.2736274528479106e-9	2.9763559729823075e-10	3.527398600983217e-11	3.209485259847875e-12	2.518809410731025e-13	1.3635770848796708e-14	5.604765596818624e-16	1.7754268709250623e-17	4.248071090525338e-19	7.503786819146335e-21	9.464691307276272e-23	1.75803872072381e-38
0.02078596778008086	0.020785967780080836	0.020785967780080794	0.020785967780080742	0.02078596778008066	0.020785967780080537	0.020785967780080357	0.020785967780080083	0.02078596778007967	0.02078596778007902	0.020785967780078015	0.020785967780076436	0.02078596778007394	0.02078596778006999	0.02078596778006374	0.020785967780053854	0.02078596778003821	0.020785967780013438	0.020785967779974112	0.02078596777991161	0.020785967779812245	0.020785967779654305	0.020785967779403176	0.020785967779003604	0.020785967778367772	0.020785967777356158	0.020785967775746334	0.02078596777318463	0.020785967769108907	0.020785967762624636	0.020785967752311025	0.02078596773590961	0.020785967709834742	0.020785967668393246	0.020785967602552954	0.02078596749799052	0.020785967332004978	0.0207859670686417	0.020785966650992752	0.020785965989052017	0.020785964940577373	0.020785963280965204	0.020785960655882264	0.02078595650687621	0.020785949954696258	0.020785939616538456	0.020785923320203997	0.020785897657714287	0.020785857289341677	0.020785793860384653	0.020785694318277183	0.020785538303103892	0.020785294109563382	0.020784912451729906	0.020784316856780977	0.020783388900307613	0.020781945569810115	0.020779704650273803	0.02077623193896599	0.020770860981802152	0.020762571393604955	0.02074980497169579	0.020730188717662922	0.020700119089665174	0.020654140270311684	0.020584018143874182	0.020477367403897523	0.02031562780469191	0.020071105432292503	0.019702707776827626	0.01914997438352167	0.018325317313919478	0.01710610344632882	0.015335074880270215	0.012859955438447942	0.009686756260696202	0.006260636518329616	0.003416135952817494	0.0016317630909580413	0.0007252702570323186	0.00031708243480075405	0.00013816464807528216	0.00005476789553011488	0.000017956267326274902	5.203363605798079e-6	1.466883553267968e-6	3.710799807273969e-7	7.551512882677032e-8	1.4202258341260732e-8	2.328749590239897e-9	3.05493675927218e-10	3.638364313298222e-11	3.322143507266827e-12	2.6239726492496176e-13	1.424241599988916e-14	5.853655667383089e-16	1.8539291663036914e-17	4.435019605862527e-19	7.832324176831392e-21	9.87680207780301e-23	1.8342042362178196e-38
0.02089961351852448	0.020899613518524453	0.020899613518524415	0.02089961351852436	0.020899613518524277	0.020899613518524155	0.020899613518523975	0.020899613518523704	0.020899613518523284	0.02089961351852264	0.02089961351852163	0.020899613518520044	0.020899613518517546	0.020899613518513587	0.020899613518507328	0.02089961351849742	0.02089961351848175	0.020899613518456928	0.020899613518417532	0.02089961351835491	0.020899613518255353	0.020899613518097118	0.020899613517845514	0.02089961351744518	0.020899613516808142	0.020899613515794606	0.020899613514181715	0.020899613511615133	0.020899613507531643	0.02089961350103499	0.020899613490701657	0.020899613474268827	0.020899613448143926	0.020899613406622747	0.02089961334065561	0.020899613235891255	0.020899613069584395	0.020899612805709913	0.020899612387247954	0.020899611724014607	0.020899610673485603	0.020899609010609735	0.020899606380344066	0.02089960222311163	0.02089959565788063	0.02089958529902833	0.02089956896989776	0.020899543255464316	0.020899502804872724	0.02089943924586181	0.020899339498178973	0.020899183158293318	0.020898938452257283	0.020898555986206994	0.02089795911776958	0.020897029156482196	0.020895582672814147	0.020893336798806363	0.020889856310612666	0.020884473159213074	0.02087616447134984	0.02086336816803665	0.020843705219898763	0.020813562714849923	0.020767470297817198	0.02069717133105605	0.0205902456678733	0.020428079243381397	0.020182895113235812	0.019813472795117405	0.019259154605892326	0.018432048114110977	0.01720904753071202	0.015432153385936918	0.012947922117518634	0.009760718028893231	0.006314868940688978	0.003448828322132589	0.001648219884290737	0.0007327854783054054	0.0003205019519758549	0.0001398111056891822	0.000055537783149773256	0.000018240557399474316	5.2901876402632754e-6	1.4937671833188487e-6	3.792585524348055e-7	7.735448978126213e-8	1.4581530511160492e-8	2.4039458760468447e-9	3.1623641758731253e-10	3.790584455361096e-11	3.4773259264650453e-12	2.7695343338451075e-13	1.508583805393969e-14	6.199666885020093e-16	1.963035474838039e-17	4.694774249855258e-19	8.288665012580626e-21	1.0449033543745469e-22	1.9399305590110362e-38
0.02104752118694312	0.021047521186943093	0.021047521186943054	0.021047521186943	0.021047521186942916	0.021047521186942794	0.021047521186942614	0.02104752118694234	0.021047521186941923	0.021047521186941275	0.02104752118694026	0.021047521186938672	0.021047521186936168	0.021047521186932202	0.021047521186925926	0.021047521186915993	0.021047521186900283	0.021047521186875404	0.021047521186835907	0.021047521186773135	0.021047521186673336	0.021047521186514706	0.021047521186262488	0.021047521185861166	0.021047521185222563	0.02104752118420653	0.02104752118258967	0.02104752118001675	0.021047521175923168	0.02104752116941044	0.021047521159051497	0.021047521142577876	0.02104752111638801	0.021047521074763386	0.02104752100863154	0.021047520903605017	0.02104752073688095	0.02104752047234273	0.021047520052825137	0.021047519387913445	0.02104751833471705	0.02104751666760354	0.021047514030608495	0.021047509862694706	0.021047503280517823	0.021047492894795048	0.021047476523080626	0.021047450741200936	0.02104741018385172	0.021047346455970766	0.021047246441354486	0.021047089679836758	0.021046844308331408	0.02104646079281302	0.021045862270738916	0.021044929706157445	0.021043479127988235	0.021041226820356397	0.02103773623337396	0.021032337246763216	0.021024003756069116	0.02101116864815295	0.020991445061066066	0.020961207913022896	0.020914967967490213	0.020844439334402564	0.02073715661402896	0.02057443583450259	0.020328392198228316	0.01995763898361322	0.01940126229413133	0.01857097412490745	0.017343054612555437	0.015558540825130873	0.013062472281756471	0.009857071244136997	0.006385570938833882	0.003491484806977976	0.001669703787169669	0.0007425980904525348	0.0003249672421488486	0.00014196209684685864	0.000056545140651653025	0.00001861325184041993	5.40409058788203e-6	1.529056052022597e-6	3.9002545283467736e-7	7.978245987133002e-8	1.508262721732374e-8	2.5037719737394894e-9	3.305365989523462e-10	3.9940710787878214e-11	3.685861494760198e-12	2.9663110834887604e-13	1.6232476892975638e-14	6.670036831528122e-16	2.111305651760531e-17	5.047638561224427e-19	8.908335650076544e-21	1.1225741486217485e-22	2.083380697113601e-38
0.021239587560023455	0.02123958756002343	0.02123958756002339	0.021239587560023334	0.02123958756002325	0.02123958756002313	0.02123958756002295	0.02123958756002267	0.02123958756002225	0.0212395875600216	0.021239587560020586	0.021239587560018994	0.02123958756001648	0.021239587560012502	0.021239587560006205	0.021239587559996245	0.021239587559980483	0.021239587559955524	0.021239587559915903	0.021239587559852932	0.021239587559752814	0.021239587559593685	0.021239587559340665	0.021239587558938074	0.02123958755829744	0.021239587557278176	0.021239587555656168	0.021239587553075055	0.021239587548968417	0.021239587542434886	0.021239587532042806	0.0212395875155164	0.021239587489242474	0.02123958744748398	0.02123958738113901	0.021239587275773242	0.0212395871085093	0.02123958684311219	0.02123958642222859	0.02123958575514509	0.021239584698497	0.021239583025899834	0.0212395803801967	0.02123957619846075	0.02123956959435498	0.021239559173860143	0.02123954274703924	0.02123951687787876	0.02123947618237566	0.021239412235959983	0.021239311875902035	0.021239154568739947	0.021238908336025302	0.02123852346233431	0.02123792280017358	0.021236986866441116	0.021235530989139554	0.021233270354929733	0.02122976669757673	0.021224347215825126	0.021215981622733516	0.021203096288714144	0.02118329421261767	0.021152934558512932	0.0211065036461067	0.02103567771391614	0.0209279327726943	0.02076449433672568	0.020517337955952588	0.020144861639949076	0.01958581969816131	0.01875141182841222	0.017517122854392525	0.01572274194953734	0.013211343456730727	0.009982370571799688	0.006477611088185745	0.0035470844457814797	0.0016977284294655353	0.0007554014086013326	0.00033079429414293384	0.00014477099247726157	0.00005786358857325729	0.00001910243004905888	5.553748650614717e-6	1.5754619126264108e-6	4.042446322006079e-7	8.300169384705742e-8	1.574790335521512e-8	2.6372325647754405e-9	3.497323236750036e-10	4.2688812688672614e-11	3.969686645994829e-12	3.2364162179562004e-13	1.7819809691335284e-14	7.3211234641600705e-16	2.3164394688344067e-17	5.535565095505626e-19	9.764685306987244e-21	1.229842736499653e-22	2.2813811702201145e-38
0.021479650574495135	0.02147965057449511	0.02147965057449507	0.021479650574495013	0.02147965057449493	0.02147965057449481	0.02147965057449463	0.02147965057449435	0.02147965057449393	0.021479650574493275	0.02147965057449226	0.02147965057449066	0.021479650574488134	0.02147965057448414	0.021479650574477815	0.021479650574467817	0.021479650574451996	0.02147965057442694	0.021479650574387162	0.021479650574323942	0.021479650574223432	0.021479650574063678	0.02147965057380966	0.021479650573405482	0.021479650572762327	0.02147965057173904	0.02147965057011063	0.02147965056751931	0.021479650563396416	0.021479650556836986	0.021479650546403658	0.02147965052981154	0.021479650503432958	0.021479650461507804	0.021479650394897493	0.02147965028910937	0.021479650121173303	0.021479649854706885	0.02147964943212262	0.021479648762335223	0.02147964770138977	0.02147964602196542	0.021479643365420617	0.0214796391664758	0.021479632535067957	0.021479622071280662	0.021479605575849717	0.02147957959801988	0.02147953873050614	0.021479474511997897	0.02147937372183407	0.021479215735288257	0.02147896843026596	0.0214785818654669	0.02147797853857182	0.02147703840966723	0.021475575933923467	0.021473304931327097	0.021469784998215637	0.0214643399945213	0.021455934424390737	0.021442986542304025	0.02142308671873263	0.021392574495144073	0.021345905743913072	0.021274709528345315	0.021166388872121113	0.021002056527056792	0.020753514051784168	0.02037889123941294	0.019816528966806208	0.018976988543382443	0.01773476367163657	0.01592808829054024	0.01339758696589972	0.01013923290029098	0.006592973813562281	0.0036168702878840793	0.001732934529849133	0.0007714902660123158	0.000338117802069414	0.00014830393180819944	0.00005952607147063848	0.000019721223034004165	5.7432821862831226e-6	1.6342872143866758e-6	4.2235430358034395e-7	8.71200799397935e-8	1.6600219205161928e-8	2.809531450412849e-9	3.7462716760152786e-10	4.627615759931239e-11	4.343428187395891e-12	3.5953274480416985e-13	1.9949370387755146e-14	8.194540367471431e-16	2.5914687801323932e-17	6.189344811887024e-19	1.0911362944117732e-20	1.3733767530436444e-22	2.546151569063977e-38
0.021776778077874145	0.021776778077874117	0.02177677807787408	0.021776778077874023	0.02177677807787394	0.021776778077873815	0.02177677807787363	0.021776778077873354	0.02177677807787293	0.02177677807787227	0.02177677807787125	0.021776778077869645	0.021776778077867105	0.021776778077863095	0.021776778077856742	0.02177677807784669	0.021776778077830794	0.021776778077805613	0.021776778077765648	0.021776778077702126	0.02177677807760113	0.021776778077440603	0.02177677807718536	0.021776778076779232	0.021776778076132965	0.02177677807510473	0.021776778073468433	0.021776778070864544	0.021776778066721635	0.021776778060130314	0.021776778049646187	0.02177677803297315	0.021776778006465696	0.021776777964335317	0.021776777897398267	0.02177677779109005	0.02177677762232631	0.021776777354543128	0.02177677692986462	0.021776776256747555	0.02177677519051016	0.02177677350267849	0.021776770832782635	0.021776766612645684	0.021776759947616024	0.021776749430514664	0.021776732850590615	0.021776706738933352	0.02177666565958439	0.021776601105983565	0.021776499786120652	0.021776340962864345	0.02177609233719664	0.02177570368960722	0.0217750970807308	0.02177415178479963	0.021772681181839868	0.021770397408331803	0.02176685742758253	0.021761380986389994	0.021752926171703102	0.02173990123900797	0.02171988099960093	0.02168918081704431	0.021642219045968032	0.021570566615914673	0.021461536602604685	0.021296102781272114	0.021045852254602294	0.020668584191042543	0.02010212979624256	0.019256263319913727	0.01800425643357326	0.016182425339577235	0.013628372864277925	0.010333783155272721	0.0067362736238820616	0.003703712558570364	0.0017767954171492126	0.0007915417426183979	0.0003472468542830502	0.00015271215110406223	0.00006160712384449092	0.000020499004245748706	5.98187491152428e-6	1.708425716765019e-6	4.4531507689389346e-7	9.237196565013316e-8	1.7689074931941106e-8	3.0317893961698983e-9	4.069312322317936e-10	5.096870821831429e-11	4.837858150136869e-12	4.0754066995734506e-13	2.2834011722682877e-14	9.377543626881361e-16	2.963715734761706e-17	7.073524655388742e-19	1.2460817733139456e-20	1.5671498182147402e-22	2.903298076992451e-38
0.022137919158778035	0.02213791915877801	0.02213791915877797	0.022137919158777913	0.022137919158777827	0.022137919158777705	0.02213791915877752	0.022137919158777244	0.022137919158776814	0.022137919158776154	0.022137919158775127	0.02213791915877351	0.02213791915877096	0.022137919158766922	0.022137919158760535	0.022137919158750425	0.02213791915873444	0.02213791915870911	0.022137919158668914	0.02213791915860502	0.02213791915850344	0.02213791915834198	0.02213791915808526	0.022137919157676766	0.022137919157026745	0.02213791915599253	0.0221379191543467	0.02213791915172763	0.022137919147560536	0.022137919140930686	0.022137919130385174	0.022137919113614367	0.022137919086951185	0.022137919044572834	0.022137918977240982	0.022137918870304318	0.022137918700540493	0.022137918431166217	0.02213791800395714	0.022137917326816678	0.02213791625418473	0.022137914556193947	0.022137911870165023	0.02213790762441983	0.022137900918761708	0.02213789033723522	0.022137873655207932	0.022137847381828897	0.022137806046487525	0.022137741087938177	0.022137639127941432	0.02213747929351562	0.022137229071811527	0.02213683790706347	0.02213622733166034	0.022135275790836205	0.02213379536503704	0.02213149615573292	0.02212793194331464	0.022122417502242232	0.022113903161394853	0.02210078508735406	0.02208061927912818	0.022049691865478505	0.02200237583327067	0.021930171809640256	0.02182028408541004	0.021653518340535936	0.021401202264380217	0.021020735052609617	0.020449331272555125	0.019595812840719387	0.01833197265567384	0.016491806046701724	0.013909257567064657	0.010570806499900078	0.00691116500261503	0.003809919751369422	0.0018305074585342807	0.0008161073159732357	0.00035843355057919743	0.00015811987411578775	0.00006416938169852662	0.000021461159104536837	6.277543422292415e-6	1.8004189575227413e-6	4.739976297411455e-7	9.89763687831399e-8	1.9061072583910084e-8	3.3148805562260952e-9	4.4835902801047854e-10	5.703901490667784e-11	5.485748766943973e-12	4.711929532102323e-13	2.6714762337458102e-14	1.0968963014264475e-15	3.464067046564317e-17	8.260917094754336e-19	1.4539603699303467e-20	1.8268488042821436e-22	3.381500451566078e-38
0.022576718148947243	0.022576718148947215	0.02257671814894718	0.022576718148947118	0.022576718148947034	0.022576718148946913	0.022576718148946726	0.02257671814894644	0.022576718148946014	0.022576718148945348	0.022576718148944314	0.022576718148942687	0.02257671814894012	0.022576718148936054	0.022576718148929618	0.02257671814891944	0.02257671814890334	0.02257671814887784	0.02257671814883736	0.022576718148773024	0.022576718148670738	0.02257671814850816	0.022576718148249648	0.022576718147838317	0.022576718147183764	0.022576718146142333	0.022576718144485017	0.022576718141847647	0.022576718137651386	0.02257671813097508	0.022576718120355572	0.022576718103466887	0.02257671807661597	0.022576718033938657	0.022576717966130824	0.022576717858436502	0.022576717687466927	0.022576717416174372	0.022576716985914333	0.022576716303923047	0.02257671522358141	0.022576713513342016	0.02257671080786164	0.022576706531240522	0.02257669977659596	0.022576689117389963	0.022576672312251658	0.02257664584387347	0.022576604199859046	0.022576538753017867	0.022576436021124434	0.022576274967367024	0.022576022821016364	0.022575628620769873	0.022575013261908104	0.022574054189784257	0.022572561917310014	0.02257024409123974	0.022566650652395746	0.022561090376736734	0.022552504233422536	0.02253927380339156	0.022518932386351213	0.022487730832862745	0.022439987378816088	0.022367117800393785	0.02225619507758129	0.022087821964721175	0.021833012948187628	0.021448684252443333	0.020871305749993976	0.02000854911031886	0.01873042093107722	0.01686811265343056	0.014251147115784032	0.01085969306542057	0.007124817636855436	0.003940021254088949	0.0018964186567325908	0.0008462694337557336	0.0003721726687392383	0.000164770855323125	0.00006733576493452725	0.000022657593985733243	6.646064704159653e-6	1.915267861731041e-6	5.101178363264382e-7	1.0736713116321872e-7	2.0808567153002693e-8	3.68045449497417e-9	5.023490798998761e-10	6.503480251663759e-11	6.353875413558088e-12	5.577059512376606e-13	3.2094107739126366e-14	1.3174920432060643e-15	4.1568805065376406e-17	9.903081868529607e-19	1.7410847754276422e-20	2.1850499597681733e-22	4.040251545605268e-38
0.023099495280234823	0.02309949528023479	0.023099495280234753	0.023099495280234694	0.02309949528023461	0.023099495280234486	0.0230994952802343	0.023099495280234014	0.023099495280233584	0.02309949528023291	0.023099495280231867	0.023099495280230226	0.023099495280227637	0.02309949528022354	0.023099495280217052	0.023099495280206793	0.023099495280190563	0.02309949528016485	0.023099495280124047	0.023099495280059185	0.023099495279956063	0.023099495279792156	0.023099495279531538	0.02309949527911685	0.023099495278456943	0.023099495277406998	0.02309949527573611	0.02309949527307712	0.023099495268846425	0.02309949526211525	0.023099495251408336	0.023099495234380426	0.02309949520730777	0.023099495164277346	0.023099495095907314	0.023099494987318083	0.023099494814924345	0.023099494541366	0.023099494107502262	0.023099493419781278	0.02309949233033303	0.023099490605625557	0.0230994878771688	0.023099483564076095	0.02309947675156646	0.023099466000600446	0.023099449050033177	0.023099422351301784	0.023099380342643885	0.023099314318959074	0.023099210675165	0.02309904818088289	0.02309879376068479	0.02309839597408709	0.02309777496353438	0.02309680699282306	0.023095300722422885	0.023092960898060316	0.023089332922622746	0.023083718482074016	0.02307504748197677	0.023061684261107097	0.023041135283379418	0.023009609688672498	0.022961360972487806	0.022887704567910307	0.022775558151574365	0.022605284444228907	0.022347527405223368	0.021958631810715765	0.02137418628555171	0.020500501142291645	0.01920546856073555	0.01731696058714322	0.014659262690641802	0.01120504376266303	0.00738087974343015	0.0040964202540417355	0.0019758069444139547	0.000882621953715099	0.00038873651384967726	0.00017280149915838594	0.00007117884769724695	0.000024119749510316313	7.097609038857452e-6	2.0562335551738583e-6	5.548660264629005e-7	1.1786486460887739e-7	2.3000682693792762e-8	4.14580642811221e-9	5.717853030602844e-10	7.542979113449835e-11	7.5041524477012e-12	6.73975264477378e-13	3.9486407546073595e-14	1.6206651789060787e-15	5.1078937130971136e-17	1.2154260058362115e-18	2.1341259099342104e-20	2.6746297707101205e-22	4.93935425622343e-38
0.02371817219542358	0.02371817219542355	0.02371817219542351	0.023718172195423454	0.023718172195423368	0.023718172195423243	0.023718172195423052	0.023718172195422767	0.023718172195422327	0.02371817219542165	0.0237181721954206	0.023718172195418944	0.023718172195416328	0.02371817219541219	0.023718172195405642	0.023718172195395286	0.0237181721953789	0.023718172195352945	0.023718172195311756	0.02371817219524628	0.023718172195142186	0.023718172194976725	0.023718172194713633	0.023718172194295006	0.023718172193628838	0.02371817219256891	0.02371817219088213	0.02371817218819781	0.023718172183926776	0.023718172177131333	0.023718172166322028	0.02371817214913103	0.023718172121798626	0.023718172078354555	0.02371817200932594	0.023718171899688376	0.02371817172562629	0.023718171449413634	0.023718171011328244	0.023718170316894972	0.02371816921677829	0.023718167475121173	0.023718164719746786	0.02371816036392571	0.023718153483623036	0.023718142625151775	0.023718125504197968	0.023718098535576125	0.023718056099678714	0.023717989400110773	0.023717884687821753	0.023717720505595348	0.023717463420918506	0.023717061431716528	0.02371643379808236	0.02371545539891029	0.0237139327232998	0.023711567116276117	0.023707898660811823	0.023702220730503456	0.02369345025880417	0.023679931366193195	0.023659139045653338	0.02362723351682424	0.023578392335903833	0.02350381322029845	0.023390231630756472	0.023217728616694185	0.022956513267589303	0.02256225956511726	0.021969521501716657	0.021083010821068313	0.01976813647938886	0.017848871494893958	0.015143345732778823	0.011615378853704764	0.0076860296677658075	0.004283465425072103	0.002070970377163476	0.0009262307717659695	0.00040861330433381124	0.0001824551487376097	0.00007582632665997349	0.000025902278200591304	7.649801542315848e-6	2.2289492829342653e-6	6.102746989073155e-7	1.3101519211012569e-7	2.5754849607794516e-8	4.740137118696314e-9	6.61560582133101e-10	8.902449764346135e-11	9.042459796022528e-12	8.317783041555544e-13	4.978918333776e-14	2.0433124942565112e-15	6.431810723305828e-17	1.5283268415790568e-18	2.6795080608997772e-20	3.3527368437876133e-22	6.182636099770117e-38
0.024445333170412538	0.024445333170412514	0.02444533317041247	0.024445333170412413	0.024445333170412326	0.0244453331704122	0.024445333170412004	0.024445333170411716	0.02444533317041127	0.02444533317041059	0.024445333170409523	0.024445333170407854	0.02444533317040521	0.024445333170401026	0.024445333170394407	0.024445333170383932	0.024445333170367373	0.024445333170341133	0.024445333170299496	0.024445333170233306	0.02444533317012808	0.024445333169960812	0.02444533316969485	0.02444533316927166	0.02444533316859821	0.024445333167526697	0.024445333165821446	0.02444533316310772	0.024445333158789825	0.024445333151919737	0.024445333140991517	0.024445333123611086	0.024445333095976986	0.024445333052052473	0.024445332982258927	0.02444533287140371	0.02444533269540382	0.02444533241610812	0.024445331973119107	0.024445331270889162	0.02444533015838036	0.024445328397034796	0.0244453256103928	0.024445321204937455	0.024445314245883337	0.02444530326252663	0.024445285943635816	0.024445258661476357	0.02444521572923263	0.02444514824443401	0.024445042290745855	0.024444876147365933	0.024444615966827822	0.024444209094421774	0.024443573764786543	0.024442583247207415	0.02444104150693005	0.024438645935945653	0.024434930432774848	0.024429178706962762	0.024420292609021524	0.024406592748750157	0.024385517519285062	0.024353170240311695	0.024303640129839744	0.024227987949731505	0.024112737128924103	0.023937640899312673	0.023672402141959998	0.0232719138506917	0.022669525182696378	0.021768085976520885	0.020430112398694685	0.018475034489227465	0.015713804968986167	0.012099879824717455	0.00804756573609612	0.0045059873032288625	0.0021844886553173772	0.000978296403071079	0.0004323533734048073	0.00019400756723451042	0.00008142570331620543	0.000028070030055008436	8.323780177207426e-6	2.4401913540264805e-6	6.788430526586208e-7	1.475101179014561e-7	2.9220715729065526e-8	5.501593772327386e-9	7.78255902059285e-10	1.0690484756535085e-10	1.111870933441296e-11	1.0479467349971366e-12	6.435029999293328e-14	2.6409509461077862e-15	8.3008186740875e-17	1.9692582130264152e-18	3.4465398896518824e-20	4.30442785777078e-22	7.92419392991738e-38
0.025294346453311155	0.025294346453311127	0.025294346453311085	0.025294346453311026	0.025294346453310936	0.025294346453310804	0.025294346453310614	0.02529434645331032	0.02529434645330987	0.025294346453309177	0.0252943464533081	0.025294346453306405	0.02529434645330373	0.0252943464532995	0.025294346453292794	0.025294346453282195	0.025294346453265427	0.02529434645323887	0.025294346453196708	0.0252943464531297	0.025294346453023156	0.02529434645285382	0.025294346452584555	0.025294346452156096	0.025294346451474263	0.0252943464503894	0.025294346448662894	0.025294346445915283	0.025294346441543426	0.025294346434587354	0.02529434642352216	0.025294346405923557	0.025294346377941968	0.02529434633346407	0.025294346262789456	0.02529434615053171	0.02529434597229976	0.02529434568945284	0.025294345240815485	0.025294344529604624	0.025294343402821263	0.025294341618796068	0.025294338796135463	0.025294334333502963	0.025294327283727696	0.025294316156500418	0.02529429860957639	0.025294270966196228	0.025294227462104326	0.025294159072600138	0.02529405168858044	0.025293883285486547	0.02529361953763348	0.025293207038129584	0.025292562839668825	0.02529155835616209	0.025289994643419075	0.025287564536090275	0.025283794802167484	0.02527795800766247	0.02526893860918087	0.025255030100396682	0.025233628656410823	0.02520077195342151	0.025150447280797218	0.025073557348811597	0.024956380848825545	0.024778292555583243	0.024508410820886412	0.02410072661422095	0.023487197216677448	0.02256852103590405	0.021203870968178114	0.01920742547620548	0.01638183433006305	0.012668504694181975	0.008473514941406551	0.004769387077868239	0.002319277785072882	0.001040180557071666	0.0004605813283340776	0.00020777319010191052	0.000088148192856981	0.00003070033218693087	9.145034280448908e-6	2.698148648291555e-6	7.636509998230086e-7	1.6823026799704019e-7	3.358959473228486e-8	6.480028044317348e-9	9.307495761619507e-10	1.3054432583568988e-10	1.3945785115985189e-11	1.3465421305157375e-12	8.520383981221084e-14	3.497595909792892e-15	1.0974830736150004e-16	2.5987988616140704e-18	4.539216123533597e-20	5.656896838214335e-22	1.0393756622470045e-37
0.026279488193112797	0.026279488193112766	0.026279488193112724	0.026279488193112665	0.026279488193112575	0.026279488193112443	0.026279488193112245	0.026279488193111947	0.026279488193111492	0.02627948819311079	0.0262794881931097	0.02627948819310798	0.026279488193105268	0.026279488193100976	0.02627948819309418	0.02627948819308343	0.02627948819306643	0.026279488193039494	0.026279488192996747	0.026279488192928798	0.026279488192820766	0.02627948819264905	0.026279488192376008	0.02627948819194154	0.02627948819125013	0.02627948819015001	0.02627948818839921	0.02627948818561289	0.026279488181179367	0.026279488174125048	0.026279488162903358	0.026279488145055447	0.026279488116676793	0.026279488071566565	0.02627948799988516	0.026279487886024765	0.026279487705242237	0.026279487418337244	0.026279486963245304	0.026279486241771458	0.026279485098675472	0.02627948328873207	0.026279480424908654	0.02627947589693149	0.026279468743473425	0.02627945745181597	0.026279439644264595	0.026279411588019528	0.02627936743029954	0.026279298006670174	0.026279188987642598	0.026279018001364538	0.026278750175355997	0.026278331242623326	0.026277676904236578	0.02627665645220689	0.026275067614678634	0.02627259801335592	0.02626876625907902	0.02626283216849989	0.02625366029535234	0.026239513101681617	0.026217738441323808	0.02618429884525115	0.026133064900099316	0.026054758321232673	0.025935377478017965	0.025753863564417227	0.025478665104667383	0.02506273915383431	0.024436447193332503	0.02349802037351234	0.02210279669221742	0.0200589293406144	0.017159533893925723	0.013332106724140142	0.008972746185542484	0.00507973150929898	0.002478649874991799	0.001113435438383082	0.0004940094245000168	0.000224111974136833	0.00009619304560143739	0.00003388561774600608	0.000010144396640412006	3.0127404291613445e-6	8.684942800893549e-7	1.9429773647048025e-7	3.910639694677385e-8	7.74049016388793e-9	1.1310356339981165e-9	1.619401377418715e-10	1.782638730842541e-11	1.761927323201562e-12	1.1542889694720568e-13	4.740922933549746e-15	1.4847745330465973e-16	3.508470305481714e-18	6.114118414208163e-20	7.600955630437267e-22	1.393480548796089e-37
0.02741988702039188	0.02741988702039185	0.027419887020391807	0.02741988702039174	0.02741988702039165	0.027419887020391515	0.027419887020391314	0.02741988702039102	0.027419887020390554	0.02741988702038984	0.027419887020388726	0.027419887020386984	0.02741988702038423	0.027419887020379865	0.02741988702037297	0.02741988702036205	0.02741988702034478	0.02741988702031742	0.027419887020274	0.02741988702020499	0.02741988702009526	0.027419887019920843	0.027419887019643503	0.027419887019202196	0.027419887018499893	0.027419887017382433	0.027419887015603998	0.02741988701277366	0.027419887008270017	0.02741988700110397	0.0274198869897043	0.027419886971572882	0.027419886942742673	0.027419886896913333	0.027419886824086963	0.027419886708403913	0.027419886524720636	0.027419886233200387	0.027419885770767517	0.027419885037621133	0.027419883875971735	0.0274198820365492	0.027419879125906512	0.0274198745236033	0.02741986725220834	0.027419855773509506	0.02741983766948149	0.027419809143565104	0.027419764242254858	0.027419693642118576	0.027419582762884216	0.027419408837478364	0.02741913637112249	0.027418710117878702	0.027418044240306843	0.02741700561490611	0.027415388181317543	0.027412873625726742	0.02740897127004652	0.02740292641075719	0.02739358093109417	0.02737916194087304	0.027356962235500475	0.027322858707793312	0.027270588919246257	0.02719066823070485	0.027068775336859006	0.026883356856507397	0.02660209704695206	0.026176772934823817	0.025535924137375435	0.024574964225421474	0.02314485066748928	0.02104685223887272	0.018063180584115657	0.014105326118443968	0.009557284432779128	0.005445308677385463	0.002667157309518531	0.0012001988875241115	0.0005336184687101937	0.0002435200123696507	0.0001058367751884532	0.00003775625878932939	0.000011365737108423255	3.398077566733938e-6	9.988185258495415e-7	2.273645730816596e-7	4.613305965675572e-8	9.380171672902632e-9	1.3976093968146417e-9	2.0417175610029426e-10	2.3247813565162495e-11	2.3495048116807588e-12	1.6027579918944014e-13	6.589754655161911e-15	2.0592829648845053e-16	4.8542196124148665e-18	8.437152469449909e-20	1.04594614321783e-21	1.912659279067353e-37
0.028733950098032143	0.028733950098032115	0.028733950098032073	0.02873395009803201	0.028733950098031914	0.02873395009803178	0.028733950098031577	0.028733950098031272	0.0287339500980308	0.02873395009803008	0.02873395009802894	0.028733950098027167	0.028733950098024364	0.028733950098019923	0.028733950098012905	0.028733950098001795	0.02873395009798422	0.028733950097956387	0.02873395009791221	0.02873395009784199	0.028733950097730346	0.028733950097552877	0.028733950097270686	0.028733950096821653	0.02873395009610705	0.028733950094969995	0.028733950093160352	0.028733950090280288	0.02873395008569743	0.02873395007840518	0.028733950066804462	0.028733950048352785	0.028733950019012466	0.028733949972370776	0.028733949898250958	0.02873394978050887	0.028733949593548608	0.02873394929681439	0.028733948826088106	0.028733948079754414	0.028733946897143425	0.028733945024414665	0.028733942060873013	0.028733937374589805	0.028733929969935363	0.02873391827988721	0.02873389984084001	0.028733870784172832	0.02873382504253383	0.028733753112768178	0.02873364013111279	0.028733462883694504	0.028733185172167053	0.028732750643706974	0.028732071721127087	0.028731012549185645	0.028729362782566114	0.028726797393311784	0.028722815194481714	0.028716645053044658	0.028707103196615166	0.028692376720873804	0.028669696090480278	0.02863484122872713	0.028581399036836867	0.02849965110758169	0.02837491389743989	0.028185073438481825	0.027896947447327482	0.0274609745778036	0.026803627429355967	0.02581712183039294	0.024347442272780163	0.02218803970927751	0.019108730910795964	0.015002692986837266	0.010239308542552252	0.00587472288489645	0.0028896080500731176	0.0013027413488147727	0.0005804503130559258	0.0002665266480740809	0.00011738085682733004	0.000042459876215254136	0.00001285963684435206	3.870444558148671e-6	1.1610329019254383e-6	2.694676636289439e-7	5.511906230314704e-8	1.1522088930291798e-8	1.755070610674651e-9	2.613368791275165e-10	3.089969528582161e-11	3.187876197584695e-12	2.2777475027905154e-13	9.381506327882098e-15	2.9244472439757435e-16	6.874639424043147e-18	1.191329224078192e-19	1.472170738616286e-21	2.6843037176401703e-37
0.030236894344902412	0.03023689434490238	0.03023689434490234	0.030236894344902277	0.030236894344902183	0.030236894344902045	0.03023689434490184	0.030236894344901528	0.030236894344901042	0.030236894344900307	0.03023689434489915	0.030236894344897344	0.03023689434489448	0.030236894344889957	0.030236894344882807	0.030236894344871486	0.030236894344853573	0.030236894344825203	0.030236894344780173	0.030236894344708602	0.03023689434459481	0.03023689434441393	0.030236894344126304	0.03023689434366863	0.030236894342940242	0.03023689434178125	0.030236894339936662	0.03023689433700092	0.03023689433232936	0.0302368943248958	0.030236894313069956	0.030236894294259662	0.030236894264348165	0.030236894216796813	0.030236894141228616	0.030236894021180814	0.030236893830550882	0.030236893527977808	0.030236893047963988	0.030236892286861935	0.03023689108077565	0.03023688917074561	0.03023688614795817	0.030236881367616115	0.030236873813704105	0.03023686188692509	0.03023684307261048	0.03023681342140417	0.030236766738397543	0.030236693319056072	0.030236577981941327	0.030236397012464836	0.030236113423745797	0.030235669622286323	0.030234976080674394	0.03023389388109862	0.0302322078737804	0.030229585501620176	0.030225513791525153	0.030219203181176442	0.03020944111493295	0.030194369788005396	0.03017114970864394	0.030135451943482137	0.030080694224020595	0.029996895586881598	0.029868965526859362	0.029674160084203857	0.02937832283217485	0.028930387340693454	0.02825450089560431	0.02723928077790947	0.025725113490815188	0.023496646922280852	0.020309726360098503	0.01603674830557083	0.011029619747281689	0.006375859344578993	0.0031505096590639264	0.0014232071752432198	0.0006354889235720558	0.0002936341724031142	0.0001311186317674553	0.00004814682707497674	0.00001467880003144961	4.446815987584468e-6	1.361951847149575e-6	3.228931065498129e-7	6.657351449952287e-8	1.4307940428976953e-8	2.233435549445732e-9	3.3842778587671937e-10	4.167983208642932e-11	4.379564413463819e-12	3.2927707821674744e-13	1.3598551837143747e-14	4.22755982096505e-16	9.907906719933755e-18	1.7113649012556467e-19	2.1073954369915384e-21	3.830374686330881e-37
0.031963278648622535	0.0319632786486225	0.03196327864862245	0.03196327864862238	0.03196327864862229	0.03196327864862215	0.03196327864862194	0.03196327864862162	0.03196327864862113	0.03196327864862037	0.0319632786486192	0.031963278648617345	0.03196327864861443	0.03196327864860981	0.0319632786486025	0.03196327864859094	0.03196327864857265	0.03196327864854368	0.0319632786484977	0.031963278648424624	0.031963278648308426	0.03196327864812372	0.03196327864783001	0.03196327864736264	0.03196327864661883	0.03196327864543526	0.03196327864355153	0.03196327864055343	0.031963278635782515	0.03196327862819067	0.03196327861611266	0.03196327859690066	0.031963278566349354	0.03196327851777904	0.03196327844058838	0.03196327831795769	0.031963278123216914	0.03196327781410287	0.031963277323684425	0.03196327654603728	0.03196327531365071	0.031963273361829345	0.03196327027266232	0.031963265386931915	0.03196325766577743	0.03196324547373107	0.03196322623889312	0.031963195921414396	0.03196314818340236	0.031963073094569555	0.03196295511732341	0.03196276997565825	0.03196247979847525	0.03196202560090216	0.03196131566815317	0.03196020764699275	0.031958480997486334	0.031955794714242924	0.03195162259694638	0.03194515439688208	0.03193514524345023	0.03191968691109709	0.031895861332187546	0.03185921727238904	0.03180298234646182	0.031716880433676826	0.03158536338229297	0.031384978523279566	0.031080473142929603	0.030619086320742384	0.029922346310044284	0.028874815671948096	0.027310571060497356	0.025004334347047137	0.021696178523395823	0.017234863994987606	0.011951264258130577	0.006965170887875218	0.003459156939181305	0.0015660038926244852	0.0007007547795017868	0.0003258679769582717	0.0001476383193033574	0.000055113689051038564	0.000016926968848176277	5.160529578605319e-6	1.6148084882775325e-6	3.9208532267110975e-7	8.148865790084173e-8	1.8011901292958337e-8	2.891872034289274e-9	4.4524425416017266e-10	5.739411630051839e-11	6.130806552519134e-12	4.886116146825606e-13	2.026457103601977e-14	6.280397664198466e-16	1.46676624229108e-17	2.5239437889195925e-19	3.0954510982540037e-21	5.6056677621353865e-37
0.03392808361912384	0.033928083619123806	0.03392808361912376	0.03392808361912369	0.03392808361912359	0.033928083619123445	0.03392808361912323	0.033928083619122903	0.033928083619122404	0.03392808361912163	0.033928083619120426	0.03392808361911854	0.03392808361911555	0.03392808361911083	0.03392808361910334	0.033928083619091526	0.03392808361907281	0.033928083619043176	0.033928083618996144	0.033928083618921384	0.03392808361880252	0.03392808361861357	0.033928083618313114	0.03392808361783501	0.033928083617074084	0.03392808361586326	0.03392808361393613	0.03392808361086887	0.03392808360598778	0.0339280835982204	0.03392808358586275	0.03392808356620529	0.03392808353494443	0.03392808348524408	0.03392808340625409	0.03392808328075888	0.03392808308145891	0.03392808276509032	0.033928082263131966	0.03392808146713389	0.033928080205575646	0.033928078207398786	0.033928075044600096	0.033928070041963104	0.033928062135280074	0.033928049648949285	0.033928029947565184	0.0339279988908572	0.033927949982249815	0.0339278730408956	0.03392775213387699	0.033927562361965334	0.033927264872399145	0.033926799135421765	0.03392607100724149	0.03392493431918544	0.033923162544054086	0.033920405290785174	0.03391612166166096	0.0339094784179648	0.03389919476820142	0.03388330642708258	0.033858807941920775	0.03382111202982672	0.03376323475669958	0.03367457146675487	0.03353906443443958	0.0333324715737675	0.033018318554325424	0.03254195545684072	0.03182198961764483	0.030738459647604154	0.029118399612941347	0.026725448772411863	0.023282049728385684	0.018610347765386295	0.013016250326171503	0.0076519621480994025	0.003821111514030085	0.001733817658478392	0.0007774785924378846	0.0003638583030121519	0.00016732153888698756	0.00006357295056279904	0.000019682353141277714	6.036724375787552e-6	1.9299283768121614e-6	4.808951642375794e-7	1.0074237780129562e-7	2.288181248166788e-8	3.789752327503512e-9	5.91583483918596e-10	8.004182366884968e-11	8.671434880697823e-12	7.356151909115823e-13	3.0694285006558455e-14	9.480986305313022e-16	2.2058417468615264e-17	3.7801166347683663e-19	4.615656421897116e-21	8.325349863009272e-37
0.036167785467934845	0.03616778546793481	0.036167785467934754	0.036167785467934685	0.03616778546793459	0.03616778546793444	0.03616778546793422	0.03616778546793388	0.03616778546793337	0.036167785467932576	0.03616778546793134	0.036167785467929404	0.036167785467926344	0.0361677854679215	0.03616778546791384	0.036167785467901725	0.036167785467882546	0.036167785467852175	0.03616778546780398	0.036167785467727365	0.036167785467605545	0.036167785467411895	0.036167785467103974	0.03616778546661397	0.03616778546583411	0.036167785464593115	0.03616778546261794	0.03616778545947412	0.03616778545447107	0.03616778544650938	0.03616778543384216	0.03616778541369155	0.036167785381645175	0.03616778533069381	0.03616778524971179	0.03616778512104524	0.03616778491669759	0.03616778459229704	0.03616778407756172	0.03616778326124495	0.036167781967385855	0.03616777991787925	0.036167776673544524	0.03616777154144551	0.03616776342929918	0.036167750617047155	0.036167730398933035	0.03616769852343219	0.03616764831815409	0.03616756932461455	0.036167445171806645	0.03616725026978725	0.03616694467769586	0.03616646615316921	0.03616571785932827	0.036164549396606335	0.03616272759750173	0.03615989165970535	0.03615548437891473	0.03614864700385731	0.03613805887144516	0.03612169345528954	0.03609644825541267	0.03605758485184744	0.035997884222575625	0.03590637649089619	0.035766437236497445	0.035552946100337685	0.0352280690237428	0.03473505253560003	0.03398924973326086	0.032865656697829905	0.03118345445996807	0.02869391952836071	0.025099803531913586	0.020193293021755123	0.014250643297468295	0.008455601743481924	0.0042476805751403305	0.001932073699755609	0.0008681443085918721	0.0004088680160248997	0.00019091244878787476	0.00007392592733847983	0.0000230915986547054	7.12245567095151e-6	2.3263354680124323e-6	5.963554084634757e-7	1.2594405123519257e-7	2.9366831388226583e-8	5.0362891090807845e-9	7.954215129479613e-10	1.1335388753618449e-10	1.243268313774763e-11	1.1283603914048465e-12	4.749627994878436e-14	1.4616847843584311e-15	3.386350855882213e-17	5.776562998394463e-19	7.018780876173564e-21	1.2603661602756689e-36
0.038716638156924076	0.03871663815692404	0.038716638156923985	0.038716638156923916	0.03871663815692382	0.038716638156923666	0.03871663815692344	0.03871663815692309	0.03871663815692256	0.038716638156921744	0.03871663815692048	0.0387166381569185	0.03871663815691535	0.038716638156910385	0.038716638156902516	0.03871663815689007	0.038716638156870375	0.0387166381568392	0.03871663815678971	0.03871663815671105	0.038716638156585985	0.03871663815638716	0.038716638156070994	0.03871663815556789	0.03871663815476715	0.038716638153492904	0.03871663815146477	0.03871663814823655	0.03871663814309908	0.038716638134923195	0.03871663812191473	0.03871663810122051	0.038716638068308246	0.03871663801597781	0.038716637932799815	0.038716637800637145	0.03871663759072479	0.0387166372574693	0.03871663672864742	0.03871663588992861	0.03871663456045551	0.03871663245435191	0.03871662912011048	0.038716623845251916	0.03871661550652696	0.03871660233483934	0.03871658154682607	0.03871654876822396	0.038716497132660614	0.038716415875296874	0.038716288141668935	0.038716087579501235	0.03871577304685891	0.03871528041069283	0.03871450986055489	0.03871330632457316	0.038711429300840275	0.03870850648527724	0.03870396265513414	0.03869691086171266	0.038685986363252656	0.03866909380586231	0.03864302334039838	0.038602869311515416	0.03854115247644827	0.0384464985358234	0.038301655284345974	0.038080528971035824	0.037743777817471784	0.03723231466285775	0.036457880457300716	0.03528987136838208	0.03353874357928276	0.03094203279588605	0.027180577502508695	0.022012958604393944	0.01568037894366747	0.009395995402314748	0.004750798793160393	0.002166554377592873	0.0009753963965887404	0.0004622419605293374	0.00021921793747647735	0.00008662903985959295	0.000027327121422218086	8.472988907699457e-6	2.8265595597525504e-6	7.473359228057712e-7	1.591647431829068e-7	3.804492573236806e-8	6.783161315343688e-9	1.0816674643944927e-9	1.6284181274031464e-10	1.806095233112847e-11	1.7612003533294729e-12	7.506720936302979e-14	2.3008468577794122e-15	5.305344965425047e-17	9.003904855504372e-19	1.0880373987549796e-20	1.9441264177533745e-36
0.04160934257932378	0.041609342579323735	0.04160934257932369	0.04160934257932362	0.04160934257932351	0.041609342579323354	0.04160934257932312	0.04160934257932276	0.041609342579322216	0.04160934257932138	0.04160934257932008	0.04160934257931803	0.041609342579314805	0.041609342579309684	0.04160934257930159	0.0416093425792888	0.04160934257926854	0.04160934257923648	0.041609342579185575	0.041609342579104674	0.041609342578976034	0.041609342578771524	0.04160934257844633	0.04160934257792885	0.04160934257710521	0.04160934257579449	0.04160934257370826	0.04160934257038748	0.041609342565102535	0.0416093425566917	0.04160934254330891	0.04160934252201837	0.041609342488156224	0.041609342434312906	0.04160934234872585	0.04160934221272771	0.041609341996710326	0.04160934165373983	0.04160934110946269	0.041609340246164334	0.04160933887761394	0.041609336709407044	0.04160933327650739	0.04160932784498534	0.04160931925760096	0.041609305691426506	0.04160928427789932	0.04160925050799652	0.041609197302344574	0.04160911355967646	0.0416089818945528	0.04160877511733153	0.04160845076660576	0.041607942631955615	0.0416071476352293	0.0416059055691823	0.04160396786905274	0.041600949584014786	0.04159625567466687	0.04158896817320551	0.04157767383525108	0.041560201549329066	0.041533223270722244	0.04149164914748702	0.04142771321562018	0.041329595384856026	0.041179351140736946	0.040949812778634555	0.0405999741833905	0.040068170695752386	0.03926215154489485	0.03804512125714009	0.03621788484856727	0.03350277207421256	0.02955634182230471	0.024099645861200458	0.017332733943032533	0.010494586086085163	0.0053436098826425285	0.0024436836925030916	0.0011021691063640806	0.0005254697448306592	0.000253141270268443	0.00010221266680534166	0.00003259565982482161	0.000010154528646973568	3.4576347397915426e-6	9.450642376358242e-7	2.030863423890543e-7	4.96596305064426e-8	9.239647664342395e-9	1.4847110272216058e-9	2.3651038191013e-10	2.6516309502803743e-11	2.7838935803014924e-12	1.207174427978892e-13	3.6840471503107206e-15	8.450961746855335e-17	1.4262447437499597e-18	1.713181700080923e-20	3.044569587213798e-36
0.044890413925363255	0.04489041392536322	0.04489041392536317	0.04489041392536309	0.04489041392536298	0.04489041392536282	0.044890413925362575	0.04489041392536221	0.04489041392536165	0.044890413925360785	0.04489041392535944	0.044890413925357336	0.044890413925354006	0.04489041392534874	0.0448904139253404	0.044890413925327215	0.04489041392530634	0.044890413925273306	0.04489041392522086	0.0448904139251375	0.04489041392500495	0.044890413924794245	0.04489041392445918	0.044890413923925974	0.04489041392307729	0.044890413921726706	0.04489041391957695	0.044890413916154975	0.0448904139107088	0.044890413902041085	0.04489041388824901	0.04489041386630647	0.04489041383140572	0.044890413775908224	0.044890413687686974	0.04489041354749486	0.04489041332480161	0.04489041297120738	0.044890412410028745	0.04489041151984975	0.04489041010856202	0.04489040787243199	0.04489040433162336	0.044890398728739005	0.044890389869349116	0.044890375871623166	0.044890353773763846	0.044890318919265725	0.04489026399561978	0.0448901775332876	0.04489004156552415	0.04488982798582496	0.04488949288783386	0.044888967785846036	0.04488814602206449	0.04488686176257284	0.04488485760656898	0.044881734740603245	0.044876876398131205	0.04486933059266833	0.04485763087156355	0.04483952298968024	0.04481154915408751	0.044768417236922264	0.044702046282757375	0.044600126239719276	0.04444395132363626	0.04420517229202741	0.043840950956325835	0.04328678374498582	0.0424460207206735	0.04117503889832061	0.03926399581652388	0.03641843839124876	0.032268095227391026	0.026492219382659925	0.019242760303672862	0.011779140208980321	0.006043322886045171	0.0027719180837002194	0.0012523215135081419	0.0006005047518622718	0.0002938684659406423	0.0001213866797320073	0.00003918053739008531	0.000012257776818733638	4.256454859250567e-6	1.2054278956568768e-6	2.615907765217335e-7	6.527606967137882e-8	1.2722680693017937e-8	2.056877803352744e-9	3.469517880252091e-10	3.935444357777229e-11	4.450837185475743e-12	1.9756512893239777e-13	6.001539412069424e-15	1.3689488446367923e-16	2.2962341622911524e-18	2.7401582598698156e-20	4.840787537939943e-36
0.0486100798168213	0.04861007981682126	0.04861007981682121	0.048610079816821125	0.048610079816821014	0.04861007981682084	0.0486100798168206	0.048610079816820216	0.04861007981681964	0.04861007981681875	0.04861007981681736	0.04861007981681518	0.04861007981681175	0.04861007981680631	0.0486100798167977	0.0486100798167841	0.048610079816762554	0.048610079816728456	0.048610079816674326	0.0486100798165883	0.0486100798164515	0.048610079816234025	0.04861007981588819	0.04861007981533786	0.04861007981446189	0.04861007981306784	0.04861007981084889	0.04861007980731661	0.048610079801694725	0.048610079792747056	0.04861007977850895	0.048610079755855816	0.048610079719823146	0.04861007966252275	0.04861007957143048	0.04861007942666714	0.048610079196697326	0.04861007883152303	0.04861007825192075	0.048610077332439085	0.048610075874561114	0.04861007356438094	0.04861006990592319	0.04861006411619822	0.04861005496021537	0.04861004049189671	0.04861001764774075	0.048609981610345306	0.048609924812832606	0.048609835383802466	0.04860969472209819	0.04860947372044703	0.0486091268950613	0.048608583275913116	0.04860773229595792	0.04860640197527271	0.048604325259328195	0.04860108818556669	0.04859605023775931	0.048588222233382584	0.04857607952383895	0.04855727690674083	0.048528214578377186	0.048483378929263375	0.048414343954837166	0.04830826263433262	0.04814559445119305	0.04789669389347747	0.047516711615906995	0.04693802570558496	0.04605915101006244	0.044728955758362755	0.042725881546397254	0.03973700030879538	0.035362469756944265	0.02923511745094423	0.021450948183608508	0.013282338374540757	0.006870611191357092	0.003161510313453381	0.0014305269368024443	0.000689704547646915	0.00034283885138779033	0.00014503933905369977	0.000047448523059407016	0.000014900187590281722	5.2705916857140016e-6	1.5498827346250426e-6	3.400868420021051e-7	8.63587769797384e-8	1.769716839237253e-8	2.8757080667927532e-9	5.13408646627504e-10	5.90567478481246e-11	7.184827728666391e-12	3.2905042296666186e-13	9.947357652258381e-15	2.254997355588626e-16	3.7572157862281874e-18	4.451513284467409e-20	7.813079582357946e-36
0.05282504869939738	0.05282504869939735	0.05282504869939729	0.05282504869939721	0.052825048699397095	0.052825048699396915	0.052825048699396665	0.05282504869939627	0.05282504869939567	0.05282504869939475	0.052825048699393314	0.052825048699391065	0.05282504869938752	0.052825048699381885	0.052825048699372996	0.05282504869935893	0.05282504869933666	0.0528250486993014	0.05282504869924545	0.05282504869915652	0.05282504869901509	0.05282504869879027	0.05282504869843274	0.052825048697863815	0.0528250486969582	0.05282504869551694	0.05282504869322279	0.0528250486895707	0.05282504868375793	0.052825048674506124	0.05282504865978344	0.05282504863635833	0.05282504859909588	0.05282504853983671	0.05282504844562507	0.052825048295894975	0.0528250480580187	0.05282504768026147	0.052825047080639245	0.052825046129314567	0.05282504462080492	0.052825042230146994	0.0528250384438209	0.05282503245101355	0.0528250229726339	0.052825007992743575	0.05282498433724007	0.052824947013730306	0.05282488817865236	0.05282479552343252	0.0528246497566582	0.05282442068202752	0.05282406109891404	0.05282349733291885	0.05282261456064265	0.05282123410899879	0.052819078407821934	0.05281571698866609	0.0528104834513541	0.05280234806240897	0.052789722707317126	0.052770162954178496	0.052739914012521476	0.0526932204509944	0.052621279353741	0.05251065685330487	0.052340899669922177	0.05208094401906059	0.05168373873996179	0.05107824571964725	0.05015767920063248	0.04876267064796322	0.046658802913535184	0.04351286196092426	0.03889249856161742	0.03237912153124385	0.024004009915722206	0.015042587932270078	0.007850303772236047	0.003624902622034005	0.0016424503188207057	0.0007959148856759594	0.00040179675109455103	0.0001742793845830811	0.000057874905004500405	0.00001823418664870046	6.561350827870676e-6	2.0073265996380346e-6	4.461396710354659e-7	1.149231478405132e-7	2.4844065885341198e-8	4.056802757912712e-9	7.651393425860876e-10	8.961637546601057e-11	1.1684231792475888e-11	5.575523902546672e-13	1.677078785810034e-14	3.77623700514761e-16	6.24600440455265e-18	7.342402842984104e-20	1.2795737005055044e-35
0.05759936494398597	0.05759936494398594	0.05759936494398589	0.057599364943985806	0.057599364943985674	0.057599364943985494	0.05759936494398522	0.05759936494398482	0.057599364943984196	0.057599364943983246	0.05759936494398176	0.05759936494397942	0.05759936494397575	0.05759936494396994	0.05759936494396073	0.05759936494394616	0.0575993649439231	0.057599364943886594	0.05759936494382866	0.05759936494373657	0.05759936494359015	0.057599364943357365	0.05759936494298719	0.0575993649423981	0.057599364941460375	0.057599364939968	0.0575993649375924	0.05759936493381055	0.05759936492779105	0.05759936491820983	0.05759936490296232	0.057599364878701056	0.057599364840106596	0.057599364778725765	0.057599364681135246	0.057599364526025015	0.05759936427958396	0.05759936388819556	0.05759936326688466	0.05759936228106119	0.057599360717694316	0.05759935823983741	0.05759935431495562	0.05759934810207777	0.05759933827430768	0.05759932273997026	0.057599298205045814	0.05759925948738827	0.05759919844337245	0.05759910229024533	0.057598950987796896	0.057598713158140954	0.05759833973756794	0.057597754116375695	0.05759683685037882	0.057595401998588744	0.057593160569390706	0.057589664161778624	0.05758421824607924	0.05757574900573571	0.057562599308171765	0.05754221677014143	0.05751067792210974	0.05746196402911596	0.05738686158181728	0.05727129708530205	0.05709382183449189	0.05682182437839336	0.0564058492819739	0.0557711255347657	0.054805071310440136	0.053339305347254916	0.05112533241198325	0.04780771910446308	0.042918472563926564	0.035982215972724295	0.026955757896063404	0.017104946965925533	0.009012204489253226	0.004177206212103308	0.0018949650615972021	0.0009225711563854371	0.0004728531306682473	0.00021048671095216993	0.00007107594926416152	0.000022458002057362172	8.207695832938201e-6	2.6165323955133872e-6	5.90365737933747e-7	1.5374539497504089e-7	3.5157175256579205e-8	5.773520518348835e-9	1.1463345471285954e-9	1.3751249036821364e-10	1.909227968253537e-11	9.60486174641981e-13	2.8745594054534234e-14	6.425178114323358e-16	1.0543089154848192e-17	1.228837052951708e-19	2.1249918857166873e-35
0.06300536382285161	0.06300536382285157	0.0630053638228515	0.06300536382285142	0.0630053638228513	0.0630053638228511	0.06300536382285084	0.06300536382285041	0.06300536382284977	0.06300536382284876	0.06300536382284723	0.06300536382284481	0.06300536382284101	0.06300536382283496	0.06300536382282543	0.0630053638228103	0.0630053638227864	0.06300536382274854	0.06300536382268848	0.06300536382259299	0.06300536382244117	0.06300536382219978	0.06300536382181593	0.06300536382120507	0.0630053638202327	0.0630053638186851	0.06300536381622157	0.0630053638122996	0.06300536380605683	0.0630053637961199	0.0630053637803056	0.06300536375514137	0.06300536371510838	0.06300536365143618	0.06300536355019641	0.06300536338927533	0.06300536313358349	0.06300536272747154	0.0630053620827328	0.06300536105964236	0.06300535943701335	0.0630053568649502	0.0630053527903689	0.06300534633970442	0.06300533613438898	0.06300532000087707	0.06300529451550475	0.06300525429095624	0.06300519085912022	0.06300509092439487	0.06300493363657916	0.06300468633941993	0.06300429795314309	0.0630036886910714	0.06300273410668135	0.06300124038905103	0.06299890617578671	0.06299526363726052	0.0629895877580725	0.06298075692991431	0.06296703916823773	0.06294576496690232	0.06291282776685042	0.06286192290052475	0.0627833907494748	0.06266246247918912	0.06247660660816538	0.0621915271211116	0.061755149839326715	0.061088634926159256	0.06007307823947957	0.05853026058372928	0.05619631062232144	0.05269151633116666	0.0475088989281322	0.04011055073217913	0.030368088549505297	0.019522172412541144	0.01039206098665504	0.004836786579399095	0.0021964187302395207	0.0010738211544315738	0.0005585591469493958	0.00025537302723143855	0.0000878507739567679	0.000027829969110885444	0.0000103112949941787	3.429274237179351e-6	7.877051488235649e-7	2.066546272411366e-7	5.007871285677675e-8	8.28731446483806e-9	1.7232350380361847e-9	2.133360428158475e-10	3.126065465907807e-11	1.680512107722836e-12	5.005208693119866e-14	1.1098794172378955e-15	1.805525973461732e-17	2.0849932585739776e-19	3.5753249156228893e-35
0.06912474053432759	0.06912474053432754	0.06912474053432748	0.06912474053432738	0.06912474053432725	0.06912474053432707	0.06912474053432677	0.06912474053432634	0.06912474053432566	0.06912474053432464	0.06912474053432303	0.06912474053432054	0.06912474053431655	0.06912474053431031	0.06912474053430039	0.06912474053428469	0.06912474053425988	0.06912474053422056	0.06912474053415818	0.06912474053405905	0.0691247405339014	0.06912474053365077	0.06912474053325218	0.0691247405326179	0.06912474053160818	0.06912474053000113	0.06912474052744293	0.06912474052337005	0.06912474051688687	0.06912474050656692	0.06912474049014226	0.06912474046400562	0.06912474042242348	0.06912474035628358	0.06912474025111365	0.0691247400839342	0.06912473981827875	0.06912473939630799	0.06912473872633391	0.06912473766309919	0.06912473597662896	0.06912473330307421	0.06912472906720597	0.06912472236033057	0.06912471174818473	0.06912469496896728	0.06912466845924192	0.06912462661046612	0.06912456060459815	0.06912445659288771	0.06912429285134816	0.06912403534442609	0.06912363081667655	0.06912299605220146	0.06912200120370768	0.06912044396135877	0.06911800959961321	0.06911420929540753	0.06910828508153755	0.069099063673701	0.06908473212071856	0.06906249417288325	0.06902804505253608	0.0689747703797068	0.06889252706768963	0.06876579227540394	0.06857085965489043	0.06827160412494251	0.06781310608805305	0.06711210135775202	0.06604280577694412	0.0644162865768189	0.061951917555926835	0.058243519634804786	0.052741575768753074	0.044839521523646904	0.03431208615468242	0.02235590592764998	0.012032707243252833	0.00562597850738385	0.0025569593975365737	0.0012546739545241893	0.0006619939634607298	0.00031105408841964607	0.00010923513328957245	0.00003468746619378193	0.000013003025107767913	4.514304270885974e-6	1.059227887835646e-6	2.789408135174647e-7	7.168614627525733e-8	1.1994632560528519e-8	2.5943889247301504e-9	3.3450721016754424e-10	5.115636249867985e-11	2.982374886440607e-12	8.844687920026814e-14	1.9444763737430352e-15	3.133820418313107e-17	3.5828235542443564e-19	6.08819188132564e-35
0.07604974986580006	0.07604974986580001	0.07604974986579995	0.07604974986579985	0.07604974986579971	0.07604974986579952	0.07604974986579921	0.07604974986579875	0.07604974986579807	0.07604974986579699	0.07604974986579532	0.07604974986579272	0.07604974986578861	0.07604974986578207	0.07604974986577177	0.07604974986575547	0.07604974986572965	0.07604974986568878	0.07604974986562393	0.07604974986552086	0.07604974986535697	0.0760497498650964	0.076049749864682	0.07604974986402255	0.07604974986297276	0.07604974986130185	0.07604974985864194	0.07604974985440703	0.07604974984766569	0.07604974983693435	0.07604974981985423	0.07604974979267326	0.07604974974942731	0.07604974968063705	0.07604974957124588	0.07604974939734428	0.07604974912098644	0.07604974868198029	0.0760497479848972	0.07604974687853533	0.07604974512347626	0.07604974234087539	0.07604973793170283	0.07604973094950576	0.07604971990014826	0.07604970242694363	0.07604967481616434	0.07604963122136017	0.07604956244811793	0.0760494540526472	0.07604928337083762	0.07604901488283772	0.07604859299143091	0.07604793078887091	0.0760468926120662	0.0760452669967462	0.07604272481939779	0.07603875463076265	0.07603256293700508	0.07602292071943764	0.07600792766652656	0.07598465071693689	0.07594857102784128	0.07589273957548762	0.07580649059627775	0.07567348560384722	0.07546874651513936	0.07515416699354861	0.07467174297297907	0.07393341047226386	0.07280591555927361	0.07108868471172346	0.06848287543936374	0.06455352090992347	0.05870479950123697	0.05025498371900999	0.038869262180607184	0.025678012146463387	0.013985406294225919	0.00657195973290322	0.002988937393535959	0.0014711808427851998	0.0007868696862312221	0.00038013532632242436	0.00013657012307420084	0.000043472035941657365	0.00001645137316947297	5.962368115581267e-6	1.4346913065956493e-6	3.779271912280925e-7	1.0294573890173413e-7	1.749962653204556e-8	3.905437068667214e-9	5.298117423776268e-10	8.34890953920234e-11	5.3598519936668766e-12	1.5844484748719918e-13	3.451363523634408e-15	5.50680520976936e-17	6.228342898253602e-19	1.0480612847224596e-34
0.08389324369651946	0.0838932436965194	0.08389324369651935	0.08389324369651925	0.08389324369651911	0.0838932436965189	0.08389324369651859	0.08389324369651811	0.08389324369651738	0.08389324369651627	0.08389324369651453	0.08389324369651181	0.08389324369650752	0.08389324369650075	0.08389324369649001	0.08389324369647304	0.08389324369644616	0.08389324369640362	0.08389324369633612	0.08389324369622884	0.08389324369605827	0.08389324369578703	0.08389324369535568	0.08389324369466927	0.08389324369357652	0.08389324369183718	0.0838932436890683	0.08389324368465974	0.08389324367764171	0.08389324366646952	0.0838932436486869	0.08389324362038669	0.08389324357535752	0.0838932435037266	0.08389324338981095	0.08389324320870403	0.08389324292087402	0.08389324246360635	0.08389324173746164	0.08389324058486357	0.0838932387562666	0.08389323585674359	0.08389323126173596	0.08389322398428682	0.08389321246602773	0.08389319424846485	0.08389316545659484	0.08389311998863512	0.08389304824617237	0.08389293514658815	0.08389275701628178	0.08389247674126911	0.08389203620873374	0.08389134454410943	0.08389025983374965	0.08388856077189576	0.08388590275181627	0.08388174998468545	0.08387527074618598	0.08386517601833378	0.08384947140485448	0.08382507643498406	0.08378724150479	0.08372865665310725	0.08363809204453038	0.08349832839698504	0.08328301338086601	0.08295189814076158	0.08244364049383719	0.08166497772976818	0.08047455858926247	0.0786591808795317	0.07590022701143286	0.0717314659917167	0.06550675449364818	0.05646225955311971	0.04413993008962033	0.02957787657741067	0.016315314840197867	0.007709831867129893	0.003508317935641951	0.0017311085891737168	0.0009379310817423886	0.0004659940712993806	0.0001716775440989053	0.00005479182953759665	0.000020884460272698886	7.898185096730774e-6	1.9579868257550804e-6	5.142342554031374e-7	1.4822948693117176e-7	2.576423915297341e-8	5.879232776617275e-9	8.487388230142829e-10	1.359683938709789e-10	9.76960062406913e-12	2.884121965620713e-13	6.22006980130814e-15	9.816987542499428e-17	1.0974441584439278e-18	1.8272238696071264e-34
0.09278495993046902	0.09278495993046898	0.09278495993046892	0.0927849599304688	0.09278495993046866	0.09278495993046845	0.0927849599304681	0.0927849599304676	0.09278495993046686	0.0927849599304657	0.09278495993046389	0.09278495993046106	0.09278495993045659	0.09278495993044954	0.09278495993043834	0.09278495993042063	0.09278495993039264	0.09278495993034831	0.092784959930278	0.09278495993016621	0.09278495992998845	0.09278495992970581	0.09278495992925635	0.09278495992854109	0.0927849599274024	0.0927849599255899	0.09278495992270447	0.09278495991811021	0.09278495991079626	0.09278495989915259	0.09278495988061863	0.09278495985112134	0.09278495980418489	0.09278495972951561	0.09278495961076035	0.092784959421946	0.0927849591218439	0.09278495864504034	0.09278495788780429	0.09278495668573798	0.09278495477845751	0.09278495175382226	0.09278494695994723	0.0927849393665143	0.09278492734638347	0.09278490833204601	0.09278487827578051	0.09278483080231635	0.09278475588044278	0.09278463774305686	0.09278445163471412	0.09278415873268515	0.09278369822708472	0.09278297498932758	0.0927818404008884	0.09278006259614069	0.09277728034971564	0.09277293173945782	0.09276614397787676	0.09275556357611464	0.09273909499712069	0.09271349923048885	0.09267377835965052	0.09261223381703515	0.09251702808736771	0.0923699923792048	0.09214329186345738	0.09179436464519684	0.09125826184402755	0.09043609898645229	0.08917776105950244	0.08725636664346505	0.08433186362087652	0.07990411949622968	0.07327239440686677	0.06358336967096372	0.05024104218391772	0.034161364170365166	0.01910184987048351	0.009083299024638237	0.004135011456973473	0.0020440568576984086	0.0011210134703790644	0.0005728534661389587	0.00021696575142759783	0.00006946655868902435	0.00002660360056342006	0.000010488531019053325	2.6928753876917297e-6	7.030601030478638e-7	2.138345389519658e-7	3.8312913557043875e-8	8.852328711860079e-9	1.3760790124223672e-9	2.2110865801205746e-10	1.8070104811676777e-11	5.344145279961414e-13	1.1401563984882617e-14	1.7783016017785472e-16	1.9628862508490516e-18	3.2306714901901506e-34
0.10284707536941126	0.1028470753694112	0.10284707536941112	0.10284707536941103	0.10284707536941087	0.10284707536941062	0.10284707536941029	0.10284707536940975	0.10284707536940897	0.10284707536940776	0.10284707536940589	0.10284707536940291	0.10284707536939826	0.10284707536939089	0.10284707536937923	0.10284707536936077	0.10284707536933158	0.10284707536928532	0.10284707536921196	0.10284707536909542	0.10284707536891001	0.10284707536861522	0.10284707536814644	0.10284707536740044	0.10284707536621278	0.10284707536432228	0.10284707536131259	0.10284707535652036	0.10284707534889097	0.10284707533674467	0.10284707531740976	0.1028470752866363	0.10284707523766647	0.10284707515975783	0.10284707503584269	0.10284707483881045	0.10284707452562288	0.10284707402798766	0.10284707323759625	0.10284707198277449	0.10284706999157651	0.10284706683349709	0.1028470618274945	0.10284705389698014	0.10284704134141949	0.1028470214769457	0.10284699007145938	0.1028469404576949	0.10284686214228009	0.10284673862705684	0.10284654400090644	0.10284623761535436	0.10284575577811807	0.10284499881314486	0.10284381093258242	0.10284194897614184	0.10283903393777129	0.10283447592493655	0.10282735818396364	0.10281625816902418	0.10279897195988955	0.10277209057231969	0.10273034972953932	0.10266563377792196	0.10256545258906678	0.10241061697954437	0.10217169781434897	0.10180364381513614	0.10123762127262437	0.10036868526024459	0.09903726493800039	0.09700170721605496	0.09389879802399834	0.08919175699330589	0.08212080082922163	0.07173546700064465	0.057286454530650927	0.03953455929076186	0.022428340246850746	0.010739747410957467	0.004890671575581465	0.002420330294496716	0.0013423378389664248	0.0007053247782945313	0.0002752670518436064	0.00008848858598454707	0.00003396420035804759	0.00001393227887205069	3.723604055424486e-6	9.64243101002729e-7	3.079467810863159e-7	5.737862210528431e-8	1.3290614740722528e-8	2.2462290307157966e-9	3.5770980858980277e-10	3.362692562431639e-11	1.0011357397736292e-12	2.111617067883124e-14	3.2522951794986243e-16	3.541728432584996e-18	5.758097958600586e-34
0.11424320762135254	0.11424320762135245	0.11424320762135237	0.11424320762135229	0.1142432076213521	0.11424320762135189	0.1142432076213515	0.11424320762135097	0.11424320762135015	0.11424320762134889	0.11424320762134689	0.11424320762134381	0.11424320762133895	0.11424320762133125	0.11424320762131908	0.11424320762129982	0.11424320762126931	0.11424320762122105	0.11424320762114445	0.1142432076210228	0.11424320762082928	0.11424320762052156	0.11424320762003223	0.11424320761925351	0.11424320761801375	0.11424320761604023	0.11424320761289838	0.1142432076078955	0.1142432075999305	0.11424320758724939	0.11424320756706222	0.11424320753493082	0.11424320748379725	0.11424320740244155	0.11424320727303541	0.11424320706725755	0.11424320674014361	0.1142432062203369	0.1142432053946556	0.11424320408367859	0.11424320200314904	0.11424319870300562	0.11424319347115487	0.11424318518172508	0.11424317205599864	0.1142431512861424	0.11424311844359479	0.11424306654990894	0.11424298461909936	0.11424285537363865	0.11424265167011	0.11424233091281595	0.11424182633456564	0.11424103340686734	0.11423978868959961	0.11423783696331531	0.11423478023150054	0.1142299987175028	0.11422252867500417	0.11421087371647988	0.11419271397603231	0.11416445854531117	0.11412055790717635	0.11405244949781637	0.1139469434691637	0.11378375584740387	0.11353174569312321	0.11314318677605333	0.11254506747201742	0.11162591945326072	0.11021598464764978	0.1080576821784804	0.10476280591725902	0.0997550169809176	0.09221078160442847	0.08107441564535309	0.06542710346642058	0.045837855929542565	0.026406311445260826	0.012743641686061768	0.005804865976725745	0.002873910029711052	0.0016102779589865605	0.0008696090740581984	0.00035053261018791574	0.00011327961546559162	0.00004346676311772475	0.000018507049182314628	5.176733033585371e-6	1.3276142414476509e-6	4.425888020388262e-7	8.660590608074587e-8	1.9919801378188636e-8	3.690801711674068e-9	5.771078621442371e-10	6.29495885739666e-11	1.900674292374871e-12	3.960550245919491e-14	6.018333756172057e-16	6.459810933356575e-18	1.0364934537301884e-33
0.12717679190563314	0.12717679190563308	0.127176791905633	0.12717679190563289	0.12717679190563272	0.12717679190563247	0.12717679190563208	0.1271767919056315	0.12717679190563067	0.12717679190562933	0.12717679190562725	0.12717679190562403	0.12717679190561895	0.1271767919056109	0.12717679190559816	0.12717679190557807	0.1271767919055462	0.12717679190549577	0.12717679190541578	0.12717679190528866	0.12717679190508652	0.12717679190476508	0.1271767919042539	0.12717679190344044	0.12717679190214531	0.1271767919000836	0.12717679189680128	0.1271767918915746	0.12717679188325295	0.12717679187000364	0.12717679184891081	0.12717679181533648	0.12717679176190366	0.12717679167688486	0.12717679154164324	0.1271767913265709	0.12717679098465576	0.1271767904412835	0.12717678957809128	0.12717678820742095	0.1271767860319247	0.12717678258074414	0.1271767771087599	0.12717676843767775	0.127176754705606	0.1271767329728127	0.12717669860167166	0.12717664428253864	0.12717655850503454	0.1271764231618227	0.12717620979715877	0.12717587374119155	0.12717534495056898	0.1271745137253807	0.12717320846782768	0.12717116109876145	0.12716795336359052	0.12716293359485764	0.12715508787783192	0.12714284095848466	0.12712374907636967	0.12709402682648974	0.12704781956845074	0.12697608638659436	0.1268648879952354	0.12669276701208634	0.1264267463707209	0.12601622827421508	0.12538371220546304	0.12441071449772537	0.12291651147455697	0.1206263623645751	0.11712511638958988	0.11179376958564703	0.10374002114171806	0.09179439648954862	0.07485139694815038	0.053247813198829354	0.031179251113344325	0.015180016652592467	0.0069168067748816165	0.0034231681710661277	0.0019357353878652686	0.0010738127001563933	0.0004481804961602584	0.00014586052300471431	0.000055808312424105736	0.00002459549241106381	7.241972617030717e-6	1.8382773376538062e-6	6.35362626343837e-7	1.320063368981943e-7	2.9883843479561856e-8	6.110837319222044e-9	9.327243273073856e-10	1.1874349817576452e-10	3.678237825500757e-12	7.565126343518604e-14	1.1328362327432074e-15	1.1969501142985557e-17	1.893216960548919e-33
0.14181416926993845	0.1418141692699384	0.14181416926993828	0.14181416926993817	0.141814169269938	0.14181416926993776	0.14181416926993734	0.14181416926993676	0.14181416926993584	0.14181416926993448	0.14181416926993232	0.14181416926992893	0.14181416926992363	0.14181416926991522	0.14181416926990192	0.14181416926988089	0.14181416926984758	0.14181416926979484	0.14181416926971124	0.14181416926957838	0.1418141692693671	0.1418141692690311	0.1418141692684968	0.1418141692676465	0.14181416926629276	0.14181416926413767	0.14181416926070664	0.14181416925524298	0.14181416924654364	0.14181416923269258	0.14181416921064083	0.14181416917553843	0.14181416911967062	0.14181416903077237	0.1418141688893505	0.14181416866443392	0.14181416830684151	0.14181416773850752	0.14181416683557962	0.14181416540167155	0.14181416312556266	0.14181415951435333	0.14181415378791837	0.14181414471239193	0.14181413033770088	0.14181410758425367	0.1418140715927084	0.14181401470212357	0.14181392484580307	0.14181378303591444	0.14181355942393456	0.1418132071382044	0.14181265265671494	0.14181178078703324	0.14181041126463637	0.14180826234390395	0.14180489423389242	0.14179962135144683	0.14179137640650857	0.1417785002006235	0.14175841703914313	0.1417271342930919	0.1416784720518951	0.14160287915650527	0.14148561639950524	0.14130397306818512	0.14102300942883278	0.14058905573640623	0.13991980521051364	0.13888925608506053	0.13730492244333092	0.13487364088525186	0.1311513126718454	0.12547308042151592	0.11687273583657275	0.10405828385008119	0.08572016558302661	0.06192071422472865	0.036882591712525434	0.018133670839747016	0.008266013499292912	0.004086270477815064	0.0023293133791372107	0.0013259661080966814	0.0005740783961188465	0.00018855772720179138	0.00007176605325688987	0.00003261852799697961	0.000010154808104187533	2.5534223808331186e-6	9.075461891918243e-7	2.0205344012876198e-7	4.472169639029897e-8	1.0098289812578727e-8	1.5041890844699812e-9	2.2240817956913234e-10	7.173315561666323e-12	1.4556176784316276e-13	2.14638022278195e-15	2.230646087550413e-17	3.475412550768741e-33
0.1584401365749719	0.15844013657497183	0.15844013657497172	0.1584401365749716	0.15844013657497144	0.15844013657497116	0.15844013657497075	0.1584401365749701	0.15844013657496916	0.1584401365749677	0.15844013657496545	0.15844013657496192	0.15844013657495637	0.1584401365749476	0.1584401365749337	0.15844013657491166	0.15844013657487682	0.15844013657482167	0.15844013657473424	0.15844013657459532	0.15844013657437436	0.15844013657402295	0.15844013657346415	0.15844013657257494	0.15844013657115916	0.15844013656890524	0.15844013656531683	0.15844013655960237	0.15844013655050337	0.15844013653601552	0.15844013651294883	0.15844013647622926	0.1584401364177844	0.15844013632478018	0.1584401361768169	0.1584401359414804	0.15844013556729308	0.1584401349725348	0.15844013402754042	0.1584401325266806	0.15844013014404235	0.15844012636337954	0.15844012036748467	0.1584401108636165	0.15844009580826496	0.15844007197362125	0.1584400342653423	0.15843997465007403	0.15843988047125546	0.15843973180727228	0.1584394973322082	0.15843912783827382	0.15843854611163022	0.15843763112909903	0.1584361934229423	0.15843393673027864	0.1584303983748862	0.15842485671959006	0.15841618770985486	0.1584026428317966	0.15838150594541395	0.15834856371139489	0.15829728957855985	0.15821758827965016	0.15809386701569217	0.15790207667353204	0.1576051799849299	0.15714622139447143	0.15643774864665422	0.15534570370746414	0.15366498438898424	0.15108264898920787	0.14712349753087697	0.1410733909179384	0.13188669537006487	0.11813958406494339	0.09830007487885507	0.07211026431903046	0.043732530704313995	0.021740536633046773	0.009916208009528063	0.00489248530997459	0.0028079858667436706	0.0016387348853490857	0.0007374977102873744	0.0002451734531971634	0.00009260056139346503	0.00004324347802159626	0.000014303219618258751	3.5705523709382143e-6	1.2938646372672738e-6	3.117832115948851e-7	6.713548265742317e-8	1.671465671521665e-8	2.441807738628094e-9	4.159733461132708e-10	1.4282779890253548e-11	2.8571897525102835e-13	4.1428223973244845e-15	4.2284511919267516e-17	6.48052892262619e-33
0.17727773588706183	0.17727773588706178	0.17727773588706167	0.17727773588706153	0.17727773588706133	0.17727773588706103	0.1772777358870606	0.17727773588705995	0.17727773588705895	0.17727773588705745	0.17727773588705506	0.17727773588705137	0.17727773588704557	0.17727773588703638	0.1772777358870218	0.17727773588699877	0.17727773588696233	0.17727773588690462	0.17727773588681314	0.1772777358866678	0.1772777358864366	0.177277735886069	0.17727773588548434	0.17727773588455403	0.17727773588307283	0.17727773588071463	0.1772777358769602	0.17727773587098117	0.17727773586146056	0.17727773584630088	0.17727773582216352	0.1772777357837378	0.17727773572257405	0.17727773562523777	0.17727773547037248	0.17727773522404122	0.1772777348323427	0.17727773420969944	0.1772777332203105	0.17727773164878904	0.17727772915371007	0.1772777251941766	0.17727771891382182	0.17727770895772407	0.17727769318367864	0.17727766820729532	0.17727762868593103	0.17727756619267526	0.17727746744749587	0.1772773115415962	0.17727706558683384	0.17727667790457108	0.17727606737522816	0.1772751068053187	0.17727359698497347	0.17727122627891392	0.1772675077689443	0.17726168161176328	0.1772525635748594	0.177238310414956	0.17721605696040243	0.17718135554365733	0.17712731137316576	0.1770432508096866	0.17691267310051703	0.1767101044635064	0.17639627315810816	0.17591072038698857	0.17516050307038522	0.17400295821394976	0.17221949536430764	0.16947600840225577	0.16526399197870265	0.15881651464989066	0.14900287639298632	0.13425796827311715	0.11280899437575675	0.08403126628725444	0.051925365721818086	0.026133048743477747	0.011930674364344954	0.005870258948308967	0.0033878537774960156	0.0020242593842630142	0.0009481390656484795	0.000320055870094621	0.00011971121310734828	0.000057187561319639126	0.000020154009835765185	5.01452015925292e-6	1.8356853166611814e-6	4.819057502542879e-7	1.0082384836743471e-7	2.7445077277567486e-8	3.9772720811316096e-9	7.655201635326716e-10	2.8690206410324306e-11	5.657556779264466e-13	8.059344698204132e-15	8.070978347105023e-17	1.2156744572068183e-32
0.1986693308975438	0.1986693308975437	0.1986693308975436	0.19866933089754343	0.19866933089754324	0.19866933089754293	0.19866933089754246	0.1986693308975418	0.19866933089754074	0.1986693308975392	0.1986693308975367	0.1986693308975328	0.19866933089752672	0.19866933089751712	0.19866933089750188	0.19866933089747776	0.1986693308974396	0.19866933089737923	0.19866933089728347	0.19866933089713135	0.19866933089688943	0.19866933089650465	0.19866933089589284	0.19866933089491923	0.19866933089336902	0.198669330890901	0.1986693308869716	0.1986693308807138	0.19866933087074898	0.1986693308548814	0.19866933082961574	0.19866933078939214	0.1986693307253632	0.19866933062346165	0.19866933046132246	0.19866933020340358	0.19866932979324847	0.19866932914121332	0.19866932810502774	0.19866932645901608	0.19866932384539526	0.19866931969726984	0.19866931311696828	0.19866930268397318	0.1986692861519503	0.19866925997128002	0.19866921853726363	0.19866915300755655	0.19866904944387245	0.1986688858949427	0.19866862782253553	0.1986682209375421	0.19866757999283902	0.19866657127236537	0.19866498526472604	0.19866249407405576	0.1986585851301091	0.19865245814509894	0.19864286515548008	0.19862786254866807	0.1986044271688729	0.19856786280796526	0.19851088386913684	0.19842220250763198	0.1982843530995095	0.19807034675997437	0.19773853354261758	0.19722472287583026	0.19643011735796947	0.19520287065638098	0.1933099834994807	0.19039471994708088	0.1859129362549841	0.17904119111004607	0.16855775533197884	0.15274632325591256	0.12957429650889044	0.09800177144641319	0.061748711553184024	0.03150766825557795	0.014404296912868028	0.007062134752820692	0.004092782726088066	0.0025003185104676986	0.0012202465467145438	0.0004199164467827709	0.00015524730915598148	0.00007552184618750967	0.0000284239475578947	7.090149286010354e-6	2.597396812974461e-6	7.467405187196179e-7	1.5212735491433666e-7	4.4739557574146576e-8	6.54430094754733e-9	1.3882765467616905e-9	5.863625490234375e-11	1.1398418536599927e-12	1.5930152739646766e-14	1.562899977037556e-16	2.310366073077839e-32
0.22293594482178344	0.22293594482178336	0.22293594482178328	0.2229359448217831	0.2229359448217829	0.22293594482178258	0.22293594482178208	0.22293594482178136	0.22293594482178028	0.22293594482177861	0.22293594482177603	0.22293594482177198	0.22293594482176557	0.22293594482175552	0.2229359448217396	0.22293594482171433	0.2229359448216744	0.22293594482161116	0.2229359448215109	0.2229359448213517	0.22293594482109844	0.22293594482069573	0.22293594482005522	0.2229359448190361	0.22293594481741347	0.22293594481482995	0.22293594481071666	0.22293594480416584	0.22293594479373396	0.2229359447771223	0.2229359447506707	0.22293594470855713	0.22293594464151614	0.2229359445348152	0.22293594436502875	0.22293594409492695	0.22293594366536626	0.22293594298242583	0.22293594189703114	0.22293594017268378	0.22293593743439208	0.22293593308790735	0.22293592619209604	0.22293591525740974	0.22293589792791718	0.22293587048006644	0.2229358270332558	0.22293575830767637	0.22293564967174886	0.2229354780760118	0.22293520724354926	0.22293478013395918	0.22293410714877457	0.22293304769369118	0.2229313813906269	0.22292876318528912	0.22292465342909545	0.22291820912402416	0.22290811497624913	0.22289232128617648	0.2228676378297818	0.22282910542388484	0.22276902472619267	0.22267545721870236	0.2225299144163437	0.22230380008470835	0.2219529392711499	0.22140917591171205	0.22056748601892065	0.21926624673973158	0.21725710448015295	0.214159186212651	0.20939030727129707	0.2020666862971771	0.19086943158390932	0.1739209225913708	0.14890974191795772	0.1143323579462527	0.07349659070143279	0.038078423550951035	0.01744314704756565	0.008514916957477966	0.004948361666207706	0.0030859147711276547	0.0015698664922417886	0.0005530993740586731	0.0002018450658550674	0.00009950235672907558	0.00004000934594662766	0.000010082002688636277	3.661834209010475e-6	1.1542645206543725e-6	2.3051336559164864e-7	7.203014698515336e-8	1.0870889239470372e-8	2.4629847719936774e-9	1.210615606923777e-10	2.3225015932129746e-12	3.1809776171712087e-14	3.0537609301968653e-16	4.425441679803772e-32
0.25050182295389134	0.25050182295389134	0.25050182295389123	0.250501822953891	0.25050182295389084	0.25050182295389045	0.25050182295388995	0.25050182295388923	0.25050182295388806	0.2505018229538863	0.25050182295388357	0.25050182295387935	0.2505018229538727	0.25050182295386214	0.2505018229538454	0.250501822953819	0.25050182295377715	0.250501822953711	0.25050182295360607	0.25050182295343937	0.25050182295317425	0.2505018229527526	0.25050182295208206	0.2505018229510152	0.25050182294931644	0.2505018229466118	0.2505018229423054	0.25050182293544704	0.250501822924525	0.25050182290713235	0.2505018228794359	0.25050182283533856	0.250501822765136	0.25050182265339704	0.25050182247558295	0.2505018221926917	0.25050182174275804	0.25050182102736995	0.2505018198903069	0.2505018180837032	0.250501815214491	0.25050181065968596	0.25050180343249034	0.25050179197081784	0.25050177380355626	0.25050174502433165	0.2505016994624892	0.25050162737823695	0.2505015134108728	0.2505013333557419	0.2505010491065789	0.2505006007274952	0.2504998940393914	0.2504987812051597	0.25049703040051097	0.2504942784913868	0.2504899572861266	0.2504831787481087	0.2504725565517436	0.25045592902542113	0.2504299295185684	0.2503893209893017	0.25032596667120516	0.25022723969178506	0.2500735687168374	0.24983465462219573	0.24946364521295886	0.24888817623552362	0.24799661000717557	0.24661692941236796	0.2444844404185777	0.24119255861364383	0.23611854592866122	0.22831427326176484	0.2163572787764888	0.19819814067556082	0.1712273264030079	0.13342906904750723	0.08755479047125492	0.046134436472432754	0.021193483133275834	0.010292792631774945	0.005989137643466463	0.003806431131114375	0.002018615248863691	0.0007316905507496561	0.000263331789141103	0.00013088395267741557	0.00005618200493866273	0.000014439506880593612	5.1522819028040685e-6	1.7777273607524288e-6	3.5196850341478655e-7	1.1460487905154737e-7	1.831348271458028e-8	4.282688026258607e-9	2.536152747840405e-10	4.813349020353122e-12	6.451077854893965e-14	6.050087811864509e-16	8.582259388476005e-32
0.2817934096458055	0.2817934096458054	0.2817934096458053	0.2817934096458051	0.2817934096458049	0.28179340964580457	0.281793409645804	0.2817934096458032	0.281793409645802	0.28179340964580013	0.2817934096457973	0.28179340964579286	0.28179340964578586	0.2817934096457749	0.28179340964575733	0.28179340964572963	0.2817934096456859	0.28179340964561655	0.2817934096455067	0.28179340964533217	0.2817934096450546	0.2817934096446132	0.28179340964391125	0.2817934096427943	0.2817934096410159	0.2817934096381843	0.2817934096336757	0.28179340962649535	0.28179340961506	0.28179340959684945	0.28179340956784926	0.2817934095216743	0.28179340944816045	0.28179340933114494	0.2817934091449225	0.28179340884863474	0.28179340837736006	0.28179340762798066	0.2817934064367877	0.2817934045440029	0.2817934015376128	0.28179339676451237	0.281793389190033	0.28179337717603464	0.2817933581306248	0.28179332795569134	0.2817932801763282	0.2817932045701584	0.2817930850113813	0.28179289608289293	0.2817925977579686	0.28179212706026546	0.28179138499942347	0.2817902161286387	0.28178837659376244	0.28178548425257505	0.281780940893692	0.28177381109258426	0.28176263375391086	0.2817451292865593	0.281717745147789	0.28167495136811455	0.2816081497604834	0.28150398686956746	0.28134174758522484	0.2810893327421018	0.2806970579062402	0.2800881032067374	0.27914382206096056	0.2776811715244616	0.2754181074568815	0.27192071983114974	0.26652313772374203	0.2582087671721412	0.24544500288731197	0.22599994847733842	0.19694676133337005	0.15571003835128283	0.10433337225203138	0.05600258734562516	0.025826643897557688	0.012470113115140992	0.007254011519553506	0.004690128645349032	0.0025912498380464884	0.0009710843770740591	0.0003446176653813117	0.00017179904789499587	0.00007852070220709346	0.00002080670039762519	7.233558313097534e-6	2.7162753747682703e-6	5.415400230469327e-7	1.7983542649101918e-7	3.123312757489814e-8	7.2867546845353635e-9	5.350661209033886e-10	1.0097257439609244e-11	1.3226493165855478e-13	1.2101527178451247e-15	1.6782120385170769e-31
0.3173621460181247	0.3173621460181246	0.3173621460181245	0.3173621460181243	0.31736214601812407	0.31736214601812374	0.31736214601812307	0.3173621460181223	0.31736214601812107	0.31736214601811913	0.3173621460181162	0.31736214601811147	0.31736214601810414	0.31736214601809254	0.3173621460180743	0.3173621460180453	0.31736214601799945	0.31736214601792684	0.31736214601781176	0.3173621460176291	0.3173621460173386	0.31736214601687646	0.31736214601614154	0.3173621460149723	0.31736214601311064	0.31736214601014623	0.31736214600542634	0.3173621459979092	0.3173621459859371	0.3173621459668711	0.31736214593650774	0.31736214588816014	0.3173621458111835	0.3173621456886497	0.31736214549363345	0.3173621451833345	0.31736214468973845	0.3173621439048039	0.3173621426569872	0.3173621406740446	0.31736213752413556	0.3173621325226298	0.31736212458474916	0.3173621119927327	0.3173620920282246	0.31736206039232273	0.31736201029145017	0.3173619309976843	0.31736180558356347	0.3173616073613215	0.3173612942911014	0.3173608002085858	0.3173600210773313	0.31735879346707824	0.31735686089892456	0.3173538212755805	0.3173490448585801	0.3173415464359306	0.3173297863224151	0.31731136092247253	0.3172825221089584	0.31723743154069495	0.31716700499132644	0.3170571231613422	0.316885864520617	0.31661922985255997	0.31620454272373616	0.3155602722745257	0.3145603545591643	0.31301006709724444	0.3106089690240344	0.30689414894725486	0.30115392181391065	0.29229894612692653	0.2786796438358233	0.25787063940102356	0.22660846691254863	0.18171176860143284	0.12435924816688576	0.0681163520285359	0.031576808192687676	0.015148199600494941	0.008794988890229536	0.005774283537928869	0.0033204135678748577	0.001293218768167187	0.00045285453921877855	0.00022521459102760585	0.00010919950814377903	0.00003019717416176093	0.000010153143172318733	4.1143608383111656e-6	8.423390338844636e-7	2.789969512144357e-7	5.4031778035265885e-8	1.2192909417835632e-8	1.1389550287542806e-9	2.1573656059661985e-11	2.757432544588841e-13	2.4567442175279432e-15	3.324963308722871e-31
0.35775451564260174	0.3577545156426017	0.3577545156426015	0.35775451564260136	0.35775451564260113	0.3577545156426007	0.3577545156426001	0.35775451564259925	0.3577545156425979	0.35775451564259586	0.35775451564259275	0.35775451564258787	0.3577545156425802	0.3577545156425681	0.35775451564254895	0.3577545156425186	0.35775451564247057	0.3577545156423946	0.3577545156422741	0.3577545156420829	0.3577545156417788	0.35775451564129507	0.35775451564052585	0.357754515639302	0.35775451563735344	0.35775451563425054	0.3577545156293101	0.35775451562144156	0.35775451560890936	0.3577545155889511	0.3577545155571653	0.35775451550655074	0.35775451542596104	0.35775451529766916	0.3577545150934768	0.3577545147685567	0.3577545142516662	0.3577545134296247	0.3577545121227091	0.3577545100456612	0.35775450674593784	0.35775450150598764	0.3577544931886984	0.35775447999314247	0.3577544590688491	0.35775442590712375	0.35775437338137095	0.35775429023526967	0.35775415870329186	0.35775395076902233	0.35775362228711877	0.3577531037582063	0.35775228586551755	0.35775099682230405	0.3577489669308015	0.3577457731924222	0.35774075283434675	0.3577328684559037	0.35772049795554334	0.35770110763551294	0.3576707440613762	0.357623245011089	0.35754901547427304	0.3574331308027028	0.35725239994177016	0.3569708227599649	0.3565325694960906	0.3558511400819072	0.3547926396183303	0.3531500032220113	0.3506033304495225	0.3466590042966286	0.3405567950933407	0.3311302490034946	0.31660586177610356	0.2943536543952305	0.26075449665361494	0.21197712397753002	0.1481796459616647	0.08295646822725987	0.03871725208495841	0.01844457509180574	0.010670393527272877	0.00709993183853973	0.004242552514222108	0.0017254512257047063	0.0005972956421315881	0.0002947316471088852	0.00015082904838614435	0.000044048938746823625	0.00001424672884896361	6.158416031076355e-6	1.3229073108138423e-6	4.277893079777171e-7	9.419302984990798e-8	2.0088884368257667e-8	2.41544044174099e-9	4.666100420728312e-11	5.812317206726429e-13	5.0353025135577484e-15	6.641562859258072e-31
0.40369879321484275	0.40369879321484264	0.4036987932148425	0.4036987932148423	0.403698793214842	0.40369879321484164	0.403698793214841	0.40369879321484015	0.4036987932148387	0.4036987932148366	0.4036987932148333	0.4036987932148282	0.4036987932148202	0.40369879321480745	0.4036987932147874	0.40369879321475566	0.40369879321470536	0.4036987932146259	0.4036987932144998	0.40369879321429963	0.4036987932139814	0.40369879321347524	0.4036987932126702	0.40369879321138946	0.4036987932093503	0.40369879320610313	0.4036987932009328	0.4036987931926983	0.40369879317958257	0.40369879315869456	0.4036987931254268	0.40369879307245027	0.40369879298809597	0.4036987928538044	0.4036987926400502	0.4036987922998941	0.4036987917587283	0.4036987908980149	0.4036987895295045	0.4036987873543697	0.4036987838984814	0.40369877840995816	0.403698769697107	0.4036987558722525	0.4036987339470993	0.4036986991940609	0.40369864413901946	0.4036985569741433	0.4036984190590048	0.40369820098984915	0.40369785642233064	0.4036973123730122	0.40369645400736937	0.40369510080384	0.4036929692429096	0.4036896144638492	0.40368433912793716	0.40367605120408473	0.40366304228056155	0.40364264234582303	0.40361068274602	0.4035606615565235	0.4034824477046496	0.4033602707995544	0.40316960566478	0.402872347877606	0.4024093487950075	0.4016888738040299	0.40056877147122033	0.398828951440792	0.3961289568162244	0.39194270358272354	0.3854585915211396	0.3754285329186536	0.3599478995698277	0.3361706699579109	0.3001029606744652	0.24722158532184896	0.17651117123231752	0.10116686852189267	0.04762827515115519	0.022523328092172463	0.012960074116576627	0.008722340060566623	0.0054062568767699794	0.0023066017670313925	0.0007917491900169562	0.0003854756642136835	0.00020701193675188795	0.00006461472117290295	0.000020035345780534516	9.117538467953432e-6	2.102893471592615e-6	6.508750452224906e-7	1.6510207050650194e-7	3.2827890949746915e-8	5.090270042158166e-9	1.029962697535301e-10	1.248182759722297e-12	1.0491600730760558e-14	1.345976914885944e-30
0.4558960130746772	0.4558960130746771	0.4558960130746769	0.45589601307467675	0.4558960130746764	0.455896013074676	0.4558960130746753	0.4558960130746744	0.455896013074673	0.45589601307467076	0.4558960130746672	0.455896013074662	0.45589601307465355	0.45589601307464017	0.4558960130746193	0.45589601307458605	0.45589601307453337	0.45589601307445016	0.45589601307431826	0.45589601307410893	0.4558960130737759	0.45589601307324634	0.45589601307240407	0.4558960130710642	0.4558960130689309	0.45589601306553373	0.45589601306012456	0.45589601305150956	0.4558960130377873	0.45589601301593274	0.45589601298112453	0.45589601292569254	0.45589601283742487	0.45589601269689595	0.4558960124732013	0.455896012117205	0.4558960115507997	0.45589601064987634	0.4558960092173172	0.45589600694018106	0.4558960033218831	0.45589599757482524	0.45589598845052276	0.4558959739710258	0.45589595100459124	0.45589591459577566	0.4558958569086453	0.4558957655610712	0.45589562100139813	0.4558953923806218	0.4558950310630762	0.4558944604340962	0.45589355990678515	0.45589213985070975	0.4558899023281516	0.45588637966504186	0.4558808384395486	0.4558721295694167	0.45585845446941514	0.45583700064608523	0.4558033743748109	0.4557507182842602	0.4556683400724156	0.45553958333059036	0.4553385242847923	0.4550248509190274	0.4545359300589402	0.45377452670557705	0.45258980590258324	0.4507479654995606	0.44788688840486707	0.44344624849332925	0.4365602230909009	0.4258945228535023	0.40940612758377415	0.3840214911417207	0.34535328632923873	0.28814749403392853	0.21007251428127474	0.12343826820210242	0.05874767259792172	0.02757395441540807	0.01575268068770213	0.010701202560071997	0.006864209874849866	0.003083247148640534	0.0010541435371719948	0.0005036548000291562	0.0002819597632530183	0.00009497833490531051	0.000028239524611432944	0.000013330035699312262	3.3695930770845806e-6	9.83115343172532e-7	2.8759886141556676e-7	5.3334053248318296e-8	1.046674184860231e-8	2.3024576727848441e-10	2.7119045980774077e-12	2.208111451842664e-14	2.7510466673954165e-30
0.51529113337312	0.5152911333731199	0.5152911333731198	0.5152911333731196	0.5152911333731193	0.5152911333731188	0.5152911333731182	0.5152911333731172	0.5152911333731156	0.5152911333731133	0.5152911333731096	0.5152911333731041	0.5152911333730953	0.5152911333730814	0.5152911333730594	0.5152911333730247	0.5152911333729696	0.5152911333728826	0.5152911333727446	0.5152911333725255	0.5152911333721774	0.5152911333716236	0.5152911333707426	0.5152911333693413	0.5152911333671103	0.5152911333635575	0.5152911333579002	0.5152911333488903	0.5152911333345385	0.5152911333116806	0.5152911332752734	0.5152911332172927	0.5152911331249628	0.515291132977959	0.5152911327439449	0.5152911323715038	0.5152911317788944	0.5152911308362222	0.515291129337159	0.5152911269541041	0.5152911231671462	0.515291117151581	0.5152911075999168	0.5152910924403957	0.5152910683921892	0.5152910302630054	0.5152909698407568	0.515290874146148	0.5152907226798251	0.5152904830893708	0.5152901043550341	0.5152895060829662	0.5152885616979108	0.5152870720840793	0.515284724284893	0.5152810268543973	0.5152752087576234	0.5152660614182093	0.5152516921754965	0.5152291398193195	0.5151937755867427	0.515138370716613	0.5150516461582084	0.5149160186212158	0.5147041002228733	0.5143732662681367	0.5138572303379678	0.513052985922737	0.5118005784686873	0.509851792090023	0.5068217189598472	0.5021139699148496	0.494805570046124	0.4834713306723489	0.4659223658159156	0.4388458582777757	0.3974423675090166	0.3356905760015328	0.24981076261236657	0.15069085909597485	0.07268611014529006	0.033864051932872695	0.01917094662767438	0.013117546093024374	0.008686927834812614	0.004119968373515482	0.0014115251209433426	0.0006582361460716629	0.0003815016111588929	0.0001397971458262984	0.0000400096642684881	0.000019286351815646282	5.439777599873021e-6	1.481072170993545e-6	4.953811946309003e-7	8.688626393706456e-8	2.0879170347818333e-8	5.257721453989191e-10	6.0110686873221e-12	4.729683352976449e-14	5.7096761932302145e-30
0.5828203441504	0.5828203441503998	0.5828203441503997	0.5828203441503994	0.5828203441503991	0.5828203441503986	0.582820344150398	0.5828203441503969	0.5828203441503953	0.5828203441503929	0.5828203441503891	0.5828203441503832	0.582820344150374	0.5828203441503594	0.5828203441503366	0.5828203441503	0.5828203441502426	0.5828203441501515	0.5828203441500072	0.5828203441497782	0.5828203441494143	0.5828203441488352	0.5828203441479144	0.5828203441464495	0.5828203441441172	0.5828203441404031	0.582820344134489	0.5828203441250698	0.582820344110066	0.5828203440861691	0.5828203440481057	0.5828203439874851	0.5828203438909474	0.5828203437372367	0.5828203434925332	0.5828203431030569	0.5828203424833011	0.5828203414973766	0.5828203399294105	0.5828203374366084	0.5828203334748813	0.5828203271810605	0.5828203171864784	0.5828203013221112	0.582820276152526	0.582820236239776	0.5828201729815754	0.5828200727790477	0.5828199141493821	0.5828196631796968	0.5828192663751222	0.582818639417353	0.5828176495109315	0.5828160876846415	0.5828136253722304	0.5828097464123926	0.5828036406499344	0.5827940376063054	0.5827789466958659	0.5827552518353228	0.5827180793718675	0.5826598133817124	0.5825685627942601	0.582425776914459	0.5822025387356006	0.5818538064413489	0.5813094724697637	0.5804604886359711	0.5791373456353645	0.5770767123599733	0.5738697587214299	0.568882207195996	0.5611309893880027	0.5490952953276681	0.5304328598134064	0.5015798367283129	0.45730639781591914	0.3907906469161732	0.29668892637425937	0.18391186836080634	0.09015720436934564	0.04171223597575118	0.02335530508639105	0.016060811234007415	0.010951790831091518	0.005492567624349075	0.0018998755864641239	0.0008604485962399004	0.0005125363351818517	0.00020518076854452808	0.00005701318059974795	0.000027613533236762845	8.786045884380444e-6	2.2292606363916332e-6	8.357019058444763e-7	1.4254246588008248e-7	3.990634640883262e-8	1.2180152291710132e-9	1.351734266224489e-11	1.0257927170852788e-13	1.197658662718608e-29
0.6596421353446666	0.6596421353446665	0.6596421353446663	0.6596421353446662	0.6596421353446659	0.6596421353446653	0.6596421353446645	0.6596421353446634	0.6596421353446618	0.6596421353446591	0.6596421353446552	0.6596421353446491	0.6596421353446394	0.6596421353446242	0.6596421353446003	0.6596421353445623	0.6596421353445021	0.6596421353444069	0.6596421353442561	0.6596421353440168	0.6596421353436364	0.6596421353430315	0.6596421353420692	0.6596421353405384	0.6596421353381015	0.6596421353342207	0.6596421353280411	0.6596421353181988	0.6596421353025208	0.6596421352775494	0.6596421352377738	0.6596421351744234	0.6596421350735352	0.6596421349128896	0.6596421346571327	0.6596421342500407	0.6596421336022119	0.6596421325715569	0.6596421309323287	0.6596421283260141	0.6596421241835081	0.6596421176018399	0.6596421071490313	0.6596420905553846	0.6596420642254263	0.6596420224668726	0.6596419562733906	0.6596418514044097	0.6596416853583762	0.6596414226056141	0.6596410070862102	0.6596403504138275	0.6596393133435399	0.6596376766825306	0.6596350956699002	0.6596310284942094	0.6596246243857811	0.6596145485742976	0.6595987087261403	0.6595738277652425	0.6595347773480738	0.6594735386791962	0.6593775834726063	0.6592273531865849	0.6589923367110452	0.6586249706349369	0.658051158049511	0.657155538074109	0.6557586095211195	0.6535812203381168	0.6501894781043936	0.6449093749618021	0.6366947764032107	0.6239244724517775	0.6040952113191622	0.573380253442761	0.5261013122286162	0.45460538017017454	0.3518856861601097	0.22432271644059057	0.1121005573094799	0.051549290837456165	0.028491054600924208	0.01964565963004574	0.013756662498208198	0.007298423194808737	0.0025715209821779153	0.0011260599621393975	0.00068420962770234	0.0002995283388222481	0.00008189451983053526	0.00003919504630092004	0.000014123890249326262	3.3669036808305447e-6	1.376600056540007e-6	2.3736924035231193e-7	7.300265548267389e-8	2.871063115652057e-9	3.0972343825226456e-11	2.2613448267786795e-13	2.547580751642867e-29
0.7471067802338451	0.747106780233845	0.7471067802338448	0.7471067802338446	0.7471067802338442	0.7471067802338437	0.7471067802338429	0.7471067802338417	0.74710678023384	0.7471067802338373	0.747106780233833	0.7471067802338267	0.7471067802338167	0.7471067802338008	0.7471067802337756	0.747106780233736	0.7471067802336732	0.7471067802335737	0.7471067802334161	0.7471067802331662	0.747106780232769	0.7471067802321371	0.747106780231132	0.7471067802295334	0.7471067802269884	0.7471067802229355	0.7471067802164816	0.747106780206203	0.7471067801898289	0.7471067801637484	0.7471067801222054	0.7471067800560375	0.7471067799506586	0.7471067797828542	0.7471067795156877	0.7471067790904106	0.7471067784136006	0.7471067773367654	0.7471067756239612	0.7471067729004409	0.7471067685712603	0.7471067616923335	0.7471067507662746	0.7471067334193646	0.7471067058907459	0.7471066622252652	0.7471065929989195	0.7471064833076925	0.7471063095965569	0.7471060346635718	0.7471055997951869	0.7471049123955121	0.7471038265440143	0.747102112464919	0.7470994086249687	0.7470951466387805	0.747088433644392	0.7470778682144957	0.7470612524803554	0.74703514230554	0.7469941449278165	0.746929823073829	0.7468289861849488	0.7466710276039369	0.7464237773464055	0.7460370461101803	0.7454325795681609	0.7444884328907523	0.7430146748995974	0.7407156242789151	0.7371311802274245	0.7315457500399496	0.7228471355291103	0.7093089008340138	0.6882591192813955	0.6555961962046806	0.6051754883301733	0.5284848972444101	0.41677275499054933	0.27336595868939934	0.1397103814013535	0.06394337239494721	0.034815935895765496	0.024013976823926766	0.01722097750113385	0.009657620141773625	0.0035009082207088293	0.0014769307625431092	0.000908355951761627	0.00043384627100654006	0.0001188346043027731	0.00005526081055500269	0.000022470141975870324	5.12704776159239e-6	2.213689327426572e-6	4.0415581193228886e-7	1.2825011698036565e-7	6.881335702483597e-9	7.251401860966389e-11	5.080075266670004e-13	5.508110894154281e-29
0.8464675857846244	0.8464675857846242	0.8464675857846241	0.8464675857846238	0.8464675857846234	0.8464675857846229	0.8464675857846221	0.8464675857846208	0.846467585784619	0.8464675857846161	0.8464675857846119	0.8464675857846051	0.8464675857845947	0.8464675857845779	0.846467585784552	0.8464675857845104	0.8464675857844448	0.8464675857843409	0.8464675857841764	0.8464675857839156	0.8464675857835009	0.8464675857828414	0.8464675857817922	0.8464675857801236	0.8464675857774674	0.8464675857732373	0.846467585766501	0.8464675857557729	0.8464675857386825	0.8464675857114601	0.8464675856680975	0.8464675855990285	0.8464675854890261	0.8464675853138511	0.8464675850349367	0.8464675845909347	0.8464675838842821	0.8464675827598921	0.8464675809713171	0.8464675781270871	0.8464675736056381	0.846467566420521	0.8464675550069505	0.8464675368840047	0.8464675081203622	0.846467462489886	0.84646739013794	0.8464672754763596	0.8464670938635676	0.8464668063725054	0.8464663515515228	0.8464656324601766	0.8464644962864879	0.8464627023265335	0.8464598717224924	0.8464554086313137	0.8464483766838319	0.8464373055293692	0.8464198881315247	0.8463925074679054	0.8463494970082713	0.8462819859854228	0.8461760974293995	0.8460101377304319	0.8457502154777646	0.8453434146262635	0.8447071606353304	0.843712661724541	0.8421591311419002	0.8397336692322069	0.8359488500835912	0.8300456860428718	0.8208429845133376	0.8065043580204043	0.7841816683176789	0.7494867596550228	0.6957913847840314	0.6136994293734991	0.4926515219204098	0.33246364684725566	0.1743033038933913	0.07955835726385338	0.04259725200953592	0.02931650986052409	0.021469438639214387	0.012698048704158178	0.004783284985229605	0.0019406040494707	0.0011985329165039868	0.0006207594480110305	0.00017395746429407956	0.00007737292168162439	0.00003508535337492075	7.88129550409041e-6	3.4703561194346647e-6	7.024217986569247e-7	2.1681745284239965e-7	1.647730745399116e-8	1.716549591666226e-10	1.151846716727708e-12	1.199845716202066e-28
0.9598689322876989	0.9598689322876988	0.9598689322876985	0.9598689322876984	0.9598689322876981	0.9598689322876974	0.9598689322876964	0.9598689322876952	0.9598689322876932	0.9598689322876901	0.9598689322876858	0.9598689322876788	0.9598689322876678	0.9598689322876506	0.959868932287623	0.9598689322875797	0.9598689322875114	0.959868932287403	0.9598689322872314	0.9598689322869591	0.9598689322865266	0.9598689322858387	0.9598689322847441	0.9598689322830035	0.959868932280233	0.9598689322758205	0.9598689322687937	0.9598689322576028	0.9598689322397757	0.9598689322113783	0.9598689321661437	0.9598689320940902	0.9598689319793311	0.9598689317965726	0.959868931505571	0.9598689310423029	0.9598689303049434	0.9598689291316193	0.9598689272650714	0.9598689242966152	0.9598689195772828	0.9598689120770093	0.9598689001616081	0.9598688812397558	0.95986885120456	0.959868803550741	0.9598687279799837	0.959868608199141	0.9598684184467745	0.9598681180174613	0.9598676426363175	0.9598668908821909	0.9598657028338654	0.9598638265107172	0.9598608651724407	0.959856194624808	0.9598488335597974	0.9598372404083313	0.95981899528483	0.9597903023714762	0.9597452118775776	0.9596744042799926	0.9595632916392751	0.9593890538345521	0.9591160142440422	0.9586884271146795	0.9580192312872039	0.9569725187603292	0.955336211119846	0.9527794829452557	0.9487864352952587	0.9425528220178462	0.932825434047541	0.9176530514377784	0.8940035294316399	0.8571900484617055	0.800083123214267	0.712378944406898	0.5816621280203641	0.40384552178083744	0.21794183648571763	0.09947742353342623	0.05227225119602286	0.03579643801879036	0.026700416404290512	0.01661401942131857	0.006574487612177639	0.0025637051469107647	0.0015764720156469685	0.0008793431264764324	0.00025832252850162306	0.00010816242991955773	0.00005390113281376764	0.000012364097528907195	5.3513929424763e-6	1.2570935770678968e-6	3.582395381130731e-7	3.9908984193652006e-8	4.217091372098727e-10	2.6987336520228426e-12	2.689615523930305e-28
1.088779900879902	1.088779900879902	1.0887799008799017	1.0887799008799015	1.088779900879901	1.0887799008799006	1.0887799008798995	1.0887799008798982	1.0887799008798962	1.088779900879893	1.0887799008798884	1.088779900879881	1.0887799008798695	1.0887799008798513	1.088779900879823	1.0887799008797778	1.0887799008797063	1.0887799008795933	1.0887799008794143	1.0887799008791306	1.0887799008786796	1.0887799008779626	1.0887799008768215	1.088779900875007	1.0887799008721188	1.0887799008675194	1.0887799008601946	1.0887799008485295	1.0887799008299461	1.0887799008003438	1.0887799007531893	1.0887799006780745	1.088779900558436	1.0887799003678993	1.0887799000644998	1.0887798995814681	1.0887798988126094	1.0887798975890854	1.088779895642544	1.088779892546634	1.088779887624264	1.088779879800601	1.0887798673702176	1.0887798476284483	1.0887798162881268	1.0887797665573227	1.088779687682026	1.0887795626449082	1.0887793645339516	1.088779050816245	1.0887785543150685	1.0887777690027622	1.0887765276474797	1.0887745666693622	1.0887714709288496	1.0887665870521548	1.0887588874638758	1.0887467572443772	1.0887276602351557	1.0886976163207893	1.0886503835999464	1.0885761795478357	1.0884596822990273	1.08827690819272	1.0879903355981893	1.0875412923757435	1.0868380742504662	1.0857374033535558	1.084015497985384	1.081322938407986	1.0771142652966939	1.0705382058103212	1.0602666614872878	1.0442289310305581	1.0192014266769847	0.9801871198825349	0.9195386370378196	0.8260237035280704	0.6853394284181755	0.48920841610422416	0.2724980644928599	0.12480917811193756	0.06426892648141937	0.043669262803460084	0.03308365226950508	0.021575241244602084	0.009047547306253975	0.0034006428667255743	0.0020639294187659	0.0012281489985497096	0.0003867741102743755	0.00015075550271667095	0.00008097084724309104	0.00001972281254850283	8.103635197522856e-6	2.2686924608624483e-6	5.788734400213238e-7	9.36085249929731e-8	1.050090687615688e-9	6.39694828146329e-12	6.086854353834413e-28
1.235394453823487	1.2353944538234867	1.2353944538234867	1.2353944538234862	1.2353944538234858	1.2353944538234851	1.2353944538234845	1.2353944538234827	1.2353944538234807	1.2353944538234773	1.2353944538234725	1.235394453823465	1.235394453823453	1.235394453823434	1.2353944538234045	1.2353944538233572	1.2353944538232828	1.235394453823165	1.2353944538229786	1.2353944538226829	1.2353944538222132	1.2353944538214658	1.2353944538202775	1.2353944538183872	1.235394453815379	1.2353944538105879	1.235394453802958	1.235394453790807	1.2353944537714496	1.2353944537406136	1.2353944536914931	1.2353944536132442	1.2353944534886105	1.2353944532901098	1.2353944529740162	1.2353944524707487	1.2353944516696367	1.2353944503947096	1.2353944483662511	1.2353944451398167	1.235394440009503	1.235394431854613	1.2353944188967243	1.2353943983150257	1.235394365637593	1.2353943137786751	1.235394231517102	1.2353941010930178	1.2353938944144682	1.2353935670740728	1.235393048918058	1.2353922291917876	1.235390933159774	1.2353888853335968	1.235385651678381	1.235380548844926	1.2353725017128168	1.2353598199595752	1.2353398478544588	1.2353084156763166	1.23525898086652	1.2351812841216907	1.2350592474237623	1.2348676876693494	1.234567180161322	1.2340960323707362	1.2333577445095265	1.232201421458727	1.230391176141125	1.227558340214973	1.22312682839574	1.2161966048208217	1.2053618556545953	1.1884278167181548	1.1619721147091837	1.1206761014880098	1.0563581584619217	0.9568383479909441	0.8059071419532281	0.5909044353903324	0.3405283710797674	0.15716701989645096	0.07921658741465906	0.053244505466075696	0.04085877588755695	0.027812882419354184	0.012447036134497005	0.004536012530117019	0.0026924154451394796	0.0016926164868005134	0.0005826343095890451	0.0002100797335358151	0.00011917654753821755	0.000032008215153942415	0.000012109567408938528	4.068295884418814e-6	9.233678267729763e-7	2.0865829610370481e-7	2.663330610065805e-9	1.541083471188419e-11	1.3963428480846449e-27
1.4027781919279139	1.4027781919279136	1.4027781919279134	1.4027781919279132	1.4027781919279125	1.4027781919279119	1.402778191927911	1.4027781919279094	1.4027781919279072	1.4027781919279039	1.4027781919278988	1.4027781919278908	1.4027781919278783	1.4027781919278588	1.4027781919278277	1.4027781919277789	1.4027781919277011	1.4027781919275786	1.4027781919273843	1.4027781919270765	1.4027781919265874	1.4027781919258098	1.4027781919245725	1.4027781919226048	1.4027781919194733	1.4027781919144866	1.4027781919065445	1.4027781918938966	1.4027781918737479	1.40277819184165	1.4027781917905189	1.402778191709065	1.4027781915793225	1.4027781913726773	1.4027781910436017	1.4027781905196384	1.4027781896855394	1.4027781883580364	1.4027781862457884	1.4027781828858379	1.4027781775428019	1.402778169049048	1.4027781555514491	1.4027781341103114	1.4027781000645758	1.4027780460276675	1.4027779603000574	1.4027778243614193	1.4027776089111523	1.402777267621425	1.4027767272877418	1.4027758723104369	1.4027745202610964	1.4027723834391401	1.4027690084271325	1.4027636811180804	1.402755277589386	1.4027420300943205	1.4027211600770202	1.4026883029717834	1.4026366071166365	1.4025553228018945	1.4024275938402389	1.4022270020800007	1.401912162099481	1.4014182674957518	1.4006438711927593	1.3994302140787906	1.397528902042741	1.3945513634922773	1.3898898193795266	1.382593727854705	1.3711767179133563	1.3533153465103125	1.32538104115948	1.2817219892189975	1.2136058123556026	1.1078864017765524	0.9464381050766586	0.7121167347656114	0.42551215698924255	0.19893688132040008	0.09805597379069846	0.06496665963962865	0.050361905541996294	0.03564485940106837	0.01712103165559301	0.006106940968845129	0.0035087376267766497	0.0023087564361667567	0.0008827262733657613	0.0002943811002244392	0.00017276527592490658	0.00005293447790523666	0.000018000250073069952	7.1776382104469336e-6	1.4752058976024035e-6	4.388093451388238e-7	7.047670486825002e-9	3.8574405313738497e-11	3.3111372707381576e-27
1.5932800616796967	1.5932800616796967	1.5932800616796963	1.593280061679696	1.5932800616796954	1.5932800616796947	1.5932800616796936	1.5932800616796923	1.5932800616796898	1.5932800616796863	1.5932800616796807	1.5932800616796727	1.5932800616796594	1.5932800616796392	1.593280061679607	1.5932800616795562	1.5932800616794753	1.5932800616793477	1.5932800616791454	1.5932800616788252	1.5932800616783165	1.5932800616775078	1.5932800616762208	1.5932800616741738	1.5932800616709168	1.5932800616657303	1.59328006165747	1.5932800616443155	1.5932800616233596	1.5932800615899745	1.5932800615367935	1.593280061452071	1.5932800613171185	1.5932800611021682	1.593280060759853	1.5932800602147836	1.5932800593470424	1.5932800579659165	1.5932800557682074	1.5932800522720703	1.5932800467120427	1.5932800378726018	1.5932800238243827	1.5932800015063608	1.593279966064419	1.593279909804877	1.593279820539798	1.593279678972271	1.5932794545672528	1.5932790990350925	1.5932785360542392	1.5932776450735946	1.5932762358010506	1.5932740080496068	1.593270488578654	1.5932649318149412	1.5932561638938485	1.5932423378088563	1.5932205492211464	1.5931862339489795	1.5931322235231662	1.5930472653736716	1.5929137049910993	1.5927038565203537	1.5923743208383818	1.591857091603505	1.5910456344402377	1.5897730981576934	1.5877782095346846	1.5846518860191103	1.5797536611665361	1.5720808624224838	1.560063905290123	1.5412463439918347	1.5117864451085008	1.4656883675837171	1.3936534662740554	1.2815528565036598	1.1093440982260379	0.8553859456304256	0.5305606219494027	0.2526934258890528	0.12181472774482413	0.07927118227810202	0.06190260733472154	0.045362084911757965	0.023426670394536397	0.008290015856121295	0.004564428410495233	0.0031132943344201057	0.001331024471088283	0.000415045369359097	0.00024651138866677415	0.00008773759743359973	0.000026641230479402234	0.000012213558722684737	2.374494942503731e-6	8.524963060683521e-7	1.9029566077780335e-8	9.850193717487196e-11	7.984745446142787e-27
1.8101774568352598	1.8101774568352593	1.8101774568352587	1.8101774568352587	1.810177456835258	1.8101774568352573	1.8101774568352564	1.810177456835255	1.810177456835252	1.8101774568352487	1.810177456835243	1.8101774568352345	1.810177456835221	1.8101774568351996	1.8101774568351658	1.810177456835113	1.8101774568350288	1.8101774568348965	1.8101774568346862	1.8101774568343534	1.8101774568338245	1.810177456832984	1.8101774568316464	1.8101774568295188	1.8101774568261342	1.8101774568207443	1.8101774568121602	1.8101774567984887	1.810177456776712	1.810177456742017	1.8101774566867492	1.8101774565987006	1.8101774564584456	1.8101774562350423	1.8101774558792518	1.8101774553127006	1.810177454410717	1.81017745297501	1.8101774506903074	1.8101774470555354	1.8101774412746037	1.8101774320832178	1.8101774174743699	1.8101773942634514	1.8101773573996836	1.810177298876496	1.8101772060082868	1.8101770587067143	1.8101768251784904	1.8101764551339452	1.8101758690731748	1.810174941395207	1.810173473786085	1.8101711533181102	1.8101674865184734	1.810161695689148	1.810152555962567	1.810138139361835	1.8101154130040689	1.8100796086309698	1.8100232337517594	1.8099345212558977	1.809794999375852	1.809575683817215	1.8092311117959337	1.808689995715175	1.8078405813549876	1.8065077090850934	1.804416872912862	1.8011379004987689	1.795996689672586	1.7879368826474942	1.7753031359922444	1.7555018458338243	1.7244714113339814	1.6758614662647418	1.599792094872277	1.481135996080681	1.2979389577934612	1.0241177992299222	0.6596542285255365	0.32201580052888185	0.15198671872198138	0.09676962784099229	0.07590292368376457	0.057354835499019895	0.03181828713321004	0.011359139148393548	0.005934581557145776	0.004156556546947378	0.001985653666866727	0.0005912150500323565	0.0003472255645604704	0.00014394351304678626	0.000039499386407386756	0.00001999703372193223	3.9045558939146175e-6	1.5425803926771557e-6	5.246805588727686e-8	2.5770440882488825e-10	1.9654433514751773e-26
2.0572276368481393	2.0572276368481393	2.057227636848139	2.0572276368481384	2.0572276368481384	2.0572276368481375	2.057227636848136	2.057227636848134	2.0572276368481317	2.057227636848128	2.0572276368481224	2.0572276368481126	2.057227636848099	2.057227636848077	2.057227636848042	2.057227636847987	2.0572276368479	2.057227636847762	2.0572276368475433	2.057227636847198	2.0572276368466484	2.0572276368457754	2.0572276368443867	2.0572276368421774	2.0572276368386624	2.0572276368330664	2.057227636824153	2.057227636809958	2.0572276367873457	2.057227636751321	2.0572276366939333	2.0572276366025064	2.057227636456865	2.0572276362248765	2.0572276358553983	2.0572276352670267	2.057227634330262	2.05722763283911	2.057227630466035	2.0572276266904246	2.057227620685064	2.057227611136095	2.057227595957596	2.057227571839341	2.0572275335306265	2.0572274727067645	2.057227376176095	2.057227223045398	2.057226980241528	2.057226595440099	2.057225985907105	2.0572250209020604	2.05722349394495	2.057221079135265	2.0572172623939533	2.0572112332952632	2.057201714995669	2.057186696976307	2.057163015269417	2.0571256934278312	2.0570669082760498	2.0569743673523835	2.056828764071576	2.056599787137089	2.0562398635794352	2.0556743486524542	2.054786144310593	2.0533915796487525	2.0512025835876906	2.0477673488360018	2.04237724226543	2.0339207499819953	2.020654354897685	1.9998433439790102	1.9671998528155221	1.916008944763924	1.835795028224675	1.710417599653287	1.5160194593585357	1.2221818321482183	0.8172711743275113	0.4114617778008813	0.1906011927292087	0.1182439838785294	0.09287482691789284	0.07209047658863833	0.042821759103058195	0.015718155505092004	0.007722957547868924	0.005502146177278161	0.0029164408311766464	0.0008546444844012367	0.0004841192643835365	0.00023113414874056078	0.00005910696848662233	0.000031617419747323866	6.653335555324078e-6	2.6379964481219374e-6	1.4696664817454068e-7	6.937537259924674e-10	4.956819155053454e-26
2.3387341048233945	2.338734104823394	2.3387341048233936	2.338734104823393	2.3387341048233927	2.3387341048233923	2.338734104823391	2.338734104823389	2.3387341048233865	2.3387341048233825	2.3387341048233763	2.338734104823367	2.3387341048233523	2.338734104823329	2.3387341048232932	2.338734104823236	2.338734104823146	2.3387341048230024	2.338734104822776	2.338734104822417	2.338734104821847	2.338734104820941	2.3387341048195	2.3387341048172074	2.338734104813561	2.3387341048077555	2.338734104798508	2.3387341047837813	2.338734104760324	2.338734104722951	2.338734104663414	2.3387341045685623	2.3387341044174614	2.3387341041767713	2.3387341037934184	2.33873410318293	2.3387341022109083	2.338734100663553	2.338734098200894	2.3387340942825063	2.3387340880496157	2.3387340781381	2.3387340623820023	2.338734037343679	2.338733997569622	2.3387339344123985	2.3387338341668444	2.3387336751229344	2.338733422908458	2.338733023133451	2.33873238978014	2.338731386888545	2.338729799683706	2.3387272890844852	2.3387233200702147	2.338717048945662	2.338707146015437	2.3386915168010574	2.3386668639531627	2.3386279991100105	2.338566762360668	2.3384703260541007	2.3383185327659928	2.3380797180728057	2.3377041561586056	2.3371137753598243	2.336186019528276	2.3347285190301665	2.332439329768998	2.3288445030091403	2.323200040698352	2.314337899009244	2.3004241253405677	2.278579187430216	2.2442829298968237	2.190446344265989	2.1059844719411385	1.97372963239742	1.7679325819076959	1.4539791655014616	1.0083939278702718	0.5267167256382024	0.2404363594209	0.1447062866855721	0.11344084503822138	0.09012905045328516	0.05703815772618984	0.021952233642632702	0.010076423375741255	0.007230642906109828	0.004205026493974484	0.0012587080621159286	0.0006698251361212476	0.0003608227526174204	0.00009009207171284248	0.00004857469416283184	0.000011835980677348104	4.3277843917620045e-6	4.1076899151174963e-7	1.9302460234566154e-9	1.2857390416182555e-25
2.659616298154301	2.6596162981543006	2.6596162981543006	2.6596162981543006	2.6596162981542992	2.659616298154299	2.6596162981542975	2.6596162981542957	2.6596162981542926	2.6596162981542886	2.6596162981542824	2.6596162981542726	2.659616298154257	2.6596162981542335	2.6596162981541958	2.6596162981541367	2.659616298154043	2.659616298153894	2.659616298153659	2.6596162981532867	2.6596162981526956	2.659616298151757	2.659616298150263	2.659616298147887	2.659616298144107	2.6596162981380895	2.6596162981285048	2.65961629811324	2.6596162980889266	2.6596162980501896	2.659616297988479	2.659616297890164	2.6596162977335407	2.659616297484049	2.659616297086664	2.6596162964538057	2.6596162954461224	2.6596162938419172	2.659616291288642	2.659616287225826	2.659616280762761	2.6596162704844644	2.6596162541439825	2.6596162281747153	2.6596161869178703	2.659616121399298	2.6596160173939296	2.6596158523646403	2.6596155906235768	2.65961517568851	2.659614518214844	2.6596134769536586	2.659611828722923	2.6596092210796023	2.659605097768298	2.6595985813495973	2.6595882885068334	2.659572039553458	2.65954640173002	2.6595059714611775	2.659442246727131	2.6593418559225452	2.6591837764704156	2.658934967408381	2.6585435117202305	2.6579278479001816	2.656959858305635	2.655438304431872	2.65304708877729	2.6492896585067776	2.6433858864622373	2.634109936071067	2.6195353337940297	2.596634295353282	2.560648780741102	2.50410684913921	2.415301334991996	2.276024250307578	2.0586461525814173	1.7245156232836454	1.2385265636276739	0.6746782834113564	0.30531384313212856	0.17748408619306888	0.13835982313982154	0.11214111656889435	0.0751550162793913	0.030880944789310052	0.013208595121378635	0.009444431922113758	0.005947453761516506	0.0018921856373836216	0.0009220409350220911	0.0005469283415078553	0.00014124656872086726	0.00007297111572448664	0.000021749674597335696	6.8973737550760415e-6	1.1023414253555673e-6	5.575482385399017e-9	3.443545541239599e-25
3.0254773437703486	3.0254773437703486	3.025477343770348	3.0254773437703473	3.0254773437703473	3.025477343770346	3.0254773437703446	3.025477343770343	3.02547734377034	3.0254773437703357	3.025477343770329	3.025477343770319	3.0254773437703033	3.025477343770278	3.0254773437702394	3.025477343770178	3.025477343770081	3.0254773437699267	3.025477343769683	3.0254773437692974	3.0254773437686855	3.025477343767713	3.0254773437661657	3.0254773437637046	3.02547734375979	3.025477343753558	3.0254773437436326	3.0254773437278257	3.0254773437026476	3.0254773436625344	3.02547734359863	3.02547734349682	3.0254773433346234	3.02547734307625	3.025477342664703	3.02547734200927	3.025477340965596	3.025477339304017	3.025477336659287	3.0254773324506994	3.0254773257553085	3.025477315106781	3.025477298176385	3.0254772712672957	3.0254772285134024	3.0254771606105644	3.0254770528085393	3.025476881734573	3.0254766103714537	3.0254761801224963	3.0254754982804126	3.0254744182493156	3.025472708346137	3.025470002613628	3.025465723314398	3.025458958863224	3.025448271668919	3.025431395772955	3.0254047612712665	3.025362746542241	3.025296502825961	3.0251921069809136	3.025027658842082	3.0247687204862483	3.024361150107572	3.0237198410244894	3.0227110228070364	3.021124437233808	3.0186295838110646	3.01470689213238	3.0085394203300613	2.998842401808582	2.983594956878916	2.9596179342098217	2.921910313020114	2.8626091080558504	2.7693731144784275	2.622941860372305	2.393817575435196	2.039474291584631	1.5137287711203768	0.8634273156365991	0.39048811981719933	0.2183443000633201	0.1685590727078096	0.13892755303263415	0.09796600491711165	0.04359224535108542	0.01743911785523224	0.012274121145659723	0.008259489905740653	0.002896121761268296	0.001266349283253114	0.0008070132093130324	0.00022918455565067131	0.0001077851033630171	0.0000400366242919866	0.000010794210073663321	2.703762890174072e-6	1.6789951601865317e-8	9.559401441926786e-25
3.442659285624763	3.442659285624763	3.442659285624763	3.4426592856247624	3.4426592856247615	3.442659285624761	3.442659285624759	3.442659285624757	3.4426592856247544	3.4426592856247495	3.442659285624743	3.4426592856247327	3.442659285624716	3.44265928562469	3.44265928562465	3.4426592856245866	3.4426592856244858	3.4426592856243263	3.4426592856240736	3.442659285623675	3.4426592856230416	3.4426592856220353	3.4426592856204343	3.4426592856178875	3.442659285613837	3.4426592856073897	3.442659285597121	3.4426592855807674	3.44265928555472	3.442659285513221	3.4426592854471063	3.4426592853417772	3.4426592851739692	3.4426592849066533	3.442659284480847	3.4426592838026853	3.4426592827227736	3.442659281003426	3.44265927826661	3.442659273911239	3.442659266981898	3.442659255960535	3.4426592384360366	3.442659210580392	3.442659166318611	3.442659096014039	3.4426589843871978	3.4426588072230992	3.442658526164511	3.4426580804829543	3.44265737408034	3.442656254968122	3.44265448288783	3.4426516782469245	3.4426472416284875	3.4426402269790106	3.4426291419054293	3.4426116333139385	3.442583992740115	3.4425403781921506	3.4424715903486582	3.442363148237867	3.4421922637293605	3.441923084795798	3.4414992164846003	3.4408319599574497	3.4397818140486427	3.4381293713167858	3.43552951284148	3.431439291870785	3.4250043538865493	3.41488000547658	3.3989493005850004	3.373878964725084	3.334420464222288	3.2723125219390994	3.1745692424879737	3.020866637708375	2.779850017214117	2.4052762237985603	1.8406621007077584	1.1020508058395144	0.5031219266056133	0.2696732069429778	0.20517419547773352	0.17144030868032023	0.12639584680497062	0.06142914702825563	0.02325872245849401	0.015887227843364996	0.011283404434121852	0.0044753140333400575	0.001741354113015807	0.0011638918225955006	0.00038300115791725555	0.00015732369314493152	0.00007136641573583383	0.00001677385816594338	5.885461566099518e-6	5.28752745874686e-8	2.759897450341789e-24
3.918265267527101	3.918265267527101	3.918265267527101	3.9182652675271004	3.9182652675270986	3.918265267527098	3.918265267527097	3.9182652675270955	3.918265267527092	3.9182652675270875	3.91826526752708	3.9182652675270684	3.918265267527052	3.9182652675270253	3.918265267526984	3.9182652675269183	3.9182652675268144	3.9182652675266487	3.9182652675263876	3.918265267525974	3.91826526752532	3.9182652675242795	3.9182652675226244	3.9182652675199914	3.918265267515805	3.9182652675091405	3.918265267498528	3.9182652674816243	3.9182652674547027	3.918265267411811	3.918265267343478	3.918265267234614	3.9182652670611695	3.9182652667848705	3.9182652663447426	3.918265265643752	3.918265264527443	3.918265262750072	3.918265259920761	3.918265255417947	3.9182652482535967	3.9182652368576916	3.9182652187363414	3.9182651899297003	3.918265144152848	3.918265071434905	3.9182649559643785	3.918264772679516	3.918264481875657	3.9182640206804242	3.9182632895851417	3.918262131176161	3.918260296566374	3.918257392440421	3.918252797557991	3.9182455311600255	3.91823404566019	3.918215900182574	3.918187246632358	3.918142020873726	3.9180706700799655	3.917958150557664	3.9177807780673386	3.9175012729094174	3.917060964335896	3.916367523505941	3.9152756551962353	3.9135566966759963	3.9108507327541338	3.9065911419134283	3.8998856560171897	3.889328813947895	3.872706193506234	3.84652804215611	3.805294417715334	3.7403394812997446	3.6380233771221433	3.4769489736567407	3.223915490632467	2.829108134642348	2.2266271256181143	1.400324104664124	0.6527788050293208	0.33473448327575617	0.2495972263132427	0.21080151696484098	0.1615243255692671	0.08591594673237539	0.031433152846920547	0.020500132556907715	0.015194646797513488	0.006890731547062342	0.002408442912293391	0.0016472818601494864	0.0006462449758855779	0.0002280744884121223	0.0001209279536806709	0.000026269373944017118	0.000011396605027579046	1.7401508511696776e-7	8.302367250078515e-24
4.460109578766323	4.460109578766323	4.460109578766323	4.460109578766323	4.460109578766322	4.460109578766321	4.460109578766319	4.460109578766317	4.460109578766314	4.460109578766309	4.460109578766302	4.460109578766289	4.4601095787662715	4.460109578766245	4.460109578766201	4.460109578766134	4.460109578766025	4.460109578765856	4.460109578765587	4.4601095787651595	4.460109578764483	4.460109578763408	4.460109578761698	4.46010957875898	4.460109578754657	4.460109578747775	4.460109578736816	4.460109578719362	4.460109578691564	4.460109578647278	4.460109578576721	4.460109578464315	4.460109578285224	4.460109577999925	4.460109577545451	4.460109576821589	4.460109575668812	4.460109573833312	4.460109570911331	4.460109566260791	4.460109558860974	4.460109547089782	4.460109528370359	4.460109498610721	4.460109451315511	4.460109376178777	4.4601092568556	4.460109067435151	4.460108766861407	4.460108290111604	4.460107534255574	4.46010633643629	4.460104439107386	4.460101435179246	4.460096681501607	4.460089162464286	4.460077275042372	4.460058490164102	4.460028819405488	4.459981975306572	4.459908049539646	4.459791432311002	4.45960753755148	4.459317648189116	4.458860801232152	4.458141009924347	4.457007137593885	4.455221185728932	4.452408306133077	4.447977970245674	4.440999601863041	4.430006302942525	4.4126850419806205	4.385387678076	4.342359673849858	4.2745254599281255	4.167583543079395	3.9990557572527266	3.733905714360812	3.318877494949245	2.6795456792134766	1.7683061105829205	0.8517507453118633	0.41802145366343274	0.3035309033243745	0.2583150893801733	0.2046006503962853	0.11865225773645732	0.043153191239396683	0.02639455454369693	0.020207044675317625	0.010430147165909969	0.003370312212522246	0.0022954059159829977	0.0010718000597131256	0.0003304626563927025	0.00019472784160336624	0.00004235033362058927	0.000020114383316082726	5.913341212196007e-7	2.5960738398598352e-23
5.0772090783993304	5.0772090783993304	5.07720907839933	5.07720907839933	5.077209078399329	5.077209078399327	5.077209078399326	5.0772090783993225	5.07720907839932	5.0772090783993145	5.0772090783993065	5.077209078399295	5.077209078399277	5.077209078399249	5.077209078399204	5.077209078399133	5.077209078399023	5.077209078398847	5.077209078398568	5.077209078398128	5.077209078397429	5.07720907839632	5.077209078394557	5.0772090783917525	5.077209078387291	5.077209078380193	5.077209078368889	5.077209078350885	5.07720907832221	5.077209078276529	5.07720907820375	5.077209078087803	5.0772090779030705	5.077209077608776	5.0772090771399645	5.077209076393246	5.0772090752040295	5.077209073310439	5.077209070295849	5.077209065497677	5.077209057862536	5.077209045716268	5.077209026399082	5.077208995686885	5.077208946873921	5.077208869319191	5.077208746144308	5.077208550589244	5.077208240246207	5.0772077479411415	5.077206967320372	5.077205730079447	5.077203770004743	5.0772006662171	5.077195753627365	5.077187981720576	5.077175691934461	5.0771562668215955	5.077125577304032	5.077077112013729	5.0770006060791	5.07687988175192	5.076689447849621	5.076389144132884	5.07591570517263	5.075169468413572	5.073993424442776	5.072140184355811	5.069219871840757	5.064617886067549	5.0573650564488775	5.045932553254243	5.027907884106342	4.999483062919886	4.954646495854973	4.883908850813492	4.772300979379981	4.596257702586897	4.318917427639552	3.8836980738497093	3.2084813448032885	2.2165937761382115	1.1155052308463107	0.5259226690714547	0.3691464928683968	0.31554644444586316	0.25711947459191214	0.16131503395891952	0.06026103673276012	0.03395514834822156	0.026586998747095577	0.015391636129620172	0.004808573409742524	0.003158418733602067	0.0017150934262757948	0.0004831105668245548	0.00030073900936891586	0.00007205521417950634	0.000033270506042016354	2.014279422334722e-6	8.404285459032939e-23
5.784005403964528	5.784005403964528	5.784005403964526	5.784005403964526	5.7840054039645254	5.784005403964525	5.784005403964523	5.784005403964521	5.784005403964517	5.784005403964512	5.784005403964504	5.784005403964492	5.784005403964473	5.784005403964443	5.784005403964397	5.784005403964326	5.78400540396421	5.784005403964029	5.784005403963741	5.784005403963287	5.784005403962566	5.784005403961424	5.784005403959607	5.784005403956716	5.784005403952118	5.784005403944801	5.784005403933153	5.784005403914598	5.7840054038850495	5.784005403837979	5.784005403762982	5.784005403643501	5.78400540345314	5.784005403149873	5.78400540266676	5.784005401897241	5.784005400671677	5.784005398720141	5.7840053956131685	5.784005390667728	5.784005382797836	5.784005370277389	5.784005350363842	5.784005318701265	5.784005268373927	5.784005188406421	5.784005061387857	5.784004859710399	5.78400453961663	5.784004031784207	5.784003226440278	5.784001949838977	5.783999927107457	5.783996723587118	5.783991652261706	5.783983627722243	5.783970935873286	5.783950870875688	5.783919162933162	5.783869076601457	5.78378999008393	5.783665156879043	5.783468179087749	5.783157450192891	5.782667396417181	5.781894668365521	5.780676363537797	5.778755665528059	5.775727602859395	5.770953382191097	5.763425024426328	5.75155138942067	5.732819858593254	5.7032614425488735	5.656605504228408	5.582945650483731	5.46664009933285	5.283031716327044	4.993443095238884	4.538066010970881	3.827837162618504	2.760534396459857	1.4666343969194393	0.6694660235802155	0.44998381481746186	0.3849302233831648	0.32139717217382135	0.2162390746605865	0.08595470957215946	0.04384408573915945	0.03474854973567363	0.02217317741634193	0.007103311435082535	0.004317224441788003	0.0026475562001460136	0.0007288673159068957	0.0004521736051809246	0.00013257521857082486	0.00005299571049539668	6.794080790812439e-6	3.003106694998627e-22
6.587005105023425	6.587005105023425	6.587005105023424	6.587005105023422	6.587005105023422	6.5870051050234215	6.58700510502342	6.587005105023417	6.5870051050234135	6.587005105023408	6.5870051050234	6.587005105023388	6.587005105023367	6.587005105023337	6.58700510502329	6.587005105023216	6.587005105023097	6.587005105022911	6.587005105022614	6.587005105022145	6.587005105021403	6.587005105020227	6.587005105018356	6.587005105015379	6.587005105010644	6.587005105003113	6.587005104991121	6.587005104972021	6.5870051049416025	6.587005104893149	6.5870051048159475	6.587005104692958	6.587005104497003	6.5870051041848185	6.587005103687496	6.587005102895321	6.587005101633642	6.58700509962453	6.587005096425768	6.587005091333999	6.5870050832308475	6.587005070338591	6.58700504983243	6.5870050172254055	6.587004965393057	6.587004883027545	6.587004752188574	6.587004544425304	6.587004214638241	6.5870036913684284	6.587002861442043	6.587001545699915	6.586999460653349	6.586996157930963	6.586990928691285	6.586982652786703	6.586969560823685	6.586948858925066	6.586916137104304	6.586864436621241	6.586782779895142	6.586653853313402	6.5864503545825555	6.586129234102498	6.585622613987443	6.584823463319076	6.583562992549636	6.5815749632927965	6.578439310790127	6.573493040596101	6.5656893320437355	6.553374649696404	6.533936060880325	6.503243189513546	6.4547656219563345	6.378178609418014	6.2571658467389675	6.065977490448375	5.764132803196674	5.288684383370688	4.544228053710407	3.406734816089742	1.9213060308561236	0.8604098994341303	0.5489968646887701	0.4680574276499746	0.398911526476638	0.28478664990819724	0.12362100416428133	0.056769859299137186	0.04501105910002171	0.031050282591645627	0.01080362645670283	0.0058483026146462225	0.00392535927827298	0.0011439754049059675	0.0006619729619769066	0.00024828477289095115	0.00008163407603032811	0.00001916063219991992	1.0972685591529992e-21
7.506788335871447	7.506788335871447	7.506788335871447	7.506788335871446	7.506788335871446	7.506788335871445	7.506788335871443	7.506788335871439	7.506788335871437	7.50678833587143	7.506788335871422	7.506788335871409	7.506788335871388	7.506788335871358	7.506788335871308	7.506788335871231	7.506788335871109	7.506788335870917	7.506788335870613	7.50678833587013	7.506788335869366	7.506788335868156	7.50678833586623	7.506788335863169	7.5067883358583005	7.506788335850552	7.506788335838221	7.5067883358185785	7.506788335787298	7.506788335737469	7.506788335658082	7.506788335531608	7.506788335330105	7.506788335009075	7.506788334497656	7.506788333683006	7.506788332385503	7.506788330319277	7.50678832702946	7.506788321792539	7.5067883134579985	7.506788300196895	7.506788279102825	7.506788245558807	7.506788192233249	7.506788107488378	7.506787972858454	7.506787759055838	7.506787419648626	7.506786881056478	7.506786026728301	7.506784672128546	7.506782525210068	7.506779123977729	7.506773737902412	7.506765212309789	7.5067517228335685	7.506730388055947	7.506696658556637	7.506643353444815	7.506559141076887	7.5064261432973565	7.506216157215098	7.505884695697133	7.505361584748674	7.5045361232511905	7.503233650248461	7.5011785262607935	7.4979356197588185	7.49281776610495	7.484739333422052	7.471984408093935	7.451839719418106	7.420013384803983	7.369714901328728	7.2902005282688815	7.164478509947219	6.965706615024637	6.6516128728195065	6.156186884589979	5.37818818465	4.1755243841175735	2.508543992279448	1.1225265365209138	0.6728281850747619	0.5686861169341882	0.4931609165071263	0.37030800623634896	0.17883889739911754	0.07432083335056346	0.058052201042285194	0.04263885251345311	0.01695637895826955	0.007914069018216886	0.005668420726031207	0.00190657292761296	0.0009558720741492727	0.0004536066681336562	0.00012410510903494598	0.000045267963271933815	4.469718232311891e-21
8.551277645762985	8.551277645762985	8.551277645762985	8.551277645762985	8.551277645762982	8.551277645762982	8.55127764576298	8.551277645762976	8.551277645762973	8.551277645762967	8.551277645762957	8.551277645762944	8.551277645762925	8.551277645762891	8.551277645762841	8.551277645762761	8.551277645762637	8.55127764576244	8.551277645762125	8.55127764576163	8.551277645760845	8.551277645759601	8.551277645757622	8.551277645754476	8.551277645749474	8.551277645741514	8.551277645728845	8.551277645708668	8.551277645676532	8.551277645625348	8.5512776455438	8.551277645413883	8.5512776452069	8.551277644877127	8.551277644351782	8.551277643514927	8.551277642182034	8.551277640059384	8.551277636679615	8.551277631299298	8.551277622736164	8.551277609110663	8.55127758743576	8.551277552965992	8.551277498165074	8.55127741106916	8.551277272693147	8.551277052922275	8.551276704007396	8.551276150270798	8.55127527182183	8.551273878807939	8.551271670716813	8.55126817207586	8.55126263089766	8.551253858339813	8.55123997562368	8.551218014664551	8.551183287968573	8.551128394606593	8.551041652146697	8.55090462295395	8.55068821134666	8.550346504666434	8.549807051212245	8.548955507771128	8.547611384725586	8.545489706230878	8.542140371494847	8.536852191731725	8.528500941168536	8.5153086490224	8.494462177033855	8.461508820528199	8.409398980070522	8.326971389396677	8.196561217244232	7.990238928046205	7.66395819415295	7.148715985537797	6.337821027838499	5.074236400631798	3.241795926218118	1.4798507482161156	0.8274635685108739	0.6891081728566414	0.6061512874634237	0.4746699580492254	0.25543536889317703	0.09846858528125045	0.07436817137218554	0.057369906366471976	0.02656342913675958	0.010690155382096897	0.007974791813241372	0.0032440085132471553	0.0013590007019820955	0.0007695772856308338	0.00018702099527102706	0.00008871929324835073	1.8495380007315867e-20
9.74962127537624	9.74962127537624	9.749621275376239	9.749621275376239	9.749621275376237	9.749621275376237	9.749621275376233	9.749621275376231	9.749621275376226	9.74962127537622	9.749621275376212	9.749621275376198	9.749621275376175	9.749621275376144	9.749621275376091	9.74962127537601	9.74962127537588	9.749621275375677	9.749621275375356	9.749621275374846	9.749621275374041	9.749621275372762	9.749621275370732	9.749621275367502	9.749621275362367	9.749621275354198	9.749621275341195	9.749621275320491	9.749621275287511	9.749621275234988	9.749621275151311	9.749621275017995	9.749621274805603	9.74962127446721	9.749621273928128	9.749621273069376	9.749621271701585	9.749621269523292	9.74962126605482	9.7496212605331	9.749621251744538	9.749621237759682	9.74962121551197	9.749621180129214	9.749621123873212	9.749621034458444	9.749620892387401	9.749620666729212	9.7496203084349	9.74961973975681	9.749618837508034	9.749617406587275	9.749615138124437	9.749611543338313	9.74960584904822	9.749596832659675	9.74958256163294	9.749559982235303	9.749524270490667	9.749467807913538	9.749378565146744	9.749237551078938	9.749014786548123	9.748662947775399	9.748107327593505	9.747229974939916	9.745844624125429	9.743657043443676	9.74020228567832	9.734745324667989	9.726123623616862	9.712497581287852	9.690954832872183	9.656882811076713	9.602974255204055	9.517652541848271	9.382583206274951	9.168755871672822	8.830367302447144	8.295485818495179	7.452277980156724	6.131402102114032	4.153396718238008	1.9800608157142614	1.0272015474096514	0.835303583424306	0.7431805393639194	0.6030339162490559	0.35961806715354605	0.13394387823878373	0.0951189572000264	0.07627104896912114	0.04102137940643833	0.014619969977146362	0.011059568490059207	0.0054804620462638835	0.0019285710659137896	0.0012333634385939029	0.0002900178725983294	0.00015460908548962975	8.854924803655108e-20
11.116665916908039	11.116665916908039	11.116665916908039	11.116665916908037	11.116665916908037	11.116665916908035	11.116665916908035	11.116665916908032	11.116665916908026	11.116665916908019	11.11666591690801	11.116665916907994	11.116665916907973	11.11666591690794	11.116665916907888	11.116665916907802	11.116665916907671	11.116665916907463	11.116665916907133	11.116665916906609	11.116665916905783	11.116665916904472	11.11666591690239	11.116665916899079	11.116665916893812	11.116665916885436	11.116665916872105	11.116665916850883	11.116665916817075	11.116665916763234	11.116665916677462	11.116665916540807	11.116665916323102	11.116665915976242	11.116665915423665	11.116665914543404	11.116665913141333	11.116665910908381	11.116665907352791	11.116665901692185	11.116665892682207	11.116665878344396	11.116665855534059	11.11666581925452	11.116665761569203	11.116665669876564	11.116665524175604	11.11666529273344	11.116664925223754	11.116664341864329	11.116663416228167	11.116661948053881	11.116659620253655	11.116655930958824	11.11665008614435	11.116640830013298	11.116626177130923	11.116602989479214	11.116566308742529	11.116508302244775	11.116416598987424	11.116271662667868	11.116042643624871	11.115680827275522	11.115109282755913	11.114206500778698	11.112780517022617	11.110527964641044	11.10696923799736	11.10134576602759	11.092457155534431	11.078402880860125	11.056172446367457	11.0209951222295	10.965308626164074	10.877125094907521	10.737446970870694	10.516194140073376	10.165829409042829	9.611556300710273	8.736637832212395	7.3613592946245925	5.2569128509875656	2.6674660280396587	1.2886281317058987	1.0117722869919668	0.9078135943063828	0.7588777375512936	0.4945324996513557	0.1876425302201359	0.12133160768986088	0.10015248865982528	0.061084790930756264	0.020425848460131228	0.015110228151863062	0.008799741218141567	0.0027437743317569436	0.0018765360979024542	0.0004792879742343286	0.00024328046487973593	4.1092146380089813e-19
12.736630882206784	12.736630882206784	12.736630882206784	12.73663088220678	12.73663088220678	12.736630882206779	12.736630882206775	12.736630882206773	12.736630882206768	12.73663088220676	12.736630882206754	12.736630882206738	12.736630882206716	12.736630882206681	12.736630882206626	12.73663088220654	12.736630882206406	12.73663088220619	12.736630882205853	12.736630882205315	12.73663088220447	12.736630882203123	12.736630882200991	12.736630882197598	12.736630882192205	12.736630882183624	12.736630882169973	12.736630882148235	12.736630882113618	12.73663088205848	12.736630881970653	12.736630881830717	12.736630881607786	12.736630881252607	12.736630880686771	12.736630879785388	12.736630878349638	12.736630876063012	12.736630872421863	12.73663086662485	12.736630857397422	12.736630842712978	12.736630819350088	12.736630782189783	12.736630723100639	12.73663062917063	12.73663047990411	12.736630242780159	12.73662986621719	12.736629268433484	12.73662831981725	12.736626815034374	12.736624428917299	12.73662064672745	12.736614653938265	12.736605162090273	12.736590133702807	12.736566347807	12.73652871384273	12.7364691882296	12.736375063475162	12.736226266142216	12.735991088662047	12.735619445308377	12.735032212171514	12.734104369467932	12.732638328465699	12.730321702427661	12.726660406006774	12.72087259998556	12.711720462736178	12.697243205192201	12.674333220884176	12.63806319014172	12.58061823452896	12.489603004137546	12.345362745430059	12.116757444111206	11.75453583000394	11.1810916052777	10.274971423490598	8.847565867086193	6.634634771697704	3.6646400125409064	1.6768630615188131	1.2378125846226125	1.1155246367458207	0.9574260504472695	0.6746226262169577	0.2824023868676525	0.15719676930167367	0.13210560523871143	0.08957793084438254	0.03149778658387875	0.020786825072373564	0.013767710919101284	0.004265046255677742	0.00280192837225965	0.0009402875469924731	0.00033980431087343065	1.394986856208596e-18
14.564775942041674	14.564775942041674	14.564775942041674	14.564775942041674	14.56477594204167	14.56477594204167	14.564775942041669	14.564775942041663	14.56477594204166	14.564775942041654	14.56477594204164	14.564775942041628	14.564775942041603	14.564775942041567	14.56477594204151	14.564775942041425	14.564775942041287	14.564775942041065	14.564775942040718	14.56477594204017	14.564775942039303	14.564775942037924	14.564775942035741	14.564775942032274	14.564775942026754	14.564775942017974	14.564775942004006	14.564775941981772	14.56477594194636	14.564775941889959	14.564775941800121	14.564775941656988	14.564775941428966	14.56477594106568	14.564775940486918	14.564775939564948	14.564775938096378	14.564775935757448	14.564775932032921	14.564775926102987	14.56477591666367	14.564775901641458	14.56477587774014	14.564775839721573	14.564775779264426	14.564775683154062	14.564775530412714	14.564775287751331	14.564774902364547	14.564774290521314	14.564773319504464	14.564771779033313	14.564769336060465	14.56476546329429	14.56475932620869	14.564749604476711	14.564734209830565	14.564709840342937	14.564671276361738	14.56461026838883	14.564513780324853	14.564361214067612	14.56412002385592	14.563738783982892	14.563136226755073	14.562183899760841	14.560678712949574	14.558299454317865	14.554537866591419	14.54858932929097	14.539179362907069	14.52428813504819	14.500712861307726	14.463372696264267	14.404205026399866	14.310414737100409	14.161702198421143	13.925887486318556	13.55203986594375	12.959813751947012	12.02320898387219	10.545645518448227	8.236779098828443	4.936843482900326	2.1992310948939267	1.508693450264481	1.3605571091914193	1.1929853626728617	0.893166185258762	0.4208603637471244	0.20243044765568907	0.17130855846996507	0.12545715249367526	0.04909969841385035	0.027972618794962722	0.02020723884526005	0.006730881448949001	0.00397868773157714	0.0017198761568988986	0.0004251902137351742	2.6437596535322874e-18
16.592055458957347	16.592055458957347	16.592055458957347	16.592055458957347	16.592055458957347	16.592055458957343	16.59205545895734	16.592055458957336	16.592055458957333	16.59205545895733	16.592055458957315	16.592055458957297	16.592055458957276	16.59205545895724	16.59205545895718	16.59205545895709	16.59205545895695	16.592055458956725	16.592055458956366	16.59205545895581	16.59205545895492	16.59205545895351	16.59205545895128	16.592055458947733	16.59205545894209	16.59205545893312	16.59205545891885	16.59205545889613	16.59205545885995	16.592055458802324	16.59205545871054	16.592055458564314	16.592055458331362	16.592055457960228	16.59205545736896	16.592055456427076	16.592055454926747	16.592055452537217	16.592055448732026	16.592055442673498	16.59205543302921	16.592055417680246	16.592055393258068	16.592055354409233	16.592055292628697	16.592055194409046	16.59205503830603	16.592054790287346	16.5920543963635	16.592053770916987	16.59205277822536	16.592051203220294	16.592048705227143	16.592044744802454	16.592038468057797	16.59202852381066	16.592012774612883	16.59198784012977	16.59194837566763	16.591885932241382	16.59178715535584	16.591630938459762	16.591383923356275	16.590993385281386	16.590375977797923	16.589399919283547	16.587856782885986	16.585416793206324	16.581557938148453	16.575453480817785	16.565793344380175	16.55050034629414	16.52627922955196	16.48789994882674	16.427059076961445	16.330572815769003	16.177514420745553	15.934692679970725	15.549544648961435	14.93906986435579	13.972884653957236	12.44695487007197	10.049746202301668	6.471010886017357	2.927893318408647	1.8336333558729505	1.6443973276371744	1.466868288997525	1.1507295947539598	0.6107399162144515	0.26197949219411104	0.21853420710271107	0.16933991905913306	0.0771292741358959	0.037072135365443015	0.028345468765110345	0.011277339499424055	0.005475163184537418	0.002865905690666002	0.0005127756670385707	3.560999954283447e-18
18.872853625769345	18.872853625769345	18.872853625769345	18.872853625769345	18.872853625769345	18.87285362576934	18.87285362576934	18.872853625769338	18.872853625769334	18.872853625769324	18.872853625769316	18.8728536257693	18.87285362576927	18.872853625769235	18.872853625769178	18.872853625769082	18.87285362576894	18.87285362576871	18.872853625768347	18.872853625767775	18.872853625766865	18.872853625765426	18.87285362576315	18.87285362575953	18.87285362575377	18.87285362574461	18.872853625730038	18.872853625706853	18.872853625669926	18.872853625611114	18.87285362551745	18.872853625368226	18.872853625130496	18.872853624751766	18.87285362414839	18.872853623187215	18.872853621656148	18.87285361921764	18.87285361533436	18.87285360915138	18.872853599308712	18.872853583643508	18.87285355871721	18.872853519064805	18.87285345600341	18.872853355742215	18.872853196385368	18.872852943181016	18.872852540993247	18.87285190237785	18.872850888702274	18.872849280261494	18.872846728993323	18.872842683682975	18.872836271683514	18.872826111914904	18.872810019268172	18.872784537411505	18.87274420043172	18.872680365917734	18.872579370589044	18.872419614685064	18.87216695174046	18.871767396266176	18.871135583889245	18.87013650027293	18.868556534943938	18.866057592383978	18.862104292239422	18.85584839582591	18.845945206882366	18.830261749761373	18.80541277594726	18.76602299676853	18.703554485231898	18.604444842654463	18.44715633916858	18.197512460011193	17.801361253085027	17.173126638548244	16.17820081567691	14.605651102845336	12.128437716234846	8.32959538442277	3.9081833350064694	2.225587166441035	1.9767511285617745	1.7886080949935095	1.4568484260256012	0.863407258930648	0.33906183822371866	0.27569712895014725	0.22311031716676788	0.11780737836399181	0.048524697070050825	0.03857285226893092	0.018339151704356915	0.007364559637624445	0.004457712324535889	0.0006036845290227828	4.090610453246425e-18
21.61158758604641	21.61158758604641	21.61158758604641	21.611587586046408	21.611587586046408	21.611587586046404	21.611587586046404	21.611587586046397	21.611587586046394	21.611587586046387	21.611587586046376	21.611587586046358	21.611587586046333	21.61158758604629	21.611587586046234	21.611587586046138	21.611587586045992	21.611587586045754	21.611587586045385	21.611587586044802	21.61158758604387	21.611587586042408	21.61158758604008	21.611587586036386	21.611587586030517	21.611587586021173	21.611587586006316	21.611587585982676	21.611587585945024	21.611587585885065	21.61158758578957	21.611587585637448	21.611587585395096	21.61158758500902	21.611587584393927	21.611587583414106	21.61158758185332	21.611587579367455	21.611587575408702	21.611587569105428	21.611587559071015	21.611587543100157	21.61158751768664	21.61158747725761	21.611587412958297	21.611587310723973	21.611587148222263	21.61158689000571	21.611586479829995	21.611585828484856	21.61158479452356	21.61158315375709	21.611580550977955	21.611576423584467	21.61156988078115	21.611559512557946	21.61154308767937	21.61151707624922	21.611475894991425	21.611410714181993	21.611307571444396	21.61114438916548	21.610886256952917	21.610477967175296	21.60983219869799	21.608810801473705	21.607195135288325	21.60463902869403	21.60059412077891	21.594191286976265	21.584052190709624	21.56798962090608	21.542530817814022	21.50215920210709	21.438108651315186	21.33644822885472	21.175045296806537	20.918763828060154	20.51190510963629	19.86639236521486	18.843536355397525	17.22583130956815	14.67390718875122	10.706396977654075	5.497072581232426	2.7834171512592634	2.401505937042989	2.2002624800981927	1.853100648936407	1.21977939556114	0.47700518422320287	0.3526927860892663	0.29624460833711824	0.18149522179475375	0.06667290442088938	0.05312855192526157	0.03064568020380458	0.010248612114437252	0.006898311054124255	0.0010104490764487111	4.581053382153132e-18
24.592605691161395	24.592605691161395	24.592605691161395	24.592605691161395	24.592605691161392	24.592605691161392	24.592605691161385	24.592605691161385	24.59260569116138	24.59260569116137	24.59260569116136	24.592605691161342	24.592605691161317	24.59260569116128	24.592605691161214	24.592605691161115	24.592605691160966	24.592605691160728	24.592605691160347	24.592605691159754	24.592605691158806	24.592605691157313	24.59260569115494	24.592605691151178	24.592605691145195	24.592605691135685	24.592605691120546	24.592605691096466	24.59260569105813	24.59260569099707	24.59260569089983	24.59260569074494	24.592605690498164	24.59260569010506	24.592605689478788	24.592605688481143	24.592605686891975	24.59260568436088	24.59260568033003	24.592605673911887	24.59260566369435	24.592605647431597	24.592605621552817	24.59260558038217	24.592605514900736	24.592605410782205	24.592605245277323	24.59260498227431	24.592604564470204	24.59260390096793	24.59260284763268	24.592601175992083	24.592598524012566	24.59259431821345	24.59258765045877	24.59257708309391	24.592560340802162	24.59253382337718	24.592491835358786	24.59242536795309	24.59232017281145	24.592153715370216	24.59189035461354	24.591473713857077	24.590814599883323	24.58977186208591	24.588122046378064	24.58551125045013	24.581378684909275	24.574835223384962	24.564470306065296	24.54804476	24.522001965090077	24.480689918533958	24.41512373669343	24.31101911961553	24.14567292950765	23.883028909384517	23.465905156600133	22.803829873164975	21.754214497289077	20.093298327934527	17.470948034055706	13.36119380281543	7.475609546136331	3.480226034604075	2.8812396267288496	2.6644240698950026	2.302332856004862	1.635411459849671	0.6742628868861866	0.44238399003133905	0.38146636974211545	0.2588119144660221	0.09251085103424171	0.07052396380982545	0.046147551326687755	0.014216012935974265	0.0099180506204016	0.0020139761992188773	5.066129417352437e-18
28.009799011496273	28.009799011496273	28.00979901149627	28.00979901149627	28.00979901149627	28.00979901149627	28.009799011496263	28.009799011496263	28.009799011496252	28.00979901149625	28.009799011496238	28.009799011496217	28.009799011496195	28.00979901149615	28.009799011496085	28.00979901149599	28.009799011495836	28.009799011495595	28.00979901149521	28.0097990114946	28.009799011493637	28.009799011492113	28.0097990114897	28.00979901148587	28.00979901147978	28.009799011470104	28.009799011454703	28.009799011430204	28.009799011391205	28.009799011329097	28.009799011230182	28.00979901107264	28.009799010821652	28.00979901042183	28.009799009784874	28.0097990087702	28.00979900715393	28.00979900457964	28.00979900047998	28.009798993952163	28.009798983559826	28.00979896701847	28.00979894069562	28.009798898817138	28.009798832207448	28.009798726290562	28.009798557919314	28.00979829034781	28.009797865262506	28.009797190155837	28.00979611832672	28.00979441721272	28.009791718261877	28.009787437603762	28.009780650539785	28.00976989300756	28.009752847575825	28.009725846854703	28.009683088172082	28.00961539157159	28.009508235310477	28.00933864788798	28.009070289517794	28.008645665183757	28.007973790385897	28.00691064275501	28.005228159763423	28.002565036150713	27.99834857787801	27.99167049429964	27.981089342685227	27.964316135150046	27.937713833372786	27.89550053446493	27.828481462848988	27.72203320295784	27.55290500848011	27.284157193011175	26.85718415039915	26.179218045471544	25.103943051201433	23.40161718982834	20.712551205233204	16.484317125774876	10.109328913110108	4.446623071072729	3.4585467129079706	3.2208808274113943	2.844180570827365	2.1483615268167062	0.9887529046005555	0.5546477359117151	0.48782968521542297	0.3582175998157635	0.13440785022631277	0.09291510257740303	0.06680697422945754	0.020425333109866873	0.013955028414794549	0.004359616327484718	5.58895958715316e-18
32.06938726112406	32.06938726112406	32.06938726112406	32.06938726112406	32.06938726112406	32.06938726112405	32.06938726112405	32.06938726112405	32.06938726112404	32.069387261124035	32.06938726112402	32.06938726112401	32.06938726112398	32.069387261123936	32.06938726112387	32.069387261123765	32.06938726112361	32.06938726112336	32.06938726112297	32.06938726112236	32.06938726112138	32.06938726111982	32.06938726111737	32.06938726111347	32.06938726110729	32.06938726109745	32.06938726108179	32.0693872610569	32.06938726101726	32.06938726095416	32.069387260853645	32.06938726069358	32.06938726043858	32.06938726003237	32.06938725938526	32.069387258354396	32.06938725671236	32.069387254097016	32.06938724993197	32.06938724329996	32.06938723274156	32.06938721593556	32.06938718919093	32.06938714664016	32.0693870789589	32.06938697133404	32.06938680024047	32.06938652833001	32.069386096329225	32.06938541020073	32.069384320805355	32.06938259169487	32.06937984812375	32.069375496348435	32.069368595929575	32.06935765770437	32.06934032420625	32.069312864169625	32.0692693729725	32.06920050786912	32.06909148704852	32.06891892328806	32.06864581181885	32.06821359312824	32.067529577254476	32.06644700696868	32.064733429837375	32.06202048675458	32.05772413720098	32.05091781948584	32.04013063872176	32.023026086054344	31.995890386354016	31.952817649797538	31.88441271371442	31.77572833229052	31.602990736116645	31.32841635539607	30.89203966107433	30.19890147514696	29.0991375948619	27.357290208060146	24.604727838475508	20.27095888692861	13.582945324926024	6.075597449322541	4.194040528470476	3.9183248277841805	3.527284524933109	2.8044425160549653	1.5165622831682215	0.7077126389371924	0.6276994736958538	0.49136665547648833	0.2232292380969792	0.12357821149571653	0.09566188874030128	0.03601435755017887	0.019719571035966436	0.009110182058415284	6.314831479092564e-18
36.646203294859646	36.646203294859646	36.646203294859646	36.646203294859646	36.646203294859646	36.64620329485964	36.64620329485964	36.64620329485963	36.646203294859625	36.64620329485962	36.64620329485961	36.64620329485959	36.64620329485955	36.64620329485952	36.64620329485945	36.64620329485934	36.646203294859184	36.646203294858935	36.64620329485854	36.646203294857905	36.64620329485692	36.64620329485534	36.64620329485284	36.64620329484889	36.6462032948426	36.64620329483262	36.646203294816715	36.64620329479144	36.64620329475122	36.64620329468716	36.646203294585156	36.64620329442271	36.646203294163925	36.64620329375169	36.64620329309502	36.64620329204892	36.64620329038265	36.64620328772868	36.64620328350213	36.646203276772106	36.64620326605755	36.6462032490027	36.64620322186145	36.64620317867855	36.64620310998978	36.6462030007591	36.646202827106094	36.64620255111625	36.646202112613636	36.646201416122494	36.64620031021101	36.64619855477695	36.64619576925006	36.64619135060122	36.64618434358574	36.64617323542995	36.646155631004106	36.646127738945665	36.646083558702635	36.64601359433346	36.64590281925345	36.64572745491083	36.64544987047777	36.645010504092006	36.644315059624134	36.643214203748315	36.641471348179216	36.63871148688948	36.6343398852518	36.627412757462295	36.61643143825075	36.599014601978126	36.571376088810844	36.527493031546406	36.45778117664527	36.34698765786896	36.17084503451919	35.890773148504465	35.44552279123042	34.73806725674516	33.61519988991134	31.836065062068336	29.02357954376398	24.592415443128505	17.678529663633253	8.544594254292257	5.085395445896011	4.7375403022240095	4.332540111240057	3.584123830999859	2.2111951498890727	0.9132761539654665	0.7979893160497112	0.6551938030128915	0.3582066257988727	0.16235709072107246	0.13226581647693078	0.06371541168967886	0.0271331207748324	0.01566589416388728	9.231371230576957e-18
41.857595591662175	41.857595591662175	41.857595591662175	41.857595591662175	41.85759559166217	41.85759559166217	41.85759559166217	41.85759559166216	41.857595591662154	41.85759559166215	41.857595591662125	41.857595591662104	41.85759559166208	41.85759559166203	41.85759559166197	41.85759559166186	41.857595591661706	41.85759559166145	41.857595591661045	41.857595591660406	41.85759559165939	41.8575955916578	41.857595591655254	41.85759559165125	41.85759559164487	41.85759559163475	41.857595591618626	41.85759559159299	41.85759559155221	41.85759559148727	41.857595591383856	41.857595591219166	41.857595590956855	41.85759559053898	41.857595589873355	41.85759558881301	41.857595587124074	41.857595584434	41.857595580149976	41.857595573328354	41.85759556246789	41.85759554518057	41.85759551766881	41.85759547389546	41.85759540426565	41.85759529353516	41.857595117491755	41.85759483769202	41.857594393117104	41.857593686947745	41.857592565610865	41.85759078559088	41.85758796087648	41.857583479763754	41.857576373175476	41.857565106276596	41.85754724874266	41.85751895304666	41.85747412897426	41.85740313737934	41.85729072283725	41.8571127408887	41.856830975228874	41.856384926466866	41.85567879591905	41.85456083990699	41.85279059965991	41.849986847478995	41.84554483676583	41.838504652899104	41.827341620688344	41.809632430039926	41.78152309723044	41.736881127425704	41.665945026791526	41.55317542161564	41.373842023740025	41.08861777969025	40.63504992960891	39.91417411178663	38.769656023697166	36.95557965230535	34.08687615374336	29.56517575618732	22.480645905789963	12.14799062674748	6.215260490030889	5.7095204958394605	5.290707445586437	4.518144868269777	3.087134015638673	1.229438205308875	1.0068847857593928	0.857872104084725	0.5427107165080762	0.2129372388187224	0.17847313325990047	0.10442157467610634	0.036228106784325066	0.023891280468880324	3.760236759931707e-17
47.81878446079749	47.81878446079749	47.81878446079749	47.81878446079749	47.81878446079749	47.81878446079749	47.81878446079749	47.818784460797474	47.81878446079747	47.81878446079746	47.81878446079745	47.81878446079743	47.818784460797396	47.81878446079735	47.81878446079728	47.818784460797175	47.81878446079701	47.818784460796756	47.818784460796344	47.8187844607957	47.81878446079467	47.81878446079305	47.818784460790475	47.81878446078641	47.81878446077995	47.81878446076969	47.81878446075336	47.81878446072739	47.81878446068609	47.81878446062033	47.8187844605156	47.818784460348844	47.81878446008324	47.81878445966014	47.818784458986194	47.81878445791265	47.818784456202664	47.81878445347913	47.81878444914182	47.81878444223531	47.818784431239685	47.81878441373696	47.81878438588199	47.818784341561724	47.81878427106037	47.818784158940886	47.818783980683754	47.81878369735589	47.81878324715783	47.81878253202618	47.8187813964048	47.81877959361703	47.81877673261214	47.818772193651235	47.81876499484403	47.81875358091826	47.81873548894298	47.818706819352066	47.81866139884568	47.81858945556239	47.81847552197289	47.81829511442407	47.818009473801446	47.81755723137543	47.816841194970934	47.81570738513006	47.81391175228484	47.81106729557624	47.80655997641304	47.79941490825874	47.78808326690383	47.77010275397186	47.74155639005626	47.696209838725956	47.624136928047584	47.50953204997163	47.32723478331594	47.03722395013352	46.57592836440423	45.842583800301135	44.67795490797365	42.83142881011162	39.910442991227775	35.304524603969334	28.07736086339876	17.036047037370267	7.762917979961208	6.866552758201355	6.433438071957525	5.638311460354723	4.160401021141461	1.7843833561168767	1.2621011610829391	1.106986504500392	0.7778107160732508	0.28635894945632884	0.23464085725330922	0.15647838382372525	0.04579158713626568	0.03186829731910695	1.4636746727542048e-16
54.62923742830216	54.62923742830216	54.62923742830216	54.62923742830216	54.62923742830215	54.62923742830215	54.62923742830215	54.62923742830215	54.62923742830214	54.629237428302126	54.62923742830211	54.62923742830209	54.62923742830206	54.62923742830202	54.62923742830194	54.629237428301835	54.629237428301664	54.6292374283014	54.62923742830099	54.62923742830033	54.62923742829929	54.62923742829765	54.62923742829504	54.62923742829092	54.62923742828439	54.62923742827401	54.62923742825748	54.62923742823121	54.62923742818942	54.6292374281229	54.629237428016964	54.629237427848295	54.62923742757966	54.62923742715174	54.62923742647017	54.629237425384495	54.629237423655184	54.62923742090095	54.629237416514705	54.62923740953035	54.62923739841072	54.62923738071045	54.62923735254079	54.629237307719144	54.629237236418845	54.62923712302617	54.62923694274002	54.62923665617848	54.62923620082682	54.62923547748147	54.62923432876874	54.62923250511495	54.62922961085026	54.62922501887106	54.62921773554179	54.62920618685492	54.629187879986034	54.62915886765565	54.62911290037796	54.62904008458434	54.62892475821227	54.62874212647841	54.62845293230259	54.62799500933104	54.627269886662425	54.62612153287954	54.624302602318025	54.621420793880304	54.616853536695544	54.609612193998984	54.59812575916207	54.57989611426447	54.55094839426956	54.504954667345686	54.43183739647198	54.31554623614427	54.13052533861129	53.83611541189025	53.36771722454091	52.622912898450174	51.43980546666374	49.56347554526496	46.59442056818647	41.910788589510055	34.555934867905435	23.13711336919456	10.149316526435769	8.240197140780532	7.790535347923198	6.974646365210316	5.454713258167976	2.7388270164287865	1.571320229584413	1.4094757127161472	1.0677813219063905	0.4219548273235403	0.3002467225809009	0.21842603014274087	0.05899536613997399	0.036677809200484336	2.479672750717015e-16
62.36048894948794	62.36048894948794	62.36048894948794	62.36048894948794	62.36048894948794	62.36048894948794	62.36048894948794	62.36048894948792	62.36048894948792	62.3604889494879	62.360488949487895	62.36048894948787	62.36048894948784	62.360488949487795	62.360488949487724	62.36048894948761	62.360488949487426	62.36048894948717	62.36048894948676	62.36048894948609	62.36048894948504	62.360488949483376	62.36048894948073	62.36048894947656	62.36048894946996	62.360488949459466	62.36048894944277	62.3604889494162	62.36048894937397	62.36048894930676	62.36048894919974	62.3604889490293	62.36048894875792	62.36048894832565	62.360488947637116	62.36048894654042	62.36048894479359	62.3604889420115	62.36048893758091	62.36048893052601	62.360488919294006	62.3604889014148	62.360488872960154	62.36048882768449	62.36048875566082	62.360488641115516	62.360488458992656	62.36048816950414	62.36048770948783	62.36048697870838	62.36048581814728	62.360483975608574	62.36048105124218	62.36047641127839	62.360469051450245	62.36045738079087	62.36043887941408	62.36040955684408	62.360363094615124	62.36028948895425	62.36017290163458	62.35998825609117	62.35969584420087	62.359232777058565	62.35849942524709	62.35733789803863	62.355497862714024	62.35258221420165	62.34796064706344	62.34063205798337	62.32900532569424	62.31054984680112	62.28123825078979	62.23465769787696	62.160593318999794	62.04277270094668	61.85528118349074	61.556880465328206	61.08203865499607	60.32683845965808	59.126973130672255	57.2236309362821	54.210991653539004	49.45663326267627	41.98528815330187	30.331981300859248	14.156971341433643	9.863640373462925	9.39027640847514	8.55560949703929	6.997616891024364	4.123167318981744	1.947988907912128	1.7753109319894953	1.422443046840432	0.6828228743995008	0.378489292310144	0.2934612686861954	0.094744683916128	0.039115093409956454	2.78024462732348e-16
71.45856023856783	71.45856023856783	71.45856023856783	71.45856023856783	71.45856023856783	71.45856023856783	71.45856023856783	71.4585602385678	71.4585602385678	71.45856023856778	71.45856023856778	71.45856023856776	71.45856023856773	71.45856023856769	71.4585602385676	71.45856023856749	71.45856023856732	71.45856023856705	71.4585602385666	71.45856023856595	71.45856023856489	71.45856023856321	71.45856023856054	71.45856023855632	71.45856023854964	71.45856023853905	71.45856023852218	71.45856023849538	71.45856023845273	71.4585602383849	71.45856023827687	71.45856023810488	71.45856023783101	71.45856023739483	71.45856023670005	71.45856023559348	71.45856023383097	71.45856023102392	71.45856022655366	71.45856021943567	71.4585602081032	71.4585601900641	71.45856016135488	71.45856011567372	71.45856004300408	71.45855992742973	71.45855974366732	71.45855945156637	71.45855898738708	71.45855824997334	71.45855707883922	71.45855521944914	71.45855226822289	71.45854758544247	71.45854015735435	71.45852837785726	71.45850970291411	71.45848010349592	71.4584331995683	71.45835888898483	71.45824117625199	71.4580547332258	71.457759449043	71.45729178954865	71.45655109062395	71.45537780073825	71.45351891864962	71.45057304700417	71.445902968639	71.43849643830264	71.42674435470614	71.4080870721467	71.37845027311536	71.33134518844362	71.25643412478192	71.13724604380984	70.94754534403648	70.6455758661808	70.16497177010423	69.40047603389802	68.18563298483937	66.25817070683111	63.20662968246569	58.38897168172321	50.81209917624047	38.972314234255876	21.11716908050811	11.889784051662087	11.356568629551786	10.505226197320296	8.913598392840994	5.955915069666696	2.4665988667224954	2.2404180302717083	1.8779345203884228	1.10239714695141	0.48062736707523535	0.392743027554048	0.17901135743120222	0.040884399508223694	2.9545262800683487e-16
81.69426069899612	81.69426069899612	81.69426069899612	81.69426069899612	81.69426069899612	81.69426069899612	81.69426069899612	81.69426069899612	81.6942606989961	81.69426069899609	81.69426069899608	81.69426069899605	81.69426069899602	81.69426069899598	81.69426069899589	81.69426069899578	81.6942606989956	81.69426069899534	81.6942606989949	81.69426069899423	81.69426069899315	81.69426069899146	81.69426069898876	81.69426069898451	81.69426069897777	81.69426069896706	81.69426069895007	81.69426069892303	81.69426069888004	81.69426069881163	81.69426069870275	81.69426069852938	81.69426069825332	81.69426069781366	81.6942606971134	81.69426069599815	81.69426069422184	81.69426069139291	81.69426068688786	81.69426067971455	81.69426066829405	81.69426065011496	81.6942606211828	81.69426057514667	81.69426050191178	81.69426038543709	81.69426020024045	81.6942599058545	81.6942594380345	81.69425869481941	81.69425751444015	81.69425564031611	81.69425266560575	81.69424794539135	81.69424045762526	81.69422858297446	81.69420975628636	81.69417991482322	81.69413262471458	81.69405769779203	81.69393900103164	81.69375098626749	81.69345319038725	81.69298151483503	81.69223439036017	81.69105081246134	81.68917544510997	81.68620313508045	81.68149061665373	81.67401589311615	81.66215412536208	81.64332024457819	81.61339883267992	81.565834640732	81.49018242835653	81.36979722798168	81.17816239960251	80.87306835443056	80.3874192434896	79.61478615370486	78.3868374129526	76.43829091061774	73.35277917546948	68.4798132507402	60.80997293017215	48.80365527089729	30.281860074285866	14.376204490748043	13.646989193042913	12.78115173916585	11.160703254081247	8.135793910602375	3.315952786574939	2.7972900492307584	2.4267089460015234	1.6267773060940534	0.603638770698195	0.5116139463283784	0.28939110051366096	0.04219625182685443	3.078223274129109e-16
93.60566134240864	93.60566134240864	93.60566134240864	93.60566134240864	93.60566134240864	93.60566134240864	93.60566134240862	93.60566134240862	93.60566134240861	93.60566134240861	93.6056613424086	93.60566134240857	93.60566134240854	93.60566134240848	93.60566134240841	93.60566134240828	93.60566134240811	93.60566134240783	93.60566134240739	93.60566134240672	93.60566134240564	93.60566134240392	93.6056613424012	93.60566134239691	93.60566134239012	93.60566134237935	93.60566134236223	93.60566134233498	93.60566134229167	93.60566134222277	93.60566134211314	93.60566134193854	93.6056613416606	93.60566134121798	93.605661340513	93.60566133939025	93.6056613376021	93.60566133475436	93.60566133021949	93.60566132299876	93.60566131150291	93.60566129320398	93.60566126408114	93.60566121774153	93.60566114402357	93.6056610267797	93.60566084035804	93.60566054402085	93.60566007309245	93.60565932492513	93.6056581366551	93.60565624995641	93.60565325520581	93.60564850304857	93.60564096436099	93.60562900852098	93.60561005236005	93.60558000437867	93.60553238477026	93.60545693196273	93.60533739557081	93.60514803966117	93.60484810049026	93.60437299777448	93.6036203896554	93.60242803129813	93.60053859339132	93.59754371594326	93.59279496851279	93.58526202706419	93.57330661193835	93.55432194039157	93.52415748748219	93.47620121521504	93.39991600726407	93.2785083044927	93.08522137200654	92.77745830451478	92.28749989946833	91.5079174414657	90.26878304595667	88.30226558111025	85.18785055995949	80.26788727057829	72.51876259888	60.36555044787467	41.50754468781947	18.223422244332628	16.420078937633445	15.541952163353038	13.897670571230849	10.817653973752511	5.213212410613202	3.48956970318577	3.112329360877456	2.294019087402277	0.8087159857228252	0.6681755160317228	0.440176231947954	0.04389384412487008	3.1467336630779365e-16
107.5063317526203	107.5063317526203	107.5063317526203	107.5063317526203	107.5063317526203	107.50633175262027	107.50633175262027	107.50633175262027	107.50633175262026	107.50633175262026	107.50633175262023	107.50633175262021	107.50633175262017	107.50633175262013	107.50633175262004	107.50633175261993	107.50633175261976	107.50633175261947	107.50633175261902	107.50633175261832	107.50633175261724	107.50633175261552	107.5063317526128	107.50633175260846	107.50633175260164	107.50633175259077	107.50633175257353	107.50633175254613	107.50633175250255	107.50633175243323	107.50633175232296	107.50633175214737	107.5063317518678	107.50633175142266	107.50633175071377	107.50633174958477	107.50633174778679	107.50633174492337	107.50633174036376	107.50633173310365	107.50633172154544	107.50633170314728	107.5063316738667	107.5063316272763	107.50633155315931	107.50633143528033	107.50633124784761	107.50633094990052	107.50633047640822	107.506329724157	107.50632852938126	107.50632663231725	107.50632362104923	107.50631884256775	107.50631126191963	107.50629923918262	107.50628017634658	107.50624995821806	107.50620206714744	107.50612618108985	107.50600595297038	107.50581549215616	107.50551378720671	107.50503586091368	107.50427873478738	107.50307914190074	107.50117811029364	107.4981646371525	107.49338603532519	107.48580511712231	107.47377252413146	107.45466357448788	107.42429880301262	107.37601935634993	107.29921237702013	107.17696180818093	106.98231298833772	106.6723497708093	106.17883938757726	105.39353021008417	104.14518468338717	102.16389185340618	99.02576627483201	94.0673669290371	86.25359555401826	73.97872195049088	54.8299584548857	26.584732475183863	19.787480259280972	18.89921724271697	17.23598722685357	14.114542997665367	8.306038917301889	4.365874431527022	3.98324299297001	3.1524309951591487	1.3765159714821082	0.8696786188822613	0.6381377952726991	0.09802667186550344	3.1910722920439993e-16
123.59117223597367	123.59117223597367	123.59117223597367	123.59117223597367	123.59117223597367	123.59117223597366	123.59117223597366	123.59117223597366	123.59117223597366	123.59117223597363	123.59117223597363	123.59117223597362	123.59117223597354	123.5911722359735	123.59117223597343	123.5911722359733	123.59117223597312	123.59117223597283	123.5911722359724	123.59117223597171	123.5911722359706	123.59117223596887	123.59117223596613	123.59117223596176	123.59117223595486	123.59117223594397	123.59117223592665	123.5911722358991	123.59117223585528	123.59117223578563	123.59117223567485	123.59117223549842	123.59117223521756	123.59117223477043	123.59117223405836	123.59117223292438	123.59117223111858	123.59117222824274	123.59117222366352	123.59117221637233	123.59117220476489	123.59117218628852	123.59117215688383	123.59117211009627	123.59117203566574	123.59117191728814	123.59117172906215	123.59117142985274	123.59117095435107	123.59117019890044	123.59116899902938	123.59116709384959	123.5911640696521	123.59115927056851	123.591151657086	123.5911395820091	123.59112043572057	123.59109008449732	123.59104198109502	123.59096575617919	123.59084498706166	123.5906536621321	123.59035057624523	123.58987044178367	123.58910978238157	123.58790453176537	123.5859944332875	123.58296641717945	123.57816446703578	123.57054602689219	123.5584530732085	123.53924692447092	123.50872548042582	123.4601932730772	123.38297820993041	123.26006843835326	123.06435452630515	122.75267073291693	122.25638298202668	121.46659733743716	120.21105764822342	118.21824524123451	115.06168044444227	110.07351891511927	102.21009075520045	89.84239134705065	70.45337186268466	40.71366555592489	23.811051759655594	22.914332437546037	21.236854414100694	18.086792351262147	12.162741405293241	5.464094968038601	5.075902802926892	4.236994116204843	2.3967327463566868	1.1275609953877934	0.8937613084435255	0.302515187279844	3.2237070037457263e-16
142.22501024943443	142.22501024943443	142.22501024943443	142.22501024943443	142.22501024943443	142.22501024943443	142.22501024943443	142.22501024943443	142.2250102494344	142.2250102494344	142.22501024943438	142.22501024943438	142.22501024943432	142.2250102494343	142.22501024943418	142.2250102494341	142.22501024943386	142.22501024943358	142.22501024943315	142.22501024943247	142.22501024943134	142.22501024942957	142.22501024942682	142.22501024942247	142.22501024941556	142.22501024940456	142.22501024938717	142.2250102493595	142.22501024931555	142.2250102492456	142.22501024913439	142.22501024895737	142.22501024867555	142.2250102482269	142.22501024751247	142.22501024637478	142.22501024456315	142.2250102416782	142.22501023708458	142.22501022977067	142.2250102181273	142.225010199594	142.2250101700992	142.2250101231687	142.2250100485112	142.22500992977317	142.2250097409745	142.22500944085456	142.22500896390474	142.22500820615005	142.22500700261213	142.2250050915943	142.22500205810064	142.22499724420985	142.22498960713685	142.22497749446552	142.22495828824927	142.22492784146905	142.22487958564736	142.2248031175212	142.22468196015808	142.22449001516196	142.22418593843497	142.2237042196983	142.22294102545825	142.22173171609083	142.219815113494	142.21677666538938	142.2119579675843	142.20431261403607	142.19217636699557	142.17290050577816	142.14226669996222	142.0935532307577	142.01604554415988	141.8926631326061	141.69618567024352	141.38326862819437	140.8849906314426	140.09199871508773	138.83131200473017	136.83027585982498	133.66058816898547	128.65136850641977	120.75324465441322	108.32233990662495	88.76977709658287	58.14551136273253	28.608758195578066	27.696525328501213	26.009369778943434	22.841781056380345	16.861506952418672	7.133421821155047	6.494434072547841	5.6507209520453605	3.792205339821907	1.4327149505958185	1.1975260288764662	0.6009935337255987	3.245850227639126e-16
167.96223557568516	167.96223557568516	167.96223557568516	167.96223557568513	167.96223557568513	167.96223557568513	167.96223557568513	167.96223557568513	167.96223557568513	167.9622355756851	167.96223557568507	167.96223557568504	167.962235575685	167.96223557568499	167.96223557568487	167.96223557568476	167.96223557568456	167.96223557568428	167.96223557568382	167.9622355756831	167.962235575682	167.96223557568027	167.96223557567748	167.96223557567308	167.9622355756661	167.96223557565514	167.96223557563766	167.96223557560995	167.96223557556584	167.9622355754957	167.9622355753842	167.96223557520676	167.96223557492428	167.9622355744746	167.96223557375865	167.96223557261854	167.96223557080313	167.96223556791236	167.96223556330955	167.96223555598138	167.96223554431538	167.96223552574668	167.96223549619603	167.96223544917706	167.9622353743799	167.96223525542075	167.96223506627163	167.9622347655957	167.9622342877633	167.96223352860687	167.96223232284132	167.96223040828195	167.96222736915445	167.96222254629907	167.9622148949547	167.96220275955656	167.96218351713455	167.96215301265326	167.96210466483632	167.96202804997398	167.9619066584516	167.961714339593	167.9614096656089	167.96092699213247	167.96016227063896	167.95895051633136	167.95702999645474	167.95398526649322	167.94915648543878	167.941494930965	167.92933262750194	167.9100148173439	167.87931341304858	167.83049092048725	167.75280728030688	167.62914076996643	167.4322045411846	167.11854690972226	166.61907447389774	165.82416012269996	164.56039322897226	162.55445113584491	159.37697157921994	154.35535828866654	146.4371957689914	133.97137007994922	114.33574017979647	83.17916253533392	37.96860842439784	34.506048584937886	32.81369079711634	29.638128080848524	23.64681079296647	12.04857228457947	8.113828820610102	7.268093287488983	5.413672812687367	1.8100957348334192	1.5742226363999299	0.9823129495701838	3.2561779141227225e-16
214.82059322999805	214.82059322999805	214.82059322999805	214.82059322999805	214.82059322999805	214.82059322999805	214.82059322999805	214.82059322999805	214.82059322999805	214.82059322999805	214.82059322999802	214.82059322999797	214.82059322999794	214.82059322999788	214.8205932299978	214.82059322999768	214.82059322999748	214.8205932299972	214.82059322999672	214.82059322999604	214.8205932299949	214.82059322999316	214.82059322999035	214.820593229986	214.82059322997898	214.82059322996795	214.82059322995048	214.82059322992265	214.82059322987848	214.82059322980828	214.82059322969658	214.82059322951892	214.8205932292361	214.82059322878587	214.82059322806913	214.82059322692788	214.82059322511066	214.82059322221724	214.82059321761017	214.82059321027572	214.82059319859982	214.82059318001592	214.8205931504415	214.82059310338548	214.82059302853045	214.8205929094806	214.8205927201888	214.8205924192884	214.8205919411021	214.82059118138685	214.82058997473771	214.82058805878012	214.82058501743805	214.82058019107112	214.8205725341559	214.82056038991297	214.82054113343943	214.82051060662158	214.82046222327733	214.8203855518755	214.82026407032075	214.82007160801288	214.81976670532464	214.81928366697863	214.81851836296255	214.8173056779348	214.81538366980806	214.81233655799292	214.80750396148764	214.79983628931862	214.7876641673903	214.7683305845887	214.73760382020265	214.6887405208634	214.610991178783	214.4872188478774	214.29011218346548	213.97618017983356	213.47626655059176	212.68064438449022	211.41574831482882	209.40801829442543	206.22772559180376	201.20171742359486	193.27672399215749	180.80010445767272	161.14420870293478	129.8824598704023	74.41846971832418	46.10599000913022	44.41252475367965	41.2367593507775	35.25578038739509	23.641084242320524	10.231565039288553	9.386156542940533	7.540335235232192	3.0232536679891893	1.981757220504697	1.3941960118823802	3.2546799840780945e-16