0.2731262323673388	0.2731262323113002	0.27312623223678567	0.2731262321373732	0.27312623200434755	0.2731262318258709	0.2731262315858528	0.27312623126240865	0.27312623082575865	0.27312623023536187	0.2731262294360089	0.2731262283524929	0.2731262268823425	0.27312622488591504	0.27312622217289123	0.27312621848387175	0.2731262134653035	0.27312620663531867	0.27312619733719584	0.27312618467597455	0.2731261674321688	0.2731261439443664	0.2731261119495143	0.27312606836564335	0.27312600899648365	0.27312592813019687	0.2731258179942868	0.27312566801545773	0.27312546381563874	0.2731251858502672	0.2731248075628922	0.2731242928859518	0.27312359285807497	0.27312264104951506	0.2731213473803524	0.273119589773889	0.27311720289768415	0.27311396299023327	0.27310956743355025	0.27310360728218686	0.2730955303625525	0.27308459176617383	0.27306978751625544	0.27304976580979845	0.2730227084258336	0.2729861725132107	0.2729368798603376	0.27287043668845673	0.27278096172849403	0.2726605934909729	0.2724988387894688	0.27228171319454875	0.27199060952431137	0.2716008119521373	0.2710795499511985	0.27038345722202856	0.2694552652663199	0.2682195194421237	0.26657705923173947	0.26439796105527363	0.2615126199160746	0.2577006912760575	0.2526778356829375	0.2460808602384794	0.23745351685544186	0.22623919308371715	0.2117956665493375	0.1934653356248207	0.17076415330066447	0.14377227846466883	0.11371566001943073	0.08334247845260535	0.0562731136561237	0.03524146015916185	0.020833895443296304	0.011892953364491721	0.006686663096483709	0.0037083357351090115	0.001954268976486446	0.0009205065035202068	0.00038200836683541565	0.00014676215643283686	0.000054796487791208286	0.000019097199572646193	5.627658532594442e-6	1.4676973189320845e-6	3.6470263100912767e-7	7.691183965134621e-8	1.3690142200932656e-8	2.2451685238727927e-9	2.9231521638955105e-10	3.373098109599211e-11	3.0760011813983063e-12	2.374653737792849e-13	1.3119158262901372e-14	5.398983720144963e-16	1.7108846119498408e-17	4.0952329368358033e-19	7.236853577968366e-21	9.132111710517286e-23	1.6969532877177385e-38
0.2731279314477341	0.27312793139169544	0.2731279313171808	0.27312793121776824	0.2731279310847423	0.2731279309062654	0.27312793066624685	0.2731279303428022	0.27312792990615153	0.2731279293157538	0.2731279285163996	0.2731279274328818	0.27312792596272917	0.27312792396629854	0.2731279212532704	0.2731279175642451	0.2731279125456689	0.2731279057156732	0.2731278964175357	0.2731278837562944	0.2731278665124613	0.2731278430246218	0.2731278110297189	0.27312776744577877	0.27312770807652464	0.27312762721010897	0.2731275170740232	0.2731273670949543	0.2731271628948078	0.2731268849289895	0.27312650664100474	0.2731259919632322	0.2731252919342197	0.27312434012411	0.2731230464528325	0.2731212888434835	0.2731189019633416	0.27311566205051985	0.27311126648651035	0.27310530632515406	0.2730972293918918	0.27308629077693025	0.27307148650167573	0.27305146476067965	0.2730244073296372	0.27298787135285607	0.2729385786125599	0.272872135321573	0.27278266019936415	0.27266229174086465	0.2725005367384337	0.27228341073376916	0.271992306505695	0.27160250817415177	0.2710812451396008	0.27038515100362814	0.2694569571332313	0.2682212087030172	0.2665787449452517	0.26439964193882953	0.26151429422057465	0.25770235661266705	0.252679488781593	0.24608249660683587	0.23745513028832332	0.22624077494049236	0.2117972046625509	0.1934668126342956	0.17076554423007287	0.1437735479737674	0.11371676228831912	0.08334336715624867	0.05627376599496545	0.03524189619117989	0.020834167769375384	0.011893119188582425	0.006686765911929688	0.0037084018803960114	0.001954311235974841	0.000920530376779971	0.00038201948048633116	0.00014676678530046818	0.0000547984532847507	0.000019098045495747332	5.62795299987314e-6	1.467781339217377e-6	3.647272107088713e-7	7.691818169238888e-8	1.369138636896263e-8	2.2454154421159274e-9	2.923524208303369e-10	3.373597179592052e-11	3.0765373587183478e-12	2.37513895177576e-13	1.3122143293986763e-14	5.40021299644497e-16	1.7112725058461435e-17	4.096157053140862e-19	7.238478290952889e-21	9.134150657849673e-23	1.697330278713808e-38
0.27313302697809033	0.2731330269220513	0.2731330268475363	0.27313302674812323	0.27313302661509675	0.2731330264366189	0.27313302619659924	0.273133025873153	0.27313302543650025	0.2731330248460997	0.2731330240467416	0.2731330229632187	0.273133021493059	0.27313301949661895	0.27313301678357793	0.2731330130945352	0.2731330080759352	0.27313300124590717	0.2731329919477255	0.27313297928642416	0.2731329620425092	0.27313293855455806	0.27313290655950306	0.27313286297535533	0.2731328036058181	0.27313272273901607	0.27313261260240307	0.27313246262261476	0.27313225842148653	0.27313198045432835	0.2731316021645148	0.2731310874842465	0.27313038745182816	0.27312943563707076	0.2731281419594509	0.273126384341448	0.2731239974494991	0.2731207575205699	0.2731163619345883	0.27311040174326356	0.27310232476913127	0.27309138609843964	0.2730765817472022	0.2730565599026238	0.27302950233039597	0.27299296616120466	0.27294367315872714	0.2728772295105424	0.2727877539017583	0.27266738478054625	0.27250562887563784	0.2722885016421523	0.2719973957411296	0.2716075951322434	0.2710863289978968	0.27039023064293255	0.2694620310303989	0.26822627478475497	0.26658380038841767	0.2644046828969901	0.2615193154481921	0.25770735094564307	0.25268444641302945	0.24608740406422094	0.2374599689623777	0.22624551891802236	0.21180181745344145	0.19347124217549697	0.1707697156177501	0.14377735522277504	0.113720067985093	0.08334603237232936	0.05627572235464076	0.03524320384818677	0.02083498447340335	0.01189361649388373	0.006687074254741187	0.003708600249654313	0.0019544379718883036	0.0009206019725209147	0.0003820528102485736	0.00014678066724248463	0.00005480434778629257	0.000019100582413277897	5.628836105205643e-6	1.4680333154719502e-6	3.6480092505842823e-7	7.693720142961917e-8	1.3695117620280825e-8	2.246155948219593e-9	2.92463996690976e-10	3.375093887049394e-11	3.078145350793361e-12	2.3765941051551443e-13	1.3131095381569664e-14	5.403899587567956e-16	1.712435796958778e-17	4.0989284715492513e-19	7.243350793958202e-21	9.140265446799704e-23	1.69846087210404e-38
0.2731415138276401	0.2731415137716007	0.2731415136970851	0.27314151359767114	0.27314151346464355	0.2731415132861643	0.2731415130461427	0.27314151272269394	0.27314151228603756	0.2731415116956324	0.273141510896268	0.27314150981273644	0.2731415083425651	0.27314150634610923	0.2731415036330468	0.2731414999439749	0.27314149492533535	0.2731414880952533	0.2731414787969983	0.27314146613559687	0.27314144889154557	0.27314142540340863	0.2731413934081001	0.27314134982360677	0.2731412904535979	0.2731412095861524	0.27314109944866133	0.2731409494676748	0.27314074526491144	0.27314046729552144	0.2731400890026622	0.2731395743182372	0.27313887428014616	0.2731379224576475	0.27313662876946443	0.27313487113704793	0.2731324842254339	0.27312924426967694	0.27312484864709996	0.2731188884058612	0.2731108113636577	0.27309987260014523	0.2730850681223545	0.2730650461052549	0.2730379882978762	0.2730014518082164	0.2729521583690633	0.2728857141259484	0.27279623770675	0.27267586748175837	0.2725141100737306	0.2722969807935849	0.27200587210618643	0.27161606770427654	0.271094796407072	0.27039869102517544	0.2694704818488383	0.2682347125862223	0.2665922204708346	0.26441307885393767	0.26152767854297637	0.2577156692461155	0.2526927035853321	0.2460955776692411	0.23746802800547026	0.22625342023952388	0.2118095002773198	0.1934786197882523	0.1707766632634623	0.1437836963781147	0.11372557378119592	0.08335047141720078	0.0562789807652613	0.03524538181348269	0.020836344733028464	0.011894444779651353	0.006687587814443132	0.003708930643142888	0.0019546490566145114	0.0009207212186521956	0.0003821083225618975	0.0001468037882809475	0.0000548141653605705	0.000019104807770776983	5.630306959379741e-6	1.4684529939770744e-6	3.6492369983369677e-7	7.696887971177391e-8	1.3701332197833443e-8	2.247389296556913e-9	2.9264983162403475e-10	3.3775867249136995e-11	3.0808235385116296e-12	2.3790177327148953e-13	1.314600551165672e-14	5.410039781429163e-16	1.7143733139522026e-17	4.103544401477557e-19	7.251466180786806e-21	9.150449920293236e-23	1.700343929476727e-38
0.2731533834508455	0.27315338339480544	0.273153383320289	0.2731533832208739	0.27315338308784476	0.2731533829093635	0.2731533826693392	0.2731533823458868	0.27315338190922556	0.2731533813188137	0.2731533805194405	0.2731533794358969	0.2731533779657093	0.2731533759692314	0.273153373256139	0.2731533695670263	0.27315336454833133	0.2731533577181739	0.27315334841981614	0.2731533357582749	0.27315331851403285	0.27315329502563596	0.273153263029973	0.2731532194449961	0.27315316007432766	0.27315307920598225	0.2731529690672632	0.2731528190846009	0.27315261487955045	0.2731523369070392	0.2731519586099202	0.27315144391968166	0.27315074387365684	0.27314979204033163	0.27314849833737465	0.27314674068479955	0.273144353745682	0.27314111375240413	0.2731367180786451	0.2731307577675971	0.2731226806301901	0.2731117417368591	0.2730969370820722	0.2730769148236862	0.2730498566874276	0.2730133197495639	0.27296402569968076	0.2728975806245025	0.2728081030718667	0.27268773130314006	0.27252597179286453	0.27230883965028024	0.2720177270658843	0.2716279173590893	0.2711066388411632	0.27041052363146906	0.2694823010792918	0.26824651361126833	0.2666039967141933	0.26442482135565537	0.261539375084	0.25772730313826087	0.2527042519842284	0.24610700919176884	0.23747929930282782	0.22626447094903596	0.2118202453982334	0.1934889380439308	0.17078638017151923	0.1437925650547805	0.11373327413275791	0.08335667982112101	0.056283537945883755	0.035248427894041236	0.020838247178584603	0.011895603211871738	0.006688306073924437	0.0037093927281834998	0.0019549442776090383	0.0009208879951030678	0.00038218596153010884	0.0001468361251349308	0.00005482789612211937	0.00001911071731366775	5.632364081369957e-6	1.4690399521520694e-6	3.6509541141088566e-7	7.701318464150822e-8	1.371002384406767e-8	2.249114245250657e-9	2.9290973850948806e-10	3.381073183108547e-11	3.084569225165142e-12	2.382407394067503e-13	1.3166858671010807e-14	5.418627395373851e-16	1.7170831059110408e-17	4.1100001950756165e-19	7.262816279932076e-21	9.164693823428761e-23	1.7029775547527137e-38
0.27319237099050964	0.27319237093446747	0.27319237085994813	0.2731923707605293	0.27319237062749524	0.2731923704490074	0.2731923702089742	0.2731923698855098	0.2731923694488327	0.2731923688583992	0.27319236805899677	0.27319236697541377	0.2731923655051727	0.2731923635086222	0.27319236079543124	0.2731923571061848	0.27319235208730774	0.27319234525690267	0.2731923359582076	0.2731923232962068	0.2731923060513386	0.27319228256208794	0.2731922505652608	0.2731922069786959	0.2731921476058612	0.27319206673456004	0.2731919565918078	0.2731918066036415	0.27319160239107954	0.2731913244083171	0.2731909460972074	0.2731904313878752	0.27318973131579305	0.2731887794469086	0.27318748569542894	0.27318572797664553	0.27318334094719654	0.2731801008306857	0.2731757049888258	0.2731697444484995	0.27316166699840916	0.2731507276787065	0.2731359224425988	0.27311589939174014	0.27308884017532187	0.273052301765393	0.27300300570965	0.2729365579016727	0.2728470766264176	0.2727266997875044	0.27256493337268	0.2723477918288063	0.27205666644523324	0.27166683931525615	0.27114553708186423	0.270449389594126	0.2695211231108519	0.2682852758496911	0.2666426775606055	0.264463391382343	0.2615777941591991	0.2577655164519853	0.2527421845074479	0.2461445578510692	0.23751632172544734	0.22630076888258768	0.2118555396704723	0.19352283033980525	0.17081829742751123	0.143821696404268	0.11375856821702811	0.08337707358785454	0.05629850802465726	0.03525843429170777	0.020844496815845343	0.011899408777451763	0.0066906656803487315	0.0037109108194617116	0.0019559142430149805	0.0009214360138731142	0.00038244110529936365	0.00014694239846184127	0.00005487302400764114	0.00001913014317732163	5.639128087608185e-6	1.4709701464627857e-6	3.65660159947643e-7	7.715896776170296e-8	1.3738629419437663e-8	2.254793251515942e-9	2.937659440273798e-10	3.3925620044668416e-11	3.0969232023659057e-12	2.3935928510702424e-13	1.3235740453588164e-14	5.44699458198878e-16	1.7260339257590522e-17	4.1313236551739024e-19	7.300303850773985e-21	9.211736796281736e-23	1.7116751639428904e-38
0.2732481629444685	0.27324816288842324	0.2732481628138999	0.27324816271447583	0.2732481625814346	0.27324816240293726	0.27324816216289133	0.27324816183941003	0.2732481614027098	0.2732481608122455	0.2732481600128013	0.27324815892916177	0.2732481574588441	0.27324815546218983	0.27324815274885805	0.27324814905942	0.2732481440402826	0.27324813720952296	0.27324812791034525	0.27324811524768694	0.27324809800192257	0.27324807451145017	0.27324804251295703	0.27324799892411983	0.27324793954818505	0.2732478586726543	0.2732477485241304	0.27324759852808794	0.2732473943047771	0.27324711630734494	0.27324673797621457	0.27324622323955905	0.27324552313018863	0.2732445712104188	0.2732432773895023	0.27324151957597453	0.2732391324172603	0.27323589212440214	0.27323149604198843	0.27322553517356296	0.2732174572760203	0.2732065173461761	0.27319171127819325	0.2731716870932996	0.2731446263311637	0.27310808581469725	0.273058786888552	0.2729923351699163	0.2729028485675619	0.2727824644731691	0.272620688177877	0.2724035331806793	0.2721123894813736	0.2717225374186752	0.271201201248254	0.27050500757036616	0.2695766782213276	0.26834074539569086	0.2666980306339634	0.26451858587175797	0.26163277263578677	0.25782020048220616	0.252796466724156	0.24619829075536562	0.23756930158077869	0.22635271198820403	0.21190604652870232	0.19357133095867365	0.17086397174832696	0.143863384068663	0.11379476471447787	0.08340625766015657	0.05631993069034164	0.03527275379618395	0.020853440277070315	0.011904854689158653	0.006694042375584337	0.003713083279821148	0.0019573023193287515	0.0009222202690945109	0.00038280623836104674	0.00014709448559764297	0.00005493760659549437	0.000019157944021535378	5.648808475234555e-6	1.4737325968991622e-6	3.6646842611589034e-7	7.736762111825996e-8	1.3779572228991785e-8	2.2629218040803385e-9	2.9499153003103574e-10	3.409007750216426e-11	3.1146088549205565e-12	2.409606449187997e-13	1.3334363970033621e-14	5.487610233824258e-16	1.7388495094489556e-17	4.161853984101585e-19	7.35397726076948e-21	9.279090981853471e-23	1.7241279880810253e-38
0.27335773517505174	0.2733577351190004	0.2733577350444692	0.27335773494503457	0.27335773481197945	0.27335773463346347	0.27335773439339256	0.2733577340698778	0.2733577336331326	0.2733577330426075	0.27335773224308135	0.27335773115933093	0.273357729688863	0.27335772769200495	0.27335772497839644	0.2733577212885824	0.27335771626893335	0.2733577094374778	0.2733577001373523	0.2733576874734028	0.2733576702258788	0.2733576467330076	0.27335761473124304	0.2733575711379439	0.27335751175592204	0.27335743087208597	0.2733573207122291	0.273357170700721	0.2733569664563039	0.27335668843006694	0.27335631005962446	0.27335579526931775	0.2733550950867287	0.2733541430670413	0.2733528491097807	0.2733510911102152	0.2733487036976789	0.2733454630585495	0.2733410665037912	0.27333510499111857	0.27332702621497185	0.27331608508706773	0.27330127738563575	0.27328125097398376	0.2732541871767258	0.2732176425239298	0.27316833796155116	0.2731018785640661	0.27301238150159035	0.272891983160564	0.27273018746427996	0.272513006050564	0.27222182638704684	0.27183192536724315	0.27131052255918847	0.270614238183833	0.26968578539365584	0.26844968455646884	0.2668067410929886	0.26462698494075887	0.26174074754946025	0.2579275972313247	0.25290307448663657	0.24630381990821873	0.2376733520753202	0.2264547267628067	0.2120052411486555	0.1936665862144578	0.17095367739824158	0.14394526160162693	0.11386585958633995	0.0834635818022734	0.05636201180446719	0.03530088318858793	0.020871009459048136	0.011915553355349388	0.006700676321468971	0.0037173517351805725	0.0019600300681352654	0.0009237618324832138	0.0003835241192339363	0.00014739353314193994	0.00005506460996627208	0.000019212636026023486	5.667863751473985e-6	1.4791716848791634e-6	3.680603428434565e-7	7.777898574313073e-8	1.386032983453323e-8	2.2789668134336177e-9	2.9741393678307354e-10	3.441534519964044e-11	3.149655509802889e-12	2.4413748952567487e-13	1.3530445723899965e-14	5.568366271949682e-16	1.7643285516990584e-17	4.2225464917695e-19	7.460665917172937e-21	9.41295869050912e-23	1.7488757409989518e-38
0.2735172262433817	0.27351722618732166	0.2735172261127789	0.27351722601332906	0.27351722588025357	0.27351722570171044	0.27351722546160334	0.27351722513803983	0.2735172247012291	0.2735172241106157	0.2735172233109702	0.2735172222270583	0.2735172207563718	0.27351721875921714	0.27351721604520585	0.2735172123548445	0.2735172073344513	0.2735172005019827	0.27351719120047796	0.27351717853464946	0.2735171612845647	0.2735171377882024	0.2735171057816772	0.2735170621818846	0.2735170027910043	0.27351692189508175	0.2735168117187323	0.2735166616847174	0.2735164574095848	0.2735161793414286	0.273515800913776	0.2735152860453917	0.2735145857562493	0.2735136335911542	0.27351233943547465	0.2735105811651725	0.2735081933832548	0.2735049522402049	0.273500554998054	0.2734945925478235	0.2734865124930642	0.2734755696216493	0.27346075954309446	0.27344072989089335	0.2734136616766922	0.2733771110043912	0.27332779823973896	0.2732613276674144	0.2731718153825784	0.273051396308773	0.2728895723786956	0.27267235252167676	0.2723811205203469	0.2719911482545175	0.2714696484704252	0.2707732321054154	0.26984459967461344	0.2686082543346997	0.26696497804775626	0.2647847687381198	0.26189791408533214	0.25808392238057126	0.25305825144617694	0.24645742719897065	0.23782480751977886	0.22660321968957003	0.21214963000002574	0.193805242246978	0.17108425726725424	0.14406444933975876	0.11396935498528125	0.08354703484728694	0.0564232773148659	0.035341838442072254	0.020896590349859467	0.011931131227967396	0.006710336240059137	0.0037235677898131746	0.0019640031498333694	0.0009260078248081508	0.0003845702980159316	0.00014782939090614782	0.000055249739941678614	0.00001929239270755793	5.695669833824863e-6	1.4871107677356194e-6	3.703847453645812e-7	7.838029092549668e-8	1.3978436856206992e-8	2.3024513660854068e-9	3.0096470233111735e-10	3.489246251293978e-11	3.2011724109173668e-12	2.488129308745778e-13	1.3819718860954105e-14	5.687510755820163e-16	1.8019158793513492e-17	4.3120722830850963e-19	7.618021549218363e-21	9.610376909414618e-23	1.7853678927984758e-38
0.27374633873691334	0.2737463386808408	0.2737463386062815	0.2737463385068097	0.27374633837370504	0.273746338195123	0.2737463379549638	0.2737463376313303	0.27374633719442554	0.2737463366036853	0.27374633580386837	0.2737463347197247	0.27374633324872405	0.27374633125114345	0.2737463285365539	0.2737463248454066	0.2737463198239445	0.2737463129900212	0.2737463036865357	0.2737462910180088	0.27374627376424654	0.27374625026287064	0.2737462182495086	0.27374617464039075	0.2737461152367888	0.27374603432350886	0.27374592412347426	0.27374577405713735	0.2737455697378941	0.2737452916095374	0.27374491309972526	0.27374439811921375	0.27374369767705026	0.2737427453031351	0.273741450862506	0.27373969220339917	0.2737373038910126	0.27373406202428213	0.27372966379496727	0.27372369999831053	0.27371561810733663	0.27370467273206694	0.2736898592397271	0.2736698249337808	0.27364275037641517	0.27360619105951556	0.2735568665156016	0.27349037989512626	0.27340084574950846	0.2732803969014372	0.2731185324249141	0.27290125735964055	0.27260995019622425	0.2722198756143452	0.2716982365634944	0.27100163064893085	0.27007274023741423	0.2688360437687832	0.2671922895164674	0.26501142943091505	0.2621236883339353	0.258308488321268	0.2532811684825393	0.2466780900507571	0.23804238013164336	0.22681653787244604	0.21235705438959984	0.19400443384138094	0.17127185079902535	0.144235682543252	0.11411805126149345	0.08366694398977234	0.05651131334851218	0.03540069340225752	0.020933353288471176	0.0119535196319192	0.006724220449297515	0.0037325033727586988	0.0019697159331284316	0.0009292385811300895	0.00038607570288419577	0.0001484566755328487	0.00005551622772279599	0.00001940726762014298	5.735756242461528e-6	1.4985605619411126e-6	3.737386142072007e-7	7.924926227374707e-8	1.4149243518366213e-8	2.3364533969556635e-9	3.0611629694681663e-10	3.5585377227239895e-11	3.2762145075703784e-12	2.556349309354652e-13	1.424324239216673e-14	5.861966007361651e-16	1.8569451797928526e-17	4.443122121323761e-19	7.848325311258301e-21	9.899266087320332e-23	1.8387598497338152e-38
0.2740645736449655	0.2740645735888756	0.2740645735142933	0.274064573414791	0.27406457328164585	0.2740645731030098	0.2740645728627782	0.27406457253904765	0.2740645721020121	0.27406457151109576	0.2740645707110409	0.2740645696265754	0.2740645681551388	0.2740645661569668	0.2740645634415742	0.27406455974933563	0.2740645547263895	0.2740645478904466	0.2740645385842109	0.2740645259119374	0.2740645086530693	0.2740644851447325	0.2740644531218781	0.274064409499813	0.2740643500785483	0.27406426914116905	0.27406415890824987	0.27406400879703674	0.27406380441655	0.27406352620461055	0.2740631475807275	0.2740626324445376	0.27406193178991844	0.27406097912607585	0.27405968428982136	0.2740579250908955	0.2740555360420033	0.27405229317051066	0.2740478935706128	0.2740419279045713	0.27403384346418874	0.27402289461255663	0.2740080763805045	0.2739880356132844	0.2739609522490525	0.2739243809299721	0.2738750400317121	0.2738085311299648	0.2737189666328176	0.27359847644614355	0.273436555674934	0.27321920395855975	0.27292779244018905	0.2725375758028987	0.2720157433943876	0.2713188743097514	0.27038962571870045	0.2691524417443188	0.26750802388696615	0.265326260267379	0.26243728843631914	0.25862041081691967	0.2535908016521029	0.2469845935314105	0.23834459315865572	0.22711284411180202	0.21264517779185013	0.19428112699552522	0.17153244136956405	0.14447355816661514	0.11432463419144813	0.08383355014834595	0.05663364767014736	0.03548248571019208	0.020984447275548587	0.0119846376489864	0.006743520420396455	0.003744926893255401	0.0019776615899592047	0.0009337346947266794	0.0003881717594424128	0.00014933028612442353	0.00005588745986146325	0.00001956743003499973	5.791719470137032e-6	1.5145541674054187e-6	3.7842663199692743e-7	8.046660100111672e-8	1.4388777101800725e-8	2.3842134378966406e-9	3.133737049588404e-10	3.6562913235637043e-11	3.3825329540909556e-12	2.6532318687946656e-13	1.4847639543463516e-14	6.1109599939681e-16	1.9354717530858095e-17	4.630090192049988e-19	8.176823242872157e-21	1.0311227199573481e-22	1.914880791156689e-38
0.27449121191586073	0.2744912118597474	0.27449121178513436	0.27449121168559126	0.2744912115523918	0.2744912113736833	0.27449121113335484	0.27449121080949407	0.2744912103722836	0.27449120978113106	0.2744912089807575	0.2744912078958607	0.2744912064238399	0.27449120442487546	0.27449120170840696	0.2744911980147063	0.27449119298977165	0.27449118615112256	0.27449117684120194	0.2744911641639086	0.27449114689819903	0.27449112338053544	0.2744910913449624	0.2744910477055494	0.2744909882606185	0.274490907290949	0.2744907970139681	0.2744906468426261	0.2744904423800801	0.27449016405614957	0.27448978527942447	0.27448926993464373	0.27448856899535873	0.2744876159430477	0.274486320576702	0.27448456065448223	0.27448217061876007	0.27447892640100596	0.2744745249646901	0.27446855679389687	0.27446046893761283	0.2744495154280749	0.27443469084538263	0.27441464142084343	0.27438754625648865	0.2743509588559625	0.2743015960448998	0.27423505728901676	0.2741454521246068	0.2740249065493904	0.27386291035039523	0.27364545593125467	0.27335390459055436	0.27296349761723354	0.27244140613436985	0.2717441844359128	0.27081445593087816	0.26957661876270866	0.2679313117618702	0.26574833752625127	0.2628577166754592	0.2590385912883693	0.25400591473758743	0.24739551326588352	0.23874976428884873	0.22751010100159735	0.213031470900645	0.1946521053068962	0.1718818445453237	0.1447925256920563	0.11460166908482838	0.08405700550574659	0.05679774975044435	0.03559221790845971	0.021053001145769343	0.012026393113981479	0.006769421675272783	0.0037616041511380196	0.001988333074067955	0.0009397779261765421	0.000390990960404524	0.00015050567083641894	0.00005638710489295929	0.00001978323818293435	5.867259115721656e-6	1.536158718835292e-6	3.8476503733968067e-7	8.211738249683975e-8	1.4714056890017383e-8	2.449208459388019e-9	3.2328914987613784e-10	3.790096060798851e-11	3.528891554782368e-12	2.787016248457158e-13	1.568769808017138e-14	6.457106519306505e-16	2.0446101547714535e-17	4.889869973242735e-19	8.633109327071798e-21	1.088325571993612e-22	2.0205469524983258e-38
0.2750452961454991	0.27504529608935546	0.2750452960147024	0.2750452959151064	0.27504529578183656	0.27504529560303403	0.2750452953625797	0.2750452950385501	0.2750452946011123	0.27504529400965355	0.2750452932088662	0.2750452921234097	0.27504529065063066	0.27504528865063776	0.275045285932773	0.2750452822371748	0.27504527720965943	0.27504527036749826	0.2750452610527954	0.2750452483689872	0.2750452310943989	0.2750452075646309	0.2750451755125516	0.2750451318506246	0.2750450723749799	0.27504499136340416	0.2750448810292403	0.2750447307798635	0.2750445262108214	0.2750442477415497	0.2750438687664676	0.27504335315097944	0.2750426518422575	0.2750416982857958	0.2750404022315027	0.2750386413706001	0.27503625005418064	0.2750330040892638	0.2750286002696683	0.2750226288482406	0.27501453655884406	0.2750035770043412	0.27498874417988095	0.2749686835200055	0.2749415730416376	0.27490496477088483	0.2748555735217677	0.2747889960217276	0.2746993380801119	0.2745787206227361	0.2744166265351056	0.2741990388305193	0.27390730603150887	0.27351665204449527	0.2729942243411245	0.2722965450291456	0.27136619370393755	0.2701275088380903	0.2684810479310027	0.2662965025920102	0.26340374169167646	0.259581699220559	0.2545450419159175	0.2479291984607067	0.23927598916675336	0.22802605512150317	0.21353319676122348	0.19513395642207668	0.17233569638067942	0.1452068779663334	0.11496159485663324	0.08434737098808139	0.057011030715505145	0.035734858454302174	0.02114212467521018	0.012080683566349141	0.006803104651018996	0.003783299220050962	0.002002224076154714	0.0009476520974723471	0.0003946674301813162	0.00015203909180729308	0.000057039239122398864	0.00002006531214862833	5.96621429805439e-6	1.564487203674443e-6	3.9308553043259976e-7	8.429249327340897e-8	1.5143421533631657e-8	2.5352286825405943e-9	3.364778010909469e-10	3.9684815176882046e-11	3.7254147570244144e-12	2.967342695540948e-13	1.6829347819859428e-14	6.927645249067835e-16	2.192921262653583e-17	5.242765157466482e-19	9.252705746633757e-21	1.1659696308951867e-22	2.1639182965699273e-38
0.2757625490530013	0.2757625489968185	0.27576254892211377	0.27576254882244927	0.27576254868908834	0.27576254851016424	0.27576254826954716	0.2757625479452992	0.27576254750756757	0.27576254691571267	0.27576254611439033	0.27576254502820996	0.2757625435544504	0.2757625415531277	0.2757625388334572	0.2757625351354053	0.2757625301045527	0.27576252325785	0.27576251393696305	0.27576250124473023	0.27576248395866065	0.2757624604132404	0.27576242833981646	0.27576238464877617	0.2757623251334149	0.2757622440676497	0.2757621336595418	0.2757619833092571	0.2757617786025037	0.2757614999452896	0.27576112071371	0.2757606047481676	0.2757599029617236	0.2757589487533404	0.27575765180945755	0.27575588973473764	0.27575349676224126	0.27575024853806007	0.27574584163663507	0.27573986601180167	0.275731767989935	0.275720800618678	0.27570595713678153	0.27568588194849625	0.2756587516676031	0.2756221164096043	0.2755726883873341	0.27550606078740425	0.2754163345998947	0.2752956241921892	0.2751334035255446	0.2749156434707742	0.2746236760299238	0.2742327026323962	0.2737098401666511	0.27301156912111396	0.2720804124366442	0.27084063142685044	0.26919267842419625	0.2670061015217433	0.26411057336848515	0.26028475888311664	0.25524295416801057	0.2486200738438432	0.23995721787312616	0.22869400313863011	0.2141827469247999	0.19575780763982584	0.17292334289165331	0.1457434463943699	0.11542777104776195	0.08472354978845655	0.05728742278469318	0.0359197519144969	0.021257668623732184	0.012151080196032824	0.006846792071647374	0.0038114521658200802	0.002020266657608387	0.0009578944773592233	0.00039945565112730626	0.00015403741488921905	0.00005788964515258936	0.000020433918739207378	6.095953004141975e-6	1.6016808723565296e-6	4.0402784870789966e-7	8.716873890676688e-8	1.5712701100889135e-8	2.649717271121263e-9	3.541611405206676e-10	4.2084510901349004e-11	3.992577250988719e-12	3.213820146466097e-13	1.8408895798075947e-14	7.578936005876916e-16	2.3981066290223154e-17	5.730728273130221e-19	1.0108953402640117e-20	1.2732028905875488e-22	2.361815516902981e-38
0.2766558826039282	0.27665588254769674	0.2766558824729277	0.27665588237317795	0.27665588223970367	0.2766558820606284	0.2766558818198088	0.27665588149528914	0.2766558810571921	0.2766558804648443	0.2766558796628563	0.27665587857577556	0.2766558771007962	0.27665587509781897	0.2766558723759023	0.27665586867479774	0.27665586363979366	0.27665585678744103	0.276655847458861	0.27665583475614786	0.27665581745579526	0.27665579389090317	0.27665576179092627	0.2766557180636687	0.2766556584988995	0.276655577365722	0.27665546686562686	0.2766553163898119	0.27665511151174466	0.27665483262072893	0.2766544530700651	0.2766539366690533	0.276653234288321	0.27665227926894503	0.27665098121841	0.2766492176336993	0.2766468226010414	0.2766435715663353	0.2766391608311168	0.2766331799772537	0.27662507482420845	0.27661409772894546	0.27659924098925115	0.2765791477277048	0.27655199281260034	0.27651532398267586	0.27646585021494263	0.2763991602912561	0.2763093492066267	0.2761885231698954	0.2760261450407313	0.2758081705849754	0.2755159112535632	0.27512454051509005	0.2746011372133209	0.2739021300636683	0.27296997152998403	0.271728826942618	0.2700790178101048	0.26788991369608856	0.26499094315783156	0.26116043640113273	0.2561122284787886	0.2494805945521999	0.24080573853024706	0.22952600329045977	0.21499186123978042	0.19653495413061492	0.17365545255659226	0.14641201352760355	0.11600875199833866	0.08519250596210766	0.05763209255570592	0.03615038277149814	0.02140182333407972	0.01223892500597301	0.00690132420651169	0.003846613316948545	0.0020428240363797416	0.000970720682353382	0.00040546028507238314	0.0001565450901424692	0.00005895759036097258	0.000020897898815785356	6.259864005636026e-6	1.6487459377947588e-6	4.178993858525002e-7	9.083725926212732e-8	1.6440967151526707e-8	2.7967907509458885e-9	3.770651933699709e-10	4.5203741573726687e-11	4.343913364373161e-12	3.5398311367970587e-13	2.052665306000396e-14	8.452585095407204e-16	2.6731981356521034e-17	6.384548841667653e-19	1.1255495759833935e-20	1.4166919076482416e-22	2.626455577574966e-38
0.2777565349349958	0.2777565348787044	0.27775653480385626	0.27775653470400163	0.2777565345703879	0.2777565343911265	0.277756534150058	0.277756533825204	0.2777565333866571	0.2777565327937031	0.2777565319908963	0.2777565309027078	0.27775652942622775	0.27775652742121526	0.27775652469653517	0.2777565209916753	0.2777565159515639	0.27775650909226096	0.27775649975421685	0.277756487038611	0.2777564697206878	0.2777564461318418	0.2777564139991999	0.2777563702273887	0.27775631060183903	0.2777562293857327	0.27775611877247747	0.2777559681422387	0.27775576305342625	0.2777554838747952	0.27775510393160413	0.2777545869948927	0.27775388388308786	0.27775292786605826	0.27775162845416057	0.2777498630119161	0.2777474654449276	0.27774421095282553	0.27773979550143174	0.27773380821503885	0.27772569428953464	0.27771470523223507	0.27769983218341765	0.27767971668900227	0.27765253147010244	0.27761582134168916	0.27756629130026694	0.2774995247092294	0.27740960918883084	0.2772886409118172	0.27712606908143483	0.2769078308824416	0.27661521248523024	0.2762233529630311	0.27569928435992686	0.27499937170406796	0.2740659807641293	0.27282315879928326	0.2711710663895053	0.2689788534872218	0.26607564838947645	0.2622393695719958	0.25718328495459564	0.2505408831188363	0.24185126577803195	0.2305512087504338	0.2159889152080909	0.1974926852268908	0.17455778408908523	0.14723617540660752	0.11672513991209044	0.08577097724623209	0.058057429936396156	0.03643509157279226	0.021579824694542286	0.012347421892882491	0.006968703085686971	0.003890089146937778	0.0020707529536223863	0.0009866345529415432	0.0004129240880193138	0.00015966487035089065	0.000060287452507374704	0.000021477397800010774	6.465560263912521e-6	1.7079310812526286e-6	4.3538287623918413e-7	9.549719276700478e-8	1.736964944881391e-8	2.9853119961638702e-9	4.0673687700013417e-10	4.92623649567118e-11	4.807901442346881e-12	3.973409269593766e-13	2.3392821436337437e-14	9.635834830212063e-16	3.0455185168636494e-17	7.268771567563372e-19	1.2804770867403519e-20	1.6104079577403921e-22	2.9834387706745347e-38
0.27908730544286947	0.27908730538650567	0.27908730531156195	0.2790873052115809	0.2790873050777989	0.27908730489831285	0.2790873046569436	0.2790873043316861	0.2790873038925965	0.27908730329891074	0.2790873024951155	0.2790873014055899	0.2790872999272987	0.2790872979198296	0.2790872951918142	0.27908729148242184	0.2790872864361464	0.27908727956845464	0.27908727021898805	0.27908725748782137	0.2790872401486915	0.27908721653093493	0.27908718435886887	0.2790871405332846	0.2790870808343776	0.27908699951818255	0.27908688876835214	0.27908673795173633	0.2790865326085719	0.27908625308281326	0.2790858726658755	0.279085355082621	0.27908465108847574	0.27908369386736676	0.27908239281242747	0.2790806251283104	0.2790782245026194	0.27907496583776564	0.27907054469439807	0.279064549644561	0.27905642513155954	0.2790454216372603	0.27903052890496904	0.27901038657775923	0.278983164785326	0.278946404813999	0.27889680685626544	0.2788299477360969	0.2787399061733112	0.27861876622830106	0.27845596062273864	0.27823740411636794	0.27794435236926673	0.2775519029438927	0.2770270314034747	0.2763260259138793	0.27539114761504657	0.2741463012704148	0.2724914532421668	0.2702954884441912	0.26738717280449353	0.26354392790765	0.25847833724247027	0.2518229401382182	0.24311550819972483	0.2317909261864602	0.2171946588793984	0.19865097360387104	0.1756492145052664	0.148233259418167	0.11759211066591674	0.08647134496571582	0.058572642473712994	0.03678010061891981	0.021795589644681333	0.01247897392635585	0.0070504364729842605	0.003942870862963525	0.0021047120080130077	0.0010060310885817028	0.0004220405293861531	0.0001634792613738341	0.00006191512594056292	0.000022189077062290225	6.7195534995931755e-6	1.7811865740680335e-6	4.570778373744423e-7	1.0133086652985681e-7	1.8537468053719054e-8	3.223727889259647e-9	4.4471709728209724e-10	5.44821814826342e-11	5.414689898680988e-12	4.544692172728596e-13	2.724474369355138e-14	1.1227489069926656e-15	3.5459541377624195e-17	8.456205557717277e-19	1.4883321649894818e-20	1.8700358461966805e-22	3.461439945483088e-38
0.2806930379033861	0.2806930378469352	0.28069303777187654	0.28069303767174303	0.28069303753775837	0.28069303735800194	0.2806930371162708	0.28069303679052754	0.28069303635078435	0.28069303575621757	0.2806930349512325	0.28069303386009736	0.2806930323796257	0.28069303036919935	0.28069302763716886	0.2806930239223202	0.2806930188686243	0.2806930119908342	0.2806930026276172	0.28069298987771885	0.2806929725130608	0.28069294886050217	0.28069291664097823	0.2806928727506635	0.28069281296345117	0.28069273152677277	0.2806926206125379	0.28069246957156857	0.28069226392222535	0.28069198397860884	0.28069160299139506	0.2806910846298607	0.280690379573595	0.28068942090307325	0.280688117870322	0.28068634748755383	0.28068394317996054	0.28068067949217623	0.2806762514971301	0.28067024710210886	0.2806621098445023	0.2806510889718377	0.280636172545822	0.2806159979190587	0.2805887321018805	0.280551912133147	0.28050223242264666	0.28043526192278906	0.28034506863986736	0.28022372205451523	0.2800606350495365	0.27984169539156006	0.2795481220154289	0.2791549625173485	0.27862912447476673	0.27792680353500343	0.2769901348978185	0.275742851806881	0.2740846868473132	0.27188420591255397	0.26896973875887104	0.2651181088845053	0.26004107597061454	0.25337003680956344	0.24464116211141168	0.23328706065859667	0.21864990149676877	0.20004909807895424	0.1769668656095962	0.14943733681346358	0.11863950084865478	0.08731794729719568	0.05919582659106339	0.03719763761260596	0.022056814838217396	0.012638302586251732	0.007149486294231689	0.004006905093550801	0.0021459940380077376	0.0010296853869683818	0.0004331892931212251	0.00016815019648485136	0.00006391104540715524	0.000023065622418764617	7.034637637490767e-6	1.8723490882091246e-6	4.841634826132717e-7	1.086981071485153e-7	2.0021130471956517e-8	3.528782050018484e-9	4.940904148315082e-10	6.130778089312361e-11	6.225545290964476e-12	5.315097075593239e-13	3.2576344166292693e-14	1.3433608465799496e-15	4.2388621573686274e-17	1.0098404193641537e-18	1.775425367135337e-20	2.2281478208316307e-22	4.119942424700727e-38
0.2825913881973448	0.28259138814079104	0.28259138806559675	0.2825913879652836	0.28259138783105986	0.28259138765098457	0.28259138740882656	0.2825913870825104	0.2825913866419966	0.2825913860463909	0.2825913852400027	0.2825913841469695	0.28259138266392664	0.2825913806500131	0.282591377913248	0.28259137419196556	0.2825913691295197	0.28259136223982206	0.2825913528603915	0.2825913400884056	0.28259132269364645	0.2825912990000516	0.2825912667245685	0.28259122275792836	0.2825911628665932	0.2825910812878502	0.2825909701797631	0.2825908188742547	0.28259061286389137	0.2825903324275734	0.28258995076794097	0.28258943148872995	0.28258872518010997	0.28258776480057746	0.2825864594357807	0.2825846858710273	0.28258227722210066	0.28257900761178617	0.28257457153794874	0.2825685561240725	0.28256040383940256	0.28254936247606893	0.28253441811306973	0.2825142054023477	0.2824868876762975	0.28244999696572365	0.2824002208622597	0.28233311903723385	0.2822427468650567	0.28212115663603715	0.2819577378419326	0.28173834642298473	0.28144415801337125	0.28105016129683424	0.2805231836926713	0.27981931176521024	0.27888053222622206	0.27763037609223745	0.2759683003180702	0.27376249466501	0.2708407746378543	0.2669792585885895	0.2618887349435507	0.2551992534970098	0.24644509762832958	0.23505619301558284	0.22037082347641299	0.20170267999239594	0.17852557023285429	0.15086212096264692	0.11987945188782577	0.08832083518876345	0.05993457554951435	0.03769290127033347	0.0223668030337258	0.012827451373445585	0.00726715156699185	0.004083065741377055	0.002195203196959604	0.0010579810054311997	0.0004465671454337565	0.0001737633118789952	0.00006631314545733815	0.000024125615567928465	7.418688377659656e-6	1.983857568305816e-6	5.174077394326269e-7	1.178537601712739e-7	2.18773437024268e-8	3.913248423016198e-9	5.574119801615367e-10	7.011459867188968e-11	7.296613643275943e-12	6.342141991930748e-13	3.9890260587633095e-14	1.6465332459859696e-15	5.189977672701247e-17	1.2349601341992856e-18	2.1684259668207644e-20	2.717617842596399e-22	5.018743752557213e-38
0.2848176484161728	0.28481764835949885	0.28481764828414596	0.28481764818362265	0.28481764804911947	0.28481764786867125	0.284817647626014	0.28481764729902803	0.2848176468576131	0.28481764626079276	0.284817645452764	0.2848176443575116	0.2848176428714626	0.284817640853472	0.28481763811117156	0.28481763438236707	0.28481762930969157	0.2848176224060726	0.28481761300768643	0.284817600209878	0.28481758277992764	0.2848175590383577	0.2848175266974537	0.2848174826415828	0.2848174226285196	0.28481734088369226	0.28481722954897754	0.2848170779342041	0.28481687150178364	0.2848165904894649	0.2848162080437319	0.28481568769170007	0.28481497991900323	0.28481401754153807	0.2848127094504501	0.28481093216578435	0.2848085184416154	0.28480524190757167	0.2848007963892471	0.2847947680938325	0.2847865982418831	0.2847755329241296	0.28476055590173255	0.28474029866952744	0.2847129202603304	0.2846759468504502	0.2846260580610189	0.2845588027137486	0.28446822141632716	0.28434634636361705	0.2841825397031521	0.2839626201706615	0.28366771278212594	0.2832727373533947	0.282744427600316	0.2820387425714533	0.2810974953996386	0.27984398070317	0.2781773332349772	0.2759653030725591	0.2730351045863501	0.2691620318585844	0.2640557380020448	0.2573446983295534	0.248560990240968	0.23713140341062128	0.222389680704676	0.20364282426836122	0.18035481046794608	0.15253479366486428	0.12133593070355128	0.08949974109657495	0.06080371094229539	0.03827599178312999	0.0227319499279063	0.0130503653841658	0.0074059283364668075	0.004173018315104001	0.002253475295770071	0.0010916261046836082	0.0004625327031242996	0.00018047384299899323	0.00006918980956844305	0.000025402047686160503	7.885454747257904e-6	2.1199491558718687e-6	5.581363596374392e-7	1.2923216093045074e-7	2.4202641037453682e-8	4.398735245307352e-9	6.390103119530758e-10	8.153776318482534e-11	8.723591295535067e-12	7.723933255766211e-13	5.006122416027028e-14	2.0691444173305976e-15	6.5140013515162e-17	1.5478603185513328e-18	2.7137556308154263e-20	3.3955902775073788e-22	6.261662137785355e-38
0.28740678448783	0.2874067844310167	0.28740678435547995	0.287406784254713	0.2874067841198859	0.2874067839390054	0.28740678369576966	0.2874067833680073	0.28740678292554805	0.28740678232731987	0.2874067815173899	0.28740678041956574	0.287406778930033	0.2874067769073177	0.2874067741586027	0.2874067704210814	0.2874067653365516	0.2874067584168006	0.28740674899644886	0.2874067361687176	0.2874067186979883	0.2874066949008259	0.28740666248411395	0.2874066183248453	0.28740655817072835	0.2874064762334493	0.28740636463612834	0.2874062126629933	0.28740600574151415	0.28740572406175624	0.2874053407051336	0.28740481910997895	0.2874041096407978	0.2874031449482538	0.28740183369811584	0.28740005210306674	0.2873976324980608	0.28739434794129887	0.2873898914794096	0.28738384825786806	0.2873756580503675	0.28736456497622587	0.2873495501109273	0.28732924129118353	0.28730179256794697	0.28726472333399805	0.28721470397521875	0.28714727074207114	0.2870564471324281	0.28693424205717594	0.28676998598099723	0.2865494545322617	0.2862537140777285	0.2858576046391596	0.2853277513629264	0.28461996555203434	0.2836758592231606	0.2824184530947474	0.2807465086067651	0.2785272664086566	0.27558724438875826	0.2717007816358464	0.2665762159231985	0.25984019847678824	0.2510222510996466	0.23954553062968267	0.22473851966236724	0.2059004711982994	0.1824839665130819	0.15448252037204913	0.12303299333581295	0.0908745863014716	0.061818291090432805	0.03895722462269829	0.023158811487084034	0.01331110190815553	0.00756839652082186	0.004278499474165638	0.002322012519084252	0.0011313866854187934	0.00048148109880764584	0.00018845422058228793	0.00007261746071433216	0.000026932484847179416	8.451098316267892e-6	2.2856771176999024e-6	6.079415752957774e-7	1.4337236382349887e-7	2.7119533129865696e-8	5.012905069899177e-9	7.446617138181974e-10	9.643127449115685e-11	1.0640747842101253e-11	9.599503403211126e-13	6.43956475700509e-14	2.666676991908608e-15	8.383114897997342e-17	1.988787110699481e-18	3.480719871834889e-20	4.347116977948657e-22	8.002784210706241e-38
0.29039347134449484	0.2903934712875213	0.29039347121177317	0.29039347111072633	0.290393470975527	0.29039347079414973	0.29039347055024933	0.290393470221595	0.2903934697779359	0.2903934691780903	0.290393468365976	0.2903934672651972	0.2903934657716623	0.29039346374351915	0.29039346098743507	0.2903934572399003	0.29039345214175244	0.29039344520346977	0.2903934357578851	0.29039342289578035	0.290393405378207	0.29039338151718425	0.29039334901339026	0.2903933047353475	0.2903932444192008	0.2903931622608516	0.2903930503618749	0.29039289797709095	0.2903926904938332	0.29039240804739413	0.2903920236444438	0.2903915006213329	0.29039078920343103	0.29038982185160334	0.2903885069727397	0.2903867204264665	0.29038429406631394	0.2903810002941112	0.2903765312617276	0.2903704708951081	0.2903622573060166	0.29035113234933646	0.29033607401569583	0.2903157059399728	0.29028817645082244	0.29025099714934915	0.2902008278136492	0.29013319025472895	0.2900420883180233	0.28991950417035595	0.2897547318856252	0.28953349757939173	0.28923680025462983	0.2888393882829722	0.2883077621098659	0.28759756334198056	0.2866501729991997	0.28538829720882636	0.2837102686386827	0.2814827428356363	0.27853143775431805	0.27462959565687883	0.26948404366869155	0.26271933815245285	0.2538620660928723	0.24233121264336424	0.22744922002975915	0.20850644193017276	0.18494236618577123	0.15673250516113751	0.12499484620055822	0.09246554641651579	0.06299367364099856	0.039747181370741486	0.023654139727115518	0.013613854311692682	0.007757236710160555	0.004401330285509866	0.0024020950142770803	0.0011780966964505387	0.0005038507928644748	0.00019789737454293895	0.0000766820850847713	0.000028759932475452976	9.134711076012812e-6	2.4871016938069467e-6	6.687435532152116e-7	1.6094480717548972e-7	3.0784074445399725e-8	5.791218095335776e-9	8.820892613188083e-10	1.1594546998653157e-10	1.3236716687229075e-11	1.2166220186003272e-12	8.485165224463785e-14	3.52308232407047e-15	1.1057223344372419e-16	2.6183175291851053e-18	4.573309722312009e-20	5.69938655277978e-22	1.0471827733985465e-37
0.2938121264165627	0.2938121263594067	0.2938121262834177	0.2938121261820517	0.2938121260464281	0.29381212586448485	0.29381212561982706	0.2938121252901563	0.29381212484513003	0.2938121242434415	0.2938121234288385	0.2938121223246934	0.29381212082659874	0.29381211879227165	0.2938121160277922	0.2938121122688493	0.29381210715518746	0.2938121001957928	0.2938120907214622	0.2938120778201987	0.29381206024926043	0.2938120363154882	0.2938120037124912	0.2938119592991428	0.2938118987984151	0.2938118163882285	0.2938117041456146	0.29381155129189407	0.29381134316867924	0.2938110598488684	0.2938106742539877	0.29381014960421686	0.2938094359664309	0.29380846558529045	0.293807146572788	0.29380535438637606	0.2938029203311862	0.293799616061364	0.2937951327095494	0.2937890528125051	0.29378081258889055	0.29376965131418153	0.29375454346505236	0.293734107890126	0.2937064863998653	0.2936691817200297	0.29361884154569096	0.29355097124028917	0.2934595522638872	0.2933365363202125	0.2931711760322636	0.292949141117864	0.292651353849841	0.29225245820667106	0.2917188125956194	0.29100586533444395	0.2900547343321933	0.28878776739111506	0.2871028088049319	0.28486584768976164	0.2819016908873988	0.2779823314184705	0.272812875887786	0.26601549485695414	0.2571134330913174	0.24552092524813207	0.23055353529045178	0.21149148182332078	0.18775933217425264	0.1593120432797124	0.12724590491476287	0.09429311495918051	0.06434557712448016	0.04065676016084561	0.024224918424806497	0.01396297589864632	0.007975246949133253	0.004543429485672097	0.0024950925609985137	0.001232668460178326	0.0005301308580803662	0.00020902032266961455	0.00008148088391339506	0.00003093377489966672	9.95890343049586e-6	2.731514181535115e-6	7.428622929776405e-7	1.827832137089451e-7	3.539538045297389e-8	6.77911241967895e-9	1.0616189921249622e-9	1.416305041619968e-10	1.6776343075344516e-11	1.5704424552068232e-12	1.143686500046667e-13	4.7659157449258115e-15	1.4930213125983425e-16	3.5279710171659025e-18	6.148102594012968e-20	7.6432048633479125e-22	1.4012262096115517e-37
0.29770777458308867	0.29770777452572555	0.2977077744494635	0.29770777434773577	0.2977077742116312	0.29770777402904625	0.29770777378352975	0.2977077734527068	0.2977077730061308	0.2977077724023534	0.29770777158492967	0.2977077704769692	0.2977077689737066	0.29770776693237105	0.297707764158377	0.2977077603865052	0.29770775525526144	0.29770774827194113	0.29770773876503404	0.29770772581939403	0.29770770818798065	0.29770768417176663	0.29770765145635075	0.2977076068896718	0.2977075461797756	0.29770746348420596	0.2977073508521829	0.29770719746706675	0.2977069886186594	0.29770670430915686	0.29770631736360326	0.29770579087053795	0.2977050747172373	0.29770410090336996	0.2977027772067666	0.29770097862915856	0.2976985358542647	0.2976952196890054	0.29769072011109965	0.29768461808319774	0.2976763476788388	0.2976651452507212	0.2976499812938595	0.29762946923351674	0.2976017434944183	0.2975642967457306	0.29751376299138643	0.2974456289584614	0.29735385074263565	0.2972303455310269	0.29706431897999525	0.2968413769056009	0.29654235464153994	0.29614177788431023	0.29560584410631924	0.2948897826216794	0.293934413229487	0.2926616777428749	0.2909688671213047	0.28872121541606144	0.2857424971969896	0.2818032901512442	0.2766067516768959	0.2697723495559158	0.26081954252945194	0.2491571843277964	0.23409304811952628	0.21489587123052398	0.19097330686423183	0.16225695646981153	0.12981826311795983	0.09638428974712994	0.06589476128975806	0.041700385793323594	0.024880404969813634	0.014364243903593452	0.008226146617280009	0.004707354947277118	0.002602840208179934	0.0012963343205233406	0.0005609879757801459	0.00022212014771549513	0.00008714710395817104	0.000033522089083861844	0.00001095538113877957	3.0292535123669473e-6	8.335902830884769e-7	2.100909358805896e-7	4.124707931937189e-8	8.043633963810312e-9	1.2990102881964624e-9	1.7586953730735348e-10	2.1680316672181798e-11	2.066483495185933e-12	1.5791092723311243e-13	6.613746853371324e-15	2.0675331492678326e-16	4.873691855126407e-18	8.47099858633729e-20	1.0501421279610205e-21	1.9203324108809643e-37
0.30211853993989807	0.3021185398823018	0.30211853980573217	0.3021185397035972	0.3021185395669511	0.3021185393836439	0.30211853913716086	0.3021185388050411	0.30211853835672087	0.3021185377505926	0.3021185369299943	0.30211853581774006	0.30211853430866187	0.3021185322594396	0.3021185294747389	0.30211852568831876	0.302118520537291	0.3021185135270489	0.30211850398348616	0.3021184909879136	0.30211847328845415	0.30211844917947805	0.30211841633757147	0.30211837159837046	0.3021183106531263	0.30211822763645735	0.30211811456629195	0.30211796058328033	0.30211775091893217	0.3021174654958955	0.30211707703066215	0.3021165484636624	0.30211582948010673	0.30211485180402414	0.30211352283728365	0.3021117170688914	0.30210926448342823	0.30210593493462007	0.3021014171008196	0.30209529017369646	0.30208698581340293	0.3020757370843687	0.3020605100019991	0.30203991189010393	0.3020120688641944	0.3019744622794541	0.30192371073700813	0.3018552799976983	0.301763097622163	0.3016390419660976	0.30147226584868647	0.3012483031975753	0.3009478915413518	0.30054542351225944	0.30000691553623804	0.29928735055671274	0.2983272130130049	0.29704798800194493	0.2953463440182276	0.2930866657236643	0.2900915664847152	0.28613003191603026	0.2809030268911448	0.27402697919173036	0.26501708946984553	0.2532761600968432	0.23810320310387637	0.21875404253661807	0.1946172931771785	0.16559820048530952	0.13273992552509192	0.09876293305419871	0.06765982796519585	0.04289112865657211	0.025629050554708217	0.014822965464889988	0.008513383456232518	0.004895514101754861	0.0027271076584860087	0.0013703240802047283	0.0005971078136056815	0.00023750637553998988	0.0000938204572150693	0.00003659773192047774	0.000012159571767011077	3.3921513447975484e-6	9.447107918636052e-7	2.443003206266724e-7	4.8702227766728054e-8	9.667909955697128e-9	1.6148800025443723e-9	2.2182003472175535e-10	2.8532217030579673e-11	2.7684930151915284e-12	2.229650138625985e-13	9.403489339916254e-15	2.932693554063192e-16	6.894069608501067e-18	1.1946965841343137e-19	1.4763321251097544e-21	2.6918917900010643e-37
0.30706976546088244	0.307069765403026	0.3070697653261133	0.3070697652235239	0.3070697650862737	0.30706976490216076	0.30706976465459956	0.3070697643210333	0.3070697638707677	0.3070697632620174	0.3070697624378787	0.30706976132083613	0.3070697598052724	0.30706975774725537	0.30706975495061534	0.3070697511479724	0.30706974597488407	0.3070697389346226	0.3070697293501873	0.3070697162989384	0.30706969852360644	0.3070696743112001	0.3070696413282566	0.3070695963966952	0.3070695351890423	0.3070694518143555	0.3070693382556747	0.3070691836060311	0.3070689730319425	0.30706868636736645	0.3070682962077668	0.30706776532844465	0.3070670431893228	0.30706606120711694	0.30706472636453164	0.3070629125789363	0.30706044905544133	0.3070571045850648	0.3070525663975114	0.30704641171001235	0.30703806949209855	0.30702676914219657	0.3070114716815965	0.30699077763182525	0.30696280384485614	0.30692501906260083	0.3068740247145475	0.3068052631877964	0.3067126302314602	0.30658796091163854	0.30642034914425903	0.30619524871549	0.30589328812189936	0.30548871165778	0.3049473339222362	0.3042238632126413	0.30325841012077326	0.3019719506184248	0.30026045931141204	0.29798737402405906	0.29497401372260473	0.2909875893763886	0.2857266220068729	0.27880415112306683	0.2697306318428227	0.2579021230556594	0.24260787401819148	0.22308931678286295	0.1987138302503241	0.1693571819113697	0.1360306113653837	0.10144624243075323	0.0696545107454102	0.04423882484240622	0.02647729518754547	0.015343225917132823	0.008839649701913038	0.00510983141392096	0.002869361309555638	0.001455706970543108	0.000639111600155021	0.0002554643452423557	0.00010163069665123799	0.00004023000907956157	0.00001360698285414949	3.832427102273539e-6	1.080144996489666e-6	2.86952994716301e-7	5.8169955550907886e-8	1.1745737766714238e-8	2.033872342179809e-9	2.833182406372002e-10	3.807358169778067e-11	3.759524175801224e-12	3.1992912858648235e-13	1.361658827793149e-14	4.2357900785311554e-16	9.927278292747784e-18	1.7147110477308567e-19	2.1115159275465603e-21	3.837864043164475e-37
0.3126324224933028	0.3126324224351562	0.3126324223578607	0.3126324222547645	0.31263242211684067	0.3126324219318291	0.31263242168306576	0.3126324213478867	0.3126324208954522	0.312632420283779	0.31263241945569353	0.31263241833331323	0.3126324168105203	0.3126324147427001	0.31263241193275254	0.312632408112028	0.3126324029143518	0.3126323958406327	0.3126323862106442	0.3126323730973442	0.31263235523745325	0.3126323309097766	0.31263229776965273	0.3126322526237148	0.31263219112362217	0.31263210734994734	0.3126319932468508	0.31263183785429793	0.31263162626638036	0.3126313382182205	0.312630946170412	0.31263041271423986	0.31262968705857497	0.31262870027767475	0.31262735888714716	0.3126255361673563	0.31262306045481597	0.312619699356328	0.31261513848732697	0.3126089528648826	0.312600568460318	0.31258921058699696	0.31257383470126854	0.31255303374492266	0.31252491424770484	0.31248693089685753	0.3124356659880969	0.3123665358641013	0.3122734008280365	0.3121480477107817	0.31197950479646014	0.31175313657603054	0.3114494500606832	0.3110425242658748	0.310497948915873	0.30977012630064854	0.30879875047890604	0.30750423017072254	0.3057817668841934	0.3034937435386051	0.30046003698729423	0.2964458811209842	0.2911470744633121	0.2841728821924009	0.2750284737058203	0.26310239756766873	0.24767303070130078	0.22796577446977817	0.20332433100310743	0.17359149625649972	0.13974242311636992	0.10447862875078116	0.07191346465621742	0.04576785541148369	0.02744091677135912	0.015934936220567568	0.009211385040870526	0.005354806011662747	0.003032914266156581	0.0015548014368629251	0.0006883093425221596	0.0002765897163134763	0.0001108466966313797	0.000044559634060023864	0.00001536796762867194	4.374180840690232e-6	1.247589828998646e-6	3.4103428093332045e-7	7.044724885391932e-8	1.4459048040543349e-8	2.604085030649361e-9	3.6791496702332e-10	5.177449362935374e-11	5.2070873264671125e-12	4.703265236931694e-13	2.0274335008553755e-14	6.288588179743992e-16	1.4686953474620544e-17	2.52726378056205e-19	3.0995231083523445e-21	5.613042336811587e-37
0.3188206204281663	0.31882062036969916	0.3188206202919811	0.31882062018832524	0.3188206200496577	0.31882061986365434	0.3188206196135641	0.31882061927660515	0.31882061882177715	0.3188206182068783	0.3188206173744378	0.31882061624616775	0.31882061471539835	0.3188206126367622	0.31882060981213245	0.31882060597145906	0.31882060074665663	0.3188205936360265	0.31882058395578383	0.31882057077403003	0.31882055282085653	0.31882052836601893	0.31882049505250276	0.3188204496700791	0.31882038784738953	0.31882030363358504	0.3188201889299398	0.3188200327178834	0.3188198200116173	0.318819530437243	0.3188191363065852	0.318818600007951	0.31881787047328985	0.3188168783991149	0.31881552978581257	0.3188136972111138	0.3188112080534557	0.31880782861343565	0.3188032427259369	0.31879702298125673	0.3187885920437204	0.3187771707209407	0.31876170833126016	0.31874078945627693	0.31871250924079886	0.31867430687043363	0.31862274353748377	0.3185532068594804	0.3184595180454464	0.31833341072702875	0.31816384080295995	0.3179360742806991	0.31763048418743506	0.3172209672563193	0.31667286520471055	0.3159402428394116	0.3149623348477303	0.31365892436381887	0.3119243603055846	0.3096198622371638	0.30656371668857285	0.3025189773441569	0.29717844068234894	0.2901472103165497	0.2809246281863995	0.2688909637617245	0.2533126094146225	0.23339729250340466	0.20846258549299446	0.17831477761076042	0.1438886321929348	0.10787246305903664	0.074447231796795	0.04748614898938931	0.02852526611930521	0.016601568386120164	0.009630947518874616	0.005632204952301083	0.0032192076039731198	0.001668755241281299	0.0007454226801105239	0.0003012253078194358	0.00012162574562794219	0.00004967335175278997	0.000017491180377835968	5.035244773220601e-6	1.4527752454783506e-6	4.0892425192692584e-7	8.623146482547706e-8	1.7967186092659546e-8	3.371836786052088e-9	4.831495104646616e-10	7.119211130183779e-11	7.29820195892676e-12	7.002331326630429e-13	3.068712137614844e-14	9.489094839944518e-16	2.2077602668922927e-17	3.783405045655052e-19	4.619671853538221e-21	8.332592837318226e-37
0.3256958916387581	0.32569589157993784	0.32569589150175426	0.3256958913974822	0.32569589125799553	0.32569589107089997	0.3256958908193487	0.32569589048043	0.32569589002296684	0.3256958894045171	0.32569588856728265	0.32569588743252975	0.3256958858929809	0.3256958838024402	0.32569588096165136	0.32569587709902303	0.3256958718443673	0.32569586469311634	0.3256958549575698	0.32569584170048493	0.3256958236446588	0.3256957990498891	0.3256957655455686	0.32569571990291424	0.32569565772523945	0.32569557302712165	0.3256954576626447	0.32569530054882984	0.325695086611973	0.32569479535821755	0.32569439893569524	0.3256938595093741	0.3256931257065058	0.3256921278079717	0.3256907712472636	0.325688927829017	0.3256864238775166	0.3256830242561811	0.32567841084081833	0.3256721535516589	0.3256636714145163	0.3256521802796149	0.32563662271206395	0.3256155740954635	0.3255871170487669	0.3255486737027343	0.3254967820319564	0.3254267980511203	0.32533249995925484	0.3252055628605228	0.3250348630190971	0.32480555809741574	0.32449787372330113	0.32408550609867626	0.32353352410755215	0.32279562129542044	0.32181052700068186	0.3204973361719061	0.31874945983211855	0.31642683781937686	0.3133460073089784	0.30926762385486584	0.3038811820163472	0.2967872085290697	0.2874786370743556	0.275326634012753	0.2595844153255592	0.23944027266858695	0.2141830124085863	0.18357858592918394	0.14851659078438215	0.1116689291744059	0.07728866455356506	0.049417244627458376	0.02974575968193439	0.017352894026200612	0.010104765066615081	0.005946612891046849	0.003431730139844967	0.0018001336098278353	0.0008119779905699187	0.0003300821766464684	0.00013429074340893344	0.000055743970877583886	0.00002006934777579485	5.849182569524912e-6	1.7064357278846016e-6	4.949805810829694e-7	1.0679936400834588e-7	2.2560921984446157e-8	4.421315002711539e-9	6.429057994942635e-10	9.918475877404171e-11	1.0385111075748647e-11	1.0594384649404707e-12	4.745301968501932e-14	1.4624788461528392e-15	3.388255620026991e-17	5.77981343843615e-19	7.0227304664201e-21	1.261075414884687e-36
0.3333050343594984	0.3333050343002909	0.3333050342215969	0.3333050341166491	0.33330503397626476	0.3333050337879721	0.33330503353481983	0.3333050331937538	0.3333050327334035	0.33330503211106355	0.3333050312685773	0.33330503012672275	0.333305028577557	0.3333050264739771	0.3333050236154893	0.33330501972881504	0.3333050144414635	0.3333050072457249	0.3333049974496115	0.33330498411002846	0.3333049659417848	0.3333049411937744	0.3333049074805053	0.3333048615528772	0.3333047989864695	0.33330471375800014	0.3333045976698802	0.33330443956860395	0.3333042242842108	0.33330393119149254	0.33330353225934006	0.33330298940817094	0.33330225093160337	0.33330124665541955	0.33329988139238703	0.33329802610064596	0.3332955059502496	0.33329208423100926	0.3332874406737021	0.3332811422750725	0.33327260407712134	0.3332610365022683	0.3332453747216539	0.33322418404822457	0.33319553338686964	0.3331568261958904	0.3331045750302216	0.3330341013050281	0.33293913613126797	0.332811290537223	0.33263935360376545	0.3324083643795322	0.33209838712467643	0.3316828985083498	0.3311266687321805	0.3303829849087002	0.3293900231642784	0.32806612508593186	0.32630367499774576	0.3239612118704892	0.3208533579832356	0.3167381439490945	0.31130145035367135	0.3041387949910162	0.2947360992082887	0.2824545696367521	0.2665330071151779	0.24613843563265989	0.22052814651563493	0.18942372328778376	0.1536644461659867	0.11590198077545057	0.08046551709834988	0.05158142306166774	0.031115847068062655	0.018197515615339575	0.010638564847218129	0.006302195368715973	0.003673747577145301	0.0019514423216448347	0.0008895323565800685	0.0003639004559811278	0.00014917915859763922	0.00006295481419076801	0.0000232059052544794	6.855036811951003e-6	2.021064937341031e-6	6.044055302918844e-7	1.337774669763176e-7	2.86101781079858e-8	5.865080823095359e-9	8.664857845633588e-10	1.398114013587831e-10	1.4998420307018113e-11	1.6259979427713568e-12	7.49446542317112e-14	2.3016059230238532e-15	5.307232094905494e-17	9.007110108025164e-19	1.0884247564866862e-20	1.9448186063331964e-36
0.3416885332324592	0.34168853317282927	0.3416885330935786	0.34168853298789403	0.34168853284653083	0.34168853265693316	0.34168853240203567	0.3416885320586291	0.34168853159513224	0.34168853096855284	0.3416885301203438	0.3416885289707513	0.3416885274111074	0.3416885252933211	0.3416885224155512	0.34168851850268067	0.34168851317971083	0.34168850593550965	0.34168849607341906	0.34168848264397034	0.3416884643532723	0.341688439438342	0.34168840549747576	0.34168835925944413	0.34168829626961944	0.34168821046348513	0.3416880935871723	0.341687934410361	0.34168771765825456	0.3416874225625845	0.3416870208970264	0.34168647431565324	0.34168573074871883	0.34168471952635454	0.3416833447853002	0.3416814765617856	0.3416789387688142	0.3416754929824264	0.3416708165973275	0.3416644734264319	0.3416558741732029	0.34164422334900735	0.3416284480728035	0.341607102690504	0.34157824117242175	0.3415392466428224	0.3414866039753504	0.34141559690760953	0.3413199052742169	0.3411910703289218	0.3410177862170084	0.3407849628274932	0.34047248870776897	0.34005360148157926	0.3394927461242294	0.3387427672011585	0.33774123847690274	0.33640568125923165	0.3346273619940377	0.33226329441480296	0.32912601596845575	0.3249706995166679	0.31947929142806836	0.312241857261636	0.3027366865130731	0.2903141478344775	0.27419735733509765	0.25353019295936313	0.2275356043634291	0.195886625608093	0.1593667377475431	0.12060291136462027	0.08400385420341465	0.05399802144171529	0.032648473728377585	0.01914376518241129	0.011237937591918346	0.006703070770712882	0.003948551510927915	0.0021252815397845054	0.0009797564678981337	0.0004034877713690951	0.00016665988509857217	0.00007150775247692486	0.00002701905539052379	8.099182043701683e-6	2.411500821331717e-6	7.434669668951482e-7	1.692477835413606e-7	3.6588208329573264e-8	7.852400356915983e-9	1.1806525878448928e-9	1.9874386162323549e-10	2.1930399501481842e-11	2.5191778460986424e-12	1.204184829070613e-13	3.684731906316526e-15	8.452826448564953e-17	1.426559956856161e-18	1.7135603681101213e-20	3.045242590980527e-36
0.35089904426316615	0.3508990442030772	0.3508990441232216	0.35089904401673666	0.35089904387431026	0.3508990436832953	0.35089904342650263	0.35089904308055486	0.35089904261364185	0.3508990419824604	0.35089904112803944	0.35089903997004807	0.3508990383990321	0.350899036265828	0.35089903336713274	0.35089902942583473	0.35089902406421414	0.350899016767426	0.35089900683374525	0.350898993306788	0.3508989748832237	0.3508989497871842	0.35089891559937747	0.3508988690245663	0.35089880557535114	0.3508987191424808	0.35089860141102913	0.35089844106734264	0.3508982227228909	0.3508979254542052	0.350897520823181	0.3508969701949488	0.35089622110557034	0.350895202347481	0.35089381732405045	0.35089193507140926	0.3508893781389096	0.35088590624350374	0.35088119424576864	0.35087480250488706	0.3508661370180431	0.35085439588459233	0.3508384974889919	0.3508169842809388	0.35078789403104393	0.3507485878072666	0.35069552045775915	0.3506239348524397	0.3505274552086486	0.3503975470997617	0.35022280170116127	0.3499879888137872	0.3496728064067439	0.34925023283894063	0.3486843603544058	0.34792755355076105	0.34691673290773917	0.3455685301205222	0.3437729992963583	0.3413855000902585	0.3382163090910822	0.33401750029401095	0.3284667542468484	0.3211482253934371	0.31153193030743725	0.298956491403929	0.28262802740381077	0.26166532726794195	0.23525406629195333	0.20301434784482478	0.16566795558815492	0.12581193103533847	0.08793712448757386	0.056691853664930396	0.03436025270067318	0.020202328725425357	0.011910044280277244	0.007154505699497353	0.0042603456715845115	0.0023249810307416565	0.0010848145525425973	0.00044989917517140925	0.00018721451538188254	0.00008166595656173463	0.00003166531903737869	9.644746422343672e-6	2.8979384693942853e-6	9.207182392684999e-7	2.1618814881351383e-7	4.717275575255886e-8	1.0601183912120955e-8	1.6262945600651066e-9	2.846132946838392e-10	3.2470465245144573e-11	3.934332473550979e-12	1.9686398006238173e-13	6.0020607815059515e-15	1.3691324351631186e-16	2.2965431900611395e-18	2.740527073704365e-20	4.841439141499581e-36
0.3609903134731595	0.3609903134125736	0.3609903133320632	0.360990313224712	0.36099031308113505	0.36099031288858674	0.36099031262974396	0.36099031228104744	0.36099031181043995	0.36099031117428165	0.36099031031314366	0.3609903091460712	0.36099030756276	0.36099030541288796	0.36099030249157127	0.36099029851954334	0.36099029311614306	0.36099028576251274	0.36099027575145126	0.360990262119101	0.36099024355193055	0.3609902182601463	0.36099018380544823	0.360990136866654	0.36099007292094804	0.36098998581073516	0.360989867155106	0.36098970555035165	0.36098948548503373	0.36098918586796674	0.3609887780321873	0.3609882230305839	0.36098746797324477	0.36098644107156047	0.3609850449364157	0.36098314752323524	0.3609805699078261	0.3609770697982508	0.36097231931679186	0.3609658750906866	0.36095713803178736	0.3609452993110756	0.3609292678752395	0.3609075733200812	0.36087823591262413	0.3608385928895662	0.36078506665777954	0.3607128559319017	0.3606155248388521	0.36048445718604744	0.3603081329005619	0.3600711704346367	0.35975306186374106	0.35932650544967354	0.35875521236980085	0.35799102870513383	0.3569701691898614	0.3556083044900522	0.3537941790764835	0.35138136583017004	0.3481776992112425	0.34393190608081625	0.338317059812498	0.33091093152277595	0.3211746054975142	0.3084340241249352	0.29187695990146845	0.27059511525355034	0.24373386641247838	0.21085582012313392	0.17261474453790318	0.13157166383449084	0.09230122569610585	0.05968983262234424	0.0362693207195184	0.021384916359413014	0.012662765361664536	0.007662337267698762	0.004613841988664427	0.0025543458726953803	0.0012072488137054654	0.0005043942158190396	0.00021141836299940219	0.00009374451075307727	0.00003733740319413712	0.00001157265764568869	3.5062918716271195e-6	1.1471858064719566e-6	2.786776327599058e-7	6.129587826669404e-8	1.4417023821804832e-8	2.264253183675883e-9	4.101423454203108e-10	4.8682736530103474e-11	6.183413652238337e-12	3.274091312709796e-13	9.947506843032022e-15	2.2551771295150467e-16	3.757517682739218e-18	4.45187102079757e-20	7.813707515534278e-36
0.3720173424613606	0.3720173424002385	0.3720173423190219	0.37201734221073657	0.37201734206591924	0.372017341871718	0.3720173416106656	0.37201734125900704	0.3720173407844187	0.37201734014289856	0.37201733927452446	0.37201733809767	0.3720173365011156	0.3720173343332914	0.3720173313876124	0.37201732738249066	0.3720173219340991	0.37201731451925923	0.3720173044248744	0.37201729067904055	0.3720172719572434	0.3720172464546975	0.37201721171263874	0.37201716438195226	0.37201709990169435	0.37201701206222365	0.3720168924115956	0.37201672944915104	0.37201650753113547	0.3720162053858087	0.37201579409983343	0.3720152343899619	0.37201447290771555	0.3720134372389873	0.3720120291415551	0.3720101154074812	0.37200751552634076	0.37200398504370363	0.3719991931342157	0.3719926924079093	0.37198387830266705	0.3719719345317034	0.3719557598829393	0.37193387011649304	0.3719042666591569	0.3718642610968798	0.37181024091893705	0.3717373573149595	0.3716391097366775	0.3715067939883245	0.3713287702644893	0.3710894941291756	0.3707682360689519	0.3703373929021692	0.36976026570324677	0.36898814253855194	0.3679564786506921	0.36657991050862715	0.3647457732740437	0.362305717129704	0.35906494874272066	0.35476859361528296	0.34908476848746756	0.3415843779039071	0.33171889941758015	0.3188006409033527	0.30199765046285254	0.2803725022227312	0.2530271711938127	0.21946203337700176	0.1802561034940905	0.13792737086381388	0.0971347502907616	0.06302120302434082	0.0383955170771839	0.022704382983452648	0.01350478370674139	0.008233037885246736	0.005014318899064706	0.0028177168897548436	0.001350041980685264	0.0005684771116369288	0.0002399588657179399	0.0001081201363158645	0.00004427177214221776	0.000013986677452532553	4.269859836440662e-6	1.4370469900207355e-6	3.6230039299991927e-7	8.024355896931098e-8	1.9726479896964803e-8	3.185525545530473e-9	5.940391138511891e-10	7.38937224943549e-11	9.762058859664507e-12	5.536596202274474e-13	1.6770060711548626e-14	3.7764113733855597e-16	6.246298160127698e-18	7.342748242125043e-20	1.2796338993642634e-35
0.3840365528148714	0.3840365527531729	0.38403655267119724	0.38403655256190816	0.3840365524157583	0.3840365522197818	0.38403655195635655	0.38403655160151756	0.3840365511226553	0.3840365504753794	0.3840365495992384	0.38403654841188545	0.38403654680111904	0.3840365446140307	0.3840365416422101	0.38403653760157996	0.38403653210491645	0.3840365246244067	0.3840365144406297	0.3840365005730506	0.38403648168537463	0.3840364559567353	0.38403642090641826	0.3840363731553482	0.384036308101685	0.3840362194799631	0.3840360987620467	0.3840359343432905	0.38403571043802226	0.38403540558084703	0.3840349905941803	0.384034425834256	0.38403365746077084	0.38403261238876235	0.3840311914610472	0.38402926022199035	0.3840266364599634	0.3840230734013321	0.38401823705953514	0.38401167573638945	0.3840027789993456	0.3839907225638286	0.3839743943235353	0.38395229520147633	0.38392240642089065	0.38388201206127387	0.38382746216880514	0.38375385697164355	0.38365462657095517	0.3835209724076515	0.383341126292941	0.3830993691365417	0.3827747338340858	0.38233929399800765	0.3817559110007561	0.38097527462900205	0.37993202584938146	0.3785396923575549	0.3766840984222975	0.3742148330132826	0.3709342858352673	0.366583722048652	0.3608259458675279	0.35322450333328825	0.3432205790945234	0.3301118760987974	0.31304531766580773	0.29105227419065816	0.2631881551196663	0.22888622158248664	0.1886435814942794	0.14492717316760118	0.10247923809749505	0.06671778809671942	0.0407605763951391	0.024174858786978334	0.01444567404829621	0.008873784977345147	0.005467684168267416	0.0031200361500770537	0.001516688179412213	0.0006439444864244241	0.00027365756309903486	0.00012524262047863125	0.00005275750142938351	0.000017019788829119257	5.231489242542974e-6	1.8084824108384164e-6	4.7468626308319983e-7	1.0579578611272849e-7	2.7121799346047457e-8	4.5267652388977045e-9	8.637549123601266e-10	1.1349000212255061e-10	1.5453829145378588e-11	9.510803584092021e-13	2.8742740856164174e-14	6.425343947131914e-16	1.0543373703490407e-17	1.228870232258245e-19	2.1250492681193627e-35
0.39710595049270514	0.39710595043038904	0.3971059503476005	0.3971059502372366	0.3971059500896601	0.3971059498917834	0.39710594962581885	0.3971059492675767	0.39710594878414235	0.39710594813070954	0.3971059472462614	0.3971059460476808	0.3971059444217164	0.3971059422140291	0.39710593921425785	0.39710593513566395	0.39710592958739327	0.3971059220366794	0.3971059117573418	0.39710589775962085	0.3971058786946309	0.3971058527243184	0.3971058173445092	0.39710576914410717	0.39710570347756424	0.3971056140197533	0.3971054921611102	0.3971053261858577	0.39710510015665396	0.39710479240114477	0.3971043734593465	0.3971038033022142	0.3971030275638454	0.3971019724423621	0.39710053780280874	0.39709858785621843	0.3970959385730181	0.39709234070125216	0.3970874568763114	0.39708083079634404	0.3970718457558692	0.39705966892429495	0.39704317655450594	0.39702085371589124	0.39699066004429817	0.39694985022926416	0.39689473431067096	0.39682035806763033	0.3967200775060282	0.396584993249533	0.39640319994772055	0.3961587919178746	0.39583054822971	0.3953901972107907	0.394800130504507	0.39401039877473193	0.3929547731415717	0.39154559688988083	0.3896670803753671	0.3871666108979447	0.38384356940703906	0.3794350982108389	0.37359832837554624	0.3658889491941865	0.35573715789050375	0.34242507101510494	0.325077071743012	0.3026912284078963	0.2742731742122642	0.2391840412991511	0.197831471225696	0.15262227486113658	0.10837943668228082	0.07081425177942474	0.04338833728256169	0.025811891066929125	0.01549599983525212	0.009592536285066624	0.005980542753269343	0.0034669178776733736	0.0017112728605131844	0.0007329420680407285	0.0003134963917343186	0.00014564826299350145	0.00006314657580144687	0.00002084225378052005	6.446389334031413e-6	2.2847486374000715e-6	6.262258179675366e-7	1.4042411007590576e-7	3.7420769047410026e-8	6.493762388794534e-9	1.2595168520692434e-9	1.7621462532528012e-10	2.449272119866321e-11	1.6573466414188377e-12	5.004393690078961e-14	1.1098944519474366e-15	1.8055533950909318e-17	2.085024952576051e-19	3.575379271371077e-35
0.41128529082012794	0.4112852907571523	0.4112852906734959	0.41128529056198476	0.4112852904128862	0.41128529021298227	0.41128528994430935	0.4112852895824383	0.41128528909412904	0.41128528843413265	0.41128528754082977	0.41128528633028255	0.4112852846881216	0.41128528245848395	0.41128527942893	0.4112852753098869	0.41128526970663326	0.41128526208112665	0.4112852516999869	0.41128523756362906	0.41128521830975673	0.41128519208201136	0.41128515635123203	0.41128510767221904	0.4112850413528738	0.4112849510045271	0.4112848279308923	0.4112846602978354	0.4112844320064865	0.41128412116408203	0.41128369800988973	0.41128312210455487	0.41128233852243634	0.4112812726981813	0.4112798234555759	0.4112778535857666	0.41127517712324557	0.4112715421769227	0.41126660778499974	0.41125991274337936	0.41125083366691595	0.41123852862502963	0.4112218614754284	0.4111993004068242	0.41116878206956897	0.4111275298604128	0.41107181122362735	0.4109966139663513	0.41089521520678574	0.4107586082327738	0.4105747416669654	0.41032751117813626	0.4099954256159299	0.40954984572932573	0.40895266311563194	0.40815324808123066	0.4070844458015732	0.405657338801609	0.40375441954509345	0.4012207319175029	0.39785245459819446	0.39338234223993834	0.387461489123475	0.37963722565135943	0.3693280621605691	0.35579954122410407	0.3381520828249291	0.31534834302050024	0.28634093818502016	0.25041374918112624	0.20787700049190375	0.1610671867837927	0.1148835703519503	0.07534837837635713	0.046304969172424944	0.027632599054893705	0.016667418561589452	0.010398111473855736	0.006560270290460586	0.0038647251455848075	0.0019385624703425488	0.0008380319701193462	0.0003606492012807762	0.00016997571321661817	0.00007586581357955077	0.000025671709031706942	7.985799644017725e-6	2.89552971359973e-6	8.310033319311598e-7	1.8757098106641357e-7	5.174676210185769e-8	9.39680770124794e-9	1.840259383877022e-9	2.7625088013746185e-10	3.8818462906890514e-11	2.9243517205152997e-12	8.842521836149695e-14	1.9444881890022685e-15	3.1338466845467975e-17	3.5828536438280814e-19	6.088243018690374e-35
0.4266362449445355	0.4266362448808578	0.4266362447962777	0.42663624468354633	0.42663624453282867	0.42663624433076913	0.426636244059217	0.42663624369348874	0.42663624319999877	0.4266362425330281	0.42663624163031777	0.42663624040705844	0.4266362387476938	0.42663623649474275	0.42663623343355944	0.4266362292715618	0.4266362236099234	0.4266362159050008	0.42663620541577074	0.4266361911322188	0.42663617167781254	0.4266361451767623	0.42663610907338423	0.426636059886278	0.42663599287393267	0.42663590158023235	0.4266357772168383	0.42663560782398835	0.4266353771313628	0.42663506301225185	0.4266346353867086	0.42663405337987803	0.4266332614720261	0.4266321842874742	0.4266307195448679	0.4266287285283759	0.4266260232178409	0.4266223489212442	0.4266173608591279	0.4266105926247798	0.42660141374423516	0.42658897262968665	0.42657211998489636	0.4265493060848939	0.42651844318844195	0.4264767214859154	0.426420363222182	0.42634429469005364	0.4262417093014677	0.42610348645492496	0.42591741983391346	0.4256671943394673	0.42533103212259443	0.42487990394726527	0.4242751708959551	0.4234654814812249	0.42238269856580124	0.4209365672065545	0.419007757519844	0.41643882760473017	0.41302255953720357	0.4084870544693504	0.4024770049736676	0.3945308789435036	0.3840547988565132	0.37029674460321305	0.3523317495970487	0.32908494671005223	0.29945268191916	0.26263637827068853	0.21884052218993127	0.1703199511342254	0.12204361828338357	0.08036137146244994	0.049539219800913435	0.029655843624167094	0.017972796735930625	0.01130028084247158	0.007215092841416801	0.004320652759121978	0.0022041044587039864	0.0009622724182552217	0.0004165195921870964	0.00019898464543461518	0.00009143062968088466	0.000031785711842588016	9.941778660392753e-6	3.678643463362828e-6	1.1079955945731395e-6	2.5204555721439596e-7	7.1636008335489e-8	1.3703480884379873e-8	2.6924094305168753e-9	4.3651721908437324e-10	6.148162184210786e-11	5.212659721724043e-12	1.5838799520194365e-13	3.4513679042051007e-15	5.5068301757819733e-17	6.228371273400129e-19	1.0480660599617237e-34
0.4432328273620788	0.4432328272976558	0.44323282721209534	0.44323282709806905	0.4432328269456339	0.44323282674128844	0.4432328264666835	0.4432328260968665	0.4432328255978859	0.443232824923525	0.4432328240108475	0.4432328227741215	0.44323282109653406	0.4432328188188908	0.4432328157242108	0.443232811516726	0.4432328057932645	0.4432327980042536	0.44323278740058003	0.44323277296118857	0.44323275329447875	0.4432327265040926	0.4432326900062723	0.4432326402813001	0.4432325725353644	0.4432324802409606	0.44323235451231885	0.4432321832567101	0.44323195002235016	0.44323163243492164	0.44323120007662675	0.44323061161169014	0.443229810891616	0.44322872168312405	0.44322724053526014	0.44322522713734175	0.4432224912947865	0.44321877535141424	0.4432137304876908	0.4432068847912832	0.4431976002866869	0.44318501516680764	0.44316796621617105	0.44314488475431874	0.44311365723045304	0.4430714386989627	0.44301440357990407	0.4429374130802938	0.4428335720480385	0.44269363938594075	0.44250524485499976	0.44225185037408016	0.44191137478838816	0.4414543762982356	0.44084165477104337	0.4400210951776489	0.43892352128513656	0.43745726341307767	0.43550106413270373	0.43289485239586883	0.42942781803611113	0.4248231411648021	0.4187187455664244	0.4106437303526393	0.39999112614152876	0.385990358278746	0.36768964727779574	0.34397448759851107	0.31368168242468597	0.27592489252986413	0.23079413199766866	0.18044994453831598	0.12992191261038738	0.08590288809383398	0.053125859977298386	0.03190445541056574	0.019427698645555044	0.012310860650081797	0.007954970417330988	0.0048434601713010705	0.0025147887731473404	0.0011095481640827532	0.00048289440601793947	0.00023363587142111744	0.00011049790665291306	0.00003955567699681671	0.00001243959204033033	4.684704089033197e-6	1.4837630344617946e-6	3.408855926886368e-7	9.927613041120622e-8	2.014483824606768e-8	3.948260511418285e-9	6.951611594332461e-10	9.748042569467683e-11	9.390402520782296e-12	2.882605819104827e-13	6.220055538033006e-15	9.817010999499414e-17	1.0974468147072904e-18	1.8272282927876844e-34
0.4611526867423273	0.4611526866771148	0.46115268659051645	0.4611526864751196	0.4611526863208676	0.4611526861141042	0.4611526858362713	0.4611526854621317	0.4611526849573477	0.46115268427517714	0.46115268335196824	0.4611526821010154	0.4611526804041788	0.4611526781004557	0.46115267497039947	0.4611526707148793	0.4611526649261361	0.4611526570483384	0.461152646323833	0.46115263171991105	0.4611526118290669	0.46115258473323295	0.46115254781901893	0.4611524975262634	0.4611524290059539	0.46115233565523744	0.4611522084855112	0.461152035263709	0.4611517993465262	0.46115147809831936	0.46115104074472657	0.461150445463528	0.4611496354426586	0.46114853354377183	0.4611470350816008	0.4611449980623985	0.4611422299969224	0.46113847010098347	0.4611333652917315	0.46112643784710133	0.46111704187584956	0.4611043047875658	0.46108704867961836	0.46106368487075583	0.46103207257800993	0.46098932978399315	0.4609315804503918	0.4608536171161539	0.4607484511932452	0.4606067144636961	0.4604158637581026	0.46015912576656415	0.4598140993798018	0.4593509076005979	0.4587297583105762	0.45789773109970516	0.4567845537366374	0.4552970643922544	0.4533119727045656	0.45066643489238717	0.4471458526609278	0.44246821729564767	0.436264316570186	0.42805337472746896	0.41721462751026334	0.402957956542933	0.3843033488563007	0.3600945542543413	0.32910556255797085	0.29035690037987094	0.24381499392508704	0.1915321252798614	0.13858666236988695	0.09202796796282148	0.05710375102354318	0.03440402850475749	0.021049594279677654	0.01344315392278888	0.008791184363414677	0.005443193366072216	0.0028787526126438975	0.0012845897574253113	0.000561957590163486	0.0002750946898356779	0.0001338721736256466	0.00004946357647720239	0.000015645653112509746	5.979621971627794e-6	1.9944769001512553e-6	4.642550301855861e-7	1.377227602493012e-7	2.9847304074611916e-8	5.808859713592261e-9	1.1146322465587971e-9	1.5500190255457345e-10	1.7079900152359526e-11	5.339983503100845e-13	1.1401500017262847e-14	1.7783037574446172e-16	1.9628887176044184e-18	3.230675551554496e-34
0.48044922519181343	0.4804492251257677	0.4804492250380743	0.4804492249212321	0.4804492247650644	0.4804492245557528	0.4804492242745186	0.48044922389582567	0.48044922338492974	0.4804492226945357	0.4804492217602394	0.48044922049431094	0.4804492187772147	0.48044921644604577	0.48044921327876416	0.4804492089727024	0.4804492031152765	0.4804491951440724	0.48044918429245587	0.4804491695154621	0.48044914938885874	0.48044912197174694	0.4804490846195744	0.48044903372964903	0.4804489643949087	0.48044886993326597	0.4804487412479814	0.4804485659584176	0.48044832721987796	0.4804480021219275	0.4804475595152739	0.48044695706620183	0.4804461372649165	0.48044502202142525	0.48044350535264596	0.4804414434952062	0.480438641547231	0.4804348354357659	0.48042966759562866	0.4804226541966893	0.48041314102566424	0.4804002441555936	0.4803827702435297	0.48035910958228517	0.48032709276168994	0.48028379879448463	0.48022529860198854	0.48014631254316914	0.4800397538184482	0.4798961205956148	0.4797026879468776	0.4794424353327403	0.47909262537676267	0.4786229237101044	0.47799291608613237	0.47714883573496075	0.47601925870307205	0.47450945520874493	0.4724939987892619	0.4698071323984003	0.4662302779419352	0.4614759759696968	0.4551675192821308	0.4468137629512997	0.43577946196474654	0.42125399057771695	0.40222772047992644	0.3775006089727585	0.34578064183295715	0.3059899037200509	0.25796196305936336	0.2036258619292548	0.14809422040745926	0.09878377207963727	0.0615069295630962	0.03717718236566225	0.0228540136941428	0.014709117063970703	0.009734061876607674	0.0061293329343202274	0.00330410322871117	0.0014923515961483302	0.0006560119060595193	0.0003245765707210323	0.00016240609361675134	0.000062062057324878	0.00001975763127819739	7.6396653174101e-6	2.6841084770533025e-6	6.355417107914533e-7	1.908373595873957e-7	4.439291100888033e-8	8.555981145316993e-9	1.7880177157755344e-9	2.465523830934152e-10	3.106602576544743e-11	9.999763949214767e-13	2.111597174450415e-14	3.2522970567419585e-16	3.541730703428971e-18	5.758101652763916e-34
0.5012052754382471	0.501205275371324	0.5012052752824782	0.5012052751641153	0.5012052750059328	0.501205274793942	0.5012052745091329	0.5012052741256553	0.5012052736083383	0.501205272909307	0.5012052719633677	0.5012052706817153	0.5012052689433502	0.5012052665833719	0.50120526337702	0.5012052590179163	0.5012052530884162	0.5012052450192008	0.5012052340342147	0.5012052190756376	0.5012051987016924	0.5012051709475335	0.5012051331359232	0.5012050816195612	0.5012050114305007	0.5012049158035518	0.501204785528561	0.5012046080701188	0.5012043663723146	0.5012040372365221	0.501203589120244	0.5012029791533444	0.5012021490943118	0.5012010198551673	0.5011994840918416	0.501197396185232	0.5011945587034862	0.5011907041249977	0.5011854701844358	0.5011783666469292	0.5011687305731389	0.5011556661494923	0.5011379638439308	0.5011139919042522	0.5010815509064133	0.501037679006783	0.5009783915203012	0.5008983331364039	0.5007903140989441	0.5006446925107261	0.5004485529165601	0.5001846156285286	0.4998297908033156	0.49935326468381663	0.4987139709708019	0.4978572558572523	0.4967104883642836	0.4951772955422389	0.49313001247881905	0.4903998294806225	0.48676399862822567	0.4819293501839095	0.4755113264856925	0.4670079243744538	0.4557687403432829	0.4409616906877574	0.4215461710572839	0.3962763313467061	0.36379100319254765	0.32290851897656914	0.2733200359063294	0.21681509089050746	0.1585228069472543	0.1062350535742019	0.06638190736826712	0.04025472755258656	0.024862009158317794	0.01612484347439054	0.010797379982172483	0.006914397987199328	0.0038015444342829542	0.0017394881092681874	0.000768165839147423	0.0003837090671178782	0.00019723374587118028	0.00007810969479648043	0.000025055401165094934	9.770753385320903e-6	3.6144144017826285e-6	8.749481010761913e-7	2.642524883053768e-7	6.624165930231499e-8	1.2636185156283787e-8	2.86566699875488e-9	3.9342750033002716e-10	5.6407691046782234e-11	1.8973677276539104e-12	3.960492491436005e-14	6.01833512502691e-16	6.459813003493722e-18	1.0364937863512877e-33
0.5235221259147282	0.523522125846883	0.5235221257568264	0.5235221256368667	0.5235221254765696	0.5235221252617676	0.5235221249732085	0.5235221245847138	0.5235221240606657	0.5235221233525816	0.5235221223944415	0.5235221210963154	0.5235221193356703	0.5235221169455172	0.5235221136982479	0.5235221092836011	0.5235221032786348	0.5235220951068031	0.5235220839821912	0.5235220688335244	0.5235220482006643	0.5235220200937044	0.5235219818012017	0.5235219296291733	0.5235218585459595	0.5235217616994068	0.5235216297606805	0.5235214500324158	0.5235212052376856	0.5235208718763043	0.5235204179943364	0.523519800160359	0.5235189593672417	0.523517815482794	0.5235162597389497	0.5235141445750014	0.5235112699120933	0.523507364620527	0.523502061517639	0.5234948636680233	0.523485099003512	0.5234718592755928	0.5234539180167597	0.5234296204141802	0.5233967356481082	0.5233522591388674	0.5232921480386677	0.5232109678913134	0.523101421258237	0.5229537197532066	0.522754748662264	0.5224869572836958	0.5221268871819764	0.521643223300205	0.5209942175099338	0.5201242884993891	0.5189595432563954	0.5174018908629188	0.5153213262023717	0.5125458484105068	0.5088483509494215	0.5039296960841676	0.4973971229870132	0.48873728556181395	0.47728395113006566	0.4621826391976505	0.44236042847193263	0.41652367806285534	0.3832389546152805	0.34121552112670556	0.2899922616725599	0.23120152304024436	0.1699674774154719	0.11446097441348292	0.07178583216257692	0.043674565297898024	0.02709944356330528	0.017710081257065916	0.011998046638237078	0.007813795597913007	0.004384471052380587	0.002034586302725925	0.0009024627579319477	0.00045458811486359945	0.00023981236805033652	0.00009862476197896633	0.00003193074871205995	0.000012517831796751085	4.8708836289819676e-6	1.2130318796584601e-6	3.661836170066043e-7	9.920169551627351e-8	1.876819358135518e-8	4.589118834932379e-9	6.328453201735777e-10	1.0224486211884333e-10	3.6684346910084545e-12	7.564957254318103e-14	1.1328362531405824e-15	1.1969503008312977e-17	1.893217256803654e-33
0.5474470752235702	0.547447075154759	0.547447075063435	0.5474470749418046	0.5474470747792954	0.5474470745615541	0.5474470742690758	0.5474470738753385	0.5474470733442588	0.5474470726267203	0.547447071655841	0.547447070340517	0.5474470685566167	0.5474470661349726	0.5474470628450065	0.5474470583724074	0.5474470522887088	0.5474470440098292	0.5474470327395718	0.5474470173926326	0.5474469964897274	0.5474469680148181	0.5474469292207966	0.5474468763650052	0.5474468043493531	0.5474467062310168	0.5474465725574211	0.547446390462346	0.547446142438437	0.5474458046711106	0.5474453447774874	0.5474447187409835	0.5474438667563009	0.5474427076026623	0.5474411310275233	0.5474389874461445	0.5474360740203519	0.5474321158593466	0.5474267406547233	0.5474194444867301	0.5474095457719604	0.5473961233009424	0.5473779329548643	0.5473532958861903	0.5473199485543867	0.5472748418414576	0.547213872286081	0.5471315229543414	0.5470203841959446	0.5468705149796249	0.5466685929674747	0.5463967850764619	0.5460312488351723	0.545540146904023	0.5448810208168127	0.5439973230195719	0.5428138458197844	0.5412307087691274	0.5391154692170349	0.5362928026739275	0.5325310635494351	0.5275248999541707	0.5208730112840804	0.5120502464487069	0.500373905334588	0.48496621911158244	0.4647206793355247	0.43829397861394886	0.4041774687832887	0.36096623659318194	0.3080371458426145	0.24684701566854908	0.18249068044963979	0.12351714301312959	0.07776049369814073	0.04746483076956291	0.029585644494368395	0.01947979578919933	0.0133492026969605	0.008840003078128576	0.005064576991042894	0.0023857741461200204	0.0010627986023201545	0.0005391940348042335	0.000291529700955411	0.00012466916233426687	0.00004082329304075409	0.000016037841516903997	6.548035970098642e-6	1.6883613344172727e-6	5.065294158559369e-7	1.4817837988427727e-7	2.794553325581041e-8	7.284133523996496e-9	1.0219403879534763e-9	1.825886879823108e-10	7.143991788820707e-12	1.455568188839017e-13	2.146379942679838e-15	2.230646252955976e-17	3.475412811551354e-33
0.5731108651556817	0.5731108650858602	0.5731108649932111	0.5731108648698344	0.5731108647050149	0.5731108644842048	0.5731108641876356	0.5731108637884286	0.5731108632500148	0.5731108625226177	0.5731108615384576	0.5731108602052083	0.5731108583970735	0.5731108559426176	0.5731108526081701	0.5731108480752035	0.5731108419095008	0.5731108335191349	0.5731108220972052	0.5731108065438039	0.5731107853597167	0.5731107565017048	0.5731107171855349	0.5731106636178847	0.5731105906315174	0.573110491189235	0.5731103557096693	0.5731101711508537	0.5731099197656054	0.5731095774121223	0.5731091112610999	0.5731084766869526	0.5731076130537175	0.5731064380077279	0.5731048397515821	0.573102666594231	0.5730997128260814	0.573095699642531	0.573090249401467	0.5730828509156112	0.5730728127008106	0.5730592000619297	0.573040750514853	0.5730157602059487	0.5729819315526598	0.5729361691018797	0.5728743063358724	0.5727907405223213	0.5726779452859537	0.572525820817736	0.5723208288233024	0.5720448425186246	0.5716736200206225	0.5711747808202476	0.570505127742712	0.5696071084516683	0.5684041482135292	0.5667945058886823	0.5646432045502268	0.5617714644844218	0.5579429218852028	0.5528457664476575	0.5460698241244731	0.5370776814873296	0.5251695404338419	0.50944346544986	0.488758113426465	0.46171867225766056	0.4267383807443595	0.38229305973329347	0.3275875296005836	0.2638832564389663	0.196216940716304	0.13350912830966435	0.08438320127667143	0.05167701591275826	0.03235567905628011	0.021460732919421754	0.01487380373169447	0.010014104631187662	0.005860835511225753	0.002806096613219318	0.0012554609382103097	0.0006407141598130773	0.00035458207916684223	0.0001579038352740709	0.000052445371417159564	0.000020582699887040708	8.794098494428538e-6	2.3657740399459056e-6	7.016775525004085e-7	2.2127154760928046e-7	4.194756395778695e-8	1.150203279409447e-8	1.6707532555961652e-9	3.2294250224460003e-10	1.4191102256231815e-11	2.8570388200167504e-13	4.142821248222199e-15	4.228451334271738e-17	6.480529149336278e-33
0.6005691364523085	0.6005691363814334	0.6005691362874029	0.6005691361622075	0.6005691359949824	0.6005691357709781	0.6005691354701533	0.600569135065258	0.6005691345192189	0.6005691337815753	0.6005691327836151	0.6005691314317434	0.6005691295984369	0.6005691271099056	0.6005691237292706	0.6005691191336296	0.600569112882798	0.600569104376709	0.6005690927973567	0.6005690770296812	0.6005690555537921	0.6005690262982306	0.6005689864402496	0.6005689321339664	0.6005688581404145	0.6005687573244948	0.6005686199712361	0.6005684328563664	0.6005681779839283	0.6005678308727	0.6005673582303175	0.6005667147995104	0.6005658390827334	0.6005646475512838	0.6005630268054711	0.6005608229696803	0.6005578273562885	0.6005537571016863	0.6005482290323158	0.6005407244241608	0.6005305415258743	0.6005167316579628	0.6004980132925425	0.6004726566468883	0.6004383288412102	0.6003918863807678	0.6003290973714528	0.6002442701296394	0.6001297572708669	0.599975294387831	0.5997671193231964	0.5994868008540919	0.5991096831015013	0.5986028225833528	0.597922256522763	0.5970093912788482	0.595786235470081	0.5941491198765719	0.5919604417150852	0.5890378415314685	0.5851400678824334	0.5799486212764574	0.5730441393113275	0.5638765152555718	0.5517282601957808	0.5356724485500304	0.5145317373204875	0.48685809778120015	0.45098395194516944	0.40526104388668277	0.3487123902808039	0.2823838668548555	0.21122219934843092	0.14450660991634312	0.0917075427558695	0.05634744051716217	0.03543440001594424	0.023672073790012065	0.016588721527214294	0.011352242112927206	0.00678896129459085	0.0033074838770608544	0.0014863729553313036	0.0007620773729339746	0.00043098411236256655	0.00019998862402818198	0.00006758742188614848	0.000026422218035081765	0.000011766973913732715	3.326046464260514e-6	9.714132483578963e-7	3.284181582011503e-7	6.327965839507018e-8	1.795784087350137e-8	2.752680141245108e-9	5.600322443454459e-10	2.8400628322863774e-11	5.657090605156547e-13	8.059340981376656e-15	8.070978460259193e-17	1.2156744766471113e-32
0.6299464908089345	0.6299464907369623	0.6299464906414947	0.6299464905144075	0.629946490344682	0.6299464901173593	0.6299464898121148	0.6299464894013141	0.6299464888473624	0.6299464880990886	0.6299464870868156	0.6299464857156346	0.6299464838562329	0.6299464813323827	0.6299464779038827	0.6299464732432998	0.6299464669042706	0.6299464582782994	0.6299464465358819	0.6299464305462703	0.6299464087681663	0.629946379100895	0.629946338681835	0.6299462836106889	0.6299462085742304	0.6299461063360107	0.6299459670427495	0.629945777281452	0.6299455187986364	0.6299451667617268	0.6299446873990316	0.6299440347994142	0.629943146573516	0.6299419379763924	0.629940293949922	0.6299380583574289	0.629935019429066	0.6299308901003224	0.6299252814729944	0.6299176670233191	0.6299073343748169	0.6298933203766154	0.6298743237945074	0.6298485880156628	0.6298137436378524	0.6297665974592814	0.629702849946039	0.6296167173875941	0.6295004272122269	0.6293435447395894	0.6291320762430073	0.628847275596555	0.6284640587190328	0.6279488998688951	0.6272570444851552	0.6263288220782329	0.6250847763623839	0.6234192445056373	0.6211919088610978	0.6182167092887055	0.6142473422652467	0.6089583953425541	0.6019210128312243	0.5925719781694077	0.5801755401813694	0.56377899241693	0.5421678779026881	0.5138393208339147	0.4770423483227995	0.42999997438481063	0.3715436638264366	0.3024824774548112	0.22763707867115646	0.1566247621512746	0.09982035369972736	0.06153451822098938	0.03886154789799644	0.026144170039585336	0.018520229625849025	0.01287896646886401	0.007872137848613852	0.003907501247549384	0.001764356822083009	0.0009076289910119707	0.0005236825500258291	0.0002533264097257645	0.00008745355877690049	0.00003396474948914527	0.00001569878183180601	4.6970478246515555e-6	1.3471581086703432e-6	4.848640956431846e-7	9.629838555940034e-8	2.779691387665801e-8	4.593693242567614e-9	9.560805927952352e-10	5.769069639855173e-11	1.1396922289333907e-12	1.593014100366429e-14	1.5628999834357812e-16	2.3103660894961414e-32
0.6613252822850686	0.661325282211957	0.6613252821149976	0.6613252819859481	0.66132528181363	0.6613252815828685	0.6613252812730461	0.6613252808561315	0.6613252802939898	0.6613252795347173	0.6613252785076398	0.6613252771164909	0.6613252752301101	0.661325272669752	0.6613252691917838	0.661325264464094	0.6613252580339387	0.6613252492841193	0.6613252373732587	0.6613252211544107	0.6613251990641753	0.661325168971713	0.6613251279732361	0.6613250721122693	0.661324995998924	0.6613248922921238	0.6613247509958081	0.6613245585021648	0.6613242962918758	0.6613239391696769	0.661323452869102	0.6613227908040848	0.6613218896647546	0.6613206634508074	0.6613189953924027	0.6613167270192097	0.6613136433802841	0.6613094530755901	0.6613037612989995	0.6612960334775583	0.6612855462702176	0.661271321592967	0.6612520378772034	0.6612259108260465	0.6611905333540189	0.6611426609745034	0.6610779243701085	0.6609904448914037	0.6608723208245737	0.660712941846053	0.6604980753695625	0.6602086504699632	0.6598191414339722	0.6592954220336676	0.6585919211909551	0.6576478580044426	0.6563822657345751	0.6546874261208855	0.6524202227324857	0.6493907807941688	0.6453475899146303	0.639958114285312	0.6327837186656113	0.6232476864830608	0.6105954706579251	0.5938478485375924	0.5717522187875771	0.542749358257454	0.5050025265120183	0.4566016650325574	0.3961772894977973	0.3242801698024228	0.24556559506961684	0.1699602211735819	0.10879711162071742	0.06728964485383572	0.04267209402985322	0.028903816882257086	0.020691789241133483	0.014616652537169372	0.009132460793068235	0.004624268185633451	0.0020988493543745773	0.0010819213295920704	0.0006357231572522294	0.00032051539590269583	0.0001134983499926058	0.00004369463880371535	0.000020856027866603117	6.646022894037678e-6	1.8704286711813422e-6	7.098968815564058e-7	1.4758670880957007e-7	4.257972421786896e-8	7.735745861253425e-9	1.602801706038805e-9	1.179439537985957e-10	2.3220113651946807e-12	3.180973906317499e-14	3.0537609254605065e-16	4.425441693412124e-32
0.6948292334930491	0.6948292334187559	0.6948292333202507	0.6948292331891691	0.6948292330141681	0.6948292327798498	0.6948292324652948	0.6948292320420622	0.6948292314714609	0.6948292307008316	0.6948292296584716	0.6948292282467167	0.6948292263325009	0.6948292237344849	0.6948292202054996	0.6948292154086133	0.6948292088845075	0.6948292000070169	0.6948291879225325	0.6948291714674203	0.6948291490555103	0.6948291185248895	0.6948290769293622	0.6948290202545842	0.6948289430316972	0.6948288378118523	0.6948286944519193	0.6948284991434204	0.694828233093229	0.6948278707325215	0.6948273772852419	0.6948267054701986	0.6948257910294912	0.6948245466699574	0.6948228538589619	0.6948205517229471	0.6948174220351339	0.6948131689309868	0.694807391520903	0.694799546943848	0.694788900569205	0.6947744589377853	0.694754879545535	0.6947283495944394	0.6946924232053561	0.6946438030980709	0.6945780481223225	0.6944891819067802	0.6943691698169794	0.694207220757378	0.693988856321684	0.6936946713423282	0.6932986856604109	0.6927661551832368	0.6920506687421426	0.6910903030513964	0.6898025375558753	0.6880775397442653	0.6857693146154421	0.6826840645115209	0.6785649252888664	0.6730720384048015	0.665756718312438	0.6560283803802341	0.6431131800945373	0.6260046911663079	0.6034112111404907	0.5737157858773593	0.534993721562322	0.4851978265773524	0.4227485649841433	0.34791653318741483	0.2651485604835229	0.18464236600658657	0.11873864045215983	0.07368143308531007	0.04691257843626586	0.03198648526904936	0.023134261518012768	0.016594479127756495	0.01059848394212879	0.005481680152926926	0.0025026040228778336	0.0012910585081396997	0.0007711298087754896	0.00040498049176103114	0.00014778591445261825	0.00005629969936468542	0.000027603423882928777	9.419034699315254e-6	2.6046880677433255e-6	1.0312223704524016e-6	2.2819995298062532e-7	6.471421240332942e-8	1.3154215978559077e-8	2.6506809080698794e-9	2.431380479153113e-10	4.811679913244288e-12	6.451065764167905e-14	6.05008777597524e-16	8.582259399437447e-32
0.7305541612275379	0.7305541611520223	0.7305541610519188	0.7305541609187379	0.7305541607409666	0.7305541605029778	0.7305541601835418	0.7305541597537958	0.7305541591744774	0.7305541583921495	0.7305541573340532	0.7305541559010855	0.7305541539582232	0.7305541513214598	0.7305541477399922	0.7305541428719339	0.7305541362512107	0.730554127242442	0.730554114979449	0.73055409828145	0.7305540755388781	0.7305540445578916	0.7305540023487224	0.7305539448375673	0.7305538664744341	0.7305537596997488	0.7305536142192844	0.7305534160184102	0.7305531460227108	0.7305527782796025	0.7305522774895442	0.7305515956572756	0.7305506675510626	0.7305494045497248	0.7305476863099527	0.7305453494897501	0.7305421724977269	0.7305378548840078	0.7305319895110748	0.7305240250060779	0.7305132151445421	0.7304985506783317	0.7304786676054754	0.730451723862399	0.7304152337377157	0.7303658457470493	0.7302990449917796	0.7302087547784738	0.7300868040231683	0.72992221607039	0.7297002601989858	0.7294011881895405	0.7289985534949502	0.7284569779632031	0.7277291883840434	0.7267520893326098	0.7254415661065382	0.7236856172859514	0.7213352952179044	0.7181927789601756	0.7139957145538051	0.7083967363536331	0.7009368587041983	0.6910112903852559	0.6778264302620488	0.6603480229951005	0.6372444019047665	0.6068396448761623	0.567119156198041	0.5158949348629811	0.4513688335408327	0.37350958913342625	0.2865097032858775	0.20078992961334263	0.12974049251514302	0.08077565520292922	0.05162753334627422	0.03542608701535618	0.02587732422514258	0.018840840585099043	0.012298772053129703	0.006505340994535991	0.0029899426007288458	0.0015417796274522465	0.0009342533255199236	0.0005104969476494219	0.00019286536081411564	0.00007263322936202194	0.00003637173806152437	0.000013334479376414608	3.6376605826867047e-6	1.4841924252396562e-6	3.55059913576708e-7	9.759026244297414e-8	2.243961358399885e-8	4.329026945475875e-9	5.001562455473542e-10	1.0091443913038694e-11	1.3226453006184052e-13	1.2101527047412146e-15	1.6782120393435423e-31
0.7686361403789994	0.7686361403022209	0.7686361402004678	0.7686361400651214	0.7686361398844948	0.7686361396427251	0.7686361393182639	0.768636138881816	0.768636138293532	0.768636137499177	0.7686361364249081	0.7686361349701468	0.7686361329978618	0.7686361303213108	0.7686361266859636	0.7686361217448525	0.7686361150249749	0.7686361058815003	0.7686360934353607	0.7686360764881912	0.7686360534064353	0.7686360219635152	0.7686359791249885	0.7686359207560923	0.7686358412236548	0.7686357328545881	0.7686355851997668	0.7686353840332248	0.7686351099921972	0.7686347367307129	0.7686342284126312	0.7686335363107509	0.768632594195162	0.7686313120835053	0.7686295677766452	0.7686271954026686	0.7686239699218946	0.7686195861852368	0.7686136306523312	0.7686055432278031	0.7685945658067872	0.7685796729627097	0.7685594786663831	0.7685321108696281	0.7684950430521142	0.7684448681994395	0.7683769958648722	0.7682852465907983	0.7681613095310875	0.7679940179778342	0.7677683828042537	0.7674643044844153	0.76705485889394	0.7665040186651483	0.7657636280123397	0.7647693915619758	0.7634355628014565	0.7616479204081664	0.7592544950380261	0.7560533490237634	0.7517765121651969	0.7460689407637832	0.7384611180746224	0.7283337345331908	0.7148730118673304	0.6970162975617824	0.6733911852939063	0.6422616873378226	0.6015215863876437	0.5488387712070452	0.4821884557121103	0.40121599051496426	0.3098105886713482	0.21855677964440307	0.14192663258064406	0.0886577541043459	0.056874656917574325	0.0392663490334107	0.028959051853119595	0.02139192686542899	0.014269414443765224	0.007728234864020819	0.003579965378987158	0.001843019459911326	0.0011307605237758159	0.0006419361831768982	0.00025227955841759754	0.00009390747497567279	0.00004774569337346666	0.000018841494679785464	5.1049051542823685e-6	2.1191857406037853e-6	5.559067111779003e-7	1.465190556754578e-7	3.828864680291346e-8	7.0248163260098194e-9	1.0238315170424173e-9	2.1552531872045373e-11	2.757418680477463e-13	2.4567441732764914e-15	3.324963309198667e-31
0.8091757353155654	0.8091757352374851	0.8091757351340328	0.8091757349964577	0.8091757348128944	0.8091757345672389	0.8091757342376159	0.8091757337942876	0.8091757331968037	0.809175732390113	0.8091757312992623	0.809175729822164	0.8091757278197312	0.8091757251024233	0.8091757214118963	0.8091757163959848	0.8091757095745985	0.8091757002932408	0.8091756876596599	0.8091756704575064	0.8091756470286885	0.8091756151131484	0.8091755716307554	0.8091755123844048	0.8091754316558621	0.8091753216559617	0.8091751717771805	0.8091749675774518	0.8091746893991675	0.8091743104941186	0.8091737944775117	0.8091730918737798	0.8091721354324712	0.8091708337795869	0.809169062818703	0.8091666540915412	0.8091633790333258	0.8091589276912647	0.8091528799800272	0.8091446668884696	0.8091335181686635	0.809118391858647	0.8090978794171884	0.8090700781529983	0.8090324198429129	0.808981440729382	0.8089124731719044	0.8088192327168201	0.8086932657299971	0.8085232113502812	0.8082938164890627	0.8079846227871005	0.8075682183534989	0.8070079128076854	0.8062546491174264	0.8052429066936957	0.8038852730370597	0.8020652606965358	0.7996278161467044	0.7963668005574693	0.7920085134770246	0.7861900793916526	0.7784312434564986	0.7680978997384971	0.7543557204627823	0.7361131580821056	0.7119563969972637	0.6800884521956988	0.6383100387102224	0.5841421037425676	0.5153259737870025	0.4311629198123555	0.3351881989238233	0.23808024433063743	0.15541221796922564	0.09740830525571802	0.06270820200591487	0.04354825155179675	0.03241528637012515	0.024282169336603265	0.01654555030467421	0.009184767866691028	0.004293930630675482	0.0022045931830803867	0.001366700040292113	0.0008045264288392716	0.0003302871106784003	0.00012163505257523752	0.00006241022151027034	0.000026490960647832558	7.196304601531242e-6	3.0000463899226625e-6	8.713690894299738e-7	2.191439335248552e-7	6.473257793664709e-8	1.135105475619997e-8	2.054201906424939e-9	4.658252345260761e-11	5.812268325104833e-13	5.035302365108203e-15	6.641562859047336e-31
0.8523282518203382	0.8523282517409175	0.8523282516357177	0.8523282514958522	0.8523282513092731	0.8523282510596304	0.8523282507247141	0.8523282502743345	0.8523282496674265	0.8523282488481058	0.8523282477402851	0.8523282462403351	0.85232824420707	0.8523282414480913	0.8523282377011615	0.8523282326088082	0.8523282256837059	0.8523282162614905	0.8523282034364518	0.852328185973884	0.8523281621906519	0.8523281297925269	0.852328085652749	0.852328025510588	0.8523279435609996	0.8523278318963597	0.8523276797475039	0.8523274724518428	0.8523271900509078	0.8523268053860454	0.8523262815126388	0.8523255681915379	0.8523245971310331	0.8523232755372788	0.8523214773781782	0.8523190315568461	0.8523157059123547	0.8523111855915663	0.8523050438327837	0.852296702530503	0.8522853790510737	0.8522700145675522	0.8522491775791056	0.8522209341438997	0.8521826735118802	0.8521308740643975	0.852060789451673	0.851966028170067	0.8518379910147954	0.8516651192028901	0.851431890582397	0.8511174810578068	0.8506939816304349	0.8501240262768845	0.8493576396423991	0.8483280528466457	0.8469461562296438	0.8450931541175564	0.8426108520000462	0.8392888332923087	0.8348475641542075	0.8289161986352473	0.8210035580157462	0.8104604920904814	0.7964317947054234	0.7777965896251933	0.753099080472185	0.720480509890308	0.6776473414446648	0.6219712046259696	0.5509530444195893	0.4635301266531763	0.36283104641290786	0.2595459986701737	0.17035233694235163	0.10713590144833246	0.06920113618399087	0.04832663925091926	0.0362937039043911	0.027556988959281336	0.01917284615152805	0.010919836093503367	0.005160703944174622	0.0026398377787632725	0.0016501347668217928	0.0010051196481593325	0.00043276566155892596	0.0001580168491475805	0.00008131417913802124	0.0000370402302376751	0.000010212143694107284	4.219698373918286e-6	1.3650594943462218e-6	3.2795970775666007e-7	1.0808128860830738e-7	1.8406162806257894e-8	4.020963772486782e-9	1.026905285787201e-10	1.248164732773409e-12	1.0491600215039971e-14	1.3459769146729882e-30
0.8981984740798657	0.8981984739990682	0.8981984738920743	0.8981984737498598	0.8981984735601908	0.8981984733064649	0.8981984729661323	0.8981984725085416	0.8981984718920021	0.8981984710597791	0.8981984699346306	0.8981984684113558	0.8981984663466309	0.8981984635451465	0.8981984597406992	0.898198454570412	0.8981984475395902	0.8981984379738218	0.8981984249536922	0.8981984072258039	0.8981983830815234	0.8981983501918314	0.8981983053824931	0.898198244328004	0.8981981611349437	0.8981980477750972	0.8981978933147519	0.8981976828668392	0.898197396166641	0.8981970056377174	0.8981964737656353	0.8981957495340552	0.8981947635914881	0.8981934216990346	0.8981915958546355	0.8981891122761452	0.8981857351430514	0.8981811446156431	0.8981749071386583	0.8981664353530289	0.8981549340231706	0.8981393271636551	0.8981181599157049	0.8980894665467107	0.8980505930471364	0.8979979589444343	0.897926737834547	0.8978304293423924	0.8977002862273067	0.8975245484493213	0.8972874202825624	0.8969677057973433	0.8965369906506029	0.8959572220508506	0.8951774913022618	0.8941297609705785	0.8927231969119476	0.8908366584133675	0.8883087604155885	0.8849247419454379	0.8803991463605939	0.874353037656071	0.8662841539176886	0.8555280899324944	0.8412084851809883	0.8221747780044386	0.796928735059864	0.7635492326226524	0.7196476015694944	0.6624443193062565	0.5891944545418847	0.49845286205608585	0.3928886077322851	0.2831110941550669	0.18688527345028405	0.11793944500137452	0.07641965631392528	0.0536509501957941	0.04063741822713413	0.03125789218130641	0.02219390997009908	0.012978285504343547	0.006211749291298248	0.003163221800823477	0.0019894840046758206	0.0012508370507405646	0.0005664628785717843	0.00020580075410314103	0.00010555756387977243	0.000051366205955321966	0.000014573523495131964	5.895840768412274e-6	2.1226519436950395e-6	4.915616912093278e-7	1.7687037791637097e-7	3.002893254965814e-8	7.580564637140818e-9	2.2902907124483587e-10	2.711836623630991e-12	2.208111269400459e-14	2.751046666571944e-30
0.9469565462075247	0.9469565461253139	0.9469565460164812	0.946956545871861	0.9469565456790299	0.9469565454211293	0.9469565450752632	0.94695654461031	0.9469565439839429	0.9469565431385621	0.9469565419957511	0.9469565404487108	0.9469565383519444	0.9469565355071821	0.9469565316441894	0.9469565263945953	0.9469565192562159	0.9469565095444267	0.946956496325886	0.9469564783282011	0.9469564538168282	0.946956420427397	0.9469563749374353	0.9469563129556238	0.9469562284987513	0.9469561134160887	0.9469559566067519	0.9469557429556219	0.946955451886874	0.9469550553996634	0.9469545154007363	0.9469537800843085	0.9469527790224346	0.9469514165084789	0.9469495625395731	0.9469470406063621	0.946943611171746	0.9469389493319817	0.9469326146330428	0.9469240103194408	0.9469123283598099	0.9468964753472453	0.9468749727084147	0.9468458224366408	0.946806326608003	0.9467528450094981	0.9466804699828347	0.9465825906583838	0.9464503095652688	0.946271662441405	0.9460305759829539	0.9457054770222215	0.9452674385811767	0.9446777112715345	0.9438844398170413	0.9428183004054521	0.9413867104325641	0.9394661519320118	0.9368920060708218	0.9334451096035808	0.9288340057948438	0.9226715658364408	0.9144443089552498	0.9034723976768856	0.8888580892997363	0.8694208508968233	0.8436196638357029	0.8094706162684243	0.7644893174756457	0.7057437876811176	0.630238701712806	0.5361295621051125	0.4255726431354126	0.3089921004271565	0.20520008836614673	0.12995422996901707	0.08445421904604224	0.05958843482867763	0.04550470682317657	0.03544050036186107	0.025664863081186665	0.015418533608415502	0.007489839699482046	0.0037946118444636668	0.0023960751207337747	0.0015510774538828917	0.0007404611000924543	0.0002690255977156296	0.00013668171951095813	0.00007065012001377333	0.000020945800605247103	8.202943404951953e-6	3.268732174376161e-6	7.416239911001467e-7	2.837195448318896e-7	4.9703159738461786e-8	1.3771006309656439e-8	5.206959003407059e-10	6.010799638415944e-12	4.729682680116197e-14	5.709676190331131e-30
0.9987249640805576	0.9987249639968994	0.9987249638861847	0.9987249637391052	0.9987249635430445	0.998724963280884	0.9987249629293753	0.9987249624569206	0.9987249618205457	0.9987249609617743	0.9987249598009968	0.9987249582297939	0.9987249561004624	0.9987249532117313	0.9987249492892768	0.9987249439591567	0.9987249367115918	0.9987249268516023	0.9987249134317252	0.9987248951603092	0.9987248702765419	0.9987248363802145	0.9987247901999554	0.9987247272777278	0.9987246415393036	0.9987245247097711	0.9987243655188037	0.9987241486201374	0.9987238531226392	0.998723450595333	0.9987229023583579	0.9987221558058968	0.9987211394191412	0.9987197560041404	0.998717873530602	0.9987153127257911	0.998711830286913	0.9987070961794905	0.9987006629602051	0.9986919243543587	0.9986800593682815	0.9986639569478873	0.9986421144996168	0.9986125013286709	0.9985723750367728	0.9985180349127999	0.9984444910205584	0.9983450206131724	0.9982105741231587	0.9980289805490105	0.9977838856156273	0.9974533343472778	0.9970078809803845	0.9964080712598086	0.9956010922185493	0.9945163187559326	0.9930593998241308	0.9911044134618111	0.988483471355406	0.9849729604485526	0.9802753609057638	0.9739952681404622	0.9656078744063613	0.954417771422055	0.9395056615486186	0.9196608346688928	0.8932992582916883	0.8583739990212443	0.8123046737725016	0.7520061279100246	0.6742292854226957	0.5767154667225408	0.46105642172090977	0.3373774508398527	0.22547071115459189	0.1433078926294388	0.09338983033957977	0.06620169433395619	0.05094982014255234	0.0401569634959965	0.029639007749107098	0.018298915317863852	0.009042186295357899	0.00455619425961855	0.002882014818428507	0.0019157384979883708	0.0009649206228766417	0.0003528565945756077	0.0001765225658401198	0.00009624445600839646	0.000030261866840679163	0.000011370185139988385	4.959866699176488e-6	1.12807870505119e-6	4.452919068540255e-7	8.362656453699332e-8	2.4054960927874787e-8	1.1964052291878154e-9	1.3516247011752098e-11	1.0257924628879183e-13	1.1976586617110916e-29
1.0536651091304743	1.0536651090453353	1.0536651089326974	1.053665108783107	1.053665108583753	1.0536651083172517	1.0536651079599988	1.053665107479913	1.0536651068333651	1.05366510596099	1.0536651047819703	1.0536651031862456	1.0536651010238798	1.0536650980905626	1.0536650941078318	1.0536650886961065	1.0536650813379216	1.0536650713278182	1.0536650577040445	1.0536650391554636	1.0536650138946857	1.0536649794852466	1.0536649326063054	1.0536648687323344	1.053664781697037	1.0536646630998896	1.0536645014991783	1.0536642813148496	1.053663981336868	1.053663572699235	1.0536630161288352	1.053662258210787	1.0536612263231342	1.053659821767937	1.0536579104648185	1.0536553103469062	1.0536517743039773	1.053646967114198	1.053640434268187	1.0536315598679993	1.0536195098167498	1.0536031552224305	1.0535809692131821	1.0535508880572342	1.0535101244107072	1.0534549164281966	1.053380191037311	1.0532791124570684	1.0531424774656648	1.0529579062260093	1.0527087606744843	1.0523727002434655	1.0519197553094422	1.0513097599533463	1.0504889344213857	1.049385340176311	1.0479028415324205	1.0459130909978818	1.043244902235352	1.0396701747193682	1.0348852761705982	1.0284864622455312	1.0199375166390197	1.0085273591172488	0.9933150178028004	0.9730594774277411	0.9461335805567804	0.9104273249678394	0.8632643816707285	0.8014062953709117	0.7213480707280285	0.6204042584785688	0.49955235076981824	0.3684962639692376	0.24791015602874822	0.15815809563248248	0.10333140115504189	0.073567530733518	0.05703899562852011	0.04547068464973465	0.03418055396690313	0.021689285350469593	0.010928742883993873	0.005476802089169586	0.0034625981522182106	0.002357082462532526	0.001252446164513155	0.0004645775880322527	0.0002275571566505717	0.00012988041601905316	0.00004390418259487217	0.000015732290565453982	7.405058494664022e-6	1.7361387207243475e-6	6.855042289227708e-7	1.4344077254126643e-7	4.063767399907736e-8	2.77662314281256e-9	3.096768084219078e-11	2.2613438287709834e-13	2.547580748040227e-29
1.1119539646999415	1.111953964613289	1.1119539644986882	1.1119539643465386	1.11195396414383	1.111953963872913	1.111953963509821	1.1119539630219848	1.1119539623651127	1.1119539614789402	1.1119539602814301	1.1119539586608629	1.1119539564650465	1.1119539534865999	1.1119539494428803	1.111953943948611	1.1119539364785647	1.1119539263167002	1.1119539124868358	1.1119538936581583	1.1119538680164436	1.1119538330886223	1.11195378550391	1.111953720668643	1.1119536323235795	1.1119535119413981	1.1119533479073829	1.1119531244054917	1.1119528199038082	1.1119524050972627	1.1119518401139799	1.1119510707225488	1.111950023187717	1.1119485972938015	1.1119466568916625	1.1119440170949715	1.1119404269517696	1.1119355460063725	1.1119289126203886	1.1119199011874716	1.1119076643923667	1.1118910553495667	1.1118685226987952	1.1118379693880236	1.1117965627456918	1.111740479277988	1.111664562084389	1.1115618614204814	1.1114230191625074	1.1112354449658777	1.1109822147401174	1.1106405993351085	1.1101801012756993	1.1095598376625353	1.1087250548915861	1.1076024916258995	1.1060942151698587	1.1040694362202819	1.1013536491108908	1.0977142381805467	1.0928414231936086	1.0863230753014996	1.077611514955966	1.0659799267771313	1.050465599523345	1.0297971638831396	1.002304345516201	0.9658142148166564	0.9175548660192023	0.8541350260951673	0.7717928641706238	0.6674060860880892	0.5412911680086141	0.4026007307290357	0.27275865904387986	0.17468561426421142	0.11439908756221491	0.08177320142139213	0.06384718055337787	0.05145333437088314	0.0393618737022533	0.025668633541020103	0.01322238521412737	0.006592653586789945	0.004156379395762353	0.002889671408450724	0.001617988137583885	0.0006142007976197429	0.00029306194267842003	0.00017371723435827814	0.00006383270833579283	0.000021776842677875327	0.00001087687781266926	2.710123177167922e-6	1.0385432451581512e-6	2.503014116496983e-7	6.687165286730446e-8	6.464633598308315e-9	7.249319883300917e-11	5.080071175175368e-13	5.508110880681096e-29
1.1736884894038009	1.1736884893156048	1.1736884891990043	1.1736884890442496	1.1736884888381318	1.1736884885627303	1.173688488193715	1.173688487698023	1.1736884870306936	1.1736884861305568	1.1736884849143439	1.1736884832686625	1.1736884810390464	1.1736884780150196	1.1736884739097253	1.1736884683321471	1.1736884607492357	1.1736884504342877	1.1736884363965834	1.1736884172854871	1.1736883912597427	1.1736883558094078	1.1736883075133941	1.1736882417094088	1.1736881520445994	1.1736880298639447	1.173687863378503	1.1736876365345794	1.1736873274761281	1.17368690645595	1.1736863329992628	1.1736855520525165	1.1736844887595377	1.1736830413765962	1.1736810716718138	1.173678391920511	1.1736747473034277	1.1736697920964656	1.1736630574855587	1.1736539080929873	1.1736414833002187	1.173624618113881	1.1736017365314768	1.1735707079738622	1.1735286541643344	1.173471689588471	1.173394573019972	1.173290240085706	1.173149176873012	1.1729585813489063	1.1727012418281617	1.1723540385007927	1.171885943296824	1.1712553527240515	1.1704065345924846	1.1692648985853753	1.1677307069821652	1.1656707183607105	1.1629070946105955	1.1592026885379159	1.1542415519656037	1.1476031482539286	1.1387283097253111	1.1268744642714745	1.111057154974944	1.0899746939050399	1.0619138223831128	1.024639018111925	0.9752834934737558	0.9103042599323721	0.8256830699762011	0.7178537029119363	0.5864299498585269	0.4398812140256468	0.30021583441377514	0.1930479819566692	0.12669727069259928	0.09089312235379972	0.0714380167094546	0.058166233724449436	0.04524567967279062	0.030308161993641378	0.015997942893758024	0.007943014007855947	0.0049823626394937	0.0035279658327794275	0.0020765871833357498	0.0008139848469147808	0.00037690906662094317	0.00023011479282894655	0.00009247895971641104	0.000030161554413504287	0.00001569535201405645	4.273835301222539e-6	1.5495362434657972e-6	4.380934578317248e-7	1.0756903967468322e-7	1.4728708523615686e-8	1.7156031076039644e-10	1.15184501121004e-12	1.1998457110528125e-28
1.2391750257926455	1.2391750257028749	1.2391750255842375	1.2391750254268337	1.2391750252172518	1.2391750249373001	1.2391750245622801	1.2391750240586314	1.2391750233807213	1.239175022466465	1.239175021231355	1.2391750195603146	1.2391750172965874	1.2391750142265825	1.239175010059203	1.239175004397656	1.2391749967010235	1.2391749862318746	1.2391749719848657	1.2391749525894213	1.239174926177097	1.239174890200867	1.2391748411890526	1.2391747744103467	1.239174683417762	1.2391745594278734	1.2391743904765582	1.2391741602711728	1.239173846629793	1.2391734193607244	1.239172837383067	1.2391720448168064	1.23917096567898	1.2391694966899074	1.2391674975242697	1.2391647776046197	1.2391610782249618	1.239156048366576	1.2391492120044945	1.239139923942259	1.2391273101945015	1.239110187574782	1.2390869553243722	1.2390554491846697	1.2390127450708046	1.238954895177932	1.2388765735952691	1.2387706008468826	1.23862730660512	1.238433676326125	1.2381722096527732	1.2378193947112295	1.237343671018366	1.2367027121487262	1.2358398043405665	1.2346790245306658	1.2331188252925604	1.231023507388157	1.2282118935505197	1.2244422975583449	1.2193925957600544	1.212633837915641	1.2035953680591442	1.1915188711250937	1.1753981894146337	1.1539014277906232	1.125272592459987	1.0872140917982978	1.0367652800297804	0.970233184785479	0.8833448747734184	0.7720858590280526	0.6353294703476157	0.48072386984290005	0.3306533955897715	0.2135307859189751	0.14041610929463075	0.10106385422488828	0.07992773821492383	0.06571979830121169	0.05194197144745079	0.03572425975352176	0.01937253985844584	0.009591598715263504	0.0059715046055568224	0.004295230770034823	0.002651054318785803	0.0010835880553979006	0.0004854873951392356	0.00030278255483486753	0.00013356364069848974	0.00004204565263424141	0.000022366941798735105	6.832968685162966e-6	2.296021292274696e-6	7.663243823077658e-7	1.715719034546323e-7	3.283635335700421e-8	4.212358484031061e-10	2.6987259090302542e-12	2.6896155026833654e-28
1.3084632089970651	1.3084632089056918	1.308463208784984	1.3084632086248904	1.3084632084117969	1.308463208127237	1.3084632077461422	1.308463207234453	1.3084632065458588	1.3084632056173582	1.308463204363197	1.308463202666607	1.3084632003685326	1.308463197252254	1.3084631930224175	1.3084631872764332	1.3084631794654837	1.3084631688413726	1.3084631543840803	1.3084631347030238	1.3084631079024776	1.3084630713982104	1.3084630216677902	1.3084629539106742	1.3084628615854446	1.3084627357798753	1.3084625643541317	1.3084623307759005	1.3084620125364155	1.3084615789981955	1.3084609884724723	1.3084601842504417	1.3084590892192012	1.308457598558932	1.3084555698452296	1.3084528096403716	1.3084490553415806	1.3084439506221428	1.3084370122284104	1.308427585121635	1.3084147819184624	1.3083974011983361	1.3083738173923882	1.3083418324923233	1.308298476513455	1.3082397392420957	1.3081602099316045	1.30805259381018	1.307907063892938	1.3077103928243976	1.307444791209597	1.3070863546764466	1.306602989830651	1.305951646775823	1.3050746296516835	1.303894682240015	1.3023084473181759	1.3001777684164242	1.2973181310152433	1.2934833141903535	1.2883450275252448	1.2814659237816581	1.2722638895200074	1.2599649235228616	1.243541272437123	1.2216310307063327	1.1924358425568935	1.1535967590919787	1.1020606136367517	1.0339867822565443	0.9448507399250125	0.8301887830984939	0.6881035873386748	0.5252900052438665	0.3642693813171019	0.23630514538708838	0.155669270201538	0.11236357784131436	0.08938207410356903	0.07417750756745865	0.05951588566093599	0.04199128768602566	0.023440398532436794	0.011596503839174595	0.007149593794403801	0.005209668714447004	0.0033595352029765426	0.0014435212552570964	0.0006255965058903085	0.00039516611831729234	0.00019080645207841137	0.000058924642237402684	0.0000314227024588636	0.000010921617891651569	3.3762511398436157e-6	1.3089637043814644e-6	2.7178296973794033e-7	6.887498766734236e-8	1.0476791991639508e-9	6.396912496276758e-12	6.086854265166665e-28
1.381747903992179	1.3817479038991756	1.3817479037763651	1.3817479036135443	1.3817479033968938	1.3817479031076725	1.3817479027204407	1.3817479022006363	1.3817479015012697	1.3817479005584183	1.3817478992850796	1.3817478975627882	1.3817478952301832	1.3817478920674102	1.3817478877748486	1.3817478819441	1.381747874018434	1.381747863238869	1.3817478485706858	1.3817478286032623	1.3817478014135518	1.3817477643800653	1.3817477139295506	1.381747645192139	1.3817475515318638	1.3817474239075485	1.3817472500034482	1.3817470130473153	1.3817466902032027	1.3817462503874023	1.3817456513026907	1.381744835410733	1.381743724467705	1.3817422121124152	1.3817401538197625	1.3817373532897534	1.3817335440202798	1.38172836437349	1.3817213238632704	1.3817117576040625	1.3816987648093426	1.381681125818825	1.381657190247976	1.3816247263341572	1.3815807181912758	1.3815210932011426	1.3814403557966077	1.3813310959452607	1.381183330073805	1.3809836181395028	1.3807138819238756	1.3803498249157138	1.3798588213969876	1.379197098947258	1.3783059811171914	1.3771068809182199	1.375494635078399	1.3733286357662873	1.370421040393954	1.366521107731181	1.361294403276163	1.3542952188218607	1.3449300414444685	1.3324092788236408	1.3156837414627136	1.2933617887532354	1.2636031928714535	1.2239885420406897	1.171373795166449	1.1017736021606108	1.0104162447826581	0.8923910327617163	0.745006631177305	0.5738770954366653	0.4013870321809061	0.2616408654202784	0.17263714255525103	0.12491774677874189	0.09990626082685515	0.08363970630302352	0.06806813635558126	0.04921710353118044	0.028329594814008773	0.014041136479151669	0.008553863841117679	0.006297153917936837	0.004226725676646696	0.0019220646791349068	0.0008074641122847176	0.0005121287081808147	0.00026903126797131526	0.00008324005641856282	0.000043631403285631414	0.000017313808934706812	4.951856730455117e-6	2.1672877529865457e-6	4.3195173408615965e-7	1.3493084936875398e-7	2.650616858624675e-9	1.5410663849444586e-11	1.3963428102296258e-27
1.45935126746755	1.4593512673728888	1.4593512672479434	1.459351267082358	1.459351266862107	1.4593512665681736	1.4593512661747456	1.4593512656467575	1.459351264936539	1.459351263979245	1.4593512626866219	1.459351260938506	1.459351258571229	1.4593512553617984	1.459351251006326	1.4593512450906014	1.459351237049979	1.4593512261146924	1.4593512112353215	1.4593511909812051	1.4593511634019798	1.459351125838909	1.4593510746679343	1.4593510049498877	1.4593509099542903	1.4593507805110768	1.4593506041286892	1.4593503637950789	1.4593500363473217	1.45934959025579	1.4593489826152335	1.4593481550584373	1.459347028211574	1.4593454941734332	1.4593434063201502	1.4593405654922915	1.4593367012924703	1.4593314467775782	1.4593243042375321	1.4593145989522398	1.4593014167497367	1.4592835197556793	1.4592592328070129	1.4592262904405713	1.459181630946864	1.4591211194162572	1.4590391756254362	1.4589282745198322	1.458778276284725	1.4585755286951374	1.458301665445097	1.4579319989580013	1.4574333727601179	1.456761294203313	1.4558561096127052	1.4546379061719388	1.452999721840214	1.4507985081868775	1.4478431105207106	1.443878291157288	1.4385635073978447	1.431444744636093	1.421917174660153	1.409175746364449	1.3921500473226638	1.3694190560338622	1.33910128169048	1.2987179329656109	1.2450360661735647	1.1739291568182677	1.0803840673017837	0.9590486355351294	0.8064213604991227	0.626913509896911	0.4424605568960434	0.2899182236769263	0.1915753547434512	0.13890383759996724	0.11164852928703098	0.09424704713401834	0.0777388025368828	0.05754779392110878	0.03421039961157668	0.01704503373268265	0.010237340042802122	0.007593544382060671	0.0052860389802501595	0.0025582251010415305	0.001046962311446799	0.0006606209072708025	0.0003746517341927419	0.00011914978030772845	0.000060146468661659905	0.000027107905337196588	7.310558884967819e-6	3.4849342191347795e-6	7.006242180169351e-7	2.486702152214528e-7	6.973316345697807e-9	3.8573504561639495e-11	3.3111370952085614e-27
1.5413532576351043	1.5413532575387598	1.54135325741165	1.541353257243266	1.5413532570193764	1.5413532567206871	1.541353256321014	1.541353255784787	1.541353255063656	1.5413532540918529	1.5413532527798743	1.5413532510058596	1.5413532486038355	1.5413532453476764	1.5413532409292316	1.5413532349284909	1.5413532267729073	1.5413532156819516	1.5413532005915342	1.541353180051	1.5413531520827317	1.5413531139908332	1.5413530621005689	1.5413529914036448	1.5413528950753153	1.5413527638169677	1.5413525849617102	1.5413523412583527	1.5413520092179092	1.5413515568661151	1.5413509406914512	1.5413501015002806	1.541348958792166	1.5413474031305985	1.541345285799474	1.541342404789005	1.5413384858190966	1.5413331566588815	1.541325912398623	1.5413160685174951	1.5413026975051782	1.541284543338851	1.5412599061684162	1.5412264869581087	1.5411811783536524	1.541119783404027	1.5410366375804752	1.5409241012987909	1.5407718791953733	1.5405661078385005	1.5402881342116936	1.5399128816198149	1.5394066655936518	1.5387242771752636	1.537805091047382	1.536567876540007	1.5349038842709535	1.5326676416519422	1.5296647056699328	1.525635376760649	1.5202330547008658	1.5129954934797425	1.5033066620243207	1.4903462220504626	1.473022806244858	1.44988644368212	1.4190151005230776	1.3778718555687077	1.3231371050023806	1.250547215427696	1.1548545935888783	1.0302743762541786	0.8724877237105475	0.6845968709702395	0.4877582989995576	0.32139687836845543	0.21266098508703873	0.15443890156335516	0.12470423110076681	0.10609063101681095	0.08862010964980306	0.06708215197604797	0.0412174743329767	0.02072515242622486	0.012249342957617496	0.009129241757865553	0.00656539616141968	0.0033893392295095445	0.0013629504359184432	0.000847602649291789	0.0005137089823425372	0.00017232950180587995	0.00008228608283406123	0.0000414528232311512	0.000010891444810170621	5.424439481502469e-6	1.165984552589276e-6	4.310355051327412e-7	1.8584748129048672e-8	9.849700543896424e-11	7.984744604026993e-27
1.6279687018564772	1.6279687017584248	1.6279687016291227	1.6279687014579078	1.6279687012303437	1.6279687009268595	1.6279687005208976	1.6279686999763863	1.6279686992442948	1.6279686982579347	1.627968696926555	1.627968695126603	1.6279686926898065	1.6279686893869176	1.6279686849055368	1.627968678819874	1.6279686705495116	1.627968659303197	1.6279686440022296	1.6279686231760404	1.6279685948198699	1.627968556200821	1.6279685035936986	1.6279684319213865	1.6279683342652858	1.6279682011988152	1.6279680198805502	1.6279677728212558	1.6279674362073993	1.627966977622181	1.6279663529506847	1.627965502176835	1.6279643436790565	1.6279627664930876	1.627960619820982	1.6279576988169586	1.6279537253379635	1.6279483218926585	1.6279409764093271	1.6279309946184057	1.6279174357430697	1.6278990257114148	1.627874040123875	1.6278401465624255	1.6277941922922754	1.627731918687819	1.627647577424219	1.6275334150966498	1.6273789817802684	1.6271702042151055	1.6268881446009122	1.6265073398225423	1.625993581201751	1.625300948797436	1.6243678531600023	1.6231117563859578	1.6214221368193285	1.6191511191753563	1.6161010028188842	1.6120076704773594	1.606518528389035	1.5991631926890308	1.5893145678513358	1.576137236523487	1.5585191962820364	1.5349820322754695	1.5035639962697656	1.4616714525002064	1.4059006539615595	1.331855443655029	1.2340619110780877	1.106314377268725	0.9434780135122259	0.7472554102171246	0.5376774150396166	0.35645029716323917	0.23615090472276593	0.17169436181589004	0.13921297521721465	0.11930285069276085	0.10084452693486494	0.0779574582095972	0.049522319343133774	0.02524111654872995	0.014658837737840729	0.010945640378403886	0.00810210887318425	0.004461498103898021	0.0017836702423539583	0.0010827687678193194	0.0006940706782805874	0.000251484187732825	0.0001120013868740475	0.00006180100608289053	0.00001648917122481401	8.217523212214996e-6	2.003798354989433e-6	7.127513685802986e-7	4.977456728976273e-8	2.576760044862566e-10	1.9654429284306423e-26
1.7194208725141136	1.7194208724143285	1.7194208722828064	1.7194208721087303	1.7194208718774588	1.719420871569144	1.7194208711568566	1.719420870604023	1.7194208698609346	1.7194208688599861	1.7194208675091844	1.7194208656832914	1.719420863211747	1.719420859862194	1.719420855318008	1.7194208491476477	1.7194208407628688	1.7194208293617554	1.719420813851078	1.7194207927404703	1.7194207639981904	1.7194207248545634	1.7194206715342433	1.7194205988917162	1.7194204999151141	1.719420365050693	1.7194201812836094	1.7194199308881122	1.7194195897282143	1.7194191249474826	1.719418491831566	1.719417629547408	1.7194164553597997	1.7194148567870227	1.7194126809634604	1.7194097202268037	1.7194056925977814	1.7194002153614345	1.7193927693346869	1.7193826505689154	1.7193689051167513	1.7193502409894197	1.7193249094200984	1.7192905448600455	1.7192439495410248	1.7191808036423983	1.7190952757066438	1.7189794994272238	1.7188228715919447	1.7186111108813684	1.7183249971709877	1.7179386843516469	1.7174174443176387	1.716714652832627	1.7157677656909331	1.7144929509384463	1.7127779332393043	1.7104724609280995	1.707375613164671	1.7032189084380163	1.6976438363667072	1.690171986800076	1.6801653633983094	1.6667737132978633	1.6488647688332407	1.6249322484778572	1.5929756224228697	1.55034611350533	1.4935586063300677	1.418089488718266	1.3182477652221372	1.1874218007965114	1.0196707975911738	0.8152259614442037	0.5926392254569385	0.39549405273919314	0.26233582640184994	0.1908614607228191	0.1553285734193677	0.1340291867256229	0.1145575233783426	0.09032311674968113	0.05930855860179248	0.030787854504580953	0.01755189962395923	0.01309137773525235	0.00993923766295462	0.005825505553562347	0.0023489446508826732	0.0013785563775903275	0.0009252066937706057	0.00036877704958895397	0.00015208121732140703	0.00008993437534732329	0.000025511800066364173	0.000012183877856060346	3.5352923741770578e-6	1.1389826266552159e-6	1.311188794242094e-7	6.935797133444675e-10	4.9568169119979616e-26
1.8159404845580787	1.8159404844565366	1.8159404843227671	1.8159404841458016	1.815940483910791	1.8159404835976134	1.8159404831789685	1.8159404826177825	1.8159404818636726	1.8159404808481219	1.8159404794779002	1.8159404776260948	1.815940475119872	1.8159404717237864	1.815940467117016	1.8159404608623089	1.8159404523636493	1.815940440808537	1.8159404250893223	1.8159404036959892	1.815940374570023	1.8159403349052552	1.815940280876585	1.8159402072706463	1.8159401069830476	1.815939970333908	1.8159397841363862	1.8159395304301553	1.8159391847594337	1.8159387138318241	1.815938072338561	1.8159371986364914	1.8159360088862473	1.8159343891016084	1.8159321843671092	1.8159291842283316	1.8159251029033057	1.8159195524994851	1.8159120067856152	1.8159017522207765	1.8158878218063061	1.8158689058004411	1.815843231294524	1.815808399919165	1.8157611692997526	1.815697159009432	1.8156104552699468	1.8154930799938618	1.8153342782309245	1.8151195627466092	1.8148294340642093	1.8144376672064593	1.8139090203782287	1.813196173044503	1.8122356374139337	1.810942303127668	1.8092021631490691	1.8068626204225666	1.8037195777719244	1.79950025187109	1.793840305079396	1.7862534298862138	1.7760909170596053	1.7624879559165807	1.7442924316802249	1.7199708418719923	1.6874849071753848	1.6441324303982177	1.586349940777088	1.509491879060865	1.4076603909077243	1.2738555142373162	1.1013490873746121	0.8888508206795895	0.653085902341199	0.43898810386578724	0.29154474323435775	0.2121534885120947	0.1732201214779844	0.15042908258384258	0.1299184625413322	0.10434162861617528	0.07077028781931617	0.03759958518871455	0.02103683854650805	0.015623708878578028	0.012126461310343561	0.007536451651393666	0.0031142958628872126	0.0017511622294657965	0.0012186075769637194	0.0005398842216379363	0.00020666006369299178	0.0001281045178257536	0.00004037257164586546	0.000017771466682988582	6.271286756931047e-6	1.7783791950477754e-6	3.272843503748702e-7	1.9291001506743577e-9	1.2857377775584026e-25
1.917763870415446	1.917763870312123	1.9177638701760809	1.9177638699961972	1.9177638697574186	1.9177638694393488	1.917763869014319	1.9177638684447582	1.9177638676796127	1.9177638666494599	1.9177638652598428	1.917763863382185	1.9177638608413974	1.9177638573989721	1.9177638527299228	1.9177638463913398	1.9177638377795023	1.9177638260714216	1.9177638101451597	1.9177637884712357	1.9177637589646097	1.9177637187829697	1.9177636640519404	1.917763589490962	1.9177634879040228	1.9177633494863453	1.9177631608808015	1.9177629038948312	1.917762553756061	1.9177620767405428	1.9177614269511312	1.9177605419428452	1.917759336783519	1.9177576959979465	1.917755462642152	1.9177524234987868	1.9177482890232045	1.917742666200187	1.9177350218255034	1.9177246328691377	1.9177105194227264	1.9176913541858411	1.917665340374809	1.9176300471661625	1.9175821880827866	1.917517322784448	1.9174294561260679	1.9173104995537502	1.9171495481922567	1.9169319113954892	1.9166378137960982	1.9162406563426637	1.915704690201608	1.9149819077846695	1.9140078905958426	1.9126962678645485	1.9109313260626741	1.908558158184845	1.9053695407478837	1.901088459560926	1.895344850955672	1.8876446555435453	1.8773286623038643	1.8635178129610397	1.8450406095435903	1.8203370393652119	1.7873321986240471	1.743272328537276	1.6845188316583748	1.6063100986590217	1.5025525182393256	1.3658779323479524	1.1887976727160134	0.9684735494096419	0.7194751596593124	0.48743756979128094	0.3241494716447834	0.2358080302641276	0.1930728811250261	0.16867658541699243	0.14710126812240432	0.12018939409959516	0.08411063108308174	0.04595138428077634	0.025250947730132933	0.018610166332123267	0.014720978952379223	0.009653976819852245	0.00415510195081111	0.002222079109558393	0.001588250535823123	0.000783215990171618	0.0002821240924238601	0.00017920136788130488	0.00006485214299548623	0.000025623918512813875	0.000010891134460501069	2.7412324406132e-6	7.45190455240128e-7	5.56728944500335e-9	3.443537904525941e-25
2.0251298810843372	2.025129880979209	2.0251298808408684	2.0251298806580396	2.025129880415466	2.0251298800924777	2.025129879661039	2.025129879083087	2.0251298783069016	2.0251298772621613	2.0251298758531924	2.025129873949772	2.025129871374575	2.0251298678860605	2.025129863155122	2.025129856733247	2.025129848009092	2.025129836149293	2.0251298200177796	2.025129798065818	2.0251297681821385	2.0251297274886917	2.025129672062389	2.025129596556246	2.025129493683684	2.025129353516474	2.0251291625291925	2.0251289022997745	2.0251285477429763	2.0251280647084244	2.025127406717608	2.025126510533299	2.025125290143711	2.025123628602628	2.02512136696226	2.0251182892760564	2.0251141022829766	2.025108407908473	2.025100666062098	2.025090144343633	2.0250758500979567	2.025056438689367	2.025030089765466	2.0249943404689925	2.0249458607971174	2.0248801512887202	2.0247911365215514	2.0246706189731896	2.0245075459071935	2.024287026109962	2.0239890122501176	2.023586536629799	2.0230433508926704	2.0223107708244195	2.0213234617243057	2.0199938126224652	2.0182044317596333	2.0157981418261834	2.012564648870268	2.0082227868462326	2.0023968784896975	1.9945852736574756	1.9841184924797866	1.9701035699611658	1.9513501319067244	1.9262724267596785	1.892760137167585	1.8480099253365827	1.7883114855566715	1.7087933877946633	1.6031781046238467	1.4637515884509964	1.282299191741348	1.0544333329249713	0.7922723406465283	0.5413909199281758	0.3605688185542794	0.26208899548494535	0.21508872863969172	0.18896052070029673	0.16629462928449767	0.13805709453009074	0.09954063103570995	0.05615658367586492	0.030369178716980715	0.022130554829716303	0.01778838637416684	0.012243254831512378	0.005569096249269899	0.002820468899900835	0.002051114177697496	0.0011187341461321152	0.0003887228072805989	0.00024694825451814634	0.00010408369838768996	0.00003670753615101049	0.00001817373450016349	4.221709699964031e-6	1.5212780888406472e-6	1.6725806324391793e-8	9.559351478497871e-25
2.1382748061069488	2.1382748059999916	2.1382748058593264	2.1382748056735257	2.1382748054271308	2.1382748050991998	2.138274804661333	2.138274804074979	2.1382748032877585	2.1382748022284583	2.1382748008002017	2.1382747988711346	2.1382747962617223	2.1382747927274246	2.138274787935062	2.138274781430586	2.138274772595125	2.138274760585067	2.1382747442503858	2.138274722023338	2.1382746917667625	2.138274650567332	2.138274594453883	2.138274518013882	2.1382744138713816	2.138274271976344	2.138274078637307	2.138273815205795	2.1382734562879175	2.1382729673126764	2.138272301228145	2.138271394015689	2.1382701585988118	2.138268476580594	2.1382661870373445	2.1382630713313895	2.1382588325374674	2.138253067593145	2.1382452296194683	2.138234576979872	2.138220104455736	2.1382004503270227	2.138173771016502	2.1381375721044105	2.138088480708607	2.138021939133591	2.1379317928969024	2.1378097371806826	2.1376445736869796	2.137421213801315	2.1371193425928157	2.136711629741579	2.1361613356978952	2.135419111159483	2.1344187212393937	2.133071337061366	2.1312579197517647	2.1288190652744965	2.1255414704749755	2.121139903986615	2.1152331978245233	2.1073122867557066	2.096697675355212	2.082482861222509	2.0634591407004734	2.038015850261937	2.0040085476079255	1.9585864078600146	1.8979709963090914	1.8171875599929521	1.7097870833113182	1.5677337302022363	1.3821282440152514	1.147057264090558	0.871939108928615	0.6014339899582759	0.4012714360437593	0.29128796672773677	0.23948576512940672	0.21148380946611506	0.18770135597339413	0.15814924515818676	0.11727826993517011	0.06855839398812033	0.03661473536877915	0.026279308655410196	0.02140341036246264	0.015376336943970628	0.007474705691083608	0.0035868605508424054	0.0026277471968054193	0.0015673871424974066	0.0005432827162480599	0.0003361451726328021	0.00016398121559261914	0.00005257215068978291	0.00002900049698744944	6.602984361662719e-6	2.8056895842511614e-6	5.232415279843288e-8	2.759861740274342e-24
2.2574241612303108	2.2574241611214996	2.257424160978485	2.2574241607896868	2.2574241605394447	2.257424160206549	2.257424159762239	2.2574241591674773	2.2574241583692336	2.2574241572954135	2.2574241558479504	2.2574241538933784	2.2574241512499817	2.257424147670258	2.25742414281701	2.257424136230728	2.257424127285115	2.2574241151264545	2.2574240985909637	2.2574240760921622	2.257424045467372	2.257424003768505	2.25742394697703	2.257423869615843	2.257423764220963	2.2574236206223675	2.2574234249650678	2.2574231583776263	2.2574227951622006	2.2574223003336114	2.2574216262753533	2.257420708199427	2.2574194579811646	2.2574177557955215	2.257415438773826	2.2574122856294974	2.25740799583102	2.2574021614070463	2.257394228798283	2.25738344727985	2.2573687992720397	2.2573489062476453	2.2573219017837913	2.257285260417857	2.257235567100132	2.2571682068764325	2.2570769475421577	2.256953378820548	2.2567861593746334	2.256560006658204	2.2562543429161632	2.2558414817898402	2.2552842016262664	2.254532500609797	2.2535192610987744	2.2521544605376262	2.2503174467039013	2.247846636053934	2.2445257825089673	2.2400656828421655	2.234079810836612	2.226051875200282	2.2152926368461108	2.2008824511823017	2.1815948678572212	2.155795188060289	2.1213062013272816	2.0752317804498057	2.0137290693437873	1.9317266888748559	1.8226169834016879	1.6780677952826526	1.4885424218620438	1.2466495160377977	0.9589176445417311	0.6681775315151136	0.4467756086357193	0.32372397097507605	0.26649638167312384	0.23646126108421175	0.21153622023475432	0.18068223829635538	0.13754692463498008	0.08351507597806818	0.044270682638611565	0.031168152332326535	0.025650272904088597	0.0191332549029342	0.010003453677491232	0.004578809103407993	0.003342879904749259	0.0021517118317692647	0.0007731073287783295	0.0004530021973190278	0.0002506389118822345	0.00007590922173097558	0.00004447226111499399	0.0000107085509642787	4.781612420187737e-6	1.689118624863783e-7	8.302087730207517e-24
2.382779478125618	2.3827794780149296	2.3827794778695384	2.3827794776777167	2.3827794774236044	2.382779477085723	2.3827794766349566	2.3827794760317884	2.382779475222541	2.3827794741342525	2.3827794726676816	2.382779470687772	2.3827794680106558	2.3827794643859144	2.382779459472389	2.3827794528051918	2.382779443750717	2.3827794314453	2.38277941471162	2.3827793919447617	2.3827793609569388	2.3827793187658695	2.382779261306438	2.382779183038042	2.382779076410129	2.3827789311346987	2.382778733195992	2.382778463503386	2.3827780960602385	2.382777595474246	2.382776913574008	2.382775984815344	2.3827747200435216	2.382772998030045	2.382770653995086	2.382767464049316	2.3827631241181217	2.3827572214075583	2.382749195796063	2.3827382876318546	2.3827234671950204	2.3827033394530095	2.3826760155506315	2.382638939547362	2.382588654999498	2.3825204907529214	2.3824281383328194	2.3823030839939574	2.382133846092295	2.3819049519021402	2.381595566003629	2.3811776531039155	2.3806135192440583	2.3798525236310684	2.378826684609278	2.377444811953212	2.3755846762930397	2.3730825651231404	2.36971936029628	2.3652019864810896	2.359138700403891	2.3510061857696543	2.340105748380533	2.325505019725411	2.3059604172646844	2.2798141266806082	2.244857583476371	2.1981516169522743	2.1357927502331515	2.052619797844145	1.9418795535421935	1.7949699035518272	1.601768412085835	1.3534756597475965	1.0536087049210316	0.7422350452254477	0.4976427770177969	0.3597399534725573	0.2963625352242039	0.2641146941671184	0.23802114269625887	0.2058797193953744	0.1605718864657042	0.1013795927813075	0.05368964990851058	0.036928738381778375	0.03062224566144901	0.02360215462203366	0.013287884294229503	0.005878949548869268	0.004226013158744125	0.002896994017032793	0.0011196596950925797	0.0006056252882561701	0.0003704582936577161	0.00011169182795878894	0.00006603522710528255	0.000018264550779189123	7.702190911326502e-6	5.441100890859742e-7	2.5958375276103842e-23
2.514565612830535	2.5145656127179428	2.5145656125701508	2.51456561237528	2.5145656121172726	2.5145656117743873	2.514565611317154	2.514565610705582	2.5145656098853584	2.514565608782663	2.514565607297095	2.5145656052920358	2.5145656025814964	2.514565598912187	2.5145655939390545	2.514565587191923	2.5145655780299974	2.514565565579842	2.514565548650833	2.5145655256199437	2.514565494274728	2.514565451599325	2.5145653934828784	2.514565314322446	2.514565206482496	2.5145650595592195	2.5145648593790604	2.514564586636303	2.514564215041079	2.5145637088015826	2.514563019201985	2.5145620799561783	2.514560800898894	2.514559059424873	2.5145566888795905	2.5145534628208046	2.5145490736989626	2.5145431039905284	2.514534987138898	2.514523954739255	2.514508965168928	2.514488607214777	2.5144609700331073	2.5144234678126787	2.514372603546517	2.5143036510187757	2.5142102270404036	2.514083716530339	2.5139125004610134	2.5136809199355628	2.5133678873844754	2.5129450261623707	2.512374180449825	2.511604084891541	2.5105659137502583	2.509167336761633	2.5072845858187507	2.5047518730264717	2.501347283157557	2.496773974214683	2.490635134882113	2.482400635733264	2.4713626309838403	2.4565764671415913	2.4367820722384126	2.410299474410504	2.3748902191089347	2.327574412556858	2.2643918273015107	2.180098364985421	2.067808474927312	1.9186769944354263	1.7220509121760976	1.4678121200696688	1.1564166628470627	0.8242593053613024	0.5545146611634832	0.39972961928661954	0.32935501635024755	0.2946903771856453	0.2674023371386682	0.23398978418002153	0.18659930393623383	0.12250392458944573	0.06531572833476708	0.04372373026600309	0.03642703747332575	0.02888473013624756	0.01745748159931648	0.007608793208935612	0.005313652369291481	0.0038336027837861304	0.0016398379867075198	0.0008051770605552564	0.0005311196691121404	0.00016930581041699872	0.00009563240455910371	0.00003234147368218844	0.000011929759158625542	1.6387496809607019e-6	8.402200873663597e-23
2.653395621668143	2.6533956215536194	2.6533956214033956	2.653395621205446	2.653395620943515	2.6533956205956013	2.6533956201318842	2.6533956195119073	2.653395618680729	2.653395617563683	2.6533956160592296	2.6533956140292094	2.6533956112855486	2.653395607572136	2.6533956025400904	2.6533955957140427	2.653395586446143	2.653395573853362	2.6533955567320247	2.6533955334413384	2.6533955017446695	2.653395458593227	2.6533953998313065	2.6533953197948574	2.65339521076505	2.653395062224561	2.653394859845192	2.653394584110461	2.6533942084431783	2.6533936966600966	2.6533929995120427	2.653392049986068	2.6533907569270245	2.653388996381137	2.653386599857736	2.653383338414404	2.653378901098669	2.653372865755759	2.65336465952856	2.6533535054428774	2.6533383502242467	2.653317766821935	2.6532898228725403	2.6532519033350765	2.653200471515479	2.6531307473346426	2.6530362745307836	2.6529083389345054	2.652735187216159	2.652500978541593	2.6521843789906154	2.651756678544384	2.6511792705104877	2.6504002801387294	2.6493500585763488	2.647935164577339	2.64603033168216	2.6434677529235455	2.6400227948379444	2.6353949596222996	2.6291825246161147	2.6208487701174197	2.609677018001479	2.5947107913741676	2.574674204195099	2.5478661315197777	2.512019758609284	2.464116880422709	2.4001445145582627	2.3147827204749913	2.2010271175175284	2.049817272012693	1.8500285937412417	1.5903330153372208	1.2681507409308466	0.9153385844360137	0.6184417950249816	0.44435781010370146	0.36593993934529306	0.3286125645901683	0.3001017714103227	0.26543608215975095	0.21604937554390838	0.14739170723839753	0.07983091320311411	0.051817164938195	0.0432336662531148	0.03514102106112873	0.022682056771183814	0.009978724625240352	0.0066637866976455235	0.005009054711152427	0.0024123064270564444	0.0010712435996880342	0.0007448286375511831	0.0002676238203510577	0.0001364231198377607	0.00005763810449255615	0.000018090990834001877	4.393223813253769e-6	3.000704605559333e-22
2.79897338304068	2.798973382924199	2.7989733827715173	2.798973382570463	2.798973382304586	2.798973381951627	2.7989733814814213	2.7989733808530515	2.798973380010957	2.798973378879641	2.798973377356444	2.798973375301691	2.7989733725252663	2.798973368768287	2.7989733636781207	2.7989733567743063	2.7989733474020837	2.798973334669027	2.798973317358682	2.7989732938128657	2.798973261771268	2.798973218152872	2.7989731587580957	2.7989730778631077	2.798972967667603	2.7989728175432296	2.798972613010551	2.7989723343469946	2.798971954694433	2.798971437486881	2.798970732953769	2.7989697733716024	2.7989684666176022	2.7989666874199473	2.7989642654933147	2.798960969451927	2.7989564850178543	2.7989503855108966	2.7989420919179726	2.7989308188927415	2.7989155017782923	2.798894698054117	2.7988664543394504	2.7988281270495867	2.7987761407408804	2.798705662751552	2.7986101654986513	2.798480838119766	2.798305796261498	2.798069021639626	2.7977489401432765	2.797316516837194	2.79673270577964	2.7959450388064897	2.794883065991619	2.79345226560637	2.7915259151013987	2.7889342471963285	2.785449992186849	2.780769111369025	2.7744851325759914	2.766054975048267	2.754753455282541	2.7396127433257025	2.7193418232490396	2.6922194273517444	2.655951905361489	2.6074851173298623	2.5427572100470637	2.456379182478162	2.3412406694083527	2.188092433062391	1.9853960791488523	1.7207312502422434	1.388582216729579	1.0155769298974322	0.6898017404233405	0.4938488718363319	0.40622029719887764	0.3659633387154303	0.33620431530570377	0.3003069643019343	0.24900373636314357	0.1761515441852558	0.09772966342491916	0.06139679645842352	0.05112667027807959	0.042448518992095924	0.029028387067988076	0.013208588807391767	0.008321309042915188	0.006454807871563385	0.0034886727041475744	0.001426305065364465	0.0010213334689763796	0.0004287950602922138	0.00019147826405074915	0.00009759173658168281	0.00002693493160254267	9.702772543606817e-6	1.0944871573789887e-21
2.9521408082335614	2.952140808115091	2.9521408079599185	2.952140807755726	2.9521408074858724	2.952140807127842	2.9521408066511317	2.952140806014368	2.952140805161385	2.9521408040158668	2.9521408024740525	2.9521408003947847	2.9521407975859395	2.952140793785921	2.952140788638422	2.952140781657997	2.9521407721831197	2.952140759312176	2.9521407418162138	2.9521407180200447	2.952140685640219	2.9521406415642213	2.952140581549595	2.952140499814113	2.952140388477886	2.9521402368041163	2.9521400301656615	2.9521397486387193	2.9521393650908623	2.9521388425824058	2.9521381308337995	2.9521371614279515	2.952135841297551	2.952134043884412	2.9521315971516544	2.9521282673292037	2.952123736894086	2.9521175747506567	2.952109195879984	2.9520978067683994	2.952082331656257	2.9520613129352467	2.9520327767286765	2.951994051620339	2.9519415243897225	2.9518703111219327	2.9517738147295485	2.9516431301427537	2.9514662453852614	2.951226969381358	2.950903494215208	2.950466468796724	2.9498764199768757	2.9490803027699704	2.9480068890785107	2.9465606082907083	2.944613325586593	2.94199337436701	2.9384709338041684	2.933738543635121	2.9273851503378885	2.9188615504719384	2.907434395418203	2.8921249919534855	2.871627906817166	2.8442027811283754	2.8075307126721403	2.7585240845571564	2.693076164471159	2.6057358073011545	2.4892996913015817	2.334356679532899	2.1290145398147264	1.8598917752377426	1.5187059767576512	1.1263007409589383	0.7700395566957445	0.5491528419243262	0.450834219659427	0.4073148095511275	0.3762782528025969	0.33917316950883825	0.2860288998385743	0.20936641824431781	0.11999422328709422	0.07291587200840263	0.06034855134775155	0.05103382775057125	0.03670816689066744	0.01769529351590053	0.01038875118433497	0.008243772625979428	0.004945296695876465	0.001922700661309751	0.0013811828833822932	0.0006835845318253873	0.00026733907223258814	0.00015674637884591333	0.000040296616334485586	0.000018485705240488458	4.428410821978128e-21
3.1124996097891064	3.1124996096686184	3.1124996095109263	3.1124996093035686	3.112499609029714	3.1124996086665946	3.1124996081833736	3.1124996075382314	3.112499606674404	3.112499605514775	3.1124996039545016	3.112499601850976	3.1124995990101096	3.112499595167652	3.1124995899637034	3.112499582907948	3.112499573332256	3.1124995603260417	3.1124995426481568	3.112499518606827	3.112499485896029	3.1124994413725324	3.112499380752081	3.112499298195525	3.112499185745413	3.1124990325592634	3.1124988238659976	3.1124985395457605	3.1124981521989117	3.1124976245217053	3.112496905738824	3.112495926757644	3.112494593590907	3.112492778427783	3.1124903075256776	3.1124869447930177	3.1124823695472457	3.112476146394124	3.112467684468186	3.1124561823057446	3.112440553341072	3.112419325282709	3.1123905043102074	3.1123513919292227	3.1122983381706972	3.112226409270246	3.1121289405527244	3.11199693535944	3.1118182576701354	3.1115765485121325	3.1112497728639914	3.1108082726601873	3.11021216013574	3.109407830776508	3.108323302100859	3.106861987454656	3.1048943851575284	3.1022469921191687	3.0986875238457063	3.09390522072081	3.0874846193165255	3.078870635442514	3.067322098977073	3.0518499454028807	3.031135035436448	3.0034189609189226	2.966359122257168	2.9168368098677018	2.8507042276983716	2.76245459017588	2.644803699303098	2.4882033525057334	2.2804636854276734	2.0073727326533053	1.6581027054730617	1.2474013177067442	0.8595404946529919	0.6105498019340058	0.49988193545710896	0.4527341361654694	0.42039360322091623	0.38210912464252533	0.3271942529462645	0.24707091398254966	0.14713771860569483	0.08670813732632447	0.07100525866419706	0.06098868140952312	0.04579443392367066	0.023740023305402393	0.012952449819353428	0.010418971537464801	0.006812725321110371	0.002631850765401366	0.0018393958343772754	0.0010477164440002326	0.00037161413075449115	0.00023813041020837253	0.00006147138883706207	0.00003114116085579225	1.7913058349896752e-20
3.2811195763009335	3.2811195761783916	3.2811195760181415	3.28111957580758	3.2811195755296874	3.281119575161448	3.281119574671696	3.281119574018172	3.2811195731435245	3.281119571969851	3.281119570391254	3.281119568263701	3.2811195653911835	3.2811195615068582	3.2811195562473148	3.281119549117487	3.281119539442801	3.2811195263039226	3.281119508447822	3.2811194841665605	3.281119451132127	3.2811194061713786	3.2811193449593588	3.281119261601511	3.2811191480649016	3.2811189934041995	3.2811187827082655	3.281118495666511	3.281118104619371	3.281117571908952	3.281116846277745	3.281115857976191	3.281114512122354	3.281112679687433	3.28111018527028	3.281106790522376	3.281102171689446	3.2810958891988746	3.2810873465023396	3.281075734409588	3.281059955853773	3.2810385242762083	3.281009426480028	3.2809699376670345	3.280916372176257	3.280843747835919	3.2807453343525617	3.280612046168461	3.280431626896242	3.280187554694123	3.279857574318349	3.279411730158094	3.2788097327692296	3.277997435883273	3.276902127093192	3.2754262374325642	3.273438944975225	3.270764974875162	3.2671696690081995	3.262339093996816	3.255853553058787	3.2471523304783534	3.2354867888379832	3.2198579997421763	3.1989338518746204	3.1709389627171896	3.1335086365898235	3.0834955179896153	3.0167146360013506	2.9276101305600184	2.8088290083951204	2.650710747701341	2.4408245036697194	2.164265700773517	1.807937852551485	1.380390769095466	0.9602051437600233	0.6793893385915961	0.5542207418307086	0.5029727049947663	0.46929594622309645	0.4298640658041766	0.3732466880652214	0.2899866880241452	0.1803242161068828	0.103605642187403	0.0834476047018224	0.07262884851778514	0.056588269983533855	0.031833196379045525	0.01622709681496015	0.01309002971568968	0.009185486600431565	0.003719007980423443	0.0024294553573088623	0.0015476721772978187	0.0005244274205858507	0.00034869751417611073	0.00010021538379927791	0.00004806419849606678	7.707093133748128e-20
3.4577878325802116	3.457787832455582	3.4577878322927385	3.457787832078937	3.4577878317969732	3.4577878314235875	3.457787830927288	3.4577878302653873	3.457787829379957	3.4577878281923238	3.4577878265955597	3.457787824444238	3.4577878215404794	3.4577878176149106	3.4577878123007015	3.457787805098157	3.457787795326431	3.457787782057681	3.457787764027318	3.4577877395116916	3.4577877061614215	3.457787660774298	3.4577875989858224	3.4577875148476305	3.457787400253497	3.457787244158234	3.457787031514719	3.4577867418272312	3.457786347183956	3.457785809583294	3.457785077299812	3.45778407994659	3.4577827217735906	3.457780872570465	3.4577783553271138	3.457774929505826	3.457770268372944	3.457763928303582	3.457755307238282	3.4577435884946364	3.4577276648242474	3.4577060358368064	3.457676669553061	3.4576368156808397	3.4575827539716677	3.457509455353058	3.4574101259683023	3.457275594165014	3.457093487017946	3.4568471250473403	3.4565140399378738	3.4560639883172364	3.455456292462382	3.454636282728003	3.453530542023565	3.452040553801217	3.450034223787161	3.447334571575979	3.4437046572276473	3.4388275016357706	3.4322793532705647	3.423494116047887	3.41171604061292	3.3959368409072965	3.37481216141955	3.346550703773342	3.3087672396287324	3.2582881300180015	3.190894928464107	3.1009888335340605	2.9811591345862394	2.821655429611982	2.6098575905083017	2.33029942240509	1.9679176547096586	1.5252136442480997	1.0726927082751072	0.7562865862624705	0.6141211854356592	0.5582285448550531	0.523184053940949	0.48264185296065965	0.42438871035411824	0.33826392712073655	0.2199939148405756	0.12436251029221454	0.09787468149815391	0.08611208919270381	0.06923787332703528	0.042188789477502146	0.020459881235105816	0.016328945445841233	0.012122083383873971	0.005390117116260222	0.003177393056812185	0.002199422457789017	0.0007618961984507875	0.0004922015174314758	0.00017195129434058917	0.00006705430840681984	2.561768441641135e-19
3.64608072009062	3.6460807199638374	3.646080719798331	3.646080719581214	3.6460807192951017	3.6460807189164886	3.6460807184135646	3.6460807177432173	3.6460807168469542	3.646080715645345	3.646080714030449	3.646080711855482	3.64608070892073	3.6460807049543513	3.6460806995861783	3.646080692312008	3.6460806824448846	3.646080669048684	3.6460806508475785	3.6460806261026417	3.6460805924437247	3.646080546640377	3.6460804842896986	3.646080399391078	3.646080283767158	3.6460801262758404	3.6460799117380427	3.646079619478425	3.6460792213405147	3.646078678989338	3.646077940245623	3.6460769341044705	3.6460755639740725	3.646073698498551	3.646071159108085	3.6460677031428137	3.6460630009813393	3.646056605071487	3.646047908012987	3.6460360858639573	3.646020021511558	3.645998201166342	3.6459685746566706	3.6459283670013543	3.6458738244626785	3.645799872566105	3.6456996559384454	3.645563919628114	3.645380177992962	3.6451315991426307	3.644795508846811	3.6443413857825426	3.6437281774144785	3.642900709234843	3.6417848849731884	3.6402812757029843	3.6382565635201547	3.635532130090337	3.631868847849075	3.626946823611541	3.620338436364964	3.6114724712385295	3.599586438788123	3.58366322878359	3.562347013457198	3.533831708853595	3.495713233251177	3.4447942111953695	3.376826708242957	3.2861755527544116	3.1653840624040845	3.00463554209703	2.7911751597214853	2.5091180755291744	2.1418016806880553	1.686122422448142	1.2021231024087808	0.8452555965215589	0.6821189930571153	0.6206964816447419	0.584230043028692	0.5426203363448822	0.4827997686760084	0.3940531068939325	0.2685915924700783	0.15181137466469213	0.11533787130290425	0.10232443223050762	0.08461906787787996	0.05567339568944862	0.026647609553981457	0.020450360724121527	0.01591613987996236	0.00811576462613645	0.004194446601798827	0.003086003835539355	0.0012277715221381484	0.0006863627665541876	0.0003061326737082529	0.0000843597035700136	4.909018130845073e-19
3.842166797661231	3.8421667975322618	3.8421667973640576	3.8421667971435935	3.8421667968533013	3.8421667964694404	3.842166795959886	3.842166795281109	3.8421667943740667	3.84216679315859	3.8421667915257522	3.842166789327444	3.842166786362174	3.842166782355698	3.8421667769346155	3.842166769590346	3.8421667596300138	3.842166746109477	3.842166727742025	3.8421667027739517	3.8421666688150204	3.842166622607469	3.842166559711262	3.8421664740752965	3.8421663574534795	3.8421661986100877	3.8421659822385457	3.842165687490011	3.8421652859717503	3.8421647390268543	3.8421639940377856	3.842162979403039	3.8421615977181074	3.842159716521245	3.8421571557371283	3.842153670657451	3.8421489288738426	3.842142479043928	3.84213370861352	3.8421217866360786	3.842105586481174	3.8420835814327376	3.8420537037704166	3.842013154700567	3.841958148189955	3.8418835659879083	3.841782493418874	3.841645595249835	3.8414602772328394	3.841209560671718	3.8408705730661956	3.840412525576401	3.8397940051064516	3.838959351769416	3.8378338167829096	3.836317095393761	3.8342746962498624	3.831526432099052	3.8278310828909317	3.8228659728502503	3.8161997937409873	3.807256465795813	3.795267114749623	3.7792063058374348	3.757707447743734	3.7289506862895183	3.690514559258425	3.6391801303670444	3.5706732828242256	3.4793277408656555	3.3576499398158695	3.195774659175673	2.980853243993467	2.696692192899645	2.32533656075309	1.8586206076583576	1.344731256238389	0.9440087723754598	0.7564446433785185	0.6887196633277544	0.650797668376963	0.608167652195264	0.5468493576055005	0.4556688972424073	0.3241722265867802	0.18549415848382558	0.1353755713259091	0.1207826993695994	0.10225467879607675	0.0716718845065457	0.03488918660252267	0.025339545710511547	0.02045049129143792	0.011790540809279758	0.005470111362289355	0.004182389406712672	0.0019549910920526542	0.0009272711662620911	0.0004959184112909983	0.00009979754481562441	6.493462319893456e-19
4.043666157151456	4.043666157020286	4.043666156849372	4.043666156625552	4.043666156331082	4.043666155941989	4.043666155425841	4.043666154738707	4.043666153821001	4.043666152591845	4.043666150941352	4.04366614872013	4.043666145724966	4.043666141679298	4.0436661362065935	4.04366612879405	4.043666118743082	4.043666105101811	4.043666086573039	4.043666061388822	4.0436660271395715	4.043665980541223	4.0436659171179965	4.043665830770183	4.043665713185556	4.043665553038317	4.04366533489924	4.04366503775258	4.043664632978395	4.043664081610199	4.043663330608982	4.043662307799623	4.0436609149962885	4.043659018673986	4.043656437310252	4.043652924227551	4.043648144338828	4.043641642658607	4.0436328016794665	4.043620783723243	4.043604453013427	4.043582270413094	4.043552151341256	4.043511274127705	4.0434558217165835	4.043380633812041	4.043278738790072	4.04314072433628	4.042953891948823	4.042701122043529	4.042359351898983	4.041897536108459	4.041273915918231	4.0404323663548345	4.0392975137716025	4.037768215287503	4.035708857549743	4.032937754673633	4.029211690255281	4.02420533759776	4.017483881877217	4.008466626702542	3.9963786551766707	3.9801866813477482	3.9585140083898382	3.9295279324119203	3.890790911986294	3.839064316060803	3.7700505815947167	3.6780564997371514	3.5555584577660198	3.392655445842905	3.176433776055699	2.8904714059777654	2.515769637279414	2.0397263635322265	1.4984088941024956	1.0519749678269625	0.8363920360792294	0.7615129858241533	0.7221113626521869	0.6785132029191159	0.6157700387390787	0.5223031274795746	0.38558346440390756	0.2262077417501864	0.15809903098448236	0.14137039385754233	0.12203292474125535	0.08994412643180634	0.04598100425398902	0.031052523128622667	0.025746461593240344	0.0163393544365061	0.007156185218517783	0.0055123209913340914	0.0029760302162612213	0.0012319133819855617	0.0007425371725136103	0.00012632716222241974	7.76166138287879e-19
4.253231915158057	4.2532319150246485	4.253231914850986	4.253231914623775	4.253231914325095	4.253231913930747	4.253231913407997	4.25323191271252	4.2532319117842095	4.253231910541488	4.2532319088735395	4.253231906629731	4.253231903605177	4.253231899521074	4.253231893997871	4.253231886518682	4.253231876379413	4.253231862620732	4.253231843935335	4.253231818541567	4.253231784011218	4.253231737034914	4.253231673102488	4.253231586067494	4.253231467554131	4.253231306150043	4.253231086308128	4.253230786852267	4.253230378944271	4.25322982332032	4.253229066536552	4.253228035867021	4.253226632375665	4.253224721516508	4.25322212037786	4.25321858039153	4.253213763899296	4.2532072124186096	4.253198303688157	4.253186193569431	4.253169737509061	4.253147384452177	4.25311703364162	4.253075841462084	4.25301996110267	4.252944191947228	4.252841507770772	4.252702422371537	4.2525141373420805	4.252259398130183	4.251914959856238	4.251449531533784	4.2508210237326285	4.249972866837374	4.248829090262363	4.247287751187588	4.245212166550616	4.242419223546563	4.238663807930845	4.233618077683166	4.226843898462946	4.217756216002319	4.20557442996859	4.189257904170012	4.167420539167305	4.138217774946997	4.099197412198288	4.0471031902940435	3.97761717160352	3.8850239674664597	3.76177781842923	3.597956811961833	3.38061600580655	3.093198438766128	2.7159494473669485	2.2325405656456985	1.666508018351006	1.1717840228084937	0.9236787702585019	0.840573635811835	0.7996518314096976	0.7551399099732135	0.691047244835198	0.5954510857617963	0.45443413555507584	0.2756245883218501	0.18420467448064626	0.16466031470866557	0.14452263719536146	0.1110719647278114	0.06055762916729817	0.03779281817452055	0.031992329126023386	0.021966005919434414	0.009344753890530024	0.007131173410387642	0.0043553217677719195	0.0016149332228126577	0.0010588462803888237	0.00016628449991355757	8.66326047550585e-19
4.477489992163018	4.4774899920272775	4.477489991850764	4.477489991620049	4.477489991317037	4.477489990917302	4.47748999038782	4.477489989683873	4.47748998874484	4.4774899874884655	4.477489985803026	4.477489983536678	4.477489980482916	4.477489976360758	4.477489970787724	4.477489963242986	4.477489953017124	4.477489939143608	4.477489920305393	4.477489894707614	4.4774898599041295	4.477489812561209	4.477489748135596	4.477489660435907	4.477489541025246	4.4774893784081	4.4774891569241415	4.477488855243213	4.477488444317587	4.477487884598085	4.477487122252223	4.477486084025436	4.477484670261951	4.477482745436103	4.477480125303714	4.477476559482992	4.4774717078499355	4.47746510856817	4.477456134818334	4.477443936267654	4.47742735994887	4.4774048433835905	4.477374270311489	4.47733277608858	4.477276485396824	4.4772001589990165	4.477096718382943	4.476956606611359	4.476766929664825	4.476510303875172	4.476163310185647	4.475694422922943	4.475061236860709	4.47420675809434	4.473054446977754	4.4715015990052525	4.469410513994896	4.46659672468883	4.46281331909777	4.4577300784817835	4.45090574140092	4.441751163560327	4.429480435020007	4.413046092842059	4.391053371297539	4.361646897900216	4.322361309189705	4.269924884810887	4.20000253770498	4.1068616512731975	3.9829423693445833	3.8183164954081548	3.600040096442947	3.311512242870538	2.9325258694407172	2.4439748961019014	1.8576869735238601	1.3129770428254794	1.0240478685636132	0.9304633997554173	0.88792526404765	0.8425644221746269	0.7772048824846497	0.6796279886993184	0.5350337654844015	0.34064114702347	0.21725820585769598	0.19273269350920044	0.17178081080167912	0.1370527411088495	0.08174584460759035	0.04668530919512776	0.03998595030974222	0.029380413968925226	0.013286274717095717	0.009311536186063436	0.006312579740677943	0.0022575791968264423	0.0015126228110705344	0.000342580892351639	9.723603396023113e-19
4.705618041719975	4.705618041581899	4.705618041402533	4.705618041168322	4.705618040860999	4.705618040455921	4.7056180399197745	4.705618039207466	4.705618038257881	4.705618036988105	4.7056180352855455	4.705618032997193	4.705618029914988	4.705618025755861	4.705618020134529	4.705618012526388	4.705618002216927	4.705617988232744	4.705617969247492	4.705617943453701	4.705617908388129	4.705617860693822	4.7056177957959875	4.705617707460415	4.705617587192017	4.705617423416094	4.705617200364514	4.705616896560442	4.705616482756701	4.70561591913255	4.705615151485647	4.705614106058382	4.705612682510268	4.705610744383473	4.705608106166235	4.705604515751531	4.705599630669907	4.705592985895015	4.705583950272582	4.705571667578891	4.705554976845817	4.70553230473296	4.705501520240142	4.705459738732218	4.705403057793779	4.705326201481469	4.705222041596068	4.705080953994941	4.704889953837539	4.704631534839892	4.704282112585815	4.703809938673424	4.703172308295792	4.702311825243981	4.701151410617113	4.69958763863131	4.697481846771317	4.694648287616892	4.690838352190076	4.6857195817014965	4.6788477730044296	4.669629943215386	4.65727521360684	4.640729756060428	4.618590762999716	4.588992894129434	4.5494587660694386	4.496702758119274	4.426374786049438	4.332728053273944	4.208193152136481	4.042843198035919	3.823751272523883	3.5343187448333593	3.15405341545794	2.6616724670876617	2.0583964300571447	1.4649436458884129	1.1306907708640959	1.0251919329460017	0.9810089950556588	0.9348593330678919	0.8683110960472438	0.7688860068930639	0.6211354935239212	0.41390214808992665	0.25483383919489533	0.2233181906011854	0.20154633342744172	0.16562071122837557	0.1065134167700822	0.057140231348565496	0.04898075522066053	0.03782963296087967	0.01864781606986667	0.011837316087214535	0.008622198060793486	0.003218278994967182	0.002055559425762885	0.0006433884076250324	1.0847909432376942e-18
4.944262287430708	4.9442622872902335	4.944262287107952	4.944262286870175	4.944262286558472	4.944262286147984	4.944262285605117	4.944262284884411	4.944262283924273	4.944262282641146	4.944262280921597	4.944262278611497	4.944262275501283	4.944262271305884	4.94426226563732	4.944262257967372	4.9442622475766544	4.944262233485186	4.944262214357736	4.944262188374806	4.944262153056833	4.944262105024724	4.944262039673627	4.944261950728531	4.944261829638939	4.944261664754797	4.9442614402053895	4.944261134374321	4.9442607178247036	4.944260150477617	4.944259377779052	4.9442583254931245	4.944256892628667	4.9442549418418515	4.944252286416398	4.944248672606127	4.944243755713161	4.944237067680924	4.944227973237665	4.944215610564523	4.944198811095753	4.944175991177287	4.944145005815102	4.944102951397873	4.944045899793255	4.943968540228691	4.9438636973697525	4.943721683337275	4.943529427184933	4.9432693064212145	4.94291757998091	4.942442288571324	4.941800443898413	4.940934269329758	4.939766176471442	4.938192058760623	4.936072346504488	4.933220087298262	4.92938507775696	4.924232759189698	4.917316178445576	4.9080387765166895	4.895605065419721	4.878955344251183	4.856679437510504	4.826902959169636	4.787137770466963	4.7340860992227665	4.663385318174475	4.56927799685671	4.444190556158651	4.2782064278109155	4.05843433832467	3.7683311724087094	3.387315621974247	2.8926768219718206	2.2767290250281254	1.636525578163245	1.2491925623345095	1.1291495788237564	1.0832376305339955	1.0363675669721244	0.9687129351582447	0.8675813325550032	0.7170804376802051	0.5006219512780093	0.3008062450784282	0.25838859648363055	0.23575212326314968	0.19871374699406724	0.1368959369061206	0.070549553231359	0.05971879642955676	0.04805265544419498	0.026637086812576642	0.014965858525772943	0.011530036516295318	0.004850223865099921	0.002754078970944213	0.0011786850333268852	1.2076923066856864e-18
5.197943607504206	5.197943607361229	5.197943607175917	5.19794360693445	5.1979436066182325	5.197943606202193	5.197943605652461	5.1979436049232195	5.1979436039524005	5.197943602655835	5.1979436009192685	5.197943598587485	5.19794359544948	5.197943591218251	5.197943585503234	5.197943577772739	5.197943567302719	5.19794355310691	5.197943533841602	5.197943507675832	5.197943472114508	5.197943423757469	5.197943357971282	5.197943268442162	5.19794314656699	5.197942980624209	5.197942754645784	5.197942446882927	5.197942027718828	5.197941456829886	5.1979406793288385	5.197939620526472	5.197938178815297	5.1979362160122475	5.1979335442600725	5.197929908260651	5.197924961205725	5.1979182321703306	5.19790908198465	5.197896643534245	5.197879741063552	5.197856781159292	5.197825605588676	5.197783292791868	5.197725890317555	5.1976480544660655	5.197542565355449	5.197399674890375	5.197206230807949	5.196944500926932	5.196590596399265	5.196112359110233	5.195466533699454	5.19459498546089	5.193419646922823	5.191835772136844	5.189702940560356	5.1868330714652915	5.182974471415396	5.177790623951958	5.170832019672302	5.161498787863545	5.14899119249687	5.132244153462949	5.109840800795141	5.079898618335642	5.0399199505042676	4.986596543907907	4.915555499500528	4.821031917610847	4.695452677685472	4.528918933196547	4.3085893514716	4.0180159668789885	3.636684478383203	3.1411450157072225	2.5171227563267173	1.8355794668974577	1.3852539934786394	1.2460764309941308	1.1982884158750682	1.1507766487890407	1.082096797192684	0.9794054319659646	0.8264735849633936	0.6037330672852027	0.36239040546763046	0.299989422658761	0.2763203564370381	0.23827189002259283	0.17429101154762458	0.09078502079172751	0.07304812421733961	0.06090693837232667	0.03806471686583311	0.019094156587588774	0.015362352353841896	0.007882614281413411	0.003697236845756775	0.0019874686771041133	1.4959884767939875e-18
5.459772072985373	5.45977207283985	5.4597720726514565	5.459772072406251	5.459772072085475	5.45977207166385	5.459772071107237	5.45977207036947	5.45977206938803	5.45977206807815	5.459772066324794	5.4597720639717044	5.4597720608065	5.459772056540338	5.459772050780199	5.459772042991098	5.4597720324445635	5.459772018148388	5.4597719987508455	5.459771972410142	5.459771936616533	5.459771887949993	5.459771821750147	5.45977173166668	5.459771609046932	5.459771442102063	5.4597712147725135	5.45977090518497	5.4597704835534335	5.4597699093243435	5.459769127297319	5.459768062357105	5.459766612317239	5.459764638206457	5.4597619510956825	5.459758294229669	5.459753318818197	5.459746551243542	5.459737348675936	5.459724839030318	5.459707839802558	5.459684748420153	5.459653394227587	5.459610838825133	5.45955310694849	5.459474824016175	5.459368728376079	5.459225015487026	5.459030456886774	5.458767217648815	5.458411270566079	5.45793027148372	5.457280715313886	5.456404132784497	5.455222009203264	5.45362900237608	5.451483899263732	5.448597569623244	5.4447169361869765	5.43950366755343	5.4325058895868725	5.4231206760027915	5.410544384492571	5.393707010704739	5.371185594306074	5.341090287054269	5.300914960304703	5.247342222137044	5.175990594413748	5.081089820960786	4.955069944659866	4.78805361958057	4.567256036219299	4.2763425065203915	3.894946889679682	3.3993058874323268	2.7704352637601493	2.054340290204103	1.5350857065604318	1.3721764760569233	1.322394724695628	1.2743167946353922	1.2046890124378455	1.100572314210791	0.9454706760612791	0.7180210642211018	0.439814473842737	0.34679720759051147	0.32183007209701936	0.2828636711996402	0.21701165804461708	0.1192732056159711	0.08851916231221958	0.07591728186575163	0.051950136216867324	0.024355865548249752	0.019961226293563426	0.011908863119129523	0.004825229585468587	0.0029877320143809998	3.708472233170477e-18
5.731160201356794	5.731160201208658	5.7311602010171185	5.731160200768103	5.731160200442701	5.731160200015425	5.731160199451878	5.73116019870556	5.73116019771351	5.731160196390391	5.731160194620413	5.731160192246332	5.731160189054448	5.73116018475417	5.731160178950151	5.731160171104288	5.7311601604839355	5.7311601460912724	5.731160126567025	5.7311601000592205	5.731160064044348	5.731160015083739	5.7311599484917535	5.73115985788383	5.7311597345609	5.731159566671153	5.731159338069416	5.731159026765899	5.731158602816364	5.731158025452333	5.731157239180906	5.731156168488699	5.731154710648438	5.731152725952945	5.731150024472066	5.731146348090435	5.731141346167483	5.731134542572428	5.731125291059556	5.731112714906104	5.731095625311178	5.731072411158078	5.731040890204694	5.730998108347166	5.730940069050974	5.730861368947861	5.730754707459419	5.7306102274580635	5.7304146295177665	5.73014998306657	5.729792132166424	5.729308559673587	5.728655528462104	5.727774258662901	5.7265858208329	5.724984320494233	5.722827811584197	5.719926194692113	5.716025117035866	5.710784577813941	5.7037505329017515	5.694317259619109	5.681677552259066	5.664756933347201	5.642126942920091	5.611891171055609	5.571536014268778	5.5177362158105145	5.446103295475171	5.3508635134742475	5.224452249128687	5.057016355595779	4.835831867756318	4.544689085091222	4.163426825853274	3.6683080047138468	3.037421469452164	2.2948533671896922	1.7019713158078544	1.5089449653307778	1.4570002047574007	1.4084361355625972	1.337937527507337	1.2325261699756203	1.0755109008296988	0.8444800345447657	0.5373377994810603	0.39987809859785883	0.37306402188501825	0.3332624198290509	0.2658017008737479	0.15817113506114594	0.10645673773305675	0.09333969968564435	0.06845198834893121	0.03175678020474525	0.025293798084095345	0.0168066028728531	0.006036472862657461	0.004013936464185439	1.4271664651402925e-17
6.012609864817211	6.012609864666388	6.012609864471618	6.01260986421871	6.012609863888593	6.012609863455585	6.012609862885033	6.012609862130111	6.012609861127436	6.012609859791124	6.012609858004664	6.012609855609866	6.012609852391786	6.012609848058178	6.01260984221149	6.012609834310686	6.012609823619191	6.012609809133922	6.012609789488536	6.012609762821539	6.012609726596567	6.012609677357567	6.012609610395345	6.012609519293448	6.0126093953096085	6.012609226533472	6.012608996740324	6.0126086838321875	6.012608257717843	6.012607677429327	6.012606887202414	6.0126058111543665	6.01260434605626	6.012602351518837	6.012599636683743	6.012595942175183	6.012590915637974	6.012584078613029	6.012574781690359	6.0125621438522785	6.01254497046672	6.012521642507205	6.012489967007152	6.012446975330142	6.012388651263621	6.012309564815226	6.012202379416412	6.012057189337559	6.0118606295942545	6.011594681296012	6.011235069699936	6.010749118116457	6.0100928755676675	6.009207276178773	6.008013008980807	6.006403672065148	6.004236646846432	6.00132094625917	5.997401051665567	5.992135440000226	5.9850680937611225	5.975590754899461	5.962892997617178	5.945896317513497	5.923167327395898	5.892803781650469	5.852285515726521	5.798280548945144	5.726394788243484	5.6308525883754434	5.504096232929308	5.336298122583746	5.114796604194759	4.823511488571773	4.442515899461288	3.948323597136393	3.3175839093623285	2.5572308404682897	1.8892323858479565	1.6574006311987033	1.6030537083934933	1.5540863144186385	1.4827931724501056	1.3762123684455372	1.2175281102768418	0.9836613175108442	0.6572823749962133	0.4604384566587663	0.4305881996244796	0.39002180542487563	0.3212089546165164	0.20779518312082898	0.1271928726105998	0.11329726865025003	0.08766855752686675	0.04327711766578283	0.031205805468149383	0.02238080080459844	0.0074796410321292155	0.004766085729905624	2.7810451945309885e-17
6.303928405183022	6.303928405029433	6.303928404831351	6.303928404574461	6.3039284042395405	6.303928403800712	6.303928403223078	6.303928402459497	6.303928401446183	6.303928400096722	6.3039283982939205	6.3039283958786925	6.303928392634915	6.30392838826878	6.303928382380675	6.303928374426809	6.30392836366694	6.30392834909308	6.303928329332309	6.303928302514297	6.303928266090776	6.3039282165896	6.303928149279806	6.303928057715471	6.303927933114466	6.303927763512455	6.303927532611471	6.303927218213925	6.303926790093275	6.303926207098006	6.303925413214479	6.303924332220396	6.303922860425632	6.303920856814456	6.303918129675761	6.303914418476086	6.303909369286147	6.303902501508995	6.303893162830679	6.3038804682919505	6.303863217910511	6.303839785404943	6.303807967973505	6.303764783656236	6.303706198205897	6.303626757238311	6.303519091226344	6.3033732499537996	6.303175808462606	6.302908667120194	6.302547442648282	6.302059312718226	6.30140013131651	6.300510571979335	6.299310976481841	6.297694481588243	6.295517858053035	6.292589313929594	6.288652275149886	6.283363843334122	6.276266222580878	6.266748877255385	6.253998500171807	6.236932999837548	6.214114621936453	6.183635978673289	6.142971176297487	6.088782483648965	6.0166713175973365	5.920861363926317	5.793802900097002	5.62569413634534	5.403934472096729	5.112571340430234	4.731919460192436	4.2388588890155114	3.6096596300447676	2.8395894893086764	2.10010677846472	1.818257273138188	1.7611721017656634	1.7118845132687852	1.6398712139941582	1.5322426475162791	1.3721111887508524	1.1359625004536846	0.7985621791727947	0.5305420174617869	0.49499012758506167	0.45372322506457075	0.3837875233136128	0.26691550638109035	0.15175417821477247	0.13609801921443743	0.10989514474648569	0.06090418861879738	0.037776027131966025	0.028705405287699045	0.010292584115055386	0.005166468850914204	3.4205010699019396e-17
6.604145084935758	6.604145084779332	6.60414508457786	6.604145084316909	6.604145083977105	6.604145083532384	6.604145082947611	6.604145082175339	6.604145081151393	6.604145079788861	6.6041450779699025	6.604145075534585	6.604145072265674	6.604145067867913	6.604145061939754	6.604145053934858	6.60414504310958	6.6041450284514	6.604145008581341	6.604144981620946	6.604144945011025	6.604144895264687	6.604144827631058	6.604144735637274	6.604144610464795	6.604144440100049	6.604144208178342	6.604143892411401	6.60414346244948	6.604142876974041	6.604142079744783	6.604140994230853	6.604139516322931	6.604137504436486	6.604134766086231	6.6041310396875925	6.604125969883342	6.604119074136317	6.6041096974992195	6.604096951437722	6.604079631119143	6.604056103686158	6.604024157423844	6.603980798301795	6.603921975739316	6.603842213268647	6.60373411153474	6.6035876800791895	6.603389439720857	6.603121217873433	6.602758533268858	6.602268432203504	6.601606592918027	6.6007134544149855	6.599509046363993	6.597886091524058	6.595700813489394	6.59276070026021	6.588808234958726	6.583499292248516	6.576374491677187	6.566821271396203	6.554023767145677	6.53689671760609	6.513998534990784	6.483417358409938	6.4426223640182005	6.388270946640283	6.315960894450398	6.219915991631516	6.092595058770456	5.924221769083325	5.702253523582821	5.410858134887676	5.030583966495501	4.538712645113953	3.9117564972793573	3.138342241829367	2.3369058205701436	1.991804067166454	1.9315097812975075	1.8819815330893317	1.809321079650113	1.7007634494282706	1.539380717768381	1.3014237359267342	0.9579775170204752	0.6139845236832205	0.5668213195061401	0.5249167479936562	0.4540268821025674	0.3347954535567943	0.18310165760822805	0.16223883007917336	0.1355664732477072	0.08432048937088456	0.045345214780445904	0.03606838378182248	0.015803524110165296	0.0053886978611359555	3.7426603357216615e-17
6.91964569247608	6.91964569231668	6.919645692111667	6.919645691846486	6.919645691501618	6.91964569105081	6.919645690458697	6.9196456896775365	6.91964568864278	6.919645687267037	6.9196456854318455	6.919645682976479	6.91964567968266	6.9196456752537685	6.9196456692864645	6.919645661232039	6.919645650343709	6.919645635604788	6.919645615630745	6.919645588535699	6.9196455517505076	6.919645501774895	6.919645433839912	6.9196453414482955	6.919645215748562	6.91964504468267	6.9196448118257665	6.919644494807914	6.919644063168427	6.9196434754384395	6.919642675173957	6.919641585567085	6.919640102131876	6.919638082773358	6.919635334312044	6.919631594220276	6.919626505861491	6.919619584959355	6.919610174208599	6.919597381872939	6.919579998779478	6.919556386187191	6.919524324410246	6.919480808630275	6.919421773675706	6.919341723362976	6.9192332317251095	6.919086272426682	6.9188873179836765	6.9186181308763	6.918254142695172	6.917762283022923	6.9170980741137935	6.9162017470258945	6.914993055011407	6.913364354614338	6.911171386130615	6.908221002661872	6.904254857798017	6.898927749372955	6.891778909953813	6.882194008307792	6.869354950671307	6.852173713860571	6.8292053746075725	6.798534203453556	6.757625185516722	6.7031317215255015	6.630648869676534	6.534401081437699	6.406855568209178	6.238260432517099	6.016127993798878	5.724736842132681	5.34485057882785	4.854143627833863	4.229663569553209	3.45756195329136	2.6107616214543246	2.1842155737505764	2.1197613431459024	2.070070901983212	1.9968363886316645	1.8874650906355328	1.7250162154818416	1.4856780047700693	1.1388234146190823	0.7249647305930775	0.6493507894626365	0.6068668278794054	0.5351464811071538	0.41438929559130183	0.23245091357193604	0.19322266800967883	0.1661259686922414	0.11369645456765325	0.0545870471136575	0.04495596828225646	0.02394161240567358	0.005479304163449181	3.884132515718182e-17
7.242155837168307	7.24215583700587	7.2421558367972505	7.242155836527776	7.2421558361777825	7.2421558357208395	7.242155835121357	7.242155834331312	7.242155833285799	7.242155831896978	7.242155830045814	7.242155827570829	7.242155824252793	7.242155819793824	7.242155813788945	7.24215580568729	7.24215579473923	7.242155779924315	7.242155759853006	7.242155732632773	7.242155695685571	7.242155645499185	7.2421555772885835	7.242155484534817	7.242155358357167	7.24215518665819	7.242154952959832	7.24215463482006	7.242154201680256	7.242153611938892	7.242152808972505	7.242151715729395	7.24215022739202	7.24214820141631	7.242145444012842	7.2421416918247505	7.242136587092057	7.242129644011125	7.242120203207253	7.242107370134491	7.2420899318141645	7.2420662443462165	7.242034081060427	7.241990427689532	7.241931206287735	7.241850903419934	7.241742069847192	7.241594647880223	7.241395067852369	7.241125035583072	7.240759906692763	7.240266509113822	7.2396002294015815	7.2387011179373575	7.23748868811991	7.235854979145466	7.233655313016019	7.230695993863428	7.226717958424201	7.221375074169995	7.214205375526339	7.204593004249391	7.191717947879055	7.17448981876718	7.151460855925857	7.120712050476456	7.079704830656253	7.025089226902757	6.952458179488284	6.8560373288152405	6.728301990828567	6.559522164607577	6.337259683604855	6.045893838675369	5.6663784536362165	5.17673927964519	4.554583958746791	3.785620119294948	2.9111275163862866	2.390520472409596	2.3206507749237435	2.2708559789614364	2.1971205880357263	2.0870493103210648	1.923698949893184	1.6832839128286412	1.334308710308066	0.8702011729252299	0.7405256013613696	0.6975196327811087	0.6250780274412109	0.5033398462988699	0.30500626837374956	0.2285058732024584	0.20102399958271433	0.14801296522968146	0.06664881439504163	0.055302056574435605	0.03399026592888052	0.005553881781637527	3.867617021364307e-17
7.578027964901769	7.578027964736167	7.578027964523798	7.578027964249877	7.578027963894592	7.578027963431341	7.578027962824313	7.578027962025219	7.578027960968812	7.578027959566824	7.578027957699679	7.57802795520521	7.578027951863292	7.578027947374897	7.578027941333553	7.578027933186436	7.578027922181361	7.5780279072945005	7.578027887131865	7.578027859795027	7.578027822698086	7.578027772318338	7.578027703856667	7.578027610775174	7.578027484167633	7.578027311902309	7.578027077454997	7.578026758321233	7.5780263238577055	7.5780257323481495	7.578024927014175	7.578023830594093	7.578022337984671	7.5780203062550315	7.578017541091652	7.578013778424663	7.578008659529181	7.578001697290866	7.5779922305591665	7.577979362379669	7.577961876512632	7.577938124639459	7.57790587411409	7.577862102588744	7.57780272120151	7.5777222017880606	7.5776130752577755	7.577465257200445	7.5772651420356425	7.576994387395406	7.576628284361186	7.576133574602258	7.575465529645095	7.57456404686742	7.573348436739853	7.571710470173798	7.569505115780314	7.566538214175072	7.562550097276146	7.5571938484590975	7.550006494149307	7.540370894226558	7.52746542854438	7.510197728706372	7.487117654033376	7.456303454388359	7.415213639656047	7.36049558956035	7.287740696906897	7.191175776609546	7.0632835537854275	6.894354218316254	6.67199287455193	6.3806659268702255	6.001496028072524	5.512807632078698	4.892705495856965	4.12726021991147	3.24215744668851	2.617947622585874	2.5399672326596416	2.490110211201811	2.415948760231903	2.3052904403697023	2.1411954540633586	1.8999612294435935	1.54992001465253	1.0630075482904344	0.8437589399622015	0.800268571466491	0.7272113466670663	0.604777062703175	0.40134301197484706	0.26958766614950175	0.24175739295853824	0.188444626873316	0.0898904169416335	0.06761391283536522	0.04622185852080983	0.006274555810138908	3.884083212110812e-17
7.927352251095201	7.9273522509263	7.927352250710034	7.927352250431502	7.927352250070751	7.927352249601006	7.927352248986251	7.927352248177928	7.927352247110476	7.927352245695223	7.927352243812082	7.92735224129825	7.927352237932785	7.92735223341562	7.9273522273389325	7.927352219148159	7.927352208088841	7.927352193134186	7.927352172886315	7.927352145441681	7.927352108207611	7.9273520576524055	7.927351988964923	7.927351895591133	7.9273517686031605	7.927351595840257	7.927351360739295	7.927351040743386	7.927350605138167	7.927350012111186	7.927349204754404	7.927348105630985	7.927346609399543	7.9273445728066445	7.927341801103072	7.927338029626374	7.927332898849853	7.927325920572628	7.92731643217081	7.927303534696354	7.927286009209396	7.927262203738208	7.927229880700061	7.927186011075892	7.927126497001745	7.927045798178604	7.926936429177008	7.9267882836170385	7.926587726421613	7.926316375684037	7.925949469584516	7.925453679150554	7.924784181775325	7.923880749709445	7.922662527533671	7.921021066913728	7.91881104776126	7.915837932244544	7.911841558937074	7.906474372430228	7.899272578749729	7.889617994456439	7.876687689760317	7.859387684224516	7.836265913172334	7.8053984359785415	7.764241446202204	7.709440211874334	7.636584968320589	7.539903868012961	7.411886259687331	7.242839184606633	7.020404691435209	6.729123845436484	6.3502591622151785	5.862391459487592	5.244025564554016	4.481601998112769	3.595583416533101	2.8703945066258996	2.778739886298226	2.7288338930445644	2.654323596407422	2.543190985612125	2.378502717117072	2.1366547811026115	1.786208171003603	1.2919047545270206	0.9601624038912543	0.9161450365323199	0.8425830011446811	0.7195957330417572	0.5148758878364552	0.3172588364176076	0.28906407637812487	0.23545870581545122	0.13216356330316137	0.0823755463492528	0.06085452512969153	0.013384346549410406	3.9189471243887725e-17
8.287704650537188	8.287704650364878	8.287704650144594	8.28770464986132	8.287704649494971	8.287704649018602	8.287704648395989	8.287704647578337	8.287704646499773	8.28770464507125	8.28770464317222	8.28770464063929	8.28770463725079	8.287704632705719	8.28770462659507	8.287704618362758	8.287704607252364	8.287704592234547	8.28770457190814	8.287704544365274	8.287704507007641	8.287704456296087	8.287704387409583	8.287704293780902	8.287704166464518	8.287703993276129	8.287703757621165	8.28770343690061	8.287703000343198	8.287702406059468	8.287701597037808	8.287700495702117	8.287698996521996	8.28769695598782	8.287694179005554	8.287690400444642	8.287685260144519	8.28767826904864	8.287668763371688	8.287655842598785	8.287638285667173	8.287614437739903	8.287582057363757	8.287538110295761	8.287478491632086	8.287397651593018	8.287288091995748	8.28713968932711	8.2869387855246	8.286666967891604	8.286299433431576	8.285802798213995	8.28513216643757	8.284227213096214	8.28300695389718	8.281362770239198	8.279149117857887	8.276171165062083	8.272168367422276	8.266792673922414	8.259579654548762	8.249910317492134	8.23696071960409	8.219635637717166	8.19648152971963	8.165572772228417	8.124363787921872	8.069498278820074	7.996565705347283	7.899795445157325	7.771682245397565	7.602546886307046	7.380061274293956	7.088825865038739	6.710217102592967	6.22302134944902	5.606074509705543	4.846069027382692	3.961358332137984	3.1521927987791676	3.0358823013789498	2.985914927678537	2.9111352569119986	2.799640350482765	2.634506081351461	2.3922236450407603	2.0417048489827856	1.5455726676424695	1.0906708909301601	1.0456106175234223	0.9716592869257905	0.8482444015937006	0.6439297189943655	0.3724116187524978	0.34254738594621104	0.2886817328757614	0.18561100581687412	0.09912835818580554	0.07747121348555033	0.0293983807479184	3.953757253339334e-17
8.662042090423453	8.662042090247603	8.66204209002316	8.66204208973499	8.662042089362876	8.66204208887971	8.662042088249075	8.662042087421934	8.662042086332134	8.662042084890277	8.662042082975388	8.66204208042355	8.662042077012437	8.66204207244023	8.662042066296898	8.66204205802506	8.662042046866642	8.662042031790202	8.662042011391861	8.662041983760277	8.662041946292636	8.662041895443918	8.66204182638539	8.662041732539613	8.662041604947516	8.662041431406815	8.662041195299166	8.662040873993943	8.662040436677454	8.662039841402937	8.662039031081923	8.662037928035707	8.662036426595309	8.6620343830631	8.662031602093053	8.66202781821433	8.662022670804737	8.662015670188039	8.662006151737764	8.661993213807687	8.661975633803241	8.661951754825726	8.6619193326369	8.661875329242633	8.661815634688569	8.661734692398065	8.66162499505287	8.661476406877224	8.661275253370365	8.661003099834305	8.660635113871122	8.660137872317339	8.659466427101094	8.658560383722115	8.657338665760726	8.65569253300652	8.653476281407338	8.650494870086884	8.646487481691063	8.641105711573976	8.63388467677128	8.624204811257407	8.611241452358598	8.593898498359271	8.570721363164013	8.539783232720753	8.498537310517348	8.443626215812293	8.370638960163317	8.27380590598192	8.145625948618584	7.9764300853265455	7.753912326670938	7.462717229640317	7.084306038712906	6.597620408403187	5.981756021066546	5.22364372520335	4.339803530670769	3.4757653039692302	3.3141964554460697	3.2641473254745406	3.1891791911102847	3.077434061288147	2.911999643115231	2.669450947254711	2.3190343923814587	1.8240996220272512	1.245798748492612	1.1923215393541993	1.1181009548877556	0.9943989906741246	0.7905886545758258	0.46086673597977107	0.4024824834961289	0.34842563444695873	0.2463386195656056	0.11813376041133011	0.09636980958617612	0.04929257437592715	3.9806473182632113e-17
9.057604449188476	9.057604449008924	9.057604448780138	9.057604448486876	9.05760444810878	9.057604447618587	9.057604446979694	9.057604446142834	9.057604445041587	9.057604443586232	9.0576044416554	9.05760443908471	9.057604435651253	9.057604431052514	9.057604424877594	9.057604416568036	9.057604405364437	9.057604390233678	9.05760436976978	9.057604342058767	9.057604304494474	9.057604253527627	9.057604184324	9.057604090299014	9.057603962484231	9.057603788665098	9.057603552207295	9.057603230459343	9.057602792579912	9.057602196585147	9.057601385337074	9.057600281091759	9.057598778093183	9.057596732525628	9.057593948885646	9.057590161492383	9.057585009438096	9.057578002666018	9.057568476035062	9.057555527207683	9.05753793265743	9.057514034233325	9.057481586007812	9.057437547719173	9.05737780636258	9.057296801262286	9.057187019598267	9.057038318213538	9.056837012713581	9.0565646551578	9.056196395457373	9.055698786857931	9.055026849888664	9.054120148381292	9.052897550797294	9.051250244124052	9.049032428358773	9.046048937088887	9.04203879002515	9.036653372018991	9.02942752923224	9.019741352491666	9.006769753731486	8.98941610973157	8.966225213881936	8.935269566071717	8.894001649655866	8.839063497114513	8.766043904002244	8.669173982909644	8.540955283430977	8.37172540382679	8.149192298389593	7.85802838089011	7.479748785487217	6.99339613466094	6.378244774219724	5.621460035044931	4.738734358809978	3.8471632619325056	3.6212654478324016	3.5711450395850806	3.4960699275324174	3.3841868452129793	3.2185979684810007	2.9759478580577325	2.6257511766608026	2.132597034591211	1.4635882526221318	1.3608332490636914	1.2864673396890771	1.1626362482845487	0.9592346448711894	0.6244990085642932	0.4730782069864541	0.41892589150088505	0.3173124797468335	0.14010230424247605	0.11819149851381465	0.07148400250695705	3.9955129618488126e-17
9.657737244573777	9.65773724439078	9.657737244157962	9.657737243859982	9.657737243476364	9.657737242979701	9.657737242333232	9.657737241487498	9.65773724037585	9.6577372389083	9.657737236963168	9.65773723437569	9.657737230922521	9.657737226300613	9.657737220098431	9.657737211756753	9.65773720051525	9.657737185339686	9.657737164822732	9.657737137048764	9.657737099409633	9.65773704835363	9.657736979043536	9.657736884891003	9.65773675692281	9.657736582918348	9.657736346235694	9.657736024213902	9.657735585999582	9.657734989593022	9.657734177835387	9.657733072956226	9.657731569165394	9.657729522601125	9.657726737699484	9.65772294870188	9.657717794595184	9.657710785183324	9.657701255140722	9.657688301882319	9.657670701555935	9.657646795570084	9.65761433740848	9.657570286030294	9.6575105273783	9.657429499368416	9.657319687310682	9.657170945530025	9.656969586295025	9.656697157185185	9.656328802162127	9.655831066529622	9.655158960299506	9.654252033375013	9.653029135783882	9.651381430223088	9.649163084898458	9.646178891842409	9.642167816836007	9.636781175327592	9.629553724540433	9.619865443819092	9.606891106734299	9.589533922684868	9.566338490360739	9.535377095987878	9.494102013536052	9.439155125286081	9.366125239253707	9.26924384877668	9.141013630067398	8.97177478188595	8.749240684090976	8.45809452431078	8.079872361877126	7.593657452158018	6.978800205299701	6.222604298108666	5.340839885753121	4.438406882238271	4.117155422948845	4.067013570392945	3.991911402685875	3.8799993854130057	3.7143946832086456	3.471791828591651	3.1218794773920995	2.630080011606019	1.962513912901553	1.6416935027149402	1.5673039437830312	1.4435010458094049	1.2404888328785393	0.9127174555444982	0.5315351814570882	0.4773904850070006	0.3760973123612075	0.18282796280916663	0.13510893219316786	0.08859559413720658	3.997094320966726e-17