0.00006514117862414612	0.00006514117862414585	0.00006514117862414546	0.0000651411786241449	0.0000651411786241441	0.00006514117862414291	0.00006514117862414115	0.0000651411786241385	0.0000651411786241345	0.00006514117862412838	0.00006514117862411895	0.00006514117862410428	0.00006514117862408137	0.00006514117862404553	0.00006514117862398944	0.00006514117862390173	0.00006514117862376458	0.00006514117862354988	0.00006514117862321319	0.00006514117862268452	0.00006514117862185435	0.00006514117862055123	0.00006514117861850534	0.00006514117861529166	0.0000651411786102441	0.00006514117860231869	0.00006514117858987434	0.00006514117857033852	0.00006514117853968106	0.00006514117849158157	0.0000651411784161496	0.00006514117829789826	0.00006514117811261276	0.00006514117782243689	0.00006514117736825011	0.00006514117665778343	0.00006514117554715195	0.00006514117381218585	0.00006514117110395606	0.00006514116687987993	0.00006514116029713667	0.00006514115004799315	0.0000651411341057563	0.00006514110933344824	0.0000651410708819852	0.00006514101126625714	0.00006514091894924549	0.00006514077617640215	0.00006514055566992095	0.00006514021559342909	0.00006513969189927377	0.0000651388867251984	0.00006513765084439399	0.00006513575719019137	0.0000651328610248923	0.00006512844018615928	0.0000651217057141792	0.00006511146859549522	0.00006509594172583395	0.00006507244660468698	0.00006503698048227079	0.0000649835799474289	0.00006490338888353708	0.00006478329906797433	0.00006460397612217089	0.00006433700649302429	0.00006394079630329356	0.0000633547152918629	0.0000624908139587267	0.0000612222970636611	0.00005936801959601095	0.00005667336917976184	0.00005279287394021797	0.00004729839870093777	0.00003979456413269997	0.000030331116881417893	0.00002013818112297523	0.000011508142402710714	5.852582985210131e-6	2.7951923313951224e-6	1.3123110167720196e-6	6.07004496873492e-7	2.53315775846587e-7	8.829790762467525e-8	2.7493367970191384e-8	8.28469086108261e-9	2.2163720494808483e-9	4.823272605082035e-10	9.70649547533494e-11	1.6830086428197624e-11	2.364205779028664e-12	2.9763366730996707e-13	2.8910021625025864e-14	2.367257059992512e-15	1.3620126297479309e-16	6.0427017957005085e-18	2.0668440713985875e-19	5.340679731844332e-21	1.0189249937767046e-22	1.3873623583306744e-24	2.748683780209696e-40
0.00006514234732084436	0.00006514234732084409	0.0000651423473208437	0.00006514234732084314	0.00006514234732084233	0.00006514234732084114	0.00006514234732083937	0.00006514234732083673	0.00006514234732083273	0.00006514234732082662	0.00006514234732081719	0.00006514234732080251	0.00006514234732077961	0.00006514234732074376	0.00006514234732068767	0.00006514234732059995	0.0000651423473204628	0.0000651423473202481	0.00006514234731991142	0.00006514234731938273	0.00006514234731855256	0.00006514234731724943	0.00006514234731520354	0.00006514234731198983	0.00006514234730694223	0.00006514234729901678	0.00006514234728657232	0.00006514234726703638	0.00006514234723637871	0.00006514234718827888	0.00006514234711284638	0.00006514234699459421	0.00006514234680930744	0.00006514234651912953	0.00006514234606493961	0.00006514234535446797	0.00006514234424382875	0.00006514234250885055	0.00006514233980060183	0.00006514233557649616	0.0000651423289937068	0.00006514231874449138	0.00006514230280214246	0.00006514227802965988	0.00006514223957792527	0.00006514217996177501	0.00006514208764410754	0.00006514194487024645	0.00006514172436218742	0.00006514138428325197	0.00006514086058531624	0.00006514005540539897	0.00006513881951557755	0.00006513692584747408	0.00006513402966077244	0.00006512960878913033	0.00006512287426661802	0.00006511263707045207	0.00006509711008216236	0.00006507361477966876	0.00006503814838046926	0.00006498474742387754	0.00006490455571843545	0.00006478446492868447	0.00006460514050626528	0.00006433816864312755	0.00006394195508002616	0.00006335586898472994	0.00006249196000463107	0.00006122343162901781	0.00005936913695383489	0.00005667446077329449	0.000052793926944031956	0.00004729939371453628	0.00003979547135405482	0.00003033189105335307	0.000020138766411299505	0.000011508514268294237	5.852784408668009e-6	2.7952925948551752e-6	1.3123607962519963e-6	6.070302655961863e-7	2.5332852919872363e-7	8.830293485904434e-8	2.7495034300179245e-8	8.285249361828696e-9	2.216552583839402e-9	4.823708495261251e-10	9.707468590486397e-11	1.6832135042388463e-11	2.3645223638443093e-12	2.9768273729865434e-13	2.891618088555297e-14	2.3678545925072453e-15	1.362322069988659e-16	6.044077322464775e-18	2.0673143004812155e-19	5.341893335529919e-21	1.0191561073321102e-22	1.3876762685522045e-24	2.7493041142246685e-40
0.00006514585223416056	0.00006514585223416029	0.0000651458522341599	0.00006514585223415934	0.00006514585223415854	0.00006514585223415735	0.00006514585223415559	0.00006514585223415295	0.00006514585223414895	0.00006514585223414282	0.00006514585223413339	0.00006514585223411871	0.00006514585223409581	0.00006514585223405996	0.00006514585223400387	0.00006514585223391616	0.000065145852233779	0.0000651458522335643	0.0000651458522332276	0.00006514585223269891	0.00006514585223186872	0.00006514585223056556	0.00006514585222851962	0.00006514585222530586	0.00006514585222025815	0.00006514585221233252	0.0000651458521998878	0.00006514585218035146	0.00006514585214969314	0.0000651458521015923	0.00006514585202615823	0.0000651458519079036	0.00006514585172261294	0.000065145851432429	0.00006514585097822959	0.00006514585026774312	0.0000651458491570807	0.0000651458474220662	0.00006514584471376075	0.00006514584048956648	0.00006514583390663884	0.00006514582365720776	0.00006514580771452273	0.00006514578294151677	0.00006514574448896775	0.00006514568487155129	0.00006514559255191701	0.00006514544977500374	0.00006514522926221283	0.00006514488917594901	0.00006514436546667591	0.00006514356026923882	0.00006514232435237542	0.00006514043064258343	0.00006513753439169566	0.00006513311342135936	0.00006512637874730126	0.00006511614131876739	0.00006510061397471181	0.0000650771181283609	0.00006504165089909022	0.0000649882486776736	0.00006490805504822672	0.00006478796133689198	0.0000646086324861124	0.00006434165392325069	0.00006394543024343404	0.00006335932890166013	0.00006249539698837306	0.0000612268341826768	0.00005937248790222211	0.00005667773445475031	0.000052797084895188355	0.00004730237775343748	0.000039798192104624384	0.00003033421278963309	0.000020140521686936607	0.000011509629490607683	5.853388476225294e-6	2.795593284278529e-6	1.31251008456821e-6	6.071075458173501e-7	2.533667764135891e-7	8.83180115001527e-8	2.7500031612289778e-8	8.286924301704049e-9	2.217094005132266e-9	4.825015726894437e-10	9.710386956096293e-11	1.6838278822180142e-11	2.3654717995171707e-12	2.978298978553971e-13	2.893465246528103e-14	2.3696465883868536e-15	1.363250079130751e-16	6.048202517718721e-18	2.0687245142482725e-19	5.3455329245906436e-21	1.0198492152865676e-22	1.3886176831358104e-24	2.751164491645817e-40
0.00006515168983494412	0.00006515168983494385	0.00006515168983494345	0.0000651516898349429	0.0000651516898349421	0.0000651516898349409	0.00006515168983493914	0.0000651516898349365	0.0000651516898349325	0.00006515168983492638	0.00006515168983491695	0.00006515168983490227	0.00006515168983487936	0.00006515168983484352	0.00006515168983478742	0.0000651516898346997	0.00006515168983456255	0.00006515168983434785	0.00006515168983401112	0.00006515168983348241	0.0000651516898326522	0.000065151689831349	0.00006515168982930297	0.0000651516898260891	0.00006515168982104122	0.00006515168981311532	0.00006515168980067017	0.00006515168978113313	0.00006515168975047374	0.00006515168970237122	0.00006515168962693454	0.0000651516895086758	0.00006515168932337869	0.00006515168903318466	0.00006515168857896948	0.00006515168786845829	0.0000651516867577572	0.00006515168502268224	0.00006515168231428232	0.00006515167808994048	0.00006515167150678254	0.00006515166125699226	0.00006515164531374747	0.00006515162053986979	0.00006515158208596432	0.00006515152246643895	0.00006515143014352886	0.000065151287361532	0.00006515106684085989	0.0000651507267423904	0.00006515020301423433	0.00006514939778761715	0.00006514816182571405	0.00006514626804648781	0.00006514337168869498	0.00006513895055397878	0.00006513221562751393	0.00006512197781196017	0.00006510644987535951	0.00006508295312318823	0.00006504748451139428	0.00006499408018335131	0.00006491388334938239	0.0000647937847720102	0.0000646144485455845	0.00006434745882401205	0.0000639512182943222	0.00006336509155881042	0.0000625011214492014	0.00006123250129855497	0.000059378069067051625	0.000056683186927809554	0.000052802344613898026	0.00004730734781296713	0.00003980272364484346	0.000030338079752466322	0.000020143445182472758	0.000011511486946716717	5.85439457963716e-6	2.7960940968964226e-6	1.3127587313999802e-6	6.072362597223511e-7	2.5343047897948e-7	8.834312236710075e-8	2.7508354874653296e-8	8.289713994186189e-9	2.2179957681940926e-9	4.827192983710147e-10	9.715247633617842e-11	1.6848511581307194e-11	2.367053130046006e-12	2.9807500080198883e-13	2.896541776489502e-14	2.3726312432433872e-15	1.3647957227476648e-16	6.0550732277404035e-18	2.0710732927340343e-19	5.3515948342688346e-21	1.0210036197391185e-22	1.3901856541568078e-24	2.754263039230775e-40
0.00006515985424522588	0.00006515985424522561	0.00006515985424522522	0.00006515985424522466	0.00006515985424522385	0.00006515985424522266	0.0000651598542452209	0.00006515985424521825	0.00006515985424521426	0.00006515985424520814	0.0000651598542451987	0.00006515985424518403	0.00006515985424516112	0.00006515985424512527	0.00006515985424506918	0.00006515985424498145	0.00006515985424484429	0.00006515985424462957	0.00006515985424429283	0.0000651598542437641	0.00006515985424293384	0.00006515985424163058	0.00006515985423958446	0.00006515985423637042	0.00006515985423132229	0.000065159854223396	0.00006515985421095024	0.00006515985419141225	0.00006515985416075136	0.0000651598541126465	0.00006515985403720615	0.00006515985391894165	0.00006515985373363555	0.00006515985344342741	0.00006515985298919016	0.0000651598522786444	0.00006515985116788925	0.00006515984943272973	0.00006515984672419766	0.00006515984249964945	0.00006515983591616942	0.00006515982566587678	0.00006515980972184905	0.0000651597849467522	0.00006515974649094964	0.00006515968686847477	0.00006515959454098315	0.00006515945175187646	0.00006515923122018179	0.00006515889110464153	0.00006515836735007594	0.00006515756208264777	0.00006515632605775259	0.00006515443218141631	0.00006515153567410712	0.00006514711430949085	0.00006514037903001242	0.00006513014067317651	0.00006511461190784819	0.00006509111388880558	0.00006505564334342837	0.00006500223606907878	0.00006492203475329729	0.00006480192937033356	0.00006462258282840275	0.00006435557750036864	0.00006395931340461407	0.00006337315115367354	0.00006250912762306925	0.00006124042727034698	0.000059385874828563555	0.00005669081270229404	0.000052809700804070085	0.00004731429888869657	0.00003980906141183517	0.000030343488048148987	0.00002014753395419576	0.000011514084766320489	5.855801705842757e-6	2.7967945284330025e-6	1.3131064863810248e-6	6.074162777071977e-7	2.5351957275331234e-7	8.837824217537403e-8	2.751999570645013e-8	8.293615630291261e-9	2.219256965025919e-9	4.830238073395327e-10	9.722045728760799e-11	1.686282301624858e-11	2.3692647631650163e-12	2.984177993405389e-13	2.9008445806346105e-14	2.376805551782404e-15	1.366957444507297e-16	6.064682534307236e-18	2.074358270917663e-19	5.360072960735293e-21	1.0226181583023341e-22	1.3923786028012885e-24	2.7585966370047784e-40
0.00006518667631977163	0.00006518667631977135	0.00006518667631977098	0.0000651866763197704	0.0000651866763197696	0.00006518667631976841	0.00006518667631976665	0.00006518667631976401	0.00006518667631976001	0.00006518667631975389	0.00006518667631974445	0.00006518667631972978	0.00006518667631970686	0.000065186676319671	0.0000651866763196149	0.00006518667631952717	0.00006518667631938997	0.00006518667631917522	0.00006518667631883844	0.00006518667631830962	0.00006518667631747922	0.00006518667631617575	0.0000651866763141293	0.00006518667631091475	0.00006518667630586581	0.00006518667629793826	0.00006518667628549051	0.0000651866762659494	0.00006518667623528361	0.00006518667618717111	0.00006518667611171874	0.00006518667599343539	0.00006518667580809972	0.00006518667551784527	0.00006518667506353549	0.0000651866743528762	0.00006518667324194345	0.00006518667150650617	0.00006518666879754009	0.00006518666457231403	0.00006518665798777608	0.00006518664773583347	0.00006518663178923426	0.0000651866070101328	0.00006518656854809899	0.00006518650891593635	0.00006518641657339666	0.0000651862737609376	0.00006518605319303919	0.00006518571302142949	0.0000651851891801212	0.00006518438377864801	0.00006518314754685325	0.0000651812533515559	0.0000651783563531547	0.00006517393423342321	0.00006516719779445773	0.00006515695765975889	0.00006514142617243831	0.00006511792399229654	0.00006508244709597016	0.0000650290301443223	0.00006494881410777776	0.00006482868637144293	0.00006464930594757794	0.00006438224935906146	0.00006398590785884842	0.00006339962895338962	0.00006253542995624016	0.00006126646617262651	0.000059411518888726	0.00005671586557691624	0.00005283386820067442	0.00004733713564351454	0.0000398298836878481	0.00003036125734938391	0.000020160968858998627	0.000011522621453154263	5.860425940966422e-6	2.799096417623023e-6	1.3142493675926085e-6	6.080079331914341e-7	2.538124420288155e-7	8.84937125494689e-8	2.7558272842564073e-8	8.306445903152643e-9	2.223405690743699e-9	4.840257800814625e-10	9.744414083075393e-11	1.6909909620717574e-11	2.37651681640156e-12	2.9951747303127235e-13	2.9134825600574865e-14	2.390978150024535e-15	1.37409609478429e-16	6.0964157103242244e-18	2.0852061848908115e-19	5.388069440299898e-21	1.0279495355746401e-22	1.3996197047547442e-24	2.7729056770875427e-40
0.00006522505990552012	0.00006522505990551985	0.00006522505990551946	0.0000652250599055189	0.0000652250599055181	0.00006522505990551691	0.00006522505990551515	0.0000652250599055125	0.00006522505990550849	0.00006522505990550238	0.00006522505990549293	0.00006522505990547826	0.00006522505990545534	0.00006522505990541948	0.00006522505990536336	0.0000652250599052756	0.00006522505990513839	0.00006522505990492358	0.00006522505990458672	0.00006522505990405777	0.00006522505990322718	0.00006522505990192341	0.00006522505989987651	0.00006522505989666121	0.00006522505989161113	0.00006522505988368175	0.00006522505987123117	0.0000652250598516856	0.00006522505982101283	0.00006522505977288937	0.00006522505969741982	0.00006522505957910948	0.0000652250593937315	0.00006522505910341078	0.0000652250586489972	0.00006522505793817546	0.00006522505682698854	0.0000652250550911538	0.0000652250523815666	0.00006522504815537056	0.0000652250415693187	0.000065225031315015	0.00006522501536473595	0.00006522499057990383	0.00006522495210895296	0.00006522489246292698	0.00006522480009885326	0.0000652246572529766	0.00006522443663327015	0.00006522409638142419	0.00006522357241598585	0.00006522276682269216	0.0000652215302948209	0.0000652196356430854	0.00006521673794192386	0.0000652123147416108	0.00006520557664340122	0.0000651953339645527	0.00006517979858201813	0.00006515629044727703	0.00006512080446264053	0.0000650673736626224	0.00006498713656042591	0.00006486697683604898	0.00006468754792657248	0.00006442041798344424	0.00006402396571613407	0.00006343751987587142	0.00006257306978292216	0.0000613037290250415	0.00005944821671498988	0.00005675171740593345	0.000052868452894406754	0.00004736981616433497	0.00003985968145230919	0.000030386686247078288	0.000020180195117837946	0.00001153483813299407	5.867043628468672e-6	2.8023906321792245e-6	1.315884938637039e-6	6.088546527704207e-7	2.5423157464845286e-7	8.865896842562649e-8	2.7613053755837738e-8	8.324808280505573e-9	2.2293434312718992e-9	4.854598624643454e-10	9.776428926001621e-11	1.6977302131753208e-11	2.386892974725649e-12	3.0108756942836155e-13	2.9313654295004376e-14	2.4113218685212127e-15	1.3843168100470373e-16	6.141849525891855e-18	2.1007376052498436e-19	5.428153103648862e-21	1.0355826578452487e-22	1.4099870145063647e-24	2.7933923091609476e-40
0.00006530047285692018	0.00006530047285691991	0.00006530047285691952	0.00006530047285691896	0.00006530047285691815	0.00006530047285691695	0.00006530047285691519	0.00006530047285691255	0.00006530047285690855	0.00006530047285690243	0.00006530047285689298	0.00006530047285687829	0.00006530047285685536	0.00006530047285681948	0.00006530047285676334	0.00006530047285667554	0.00006530047285653827	0.00006530047285632337	0.00006530047285598636	0.00006530047285545717	0.00006530047285462621	0.00006530047285332186	0.00006530047285127402	0.0000653004728480573	0.00006530047284300495	0.00006530047283507203	0.00006530047282261586	0.00006530047280306154	0.00006530047277237503	0.00006530047272423	0.00006530047264872664	0.0000653004725303633	0.00006530047234490226	0.0000653004720544514	0.000065300471599834	0.00006530047088869322	0.00006530046977700715	0.00006530046804039194	0.00006530046532958505	0.00006530046110148416	0.00006530045451245937	0.00006530044425351883	0.00006530042829601333	0.0000653004034999275	0.00006530036501146543	0.00006530030533821481	0.00006530021293185282	0.00006530007002035127	0.00006529984929890525	0.00006529950888949253	0.00006529898468028925	0.00006529817871030065	0.00006529694160099737	0.00006529504605291256	0.00006529214697167457	0.00006528772164931948	0.00006528098029268822	0.00006527073261763419	0.00006525518958566046	0.00006523166975722681	0.00006519616592485727	0.00006514270792918884	0.00006506242945783047	0.00006494220691451989	0.00006476268278751121	0.00006449540878790432	0.00006409873899140618	0.00006351196531639345	0.00006264702210686121	0.00006137694102259439	0.00005952031907339268	0.000056822158327726085	0.000052936405308086344	0.000047434028996236713	0.000039918232871083487	0.0000304366575380855	0.000020217983412435028	0.000011558854101218565	5.880054640425175e-6	2.8088677625766254e-6	1.319100966971285e-6	6.105197715566269e-7	2.5505612561800787e-7	8.898422351975416e-8	2.7720893321355138e-8	8.360961998818673e-9	2.241042784209178e-9	4.882873565874454e-10	9.839566594775389e-11	1.7110358173047324e-11	2.4073755226115758e-12	3.041884593928356e-13	2.965101867971191e-14	2.4477112619721056e-15	1.4046256601577026e-16	6.232130170090883e-18	2.131598580415437e-19	5.5077953568482486e-21	1.0507479551049812e-22	1.430582993663711e-24	2.834088679956164e-40
0.0000654102899034029	0.00006541028990340263	0.00006541028990340224	0.00006541028990340168	0.00006541028990340087	0.00006541028990339968	0.00006541028990339792	0.00006541028990339527	0.00006541028990339126	0.00006541028990338514	0.00006541028990337569	0.00006541028990336099	0.00006541028990333804	0.00006541028990330214	0.00006541028990324597	0.00006541028990315812	0.00006541028990302075	0.00006541028990280571	0.00006541028990246847	0.00006541028990193895	0.00006541028990110745	0.00006541028989980226	0.00006541028989775307	0.00006541028989453425	0.0000654102898894786	0.00006541028988154051	0.00006541028986907624	0.00006541028984950917	0.00006541028981880266	0.00006541028977062626	0.0000654102896950737	0.00006541028957663322	0.0000654102893910513	0.00006541028910041098	0.00006541028864549696	0.00006541028793389184	0.00006541028682147929	0.00006541028508372813	0.00006541028237114609	0.0000654102781402728	0.00006541027154692104	0.00006541026128123193	0.00006541024531320874	0.00006541022050074373	0.00006541018198679515	0.00006541012227392057	0.00006541002980601027	0.00006540988679899499	0.0000654096659294721	0.00006540932529072877	0.00006540880072673728	0.00006540799420848695	0.0000654067562529359	0.00006540485940025387	0.00006540195831037296	0.00006539752989947148	0.00006539078380033172	0.00006538052885347975	0.00006536497468800182	0.00006534143783975353	0.00006530590803049643	0.00006525241045221127	0.00006517207176887957	0.00006505175779363849	0.00006487209507865675	0.0000646046114058844	0.00006420762499611643	0.00006362037415577418	0.00006275471321137986	0.0000614835545706812	0.000059625317517777335	0.000056924738505531894	0.000053035363382500376	0.000047527543981556544	0.00004000350747107121	0.000030509443207949984	0.000020273033589120252	0.00001159384813739883	5.899015958625155e-6	2.818307687307276e-6	1.3237883161885475e-6	6.129470132811022e-7	2.562585587905042e-7	8.945878021691688e-8	2.7878266892729854e-8	8.413732229292147e-9	2.25813290252903e-9	4.924207178943141e-10	9.931892195909261e-11	1.7305202873525935e-11	2.4374111790256886e-12	3.087443202469715e-13	3.015281188237123e-14	2.4971006299673157e-15	1.4345676107894795e-16	6.365237539822288e-18	2.1770972120285853e-19	5.625206024472553e-21	1.073103470436768e-22	1.4609415097156234e-24	2.894070456414044e-40
0.0000655681415363742	0.00006556814153637392	0.00006556814153637353	0.00006556814153637297	0.00006556814153637216	0.00006556814153637097	0.0000655681415363692	0.00006556814153636655	0.00006556814153636254	0.00006556814153635641	0.00006556814153634695	0.00006556814153633225	0.00006556814153630928	0.00006556814153627334	0.0000655681415362171	0.00006556814153612918	0.00006556814153599167	0.00006556814153577643	0.00006556814153543888	0.00006556814153490885	0.00006556814153407657	0.00006556814153277016	0.00006556814153071906	0.00006556814152749723	0.00006556814152243686	0.00006556814151449133	0.00006556814150201538	0.00006556814148243003	0.0000655681414516948	0.00006556814140347334	0.00006556814132785012	0.00006556814120929884	0.00006556814102354326	0.00006556814073263086	0.00006556814027729077	0.0000655681395650187	0.0000655681384515627	0.00006556813671217995	0.00006556813399704816	0.00006556812976219278	0.000065568123162626	0.00006556811288724371	0.00006556809690411359	0.0000655680720681226	0.00006556803351756681	0.00006556797374777883	0.00006556788119146432	0.00006556773804725899	0.00006556751696504719	0.00006556717599690674	0.00006556665092331757	0.00006556584361757409	0.00006556460444651729	0.00006556270571997769	0.00006555980174497876	0.00006555536889782925	0.00006554861598675123	0.00006553835059497321	0.00006552278043772551	0.00006549921914275173	0.00006546365202100139	0.00006541009758713897	0.00006532967241637923	0.00006520922710939756	0.00006502936532744525	0.00006476158047994269	0.00006436413928431924	0.00006377620303538085	0.00006290951112067973	0.00006163680464274462	0.00005977624758818198	0.00005707219485802113	0.000053177616742556164	0.000047661978567546165	0.000040126105071032084	0.00003061410044052407	0.000020352208958399274	0.000011644193186075341	5.926300802855775e-6	2.8318927570547347e-6	1.3305343916673348e-6	6.16441009644861e-7	2.5799044492134745e-7	9.01427856526035e-8	2.810516483695e-8	8.489835623966454e-9	2.282807555890258e-9	4.983946440083585e-10	1.006538459567429e-10	1.7587460812979984e-11	2.480967012437851e-12	3.1535748909776877e-13	3.087971515827117e-14	2.570782858810559e-15	1.478366249840225e-16	6.5599531965408045e-18	2.2436506301847007e-19	5.796935350907286e-21	1.1057982604498517e-22	1.5053354518146616e-24	2.9817732728411416e-40
0.0000657875886190362	0.00006578758861903593	0.00006578758861903554	0.00006578758861903498	0.00006578758861903417	0.00006578758861903298	0.0000657875886190312	0.00006578758861902856	0.00006578758861902453	0.0000657875886190184	0.00006578758861900892	0.0000657875886189942	0.0000657875886189712	0.00006578758861893522	0.00006578758861887891	0.00006578758861879086	0.00006578758861865318	0.00006578758861843765	0.00006578758861809967	0.00006578758861756894	0.00006578758861673557	0.00006578758861542745	0.0000657875886133737	0.00006578758861014768	0.00006578758860508073	0.0000657875885971249	0.00006578758858463276	0.000065787588565022	0.00006578758853424689	0.00006578758848596287	0.0000657875884102415	0.00006578758829153636	0.00006578758810553962	0.00006578758781424942	0.0000657875873583176	0.00006578758664511931	0.00006578758553021424	0.00006578758378856566	0.00006578758106989297	0.00006578757682950757	0.00006578757022130984	0.00006578755993246632	0.0000657875439283568	0.00006578751905969452	0.0000657874804583011	0.00006578742060947555	0.00006578732793039115	0.00006578718459566506	0.00006578696321808404	0.0000657866217924966	0.00006578609601120761	0.00006578528761183719	0.00006578404675274978	0.00006578214542388938	0.00006577923744217124	0.00006577479843414787	0.00006576803606290983	0.00006575775616557009	0.00006574216379941176	0.00006571856855339296	0.0000656829496126975	0.00006562931621842347	0.00006554877093424471	0.00006542814323321444	0.00006524800498456801	0.00006497980185907563	0.00006458172904252687	0.00006399284086941718	0.00006312471708746874	0.0000618498608717921	0.0000599860816190314	0.00005727720428051725	0.00005337539973950634	0.0000478489020543851	0.00004029658812393967	0.000030759665028563076	0.00002046237072040916	0.000011714271761939926	5.964291654139253e-6	2.8508108416269477e-6	1.3399296781645547e-6	6.213084785359715e-7	2.604050999773307e-7	9.109743221874575e-8	2.842197252734624e-8	8.596135904553894e-9	2.3173282959951056e-9	5.067647850727824e-10	1.0252530504024972e-10	1.798422364174397e-11	2.5422766872252145e-12	3.246826539160138e-13	3.1901487269808074e-14	2.6762267759008976e-15	1.5407908869971223e-16	6.837491428135287e-18	2.3385042440755803e-19	6.0416599354471015e-21	1.152383680314076e-22	1.5685799275395135e-24	3.1066962648673557e-40
0.00006608213567978233	0.00006608213567978206	0.00006608213567978167	0.00006608213567978111	0.0000660821356797803	0.00006608213567977909	0.00006608213567977732	0.00006608213567977466	0.00006608213567977065	0.0000660821356797645	0.000066082135679755	0.00006608213567974025	0.00006608213567971721	0.00006608213567968116	0.00006608213567962476	0.00006608213567953656	0.00006608213567939865	0.00006608213567918274	0.00006608213567884416	0.0000660821356783125	0.00006608213567747768	0.00006608213567616729	0.00006608213567410996	0.00006608213567087834	0.00006608213566580259	0.00006608213565783293	0.00006608213564531911	0.00006608213562567427	0.00006608213559484572	0.00006608213554647783	0.00006608213547062495	0.0000660821353517136	0.00006608213516539362	0.00006608213487359699	0.0000660821344168721	0.00006608213370243243	0.00006608213258558518	0.00006608213084089971	0.00006608212811748116	0.00006608212386968387	0.00006608211724991812	0.00006608210694303244	0.00006608209091080413	0.00006608206599835241	0.00006608202732882106	0.00006608196737406098	0.00006608187453042707	0.00006608173094034402	0.0000660815091668759	0.00006608116712816518	0.00006608064039833326	0.00006607983053315102	0.00006607858741155389	0.00006607668259472721	0.00006607376924266931	0.00006606932197699104	0.0000660625469258879	0.00006605224758602693	0.00006603662545202511	0.00006601298469928185	0.00006597729630199299	0.00006592355707083308	0.00006584285078803132	0.0000657219786063161	0.00006554146977913688	0.0000652727059849615	0.0000648737865225026	0.00006428362234446492	0.00006341357919776687	0.00006213584130557296	0.00006026774271645389	0.00005755239794950745	0.00005364090623942902	0.00004809985110664416	0.000040525498320535216	0.00003095516949973057	0.000020610397001530836	0.000011808492239781138	6.015390667819224e-6	2.8762608676569625e-6	1.3525706177047448e-6	6.278599004065458e-7	2.636586893308058e-7	9.238553543391602e-8	2.884968167402462e-8	8.739720330722599e-9	2.364057230164084e-9	5.181176194103052e-10	1.050656272413673e-10	1.852473967842163e-11	2.6259786361061733e-12	3.3746486923359636e-13	3.331102385652327e-14	2.8186759455720297e-15	1.627410577245758e-16	7.222632590110172e-18	2.470117306785236e-19	6.381171582726683e-21	1.2170002571943997e-22	1.6562838049509074e-24	3.279894839574831e-40
0.00006646524378493322	0.00006646524378493295	0.00006646524378493256	0.00006646524378493199	0.00006646524378493117	0.00006646524378492998	0.0000664652437849282	0.00006646524378492554	0.00006646524378492151	0.00006646524378491535	0.00006646524378490583	0.00006646524378489105	0.00006646524378486795	0.00006646524378483182	0.0000664652437847753	0.00006646524378468689	0.00006646524378454865	0.00006646524378433226	0.00006646524378399292	0.00006646524378346009	0.00006646524378262338	0.00006646524378131002	0.00006646524377924806	0.00006646524377600915	0.00006646524377092197	0.00006646524376293437	0.00006646524375039236	0.0000664652437307033	0.00006646524369980535	0.00006646524365132857	0.00006646524357530494	0.00006646524345612585	0.00006646524326938624	0.00006646524297693212	0.0000664652425191776	0.00006646524180312622	0.00006646524068375745	0.0000664652389351292	0.00006646523620554909	0.0000664652319481289	0.00006646522531334431	0.00006646521498303452	0.00006646519891429944	0.00006646517394499555	0.00006646513518700013	0.00006646507509470413	0.00006646498203743329	0.00006646483811581613	0.00006646461582836024	0.00006646427299361787	0.00006646374503226788	0.00006646293326397818	0.00006646168720488658	0.00006645977785949651	0.00006645685753488681	0.0000664523995478772	0.00006644560803378088	0.0000664352834504431	0.00006641962266669971	0.00006639592282889298	0.0000663601442498288	0.00006630626759997332	0.00006622535227461746	0.00006610416265319413	0.0000659231726527795	0.00006565368085694514	0.00006525366205180267	0.0000646618409998614	0.00006378930555249378	0.00006250782573891345	0.00006063411831170377	0.00005791037520235217	0.000053986303985118166	0.00004842634483480251	0.00004082337275820663	0.000031209660808692046	0.000020803201508735917	0.000011931304913765501	6.082029988359338e-6	2.9094583131601093e-6	1.3690624645511382e-6	6.364111807887451e-7	2.6791132637612076e-7	9.407211513025792e-8	2.941010391943341e-8	8.927976914850234e-9	2.425490294580591e-9	5.330806183151719e-10	1.0841701448713377e-10	1.9241058249499825e-11	2.7371948100942368e-12	3.545138644302045e-13	3.519612345343179e-14	3.0096422306399955e-15	1.7448834539930157e-16	7.74501515056559e-18	2.648602098368326e-19	6.841502475155494e-21	1.304590060678992e-22	1.7751351658462516e-24	3.514539116551358e-40
0.00006696227216818456	0.00006696227216818428	0.00006696227216818388	0.00006696227216818332	0.0000669622721681825	0.0000669622721681813	0.00006696227216817951	0.00006696227216817684	0.0000669622721681728	0.00006696227216816661	0.00006696227216815707	0.00006696227216814224	0.00006696227216811908	0.00006696227216808286	0.00006696227216802615	0.00006696227216793749	0.00006696227216779885	0.00006696227216758183	0.0000669622721672415	0.0000669622721667071	0.00006696227216586797	0.00006696227216455077	0.00006696227216248282	0.00006696227215923448	0.0000669622721541325	0.00006696227214612166	0.00006696227213354323	0.00006696227211379695	0.00006696227208280923	0.00006696227203419161	0.00006696227195794705	0.00006696227183842154	0.00006696227165113898	0.00006696227135783418	0.00006696227089874743	0.00006696227018061071	0.00006696226905797941	0.00006696226730424969	0.00006696226456669735	0.00006696226029682647	0.00006696225364260953	0.00006696224328199195	0.0000669622271660219	0.00006696220212315866	0.0000669621632507018	0.00006696210298045096	0.0000669620096467593	0.00006696186529617516	0.00006696164234367604	0.0000669612984789531	0.00006696076892414321	0.00006695995469341335	0.00006695870483346438	0.00006695678962848184	0.00006695386028190143	0.00006694938842218101	0.00006694257560587531	0.0000669322183585967	0.00006691650756334892	0.00006689273127064222	0.00006685683599689387	0.00006680278152595361	0.00006672159569406039	0.00006659999529155106	0.0000664183826220294	0.00006614794872956799	0.00006574650725489903	0.00006515254198526716	0.0000642767811017768	0.00006299045853284775	0.00006110949205009235	0.00005837487943523399	0.00005443452699852771	0.00004885010085742225	0.00004121008744221871	0.00003154021989692996	0.000021053858800841578	0.000012091142535861567	6.168824590566947e-6	2.952710944070432e-6	1.3905548766074906e-6	6.475630844015728e-7	2.7346856182814326e-7	9.628180998626719e-8	3.014512793026997e-8	9.175114365336017e-9	2.5064574608849272e-9	5.528755063179847e-10	1.1285688433239595e-10	2.019630497874104e-11	2.886087002563345e-12	3.7746635962254034e-13	3.775232151223831e-14	3.274743776001317e-15	1.906927455274899e-16	8.465721844641263e-18	2.894792312133166e-19	7.476262104735934e-21	1.4253253270218272e-22	1.9388918234701885e-24	3.837705365879769e-40
0.00006758286267445087	0.0000675828626744506	0.0000675828626744502	0.00006758286267444963	0.00006758286267444882	0.00006758286267444762	0.00006758286267444583	0.00006758286267444314	0.00006758286267443908	0.00006758286267443287	0.0000675828626744233	0.00006758286267440841	0.00006758286267438518	0.0000675828626743488	0.0000675828626742919	0.00006758286267420292	0.00006758286267406378	0.00006758286267384596	0.0000675828626735044	0.00006758286267296807	0.00006758286267212589	0.00006758286267080394	0.0000675828626687285	0.00006758286266546844	0.00006758286266034804	0.00006758286265230832	0.00006758286263968449	0.000067582862619867	0.00006758286258876751	0.00006758286253997455	0.00006758286246345496	0.00006758286234349824	0.00006758286215553978	0.00006758286186117603	0.00006758286140043092	0.00006758286067969836	0.00006758285955300579	0.00006758285779292571	0.0000675828550454494	0.00006758285076007958	0.0000675828440816728	0.00006758283368332736	0.00006758281750855783	0.0000675827923741256	0.00006758275335918334	0.00006758269286740786	0.00006758259918961647	0.00006758245430503514	0.00006758223052465766	0.0000675818853777593	0.00006758135383931516	0.0000675805365431769	0.00006757928195164223	0.00006757735945216388	0.00006757441887422617	0.00006756992974438093	0.0000675630904087513	0.00006755269249744665	0.00006753691944119465	0.00006751304796615197	0.0000674770074118828	0.00006742273155739742	0.00006734120894560518	0.00006721909711366046	0.00006703670919713879	0.00006676510233622976	0.00006636188951410349	0.00006576525444940387	0.000064885477436124	0.00006359312479907721	0.00006170311931147608	0.000058954971630127475	0.00005499434490995859	0.00004937945085813202	0.000041693310967564214	0.00003195350655888469	0.00002136755991185996	0.000012291426009465375	6.277673949147316e-6	3.0069746413275616e-6	1.4175261973842061e-6	6.615686912639117e-7	2.8046368191884786e-7	9.907133262444935e-8	3.1074131447530344e-8	9.4877924215782e-9	2.6093468743830603e-9	5.781361308696916e-10	1.185314661758437e-10	2.1426117137700567e-11	3.078639941703188e-12	4.073621817270997e-13	4.112067401247605e-14	3.621060609783497e-15	2.1234793559472156e-16	9.429054029830474e-18	3.2237757799238086e-19	8.32420130037928e-21	1.5865421138897675e-22	2.15744920870661e-24	4.268818370736173e-40
0.00006834994411514491	0.00006834994411514464	0.00006834994411514425	0.00006834994411514368	0.00006834994411514285	0.00006834994411514164	0.00006834994411513985	0.00006834994411513715	0.00006834994411513307	0.00006834994411512684	0.00006834994411511721	0.00006834994411510227	0.00006834994411507893	0.00006834994411504239	0.00006834994411498524	0.00006834994411489586	0.00006834994411475609	0.00006834994411453731	0.00006834994411419423	0.00006834994411365552	0.00006834994411280961	0.0000683499441114818	0.00006834994410939718	0.00006834994410612267	0.0000683499441009796	0.00006834994409290428	0.00006834994408022459	0.0000683499440603194	0.00006834994402908232	0.00006834994398007348	0.00006834994390321528	0.00006834994378272761	0.000068349943593937	0.00006834994329826947	0.0000683499428354826	0.00006834994211155396	0.00006834994097986117	0.00006834993921196244	0.0000683499364522676	0.00006834993214781527	0.00006834992543962552	0.00006834991499482883	0.00006834989874766426	0.00006834987350049006	0.0000683498343101159	0.00006834977354559241	0.00006834967944413308	0.00006834953390207247	0.00006834930910237219	0.00006834896237679077	0.00006834842839597549	0.0000683476073254949	0.0000683463469080632	0.0000683444154269601	0.00006834146101986406	0.00006833695062512215	0.00006833007863560083	0.00006831963065308841	0.00006830378093141941	0.00006827979225141478	0.00006824357279981706	0.00006818902433062431	0.0000681070869956977	0.00006798434535786735	0.00006780100273283244	0.00006752795133875184	0.00006712255701063746	0.0000665226338624632	0.00006563791049165833	0.00006433813084888618	0.0000624369920088332	0.00005967217266929048	0.00005568657274715545	0.000050034148920872916	0.00004229119110061773	0.00003246522688240045	0.000021756475631688792	0.0000125401223544398	6.412982605277797e-6	3.0744617497801483e-6	1.4510819732422947e-6	6.790106756557887e-7	2.892003978341887e-7	1.0256845405129424e-7	3.224059212992551e-8	9.880898035233889e-9	2.7394242304005627e-9	6.102464263953659e-10	1.2575880633245884e-10	2.30068899840812e-11	3.3275759994677286e-12	4.463072015611539e-13	4.55529452354649e-14	4.085356583369495e-15	2.4164925766271487e-16	1.0727917113464555e-17	3.667190631363074e-19	9.466569466078114e-21	1.8036203743700138e-22	2.4515506776761492e-24	4.8485936122074746e-40
0.00006928085258215597	0.00006928085258215569	0.0000692808525821553	0.00006928085258215471	0.00006928085258215388	0.00006928085258215266	0.00006928085258215086	0.00006928085258214815	0.00006928085258214406	0.00006928085258213778	0.00006928085258212811	0.00006928085258211308	0.0000692808525820896	0.00006928085258205289	0.00006928085258199541	0.00006928085258190556	0.00006928085258176505	0.0000692808525815451	0.00006928085258120018	0.0000692808525806586	0.00006928085257980817	0.00006928085257847329	0.00006928085257637754	0.0000692808525730856	0.00006928085256791514	0.00006928085255979681	0.00006928085254704963	0.00006928085252703848	0.00006928085249563516	0.00006928085244636549	0.00006928085236909822	0.00006928085224796916	0.00006928085205817326	0.00006928085176093063	0.00006928085129567707	0.00006928085056788735	0.00006928084943015377	0.0000692808476528094	0.0000692808448783534	0.00006928084055084747	0.00006928083380667692	0.00006928082330576228	0.00006928080697113671	0.00006928078158775783	0.00006928074218544165	0.00006928068109140586	0.0000692805864781028	0.0000692804401417215	0.0000692802141105395	0.00006927986547768042	0.00006927932854610747	0.00006927850291560934	0.00006927723545948972	0.00006927529312693457	0.00006927232201150288	0.00006926778592430377	0.00006926087448153514	0.00006925036600090901	0.00006923442364749361	0.00006921029335109379	0.00006917385773753844	0.00006911897986097437	0.00006903654139453168	0.00006891303871156117	0.00006872854240574002	0.00006845374537271206	0.00006804571473456198	0.00006744181786861222	0.00006655111651386329	0.0000652423605453342	0.00006332776536888058	0.00006054279511608643	0.00005652700943892679	0.00005082922185467951	0.00004301758557970589	0.00003308745866494536	0.000022230078847380677	0.000012843522288404812	6.578262390912567e-6	3.1569436554599697e-6	1.4921099028254616e-6	7.003605186920975e-7	2.9992988276520343e-7	1.0688174042518733e-7	3.368185127556907e-8	1.0367312222069506e-8	2.9013901775439676e-9	6.504800545817002e-10	1.3483416219425197e-10	2.501232877677724e-11	3.645489204970578e-12	4.964788838629354e-13	5.133863520460522e-14	4.699603514942872e-15	2.809786261367424e-16	1.2466410582101057e-17	4.2604494425280415e-19	1.0994186772706201e-20	2.0937241491912575e-22	2.8443028184028867e-24	5.622304569271001e-40
0.00007040963937799784	0.00007040963937799755	0.00007040963937799716	0.00007040963937799658	0.00007040963937799573	0.00007040963937799452	0.00007040963937799269	0.00007040963937798996	0.00007040963937798584	0.00007040963937797953	0.0000704096393779698	0.00007040963937795467	0.00007040963937793105	0.00007040963937789408	0.00007040963937783625	0.00007040963937774581	0.0000704096393776044	0.00007040963937738304	0.0000704096393770359	0.00007040963937649086	0.00007040963937563499	0.00007040963937429156	0.00007040963937218242	0.00007040963936886945	0.00007040963936366596	0.00007040963935549582	0.00007040963934266728	0.00007040963932252844	0.00007040963929092476	0.00007040963924134071	0.00007040963916358038	0.00007040963904167819	0.00007040963885067056	0.00007040963855152944	0.00007040963808330278	0.0000704096373508592	0.00007040963620584458	0.00007040963441711511	0.00007040963162486715	0.00007040962726957421	0.00007040962048203498	0.00007040960991347963	0.00007040959347343416	0.0000704095679258822	0.00007040952826810277	0.00007040946677688889	0.00007040937154663045	0.00007040922425280127	0.00007040899673722128	0.00007040864580535773	0.00007040810531695239	0.00007040727418977091	0.00007040599824906285	0.00007040404283576874	0.00007040105157922077	0.00007039648452050202	0.00007038952551718528	0.00007037894410527597	0.0000703628900808217	0.0000703385890568065	0.00007030189283992976	0.00007024661782174514	0.00007016357516151015	0.00007003915488877528	0.00006985326754628952	0.00006957636565242145	0.0000691651560709021	0.000068556467368469	0.00006765855693925818	0.00006633897556285463	0.00006440815131368399	0.00006159887685349854	0.00005754668253217066	0.000051794178435232504	0.0000438997036125053	0.00003384391044033573	0.00002280695872805559	0.000013213969145143239	6.7804049364788095e-6	3.2578967383919425e-6	1.5423519659583028e-6	7.265432283355481e-7	3.1314486487772574e-7	1.1222444229705661e-7	3.547132277663086e-8	1.0972356160952496e-8	3.104495882798925e-9	7.01354835390694e-10	1.4634148126549916e-10	2.758874195515692e-11	4.057551896672244e-12	5.621904031534868e-13	5.903447974862212e-14	5.526695544769675e-15	3.3527916068107253e-16	1.4860690313532325e-17	5.077043853261352e-19	1.3095403399132095e-20	2.492421141390502e-22	3.383543978990673e-24	6.683601808170437e-40
0.00007175142779240732	0.00007175142779240703	0.00007175142779240663	0.00007175142779240604	0.0000717514277924052	0.00007175142779240397	0.00007175142779240214	0.00007175142779239939	0.00007175142779239523	0.00007175142779238887	0.00007175142779237906	0.00007175142779236381	0.00007175142779234002	0.00007175142779230279	0.00007175142779224451	0.0000717514277921534	0.00007175142779201092	0.00007175142779178789	0.00007175142779143815	0.000071751427790889	0.00007175142779002671	0.0000717514277886732	0.00007175142778654825	0.00007175142778321044	0.00007175142777796797	0.00007175142776973662	0.00007175142775681204	0.00007175142773652243	0.00007175142770468213	0.00007175142765472688	0.00007175142757638433	0.00007175142745356927	0.00007175142726113081	0.00007175142695974792	0.00007175142648801058	0.00007175142575007166	0.00007175142459645947	0.00007175142279428633	0.00007175141998102932	0.0000717514155929249	0.00007175140875417497	0.00007175139810574761	0.00007175138154121899	0.0000717513557998055	0.00007175131584036406	0.0000717512538801425	0.00007175115792134801	0.00007175100949690165	0.00007175078022843313	0.00007175042658170825	0.00007174988189304808	0.00007174904427477405	0.00007174775831440011	0.00007174578745351723	0.00007174277241112577	0.00007173816877568398	0.0000717311536033115	0.00007172048605773746	0.0000717043001440685	0.00007167979747709534	0.00007164279345864379	0.00007158704935823492	0.00007150329303419058	0.00007137778888185604	0.00007119025835068987	0.00007091086994721127	0.00007049590485691	0.00006988155495238423	0.00006897512709976689	0.0000676427549712619	0.00006569275423859818	0.0000628547601475972	0.00005875954097675639	0.00005294237609905692	0.000044950006920617286	0.000034745672524561126	0.000023496123740336937	0.000013657694570180206	7.0229854159002805e-6	3.379145229048205e-6	1.6027288672301593e-6	7.580572248347504e-7	3.291253953803261e-7	1.1872589724607558e-7	3.7654674297532926e-8	1.1712018322716246e-8	3.3549649779723086e-9	7.646770044555658e-10	1.6070625601224738e-10	3.0850175358824325e-11	4.584379927696307e-12	6.470964765342362e-13	6.91539465535284e-14	6.6256771166386634e-15	4.09713572939171e-16	1.8128537279980333e-17	6.190875633316595e-19	1.5959161355011865e-20	3.0352883057667547e-22	4.11696653530093e-24	8.12555526027849e-40
0.00007333514986484151	0.00007333514986484123	0.00007333514986484082	0.00007333514986484023	0.00007333514986483938	0.00007333514986483812	0.00007333514986483628	0.0000733351498648335	0.00007333514986482932	0.0000733351498648229	0.00007333514986481301	0.00007333514986479763	0.00007333514986477361	0.00007333514986473606	0.00007333514986467727	0.00007333514986458536	0.00007333514986444163	0.00007333514986421666	0.00007333514986386386	0.00007333514986330991	0.0000733351498624401	0.00007333514986107479	0.00007333514985893131	0.00007333514985556444	0.00007333514985027631	0.0000733351498419733	0.00007333514982893623	0.00007333514980847003	0.00007333514977635267	0.00007333514972596271	0.00007333514964693836	0.00007333514952305425	0.00007333514932894022	0.0000733351490249321	0.00007333514854908352	0.00007333514780470922	0.0000733351466410287	0.00007333514482311215	0.0000733351419852521	0.00007333513755872305	0.00007333513066000154	0.00007333511991803771	0.00007333510320772885	0.00007333507723928592	0.00007333503692656894	0.00007333497441709007	0.00007333487760509667	0.00007333472785655741	0.00007333449653521935	0.0000733341397089907	0.00007333359010115304	0.00007333274488065963	0.0000733314471853099	0.00007332945823200426	0.00007332641533081651	0.00007332176885461402	0.00007331468789238505	0.00007330391945750899	0.0000732875790565048	0.00007326284018992802	0.00007322547560891296	0.00007316918200087283	0.00007308458962198829	0.00007295781565612954	0.00007276835997005395	0.00007248605823796474	0.0000720666927614986	0.00007144570916770487	0.00007052930016166053	0.00006918193823306016	0.00006720946266764896	0.00006433780715887695	0.00006019215746129675	0.00005429920044873702	0.00004619208364833397	0.00003581358760665302	0.00002431431075956473	0.000014186135660865724	7.3125171382676285e-6	3.5240024194086477e-6	1.6749091479414169e-6	7.958004655796981e-7	3.483686824751072e-7	1.2661261510479301e-7	4.031155618792022e-8	1.261407343241325e-8	3.6634699801109256e-9	8.435282565106914e-10	1.7865281338531873e-10	3.4989295150264674e-11	5.260973240820286e-12	7.574207592309738e-13	8.25966166153495e-14	8.110568423826758e-15	5.147906577152044e-16	2.2648758186009612e-17	7.730405688160143e-19	1.9913628083564443e-20	3.7840607529495533e-22	5.127242353227282e-24	1.0109338078862312e-39
0.0000751908545293827	0.00007519085452938241	0.000075190854529382	0.00007519085452938141	0.00007519085452938054	0.00007519085452937928	0.00007519085452937741	0.00007519085452937462	0.00007519085452937038	0.0000751908545293639	0.0000751908545293539	0.00007519085452933837	0.00007519085452931412	0.00007519085452927617	0.0000751908545292168	0.00007519085452912395	0.00007519085452897878	0.00007519085452875154	0.00007519085452839519	0.00007519085452783569	0.00007519085452695713	0.00007519085452557811	0.00007519085452341312	0.00007519085452001249	0.00007519085451467136	0.00007519085450628514	0.00007519085449311745	0.00007519085447244624	0.00007519085444000718	0.0000751908543891125	0.00007519085430929653	0.00007519085418417119	0.00007519085398811173	0.00007519085368105558	0.00007519085320043363	0.00007519085244858748	0.00007519085127321711	0.0000751908494370215	0.00007519084657059579	0.00007519084209945317	0.00007519083513110033	0.00007519082428053351	0.00007519080740096163	0.00007519078116891707	0.00007519074044601263	0.00007519067729878729	0.00007519057949613003	0.0000751904282101483	0.00007519019450513797	0.00007518983398700916	0.00007518927866715974	0.0000751884246190448	0.00007518711329692555	0.00007518510333412364	0.00007518202808174167	0.00007517733185530417	0.00007517017449051663	0.00007515928888840632	0.00007514276906890815	0.00007511775587564683	0.00007507997251510784	0.00007502304064952726	0.00007493747714369144	0.00007480922814419323	0.00007461753605430582	0.00007433184979147431	0.0000739073718984769	0.0000732786807079324	0.00007235067392145251	0.00007098589305321008	0.0000689872986124062	0.0000660765211259885	0.00006187225682130567	0.000055891205677039735	0.00004765071539192463	0.000037069724383722684	0.000025279475993845305	0.000014811758932960216	7.65617839883098e-6	3.6961367678559384e-6	1.7607446963395595e-6	8.407760111582959e-7	3.7144077131744814e-7	1.3614936663603666e-7	4.3536132756335064e-8	1.371150307954854e-8	4.042970152078074e-9	9.417665532946396e-10	2.0109324069654818e-10	4.025487209176535e-11	6.133786795627703e-12	9.014419530399295e-13	1.0058335317092196e-13	1.0119781007675555e-14	6.582081269571857e-16	2.8985356711009686e-17	9.886624247764277e-19	2.5445830064823018e-20	4.830165084105037e-22	6.536509777543365e-24	1.287252309939058e-39
0.00007734992322809504	0.00007734992322809476	0.00007734992322809434	0.00007734992322809374	0.00007734992322809287	0.0000773499232280916	0.0000773499232280897	0.00007734992322808687	0.00007734992322808259	0.00007734992322807603	0.00007734992322806592	0.0000773499232280502	0.00007734992322802567	0.00007734992322798729	0.00007734992322792722	0.0000773499232278333	0.00007734992322768646	0.00007734992322745661	0.00007734992322709618	0.00007734992322653027	0.00007734992322564165	0.00007734992322424684	0.00007734992322205709	0.00007734992321861761	0.00007734992321321544	0.00007734992320473341	0.00007734992319141536	0.0000773499231705081	0.00007734992313769866	0.00007734992308622286	0.00007734992300549547	0.00007734992287894108	0.0000773499226806418	0.00007734992237007636	0.00007734992188395873	0.00007734992112351005	0.00007734991993468081	0.00007734991807743995	0.00007734991517812565	0.00007734991065561782	0.00007734990360709551	0.00007734989263148889	0.00007734987555703538	0.00007734984902148988	0.00007734980782630725	0.00007734974394479227	0.00007734964500149126	0.00007734949194528863	0.00007734925549566772	0.0000773488907265464	0.00007734832882956806	0.0000773474646166581	0.00007734613760333208	0.0000773441034476009	0.00007734099094116436	0.00007733623742327617	0.00007732899207215983	0.00007731797153420089	0.00007730124507984125	0.00007727591593457686	0.00007723765023015431	0.00007717998319545397	0.00007709330105279966	0.00007696335287588064	0.00007676908438797378	0.00007647949880262637	0.00007604913047598061	0.00007541155806669748	0.0000744701864588038	0.00007308533101609787	0.00007105663315104824	0.00006810076184270168	0.00006382893133860801	0.00005774632957092287	0.000049352091798954856	0.00003853759138438947	0.000026411004018766705	0.00001554824281237044	8.061936087679936e-6	3.899639153866623e-6	1.8623052772429686e-6	8.941115301918325e-7	3.9898950213337724e-7	1.4764728593437372e-7	4.744037090121188e-8	1.504366553618786e-8	4.5092425984142654e-9	1.0642390155017827e-9	2.291800156813814e-10	4.6968385153205946e-11	7.264805499701361e-12	1.0903345977774405e-12	1.248709748205874e-13	1.28906746800048e-14	8.672979506627464e-16	3.7982584965789635e-17	1.2944966982983122e-18	3.3282171344604995e-20	6.30964594606507e-22	8.526029500979663e-24	1.676679609207909e-39
0.00007984528604083791	0.00007984528604083761	0.0000798452860408372	0.0000798452860408366	0.0000798452860408357	0.00007984528604083442	0.00007984528604083249	0.00007984528604082963	0.00007984528604082528	0.00007984528604081864	0.0000798452860408084	0.00007984528604079247	0.00007984528604076762	0.00007984528604072875	0.00007984528604066791	0.00007984528604057277	0.00007984528604042402	0.00007984528604019119	0.0000798452860398261	0.00007984528603925286	0.00007984528603835276	0.00007984528603693992	0.0000798452860347219	0.00007984528603123801	0.00007984528602576612	0.00007984528601717469	0.00007984528600368487	0.00007984528598250801	0.00007984528594927553	0.00007984528589713606	0.00007984528581536772	0.00007984528568718119	0.00007984528548632374	0.00007984528517175027	0.00007984528467935591	0.00007984528390908208	0.00007984528270488108	0.00007984528082360392	0.00007984527788672649	0.00007984527330555259	0.00007984526616546538	0.00007984525504704471	0.00007984523775000589	0.00007984521086781214	0.00007984516913320507	0.00007984510441299436	0.00007984500416685037	0.00007984484908867578	0.0000798446095040756	0.00007984423987926084	0.00007984367046942575	0.00007984279464534434	0.00007984144970767009	0.00007983938791524266	0.00007983623285063583	0.00007983141388236767	0.00007982406801140754	0.00007981289331064311	0.00007979593076874042	0.00007977024062160191	0.00007973142377233894	0.00007967291666121944	0.00007958495618183471	0.0000794530661277948	0.00007925585304790423	0.00007896181056147587	0.00007852470897598044	0.00007787698373037248	0.00007692033234166476	0.00007551252379981834	0.00007344940264305413	0.00007044196184396767	0.00006609285683444197	0.00005989410945367015	0.000051324026312873835	0.00004024235242223032	0.0000277299204954899	0.000016410668065796338	8.538677877547159e-6	4.139095502329805e-6	1.981915796688297e-6	9.570802900186612e-7	4.317585716866526e-7	1.614730381936442e-7	5.2157862274825655e-8	1.6657652955446177e-8	5.081501619366633e-9	1.217043895255607e-9	2.6437123444135655e-10	5.5544546239889664e-11	8.736710085175296e-12	1.3390144636739253e-12	1.5785702053743953e-13	1.6697818643082047e-14	1.161336505570898e-15	5.0909036562931876e-17	1.7333586109287864e-18	4.450984867691757e-20	8.4255959477549615e-22	1.1365604892967828e-23	2.2314193844514166e-39
0.0000827207921660129	0.0000827207921660126	0.00008272079216601217	0.00008272079216601156	0.00008272079216601067	0.00008272079216600935	0.0000827207921660074	0.00008272079216600449	0.00008272079216600008	0.00008272079216599335	0.00008272079216598295	0.0000827207921659668	0.00008272079216594159	0.00008272079216590214	0.0000827207921658404	0.0000827207921657439	0.00008272079216559298	0.00008272079216535676	0.00008272079216498637	0.00008272079216440481	0.00008272079216349164	0.00008272079216205832	0.00008272079215980815	0.0000827207921562738	0.00008272079215072268	0.00008272079214200686	0.00008272079212832186	0.00008272079210683856	0.00008272079207312528	0.00008272079202023142	0.00008272079193727992	0.00008272079180723827	0.00008272079160347322	0.0000827207912843442	0.00008272079078481558	0.00008272079000337437	0.00008272078878170164	0.00008272078687310428	0.00008272078389353175	0.00008272077924567625	0.00008272077200151318	0.00008272076072076402	0.0000827207431707233	0.00008272071589450793	0.00008272067354675164	0.0000827206078732066	0.00008272050614611904	0.00008272034876953165	0.00008272010562128339	0.00008271973047671726	0.0000827191525263998	0.00008271826350263962	0.00008271689818789185	0.00008271480497613766	0.0000827116015269152	0.00008270670814518781	0.00008269924798438466	0.00008268789799505627	0.00008267066700096238	0.00008264456634250817	0.00008260512272739255	0.00008254566021793782	0.00008245624582218026	0.00008232214701597307	0.00008212158440420462	0.00008182247167717844	0.00008137770953280431	0.00008071843207853333	0.00007974439307417317	0.00007831046222113466	0.00007620816049614952	0.00007314201721155931	0.00006870494198239774	0.0000623739683267239	0.000053603692504835026	0.00004221772295130482	0.000029264524968622307	0.00001741947198614776	9.098518695617428e-6	4.420772478543762e-6	2.1227550847376454e-6	1.0314256698112333e-6	4.707728919113319e-7	1.7813952401789892e-7	5.787708511604533e-8	1.8619948954992766e-8	5.787099698895096e-9	1.4090768567881718e-9	3.0880310853013625e-10	6.659767396541851e-11	1.0675768745166917e-11	1.670341549486419e-12	2.0344492443919495e-13	2.2021150663796256e-14	1.5962853370475285e-15	6.991601376349613e-17	2.377727668777606e-18	6.096521812327168e-20	1.1520168208793097e-21	1.550845019400945e-23	3.038922097159001e-39
0.00008601744642639315	0.00008601744642639286	0.00008601744642639242	0.0000860174464263918	0.00008601744642639088	0.00008601744642638955	0.00008601744642638757	0.0000860174464263846	0.00008601744642638013	0.00008601744642637327	0.0000860174464263627	0.00008601744642634629	0.00008601744642632066	0.00008601744642628057	0.00008601744642621785	0.00008601744642611976	0.0000860174464259664	0.00008601744642572636	0.00008601744642534996	0.00008601744642475902	0.00008601744642383112	0.00008601744642237465	0.0000860174464200882	0.00008601744641649688	0.0000860174464108563	0.00008601744640200008	0.00008601744638809467	0.00008601744636626544	0.00008601744633200933	0.00008601744627826384	0.00008601744619397661	0.00008601744606184062	0.00008601744585479296	0.0000860174455305209	0.00008601744502293807	0.00008601744422888931	0.00008601744298749162	0.00008601744104805074	0.00008601743802027669	0.00008601743329713926	0.00008601742593547622	0.00008601741447145942	0.00008601739663577899	0.00008601736891470781	0.00008601732587468971	0.00008601725912479087	0.00008601715572563195	0.00008601699575395974	0.00008601674858200347	0.00008601636720496672	0.00008601577961118157	0.00008601487568264642	0.00008601348735791389	0.00008601135866603181	0.0000860081005767936	0.00008600312315782374	0.00008599553392075523	0.00008598398595539307	0.00008596645174798812	0.00008593988739618402	0.00008589973577371746	0.00008583919395448934	0.00008574813695458265	0.00008561154254705149	0.00008540719507321704	0.00008510235259928287	0.00008464893257580444	0.00008397659751507558	0.00008298290278213308	0.00008151943851399307	0.00007937283447374507	0.00007624030728197173	0.00007170374147717073	0.00006522321959159787	0.00005622652454376395	0.00004449623735361302	0.00003104268570182811	0.000018595293961961534	9.75392084003074e-6	4.751165358708728e-6	2.2881266745953174e-6	1.1189714380737566e-6	5.17128699196137e-7	1.9821626665168874e-7	6.48112995859944e-8	2.1006000287911832e-8	6.6577241959899414e-9	1.6511239233507296e-9	3.6508775028396866e-10	8.089414292285998e-11	1.3247349369402723e-11	2.1142946867042867e-12	2.670114905423501e-13	2.95433704830618e-14	2.243486038041899e-15	9.870088040224e-17	3.337556386965741e-18	8.542558851556725e-20	1.6109010772393576e-21	2.163486089906285e-23	4.229960474153542e-39
0.00008976771080087765	0.00008976771080087734	0.0000897677108008769	0.00008976771080087626	0.00008976771080087534	0.00008976771080087398	0.00008976771080087196	0.00008976771080086894	0.00008976771080086437	0.0000897677108008574	0.00008976771080084664	0.00008976771080082993	0.00008976771080080385	0.00008976771080076305	0.00008976771080069919	0.00008976771080059935	0.00008976771080044325	0.00008976771080019893	0.00008976771079981584	0.00008976771079921438	0.00008976771079826997	0.00008976771079678764	0.00008976771079446056	0.0000897677107908055	0.0000897677107850648	0.00008976771077605143	0.0000897677107618994	0.00008976771073968305	0.0000897677107048195	0.00008976771065012097	0.000089767710564339	0.00008976771042985936	0.00008976771021913839	0.0000897677098891111	0.00008976770937251531	0.00008976770856435832	0.00008976770730088772	0.00008976770532693177	0.00008976770224521807	0.00008976769743783639	0.0000897676899446841	0.00008976767827557859	0.00008976766012024548	0.0000897676319013411	0.00008976758808661114	0.00008976752013214533	0.00008976741486171143	0.00008976725198573482	0.00008976700031053238	0.00008976661195809486	0.00008976601357104146	0.000089765092960158	0.00008976367888043445	0.00008976151047442746	0.00008975819122245458	0.00008975311973030654	0.00008974538599579868	0.00008973361639046465	0.00008971574270825226	0.00008968865917849434	0.00008964771477783843	0.00008958596433455305	0.00008949306778234895	0.00008935367831261794	0.00008914509141704726	0.00008883383041095461	0.00008837071067228187	0.00008768374502441376	0.00008666802400479813	0.00008517146017233646	0.0000829751977791311	0.00007976825179468153	0.00007512014243116437	0.00006847194793908719	0.00005922139264927282	0.00004710487827738068	0.00003308818707009415	0.000019956373115977808	0.000010516178519363638	5.136221010187594e-6	2.4810647810174136e-6	1.2214055314753194e-6	5.718679239303957e-7	2.2227007618401698e-7	7.317786997967481e-8	2.3892921198702586e-8	7.72646211728596e-9	1.955066098687946e-9	4.3613287124698727e-10	9.930283317303585e-11	1.6649878999489455e-11	2.706891205699109e-12	3.5551580554871365e-13	4.0124327137415866e-14	3.2046952111799453e-15	1.4196963581555594e-16	4.767331536781389e-18	1.2177985701139493e-19	2.291130111298277e-21	3.0689404280879166e-23	5.98534224537021e-39
0.00009404823043395225	0.00009404823043395193	0.00009404823043395148	0.00009404823043395083	0.00009404823043394988	0.0000940482304339485	0.00009404823043394644	0.00009404823043394336	0.0000940482304339387	0.0000940482304339316	0.00009404823043392062	0.00009404823043390359	0.000094048230433877	0.00009404823043383539	0.00009404823043377028	0.00009404823043366848	0.0000940482304335093	0.00009404823043326018	0.0000940482304328696	0.00009404823043225637	0.00009404823043129349	0.00009404823042978215	0.00009404823042740962	0.0000940482304236832	0.00009404823041783046	0.00009404823040864121	0.00009404823039421314	0.00009404823037156345	0.00009404823033602	0.00009404823028025479	0.00009404823019279979	0.00009404823005569698	0.00009404822984086455	0.00009404822950439558	0.00009404822897771182	0.0000940482281537637	0.00009404822686558718	0.0000940482248529988	0.0000940482217109107	0.00009404821680923416	0.0000940482091689043	0.00009404819727023838	0.0000940481787571067	0.00009404814998095302	0.00009404810529903687	0.00009404803599619716	0.00009404792863104737	0.0000940477625039071	0.00009404750578751852	0.00009404710962621908	0.00009404649915589847	0.00009404555986819785	0.00009404411695327749	0.00009404190408168516	0.00009403851634632028	0.00009403333951607713	0.0000940254439723459	0.00009401342615832534	0.00009399517228258595	0.00009396750725998875	0.00009392567485774421	0.00009386257050271964	0.00009376761307550574	0.00009362509194287376	0.00009341175456195836	0.00009309330040910543	0.00009261930895256626	0.00009191594265520257	0.00009087552689046037	0.00008934184780011966	0.00008708989372698933	0.00008379947501453598	0.00007902623691877138	0.00007218993918593606	0.0000626545917671836	0.00005010456354172676	0.000035453357451216536	0.000021541774148573567	0.000011409102816372748	5.58840370008919e-6	2.7079094824011123e-6	1.3422269841013588e-6	6.371062343105263e-7	2.514285065680284e-7	8.340729507864218e-8	2.7432966998208553e-8	9.057790560569412e-9	2.3440013520967463e-9	5.276013613883516e-10	1.2350221639687317e-10	2.1272622844179167e-11	3.518434044409484e-12	4.827720946334884e-13	5.5476342235869666e-14	4.6887960334267675e-15	2.0902654936777908e-16	6.991488462947726e-18	1.7817671083695373e-19	3.343010827667135e-21	4.464052918828626e-23	8.680854391880128e-39
0.00009888827344699217	0.00009888827344699185	0.00009888827344699139	0.00009888827344699072	0.00009888827344698976	0.00009888827344698834	0.00009888827344698624	0.0000988882734469831	0.00009888827344697834	0.00009888827344697107	0.00009888827344695986	0.00009888827344694246	0.00009888827344691529	0.00009888827344687279	0.0000988882734468063	0.00009888827344670231	0.00009888827344653974	0.00009888827344628531	0.00009888827344588641	0.00009888827344526015	0.00009888827344427679	0.00009888827344273335	0.00009888827344031043	0.00009888827343650493	0.00009888827343052802	0.00009888827342114389	0.00009888827340640992	0.00009888827338328008	0.00009888827334698321	0.00009888827329003597	0.00009888827320072709	0.00009888827306071753	0.00009888827284132921	0.00009888827249772221	0.00009888827195985999	0.00009888827111841379	0.00009888826980286064	0.00009888826774746345	0.00009888826453847377	0.00009888825953230722	0.0000988882517288857	0.00009888823957583474	0.00009888822066620778	0.00009888819127252891	0.00009888814562961136	0.0000988880748325005	0.00009888796514593641	0.00009888779541569998	0.00009888753311228902	0.00009888712829638306	0.00009888650443369901	0.00009888554444504069	0.00009888406956864494	0.00009888180740850985	0.00009887834375821688	0.00009887305015310197	0.00009886497522219164	0.00009885268221878058	0.00009883400679352059	0.00009880569697805166	0.00009876287982906635	0.00009869827392546035	0.0000986010306765626	0.0000984550356938784	0.00009823642815883628	0.00009790999299915415	0.00009742393745232862	0.00009670236914402848	0.00009563454213625112	0.00009405965845859563	0.00009174586670513421	0.00008836274936082284	0.00008345053591258918	0.00007640530898357977	0.000066553640408181	0.00005352186129920556	0.00003816285650319508	0.000023371675752524216	0.000012445823984918305	6.114768248972038e-6	2.972275185805073e-6	1.4834637633774741e-6	7.141449786544342e-7	2.8646047228407987e-7	9.580960693861309e-8	3.173637045180241e-8	1.0700234015861443e-8	2.837255631804308e-9	6.443446061436456e-10	1.5496726861489304e-10	2.7495339156445283e-11	4.617555215953239e-12	6.637021215753627e-13	7.747156218259273e-14	6.957523239093259e-15	3.128756943096371e-16	1.0416216226952652e-17	2.647626884831392e-19	4.952521024107626e-21	6.590642421403384e-23	1.2775023263804501e-38
0.00010436532550217888	0.00010436532550217855	0.00010436532550217808	0.0001043653255021774	0.0001043653255021764	0.00010436532550217494	0.00010436532550217279	0.00010436532550216958	0.00010436532550216471	0.00010436532550215727	0.0001043653255021458	0.00010436532550212799	0.00010436532550210019	0.00010436532550205671	0.00010436532550198868	0.00010436532550188228	0.00010436532550171596	0.00010436532550145564	0.00010436532550104754	0.00010436532550040686	0.00010436532549940086	0.00010436532549782189	0.00010436532549534325	0.00010436532549145027	0.00010436532548533604	0.00010436532547573632	0.00010436532546066402	0.00010436532543700308	0.0001043653253998729	0.00010436532534161828	0.0001043653252502589	0.00010436532510703435	0.000104365324882607	0.00010436532453110507	0.00010436532398087898	0.00010436532312007904	0.00010436532177424596	0.00010436531967149981	0.0001043653163885127	0.00010436531126677269	0.00010436530328295842	0.00010436529084853371	0.00010436527150034004	0.00010436524142360127	0.00010436519471767808	0.00010436512226765639	0.00010436501001316824	0.00010436483629712589	0.00010436456781308543	0.00010436415342274627	0.00010436351474382365	0.00010436253185240486	0.00010436102161353185	0.00010435870491752399	0.00010435515726593038	0.00010434973443981956	0.00010434146098974633	0.00010432886342640387	0.00010430972142488125	0.00010428069788533845	0.00010423679061663105	0.0001041705223258967	0.00010407074813519213	0.00010392090633057313	0.00010369646206047993	0.00010336118665020753	0.00010286176617893596	0.00010212002995148028	0.00010102182595787094	0.00009940127142257355	0.00009701892683433396	0.00009353302685692837	0.00008846669914920018	0.00008118977066163872	0.00007098730730063556	0.00005742099108282226	0.00004127340729582191	0.000025490127485693048	0.00001365410742970228	6.730061019330401e-6	3.2816836826519165e-6	1.649289742196821e-6	8.055779527183069e-7	3.2884057163733637e-7	1.1097278224222792e-7	3.701152456577874e-8	1.2743865499768568e-8	3.4702148460033466e-9	7.952671855658048e-10	1.963720579475163e-10	3.6014023593722995e-11	6.129743203085391e-12	9.260675950954082e-13	1.0962990139168237e-13	1.0518457284596925e-14	4.78502566897724e-16	1.583855123971149e-17	4.01395361532686e-19	7.482542371479248e-21	9.918971013513693e-23	1.915676956712663e-38
0.00011054928068773643	0.00011054928068773609	0.0001105492806877356	0.0001105492806877349	0.00011054928068773388	0.00011054928068773239	0.00011054928068773018	0.00011054928068772687	0.00011054928068772189	0.00011054928068771426	0.0001105492806877025	0.00011054928068768425	0.00011054928068765576	0.00011054928068761119	0.00011054928068754146	0.00011054928068743242	0.00011054928068726195	0.00011054928068699517	0.00011054928068657694	0.00011054928068592036	0.00011054928068488944	0.00011054928068327133	0.00011054928068073132	0.00011054928067674202	0.00011054928067047653	0.00011054928066063938	0.00011054928064519449	0.00011054928062094867	0.00011054928058290077	0.00011054928052320643	0.00011054928042958895	0.0001105492802828239	0.00011054928005284736	0.00011054927969265116	0.00011054927912880944	0.00011054927824669625	0.0001105492768675173	0.0001105492747126278	0.00011054927134815	0.00011054926609913204	0.00011054925791665402	0.000110549245172353	0.0001105492253411601	0.00011054919451214626	0.00011054914663548021	0.00011054907236498434	0.00011054895728218177	0.00011054877917605041	0.00011054850388426863	0.00011054807894767926	0.00011054742394803672	0.00011054641582719503	0.00011054486663161026	0.00011054248985363567	0.00011053884965288451	0.00011053328444754726	0.000110524792248619	0.00011051185906448589	0.00011049220285994381	0.00011046239267013251	0.00011041728377755329	0.00011034918286233017	0.00011024661821868261	0.00011009253461238972	0.00010986165341259703	0.0001095166272319241	0.00010900246288724053	0.00010823847399354259	0.00010710674673490377	0.00010543578121834889	0.00010297775389611033	0.00009937836022725466	0.00009414183295714826	0.00008660900379907138	0.00007601911529729625	0.00006186213191412793	0.00004483946140584187	0.00002794085309002114	0.000015062303969451624	7.449524259636061e-6	3.643925377173348e-6	1.8440421094577284e-6	9.141527183697546e-7	3.802059322089635e-7	1.2957183900433966e-7	4.349801015483114e-8	1.5293314202742505e-8	4.286585378152571e-9	9.916000625553057e-10	2.51097440715382e-10	4.777647291206791e-11	8.225802703088044e-12	1.310003765231599e-12	1.5708906012359217e-13	1.615687871543045e-14	7.472828219654128e-16	2.4573602856002184e-17	6.206744953592931e-19	1.1525344396803519e-20	1.5211531821888684e-22	2.925851429924697e-38
0.00011750895167009642	0.00011750895167009607	0.00011750895167009557	0.00011750895167009485	0.0001175089516700938	0.00011750895167009227	0.00011750895167009001	0.00011750895167008661	0.00011750895167008148	0.00011750895167007365	0.00011750895167006158	0.00011750895167004283	0.00011750895167001359	0.00011750895166996783	0.00011750895166989624	0.00011750895166978429	0.00011750895166960927	0.0001175089516693354	0.00011750895166890607	0.00011750895166823208	0.00011750895166717382	0.00011750895166551283	0.00011750895166290556	0.0001175089516588107	0.00011750895165237945	0.00011750895164228213	0.00011750895162642889	0.00011750895160154214	0.0001175089515624886	0.00011750895150121652	0.00011750895140512452	0.00011750895125447969	0.00011750895101842215	0.0001175089506486985	0.0001175089500699363	0.00011750894916446727	0.0001175089477487466	0.00011750894553671602	0.00011750894208293635	0.00011750893669443912	0.00011750892829425044	0.00011750891521035933	0.00011750889484984493	0.00011750886319639453	0.0001175088140366573	0.00011750873777097485	0.00011750861958834302	0.00011750843667054064	0.00011750815391702714	0.00011750771742063799	0.00011750704453105128	0.00011750600875376411	0.00011750441685179448	0.00011750197420522357	0.00011749823253557156	0.0001174925112183405	0.00011748377915438175	0.00011747047792187093	0.00011745025778239436	0.00011741958477696628	0.00011737315777732006	0.00011730304635461684	0.00011719742001920499	0.00011703868166169512	0.00011680073583283252	0.00011644500631337449	0.00011591465493871902	0.0001151262307064332	0.00011395768475232668	0.00011223134128197077	0.00010969015686274823	0.00010596603636266418	0.00010054243471665242	0.0000927283147178971	0.0000817125719469891	0.00006690599951257145	0.00004891683126407322	0.00003076976660576644	0.00001670087029987291	8.289702892807236e-6	4.067465911796337e-6	2.0724367084701363e-6	1.0428904857436965e-6	4.424225995442087e-7	1.524003743347432e-7	5.1477784150881936e-8	1.847213397230176e-8	5.340701584002687e-9	1.2476301280201396e-9	3.2342643924564096e-10	6.406738302880722e-11	1.113786971429347e-11	1.8729414790627597e-12	2.273955901223021e-13	2.5136979101903896e-14	1.1836300811364757e-15	3.876341125271567e-17	9.754235392443306e-19	1.8034894811211918e-20	2.368822566475375e-22	4.5357509108043445e-38
0.00012533244845238804	0.0001253324484523877	0.00012533244845238718	0.00012533244845238644	0.00012533244845238536	0.0001253324484523838	0.00012533244845238146	0.00012533244845237796	0.00012533244845237267	0.00012533244845236462	0.00012533244845235218	0.0001253324484523329	0.00012533244845230282	0.00012533244845225577	0.00012533244845218215	0.00012533244845206704	0.00012533244845188706	0.00012533244845160544	0.00012533244845116398	0.00012533244845047098	0.00012533244844938285	0.00012533244844767504	0.0001253324484449943	0.00012533244844078415	0.00012533244843417182	0.00012533244842379034	0.00012533244840749115	0.00012533244838190439	0.0001253324483417525	0.0001253324482787573	0.00012533244817996276	0.00012533244802508066	0.00012533244778238178	0.00012533244740225283	0.00012533244680719538	0.00012533244587621843	0.00012533244442058882	0.00012533244214615137	0.0001253324385948395	0.00012533243305400674	0.00012533242441603747	0.00012533241096124566	0.00012533239002259638	0.00012533235746866404	0.00012533230690747624	0.00012533222846247303	0.00012533210689383796	0.00012533191871999126	0.00012533162781534733	0.00012533117869064237	0.00012533048625662825	0.00012532942026373875	0.0001253277817011057	0.00012532526708276804	0.00012532141453520514	0.0001253155226178685	0.00012530652840711371	0.00012529282490219014	0.00012527198833002062	0.00012524037208952435	0.00012519250396328917	0.00012512019411819417	0.00012501121947187233	0.00012484738985963246	0.00012460171567359762	0.0001242342751992414	0.00012368620963412085	0.00012287103936629908	0.00012166218443279352	0.00011987519989693917	0.00011724293466817383	0.00011338217360416512	0.00010775359410839303	0.00009963124157832381	0.00008814887263162711	0.0000726301663127603	0.00005357684592477111	0.0000340358577049319	0.000018609305482994604	9.272168293952918e-6	4.563343141464168e-6	2.340610253501851e-6	1.1957260024937005e-6	5.179611999768564e-7	1.8053248965582399e-7	6.133278402000771e-8	2.2447221792897503e-8	6.708448343229724e-9	1.5837566361433393e-9	4.194237541259705e-10	8.680392496791064e-11	1.521435681916596e-11	2.7038560506314214e-12	3.325798480102752e-13	3.9539351210464566e-14	1.9096787660036765e-15	6.264997297407234e-17	1.558180345968341e-18	2.867268482763923e-20	3.7459861645854835e-22	7.137003373464882e-38
0.00013411725313248546	0.0001341172531324851	0.00013411725313248457	0.0001341172531324838	0.0001341172531324827	0.00013411725313248107	0.00013411725313247866	0.00013411725313247505	0.0001341172531324696	0.0001341172531324613	0.00013411725313244852	0.00013411725313242865	0.00013411725313239767	0.0001341172531323492	0.00013411725313227337	0.00013411725313215478	0.0001341172531319694	0.00013411725313167936	0.00013411725313122467	0.00013411725313051097	0.00013411725312939036	0.00013411725312763154	0.0001341172531248708	0.00013411725312053514	0.00013411725311372576	0.00013411725310303493	0.00013411725308625028	0.00013411725305990152	0.00013411725301855403	0.00013411725295368318	0.00013411725285194682	0.0001341172526924524	0.00013411725244252433	0.000134117252051069	0.00013411725143827385	0.0001341172504795309	0.00013411724898045922	0.00013411724663808962	0.00013411724298060965	0.0001341172372739512	0.00013411722837714128	0.00013411721451859245	0.0001341171929505832	0.000134117159416363	0.0001341171073294847	0.0001341170265119002	0.00013411690125688421	0.00013411670736053035	0.00013411640758102813	0.00013411594470618147	0.00013411523099053489	0.00013411413209462876	0.0001341124427183581	0.00013410984971752265	0.00013410587640738208	0.0001340997986667529	0.00013409051889277053	0.00013407637714135694	0.0001340548689420742	0.0001340222248957058	0.00013397278623899359	0.00013389808024766292	0.00013378545561636458	0.0001336160751635364	0.00013336197353940848	0.0001329817604078219	0.0001324143708404974	0.00013157001768762493	0.00013031717118961787	0.00012846398975519094	0.00012573227513740142	0.00012172228500813417	0.00011586980314482515	0.00010741073571346432	0.00009541864425407014	0.00007912167141600392	0.00005890032810584744	0.0000378071716112212	0.000020834096340685535	0.00001042256762158561	5.1446907990845096e-6	2.655855117121175e-6	1.3773628173381862e-6	6.098608887946988e-7	2.1533345519906979e-7	7.354946468584536e-8	2.743065574796389e-8	8.490581314586827e-9	2.0279096632776486e-9	5.473068133876524e-10	1.1874995172791484e-10	2.096331744773297e-11	3.9365663367440235e-12	4.915169520658544e-13	6.277691554577934e-14	3.1279646414729915e-15	1.029200993946073e-16	2.5299406316859123e-18	4.630990624622609e-20	6.014651316143734e-22	1.1396490063003467e-37
0.00014397132077118306	0.00014397132077118268	0.0001439713207711821	0.00014397132077118133	0.0001439713207711802	0.0001439713207711785	0.000143971320771176	0.0001439713207711723	0.0001439713207711667	0.0001439713207711581	0.0001439713207711449	0.0001439713207711244	0.00014397132077109245	0.00014397132077104244	0.0001439713207709642	0.00014397132077084186	0.00014397132077065064	0.0001439713207703514	0.0001439713207698824	0.00014397132076914622	0.00014397132076799036	0.0001439713207661762	0.0001439713207633287	0.00014397132075885682	0.00014397132075183358	0.0001439713207408071	0.0001439713207234957	0.00014397132069632015	0.00014397132065367536	0.00014397132058676938	0.00014397132048184113	0.0001439713203173422	0.00014397132005957043	0.00014397131965582596	0.00014397131902378523	0.00014397131803491593	0.00014397131648870897	0.00014397131407263163	0.000143971310299956	0.00014397130441336966	0.00014397129523570305	0.00014397128093904805	0.0001439712586881243	0.00014397122409017725	0.0001439711703477058	0.00014397108695545811	0.00014397095769995143	0.0001439707575932648	0.00014397044818196622	0.0001439699703835596	0.00014396923356898634	0.00014396809895841561	0.00014396635442297107	0.000143963676330676	0.00014395957191177102	0.0001439532924110494	0.0001439437025549511	0.0001439290848812148	0.00014390684723587522	0.00014387308676886226	0.00014382194195213546	0.0001437446325154717	0.00014362804151182447	0.00014345262804555094	0.0001431893652625592	0.0001427952647020815	0.00014220686010317678	0.00014133076305865373	0.00014003005284718778	0.0001381048296544818	0.0001352648571067074	0.00013109238105639572	0.0001249960597973239	0.00011617026658044185	0.00010362305256187627	0.00008647813528316939	0.00006497874673067294	0.000042162073146677755	0.000023429921831015088	0.000011771409261703297	5.8271456712441656e-6	3.0268356710402615e-6	1.5934147090803268e-6	7.21849924954099e-7	2.5853944394842324e-7	8.874835496769656e-8	3.3691687213880085e-8	1.0820473601822232e-8	2.6184486948987666e-9	7.182142264434862e-10	1.6388209549625257e-10	2.912929605421731e-11	5.7712141723040855e-12	7.340639402137627e-13	1.0040366102724902e-13	5.2094286997651294e-15	1.704321623088838e-16	4.173858400812008e-18	7.595933201520628e-20	9.80163948579197e-22	1.8460001911898592e-37
0.00015501427095659674	0.00015501427095659636	0.0001550142709565958	0.00015501427095659495	0.00015501427095659378	0.00015501427095659202	0.00015501427095658944	0.00015501427095658562	0.0001550142709565798	0.00015501427095657093	0.0001550142709565573	0.00015501427095653613	0.0001550142709565031	0.00015501427095645143	0.0001550142709563706	0.0001550142709562442	0.0001550142709560466	0.00015501427095573748	0.00015501427095525298	0.0001550142709544925	0.00015501427095329846	0.00015501427095142444	0.00015501427094848303	0.00015501427094386387	0.00015501427093660928	0.00015501427092521974	0.00015501427090733858	0.00015501427087926873	0.0001550142708352208	0.00015501427076611355	0.00015501427065773286	0.00015501427048782108	0.00015501427022156534	0.00015501426980452877	0.00015501426915167182	0.00015501426813021728	0.00015501426653302783	0.00015501426403722598	0.0001550142601399502	0.00015501425405874448	0.00015501424457728426	0.00015501422980673623	0.00015501420681709937	0.00015501417106848612	0.00015501411553506156	0.00015501402935756619	0.00015501389577421887	0.00015501368894876982	0.0001550133691166937	0.00015501287517151032	0.0001550121133633761	0.00015501094010646473	0.00015500913588016485	0.00015500636569897703	0.0001550021193784204	0.00015499562148960934	0.0001549856959638247	0.00015497056304094182	0.00015494753558204275	0.00015491256614868953	0.00015485957348451465	0.0001547794439753568	0.00015465855586070844	0.00015447660514865847	0.0001542034136088205	0.00015379425886986523	0.00015318306853928619	0.00015227254461093652	0.00015091991197775057	0.00014891651723838152	0.00014595904377109976	0.00014161016395577034	0.00013524906367429264	0.0001260250195339407	0.00011287500350185219	0.00009480897008773186	0.00007191546911463754	0.0000471906384296545	0.000026461038315583216	0.000013354995727377295	6.6293338563962964e-6	3.4638443158544404e-6	1.8505711731468743e-6	8.584874757454701e-7	3.123583301975942e-7	1.077221947993966e-7	4.157187277186337e-8	1.3873960255130826e-8	3.4081964927051835e-9	9.47253054083804e-10	2.2789996978527e-10	4.080920903062319e-11	8.505117349437479e-12	1.1077444600043044e-12	1.6134001001854268e-13	8.810784834869856e-15	2.889403871156456e-16	6.992865987462178e-18	1.264538999223956e-19	1.620161694987738e-21	3.031176577746536e-37
0.00016737868358400126	0.00016737868358400086	0.00016737868358400026	0.00016737868358399942	0.0001673786835839982	0.00016737868358399638	0.00016737868358399373	0.00016737868358398974	0.00016737868358398373	0.00016737868358397454	0.00016737868358396042	0.00016737868358393851	0.0001673786835839043	0.00016737868358385086	0.00016737868358376724	0.00016737868358363646	0.00016737868358343203	0.0001673786835831122	0.00016737868358261096	0.00016737868358182427	0.0001673786835805891	0.00016737868357865048	0.00016737868357560783	0.00016737868357082978	0.00016737868356332574	0.00016737868355154464	0.00016737868353304905	0.00016737868350401476	0.00016737868345845366	0.00016737868338697264	0.00016737868327486896	0.00016737868309912017	0.00016737868282371574	0.0001673786823923456	0.00016737868171704136	0.0001673786806604483	0.00016737867900828117	0.00016737867642650678	0.00016737867239486454	0.00016737866610378247	0.00016737865629470834	0.00016737864101310038	0.00016737861722679765	0.0001673785802372177	0.00016737852277223862	0.0001673784335907422	0.00016737829533947988	0.00016737808126703047	0.00016737775019437864	0.00016737723883128745	0.00016737645006050758	0.00016737523510997184	0.00016737336648174373	0.0001673704969360526	0.00016736609748988981	0.0001673593639174734	0.00016734907610150112	0.00016733338700543796	0.00016730950689750765	0.00016727323214159204	0.00016721824406343408	0.00016713506879105437	0.00016700953886461206	0.00016682052518330454	0.00016653660423582344	0.00016611117777846825	0.0001654753530411235	0.00016452759964512932	0.00016311880267292286	0.00016103082629871193	0.0001579461807975396	0.00015340632695444434	0.0001467585171980981	0.00013710319983965648	0.00012330045155435013	0.00010423669836307876	0.00007982712401443711	0.000052996183333774484	0.000030002868509413735	0.000015216532398282274	7.573452762680226e-6	3.979105104838956e-6	2.15679121231232e-6	1.025329429302844e-6	3.79596602981873e-7	1.3148523219901493e-7	5.150419480802041e-8	1.788171512389652e-8	4.470047253375903e-9	1.254929579757783e-9	3.1892511879166224e-10	5.762674227817606e-11	1.257665249292579e-11	1.6887785563673728e-12	2.598142563183218e-13	1.512754549448279e-14	4.956781063701459e-16	1.1888259819902634e-17	2.1348761422735408e-19	2.7140856132875968e-21	5.041188602713574e-37
0.00018121151206102208	0.00018121151206102165	0.00018121151206102102	0.00018121151206102016	0.00018121151206101886	0.00018121151206101698	0.00018121151206101422	0.0001812115120610101	0.00018121151206100387	0.00018121151206099435	0.00018121151206097972	0.000181211512060957	0.00018121151206092158	0.0001812115120608662	0.00018121151206077954	0.00018121151206064405	0.00018121151206043227	0.00018121151206010094	0.00018121151205958172	0.00018121151205876683	0.0001812115120574874	0.00018121151205547934	0.00018121151205232778	0.00018121151204737886	0.00018121151203960657	0.0001812115120274044	0.00018121151200824813	0.00018121151197817686	0.0001812115119309887	0.00018121151185695536	0.00018121151174084853	0.0001812115115588236	0.00018121151127358222	0.0001812115108268002	0.00018121151012736003	0.00018121150903298487	0.00018121150732170369	0.00018121150464748767	0.00018121150047136704	0.00018121149395461115	0.00018121148379325797	0.00018121146796210382	0.00018121144331912246	0.00018121140499506068	0.00018121134545291144	0.00018121125304084316	0.00018121110976941084	0.00018121088790275418	0.00018121054474020456	0.00018121001464214867	0.00018120919686824202	0.0001812079370658723	0.00018120599915240533	0.0001812030226993283	0.00018119845848912428	0.0001811914712952331	0.00018118079357370206	0.00018116450584057092	0.00018113970786634632	0.00018110202775005124	0.00018104489100440274	0.0001809584354992397	0.00018082790551846584	0.00018063128227015338	0.00018033579911117708	0.0001798928339089237	0.0001792304499895403	0.00017824254762529416	0.0001767731649633453	0.0001745939218497622	0.00017137201240173097	0.00016662597198050628	0.00015966854557789917	0.00014954745616126673	0.00013503982883092354	0.00011489839370159354	0.00008884508793468814	0.00005969693772777721	0.000034143817689742246	0.000017407445475690673	8.685969131621881e-6	4.587134538172523e-6	2.5215304823208025e-6	1.2291212896397672e-6	4.638183554822485e-7	1.6133705759808603e-7	6.403726767208206e-8	2.3144659331322983e-8	5.9047492997774314e-9	1.669111862537142e-9	4.484443196217354e-10	8.199671162676615e-11	1.862739874317525e-11	2.600031125210973e-12	4.182351695991143e-13	2.6324361426867232e-14	8.610667475041505e-16	2.0488345650377458e-17	3.6515371902393797e-19	4.6031978812421844e-21	8.483098311675057e-37
0.00019667562980065368	0.00019667562980065322	0.0001966756298006526	0.00019667562980065168	0.00019667562980065035	0.0001966756298006484	0.00019667562980064552	0.00019667562980064124	0.00019667562980063476	0.00019667562980062487	0.0001966756298006097	0.0001966756298005861	0.00019667562980054938	0.00019667562980049192	0.00019667562980040204	0.0001966756298002615	0.00019667562980004179	0.00019667562979969815	0.00019667562979915962	0.0001966756297983145	0.0001966756297969876	0.00019667562979490508	0.00019667562979163675	0.0001966756297865046	0.00019667562977844464	0.00019667562976579097	0.00019667562974592625	0.00019667562971474302	0.00019667562966581018	0.00019667562958904005	0.00019667562946864086	0.0001966756292798864	0.00019667562898409741	0.00019667562852079026	0.0001966756277954706	0.0001966756266605839	0.000196675624885918	0.00019667562211258115	0.0001966756177815414	0.0001966756110228002	0.00019667560048369965	0.00019667558406325793	0.0001966755585016249	0.00019667551874650625	0.0001966754569767971	0.00019667536110014119	0.00019667521244467868	0.00019667498221852736	0.00019667462608860423	0.00019667407589471085	0.00019667322700904223	0.00019667191909067248	0.0001966699068440237	0.00019666681568501703	0.00019666207467553784	0.00019665481530681288	0.00019664371911018203	0.00019662678879768996	0.00019660100545061343	0.00019656181639331752	0.0001965023722471389	0.0001964123935695245	0.00019627649220741136	0.00019607169259455059	0.00019576378325596438	0.00019530196423681192	0.00019461102234637212	0.0001935799375964429	0.00019204537274203576	0.00018976790883057745	0.00018639823125393137	0.00018143016137096615	0.00017413925133625917	0.000163516439292103	0.00014824961027558415	0.00012694725867842325	0.00009911710850552575	0.00006742787449108038	0.00003898734084419769	0.000019988948217179745	9.99845783148116e-6	5.305171156444729e-6	2.956007802974084e-6	1.4780216419276967e-6	5.695432310147035e-7	1.9894539727993118e-7	7.986604877586365e-8	3.0052984045301743e-8	7.851669164756377e-9	2.22773212255277e-9	6.325627294072505e-10	1.1752573049829222e-10	2.759018910558947e-11	4.040351285201921e-12	6.716154693050237e-13	4.6357791230095754e-14	1.5157929700055808e-15	3.619458798346501e-17	6.320819747702474e-19	7.895757446054556e-21	1.4427726191099158e-36
0.0002139683257996552	0.00021396832579965473	0.00021396832579965406	0.0002139683257996531	0.00021396832579965172	0.0002139683257996497	0.0002139683257996467	0.00021396832579964224	0.00021396832579963552	0.00021396832579962524	0.00021396832579960944	0.00021396832579958496	0.00021396832579954683	0.00021396832579948714	0.0002139683257993938	0.00021396832579924783	0.0002139683257990197	0.00021396832579866282	0.00021396832579810365	0.00021396832579722615	0.00021396832579584845	0.00021396832579368625	0.00021396832579029295	0.00021396832578496474	0.00021396832577659698	0.0002139683257634602	0.00021396832574283742	0.00021396832571046444	0.00021396832565966488	0.0002139683255799666	0.00021396832545497485	0.00021396832525902036	0.0002139683249519463	0.00021396832447095868	0.00021396832371795013	0.00021396832253971942	0.00021396832069723654	0.00021396831781784703	0.00021396831332105235	0.0002139683063033967	0.00021396829536011485	0.00021396827830913586	0.0002139682517645232	0.00021396821047809704	0.00021396814632470388	0.00021396804674050275	0.00021396789232321434	0.0002139676531505741	0.00021396728314200671	0.00021396671143881832	0.00021396582925097514	0.00021396446982533752	0.00021396237800012566	0.00021395916403013068	0.00021395423371056832	0.00021394668287620295	0.00021393513849207526	0.00021391751988798083	0.0002138906809219165	0.00021384987510511617	0.0002137879582739465	0.00021369420336290023	0.00021355254366553343	0.00021333897677950186	0.00021301774011819253	0.000212535694934085	0.00021181410810999134	0.00021073667194067738	0.00020913212002331844	0.0002067491615279548	0.0002032207218802436	0.00019801403129726173	0.0001903646316362873	0.00017920242393676796	0.00016311948944000858	0.00014056912091881164	0.00011082272620447563	0.00007635435389407464	0.00004466262469965932	0.000023038678767672384	0.000011551068121165018	6.155033479276404e-6	3.474379399775063e-6	1.7824470579144343e-6	7.027961499597614e-7	2.4656586640341167e-7	9.99178164051434e-8	3.913440466748416e-8	1.0512302118414884e-8	2.984911415637919e-9	8.946158965870984e-10	1.6984198700090868e-10	4.0870325954181785e-11	6.344528438501595e-12	1.0763532243839332e-12	8.273954060760348e-14	2.71084849889236e-15	6.384090365428723e-17	1.1094348410366316e-18	1.372177866673574e-20	2.484273747117352e-36
0.0002333119576892689	0.0002333119576892684	0.0002333119576892677	0.0002333119576892667	0.00023331195768926526	0.00023331195768926314	0.00023331195768926002	0.0002333119576892554	0.00023331195768924837	0.0002333119576892377	0.00023331195768922126	0.0002333119576891958	0.00023331195768915616	0.00023331195768909411	0.00023331195768899708	0.00023331195768884532	0.00023331195768860812	0.00023331195768823716	0.00023331195768765592	0.00023331195768674386	0.00023331195768531193	0.00023331195768306462	0.00023331195767953787	0.00023331195767400034	0.00023331195766530393	0.0002333119576516513	0.00023331195763021914	0.0002333119575965759	0.0002333119575437833	0.00023331195746095873	0.00023331195733106378	0.00023331195712742226	0.0002333119568082999	0.00023331195630843616	0.00023331195552586618	0.00023331195430135998	0.0002333119523864733	0.00023331194939385722	0.0002333119447200932	0.00023331193742600178	0.00023331192605117936	0.00023331190832696748	0.00023331188073278856	0.00023331183781127824	0.0002333117711125747	0.0002333116675692883	0.00023331150699899757	0.00023331125827202252	0.0002333108734410622	0.00023331027876455793	0.00023330936100545083	0.0002333079465589132	0.00023330576971954985	0.0002333024245379899	0.00023329729193864347	0.00023328942963562004	0.00023327740624680605	0.00023325905192598303	0.00023323108444059889	0.00023318854993509212	0.00023312398877132684	0.0002330261947217803	0.00023287837451412864	0.0002326554259255372	0.00023231992447444373	0.00023181622471882244	0.00023106181954771714	0.00022993472971821657	0.00022825518082886243	0.00022575913875837268	0.0002220604593920154	0.000216597816526997	0.00020856379293818022	0.0001968228093538586	0.00017986431160537793	0.00015597503293082987	0.00012416697987575678	0.00008666789049737689	0.00005132335636530311	0.000026650991908330314	0.000013392782455624351	7.163188582683568e-6	4.093761950953754e-6	2.155180334516985e-6	8.713653669478139e-7	3.071734386046165e-7	1.2539614023454107e-7	5.108185122580561e-8	1.4172843444221885e-8	4.016661332875118e-9	1.2676021403906353e-9	2.4766795553836225e-10	6.05547072318042e-11	1.0073336567563519e-11	1.7224432989415058e-12	1.4972497973682025e-13	4.92712184520614e-15	1.1611817037116444e-16	1.9774712344131353e-18	2.4194182867839095e-20	4.33626610769308e-36
0.00025490646411678136	0.00025490646411678087	0.0002549064641167801	0.0002549064641167791	0.00025490646411677756	0.0002549064641167754	0.00025490646411677214	0.00025490646411676726	0.00025490646411676	0.0002549064641167489	0.00025490646411673176	0.00025490646411670525	0.000254906464116664	0.00025490646411659943	0.00025490646411649844	0.0002549064641163405	0.00025490646411609376	0.00025490646411570773	0.000254906464115103	0.0002549064641141542	0.0002549064641126645	0.0002549064641103266	0.00025490646410665784	0.00025490646410089747	0.00025490646409185127	0.00025490646407764963	0.00025490646405535616	0.0002549064640203611	0.00025490646396544755	0.00025490646387929614	0.0002549064637441834	0.0002549064635323618	0.00025490646320041834	0.0002549064626804679	0.00025490646186644055	0.0002549064605926909	0.0002549064586007562	0.0002549064554876499	0.00025490645062556144	0.0002549064430372929	0.0002549064312032259	0.00025490641276254577	0.00025490638405136894	0.00025490633938967457	0.0002549062699819623	0.000254906162224806	0.0002549059951052555	0.00025490573620814283	0.0002549053355985793	0.0002549047164652208	0.0002549037608351884	0.0002549022878062236	0.00025490002044208576	0.00025489653553080927	0.00025489118749771043	0.00025488299343417396	0.0002548704597707013	0.00025485132159798804	0.00025482215157946055	0.000254777774709327	0.00025471039482549153	0.000254608294434129	0.0002544539047980541	0.0002542209494982939	0.00025387022919552487	0.00025334342043765177	0.0002525539827099438	0.00025137387307088967	0.00024961421728176723	0.0002469973463588818	0.00024311670600833866	0.00023738040109380878	0.00022893503651151824	0.0002165750113257756	0.0001986801818073604	0.00017335923516263241	0.0001393413689092278	0.00009855272569646859	0.00005912448543747357	0.00003092439523528171	0.00001557507884767317	8.35721866783181e-6	4.8319238981753734e-6	2.6098022693557632e-6	1.0841415610188889e-6	3.842682355989027e-7	1.5768783879176222e-7	6.670286853915964e-8	1.9201396124663257e-8	5.419946009831089e-9	1.793517039455993e-9	3.634577739748071e-10	8.947722798146416e-11	1.6093863731824592e-11	2.7426130762567954e-12	2.72518385689157e-13	9.045656941544095e-15	2.1215562986972483e-16	3.557482154436545e-18	4.302483050946031e-20	7.628564777764556e-36
0.00027902173439614905	0.00027902173439614856	0.0002790217343961478	0.0002790217343961467	0.00027902173439614514	0.0002790217343961428	0.00027902173439613945	0.00027902173439613436	0.00027902173439612677	0.00027902173439611517	0.0002790217343960974	0.00027902173439606974	0.00027902173439602675	0.00027902173439595953	0.00027902173439585436	0.0002790217343956899	0.0002790217343954329	0.0002790217343950309	0.0002790217343944012	0.0002790217343934133	0.0002790217343918623	0.0002790217343894282	0.0002790217343856085	0.0002790217343796115	0.0002790217343701938	0.000279021734355409	0.00027902173433220064	0.0002790217342957698	0.00027902173423860363	0.00027902173414891886	0.0002790217340082645	0.0002790217337877553	0.0002790217334421952	0.00027902173290091195	0.0002790217320534756	0.00027902173072742715	0.0002790217286536639	0.00027902172541259003	0.000279021720350488	0.0002790217124497783	0.00027902170012794565	0.00027902168092628466	0.0002790216510286824	0.0002790216045185869	0.00027902153223330074	0.0002790214199998932	0.0002790212459229728	0.0002790209762214343	0.00027902055884823694	0.0002790199137295703	0.0002790189178589794	0.00027901738257709994	0.00027901501900795073	0.00027901138558487817	0.0002790058085535387	0.00027899726179933857	0.00027898418559911363	0.00027896421389802156	0.0002789337649386687	0.0002788874283117151	0.00027881704955309546	0.0002787103666697653	0.0002785489848138502	0.0002783053762918909	0.00027793844976445336	0.00027738702599687596	0.00027656026169717746	0.00027532364270651405	0.0002734785794951412	0.0002707328404246285	0.00026665806510304743	0.0002606296932850217	0.00025174520859450733	0.00023872426746022706	0.00021982993891122524	0.0001929810688599724	0.00015660003805222292	0.00011225190855967635	0.00006827159985281221	0.000035991370796466165	0.000018167496741661392	9.774231712917305e-6	5.712612376676911e-6	3.1644033782467055e-6	1.3533382464762757e-6	4.82783146544471e-7	1.9872180815136324e-7	8.711067151191515e-8	2.614054186295507e-8	7.338208964536877e-9	2.5331576649488155e-9	5.371200134583602e-10	1.3198744190252688e-10	2.586924069120285e-11	4.354614353271226e-12	4.988206334332727e-13	1.6813882213876292e-14	3.910120694754589e-16	6.472577022640072e-18	7.731367304543251e-20	1.3550294052977893e-35
0.00030598968035752526	0.00030598968035752466	0.0003059896803575239	0.00030598968035752276	0.00030598968035752114	0.0003059896803575187	0.00030598968035751517	0.00030598968035750986	0.00030598968035750195	0.00030598968035748986	0.00030598968035747126	0.0003059896803574425	0.00030598968035739764	0.0003059896803573276	0.000305989680357218	0.0003059896803570466	0.0003059896803567787	0.00030598968035635974	0.00030598968035570363	0.0003059896803546742	0.0003059896803530582	0.00030598968035052196	0.0003059896803465422	0.00030598968034029414	0.00030598968033048243	0.0003059896803150791	0.0003059896802909005	0.000305989680252947	0.0003059896801933917	0.0003059896800999598	0.0003059896799534284	0.00030598967972370603	0.00030598967936370554	0.00030598967879979903	0.0003059896779169327	0.0003059896765354219	0.0003059896743748796	0.00030598967099809525	0.00030598966572387484	0.00030598965749181	0.00030598964465267467	0.00030598962464393266	0.0003059895934879973	0.00030598954501741006	0.0003059894696799386	0.0003059893526984635	0.00030598917124134776	0.000305988890078152	0.00030598845492053477	0.0003059877822324068	0.00030598674366489345	0.00030598514232462495	0.00030598267666021576	0.0003059788856166865	0.0003059730655149833	0.0003059641443512338	0.00030595049212729463	0.0003059296353198108	0.0003058978280613579	0.0003058494097091106	0.0003057758448263138	0.00030566429230671923	0.0003054954784111433	0.00030524054379444244	0.0003048563828812928	0.0003042787750246547	0.00030341229267502856	0.00030211552430575993	0.00030017952102754806	0.0002972965169353279	0.0002930148828063755	0.00028667519602606703	0.0002773225249117523	0.00026359684435776714	0.00024363694149886534	0.00021515965571921496	0.00017625593768451123	0.00012806620789566867	0.00007902403793321281	0.00004202298649786988	0.000021260455959341464	0.000011462198959833766	6.766311964936458e-6	3.842268798185708e-6	1.6953615349123321e-6	6.095801000440714e-7	2.511392572945209e-7	1.138153919723024e-7	3.578569796592967e-8	9.98406549275209e-9	3.574087023720304e-9	8.007346438189176e-10	1.948259758075842e-10	4.18762405926786e-11	6.9230997801244515e-12	9.195838203455975e-13	3.181960333312711e-14	7.310462846368149e-16	1.1969732233369261e-17	1.4105175672765374e-19	2.4410868283769137e-35
0.0003360626122888812	0.00033606261228888066	0.0003360626122888798	0.0003360626122888786	0.0003360626122888769	0.00033606261228887437	0.0003360626122888707	0.00033606261228886515	0.00033606261228885686	0.00033606261228884423	0.0003360626122888248	0.00033606261228879484	0.00033606261228874806	0.000336062612288675	0.00033606261228856066	0.0003360626122883819	0.0003360626122881025	0.0003360626122876657	0.00033606261228698157	0.0003360626122859083	0.00033606261228422347	0.00033606261228157937	0.0003360626122774304	0.000336062612270917	0.00033606261226068874	0.0003360626122446317	0.0003360626122194275	0.00033606261217986456	0.0003360626121177842	0.00033606261202039187	0.0003360626118676492	0.00033606261162818954	0.0003360626112529274	0.0003360626106651111	0.0003360626097448	0.00033606260830467257	0.00033606260605241575	0.00033606260253220136	0.0003360625970337941	0.0003360625884515165	0.0003360625750656282	0.0003360625542038385	0.0003360625217178669	0.00033606247117500844	0.0003360623926112127	0.00033606227061056654	0.00033606208135150017	0.00033606178807100984	0.00033606133411054204	0.00033606063227224677	0.00033605954855643106	0.00033605787735940546	0.0003360553037194165	0.00033605134596031375	0.0003360452687339761	0.0003360359514641406	0.0003360216897551764	0.00033599989628804413	0.0003359666513855037	0.0003359160293187404	0.00033583909096179907	0.0003357223813936678	0.00033554569504021194	0.00033527876023213164	0.0003348763343973773	0.00033427096892820276	0.00033336236895176576	0.00033200179672721416	0.0003299692954065245	0.0003269405857229507	0.000322439294783719	0.0003157689214361789	0.0003059187971163176	0.00029144424283641533	0.0002703522535677193	0.0002401456029314119	0.00019855969958383418	0.0001462460961092194	0.00009161295651116414	0.0000491810387746584	0.000024940823808900577	0.000013466622798336789	8.021605122114602e-6	4.6656447514841014e-6	2.127320478185523e-6	7.722733424444824e-7	3.1779693576937416e-7	1.4843309522509963e-7	4.909324857785086e-8	1.3619355531279192e-8	5.019681287913045e-9	1.1981955241478804e-9	2.868546423029139e-10	6.767441269690772e-11	1.0979441502692009e-11	1.684115391585585e-12	6.066465157413623e-14	1.3829380624632705e-15	2.2276331821417057e-17	2.5878288802560983e-19	4.4192701595257913e-35
0.0003696921162503909	0.00036969211625039025	0.0003696921162503894	0.00036969211625038814	0.00036969211625038635	0.00036969211625038375	0.00036969211625037984	0.0003696921162503741	0.0003696921162503654	0.0003696921162503522	0.000369692116250332	0.00036969211625030064	0.0003696921162502518	0.0003696921162501756	0.00036969211625005626	0.0003696921162498698	0.00036969211624957824	0.0003696921162491225	0.00036969211624840876	0.0003696921162472892	0.0003696921162455317	0.00036969211624277357	0.0003696921162384458	0.0003696921162316521	0.0003696921162209839	0.00036969211620423636	0.0003696921161779489	0.0003696921161366863	0.0003696921160719389	0.00036969211597036403	0.0003696921158110614	0.0003696921155613183	0.00036969211516993833	0.00036969211455687145	0.00036969211359701523	0.00036969211209498366	0.00036969210974586807	0.0003696921060741771	0.0003696921003390031	0.0003696920913868555	0.0003696920774235142	0.00036969205566075717	0.00036969202176999566	0.00036969196903832615	0.0003696918870666374	0.00036969175976412494	0.0003696915622632735	0.00036969125618166476	0.0003696907823559952	0.00036969004971842154	0.00036968891829643213	0.00036968717327856554	0.0003696844855249417	0.00036968035155445953	0.0003696740025265663	0.00036966426648699953	0.0003696493603302273	0.00036962657632022057	0.0003695918108147301	0.00036953885744126793	0.0003694583495775078	0.00036933618210047316	0.00036915116205176916	0.00036887152074249817	0.0003684497496358076	0.0003678149760457674	0.0003668617399752665	0.00036543352596563777	0.00036329868583963906	0.0003601153946519272	0.0003553809799004644	0.00034835952302349514	0.00033798111393496124	0.0003227111820960847	0.0003004170588970301	0.0002683749660804876	0.00022394019007042362	0.00016720822328500283	0.00010641235530966453	0.00005772623506144029	0.00002934912821448284	0.000015861153575123284	9.524508547206603e-6	5.669738016213274e-6	2.6761001062757434e-6	9.831794574722828e-7	4.0329727987692214e-7	1.9351279030262783e-7	6.761673144025863e-8	1.8684034123977322e-8	7.0370614291173375e-9	1.805932785926867e-9	4.2341657655972103e-10	1.0953273366618466e-10	1.7509762513451735e-11	3.0797907382185455e-12	1.1790503303338238e-13	2.660239178985552e-15	4.276755208519582e-17	4.825806324420715e-19	8.121902688475946e-35
0.00040720391755285734	0.0004072039175528567	0.0004072039175528558	0.00040720391755285447	0.0004072039175528526	0.00040720391755284986	0.0004072039175528458	0.0004072039175528398	0.00040720391755283067	0.0004072039175528169	0.0004072039175527957	0.000407203917552763	0.00040720391755271206	0.0004072039175526325	0.00040720391755250796	0.00040720391755231323	0.00040720391755200895	0.0004072039175515332	0.0004072039175507883	0.00040720391754961997	0.00040720391754778593	0.0004072039175449077	0.00040720391754039167	0.00040720391753330283	0.0004072039175221714	0.00040720391750469675	0.00040720391747726877	0.0004072039174342165	0.0004072039173666613	0.0004072039172606828	0.00040720391709447385	0.0004072039168339043	0.00040720391642555575	0.0004072039157859054	0.00040720391478441686	0.00040720391321721384	0.0004072039107661267	0.0004072039069349621	0.0004072039009505185	0.00040720389160896344	0.00040720387703765504	0.00040720385432629967	0.0004072038189564406	0.0004072037639201049	0.0004072036783600087	0.00040720354547455227	0.00040720333929456285	0.0004072030197318051	0.00040720252498435	0.0004072017599071108	0.00040720057823419553	0.0004071987554510716	0.00040719594747506006	0.00040719162784077617	0.00040718499239814483	0.000407174815018027	0.00040715922958438545	0.0004071354013384535	0.00040709903253733937	0.0004070436206297009	0.0004069593477131034	0.000406831422091637	0.00040663760786709396	0.0004063445545754749	0.00040590235857444296	0.00040523652659160215	0.00040423613490852645	0.0004027364373234554	0.00040049340818252584	0.00039714663966031405	0.00039216559546017594	0.0003847725875461704	0.0003738349406206638	0.00035772293445473976	0.0003341563732819653	0.00030017261656831645	0.0002527231061769843	0.00019128144074040442	0.0001237401686982555	0.00006789762740275554	0.00003461747902009721	0.0000187140473640947	0.000011316900642281553	6.8869564334737745e-6	3.3686754239566546e-6	1.255812980169959e-6	5.125754946034098e-7	2.5171338072932835e-7	9.316232651485664e-8	2.572307080868246e-8	9.820359203096329e-9	2.7259471377829514e-9	6.249664168908864e-10	1.7599039826622455e-10	2.7994378695333906e-11	5.547031006157149e-12	2.3105888129751486e-13	5.151196220172732e-15	8.208684256462177e-17	9.059344458269172e-19	1.5014066668574743e-34
0.00044911372869722583	0.0004491137286972252	0.0004491137286972242	0.00044911372869722285	0.00044911372869722084	0.00044911372869721797	0.00044911372869721374	0.0004491137286972074	0.0004491137286971979	0.0004491137286971835	0.0004491137286971614	0.00044911372869712717	0.000449113728697074	0.0004491137286969909	0.00044911372869686084	0.0004491137286966575	0.00044911372869633977	0.000449113728695843	0.00044911372869506534	0.00044911372869384567	0.00044911372869193113	0.0004491137286889266	0.0004491137286842126	0.0004491137286768133	0.0004491137286651947	0.0004491137286469554	0.000449113728618328	0.00044911372857339395	0.00044911372850288606	0.0004491137283922772	0.0004491137282188063	0.000449113727946853	0.0004491137275206625	0.0004491137268530608	0.0004491137258077975	0.0004491137241720693	0.000449113721613763	0.0004491137176149163	0.0004491137113683695	0.00044911370161735233	0.00044911368640675414	0.00044911366269790437	0.0004491136257726629	0.0004491135683127162	0.0004491134789788699	0.00044911334022184864	0.00044911312491358003	0.0004491127911712244	0.0004491122744166414	0.00044911147521447094	0.00044911024067590565	0.00044910833607392545	0.0004491054015964023	0.0004491008865801284	0.0004490939496951286	0.00044908330775744146	0.00044906700721048973	0.0004490420794654836	0.0004490040222292716	0.0004489460207476533	0.00044885778129350883	0.0004487237880419079	0.0004485207047572507	0.00044821351157953024	0.0004477497761683507	0.00044705118124386585	0.00044600103004999766	0.0004444258760173069	0.000442068604220477	0.0004385491472592243	0.00043330748033919655	0.0004255217020430324	0.0004139927112176998	0.00039699018388703316	0.00037207828158186993	0.00033604297550699896	0.00028540833476155297	0.00021896025773832865	0.0001440647709131695	0.00008004870361573453	0.00004094296784877568	0.00002212712061109875	0.000013460851102575842	8.364706490367928e-6	4.244293420333002e-6	1.6107113831053946e-6	6.53123594122942e-7	3.2697435437061677e-7	1.2845893873204765e-7	3.561359299435627e-8	1.3668282872415647e-8	4.123865363280645e-9	9.259424720348809e-10	2.808913536779724e-10	4.514582990322393e-11	9.852344470121e-12	4.601397766657358e-13	1.0154345601879721e-14	1.5930341138730314e-16	1.7242495624073626e-18	2.8104294970588088e-34
0.0004958795772742394	0.0004958795772742387	0.0004958795772742377	0.0004958795772742363	0.0004958795772742342	0.0004958795772742312	0.0004958795772742268	0.0004958795772742201	0.0004958795772742102	0.0004958795772741951	0.000495879577274172	0.0004958795772741362	0.0004958795772740806	0.0004958795772739939	0.000495879577273858	0.0004958795772736456	0.0004958795772733137	0.000495879577272795	0.0004958795772719829	0.0004958795772707093	0.0004958795772687103	0.0004958795772655733	0.0004958795772606515	0.0004958795772529265	0.0004958795772407968	0.0004958795772217554	0.0004958795771918698	0.0004958795771449617	0.0004958795770713566	0.0004958795769558907	0.0004958795767748024	0.0004958795764909085	0.0004958795760460034	0.0004958795753490838	0.0004958795742579051	0.0004958795725503015	0.0004958795698795331	0.0004958795657048034	0.0004958795591833318	0.0004958795490028157	0.0004958795331216319	0.0004958795083664319	0.0004958794698095819	0.0004958794098071631	0.0004958793165143408	0.0004958791715972917	0.0004958789467118052	0.0004958785980916418	0.0004958780582448246	0.0004958772232325768	0.0004958759332133477	0.0004958739427377597	0.0004958708754767451	0.0004958661553539005	0.00049585890198538	0.0004958477722461375	0.0004958307206978082	0.0004958046380940573	0.0004957648071062262	0.0004957040846916129	0.0004956116766460682	0.0004954713052750467	0.000495258476292907	0.0004949364122896525	0.0004944500177363689	0.0004937169464235117	0.0004926144167470275	0.0004909598080339888	0.0004884821975707418	0.00048478077081279513	0.0004792643724322603	0.000471064416787113	0.000458911676503013	0.0004409697183769207	0.0004146389095115608	0.00037644143554963356	0.00032245140612639447	0.0002507040210574132	0.00016784180940374014	0.00009454645824509484	0.00004853637177695791	0.00002620821949318	0.00001602082993422142	0.000010152117632442924	5.345685092854781e-6	2.072496999798438e-6	8.338533234714066e-7	4.23803640078345e-7	1.7681964744163875e-7	4.953615697861287e-8	1.8956673860962875e-8	6.224745565517101e-9	1.3763981349674287e-9	4.431897356312758e-10	7.339014143322212e-11	1.713873087711481e-11	9.249888522320522e-13	2.0214959273873712e-14	3.1214626466298066e-16	3.310085962050916e-18	5.300795745687836e-34
0.0005481088152498633	0.0005481088152498626	0.0005481088152498615	0.00054810881524986	0.0005481088152498578	0.0005481088152498547	0.00054810881524985	0.0005481088152498431	0.0005481088152498327	0.0005481088152498169	0.0005481088152497928	0.0005481088152497553	0.0005481088152496972	0.0005481088152496066	0.0005481088152494647	0.0005481088152492428	0.0005481088152488961	0.0005481088152483542	0.0005481088152475061	0.0005481088152461761	0.0005481088152440887	0.0005481088152408126	0.0005481088152356732	0.0005481088152276069	0.000548108815214942	0.0005481088151950603	0.0005481088151638567	0.0005481088151148811	0.0005481088150380321	0.0005481088149174793	0.0005481088147284135	0.0005481088144320143	0.00054810881396751	0.0005481088132398864	0.0005481088121006224	0.0005481088103177463	0.0005481088075292005	0.0005481088031702731	0.0005481087963608768	0.0005481087857305467	0.0005481087691470448	0.0005481087432959559	0.0005481087030302014	0.0005481086403647733	0.0005481085429251221	0.000548108391555467	0.0005481081566373725	0.0005481077924310774	0.0005481072283910599	0.0005481063558587155	0.0005481050077048072	0.0005481029272396335	0.0005480997208169073	0.000548094785711669	0.0005480872005812151	0.0005480755594238899	0.0005480577204002157	0.0005480304266564277	0.0005479887351507409	0.0005479251581631844	0.0005478283758822667	0.0005476813102524416	0.000547458250040846	0.0005471205702714092	0.0005466103748071254	0.000545841078986273	0.0005446834973273193	0.0005429453500179468	0.0005403411704014516	0.0005364482817953201	0.0005306427139598973	0.0005220066615549561	0.000509196974350254	0.0004902654689885693	0.00046244040666977695	0.00042196774030564126	0.0003644497244954417	0.0002871105691939448	0.00019566246209384353	0.00011187775216464864	0.000057682859649770254	0.0000311030264680669	0.000019082959139269003	0.000012314149706650925	6.729491621964989e-6	2.676012225480724e-6	1.0674538428250334e-6	5.484168409330487e-7	2.4285561138437244e-7	6.930913441541407e-8	2.6236241904377632e-8	9.364814845617348e-9	2.0588734698363914e-9	6.915899501884579e-10	1.2075844463630048e-10	2.9246845006705446e-11	1.8845098085684747e-12	4.089047926602405e-14	6.214918230363288e-16	6.4388603809733815e-18	1.0117055439466119e-33
0.000606385726602029	0.0006063857266020282	0.000606385726602027	0.0006063857266020255	0.0006063857266020232	0.0006063857266020198	0.000606385726602015	0.0006063857266020077	0.0006063857266019968	0.0006063857266019803	0.000606385726601955	0.000606385726601916	0.0006063857266018553	0.0006063857266017605	0.0006063857266016123	0.0006063857266013805	0.0006063857266010183	0.0006063857266004522	0.0006063857265995662	0.0006063857265981772	0.0006063857265959973	0.0006063857265925762	0.0006063857265872091	0.0006063857265787863	0.0006063857265655618	0.0006063857265448019	0.000606385726512221	0.0006063857264610847	0.0006063857263808457	0.0006063857262549771	0.000606385726057575	0.0006063857257481083	0.000606385725263124	0.0006063857245034171	0.000606385723313907	0.0006063857214523772	0.0006063857185407622	0.0006063857139893599	0.0006063857068790975	0.0006063856957787288	0.0006063856784613178	0.0006063856514650187	0.0006063856094134001	0.0006063855439649428	0.0006063854421914007	0.00060638528407777	0.0006063850386735114	0.000606384658175535	0.0006063840688455241	0.0006063831570892992	0.0006063817481559512	0.0006063795735988401	0.0006063762216560819	0.000606371061721348	0.0006063631295910543	0.0006063509534553048	0.0006063322905595784	0.0006063037294969585	0.0006062600908353459	0.000606193525783162	0.000606092163771148	0.0006059380878380873	0.0006057043107939744	0.0006053502698518391	0.0006048151304138233	0.0006040078590458945	0.000602792545937513	0.0006009667646096283	0.000598229764033182	0.0005941358832291322	0.0005880266409287211	0.0005789324580518269	0.0005654324374778386	0.0005454609712611716	0.0005160658930122553	0.0004732046524766929	0.00041198689564681326	0.0003287700933019746	0.0002281284213167501	0.00013256926418807994	0.0000687029109547263	0.00003697443205703611	0.000022741489860619466	0.000014921203658427011	8.458633008195217e-6	3.464104319637421e-6	1.3697132219995575e-6	7.081979234191519e-7	3.3213989362755193e-7	9.74551397391996e-8	3.622716882480598e-8	1.3987586893850405e-8	3.0989296849049196e-9	1.065304964426724e-9	2.0080722836129469e-10	4.8883149643633285e-11	3.864007121087532e-12	8.366192022532936e-14	1.2499599484245232e-15	1.2639729320588012e-17	1.9463839603515623e-33
0.0006714649997768798	0.0006714649997768789	0.0006714649997768778	0.0006714649997768761	0.0006714649997768737	0.0006714649997768702	0.0006714649997768651	0.0006714649997768574	0.000671464999776846	0.0006714649997768288	0.0006714649997768023	0.0006714649997767615	0.000671464999776698	0.000671464999776599	0.0006714649997764442	0.0006714649997762021	0.0006714649997758236	0.0006714649997752323	0.0006714649997743069	0.0006714649997728564	0.0006714649997705799	0.0006714649997670072	0.0006714649997614026	0.0006714649997526075	0.0006714649997387992	0.0006714649997171229	0.0006714649996831046	0.000671464999629714	0.0006714649995459378	0.0006714649994145227	0.0006714649992084228	0.0006714649988853221	0.0006714649983789704	0.0006714649975857902	0.0006714649963438578	0.0006714649944002678	0.000671464991360253	0.0006714649866080374	0.0006714649791838722	0.0006714649675930904	0.0006714649495099442	0.000671464921318745	0.0006714648774037231	0.000671464809051306	0.0006714647027553763	0.0006714645376041414	0.0006714642812565984	0.0006714638837557676	0.0006714632680300847	0.0006714623153321422	0.0006714608429523459	0.0006714585701657099	0.0006714550662886843	0.0006714496715885529	0.000671441377079492	0.0006714286421807382	0.0006714091186583992	0.0006713792335275313	0.0006713335601647693	0.0006712638721085915	0.0006711577225582289	0.0006709963165860226	0.0006707513312109246	0.0006703801742756812	0.000669818932773972	0.0006689719108446717	0.0006676961486004973	0.0006657785769856468	0.0006629024069486294	0.0006585978503063396	0.0006521701863686193	0.0006425954587772084	0.0006283711256260793	0.0006073083773274035	0.000576266186141832	0.0005309012561177714	0.000465810800768312	0.0003764342898766793	0.00026600246685832386	0.0001573046278199154	0.00008202448513400701	0.00004404023443325087	0.00002712077638714301	0.000018065061289990926	0.000010614717958757194	4.4962926964596715e-6	1.7631042611876585e-6	9.132713067590146e-7	4.522071118713397e-7	1.378354139114467e-7	4.999159726838574e-8	2.0726491971063728e-8	4.706778591593909e-9	1.6233451313719855e-9	3.380817532280056e-10	8.039631437117403e-11	7.986216158331973e-12	1.7408227769936858e-13	2.5474684464356798e-15	2.5359528333577682e-17	3.791780288289122e-33
0.0007440592366261936	0.0007440592366261927	0.0007440592366261916	0.0007440592366261898	0.0007440592366261873	0.0007440592366261836	0.0007440592366261782	0.0007440592366261703	0.0007440592366261583	0.0007440592366261402	0.0007440592366261125	0.0007440592366260699	0.0007440592366260036	0.0007440592366259001	0.0007440592366257385	0.0007440592366254855	0.0007440592366250902	0.0007440592366244724	0.0007440592366235061	0.0007440592366219912	0.0007440592366196142	0.0007440592366158838	0.0007440592366100317	0.0007440592366008491	0.0007440592365864329	0.0007440592365638023	0.0007440592365282874	0.0007440592364725497	0.000744059236385091	0.0007440592362479017	0.0007440592360327474	0.0007440592356954534	0.0007440592351668588	0.0007440592343388335	0.0007440592330423308	0.000744059231013319	0.0007440592278396436	0.0007440592228783859	0.0007440592151274521	0.0007440592030261505	0.0007440591841458595	0.0007440591547107189	0.0007440591088557631	0.0007440590374800216	0.0007440589264756343	0.000744058753996922	0.0007440584862547749	0.0007440580710488634	0.0007440574278355978	0.0007440564324992423	0.0007440548940383839	0.0007440525189341429	0.0007440488567841014	0.0007440432174974722	0.000744034545404711	0.0007440212282212805	0.0007440008077137162	0.0007439695423590212	0.0007439217476340141	0.0007438488029511748	0.0007437376600042931	0.0007435686071189207	0.0007433119260930551	0.0007429229044037926	0.0007423344114615882	0.0007414458763741886	0.0007401069648195574	0.0007380934710506421	0.0007350718166027082	0.0007305469459289772	0.0007237861737875263	0.0007137085670276906	0.0006987260473104069	0.0006765208418652968	0.000643754686337271	0.0005957715668805206	0.0005266377659598832	0.0004308293878726596	0.00031004024459647	0.00018680632368958864	0.00009812459861454582	0.00005254331774971218	0.00003235601791430186	0.00002184392798391694	0.000013286043408997716	5.844079560519458e-6	2.275723901432561e-6	1.175632749426554e-6	6.118713021583732e-7	1.9574068621334267e-7	6.89349430815493e-8	3.037960762881497e-8	7.205736509474221e-9	2.4462596477567624e-9	5.729772823362432e-10	1.302516838671045e-10	1.6444765934233466e-11	3.663715152305329e-13	5.2509947784013344e-15	5.118516502923629e-17	7.444810982432625e-33
0.0008251225710427032	0.0008251225710427022	0.0008251225710427009	0.0008251225710426991	0.0008251225710426965	0.0008251225710426926	0.000825122571042687	0.0008251225710426786	0.0008251225710426661	0.0008251225710426472	0.0008251225710426182	0.0008251225710425737	0.0008251225710425044	0.0008251225710423964	0.0008251225710422275	0.0008251225710419632	0.0008251225710415504	0.0008251225710409053	0.0008251225710398961	0.0008251225710383146	0.0008251225710358328	0.0008251225710319384	0.000825122571025829	0.0008251225710162432	0.0008251225710011949	0.0008251225709775724	0.0008251225709405014	0.0008251225708823237	0.0008251225707910367	0.0008251225706478448	0.0008251225704232783	0.0008251225700712303	0.0008251225695195147	0.0008251225686552689	0.0008251225673020424	0.0008251225651842386	0.0008251225618716283	0.0008251225566930791	0.0008251225486024784	0.0008251225359704987	0.0008251225162615723	0.0008251224855333201	0.0008251224376616952	0.0008251223631429394	0.0008251222472435034	0.0008251220671466024	0.0008251217875571827	0.0008251213539417863	0.0008251206821454961	0.0008251196424682983	0.000825118035282423	0.0008251155537572742	0.0008251117269705714	0.0008251058332355661	0.0008250967682873159	0.0008250828451877581	0.0008250614911561339	0.0008250287891258474	0.0008249787858913415	0.0008249024501570888	0.0008247861066350312	0.0008246090878058512	0.0008243402202663031	0.0008239325792533538	0.0008233156759922858	0.0008223838496333714	0.0008209790633164613	0.000818865474465171	0.0008156919541763999	0.0008109370240970631	0.0008038282853069287	0.0007932251913254327	0.000777450180399196	0.0007540506787831858	0.0007194827335136186	0.0006687657103063108	0.0005954174709796736	0.0004929108223426496	0.000361223293048482	0.00022202424220015284	0.0001176519797851568	0.00006281635240209845	0.00003863004649326804	0.00002638879990348594	0.000016588774862198532	7.606446732146276e-6	2.9484715852785434e-6	1.5121077802652852e-6	8.231086914418483e-7	2.792266907282172e-7	9.519481311961394e-8	4.4079806651158186e-8	1.1143443474740814e-8	3.658575674015512e-9	9.756627202199544e-10	2.092778990341189e-10	3.3649254360081806e-11	7.856477008310564e-13	1.1008695976860935e-14	1.0571544799959662e-16	1.4820052638087847e-32
0.0009155229650766941	0.0009155229650766931	0.0009155229650766917	0.0009155229650766898	0.0009155229650766871	0.000915522965076683	0.0009155229650766771	0.0009155229650766683	0.0009155229650766552	0.0009155229650766354	0.0009155229650766051	0.0009155229650765585	0.0009155229650764862	0.0009155229650763734	0.000915522965076197	0.0009155229650759211	0.00091552296507549	0.0009155229650748164	0.0009155229650737629	0.000915522965072112	0.0009155229650695218	0.000915522965065457	0.0009155229650590806	0.0009155229650490766	0.0009155229650333725	0.0009155229650087209	0.0009155229649700359	0.0009155229649093272	0.0009155229648140696	0.0009155229646646516	0.0009155229644303235	0.0009155229640629733	0.0009155229634872788	0.0009155229625854683	0.0009155229611734141	0.000915522958963525	0.0009155229555068264	0.000915522950102925	0.0009155229416600554	0.0009155229284777017	0.0009155229079093704	0.000915522875839961	0.0009155228258766825	0.0009155227480979471	0.0009155226271211062	0.0009155224391218756	0.0009155221472427064	0.0009155216945291979	0.0009155209930788346	0.0009155199073960288	0.0009155182288992464	0.0009155156369392379	0.0009155116392895508	0.000915505481454924	0.0009154960087018492	0.0009154814565473761	0.0009154591332040991	0.0009154249391892383	0.0009153726420326248	0.0009152927834489293	0.000915171036141319	0.0009149857383028151	0.0009147042023608835	0.0009142772008877193	0.0009136307484725881	0.0009126538825500132	0.0009111805402400709	0.0009089627487415078	0.0009056310774869246	0.000900636484111373	0.0008931651276083848	0.0008820142419739804	0.0008654128805867096	0.0008407679033835058	0.0008043213526870792	0.0007507564298777264	0.0006730264827158307	0.000563567518007853	0.00042048415677897554	0.0002639230333007245	0.00014131537481214192	0.00007522650113047897	0.00004613879733710569	0.00003183680639634313	0.000020644698395786594	9.89747984099707e-6	3.832421078563844e-6	1.9425353910133202e-6	1.0995556444130644e-6	3.9892155051613427e-7	1.3164184025858104e-7	6.321892161443378e-8	1.7346846765427084e-8	5.432571079177028e-9	1.6519311500595995e-9	3.3418985051761754e-10	6.726905433729302e-11	1.7044192964687301e-12	2.3325893400873942e-14	2.1843098544616918e-16	2.9742178551720836e-32
0.001016440196614889	0.001016440196614888	0.0010164401966148867	0.0010164401966148845	0.0010164401966148817	0.0010164401966148773	0.001016440196614871	0.001016440196614862	0.0010164401966148483	0.0010164401966148275	0.0010164401966147958	0.0010164401966147472	0.0010164401966146716	0.0010164401966145538	0.0010164401966143697	0.0010164401966140818	0.0010164401966136318	0.0010164401966129286	0.001016440196611829	0.0010164401966101062	0.0010164401966074037	0.0010164401966031625	0.0010164401965965094	0.001016440196586072	0.0010164401965696887	0.0010164401965439712	0.0010164401965036141	0.0010164401964402841	0.0010164401963409138	0.0010164401961850478	0.00101644019594061	0.0010164401955574125	0.0010164401949568859	0.0010164401940161735	0.0010164401925431992	0.0010164401902379501	0.0010164401866320383	0.0010164401809947695	0.001016440172187099	0.001016440158434785	0.0010164401369764503	0.0010164401035181031	0.001016440051388597	0.0010164399702335496	0.0010164398439979241	0.0010164396478137168	0.0010164393432046078	0.0010164388707078356	0.0010164381385376182	0.0010164370051923826	0.0010164352528107179	0.0010164325464196463	0.0010164283717069296	0.0010164219401599594	0.0010164120447087247	0.0010163968404409906	0.0010163735121122349	0.001016337770962029	0.001016283094685435	0.0010161995817372274	0.0010160722277877876	0.0010158783382901299	0.0010155836524613493	0.001015136549677621	0.0010144594091407143	0.0010134357542269086	0.0010118911714905045	0.0010095650625683357	0.0010060689406189934	0.0010008250522962326	0.0009929763765713921	0.0009812553065520217	0.0009637935864946264	0.0009378517155600751	0.0008994494009508351	0.0008429222705715716	0.000760644092634229	0.0006439862564403598	0.0004890471243888606	0.00031376713339990907	0.00017007999375224424	0.00009028151051297503	0.000055150078921160364	0.00003837249169291011	0.0000256150581424594	0.00001287169545536099	5.0025346895061e-6	2.4951183195595725e-6	1.4598334665451704e-6	5.704316451427077e-7	1.8274984753380235e-7	8.978538096283129e-8	2.717178343729811e-8	8.042776732350312e-9	2.768375797980154e-9	5.345272725830378e-10	1.306580497444131e-10	3.77027474345145e-12	5.0361110687776573e-14	4.566359082634705e-16	6.056416976083288e-32
0.001128982135759561	0.00112898213575956	0.0011289821357595585	0.0011289821357595563	0.0011289821357595533	0.0011289821357595487	0.0011289821357595422	0.0011289821357595327	0.0011289821357595182	0.0011289821357594965	0.0011289821357594635	0.0011289821357594126	0.0011289821357593338	0.001128982135759211	0.0011289821357590188	0.0011289821357587182	0.0011289821357582486	0.0011289821357575148	0.0011289821357563677	0.0011289821357545707	0.0011289821357517518	0.001128982135747328	0.001128982135740389	0.0011289821357295035	0.001128982135712418	0.0011289821356855988	0.0011289821356435133	0.001128982135577474	0.0011289821354738539	0.0011289821353113235	0.0011289821350564386	0.0011289821346568642	0.001128982134030677	0.001128982133049765	0.0011289821315138395	0.001128982129110051	0.0011289821253499513	0.001128982119471535	0.0011289821102868998	0.0011289820959456145	0.0011289820735675752	0.0011289820386739095	0.0011289819843057817	0.0011289818996614853	0.0011289817679909797	0.0011289815633473547	0.001128981245580856	0.0011289807526354153	0.0011289799887101385	0.0011289788060929403	0.0011289769773254576	0.0011289741526197704	0.0011289697948174504	0.0011289630802121854	0.001128952747579036	0.001128936868767525	0.0011289125007400242	0.0011288751587709431	0.0011288180204131043	0.0011287307249881152	0.0011285975667067179	0.0011283947807278142	0.0011280864753693987	0.001127618548266337	0.0011269096075167187	0.0011258374545467607	0.0011242190074018078	0.0011217805566442988	0.001118113819064886	0.0011126112048338898	0.0011043708067177132	0.0010920576026824706	0.0010737021740808126	0.0010464129729162632	0.0010059792214924526	0.0009463779531490346	0.0008593895903754475	0.0007352991275086626	0.0005680933466567811	0.0003728407965618612	0.00020501434839131002	0.00010855787343668807	0.00006595940821663016	0.00004619346068802643	0.00003167119188833835	0.00001670340993203108	6.554469901160427e-6	3.2041765191423695e-6	1.925439103919624e-6	8.134978815947782e-7	2.547878213551755e-7	1.262671236598632e-7	4.2569395600855804e-8	1.1889360976736519e-8	4.552004616236372e-9	8.595794293593121e-10	2.437062238085236e-10	8.449608043202405e-12	1.1018977956367801e-13	9.702850003881205e-16	1.2457842691772626e-31
0.0012545093777950888	0.0012545093777950878	0.0012545093777950862	0.001254509377795084	0.0012545093777950808	0.001254509377795076	0.0012545093777950693	0.0012545093777950591	0.0012545093777950442	0.0012545093777950214	0.001254509377794987	0.0012545093777949338	0.0012545093777948514	0.0012545093777947232	0.0012545093777945227	0.0012545093777942093	0.0012545093777937195	0.0012545093777929543	0.0012545093777917577	0.001254509377789884	0.001254509377786945	0.0012545093777823332	0.0012545093777750988	0.0012545093777637506	0.0012545093777459409	0.0012545093777179845	0.001254509377674116	0.0012545093776052815	0.0012545093774972765	0.001254509377327871	0.001254509377062209	0.0012545093766457402	0.0012545093759930828	0.001254509374970703	0.0012545093733698424	0.0012545093708644089	0.0012545093669452617	0.0012545093608180991	0.0012545093512446182	0.001254509336295792	0.0012545093129690372	0.0012545092765947486	0.0012545092199172832	0.0012545091316734098	0.0012545089943959858	0.0012545087810248035	0.0012545084496832358	0.00125450793563885	0.0012545071389467141	0.0012545059054841657	0.0012545039978856685	0.0012545010510676374	0.001254496504281036	0.001254489497473906	0.0012544787134850194	0.0012544621381729004	0.001254436696456056	0.0012543977010843106	0.0012543380193540702	0.0012542468158694808	0.0012541076593905098	0.0012538956778717829	0.0012535732920003564	0.0012530838305564553	0.0012523419968805667	0.0012512196657017097	0.0012495247731315639	0.0012469700197696063	0.0012431265956756043	0.0012373559632437318	0.001228709643710208	0.001215782656350142	0.0011965006117170174	0.0011678142994253151	0.0011252744306373093	0.0010624887142982146	0.0009706315461238683	0.0008388851514098072	0.0006590469856263077	0.0004426931272025656	0.00024747841919638776	0.00013081122314425824	0.00007894861172501848	0.000055549386732905004	0.00003902642927904668	0.000021610746442312462	8.622691253389747e-6	4.116862050723714e-6	2.5244250073220026e-6	1.1544902083178779e-6	3.5739303345986175e-7	1.7611369951709191e-7	6.640311569021248e-8	1.761569607764191e-8	7.3224195989416546e-9	1.3994963681166943e-9	4.360179744504581e-10	1.923441851682144e-11	2.453056047622819e-13	2.0889318714260186e-15	2.5967043755601114e-31
0.0013945725716601218	0.0013945725716601207	0.001394572571660119	0.0013945725716601166	0.0013945725716601133	0.0013945725716601083	0.0013945725716601012	0.0013945725716600905	0.001394572571660075	0.001394572571660051	0.001394572571660015	0.0013945725716599596	0.0013945725716598737	0.00139457257165974	0.001394572571659531	0.0013945725716592043	0.0013945725716586934	0.0013945725716578957	0.0013945725716566484	0.0013945725716546955	0.0013945725716516329	0.001394572571646827	0.0013945725716392884	0.0013945725716274639	0.0013945725716089075	0.0013945725715797802	0.0013945725715340746	0.001394572571462361	0.0013945725713498402	0.0013945725711733536	0.001394572570896593	0.0013945725704627258	0.00139457256978281	0.001394572568717727	0.0013945725670499994	0.0013945725644398958	0.0013945725603569698	0.0013945725539736618	0.0013945725439997666	0.0013945725284253176	0.0013945725041215984	0.0013945724662225722	0.0013945724071669065	0.0013945723152160123	0.0013945721721641189	0.0013945719498042147	0.0013945716044807142	0.0013945710687038727	0.0013945702382590322	0.0013945689524178578	0.0013945669636050565	0.0013945638909723859	0.0013945591494536446	0.0013945518415267063	0.0013945405923542814	0.0013945232991144346	0.001394496750527141	0.001394456050403396	0.001394393745888561	0.0013942985116160718	0.0013941531673972852	0.001393931697817037	0.001393594780313178	0.0013930830893468507	0.0013923072923190778	0.001391133136103649	0.0013893592669392528	0.001386684324490277	0.0013826582534625825	0.0013766104745703332	0.0013675442778298106	0.001353982218353733	0.0013337411849209445	0.0013036087762742993	0.001258889308933674	0.001192810736343605	0.0010959297505670766	0.0009563143698809073	0.0007635219969330711	0.0005250918063231683	0.0002991295774112279	0.00015800012663615167	0.00009459418489606941	0.0000667431513482038	0.00004793583024676786	0.00002785491817009534	0.000011391300560447548	5.296840278039777e-6	3.2924310992292303e-6	1.6269634179675156e-6	5.05271029723735e-7	2.440422010812293e-7	1.0261914403752e-7	2.626792738605001e-8	1.1519500057808258e-8	2.321607677822696e-9	7.505521899094003e-10	4.4442648650425946e-11	5.571098149364477e-13	4.580831744478205e-15	5.691482314594642e-31
0.0015505091865357155	0.0015505091865357142	0.0015505091865357125	0.00155050918653571	0.0015505091865357064	0.0015505091865357014	0.0015505091865356938	0.0015505091865356828	0.0015505091865356663	0.0015505091865356416	0.0015505091865356038	0.001550509186535546	0.0015505091865354564	0.001550509186535317	0.0015505091865350993	0.0015505091865347588	0.0015505091865342265	0.0015505091865333951	0.0015505091865320956	0.0015505091865300614	0.0015505091865268715	0.0015505091865218664	0.0015505091865140148	0.0015505091865017004	0.0015505091864823771	0.0015505091864520466	0.0015505091864044533	0.0015505091863297813	0.0015505091862126215	0.0015505091860288601	0.0015505091857406983	0.0015505091852889583	0.0015505091845810417	0.0015505091834720926	0.0015505091817356797	0.0015505091790180598	0.0015505091747669026	0.0015505091681204872	0.0015505091577352928	0.0015505091415182087	0.0015505091162109463	0.0015505090767456752	0.0015505090152470144	0.0015505089194879952	0.0015505087705039524	0.0015505085389095309	0.0015505081792211235	0.0015505076211154434	0.0015505067559896813	0.0015505054163259765	0.001550503344054044	0.0015505001421187454	0.0015504952004514413	0.0015504875829985896	0.0015504758556045386	0.0015504578242269537	0.0015504301374614996	0.001550387684117118	0.0015503226818290245	0.0015502233008244531	0.0015500715897165112	0.001549840355453026	0.0015494884794864396	0.001548953900880159	0.0015481431265522828	0.0015469155844364847	0.0015450603380709027	0.0015422615183471391	0.001538047140518381	0.0015317135419165935	0.0015222142001875241	0.0015079968187114586	0.0014867659899751157	0.0014551408565657814	0.0014081718498213712	0.0013386973561232982	0.0012366459748639675	0.0010889648287797967	0.0008829467475996918	0.0006216617620079958	0.0003616761798376617	0.00019117960588292308	0.00011340765134469874	0.00008008503353369278	0.00005865590320237367	0.000035702271742853796	0.000015084556976494595	6.821417715402785e-6	4.269204121410859e-6	2.268052348788797e-6	7.190591527569811e-7	3.359054757862254e-7	1.5594888677123872e-7	3.9455213525168113e-8	1.769826935051353e-8	3.917858634707403e-9	1.2454622323483889e-9	1.0253699720862373e-10	1.2779830204677212e-12	1.0121309535869552e-14	1.2032363611298759e-30
0.0017247463042602592	0.001724746304260258	0.001724746304260256	0.0017247463042602534	0.0017247463042602497	0.0017247463042602443	0.0017247463042602365	0.001724746304260225	0.0017247463042602076	0.0017247463042601818	0.0017247463042601423	0.001724746304260082	0.0017247463042599888	0.0017247463042598435	0.0017247463042596167	0.001724746304259262	0.0017247463042587077	0.0017247463042578419	0.0017247463042564886	0.0017247463042543707	0.0017247463042510502	0.0017247463042458402	0.0017247463042376675	0.0017247463042248498	0.0017247463042047387	0.0017247463041731729	0.0017247463041236415	0.0017247463040459324	0.0017247463039240102	0.0017247463037327808	0.0017247463034329156	0.0017247463029628298	0.0017247463022261728	0.0017247463010721996	0.0017247462992652902	0.0017247462964373177	0.001724746292013495	0.001724746285097039	0.0017247462742897039	0.0017247462574130402	0.0017247462310757632	0.001724746190002907	0.0017247461259967166	0.0017247460263288695	0.0017247458712556086	0.0017247456301818164	0.0017247452557469503	0.001724744674718207	0.0017247437739865347	0.0017247423790611954	0.0017247402210923844	0.0017247368863767705	0.001724731739159333	0.0017247238037954914	0.0017247115851709723	0.0017246927954852281	0.0017246639392855272	0.0017246196843154079	0.001724551909336495	0.0017244482657203448	0.001724290008600599	0.0017240487329505101	0.0017236814713701898	0.001723123346191136	0.0017222765788524105	0.0017209940864584344	0.001719055055657719	0.0017161286582189964	0.001711720292250242	0.0017050921633358091	0.0016951463455408776	0.0016802532871967406	0.0016580016863328379	0.0016248369308945287	0.001575548039642584	0.0015025740388367875	0.001395205524557649	0.0012392655045853518	0.0010197796039335483	0.0007350251427136078	0.0004377915272816065	0.00023205367710666755	0.00013622406383715903	0.00009607924125700999	0.00007159849832228848	0.00004555793253842817	0.000020060949935160773	8.819308695797402e-6	5.518261910107836e-6	3.133335598445382e-6	1.0349037013296513e-6	4.6145817863041635e-7	2.3353274260429538e-7	6.026076709184667e-8	2.677026074711594e-8	6.779628677538188e-9	2.0212786254091763e-9	2.388761055092255e-10	3.033552663075927e-12	2.3076221098749346e-14	2.6414948413513666e-30
0.0019187059384175905	0.0019187059384175892	0.0019187059384175873	0.0019187059384175845	0.0019187059384175806	0.001918705938417575	0.0019187059384175667	0.0019187059384175545	0.0019187059384175365	0.0019187059384175094	0.0019187059384174684	0.0019187059384174056	0.0019187059384173082	0.001918705938417157	0.001918705938416921	0.0019187059384165519	0.001918705938415975	0.0019187059384150737	0.0019187059384136655	0.0019187059384114618	0.0019187059384080073	0.0019187059384025876	0.001918705938394086	0.0019187059383807528	0.001918705938359835	0.0019187059383270048	0.0019187059382754894	0.001918705938194671	0.0019187059380678746	0.0019187059378690011	0.0019187059375571581	0.0019187059370682968	0.0019187059363022267	0.001918705935102177	0.0019187059332231252	0.001918705930282224	0.0019187059256817083	0.0019187059184889131	0.0019187059072495898	0.0019187058896979572	0.0019187058623066227	0.0019187058195886345	0.0019187057530162992	0.001918705649348152	0.0019187054880429838	0.0019187052372673598	0.0019187048477393317	0.0019187042432474858	0.0019187033060690901	0.0019187018545736934	0.0019186996088729686	0.0019186961382135117	0.0019186907805307711	0.0019186825196233854	0.0019186697979226186	0.0019186502315540926	0.001918620177434416	0.0019185740767024167	0.0019185034606874246	0.0019183954486885436	0.001918230481961629	0.0019179789120533982	0.0019175958742425497	0.0019170135995101494	0.0019161299090417739	0.0019147910327802363	0.0019127660099435553	0.0019097086387648455	0.0019051010666772139	0.0018981704020311159	0.0018877658480895754	0.0018721783822895416	0.0018488774908126332	0.0018141299249094587	0.0017624563710142084	0.001685887576177605	0.0015730676018988912	0.0014086958079706808	0.0011755480000256323	0.0008669226984958675	0.0005296384752389766	0.00028220537749368686	0.0001637991042657497	0.00011514507054096872	0.00008709366432728341	0.00005775174667377509	0.000026691968015812334	0.000011432429402523055	7.100647291314343e-6	4.2743265226317495e-6	1.4986766719564555e-6	6.319007205106761e-7	3.426773212849556e-7	9.326914051398321e-8	3.98048486238701e-8	1.1812838031245164e-8	3.2105739941630542e-9	5.39840929707212e-10	7.28898144805747e-12	5.317646483634062e-14	5.843137824835629e-30
0.002134641227764911	0.0021346412277649094	0.0021346412277649077	0.0021346412277649046	0.0021346412277649007	0.0021346412277648947	0.002134641227764886	0.0021346412277648734	0.0021346412277648543	0.002134641227764826	0.0021346412277647832	0.0021346412277647177	0.0021346412277646167	0.0021346412277644593	0.002134641227764214	0.00213464122776383	0.0021346412277632298	0.002134641227762292	0.0021346412277608276	0.002134641227758536	0.0021346412277549447	0.002134641227749311	0.0021346412277404724	0.002134641227726613	0.0021346412277048706	0.0021346412276707478	0.002134641227617205	0.0021346412275332093	0.002134641227401433	0.00213464122719475	0.00213464122687067	0.002134641226362628	0.0021346412255665104	0.0021346412243193925	0.0021346412223666473	0.0021346412193103898	0.0021346412145293874	0.0021346412070543204	0.0021346411953737333	0.002134641177132636	0.0021346411486646	0.0021346411042661145	0.0021346410350724246	0.0021346409273178186	0.0021346407596463295	0.002134640498959285	0.002134640094011427	0.0021346394655475543	0.0021346384911299235	0.0021346369818309664	0.002134634646479373	0.0021346310368922355	0.0021346254641068313	0.0021346168704524694	0.0021346036344916824	0.002134583274085949	0.0021345519951306985	0.0021345040069150217	0.0021344304852257755	0.002134318004757371	0.0021341461735375046	0.0021338840698203296	0.0021334848855145646	0.002132877889299169	0.0021319563929021582	0.002130559771208417	0.0021284466582260214	0.002125255083550577	0.0021204433396181162	0.0021132025158392613	0.0021023275443576932	0.0020860278154715443	0.002061650436113864	0.0020252788618134597	0.001971158853648114	0.001890904438600533	0.0017725054358075684	0.0015995406712054983	0.0013525689490116667	0.0010198429126985183	0.0006401536278721232	0.00034389163748660347	0.0001972309752268622	0.00013788591462751194	0.00010561004980607356	0.00007273367173881061	0.00003548879122079401	0.000014875810843757901	9.104189582282749e-6	5.761144984556215e-6	2.1799850799173537e-6	8.645888904035327e-7	4.935253892222142e-7	1.463709882723811e-7	5.843966131792674e-8	2.04616862762768e-8	5.0348907225575156e-9	1.162742874650634e-9	1.7806620781118396e-11	1.243810420449762e-13	1.307597985163268e-29
0.002375726566592611	0.002375726566592609	0.002375726566592607	0.002375726566592604	0.0023757265665925995	0.0023757265665925935	0.0023757265665925844	0.0023757265665925714	0.0023757265665925514	0.002375726566592522	0.0023757265665924772	0.002375726566592409	0.0023757265665923038	0.0023757265665921403	0.002375726566591885	0.002375726566591486	0.002375726566590862	0.0023757265665898873	0.002375726566588365	0.0023757265665859837	0.0023757265665822528	0.0023757265665764	0.002375726566567218	0.00237572656655282	0.0023757265665302362	0.0023757265664947945	0.0023757265664391823	0.0023757265663519435	0.002375726566215085	0.002375726566000432	0.0023757265656638646	0.0023757265651362515	0.002375726564309474	0.002375726563014332	0.002375726560986396	0.002375726557812441	0.0023757265528472947	0.002375726545084235	0.0023757265329534404	0.002375726514008904	0.0023757264844423355	0.002375726438329261	0.0023757263664609908	0.0023757262545368615	0.0023757260803694597	0.002375725809568892	0.0023757253888861893	0.002375724735959428	0.0023757237235380643	0.0023757221552454153	0.0023757197283910546	0.002375715976995963	0.0023757101846302513	0.00237570125127141	0.002375687490245005	0.002375666319028343	0.002375633789212157	0.0023755838731533744	0.002375507383233369	0.0023753903373848694	0.002375211491619889	0.0023749386218936174	0.0023745229319813307	0.00237389065925277	0.0023729304996868068	0.002371474809591536	0.002369271566558575	0.0023659426462965495	0.002360921896736758	0.0023533634888211665	0.002342006716808805	0.0023249773180246897	0.002299496928544141	0.0022614611623990788	0.0022048344287400184	0.0021208058406859917	0.0019967037461884516	0.0018149915213972801	0.0015540564196195197	0.001197147053556053	0.0007732393245021913	0.0004203296964676926	0.00023811707228101045	0.00016515801208585867	0.00012779968355805608	0.00009111613630177068	0.00004715574403557023	0.000019485992787313927	0.000011657577894825772	7.69177556021912e-6	3.184639236655332e-6	1.1878676170330574e-6	7.008176818183341e-7	2.3328236695236606e-7	8.533541773954365e-8	3.492668429110806e-8	7.900788746277383e-9	2.369838229154394e-9	4.52096656638754e-11	3.014709747715488e-13	3.020742104900794e-29
0.0026440831689551842	0.0026440831689551825	0.0026440831689551803	0.0026440831689551773	0.0026440831689551725	0.002644083168955166	0.0026440831689551565	0.0026440831689551426	0.0026440831689551222	0.0026440831689550914	0.002644083168955045	0.002644083168954974	0.002644083168954864	0.002644083168954694	0.002644083168954429	0.0026440831689540146	0.0026440831689533667	0.0026440831689523545	0.0026440831689507733	0.0026440831689483004	0.002644083168944427	0.002644083168938351	0.0026440831689288195	0.0026440831689138735	0.0026440831688904322	0.002644083168853648	0.002644083168795929	0.002644083168705389	0.0026440831685633583	0.0026440831683405943	0.0026440831679913185	0.00264408316744379	0.002644083166585813	0.0026440831652418057	0.0026440831631373623	0.0026440831598436515	0.002644083154691144	0.002644083146635061	0.002644083134046196	0.002644083114385937	0.0026440830837016482	0.002644083035844015	0.002644082961254375	0.002644082845087697	0.0026440826643104477	0.0026440823832186316	0.0026440819465240136	0.0026440812687025163	0.00264408021760468	0.0026440785892707153	0.0026440760692828316	0.002644072173542411	0.0026440661576501018	0.0026440568784517724	0.002644042582826434	0.002644020585991289	0.0026439867823247988	0.002643934902746525	0.002643855389257044	0.0026437336922309333	0.0026435476989666896	0.002643263857305296	0.002642831343017133	0.002642173300620413	0.002641173715461297	0.002639657779145143	0.00263736258813389	0.0026338935193200258	0.00262865944788184	0.002620776819779257	0.002608928064948614	0.002591153415288172	0.002564546261960359	0.0025248103043959014	0.002465622855977566	0.0023777408590237884	0.002247825155623623	0.002057230643981793	0.0017822267996739488	0.0014011903043413588	0.0009319917797508906	0.0005146587879546784	0.00028806592760663473	0.00019775175688476311	0.00015422907493609095	0.00011342502892311581	0.00006236627206827212	0.000025669429534719778	0.000014897098046575343	0.000010162074563687796	4.631976156194795e-6	1.6392041961657896e-6	9.80614462223613e-7	3.7235053802490903e-7	1.2404271338332533e-7	5.7704403789176115e-8	1.2469609544352169e-8	4.481601103844812e-9	1.1685863846124025e-10	7.442726889565539e-13	7.094770658533379e-29
0.0029427867516761052	0.0029427867516761035	0.002942786751676101	0.002942786751676098	0.002942786751676093	0.002942786751676086	0.002942786751676076	0.002942786751676062	0.00294278675167604	0.002942786751676008	0.00294278675167596	0.002942786751675886	0.002942786751675772	0.0029427867516755957	0.0029427867516753203	0.00294278675167489	0.0029427867516742174	0.0029427867516731666	0.0029427867516715256	0.00294278675166896	0.002942786751664941	0.0029427867516586383	0.0029427867516487517	0.0029427867516332484	0.002942786751608936	0.0029427867515707876	0.0029427867515109283	0.0029427867514170343	0.0029427867512697497	0.002942786751038747	0.002942786750676563	0.0029427867501088086	0.002942786749219145	0.0029427867478255135	0.0029427867456433728	0.0029427867422280496	0.0029427867368852813	0.0029427867285316367	0.0029427867154776127	0.0029427866950905586	0.002942786663271252	0.0029427866136420453	0.0029427865362888542	0.0029427864158137894	0.0029427862283239637	0.0029427859367806373	0.002942785483824191	0.002942784780718371	0.0029427836903369786	0.0029427820010159947	0.0029427793864219647	0.0029427753440439378	0.0029427691010582764	0.0029427594704727043	0.0029427446316228445	0.0029427217957633508	0.0029426866974194316	0.0029426328219784434	0.0029425502347123415	0.002942423808604333	0.002942230547012874	0.0029419355461061713	0.0029414859172174537	0.0029408016557283456	0.0029397619494728657	0.0029381846914243353	0.0029357958907636444	0.002932184108844002	0.0029267327626917613	0.00291851983176802	0.0029061697538340344	0.002887635550596663	0.002859879819535978	0.002818410602501222	0.0027566128530244166	0.0026648047390979137	0.0025289743752579174	0.0023293764056028115	0.0020402219877091103	0.0016352136473791602	0.0011203499847163348	0.0006310964253764698	0.00034935056530058863	0.00023676771482145968	0.00018567015243603344	0.00014036518487196728	0.0000819568929102045	0.0000340321242991935	0.000019018530684538895	0.000013302316907851438	6.674673740765115e-6	2.279514380313348e-6	1.3555760401745207e-6	5.889725126385267e-7	1.8045225295765452e-7	9.20476268657443e-8	2.0035467238587466e-8	7.922279173869471e-9	3.076521554728281e-10	1.8789005368557987e-12	1.6981761432233464e-28
0.00327525814804895	0.003275258148048948	0.0032752581480489456	0.003275258148048942	0.0032752581480489373	0.00327525814804893	0.0032752581480489196	0.003275258148048905	0.0032752581480488823	0.003275258148048849	0.0032752581480487986	0.0032752581480487214	0.0032752581480486034	0.00327525814804842	0.0032752581480481346	0.0032752581480476883	0.0032752581480469905	0.003275258148045901	0.003275258148044199	0.0032752581480415383	0.0032752581480373724	0.00327525814803084	0.0032752581480205924	0.0032752581480045245	0.0032752581479793277	0.003275258147939796	0.003275258147877767	0.0032752581477804715	0.0032752581476278605	0.0032752581473885064	0.003275258147013237	0.0032752581464249825	0.0032752581455032	0.0032752581440592737	0.003275258141798385	0.0032752581382598117	0.003275258132724221	0.0032752581240690108	0.0032752581105435757	0.003275258089419961	0.003275258056450383	0.0032752580050257793	0.0032752579248718355	0.0032752578000303104	0.0032752576057372873	0.0032752573036010637	0.0032752568341622283	0.003275256105428192	0.0032752549752271486	0.0032752532240836866	0.003275250513581966	0.0032752463225393068	0.0032752398493044	0.0032752298624199034	0.0032752144727033515	0.003275190785933071	0.0032751543744299555	0.0032750984743992848	0.0032750127687209375	0.003274881544202222	0.0032746809066436064	0.0032743745794380575	0.0032739075768117806	0.003273196694466727	0.003272116244614856	0.0032704767010299785	0.003267992799818302	0.003264236001060624	0.003258563825339985	0.0032500151155900187	0.0032371552979538554	0.0032178486431819002	0.00318892465182667	0.003145692331771323	0.003081239540141877	0.0029854397815848176	0.0028436040593829612	0.0026348959126110587	0.0023315308256635094	0.0019027783024297802	0.0013425400304354082	0.0007746905410174123	0.00042489897174451347	0.00028357138115585746	0.00022303893268335958	0.00017276061304542664	0.00010685994330953437	0.00004542197385945367	0.000024285300775939154	0.000017273885768317264	9.489437839177417e-6	3.2054444635846555e-6	1.8558155618858704e-6	9.142539911690913e-7	2.644168733172217e-7	1.421860059611712e-7	3.3169709588376166e-8	1.3269573593795704e-8	8.2086079160227e-10	4.869100880338197e-12	4.158409243469382e-28
0.0036452943690435387	0.003645294369043537	0.0036452943690435343	0.0036452943690435304	0.0036452943690435252	0.003645294369043518	0.003645294369043507	0.0036452943690434914	0.003645294369043468	0.0036452943690434333	0.003645294369043381	0.003645294369043301	0.0036452943690431783	0.0036452943690429883	0.003645294369042692	0.00364529436904223	0.003645294369041507	0.0036452943690403776	0.0036452943690386133	0.003645294369035857	0.003645294369031542	0.0036452943690247763	0.003645294369014164	0.0036452943689975234	0.003645294368971432	0.0036452943689304997	0.0036452943688662755	0.003645294368765538	0.003645294368607538	0.0036452943683597354	0.003645294367971227	0.0036452943673622364	0.0036452943664079646	0.003645294364913169	0.00364529436257263	0.0036452943589094025	0.0036452943531787942	0.003645294344218588	0.003645294330216389	0.003645294308347854	0.003645294274214946	0.0036452942209745506	0.00364529413798801	0.003645294008730303	0.003645293807556477	0.003645293494706265	0.003645293008596067	0.00364529225393907	0.0036452910834586503	0.003645289269775912	0.0036452864622491354	0.003645282120800483	0.003645275414603086	0.003645265067193162	0.003645249120027893	0.003645224572098943	0.0036451868314851827	0.0036451288820417583	0.0036450400193333266	0.003644903936342075	0.0036446958294325663	0.0036443780307914894	0.0036438934289484935	0.003643155575622901	0.0036420338388274422	0.0036403311671255423	0.003637750859934398	0.003633847024108373	0.0036279508968863946	0.0036190615927569523	0.0036056846252021167	0.003585594152362514	0.003555484543236812	0.003510462796824476	0.0034433155136038077	0.003343466426332014	0.003195545924501992	0.0029776362682845015	0.0026600210339267822	0.0022078005482367435	0.0016030509031517563	0.0009513418031787015	0.000518493289384751	0.00033987205008968296	0.00026742460778908446	0.0002115749368534263	0.00013810461012967078	0.00006100126928080447	0.00003105898141285378	0.00002227720716151357	0.000013276222712432633	4.571507562445751e-6	2.5219149379589025e-6	1.3843458559880028e-6	3.932353123371013e-7	2.138417975532032e-7	5.6929599256044285e-8	2.13575428264239e-8	2.18287109475101e-9	1.3004051875200925e-11	1.0454872572483448e-27
0.004057096054288199	0.004057096054288198	0.004057096054288195	0.004057096054288192	0.0040570960542881855	0.004057096054288178	0.0040570960542881665	0.00405709605428815	0.004057096054288126	0.00405709605428809	0.0040570960542880355	0.004057096054287952	0.004057096054287825	0.004057096054287628	0.004057096054287322	0.004057096054286843	0.004057096054286094	0.004057096054284924	0.0040570960542830985	0.004057096054280245	0.004057096054275779	0.0040570960542687775	0.004057096054257797	0.004057096054240578	0.004057096054213581	0.004057096054171236	0.004057096054104794	0.0040570960540005805	0.004057096053837139	0.004057096053580808	0.004057096053178934	0.0040570960525490125	0.004057096051561945	0.004057096050015806	0.004057096047594874	0.004057096043805841	0.00405709603787841	0.004057096028610392	0.0040570960141270394	0.004057095991506728	0.004057095956199781	0.004057095901126871	0.004057095815281622	0.004057095681566959	0.004057095473448662	0.004057095149785092	0.0040570946468484045	0.004057093866026321	0.004057092654888639	0.004057090778076993	0.004057087872605195	0.004057083379315375	0.004057076437916928	0.004057065726490152	0.004057049216431684	0.004057023798854978	0.004056984715896131	0.004056924696410775	0.004056832644521171	0.0040566916529601454	0.004056475998657135	0.004056146607034748	0.00405564421674667	0.004054879097975737	0.0040537156162656395	0.004051949104695249	0.004049271286401466	0.0040452186996678165	0.004039095967212043	0.00402986196785888	0.004015961529886033	0.003995077531485901	0.0039637674680318615	0.0039169337874814065	0.003847058304853671	0.00374311071814862	0.003589038244334774	0.003361852204738899	0.0030299675336901057	0.0025545846090756427	0.0019066237785516768	0.0011677401466447727	0.0006350147279471546	0.00040782970855112133	0.000320124929221049	0.0002579336003458975	0.000176831511363382	0.00008230603636527079	0.00003984676383407946	0.000028561962955304908	0.000018263882900024047	6.621042962157846e-6	3.409716184173173e-6	2.041827481334373e-6	5.982067365849917e-7	3.148989417389723e-7	1.0039143533747745e-7	3.342773315571391e-8	5.584099640495589e-9	3.593309737050259e-11	2.7079019852813335e-27
0.004515285877526387	0.004515285877526384	0.004515285877526381	0.004515285877526378	0.004515285877526372	0.004515285877526364	0.004515285877526352	0.0045152858775263345	0.004515285877526309	0.004515285877526271	0.004515285877526215	0.004515285877526129	0.004515285877525997	0.004515285877525793	0.004515285877525476	0.004515285877524981	0.004515285877524206	0.004515285877522996	0.004515285877521106	0.0045152858775181545	0.004515285877513536	0.004515285877506298	0.004515285877494945	0.004515285877477143	0.004515285877449235	0.004515285877405463	0.004515285877336788	0.004515285877229072	0.0045152858770601476	0.004515285876795226	0.004515285876379888	0.004515285875728884	0.004515285874708786	0.004515285873110938	0.0045152858706090405	0.004515285866693316	0.0045152858605676735	0.004515285850989686	0.004515285836021815	0.0045152858126444725	0.004515285776155281	0.004515285719237049	0.004515285630513092	0.004515285492310243	0.0045152852771986815	0.004515284942645535	0.0045152844227633404	0.004515283615590176	0.004515282363504698	0.0045152804231102265	0.004515277418984154	0.00451527277274491	0.004515265594413644	0.00451525451626392	0.004515237439083178	0.004515211145249393	0.004515170709616053	0.00451510860394496	0.00451501333764407	0.004514867398083246	0.004514644134771302	0.004514303053904858	0.0045137827248137715	0.004512990105834718	0.004511784512862974	0.004509953590166491	0.004507177370876063	0.004502974648795731	0.004496623161006171	0.004487041134760926	0.004472612079139333	0.004450926634621423	0.004418403996046765	0.00436973998680864	0.004297108786804627	0.0041890227161997294	0.004028744282130997	0.003792224641836774	0.003446071670204236	0.002947847295956656	0.002258256574080357	0.0014311921817278608	0.0007807216882799267	0.0004901998770436364	0.00038268900830388495	0.0003131469788586805	0.0002243197959085805	0.00011125658868316319	0.000051375644729888484	0.00003644049980549917	0.00002472186812204097	9.718935519765195e-6	4.598350037685605e-6	2.939325639109125e-6	9.352968694790525e-7	4.563420748541447e-7	1.7722278535899502e-7	5.140076049150185e-8	1.3130384622256328e-8	1.0310135227062434e-10	7.251772788364338e-27
0.005024908387016004	0.005024908387016002	0.005024908387015999	0.0050249083870159954	0.005024908387015989	0.005024908387015981	0.0050249083870159686	0.00502490838701595	0.005024908387015924	0.005024908387015884	0.0050249083870158254	0.005024908387015737	0.0050249083870156	0.005024908387015389	0.00502490838701506	0.005024908387014549	0.005024908387013748	0.005024908387012497	0.005024908387010544	0.0050249083870074936	0.005024908387002721	0.005024908386995244	0.005024908386983517	0.005024908386965129	0.005024908386936303	0.005024908386891098	0.005024908386820177	0.00502490838670894	0.005024908386534503	0.0050249083862609475	0.005024908385832076	0.0050249083851598856	0.005024908384106595	0.005024908382456785	0.0050249083798735335	0.005024908375830514	0.005024908369505717	0.005024908359616298	0.005024908344161634	0.005024908320023705	0.005024908282346724	0.005024908223574519	0.00502490813195835	0.00502490798924622	0.005024907767108414	0.0050249074216140955	0.005024906884705723	0.0050249060510551774	0.005024904757824228	0.005024902753537271	0.005024899650271733	0.005024894850322566	0.0050248874338659245	0.005024875987122628	0.005024858339884132	0.005024831165185387	0.005024789369641913	0.0050247251664201735	0.00502462666785219	0.00502447575223399	0.005024244835821349	0.005023891996419181	0.005023353619654888	0.005022533329465257	0.00502128535678844	0.005019389601899304	0.005016514321903841	0.0050121604324914444	0.005005578578378341	0.004995646017254021	0.0049806844535817945	0.004958191557000937	0.004924447132805992	0.0048739388090771815	0.00479853100794491	0.004686276327655798	0.004519752138494269	0.004273860648557022	0.003913461789944036	0.003392724082660018	0.002663215198272682	0.0017493429673820155	0.0009635177085073665	0.0005905274656853982	0.00045696824382595095	0.0003787324241859183	0.0002820193706987914	0.00015008313204756667	0.00006670648508260797	0.00004630573502753767	0.000032974138099144526	0.000014364476564205287	6.204338183884728e-6	4.14391906907497e-6	1.4969417554468818e-6	6.538057875620388e-7	3.040945488849615e-7	7.847382477767237e-8	2.759933058282346e-8	3.07927695843328e-10	2.0139363445585823e-26
0.005591394582596962	0.005591394582596961	0.005591394582596957	0.005591394582596953	0.005591394582596947	0.005591394582596937	0.005591394582596925	0.005591394582596906	0.005591394582596878	0.0055913945825968375	0.005591394582596777	0.005591394582596684	0.005591394582596543	0.005591394582596324	0.005591394582595986	0.005591394582595457	0.00559139458259463	0.005591394582593338	0.00559139458259132	0.00559139458258817	0.005591394582583243	0.005591394582575526	0.005591394582563424	0.005591394582544447	0.0055913945825147	0.005591394582468056	0.005591394582394884	0.005591394582280114	0.005591394582100148	0.005591394581817935	0.005591394581375494	0.005591394580682061	0.005591394579595494	0.005591394577893592	0.00559139457522879	0.005591394571058172	0.005591394564533746	0.005591394554332175	0.005591394538389592	0.005591394513489323	0.005591394474621826	0.0055913944139914015	0.005591394319476392	0.005591394172244614	0.00559139394306433	0.005591393586603337	0.0055913930326287106	0.005591392172437755	0.005591390837961979	0.005591388769625721	0.005591385566972966	0.005591380612921927	0.005591372957719059	0.005591361141397387	0.005591342922537801	0.005591314864489338	0.005591271705082982	0.005591205398017404	0.005591103657157401	0.005590947749503417	0.005590709154514052	0.00559034451595748	0.005589788026763819	0.005588939962186692	0.005587649445542566	0.005585688597278337	0.005582713842013849	0.005578208128772634	0.005571394871867433	0.005561110145887194	0.005545613523713944	0.005522309210608533	0.0054873368934512485	0.005434974970241987	0.005356776762429003	0.005240333867164736	0.0050675393167254725	0.004812258100488781	0.004437658440312901	0.0038947392893858247	0.003127029467897312	0.002129833418368933	0.0011931119183330112	0.0007133968833153049	0.0005451743690583089	0.00045643096135395566	0.0003515772226507184	0.00020116748830172418	0.00008739988878427677	0.00005865531959020225	0.00004341143297175403	0.000021157174933449932	8.407043139991441e-6	5.741297968628246e-6	2.413578672057702e-6	9.304671031653549e-7	4.98752165186381e-7	1.2057578412567096e-7	5.19435083309967e-8	9.562049149042492e-10	5.809174243070483e-26
0.006220461754830287	0.006220461754830284	0.006220461754830282	0.0062204617548302765	0.00622046175483027	0.006220461754830261	0.006220461754830247	0.006220461754830228	0.006220461754830199	0.006220461754830157	0.0062204617548300934	0.006220461754829998	0.0062204617548298514	0.006220461754829626	0.0062204617548292755	0.00622046175482873	0.0062204617548278765	0.006220461754826544	0.0062204617548244625	0.006220461754821212	0.006220461754816131	0.006220461754808173	0.006220461754795695	0.006220461754776129	0.006220461754745459	0.006220461754697374	0.006220461754621948	0.0062204617545036445	0.006220461754318145	0.006220461754027274	0.00622046175357126	0.00622046175285658	0.006220461751736737	0.00622046174998274	0.006220461747236396	0.006220461742938188	0.006220461736214159	0.006220461725700494	0.006220461709270079	0.0062204616836076185	0.0062204616435498575	0.006220461581061617	0.006220461483648396	0.0062204613318979285	0.006220461095676597	0.006220460728250987	0.006220460157212904	0.006220459270485294	0.006220457894769159	0.006220455762388263	0.006220452460351369	0.006220447352195829	0.00622043945822982	0.006220427272281366	0.006220408481687418	0.006220379540049029	0.006220335016298708	0.006220266604461736	0.006220161619569141	0.006220000716683835	0.006219754437352203	0.0062193779893843166	0.006218803369745507	0.006217927499479285	0.006216594385046937	0.0062145683517722625	0.0062114939667100065	0.006206836171552208	0.006199791085117855	0.006189153496269857	0.006173120687544328	0.006149003160484377	0.006112800136730975	0.006058580317717067	0.0059775854090375665	0.0058569458676078	0.0056778725297190824	0.005413205556714553	0.00502447470517739	0.004459710501184743	0.003655434994760456	0.0025799560930793554	0.0014809047892873734	0.0008647264728859533	0.0006499383166839389	0.0005482097423149203	0.00043484440082341855	0.00026686600074245947	0.00011572626827291068	0.00007412385853078807	0.00005649897637799223	0.00003072094386850125	0.000011493733515214926	7.839489340623464e-6	3.83468632741602e-6	1.3228254477795811e-6	7.811867589112139e-7	1.8991767663032238e-7	8.951775749844301e-8	3.0520868899154112e-9	1.7362240782300637e-25
0.006918534447470733	0.00691853444747073	0.006918534447470727	0.0069185344474707216	0.006918534447470715	0.006918534447470705	0.006918534447470691	0.006918534447470671	0.006918534447470641	0.0069185344474705975	0.006918534447470532	0.006918534447470433	0.006918534447470281	0.0069185344474700485	0.006918534447469687	0.006918534447469124	0.006918534447468245	0.0069185344474668705	0.006918534447464725	0.006918534447461374	0.006918534447456137	0.0069185344474479386	0.006918534447435086	0.006918534447414931	0.006918534447383339	0.0069185344473338154	0.006918534447256141	0.00691853444713431	0.0069185344469432876	0.006918534446643776	0.00691853444617422	0.0069185344454383395	0.006918534444285304	0.006918534442479336	0.006918534439651659	0.006918534435226185	0.006918534428303076	0.0069185344174781446	0.006918534400561194	0.006918534374138585	0.0069185343328937755	0.006918534268552752	0.0069185341682491686	0.00691853401199223	0.0069185337687488425	0.006918533390388075	0.006918532802332018	0.0069185318891378965	0.006918530472289213	0.006918528276029025	0.006918524874860639	0.006918519612985427	0.00691851148084036	0.006918498926148487	0.006918479565150407	0.006918449741916543	0.006918403856797498	0.006918333344603495	0.0069182251221893325	0.006918059233610679	0.006917805283804192	0.00691741704641793	0.00691682432488397	0.00691592068925701	0.006914545033301991	0.006912453892408559	0.006909279982282668	0.006904470244391756	0.006897193509711583	0.0068862032893479835	0.006869634584439972	0.006844704206778413	0.0068072709466134385	0.006751193908612398	0.00666740349323687	0.006542570025499972	0.006357225653023951	0.0060831988854276545	0.005680431462942063	0.005094165297875612	0.0042548322787128575	0.0031070018618843944	0.0018400335668299053	0.0010523856019454937	0.0007745320686076277	0.000656380174906121	0.000533986344542279	0.0003495412455854231	0.00015496108699572086	0.00009356024382542382	0.00007280479950562997	0.00004367239245045121	0.000015945962344536366	0.000010577826311531415	5.909191892658083e-6	1.8941595367941622e-6	1.1775627039466615e-6	3.1300597496527703e-7	1.4498141395572782e-7	9.745933752159657e-9	5.3570960518193105e-25
0.007696441638442751	0.007696441638442748	0.007696441638442745	0.00769644163844274	0.007696441638442733	0.007696441638442723	0.0076964416384427085	0.007696441638442687	0.007696441638442656	0.0076964416384426105	0.007696441638442543	0.00769644163844244	0.0076964416384422835	0.007696441638442043	0.007696441638441671	0.007696441638441091	0.007696441638440185	0.00769644163843877	0.00769644163843656	0.0076964416384331085	0.007696441638427717	0.007696441638419278	0.00769644163840605	0.007696441638385309	0.007696441638352798	0.007696441638301839	0.007696441638221922	0.007696441638096578	0.007696441637900052	0.007696441637591933	0.00769644163710889	0.007696441636351893	0.007696441635165806	0.007696441633308085	0.007696441630399431	0.00769644162584724	0.007696441618725937	0.007696441607591126	0.007696441590189812	0.007696441563010483	0.007696441520584001	0.0076964414543986	0.0076964413512177745	0.007696441190474813	0.007696440940241182	0.007696440550994707	0.007696439945997384	0.007696439006455373	0.007696437548657529	0.007696435288800742	0.007696431788935817	0.007696426374008821	0.007696418004707921	0.007696405082836299	0.007696385153818256	0.007696354452613835	0.00769630721162255	0.007696234607381169	0.007696123159968284	0.007695952304507655	0.00769569071238516	0.007695290727580706	0.007694679966556009	0.007693748657936165	0.0076923305966415815	0.007690174548142023	0.007686901405669141	0.007681940152104288	0.007674432390890698	0.007663090443410931	0.007645987159830805	0.007620245860084075	0.007581585213519846	0.007523655240891567	0.007437075951750523	0.007308059384454461	0.007116463489391924	0.006833118768906813	0.006416426899791777	0.005809003996394062	0.004935984887705421	0.003722112562951233	0.0022888027298082294	0.001289260741732998	0.000924252527015274	0.0007845622427330386	0.0006523867942889883	0.00045251457884762516	0.00021044083610730074	0.00011840321169829463	0.00009320831102414453	0.00006082977518099143	0.000022712727917888653	0.000014179586618220687	8.82587669376505e-6	2.783671707384657e-6	1.7309660655497933e-6	5.505839037402233e-7	2.26348110352861e-7	3.0748048993658745e-8	1.808692578189545e-24
0.008557087022146085	0.008557087022146083	0.008557087022146078	0.008557087022146073	0.008557087022146066	0.008557087022146056	0.00855708702214604	0.008557087022146019	0.008557087022145986	0.00855708702214594	0.008557087022145868	0.008557087022145762	0.008557087022145601	0.008557087022145353	0.00855708702214497	0.008557087022144373	0.008557087022143441	0.008557087022141984	0.00855708702213971	0.008557087022136159	0.008557087022130613	0.008557087022121934	0.008557087022108336	0.00855708702208701	0.008557087022053586	0.008557087022001201	0.008557087021919058	0.008557087021790227	0.008557087021588238	0.008557087021271574	0.008557087020775152	0.0085570870199972	0.008557087018778326	0.008557087016869261	0.008557087013880285	0.008557087009202402	0.00855708700188453	0.008557086990442378	0.008557086972560685	0.008557086944630895	0.008557086901032535	0.008557086833018058	0.008557086726983878	0.008557086561792144	0.008557086304626278	0.008557085904584335	0.008557085282786042	0.008557084317113791	0.008557082818704195	0.008557080495772954	0.008557076898018656	0.008557071331285792	0.008557062726749392	0.00855704944065336	0.008557028948155982	0.008556997375946566	0.008556948789750165	0.008556874109768646	0.008556759462242292	0.008556583677803715	0.00855631450099119	0.008555902856208532	0.008555274188120918	0.008554315406682616	0.008552855242058578	0.00855063474079545	0.008547263049874772	0.008542151307497494	0.008534414059878728	0.008522722693769125	0.008505088291707891	0.008478541260757104	0.008438661031163308	0.008378889900280023	0.008289539638642584	0.008156367583145111	0.007958564182334928	0.0076659773814803395	0.007235514407243561	0.006607307522758462	0.005701814331294599	0.004427682437260874	0.0028367221804252753	0.0015868102725553705	0.0011030251886907502	0.0009348107603883023	0.0007918782554015404	0.000577348599385106	0.0002870978621551392	0.0001500844964269984	0.0001183331134688809	0.00008269682305593483	0.000033036374317260205	0.000018846700077191248	0.00001272208342172893	4.220156717017602e-6	2.4817327851536693e-6	9.821293052843623e-7	3.421667174193662e-7	8.225364536709477e-8	6.226294543248327e-24
0.009515302853545819	0.009515302853545815	0.009515302853545812	0.009515302853545807	0.009515302853545798	0.009515302853545788	0.009515302853545772	0.00951530285354575	0.009515302853545715	0.009515302853545666	0.009515302853545593	0.009515302853545484	0.009515302853545318	0.009515302853545063	0.009515302853544667	0.009515302853544053	0.009515302853543095	0.009515302853541598	0.00951530285353926	0.00951530285353561	0.00951530285352991	0.009515302853520993	0.009515302853507025	0.009515302853485123	0.009515302853450792	0.009515302853396992	0.009515302853312643	0.009515302853180356	0.009515302852972949	0.00951530285264782	0.009515302852138143	0.009515302851339431	0.009515302850088085	0.009515302848128168	0.009515302845059652	0.0095153028402573	0.009515302832744797	0.009515302820998325	0.009515302802641012	0.009515302773968228	0.009515302729209663	0.009515302659384352	0.009515302550525314	0.009515302380929262	0.009515302116900425	0.009515301706170778	0.009515301067739066	0.009515300076196824	0.009515298537578968	0.009515296152198358	0.009515292457521774	0.00951528674047714	0.009515277903010474	0.009515264256242	0.00951524320573033	0.009515210770911792	0.00951516085238901	0.009515084116391596	0.009514966298910733	0.009514785631533603	0.009514508940193971	0.00951408574217814	0.009513439329152043	0.009512453320714468	0.009510951424868462	0.009508667033231267	0.009505197642593801	0.009499936690633926	0.009491971882722766	0.009479933996117924	0.00946177283526013	0.009434426633932642	0.009393336706611943	0.009331739348496607	0.009239640771634996	0.009102347938746851	0.008898391403151571	0.008596652591104067	0.008152588178038558	0.007503977667582584	0.006567111712175802	0.0052380354572363974	0.003504106122930454	0.001968269725366687	0.0013200928094659924	0.0011125163845260987	0.0009573613103035901	0.0007286621829269887	0.00039292637231469956	0.00019178548037676545	0.00014956788572574497	0.00011050419248642728	0.00004916921235297319	0.000025015205401270228	0.000017906135449627613	6.707322869142774e-6	3.5110531782296094e-6	1.7143405213428474e-6	5.105155922364796e-7	1.863494863336287e-7	2.363965192656421e-23
0.010574011075185496	0.010574011075185494	0.01057401107518549	0.010574011075185484	0.010574011075185475	0.010574011075185465	0.010574011075185448	0.010574011075185423	0.010574011075185389	0.010574011075185338	0.010574011075185264	0.01057401107518515	0.010574011075184978	0.010574011075184716	0.01057401107518431	0.010574011075183678	0.010574011075182695	0.010574011075181158	0.010574011075178757	0.010574011075175008	0.010574011075169153	0.010574011075160003	0.010574011075145669	0.010574011075123195	0.01057401107508797	0.01057401107503277	0.01057401107494624	0.010574011074810543	0.01057401107459779	0.010574011074264303	0.010574011073741549	0.010574011072922352	0.010574011071638965	0.010574011069628887	0.01057401106648191	0.010574011061556789	0.01057401105385233	0.01057401104180572	0.010574011022979366	0.010574010993573886	0.010574010947671209	0.010574010876060214	0.010574010764415592	0.010574010590476505	0.010574010319680216	0.010574009898411568	0.010574009243577674	0.010574008226524885	0.0105740066482566	0.010574004201291804	0.010574000411032982	0.01057399454575	0.01057398547855762	0.010573971476063416	0.010573949875164659	0.010573916589482125	0.010573865356696787	0.010573786592428884	0.010573665647553378	0.01057348016243223	0.010573196056296107	0.010572761457397993	0.010572097531839563	0.010571084650442606	0.010569541561965521	0.0105671940982038	0.01056362824935994	0.010558219969263302	0.010550030449174195	0.010537650349447219	0.010518968939196977	0.01049083339974472	0.010448548623592735	0.010385147471081836	0.010290334512513292	0.010148972415360379	0.00993894173259192	0.00962817562582576	0.009170723098076672	0.008502128032601575	0.007534897851565392	0.006155232624666533	0.004295617904528486	0.0024521241105786174	0.001582620272848536	0.0013204899674252538	0.0011511377261252394	0.0009084956854592209	0.0005323407550357015	0.0002470527717553815	0.0001878422772574626	0.00014501618700365956	0.00007300632741908235	0.000033135436554970654	0.000024611088740699548	0.000010826666576621597	4.894848121725951e-6	2.804278234840174e-6	7.551138354413148e-7	3.540200460233969e-7	9.086567652181667e-23
0.011753129165353622	0.01175312916535362	0.011753129165353616	0.01175312916535361	0.011753129165353602	0.01175312916535359	0.011753129165353572	0.011753129165353548	0.011753129165353511	0.01175312916535346	0.011753129165353381	0.011753129165353263	0.011753129165353086	0.011753129165352816	0.0117531291653524	0.011753129165351752	0.011753129165350743	0.011753129165349164	0.011753129165346701	0.011753129165342855	0.011753129165336851	0.011753129165327465	0.01175312916531277	0.011753129165289734	0.011753129165253624	0.011753129165197045	0.011753129165108364	0.011753129164969305	0.011753129164751283	0.011753129164409558	0.011753129163873924	0.011753129163034547	0.011753129161719608	0.011753129159660135	0.011753129156435897	0.011753129151389907	0.01175312914349647	0.011753129131154387	0.011753129111866331	0.01175312908173963	0.011753129034710779	0.011753128961342153	0.011753128846955773	0.01175312866874203	0.011753128391284891	0.011753127959643277	0.01175312728866545	0.01175312624650348	0.011753124629208123	0.011753122121625954	0.011753118237282952	0.011753112226080524	0.011753102932747865	0.01175308858006545	0.011753066437321586	0.01175303231393684	0.011752979787143455	0.011752899025735947	0.011752775001252446	0.01175258477164744	0.011752293362878528	0.011751847534596937	0.011751166358382059	0.011750127003369673	0.011748543330435755	0.011746133719559152	0.011742472817667176	0.011736919341423293	0.011728508340372873	0.011715790919891549	0.011696596661509292	0.011667682973349209	0.011624220257649006	0.011559040861476752	0.011461552150282796	0.011316179311193117	0.011100163733417587	0.010780509358314368	0.010309899362444882	0.009621752212224813	0.008625103659925037	0.007198550520680639	0.005231783940846375	0.0030757393292068923	0.0019082474049843686	0.0015669721114640561	0.0013802701878353728	0.0011236676270129625	0.0007131627745370898	0.00032408184797838254	0.00023545208587093158	0.00018820267027751616	0.00010714416711865931	0.00004433278852532709	0.00003336657529088811	0.000017366420985342336	6.807896631887434e-6	4.356927750329179e-6	1.1446172955520577e-6	6.003213994586762e-7	3.9637444945015074e-22
0.01305943556919704	0.013059435569197036	0.013059435569197033	0.013059435569197026	0.013059435569197017	0.013059435569197005	0.013059435569196986	0.013059435569196962	0.013059435569196923	0.01305943556919687	0.013059435569196788	0.013059435569196667	0.013059435569196485	0.013059435569196207	0.013059435569195778	0.013059435569195114	0.01305943556919408	0.013059435569192463	0.013059435569189938	0.013059435569185995	0.013059435569179842	0.013059435569170226	0.013059435569155176	0.013059435569131585	0.01305943556909461	0.01305943556903667	0.013059435568945874	0.013059435568803518	0.013059435568580323	0.013059435568230509	0.013059435567682236	0.013059435566823058	0.013059435565477156	0.013059435563369238	0.013059435560069207	0.013059435554904684	0.013059435546825909	0.013059435534194076	0.013059435514453302	0.013059435483619406	0.01305943543548633	0.0130594353603944	0.013059435243319867	0.013059435060915099	0.01305943477692748	0.013059434335115992	0.013059433648310317	0.013059432581530446	0.013059430925971336	0.013059428358956165	0.013059424382365422	0.013059418228087899	0.0130594087130159	0.013059394016947709	0.01305937134286227	0.013059336397974955	0.013059282602131567	0.013059199881992169	0.013059072836937498	0.013058877953486234	0.013058579381073875	0.013058122536284326	0.013057424435055209	0.013056359103957513	0.013054735605782708	0.01305226500490974	0.013048510811390393	0.013042814817120453	0.013034186402263129	0.01302113783062822	0.013001440072829966	0.01297176238725241	0.012927143131980096	0.01286021782488126	0.012760102177807571	0.01261079229988219	0.012388903373487014	0.012060531438147741	0.011577035784015602	0.010869811081285274	0.00984466456587492	0.008374161968644956	0.0063165145480496435	0.0038650923293000843	0.002314256577303021	0.0018574986829740204	0.0016488092325310487	0.0013780547225226637	0.0009382950020970289	0.0004332581551575899	0.00029429893188206665	0.0002414614176710375	0.00015271748172670694	0.000060290883835763244	0.000044595967476221846	0.00002669769280218521	9.480574193668216e-6	6.450305404289722e-6	1.826755701441295e-6	9.209938361868138e-7	1.668387376045254e-21
0.014550792601401467	0.014550792601401463	0.014550792601401458	0.014550792601401453	0.014550792601401442	0.01455079260140143	0.014550792601401411	0.014550792601401385	0.014550792601401345	0.01455079260140129	0.014550792601401207	0.014550792601401082	0.014550792601400894	0.014550792601400608	0.01455079260140017	0.014550792601399487	0.014550792601398427	0.014550792601396773	0.014550792601394186	0.014550792601390148	0.014550792601383847	0.014550792601374003	0.014550792601358602	0.014550792601334468	0.014550792601296639	0.014550792601237365	0.01455079260114449	0.014550792600998891	0.01455079260077062	0.01455079260041286	0.014550792599852183	0.014550792598973584	0.0145507925975973	0.014550792595441875	0.014550792592067504	0.014550792586786767	0.014550792578526258	0.014550792565610383	0.014550792545425816	0.014550792513898689	0.014550792464683283	0.0145507923879023	0.014550792268193113	0.014550792081680813	0.0145507917912929	0.014550791339514358	0.014550790637196604	0.014550789546289893	0.014550787853229764	0.01455078522796557	0.014550781160962797	0.014550774866453448	0.014550765134041535	0.014550750101387469	0.01455072690645911	0.014550691156260972	0.014550636116310597	0.014550551475818766	0.014550421469176941	0.014550222022422397	0.014549916425181891	0.014549448776448367	0.01454873407529162	0.01454764326467	0.014545980698790026	0.014543450262164722	0.01453960453359253	0.014533768691350693	0.014524926916604298	0.014511553342146643	0.014491361400146936	0.014460933816943673	0.014415179345413155	0.01434654034964803	0.014243846428386976	0.014090672992051443	0.013863021877579935	0.013526102094995912	0.013029989152237163	0.012304151313373923	0.011251379158053153	0.009739369792738952	0.007605347913796213	0.004901522903704769	0.0028667505736652108	0.002217982985023944	0.001976927302069701	0.0016913554156212896	0.0012261134055931873	0.0006066485942750815	0.00037241421931990984	0.0003105004506857414	0.00021482581319332594	0.00008819442641636332	0.000059842136551830784	0.000040091363895485826	0.00001416033865097761	9.349541514423414e-6	3.33655400621766e-6	1.2578311182033572e-6	5.171479205155718e-21
0.016187325868337696	0.016187325868337692	0.01618732586833769	0.016187325868337682	0.01618732586833767	0.016187325868337658	0.01618732586833764	0.016187325868337613	0.01618732586833757	0.016187325868337512	0.016187325868337425	0.016187325868337297	0.016187325868337106	0.01618732586833681	0.01618732586833636	0.016187325868335663	0.01618732586833458	0.016187325868332884	0.01618732586833024	0.016187325868326108	0.01618732586831966	0.016187325868309597	0.016187325868293852	0.016187325868269185	0.016187325868230525	0.016187325868169948	0.01618732586807504	0.016187325867926285	0.01618732586769307	0.016187325867327566	0.016187325866754806	0.016187325865857298	0.016187325864451423	0.016187325862249753	0.016187325858803014	0.016187325853409176	0.01618732584497179	0.01618732583177952	0.016187325811163104	0.016187325778961443	0.01618732572869298	0.01618732565026869	0.016187325527996253	0.016187325337487832	0.01618732504087331	0.016187324579398265	0.016187323861989584	0.016187322747611206	0.016187321018068038	0.016187318336135632	0.016187314181173	0.016187307750232718	0.016187297806366775	0.01618728244623289	0.016187258744535984	0.016187222210759016	0.016187165960224292	0.016187079451037627	0.016186946562329066	0.016186742674552355	0.016186430240318673	0.016185952075854514	0.01618522121651418	0.016184105602658636	0.016182405003258675	0.016179816310510405	0.01617588145673963	0.01616990943846173	0.016160859891755624	0.016147169806980437	0.01612649656985726	0.01609533862210822	0.01604847848904723	0.015978170444011553	0.015872965540191613	0.01571602977394204	0.015482768507063484	0.01513752954799558	0.014629148284832744	0.013885257195230594	0.01280580603550458	0.01125430595776222	0.00905370377622079	0.006141750362076493	0.0035614706329080304	0.002639933306485319	0.002355085557160341	0.002054095499273822	0.0015655527741745378	0.0008437929927762982	0.0004687840177675965	0.0003933324124168864	0.000291006782201868	0.00013003866296121193	0.00007872598281581316	0.00005700260720155742	0.000021403230455821223	0.000012941671380325531	5.770352552601462e-6	1.5492696866180838e-6	9.37564439256739e-21
0.017952496232191657	0.017952496232191653	0.01795249623219165	0.017952496232191643	0.017952496232191632	0.01795249623219162	0.017952496232191598	0.01795249623219157	0.017952496232191528	0.017952496232191466	0.01795249623219138	0.017952496232191244	0.017952496232191046	0.017952496232190744	0.017952496232190283	0.01795249623218957	0.01795249623218846	0.01795249623218673	0.017952496232184027	0.017952496232179805	0.01795249623217322	0.017952496232162937	0.017952496232146856	0.017952496232121674	0.01795249623208221	0.01795249623202037	0.017952496231923496	0.01795249623177168	0.017952496231533683	0.017952496231160686	0.017952496230576234	0.017952496229660442	0.01795249622822595	0.017952496225979577	0.017952496222462876	0.017952496216959712	0.01795249620835137	0.017952496194891997	0.017952496173858235	0.017952496141004772	0.01795249608971879	0.017952496009706675	0.017952495884957613	0.01795249569058821	0.01795249538795779	0.01795249491711451	0.01795249418512586	0.017952493048070593	0.017952491283279897	0.017952488546597957	0.017952484306653114	0.017952477743898774	0.01795246759573133	0.017952451919188758	0.017952427727844562	0.017952390436942394	0.017952333016657846	0.017952244701749772	0.017952109027995353	0.017951900848525222	0.017951581806904097	0.01795109347938447	0.0179503470029996	0.017949207415331295	0.017947470052276846	0.017944825045375316	0.017940804032657413	0.017934700363450882	0.01792544993879168	0.01791145383171298	0.017890315230222366	0.01785845107403655	0.017810521836179555	0.017738599940788993	0.01763096718373546	0.01747039389919469	0.017231709253251626	0.01687842992201175	0.016358197992976845	0.015596895193902399	0.014491784470081093	0.012902532880214854	0.010641140743292447	0.007557089194097413	0.004435112477253608	0.0031314744611090945	0.0027826781701875596	0.0024652892682896768	0.0019545200532788244	0.001148205007139089	0.0005910682522838782	0.0004907682271164862	0.00038172424916583164	0.00019169237093362462	0.0001020944565299673	0.00007780254700964704	0.000033686804740013636	0.000017394341539649488	9.198929412000104e-6	1.8511493084889505e-6	1.2425279595170277e-20
0.019885090797182613	0.01988509079718261	0.019885090797182606	0.0198850907971826	0.01988509079718259	0.01988509079718257	0.01988509079718255	0.019885090797182522	0.019885090797182477	0.019885090797182415	0.019885090797182325	0.01988509079718219	0.019885090797181985	0.019885090797181676	0.0198850907971812	0.019885090797180472	0.01988509079717934	0.01988509079717757	0.019885090797174813	0.019885090797170504	0.01988509079716378	0.019885090797153285	0.019885090797136882	0.0198850907971112	0.019885090797070955	0.01988509079700789	0.01988509079690911	0.019885090796754327	0.019885090796511698	0.01988509079613145	0.019885090795535677	0.0198850907946022	0.019885090793140027	0.019885090790850414	0.019885090787266066	0.0198850907816572	0.019885090772883585	0.01988509075916603	0.01988509073772886	0.019885090704245444	0.019885090651976117	0.01988509057042954	0.019885090443287175	0.019885090245186827	0.019885089936743268	0.01988508945684766	0.01988508871077081	0.019885087551803588	0.019885085752954508	0.01988508296336961	0.019885078641308184	0.01988507195118262	0.019885061605595777	0.019885045623295666	0.01988502095877331	0.0198849829361873	0.01988492438541661	0.01988483432532376	0.01988469595976575	0.019884483632074058	0.019884158203597218	0.01988366005164655	0.019882898477612227	0.019881735711927247	0.019879962803128485	0.019877263343847075	0.019873159014797023	0.019866928029450275	0.01985748332842488	0.01984319123880564	0.019821602518562773	0.019789055266602417	0.019740091898677304	0.01966660896667735	0.019556627914510554	0.01939253662320798	0.019148607600399815	0.018787555545004046	0.01825587544886463	0.017477785553750444	0.016348023924527545	0.014722789974567467	0.012407018725420606	0.009192414746144214	0.005528933837838225	0.0037098711448974105	0.0032725985637016186	0.0029375108410428807	0.002405616615309148	0.0015352029958001692	0.0007452084412143193	0.0006063850787765052	0.0004904885930604618	0.00027744198921381233	0.00013099347516763312	0.00010340242327445566	0.00005207445918730613	0.000022907997422110365	0.000013840206165570397	2.16789097660705e-6	1.4123871253500216e-20
0.022110758704375136	0.022110758704375132	0.022110758704375125	0.02211075870437512	0.022110758704375108	0.022110758704375094	0.02211075870437507	0.02211075870437504	0.022110758704374997	0.02211075870437493	0.022110758704374837	0.022110758704374695	0.022110758704374487	0.022110758704374168	0.022110758704373686	0.02211075870437294	0.022110758704371784	0.02211075870436998	0.022110758704367166	0.022110758704362774	0.022110758704355915	0.022110758704345212	0.02211075870432849	0.022110758704302323	0.02211075870426132	0.022110758704197073	0.022110758704096435	0.02211075870393878	0.022110758703691676	0.02211075870330441	0.022110758702697682	0.022110758701747123	0.022110758700258193	0.022110758697926808	0.022110758694277144	0.022110758688566195	0.022110758679633052	0.02211075866566628	0.02211075864383977	0.0221107586097485	0.02211075855653033	0.022110758473503234	0.022110758344051896	0.022110758142352274	0.022110757828300964	0.022110757339673152	0.022110756580006708	0.02211075539990333	0.022110753568201743	0.022110750727587475	0.02211074632631688	0.022110739513328648	0.02211072897730733	0.022110712700060976	0.022110687579078792	0.02211064885063696	0.022110589209242713	0.022110497465427842	0.02211035650273782	0.02211014017249835	0.022109808581084082	0.02210930094852463	0.022108524804201883	0.022107339668473856	0.02210553245043511	0.022102780428871104	0.02209859566916871	0.022092241767795413	0.022082609490853698	0.022068031607702022	0.022046008239055663	0.0220128013413614	0.021962839322876165	0.02188784891978257	0.02177560024207834	0.021608112074866615	0.021359119953245638	0.020990565685883335	0.020447842073623906	0.019653585998099053	0.0185001702937502	0.016840537972798768	0.014474619129231285	0.011161948180193575	0.007059186690539137	0.00448395959347962	0.0038772416708815873	0.003519848936216636	0.002967271215717513	0.0020498077970657063	0.0009950057232303287	0.0007570808982782517	0.0006331889207659483	0.00040378877597749453	0.00017502772945687152	0.00013857358352910694	0.00008219152332299056	0.0000310796747368264	0.000020682109533207604	3.451180485926574e-6	1.5681953010153087e-20
0.02447460230334501	0.024474602303345007	0.024474602303345	0.024474602303344993	0.024474602303344983	0.024474602303344965	0.024474602303344944	0.02447460230334491	0.024474602303344865	0.0244746023033448	0.0244746023033447	0.024474602303344556	0.02447460230334434	0.024474602303344015	0.024474602303343522	0.02447460230334276	0.024474602303341583	0.024474602303339744	0.024474602303336878	0.024474602303332402	0.024474602303325415	0.02447460230331451	0.024474602303297486	0.02447460230327085	0.024474602303229124	0.024474602303163742	0.024474602303061335	0.024474602302900925	0.024474602302649542	0.024474602302255576	0.024474602301638376	0.024474602300671496	0.024474602299157024	0.02447460229678574	0.02447460229307374	0.024474602287265338	0.024474602278179967	0.024474602263975354	0.02447460224177735	0.024474602207106125	0.024474602152982687	0.024474602068543166	0.02447460193688917	0.024474601731756116	0.024474601412355596	0.024474600915398353	0.024474600142769375	0.024474598942505407	0.024474597079467895	0.02447459419018009	0.024474589713357156	0.024474582783177913	0.02447457206551162	0.024474555506929143	0.024474529950543823	0.024474490548795382	0.024474429867047582	0.024474336517078837	0.02447419307683678	0.024473972928221857	0.024473635457251994	0.024473118779687393	0.024472328733990724	0.024471122254333427	0.024469282299404732	0.024466480122189136	0.02446221861099747	0.024455747410955575	0.02444593612281286	0.02443108548474453	0.0244086472834556	0.024374810797377747	0.02432389561898005	0.0242474664135354	0.02413305344573088	0.0239623233297431	0.023708499365515303	0.023332786405388294	0.02277952781704724	0.021969863098194015	0.020793946164323188	0.019101646616243455	0.016688809225187583	0.013294362407900776	0.008833639846885425	0.005399586786554411	0.004546496040832946	0.004162526208575039	0.003589962426153525	0.002633224159217322	0.0013252775255209327	0.0009293861900003349	0.0007960891654922392	0.0005531185418720386	0.00023470609683282838	0.00017977450363026697	0.0001191617255781382	0.000042022881957453885	0.00002896787522910904	6.3584656413529844e-6	1.7224388425500036e-20
0.02709685574551064	0.027096855745510635	0.02709685574551063	0.02709685574551062	0.027096855745510608	0.027096855745510594	0.02709685574551057	0.027096855745510535	0.02709685574551049	0.02709685574551042	0.02709685574551032	0.02709685574551017	0.02709685574550995	0.027096855745509615	0.02709685574550911	0.027096855745508335	0.02709685574550713	0.027096855745505265	0.027096855745502347	0.02709685574549779	0.02709685574549068	0.027096855745479584	0.02709685574546226	0.027096855745435175	0.027096855745392757	0.02709685574532629	0.027096855745222182	0.027096855745059135	0.027096855744803663	0.027096855744403292	0.027096855743776082	0.027096855742793614	0.02709685574125477	0.02709685573884539	0.027096855735073925	0.027096855729172538	0.027096855719941998	0.027096855705510545	0.02709685568295836	0.02709685564773423	0.02709685559274778	0.02709685550696196	0.027096855373208602	0.0270968551648033	0.027096854840304885	0.027096854335409832	0.02709685355042812	0.02709685233095256	0.027096850438054706	0.027096847502385394	0.027096842953568536	0.027096835911717316	0.027096825020959062	0.027096808194284217	0.027096782222984766	0.027096742179599165	0.02709668050640497	0.02709658562573888	0.027096439824253936	0.02709621603637054	0.02709587296138424	0.02709534766228037	0.02709454436534519	0.02709331753883653	0.02709144637449699	0.027088596378976877	0.027084261688581992	0.027077678642570727	0.027067696654667357	0.02705258591147343	0.027029752097853518	0.02699531517170525	0.02694349094152065	0.026865689509600738	0.026749212436313532	0.02657539058374046	0.026316959019791954	0.025934420506236885	0.025371120190839907	0.024546782568146675	0.023349493391243294	0.021626214672772814	0.019169383273300138	0.015707552486970026	0.011005682737766878	0.006580802046255469	0.005331199482917836	0.004911765021802512	0.004319702632700034	0.0033294496349987757	0.0018083674628666011	0.0011401311616223639	0.0009941983423560267	0.0007393464859921769	0.00032632735867325316	0.00023152057829877286	0.0001670333687663637	0.00005865973554053121	0.00003976661979073812	0.000012850754902149062	1.8901812039433767e-20
0.030087322881244237	0.030087322881244234	0.030087322881244227	0.03008732288124422	0.030087322881244206	0.03008732288124419	0.030087322881244164	0.03008732288124413	0.03008732288124408	0.03008732288124401	0.030087322881243907	0.030087322881243755	0.030087322881243526	0.030087322881243186	0.03008732288124267	0.030087322881241878	0.030087322881240653	0.030087322881238752	0.030087322881235785	0.030087322881231154	0.030087322881223923	0.03008732288121264	0.030087322881195037	0.030087322881167517	0.030087322881124437	0.030087322881056935	0.030087322880951204	0.030087322880785635	0.03008732288052626	0.030087322880119807	0.030087322879483062	0.030087322878485763	0.03008732287692376	0.030087322874478163	0.030087322870650225	0.030087322864660527	0.030087322855292184	0.0300873228406454	0.03008732281775716	0.030087322782008374	0.030087322726203205	0.0300873226391404	0.03008732250339589	0.03008732229188722	0.03008732196255438	0.030087321450132203	0.030087320653437364	0.03008731941574545	0.030087317494535117	0.030087314514889642	0.030087309897812834	0.030087302750082243	0.03008729169521066	0.030087274614347934	0.030087248249648545	0.030087207597885357	0.030087144984614688	0.030087048652520498	0.030086900611998018	0.03008667337306406	0.030086324983666618	0.030085791508184988	0.03008497564358064	0.03008372951876573	0.030081828751630662	0.030078933396694277	0.03007452928580805	0.03006784013202383	0.03005769619221998	0.030042338659434294	0.030019129466790504	0.029984122785474517	0.02993143593368986	0.029852332343677224	0.029733896571576154	0.029557140943718325	0.02929433740212221	0.028905322893002773	0.02833249685017752	0.027494249791709342	0.02627674617299388	0.02452421204454275	0.02202594995949098	0.018504675344261347	0.013653682971699416	0.008283056183071817	0.00629806008454155	0.005817669934476272	0.005206406074908876	0.004185090440490073	0.0025340270664453166	0.0014187394233640066	0.001246034063737789	0.0009797674302731223	0.0004985323498512195	0.0003001480041839674	0.0002315442702459868	0.00009622404290287208	0.00005466516567112371	0.000025204245127752292	2.1391397284523774e-20
0.033350280706369945	0.03335028070636994	0.03335028070636993	0.033350280706369924	0.03335028070636991	0.033350280706369896	0.03335028070636987	0.033350280706369834	0.03335028070636978	0.03335028070636971	0.0333502807063696	0.033350280706369445	0.03335028070636921	0.03335028070636886	0.033350280706368335	0.03335028070636752	0.03335028070636628	0.03335028070636435	0.033350280706361334	0.03335028070635663	0.03335028070634929	0.03335028070633783	0.03335028070631995	0.03335028070629202	0.03335028070624831	0.03335028070617983	0.03335028070607257	0.03335028070590462	0.03335028070564156	0.03335028070522937	0.033350280704583644	0.03335028070357237	0.03335028070198858	0.0333502806995089	0.033350280695627836	0.033350280689555103	0.03335028068005719	0.03335028066520801	0.03335028064200397	0.03335028060576215	0.03335028054918782	0.03335028046092543	0.03335028032331056	0.03335028010888702	0.03335027977501373	0.03335027925552258	0.0333502784478281	0.033350277193030055	0.03335027524523329	0.033350272224293785	0.033350267543121134	0.03335026029597136	0.03335024908700007	0.03335023176745917	0.03335020503336207	0.03335016381033433	0.03335010031432266	0.03335000261929975	0.03334985247621773	0.03334962199650649	0.03334926861636341	0.03334872746222702	0.03334789979457377	0.033346635544876595	0.03334470697380431	0.033341769013977215	0.033337299695409627	0.03333051086863654	0.03332021479166746	0.033304625415744596	0.0332810635648663	0.03324552159662383	0.03319202428812299	0.033111697264766475	0.03299142120105581	0.032811909166062476	0.03254499802604005	0.03214989928152258	0.031568124361195965	0.030716814579891838	0.02948035351988961	0.027700421055327485	0.025163357363046007	0.021587641200044645	0.016630349214587493	0.010506734198570589	0.007435912317324699	0.006851236661265217	0.006221076993142562	0.005170572247202053	0.003435093060466524	0.0017792702915591784	0.0015443123698903852	0.0012670816214523256	0.0007426369487250821	0.0003847969392540327	0.00031105159157591094	0.00015817719678001282	0.00007327731665904421	0.000041658556510628684	3.118155356435078e-20
0.036938425044007864	0.03693842504400786	0.03693842504400785	0.03693842504400784	0.03693842504400783	0.03693842504400781	0.03693842504400779	0.036938425044007746	0.0369384250440077	0.03693842504400762	0.03693842504400751	0.03693842504400735	0.03693842504400711	0.036938425044006754	0.03693842504400621	0.036938425044005394	0.036938425044004124	0.03693842504400216	0.03693842504399911	0.03693842504399433	0.03693842504398688	0.03693842504397526	0.03693842504395712	0.036938425043928795	0.03693842504388449	0.0369384250438151	0.036938425043706404	0.036938425043536206	0.03693842504326968	0.03693842504285213	0.03693842504219799	0.03693842504117362	0.03693842503956945	0.036938425037057895	0.03693842503312716	0.036938425026976855	0.03693842501735787	0.036938425002319704	0.03693842497882076	0.03693842494211866	0.036938424884826467	0.03693842479544452	0.036938424656084254	0.03693842443894094	0.03693842410083148	0.036938423574745555	0.036938422756789914	0.036938421486035045	0.03693841951343901	0.036938416453982145	0.036938411713025365	0.03693840437314536	0.03693839302044395	0.0369383754782868	0.036938348399650316	0.03693830664379758	0.03693824232443493	0.03693814335816039	0.03693799125390977	0.0369377577512838	0.03693739971577428	0.0369368513987701	0.0369360127205218	0.03693473156221245	0.036932777051952886	0.03692979934297764	0.03692526918484922	0.0369183873578375	0.03690794932249743	0.03689214360581575	0.03686825266450975	0.03683221116464377	0.03677795751338306	0.03669648872084303	0.036574495182831304	0.03639241068313866	0.0361216660464564	0.035720889049540266	0.03513076252206908	0.034267264613206116	0.03301313685418916	0.031207713636872754	0.02863452621595382	0.025008613788045	0.01997154331811228	0.013344586569333745	0.008821275655608325	0.0080397956881466	0.007390497944811808	0.00631263573861215	0.0045200719297607585	0.0022920141605190197	0.0018992964830504208	0.0016114579871316416	0.001060254071203884	0.0004921322825374652	0.00040815694877108786	0.0002446695140000487	0.00009533239104287826	0.00006146923244184427	1.0892624424705827e-19
0.04089295659983567	0.04089295659983567	0.04089295659983566	0.04089295659983565	0.040892956599835634	0.04089295659983561	0.04089295659983559	0.04089295659983555	0.040892956599835495	0.04089295659983542	0.0408929565998353	0.04089295659983514	0.04089295659983489	0.04089295659983453	0.040892956599833975	0.04089295659983314	0.04089295659983185	0.04089295659982986	0.040892956599826766	0.04089295659982193	0.04089295659981437	0.04089295659980259	0.04089295659978421	0.04089295659975552	0.04089295659971066	0.04089295659964041	0.04089295659953037	0.04089295659935808	0.04089295659908833	0.04089295659866578	0.040892956598003835	0.04089295659696727	0.04089295659534419	0.04089295659280307	0.040892956588826246	0.04089295658260407	0.04089295657287284	0.040892956557659656	0.040892956533887546	0.04089295649675931	0.04089295643880262	0.040892956348384406	0.0408929562074089	0.04089295598774903	0.04089295564572033	0.04089295511353348	0.040892954286085755	0.04089295300057098	0.04089295100503722	0.04089294790995555	0.040892943113705935	0.040892935688064326	0.04089292420243637	0.04089290645439814	0.0408928790571246	0.04089283680850428	0.040892771727685316	0.040892671585712456	0.040892517667676986	0.04089228136925836	0.04089191902805711	0.040891364086024874	0.040890515223628014	0.04088921842532753	0.040887239921176086	0.040884225442594464	0.04087963900308975	0.04087267114000122	0.04086210177121739	0.04084609589789995	0.040821900473507415	0.04078539677819725	0.04073044329435141	0.04064791801386457	0.040524335250988384	0.04033987033645013	0.04006557831367828	0.039659546658340455	0.03906169120736139	0.03818691494840536	0.03691645439391463	0.03508750883624738	0.03248096766214937	0.028808737103313775	0.023705315671285615	0.016802479614352144	0.01058816107344563	0.009406734806154655	0.008736761907879271	0.007633512277590836	0.0057950143162318925	0.0030813844999732056	0.002318046085172825	0.002019545745827055	0.0014477679076747197	0.0006400790342290607	0.0005215536455298402	0.00035016045557138104	0.00011786131226509245	0.00007981779086638781	3.6542565824566723e-19
0.04523958543648866	0.04523958543648865	0.04523958543648864	0.045239585436488636	0.04523958543648862	0.0452395854364886	0.04523958543648857	0.04523958543648853	0.045239585436488476	0.04523958543648839	0.045239585436488275	0.04523958543648811	0.04523958543648786	0.045239585436487484	0.04523958543648692	0.04523958543648607	0.045239585436484764	0.045239585436482745	0.0452395854364796	0.04523958543647471	0.04523958543646706	0.04523958543645513	0.04523958543643652	0.04523958543640748	0.0452395854363621	0.04523958543629106	0.04523958543617978	0.04523958543600556	0.04523958543573281	0.04523958543530565	0.04523958543463653	0.04523958543358873	0.04523958543194826	0.04523958542937999	0.04523958542536079	0.04523958541907267	0.04523958540923841	0.04523958539386474	0.04523958536984209	0.0452395853323233	0.04523958527375761	0.045239585182389845	0.045239585039934714	0.0452395848179699	0.04523958447235189	0.04523958393457831	0.04523958309843927	0.045239581799410705	0.04523957978287716	0.04523957665518272	0.04523957180831679	0.04523956430417024	0.04523955269686584	0.04523953476037487	0.04523950707144136	0.04523946437177591	0.04523939859397344	0.04523929737584419	0.04523914179757524	0.045238902940015084	0.04523853665750855	0.04523797565098765	0.04523711746587851	0.04523580635010637	0.04523380588030434	0.045230757739180394	0.04522611977232098	0.04521907313769178	0.04520838352042068	0.04519219437794157	0.04516772015093138	0.04513079322945647	0.04507519890061978	0.04499170615684983	0.044866668047551524	0.044680023182866575	0.04440248237614853	0.04399163803837387	0.04338670303793767	0.04250159575817825	0.04121618398406631	0.03936574757433069	0.036728736581342104	0.033014084387019804	0.027851665481329092	0.02080634587961403	0.012970684233853471	0.010971714823921171	0.010276403452224215	0.009149937195268331	0.007270535596473788	0.004265139863874316	0.0028067568385017902	0.002495802556836656	0.001905753572611838	0.0008846127144893609	0.0006483367999977469	0.00046994007637198487	0.00014731575176765474	0.00009041252671472469	5.898933651595744e-19
0.049991761619904415	0.04999176161990441	0.0499917616199044	0.049991761619904394	0.04999176161990438	0.04999176161990436	0.04999176161990433	0.04999176161990429	0.04999176161990423	0.049991761619904145	0.04999176161990403	0.04999176161990385	0.04999176161990359	0.04999176161990321	0.04999176161990264	0.04999176161990177	0.049991761619900446	0.0499917616198984	0.04999176161989522	0.04999176161989027	0.04999176161988254	0.04999176161987047	0.049991761619851645	0.049991761619822286	0.04999176161977641	0.049991761619704644	0.04999176161959224	0.04999176161941624	0.049991761619140755	0.04999176161870939	0.04999176161803373	0.049991761616975716	0.0499917616153194	0.0499917616127265	0.049991761608668805	0.049991761602320876	0.04999176159239319	0.04999176157687407	0.04999176155262442	0.049991761514752	0.04999176145563483	0.04999176136340762	0.04999176121961361	0.04999176099556335	0.04999176064669831	0.04999176010387145	0.04999175925987197	0.049991757948622685	0.0499917559131	0.0499917527559173	0.0499917478632877	0.04999174028816475	0.04999172857085731	0.04999171046399803	0.04999168251139805	0.04999163940398425	0.049991572996107896	0.04999147080513507	0.04999131372601259	0.04999107255496766	0.04999070270944779	0.04999013622042976	0.04998926960711861	0.04998794554733722	0.049985925218532595	0.04998284664248783	0.04997816208746207	0.04997104422991557	0.04996024588431639	0.04994389102575061	0.049919164692489394	0.04988185506095262	0.04982568122286051	0.04974131359204961	0.049614959362446996	0.04942634302083696	0.049145863951693125	0.04873066651575052	0.04811932706894792	0.0472248727980805	0.0459259396495817	0.04405610484534251	0.0413916187343569	0.037638615661964754	0.03242277932468751	0.025288932652153904	0.016265779801014152	0.012759785244037106	0.012026836989490341	0.01087948220466405	0.00896328600546067	0.0058288126437536615	0.003383342499954742	0.0030513388904881067	0.0024450774817677233	0.0013034752668723113	0.0007939519157062532	0.0006094147252527173	0.00021848014681863977	0.00009567744604608373	6.525464423782675e-19
0.05534826520709746	0.05534826520709745	0.055348265207097444	0.05534826520709744	0.05534826520709742	0.055348265207097395	0.05534826520709737	0.055348265207097326	0.055348265207097264	0.05534826520709718	0.055348265207097055	0.055348265207096875	0.05534826520709661	0.05534826520709622	0.05534826520709564	0.05534826520709476	0.05534826520709341	0.05534826520709134	0.055348265207088125	0.05534826520708312	0.05534826520707531	0.05534826520706311	0.05534826520704409	0.05534826520701443	0.05534826520696812	0.05534826520689568	0.05534826520678225	0.05534826520660465	0.055348265206326665	0.0553482652058915	0.05534826520520997	0.055348265204142745	0.05534826520247217	0.05534826519985718	0.055348265195764954	0.05534826518936342	0.05534826517935214	0.055348265163702844	0.05534826513925027	0.05534826510106185	0.055348265041451974	0.05534826494845748	0.05534826480346838	0.05534826457755699	0.05534826422579493	0.05534826367846054	0.05534826282745077	0.05534826150530419	0.05534825945285091	0.0553482562693788	0.055348251335953474	0.05534824369756414	0.0553482318822084	0.05534821362350247	0.05534818543590974	0.055348141965100614	0.055348074995698264	0.055347971937730306	0.05534781352106162	0.05534757028826125	0.05534719726740097	0.05534662589235834	0.055345751767695045	0.05534441617179423	0.055342378143629356	0.05533927244181513	0.055334546363079835	0.0553273650234638	0.05531646976429212	0.05529996719346649	0.05527501613876711	0.0552373653623098	0.05518067494484729	0.05509552741698764	0.05496799993058346	0.054777626033251106	0.05449452732348132	0.05407544831228618	0.053458396863437944	0.05255560416907377	0.05124461225040596	0.04935751489796948	0.04666863546646514	0.042881536132764075	0.037617708462149506	0.030413533192263212	0.02085865317261537	0.014912224240497774	0.014092006647357606	0.012926188406556632	0.01097769003776694	0.00777552288433163	0.004149062487292382	0.00373109589413875	0.003110947296825756	0.001924708021002675	0.0009767232104084156	0.0007865382325176884	0.0003708293401767491	0.00009948854463580472	6.88407918869862e-19
0.06115160362962858	0.06115160362962857	0.06115160362962856	0.06115160362962855	0.061151603629628536	0.061151603629628515	0.06115160362962848	0.06115160362962844	0.061151603629628376	0.061151603629628286	0.06115160362962816	0.061151603629627974	0.0611516036296277	0.0611516036296273	0.06115160362962671	0.061151603629625816	0.06115160362962445	0.06115160362962235	0.061151603629619106	0.06115160362961405	0.061151603629606165	0.061151603629593855	0.06115160362957466	0.06115160362954472	0.061151603629498	0.06115160362942496	0.06115160362931063	0.06115160362913161	0.0611516036288514	0.06115160362841284	0.06115160362772612	0.061151603626650786	0.06115160362496761	0.061151603622333184	0.06115160361821059	0.06115160361176192	0.06115160360167731	0.06115160358591375	0.06115160356128338	0.06115160352281799	0.061151603462776684	0.061151603369110644	0.06115160322307567	0.061151602995536104	0.0611516026412405	0.06115160208996497	0.061151601232826897	0.06115159990115552	0.06115159783390629	0.06115159462746242	0.06115158965839221	0.06115158196472986	0.06115157006371876	0.06115155167236773	0.061151523279507035	0.061151479491280615	0.06115141203141239	0.06115130821618364	0.06115114863127607	0.061150903597715904	0.06115052780348988	0.06114995216095596	0.061149071475792204	0.061147725804039106	0.06114567231678832	0.061142542922326126	0.06113778057481196	0.06113054378622052	0.06111956387599612	0.061102932281664454	0.061077784935913086	0.06103983617222831	0.06098269452456528	0.06089686575421399	0.06076831340739908	0.0605764041985695	0.06029101694137582	0.0598685465098924	0.059246503234210005	0.0583364213735081	0.057014889814618885	0.055112733066085946	0.05240263292618891	0.048585886476397167	0.04328003922020382	0.03601352071460566	0.026260612401997806	0.01746197553043403	0.01641172475863116	0.015229895847635242	0.013253839441783547	0.009997145252003748	0.005283710167859944	0.004516103049316896	0.0038842856012910906	0.0026677129860514077	0.001192047779665624	0.0009928787870034496	0.000563178619290507	0.00010234498451172325	7.137593014688018e-19
0.06762408073063267	0.06762408073063265	0.06762408073063265	0.06762408073063264	0.06762408073063263	0.0676240807306326	0.06762408073063257	0.06762408073063252	0.06762408073063246	0.06762408073063236	0.06762408073063224	0.06762408073063204	0.06762408073063177	0.06762408073063136	0.06762408073063075	0.06762408073062984	0.06762408073062845	0.06762408073062634	0.06762408073062305	0.06762408073061796	0.06762408073061	0.0676240807305976	0.06762408073057824	0.06762408073054806	0.06762408073050097	0.06762408073042739	0.06762408073031226	0.067624080730132	0.06762408072984984	0.06762408072940831	0.06762408072871709	0.06762408072763475	0.06762408072594063	0.06762408072328943	0.06762408071914072	0.06762408071265141	0.06762408070250389	0.06762408068664219	0.06762408066185951	0.06762408062315677	0.06762408056274634	0.06762408046850589	0.06762408032157666	0.06762408009264595	0.06762407973618655	0.06762407918154607	0.06762407831917705	0.06762407697937751	0.06762407489950441	0.067624071673465	0.06762406667399432	0.06762405893319559	0.06762404695914838	0.06762402845470315	0.0676239998868429	0.06762395582802233	0.06762388795006033	0.06762378348933613	0.067623622908645	0.0676233763401895	0.06762299818210071	0.06762241890223841	0.06762153262537324	0.06762017836570931	0.06761811170227783	0.06761496211391911	0.06761016885340371	0.06760288480378504	0.06759183274248606	0.06757509117684823	0.06754977652576663	0.0675115737793006	0.06745404753885016	0.06736763813563497	0.06723821228268415	0.06704499446410217	0.06675765643434428	0.06633229470607671	0.06570599457859927	0.06478969429959928	0.06345917263645873	0.06154420017138317	0.05881610971623543	0.05497428717557998	0.049632811261359475	0.0423117988633753	0.032458320488901224	0.020990941843910628	0.019107767437106068	0.017912349750194772	0.015913587067909254	0.012612485632465118	0.007348664032056117	0.00545857745044839	0.004817165084813322	0.0035778329676519156	0.0015354428722165045	0.0012540672979830857	0.0008148638511969134	0.00010651057714753293	7.278240760370597e-19
0.07484841119909282	0.07484841119909282	0.0748484111990928	0.07484841119909279	0.07484841119909277	0.07484841119909275	0.07484841119909272	0.07484841119909268	0.07484841119909261	0.07484841119909251	0.07484841119909237	0.07484841119909218	0.0748484111990919	0.07484841119909148	0.07484841119909086	0.07484841119908993	0.07484841119908853	0.07484841119908639	0.07484841119908307	0.07484841119907794	0.07484841119906993	0.07484841119905743	0.07484841119903793	0.07484841119900752	0.07484841119896012	0.07484841119888606	0.07484841119877024	0.07484841119858893	0.07484841119830511	0.07484841119786104	0.074848411197166	0.07484841119607777	0.07484841119437445	0.07484841119170914	0.07484841118753867	0.07484841118101541	0.07484841117081555	0.07484841115487223	0.07484841112996317	0.07484841109106355	0.0748484110303476	0.07484841093563167	0.07484841078796314	0.07484841055788331	0.07484841019963728	0.07484840964221966	0.0748484087755354	0.07484840742903318	0.0748484053387533	0.07484840209656363	0.07484839707204348	0.07484838929241405	0.07484837725820802	0.07484835866062316	0.07484832994865848	0.07484828566703777	0.07484821744485655	0.07484811245272968	0.0748479510523098	0.07484770322038847	0.07484732311653434	0.07484674084277247	0.07484584996347024	0.07484448863538042	0.07484241112724385	0.07483924491844983	0.07483442621553524	0.07482710326904432	0.07481599182658533	0.0747991597547415	0.07477370741432154	0.07473529564957664	0.07467745291284716	0.07459056569895185	0.07446042104398522	0.07426612638093898	0.07397718299017547	0.0735494415767708	0.07291963693596445	0.07199821501356186	0.0706602901736128	0.06873479226474752	0.06599198673964857	0.06212973044908548	0.05675932894088038	0.04939349353684819	0.03945386035440646	0.026577971294831384	0.022239723128996736	0.021032932432315937	0.019016161142340948	0.015681762796498192	0.01028575844170436	0.006600387027283611	0.005951097570369373	0.004696247858306986	0.0023319585524443453	0.0015744008396761816	0.001129321218554161	0.00019995631217003523	7.369502820415733e-19
0.08282665709239054	0.08282665709239054	0.08282665709239052	0.08282665709239051	0.0828266570923905	0.08282665709239047	0.08282665709239044	0.08282665709239038	0.08282665709239032	0.08282665709239022	0.08282665709239008	0.08282665709238989	0.0828266570923896	0.08282665709238916	0.08282665709238854	0.0828266570923876	0.08282665709238617	0.082826657092384	0.08282665709238066	0.0828266570923755	0.08282665709236743	0.08282665709235486	0.08282665709233523	0.08282665709230463	0.08282665709225694	0.08282665709218248	0.08282665709206609	0.0828266570918839	0.08282665709159873	0.08282665709115254	0.08282665709045438	0.0828266570893614	0.08282665708765066	0.082826657084974	0.08282665708078617	0.0828266570742358	0.08282665706399428	0.08282665704798628	0.08282665702297709	0.082826656983922	0.08282665692296505	0.08282665682787436	0.08282665667962434	0.0828266564486413	0.08282665608899194	0.08282665552939476	0.08282665465932619	0.08282665330757029	0.08282665120913751	0.08282664795430073	0.08282664291017029	0.0828266351001513	0.08282662301887675	0.08282660434843472	0.08282657552376625	0.08282653106792236	0.08282646257660896	0.08282635716904624	0.08282619512784654	0.08282594630836211	0.0828255646837467	0.08282498007017047	0.08282408559412698	0.08282271874241186	0.08282063276001922	0.08281745356417458	0.08281261498149409	0.08280526164342644	0.0827941038058572	0.08277720102323911	0.08275164111329865	0.08271306606131502	0.08265497608824163	0.0825677156483234	0.08243700956216445	0.08224187385894809	0.08195167664996522	0.08152207646447346	0.08088953384439113	0.0799641089409908	0.07862039960536571	0.0766867030996634	0.07393248044448653	0.07005444417636392	0.06466188988790057	0.057261996554203096	0.04725208439146163	0.034027907382014486	0.025827266687820993	0.024610229250650643	0.022579936400605155	0.019222511614971922	0.013751847714028908	0.007972176712879584	0.007313377611692616	0.006048419967395966	0.0036191074288466274	0.001966694193660732	0.0015178328620594447	0.0005171933587296176	7.4366757472338045e-19
0.0916854138710223	0.0916854138710223	0.09168541387102229	0.09168541387102228	0.09168541387102226	0.09168541387102223	0.09168541387102219	0.09168541387102215	0.09168541387102207	0.09168541387102197	0.09168541387102183	0.09168541387102162	0.09168541387102133	0.09168541387102089	0.09168541387102025	0.09168541387101929	0.09168541387101785	0.09168541387101566	0.0916854138710123	0.09168541387100708	0.09168541387099897	0.09168541387098635	0.09168541387096663	0.09168541387093586	0.09168541387088792	0.09168541387081312	0.09168541387069626	0.09168541387051339	0.09168541387022716	0.09168541386977933	0.09168541386907872	0.09168541386798217	0.09168541386626582	0.09168541386358053	0.09168541385937976	0.09168541385280926	0.09168541384253684	0.09168541382648132	0.09168541380139847	0.0916854137622298	0.09168541370109687	0.09168541360573351	0.09168541345706142	0.09168541322542346	0.09168541286475834	0.09168541230358603	0.09168541143107455	0.09168541007553006	0.09168540797122297	0.09168540470728084	0.0916853996490418	0.09168539181716928	0.09168537970206447	0.09168536097927686	0.09168533207366453	0.09168528749273029	0.09168521880823234	0.09168511310253345	0.0916849506015707	0.09168470107362067	0.09168431835818944	0.09168373206651723	0.09168283501120779	0.09168146419883151	0.09167937214059992	0.09167618363413353	0.09167133080046495	0.0916639556775868	0.09165276458639479	0.09163581112600486	0.09161017412863937	0.09157148207157302	0.0915132149582032	0.09142568714220095	0.09129457890863653	0.09109884086957472	0.09080774582134683	0.09037681462737365	0.08974231107428858	0.08881401853513919	0.08746616795230273	0.08552662427577394	0.0827642911010368	0.07887511172229739	0.07346710857057862	0.06604406661162911	0.055986642019175754	0.042563658871040334	0.02996580131857467	0.02872478702176104	0.026685314592788473	0.023313730631910556	0.01780673816045069	0.009905988005003157	0.008964516625498674	0.00769351850593227	0.00524572662802399	0.0024096126106761062	0.001958410014163185	0.0009506476272468632	7.482256458366634e-19
0.10278180344356778	0.10278180344356778	0.10278180344356777	0.10278180344356776	0.10278180344356774	0.10278180344356772	0.10278180344356767	0.10278180344356762	0.10278180344356755	0.10278180344356744	0.1027818034435673	0.10278180344356708	0.10278180344356677	0.10278180344356633	0.10278180344356568	0.1027818034435647	0.10278180344356325	0.10278180344356103	0.10278180344355764	0.1027818034435524	0.10278180344354426	0.10278180344353156	0.10278180344351176	0.10278180344348088	0.10278180344343274	0.10278180344335767	0.10278180344324045	0.10278180344305708	0.10278180344277009	0.10278180344232106	0.1027818034416187	0.10278180344051968	0.10278180343879958	0.10278180343610846	0.10278180343189912	0.10278180342531554	0.10278180341502301	0.10278180339893718	0.10278180337380734	0.10278180333456721	0.10278180327332366	0.10278180317779054	0.10278180302885646	0.1027818027968135	0.10278180243552307	0.10278180187338423	0.10278180099937757	0.10278179964151955	0.10278179753363245	0.1027817942641506	0.10278178919734109	0.1027817813522125	0.10278176921660712	0.10278175046213249	0.10278172150755985	0.10278167685101844	0.10278160804982997	0.10278150216414507	0.10278133938575287	0.10278108943047869	0.1027807060573437	0.10278011875419817	0.10277922014468598	0.10277784694633779	0.1027757512287963	0.10277255711605204	0.10276769570315095	0.10276030746830228	0.10274909636633771	0.10273211241641197	0.10270642905075532	0.10266766663150831	0.10260929302102129	0.10252160450577771	0.10239025465555959	0.10219415486920268	0.10190252085183825	0.10147079103151722	0.10083511113215446	0.09990509843967166	0.09855476789062977	0.09661173929334556	0.09384459626973218	0.0899488663845124	0.08453194745351449	0.07709610791940819	0.06701452958099306	0.05347531613797693	0.03632258579657345	0.03397569047339651	0.03193127577371016	0.02855318146416144	0.023038633983653807	0.014062741390737305	0.010753410714693353	0.009479827846655577	0.007035811476318167	0.0029327107591932966	0.002480188639642564	0.001478534093663029	7.503624253709892e-19
0.11740641100096984	0.11740641100096982	0.11740641100096982	0.1174064110009698	0.11740641100096978	0.11740641100096975	0.11740641100096971	0.11740641100096966	0.11740641100096959	0.11740641100096948	0.11740641100096932	0.11740641100096912	0.1174064110009688	0.11740641100096835	0.11740641100096769	0.11740641100096669	0.11740641100096522	0.11740641100096298	0.11740641100095957	0.1174064110009543	0.11740641100094612	0.1174064110009334	0.11740641100091354	0.11740641100088256	0.11740641100083428	0.11740641100075902	0.11740641100064154	0.11740641100045787	0.11740641100017044	0.1174064109997207	0.11740641099901732	0.11740641099791693	0.11740641099619487	0.11740641099350069	0.117406410989287	0.11740641098269712	0.11740641097239488	0.11740641095629503	0.1174064109311437	0.11740641089187173	0.11740641083057948	0.11740641073497328	0.11740641058592734	0.11740641035371402	0.11740640999216385	0.11740640942962703	0.1174064085550098	0.11740640719621441	0.11740640508688673	0.11740640181518897	0.11740639674496854	0.11740638889458867	0.11740637675089796	0.11740635798396927	0.1174063290102203	0.11740628432415454	0.11740621547752367	0.11740610952192505	0.11740594663602237	0.11740569651551946	0.11740531288861283	0.11740472519599351	0.11740382598921317	0.117402451875746	0.11740035475742557	0.11739715850276995	0.11739229381857	0.11738490059399541	0.1173736818924857	0.11735668638760317	0.11733098548704236	0.11729219651864468	0.11723378281763128	0.1171460339545082	0.11701459360097584	0.11681835868416618	0.11652652393242646	0.11609449764947652	0.11545838264903004	0.11452773581482001	0.11317649593027969	0.1112321985766135	0.10846332101880675	0.10456527078398384	0.09914531330375549	0.09170550442024401	0.08161795978333662	0.06805587618586771	0.04923103094131947	0.04096287262723123	0.03891738968275114	0.03553903691483952	0.030030831684981097	0.02105135325269527	0.01287265843222185	0.011599422822384268	0.009163947682072177	0.004222650009217391	0.0030249801884042193	0.0020292122342506196	7.500793336098189e-19