0.0006338320217550939	0.0006338320214113376	0.0006338320209584159	0.0006338320203598106	0.0006338320195664782	0.0006338320185125091	0.0006338320171092824	0.0006338320152375902	0.0006338320127370303	0.0006338320093917202	0.0006338320049110604	0.0006338319989038321	0.0006338319908433336	0.0006338319800204653	0.0006338319654806315	0.0006338319459389092	0.0006338319196660472	0.0006338318843352964	0.0006338318368166627	0.0006338317729006575	0.0006338316869276728	0.0006338315712911065	0.0006338314157714293	0.0006338312066438692	0.0006338309254838517	0.0006338305475694748	0.0006338300397455231	0.0006338293575694343	0.0006338284415028829	0.000633827211831304	0.000633825561894098	0.0006338233490721882	0.0006338203828002032	0.0006338164086393996	0.0006338110871384484	0.0006338039658086696	0.0006337944420171576	0.0006337817139156328	0.0006337647156354887	0.0006337420318254774	0.0006337117851151689	0.0006336714881594234	0.0006336178494371696	0.0006335465187912047	0.0006334517546171333	0.0006333259894072517	0.000633159263741272	0.0006329384904357184	0.0006326464999966233	0.000632260805239917	0.0006317520063463521	0.0006310817369857551	0.0006302000266692817	0.0006290419233218764	0.0006275231823716813	0.0006255347839362444	0.0006229359881944139	0.000619545583037935	0.0006151309243679482	0.000609394334822016	0.0006019564509156258	0.0005923362820867172	0.0005799282730462496	0.0005639780059268631	0.0005435613721182249	0.0005175793139760146	0.0004847960221154712	0.0004439798299930508	0.0003942561602904089	0.0003358144963779143	0.00027095685152503217	0.00020483463301211604	0.00014445327473534844	0.00009559727496764234	0.00006024504217185557	0.00003681155442919988	0.000022108911866882335	0.000013000642019165276	7.219807223632083e-6	3.59574447642236e-6	1.5933360040231985e-6	6.576490868702963e-7	2.629421972825784e-7	9.746470378727169e-8	3.069777681687957e-8	8.61522329147636e-9	2.293335191543204e-9	5.174273721628597e-10	9.91902419647507e-11	1.7438988076059504e-11	2.44145417427391e-12	3.028475812186188e-13	2.963998858123521e-14	2.4182242454090497e-15	1.4286348257396121e-16	6.34471381536492e-18	2.170185577568844e-19	5.607713460408075e-21	1.0698711973638278e-22	1.4567304133393578e-24	2.8861178443158435e-40
0.000633834937541193	0.0006338349371974363	0.0006338349367445138	0.0006338349361459078	0.0006338349353525742	0.0006338349342986037	0.0006338349328953751	0.0006338349310236804	0.000633834928523117	0.0006338349251778025	0.0006338349206971367	0.0006338349146899004	0.0006338349066293912	0.0006338348958065088	0.0006338348812666559	0.0006338348617249081	0.0006338348354520117	0.000633834800121215	0.0006338347526025197	0.0006338346886864318	0.0006338346027133361	0.0006338344870766209	0.0006338343315567437	0.0006338341224289151	0.0006338338412685371	0.0006338334633536766	0.0006338329555290756	0.000633832273352116	0.0006338313572843961	0.0006338301276112505	0.0006338284776719435	0.0006338262648472178	0.0006338232985714597	0.0006338193244056019	0.0006338140028978829	0.0006338068815590452	0.0006337973577554124	0.0006337846296376766	0.0006337676313358605	0.000633744947496889	0.0006337147007478991	0.0006336744037405128	0.0006336207649493492	0.0006335494342114757	0.0006334546699148835	0.0006333289045417579	0.000633162178658388	0.0006329414050634918	0.0006326494142394913	0.0006322637189710293	0.0006317549193974174	0.0006310846491336125	0.0006302029376181707	0.000629044832679984	0.0006275260896201756	0.0006255376883883394	0.0006229388889412222	0.0006195484788767675	0.0006151338137071493	0.0006093972155542064	0.0006019593202478728	0.0005923391363108925	0.000579931107224034	0.000563980813448289	0.0005435641440637175	0.0005175820381567984	0.00048479868156587344	0.00044398240052747663	0.0003942586066269495	0.0003358167669467324	0.0002709588755315536	0.00020483633101219805	0.00014445459306097676	0.0000955982223710538	0.000060245686354349444	0.000036811983548238564	0.000022109201132830983	0.000013000841209265297	7.219941675977006e-6	3.595824986806175e-6	1.5933763643528151e-6	6.576673975115883e-7	2.6295062538754907e-7	9.746857792819012e-8	3.069922372488114e-8	8.615671956247103e-9	2.293476966723841e-9	5.174666112157405e-10	9.919859680864428e-11	1.7440777855493276e-11	2.4417476942130033e-12	3.028922243107346e-13	2.9645722642278766e-14	2.4188632187930056e-15	1.4289433139532726e-16	6.346089914166947e-18	2.170655938672996e-19	5.608927135894657e-21	1.070102268457947e-22	1.4570441834248192e-24	2.886737753044157e-40
0.0006338436819635409	0.0006338436816197827	0.0006338436811668583	0.0006338436805682497	0.0006338436797749128	0.000633843678720938	0.0006338436773177037	0.0006338436754460014	0.0006338436729454279	0.0006338436696001	0.0006338436651194163	0.0006338436591121562	0.000633843651051615	0.0006338436402286899	0.0006338436256887797	0.0006338436061469553	0.0006338435798739562	0.0006338435445430217	0.0006338434970241416	0.0006338434331078057	0.0006338433471343772	0.0006338432314972151	0.000633843075976738	0.0006338428668481042	0.0006338425856866455	0.0006338422077703343	0.0006338416999437866	0.0006338410177642149	0.0006338401016929914	0.0006338388720151465	0.000633837222069539	0.0006338350092363684	0.0006338320429492944	0.000633828068768279	0.0006338227472402636	0.0006338156258742582	0.0006338061020342752	0.0006337933738679232	0.0006337763755011127	0.0006337536915752899	0.0006337234447102951	0.0006336831475480377	0.0006336295085502141	0.0006335581775367073	0.0006334634128726767	0.0006333376470099831	0.0006331709204746618	0.000632950146012029	0.0006326581540337	0.0006322724572304862	0.0006317636556174176	0.0006310933826448984	0.0006302116675337584	0.0006290535578248301	0.000627534808438306	0.0006255463988200871	0.0006229475882608413	0.0006195571634774009	0.0006151424788154331	0.0006094058548501246	0.0006019679253554398	0.0005923476961094565	0.0005799396069036105	0.0005639892331856307	0.000543572457109081	0.0005175902079561309	0.00048480665723923895	0.00044399010954244386	0.0003942659431733179	0.00033582357636691666	0.0002709649455131149	0.00020484142330270196	0.0001444585467104196	0.00009560106362733323	0.0000602476182531939	0.00003681327047326812	0.00002211006863941063	0.000013001438578997816	7.220344897629661e-6	3.5960664368904887e-6	1.593497404702234e-6	6.577223109982004e-7	2.629759012160738e-7	9.748019645001392e-8	3.070356299197213e-8	8.617017498791935e-9	2.293902149510163e-9	5.175842888639829e-10	9.92236529277054e-11	1.7446145391638422e-11	2.442627958480584e-12	3.0302610863527243e-13	2.966291905169602e-14	2.4207794955528384e-15	1.4298684679727717e-16	6.350216824958177e-18	2.172066548371692e-19	5.612566940286067e-21	1.070795249071299e-22	1.4579851777413252e-24	2.888596855033554e-40
0.0006338582462172453	0.0006338582458734846	0.0006338582454205571	0.0006338582448219443	0.000633858244028602	0.00063385824297462	0.000633858241571376	0.000633858239699661	0.0006338582371990709	0.0006338582338537205	0.000633858229373007	0.0006338582233657071	0.0006338582153051128	0.0006338582044821164	0.0006338581899421111	0.000633858170400159	0.0006338581441269888	0.0006338581087958249	0.000633858061276637	0.0006338579973598881	0.000633857911385905	0.0006338577957479988	0.0006338576402265227	0.0006338574310965477	0.0006338571499332888	0.0006338567720145615	0.0006338562641847715	0.0006338555820008494	0.00063385466592379	0.0006338534362381186	0.0006338517862820174	0.0006338495734347812	0.0006338466071288602	0.0006338426329225991	0.0006338373113607791	0.0006338301899495245	0.0006338206660489987	0.0006338079378016738	0.0006337909393266121	0.0006337682552561342	0.0006337380081979276	0.0006336977107777253	0.0006336440714356996	0.0006335727399631124	0.0006334779746870953	0.0006333522080090029	0.0006331854803878253	0.0006329647044799357	0.0006326727105790173	0.0006322870112196011	0.0006317782062097198	0.0006311079287257075	0.00063022620762576	0.0006290680899709331	0.0006275493300469614	0.0006255609064608211	0.0006229620773937933	0.0006195716280951784	0.00061515691096777	0.0006094202440107319	0.0006019822575737125	0.0005923619528634177	0.0005799537635265222	0.0005640032566609263	0.0005435863028837836	0.0005176038151477165	0.0004848199411047408	0.0004440029492756278	0.0003942781625422337	0.00033583491778195804	0.0002709750553577592	0.0002048499047561229	0.00014446513170268707	0.00009560579587557642	0.00006025083592313056	0.00003681541390846413	0.000022111513513115692	0.000013002433526862148	7.221016482580024e-6	3.596468583555533e-6	1.5936990031940836e-6	6.578137720369067e-7	2.6301799931753585e-7	9.749954765387647e-8	3.071079024887842e-8	8.619258564263571e-9	2.2946103117791445e-9	5.177802866161701e-10	9.92653850925461e-11	1.7455085279841024e-11	2.4440940807251528e-12	3.0324909938206643e-13	2.969156049416037e-14	2.4239711461602878e-15	1.4314093562464338e-16	6.357090392289268e-18	2.1744159863005366e-19	5.618629208607815e-21	1.0719494414311483e-22	1.4595524487873635e-24	2.891693278325922e-40
0.0006338786156373375	0.0006338786152935734	0.0006338786148406414	0.0006338786142420229	0.0006338786134486729	0.0006338786123946807	0.0006338786109914234	0.0006338786091196907	0.000633878606619077	0.0006338786032736955	0.0006338785987929402	0.0006338785927855847	0.0006338785847249159	0.0006338785739018201	0.0006338785593616815	0.000633878539819551	0.0006338785135461415	0.0006338784782146567	0.0006338784306950383	0.0006338783667777115	0.0006338782808029531	0.000633878165164006	0.0006338780096411327	0.0006338778005092822	0.0006338775193435055	0.000633877141421399	0.0006338766335870743	0.0006338759513970679	0.0006338750353118464	0.0006338738056152289	0.0006338721556444513	0.0006338699427775432	0.0006338669764452627	0.0006338630022036934	0.0006338576805945947	0.000633850559120055	0.0006338410351348544	0.0006338283067742817	0.000633811308147821	0.00063378862387503	0.0006337583765465993	0.0006337180787656378	0.0006336644389422144	0.0006335931068275618	0.0006334983406956266	0.0006333725728771257	0.0006332058437372802	0.0006329850658080689	0.0006326930692182362	0.0006323073662837407	0.0006317985565231109	0.0006311282727293693	0.0006302465432535355	0.0006290884144856541	0.0006275696398241131	0.000625581196702577	0.0006229823417507499	0.000619591858165456	0.0006151770956322061	0.0006094403685473632	0.0006020023024713624	0.0005923818922174333	0.0005799735628382498	0.0005640228697537252	0.0005436056674463036	0.0005176228460302668	0.0004848385197866524	0.0004440209067985056	0.0003942952524298283	0.00033585077977201297	0.00027098919488572986	0.00020486176683235613	0.0001444743414072502	0.00009561241435081052	0.000060255336124238555	0.000036818411695569046	0.00002211353429908082	0.000013003825051030133	7.221955754598977e-6	3.5970310218737045e-6	1.5939809568357713e-6	6.579416885341935e-7	2.630768773027155e-7	9.752661205475582e-8	3.0720898218364917e-8	8.622392896099052e-9	2.2956007404714096e-9	5.180544071191797e-10	9.932375128241386e-11	1.7467588518391465e-11	2.446144584685886e-12	3.0356097201833663e-13	2.973161813016708e-14	2.428434956893735e-15	1.4335644272303832e-16	6.3667036950605645e-18	2.1777018867746886e-19	5.627107836669579e-21	1.0735636833636246e-22	1.4617444184538425e-24	2.896023905085477e-40
0.0006339455207084333	0.0006339455203646581	0.0006339455199117114	0.0006339455193130737	0.0006339455185196984	0.0006339455174656731	0.000633945516062372	0.0006339455141905812	0.0006339455116898902	0.0006339455083444059	0.0006339455038635136	0.0006339454978559753	0.0006339454897950623	0.0006339454789716397	0.0006339454644310635	0.0006339454448883468	0.0006339454186141515	0.0006339453832816127	0.0006339453357605804	0.0006339452718413562	0.0006339451858640511	0.0006339450702216854	0.0006339449146942228	0.000633944705556212	0.0006339444243821663	0.0006339440464489615	0.0006339435385997431	0.0006339428563897535	0.0006339419402777253	0.0006339407105451565	0.0006339390605261764	0.0006339368475946588	0.0006339338811758044	0.0006339299068182687	0.0006339245850538876	0.0006339174633714975	0.0006339079391081941	0.0006338952103756728	0.0006338782112519615	0.0006338555263147024	0.0006338252780987575	0.0006337849791329295	0.0006337313377284172	0.0006336600035049891	0.0006335652345619119	0.000633439462997895	0.0006332727288701933	0.0006330519443022294	0.0006327599388810332	0.0006323742242046866	0.0006318653988408759	0.0006311950943237047	0.0006303133373383847	0.0006291551720712024	0.0006276363490062097	0.0006256478417234639	0.0006230489017567442	0.0006196583055618311	0.0006152433938997388	0.0006095064693340005	0.0006020681416956457	0.0005924473847995844	0.0005800385954730893	0.0005640872907815358	0.0005436692722162232	0.0005176853548830681	0.0004848995434633429	0.0004440798903883832	0.00039435138643075136	0.00033590288096766976	0.0002710356389263367	0.00020490073078575496	0.00014450459359425133	0.00009563415521909855	0.00006027011894545517	0.00003682825934544993	0.000022120172662995936	0.00001300839642124513	7.22504160133665e-6	3.5988790220985805e-6	1.5949074556298111e-6	6.583620425399103e-7	2.6327037037313153e-7	9.761556891995254e-8	3.0754129827530295e-8	8.632698660962563e-9	2.29885771053517e-9	5.189561948056871e-10	9.951577375818644e-11	1.7508691334702505e-11	2.4528407323139426e-12	3.04538808650664e-13	2.985225010539238e-14	2.442105090526362e-15	1.4406808362443178e-16	6.398449944176587e-18	2.188552822726385e-19	5.6551059446531395e-21	1.078894082673582e-22	1.468982300030938e-24	2.910323177523496e-40
0.000634041263034038	0.0006340412626902466	0.0006340412622372791	0.000634041261638614	0.0006340412608452028	0.0006340412597911299	0.0006340412583877661	0.000634041256515892	0.0006340412540150905	0.0006340412506694592	0.0006340412461883709	0.000634041240180571	0.0006340412321193084	0.0006340412212954181	0.0006340412067542158	0.0006340411872106602	0.0006340411609353404	0.0006340411256012934	0.0006340410780782377	0.0006340410141562982	0.0006340409281753486	0.0006340408125280909	0.0006340406569940614	0.0006340404478472351	0.0006340401666613565	0.0006340397887122697	0.0006340392808417384	0.0006340385986031526	0.0006340376824527637	0.0006340364526687484	0.0006340348025807902	0.0006340325895568158	0.0006340296230140732	0.0006340256484905885	0.0006340203265039969	0.0006340132045241714	0.0006340036798629001	0.0006339909505981173	0.0006339739507628361	0.000633951264874718	0.0006339210153887328	0.0006338807147273504	0.0006338270710602861	0.0006337557338191828	0.0006336609608533382	0.0006335351839294567	0.000633368442664091	0.0006331476485960169	0.0006328556305370667	0.0006324698990580338	0.0006319610513659408	0.0006312907171933703	0.0006304089208417405	0.0006292507033437539	0.0006277318110130271	0.00062574321191507	0.0006231441502913529	0.0006197533929511704	0.0006153382678845146	0.0006096010607220495	0.0006021623587859093	0.0005925411058422569	0.0005801316583276359	0.0005641794784217855	0.0005437602917853822	0.0005177748061868848	0.0004849868694697427	0.0004441642970168622	0.0003944317152790481	0.00033597743884547076	0.00027110210137276723	0.00020495648915006817	0.00014454788529180712	0.00009566526704268443	0.000060291273628290635	0.00003684235166230751	0.000022129672402595145	0.000013014938239091557	7.2294576005668975e-6	3.6015236271920965e-6	1.596233345500026e-6	6.589636037370891e-7	2.6354727632740943e-7	9.774287607965114e-8	3.080168905402087e-8	8.647447850487626e-9	2.3035190090503614e-9	5.202468603395886e-10	9.979060374319332e-11	1.7567514902880247e-11	2.4624177718379283e-12	3.05931812672088e-13	3.0023396042974405e-14	2.4615331006573434e-15	1.4508696702518362e-16	6.443902460436319e-18	2.204088566593247e-19	5.695191935711657e-21	1.0865258049685444e-22	1.479345000712642e-24	2.930795830695422e-40
0.0006342292874784892	0.0006342292871346663	0.0006342292866816577	0.0006342292860829387	0.0006342292852894568	0.0006342292842352907	0.0006342292828318036	0.0006342292809597661	0.0006342292784587476	0.0006342292751128275	0.0006342292706313545	0.0006342292646230408	0.0006342292565610916	0.0006342292457362831	0.0006342292311938514	0.0006342292116486485	0.0006342291853711206	0.0006342291500341122	0.0006342291025070835	0.0006342290385798123	0.0006342289525917067	0.0006342288369348431	0.0006342286813879187	0.0006342284722237826	0.000634228191014669	0.000634227813034397	0.0006342273051220159	0.000634226622827279	0.0006342257066015662	0.0006342244767165322	0.0006342228264931307	0.0006342206132876105	0.0006342176465016036	0.000634213671652265	0.0006342083492293452	0.0006342012266654835	0.0006341917012227718	0.0006341789709128538	0.0006341619696803542	0.0006341392819251534	0.0006341090299453561	0.0006340687259546215	0.0006340150778448672	0.000633943734678347	0.0006338489538135307	0.0006337231663652033	0.000633556411084556	0.0006333355983623771	0.000633043555488376	0.0006326577910161634	0.0006321488994809892	0.0006314785070781425	0.000630596633428197	0.0006294383133717111	0.0006279192850334857	0.0006259305056507923	0.0006233312051463349	0.0006199401313880643	0.0006155245872894879	0.0006097868252328641	0.0006023473883432564	0.0005927251613851263	0.0005803144214867528	0.0005643605230590955	0.0005439390428687616	0.000517950477929387	0.00048515836813642756	0.0004443300634375153	0.00039458947494545296	0.00033612386715489966	0.00027123263396565514	0.00020506600287171792	0.00014463291715576576	0.00009572637809035062	0.00006033282782696497	0.000036870034130047195	0.00002214833420608078	0.000013027790304051384	7.238134471810056e-6	3.6067210908050093e-6	1.5988396525983988e-6	6.601462230255469e-7	2.640917158030447e-7	9.799326784492029e-8	3.089528029288549e-8	8.676479776233012e-9	2.3126969691390068e-9	5.227904970368098e-10	1.0033247646790055e-10	1.7683570678968746e-11	2.4813255655891284e-12	3.0868113232858723e-13	3.034070436457123e-14	2.4960116432304578e-15	1.4711134352743719e-16	6.534219502592758e-18	2.234957987305277e-19	5.7748386428998785e-21	1.1016883304556942e-22	1.49993189861626e-24	2.971464693119989e-40
0.0006345029591203177	0.000634502958776449	0.0006345029583233805	0.0006345029577245832	0.0006345029569309983	0.0006345029558766965	0.00063450295447303	0.0006345029526007548	0.0006345029500994206	0.0006345029467530802	0.0006345029422710471	0.0006345029362619858	0.0006345029281990377	0.0006345029173728927	0.0006345029028286719	0.0006345028832810719	0.0006345028570003304	0.0006345028216590124	0.0006345027741262016	0.0006345027101911715	0.0006345026241926517	0.0006345025085218089	0.0006345023529561188	0.000634502143766792	0.0006345018625238648	0.0006345014844982097	0.0006345009765249257	0.000634500294148473	0.0006344993778131429	0.000634498147781098	0.0006344964973605882	0.0006344942838908684	0.000634491316750844	0.0006344873414272974	0.0006344820183693984	0.0006344748949556016	0.0006344653683756777	0.0006344526365447986	0.0006344356332789586	0.0006344129428066368	0.0006343826871976523	0.0006343423783617845	0.0006342887237866821	0.0006342173719970476	0.0006341225796370483	0.0006339967768727488	0.0006338300011960257	0.0006336091613270258	0.0006333170823403358	0.000632931269854029	0.0006324223145151962	0.0006317518373714561	0.000630869851231493	0.0006297113819246656	0.0006281921556588565	0.0006262031139134731	0.0006236034657736636	0.0006202119315428034	0.0006157957776417748	0.0006100572080678337	0.0006026167016284001	0.0005929930572258275	0.0005805804365756842	0.0005646240372606579	0.0005441992193729232	0.0005182061732343005	0.00048540799061470364	0.0004445713441656968	0.0003948191040389143	0.0003363370065519774	0.00027142264107377144	0.00020522542067294105	0.0001447567028245831	0.00009581534473901738	0.000060393325393571547	0.00003691033766619212	0.000022175505688859	0.00001304650437655652	7.250770888970114e-6	3.6142921730787107e-6	1.6026370674440977e-6	6.618695153347693e-7	2.648851678783046e-7	9.835832024082095e-8	3.103180962135659e-8	8.718842533705386e-9	2.3260936831644514e-9	5.265071216405475e-10	1.0112462723364908e-10	1.7853363263070016e-11	2.5090377571496313e-12	3.1271665371149836e-13	3.0814313339337136e-14	2.5420105932230178e-15	1.5009565936710804e-16	6.667379318013723e-18	2.2804688393885067e-19	5.8922556064183655e-21	1.1240397757288046e-22	1.5302771495238683e-24	3.0314063420574394e-40
0.0006348960683628335	0.000634896068018899	0.0006348960675657446	0.0006348960669668348	0.0006348960661731021	0.0006348960651186054	0.0006348960637146812	0.0006348960618420646	0.0006348960593402769	0.000634896055993333	0.0006348960515104955	0.0006348960455003607	0.0006348960374359778	0.0006348960266079137	0.0006348960120611233	0.0006348959925100808	0.0006348959662247245	0.0006348959308772172	0.000634895883336103	0.00063489581938993	0.0006348957333764544	0.000634895617685536	0.0006348954620928964	0.000634895252867393	0.0006348949715759064	0.0006348945934850762	0.0006348940854243292	0.0006348934029305245	0.0006348924864377724	0.0006348912561946042	0.000634889605491027	0.0006348873916418893	0.0006348844239934611	0.0006348804479889039	0.0006348751240191114	0.0006348679993847229	0.0006348584711716483	0.000634845737156516	0.0006348287309705982	0.000634806036596222	0.0006347757757753661	0.0006347354599814081	0.0006346817961214281	0.00063461043194817	0.0006345156230799742	0.0006343897983204659	0.0006342229933530403	0.0006340021144986475	0.0006337099836507465	0.0006333241022117417	0.0006328150552449524	0.0006321444564055739	0.0006312623087197967	0.0006301036250761943	0.0006285841145689719	0.0006265946960480884	0.0006239945486744712	0.000620602353166544	0.0006161853235394258	0.0006104455943062168	0.0006030035519104482	0.0005933778719518213	0.0005809625504074258	0.0005650025596493566	0.0005445729486206637	0.000518573467231746	0.00048576656375095255	0.0004449179382506602	0.0003951489660681761	0.0003366431889099382	0.00027169560396775154	0.0002054544522164351	0.0001449345544094574	0.00009594317726220532	0.000060480256267170994	0.00003696825400443836	0.00002221455394444823	0.000013073401587254292	7.268936739371976e-6	3.6251799649433183e-6	1.6080997526458595e-6	6.643489362731321e-7	2.660269755903045e-7	9.888392592665567e-8	3.122855003620726e-8	8.779911281961105e-9	2.3454149955558125e-9	5.318751305767662e-10	1.022695652753504e-10	1.8099041167862224e-11	2.5492084328937718e-12	3.185682456700166e-13	3.150085198677623e-14	2.6107592613980205e-15	1.544604797740465e-16	6.862169203465744e-18	2.347039664246057e-19	6.06399359547358e-21	1.1567286466430304e-22	1.5746519409340678e-24	3.119051337524517e-40
0.0006354420410176017	0.0006354420406735757	0.0006354420402203021	0.000635442039621236	0.0006354420388272981	0.0006354420377725308	0.0006354420363682489	0.0006354420344951582	0.0006354420319927408	0.0006354420286449591	0.0006354420241610049	0.0006354420181493793	0.0006354420100830045	0.0006354419992522756	0.0006354419847019177	0.0006354419651460955	0.0006354419388543318	0.0006354419034982314	0.0006354418559455884	0.0006354417919839445	0.0006354417059497042	0.0006354415902309125	0.0006354414346008559	0.0006354412253251248	0.0006354409439662175	0.0006354405657848975	0.0006354400576027159	0.0006354393749459788	0.0006354384582346607	0.0006354372276983675	0.0006354355766017769	0.0006354333622258523	0.0006354303938715524	0.0006354264169214746	0.0006354210916856038	0.0006354139653565377	0.0006354044348759884	0.0006353916978282271	0.0006353746875880608	0.0006353519877960552	0.0006353217197390176	0.0006352813942844254	0.0006352277175332969	0.0006351563361666003	0.000635061504378415	0.0006349356490807612	0.000634768803446163	0.0006345478704645383	0.0006342556676126911	0.0006338696904400518	0.000633360516257492	0.0006326897484567289	0.0006318073764820692	0.0006306483952554327	0.0006291284901106762	0.000627138548479693	0.0006245377079775608	0.0006211445943640941	0.000616726348896185	0.0006109850096181527	0.0006035408347399754	0.0005939123286751396	0.000581493257300532	0.0005655282803247728	0.0005450920147231097	0.0005190835989948112	0.00048626458806842667	0.00044539933185104683	0.0003956071304929288	0.0003370684786945839	0.00027207477329030497	0.00020577262294919712	0.00014518164944559396	0.00009612079483055026	0.00006060105157911734	0.000037048737773921737	0.000022268822996670685	0.00001311078941312219	7.2941954597625974e-6	3.6403263803903243e-6	1.6157025099095056e-6	6.678005313292523e-7	2.6761690560485496e-7	9.961637381725782e-8	3.1503041255734974e-8	8.865161006369231e-9	2.372404807672705e-9	5.393890981317638e-10	1.0387385635926684e-10	1.8443820014436707e-11	2.605733993591794e-12	3.2680561535683706e-13	3.2464765780824913e-14	2.708491121804867e-15	1.6068028579425539e-16	7.139808272913563e-18	2.441917161463546e-19	6.3087294557209744e-21	1.2033057015165472e-22	1.6378696283640582e-24	3.243893666738522e-40
0.0006361738996814303	0.0006361738993372818	0.0006361738988838483	0.0006361738982845731	0.00063617389749036	0.0006361738964352302	0.0006361738950304689	0.000636173893156743	0.0006361738906534819	0.0006361738873045775	0.0006361738828191268	0.000636173876805504	0.0006361738687364601	0.0006361738579021608	0.0006361738433470227	0.0006361738237847961	0.0006361737974844473	0.0006361737621168328	0.0006361737145487426	0.0006361736505663695	0.0006361735645043067	0.0006361734487481677	0.0006361732930679764	0.0006361730837249458	0.0006361728022757022	0.0006361724239731363	0.000636171915628246	0.0006361712327531977	0.0006361703157490261	0.0006361690848199794	0.0006361674331967958	0.0006361652181150376	0.0006361622488149513	0.0006361582705979877	0.0006361529436657214	0.0006361458150659868	0.0006361362815472913	0.0006361235404361694	0.0006361065247637948	0.0006360838177128182	0.0006360535399601739	0.0006360132015615119	0.000635959507537829	0.000635888103134059	0.0006357932406359547	0.0006356673444210405	0.0006355004442976112	0.0006352794387924646	0.0006349871394646868	0.0006346010340215632	0.0006340916893867864	0.0006334206952005177	0.0006325380227094267	0.0006313786427628314	0.0006298582088593537	0.000627867566335703	0.0006252657971422504	0.0006218714534039769	0.0006174515788935904	0.0006117080824051882	0.0006042610503398219	0.0005946287577557733	0.0005822046622452477	0.0005662330046218842	0.0005457878231328381	0.0005197674371681513	0.00048693220486742785	0.00044604466737898957	0.00039622134474945553	0.000337638649064116	0.0002725831506484088	0.00020619926213283796	0.00014551302477779567	0.00009635902323093759	0.0000607630832845129	0.000037156707031430095	0.00002234163488724906	0.00001316096326445644	7.328106147566562e-6	3.660674439844249e-6	1.625922398779524e-6	6.724417862553568e-7	2.697555972681975e-7	1.0060263239869214e-7	3.187324244184301e-8	8.980220788690159e-9	2.408864733749697e-9	5.495674885568253e-10	1.0605001162800683e-10	1.891246031462573e-11	2.6828564435829757e-12	3.380696594737317e-13	3.3794114232847365e-14	2.8401545539694536e-15	1.6930851992607755e-16	7.525080387356517e-18	2.5735617130008754e-19	6.648254859998809e-21	1.2679108063883816e-22	1.7255372546606827e-24	3.41698347411347e-40
0.0006371242255188708	0.0006371242251745632	0.0006371242247209223	0.0006371242241213754	0.0006371242233268054	0.0006371242222712049	0.0006371242208658216	0.0006371242189912712	0.0006371242164869152	0.0006371242131365537	0.000637124208649161	0.000637124202632946	0.0006371241945604382	0.0006371241837215051	0.0006371241691601632	0.000637124149589625	0.0006371241232781341	0.0006371240878955768	0.0006371240403074391	0.0006371239762981634	0.0006371238901999924	0.0006371237743953843	0.0006371236186501284	0.0006371234092197562	0.0006371231276532744	0.0006371227491933558	0.0006371222406373032	0.0006371215574789321	0.0006371206400946968	0.0006371194086559369	0.0006371177563493449	0.0006371155403515613	0.0006371125698240405	0.0006371085899629229	0.0006371032608290901	0.0006370961292825064	0.0006370865918209378	0.0006370738454364344	0.0006370568227142138	0.0006370341062426456	0.0006370038159071809	0.0006369634607099086	0.0006369097442701948	0.0006368383099693261	0.0006367434076164734	0.0006366174583000004	0.000636450487462169	0.0006362293878377064	0.0006359369633059063	0.0006355506913968285	0.0006350411255541189	0.000634369837571843	0.0006334867750806163	0.0006323268776896652	0.0006308057575835524	0.0006288142054704424	0.0006262112310626882	0.0006228152909275417	0.0006183933023301978	0.0006126470063353431	0.0006051962663871031	0.000595559059912192	0.0005831284444509349	0.0005671481172403485	0.0005466913655583709	0.0005206554459390891	0.0004877991636438819	0.0004468827129342637	0.0003970190065286044	0.0003383791581578823	0.00027324347031789037	0.00020675349091278178	0.0001459435703250147	0.0000966685924639041	0.000060973663690363274	0.000037297043709709895	0.000022436290691764734	0.000013226208005519142	7.3722256081824535e-6	3.6871705054433545e-6	1.6392403342681017e-6	6.784924689381328e-7	2.7254500712896144e-7	1.0189063067555751e-7	3.235768543290852e-8	9.130928655491044e-9	2.456673959781749e-9	5.629605703565903e-10	1.0891847531062729e-10	1.953178451708293e-11	2.78525972608365e-12	3.5306329083188734e-13	3.557007721891758e-14	3.0154372379687e-15	1.810060498975879e-16	8.047625695895397e-18	2.752086526745236e-19	7.108601385463468e-21	1.3554852881977197e-22	1.844340981882934e-24	3.6514854650597886e-40
0.0006383541101614568	0.0006383541098169436	0.0006383541093630344	0.0006383541087631361	0.0006383541079681044	0.0006383541069118955	0.0006383541055057076	0.0006383541036300911	0.000638354101124319	0.0006383540977720734	0.0006383540932821693	0.0006383540872626022	0.0006383540791856148	0.0006383540683406897	0.0006383540537713253	0.0006383540341900391	0.0006383540078641402	0.0006383539724622595	0.000638353924848198	0.0006383538608041337	0.0006383537746592704	0.0006383536587919857	0.000638353502962593	0.0006383532934192782	0.0006383530117011936	0.0006383526330377997	0.0006383521242086896	0.0006383514406839493	0.0006383505228082485	0.0006383492907103718	0.0006383476375200562	0.0006383454203377508	0.0006383424482230225	0.0006383384662358349	0.000638333134255139	0.0006383259988979636	0.0006383164563378433	0.0006383037031343085	0.000638286671295907	0.0006382639426425556	0.0006382336360362343	0.000638193259116695	0.0006381395136908688	0.0006380680407301918	0.000637973086841429	0.0006378470688597518	0.0006376800065818543	0.000637458785252912	0.0006371661988217273	0.0006367797116584979	0.0006362698597763859	0.0006355981918934898	0.0006347146251037088	0.0006335540586214262	0.000632032051210576	0.000630039322942823	0.0006274347901248237	0.00062403678576618	0.0006196120635576795	0.0006138621476908606	0.0006064066133322901	0.0005967630530824021	0.0005843240072426247	0.0005683324702610073	0.0005478607585267279	0.0005218047545174878	0.0004889212560383981	0.000447967423537063	0.00039805150633886386	0.0003393377668924019	0.00027409839497388613	0.00020747120588483913	0.00014650125232718196	0.00009706966427116889	0.00006124653749771114	0.00003747892737746328	0.00002255900042247597	0.000013310825328540161	7.429489011699498e-6	3.721602931427939e-6	1.656567019074131e-6	6.863692136390066e-7	2.7617864690944555e-7	1.0357163489323165e-7	3.299184293015967e-8	9.32848653324132e-9	2.5194473174676036e-9	5.806354476504837e-10	1.1271378185594316e-10	2.0354251690563955e-11	2.9221894375178387e-12	3.731589815363865e-13	3.797551351170653e-14	3.257818976416398e-15	1.971333880740568e-16	8.768527970957796e-18	2.9983268762898667e-19	7.743376991203265e-21	1.4761999155406058e-22	2.0080349256325676e-24	3.9744655767385175e-40
0.0006398855076827486	0.0006398855073379794	0.0006398855068837365	0.0006398855062834011	0.0006398855054877952	0.000639885504430829	0.0006398855030236403	0.0006398855011466974	0.0006398854986391637	0.0006398854952845739	0.0006398854907915453	0.0006398854847678081	0.0006398854766852481	0.0006398854658328685	0.000639885451253524	0.0006398854316588667	0.0006398854053150435	0.0006398853698891243	0.0006398853222428126	0.0006398852581554707	0.0006398851719525209	0.0006398850560072653	0.0006398849000732053	0.0006398846903893875	0.0006398844084827069	0.0006398840295661867	0.0006398835203973895	0.0006398828364168821	0.0006398819179297934	0.0006398806850119699	0.0006398790307222961	0.0006398768120664375	0.0006398738379772146	0.0006398698533451858	0.0006398645178229823	0.0006398573777254235	0.0006398478288227002	0.0006398350671362935	0.0006398180239573797	0.0006397952801499295	0.0006397649533027381	0.0006397245493608648	0.0006396707678765642	0.0006395992468234702	0.000639504228824647	0.000639378125424422	0.0006392109493966217	0.0006389895766696125	0.0006386967888390918	0.0006383100339050186	0.000637799826197849	0.0006371276857304367	0.0006362434916107582	0.0006350820928047493	0.000633558981624859	0.0006315647902772124	0.0006289583188788069	0.0006255577467458244	0.0006211296241008078	0.0006153752053707085	0.0006079137071449323	0.0005982622433620256	0.0005858127109756472	0.0005698072303225144	0.0005493169102743462	0.0005232359244462954	0.0004903185741749119	0.00044931824718514966	0.0003993373933092235	0.00034053175205445325	0.0002751634101589772	0.00020836550009982577	0.00014719632904433203	0.00009756967255133609	0.00006158679395486781	0.00003770577098218129	0.00002271208605990457	0.000013416438696844	7.501022635095594e-6	3.7646759659131037e-6	1.6782693706357318e-6	6.962418784034501e-7	2.807363869613372e-7	1.0568460991565402e-7	3.379164015003387e-8	9.578035707824576e-9	2.5988828718653826e-9	6.031289718924118e-10	1.1755791222270082e-10	2.1408291648131555e-11	3.0990654110639577e-12	3.9923228700659304e-13	4.1140276753604076e-14	3.57348636522035e-15	2.1867259204622974e-16	9.732080676793496e-18	3.3273704477148185e-19	8.591330154032775e-21	1.6373898773479664e-22	2.2265127407279137e-24	4.4053440486849894e-40
0.0006417716393721959	0.0006417716390271119	0.0006417716385724582	0.0006417716379715851	0.0006417716371752725	0.0006417716361173748	0.0006417716347089547	0.00064177163283038	0.000641771630320679	0.0006417716269632053	0.000641771622466333	0.0006417716164374655	0.0006417716083480497	0.0006417715974864995	0.0006417715828948773	0.0006417715632837709	0.0006417715369178975	0.000641771501462406	0.0006417714537764203	0.0006417713896358386	0.0006417713033614318	0.0006417711873202575	0.0006417710312574374	0.0006417708214007757	0.0006417705392620882	0.0006417701600341778	0.0006417696504475063	0.000641768965906326	0.0006417680466671246	0.0006417668127406265	0.0006417651570985552	0.0006417629366299788	0.0006417599601117995	0.0006417559722261813	0.0006417506323473433	0.0006417434864183417	0.0006417339297131959	0.0006417211575915043	0.0006417041004619726	0.0006416813380126263	0.0006416509862660759	0.0006416105490826374	0.0006415567232410576	0.0006414851430272252	0.0006413900461638036	0.0006412638376866977	0.000641096521730796	0.0006408749627637172	0.000640581927185484	0.0006401948428589988	0.0006396841974428877	0.0006390114756399734	0.0006381265098323042	0.0006369640871763789	0.0006354396182450268	0.0006334436271645423	0.0006308347711334819	0.0006274310404190438	0.0006229987349740706	0.0006172387774146745	0.0006097699432846863	0.0006001087577916762	0.0005876463266228123	0.0005716236950759671	0.0005511104870032813	0.0005249987745901848	0.000492039789400962	0.00045098228025328206	0.0004009215654887134	0.0003420029001447482	0.00027647592542289254	0.00020946795030187738	0.00014805349254512268	0.00009818647942243736	0.00006200664396626791	0.0000379857519150586	0.000022901100351005185	0.00001354691825267385	7.589496528602832e-6	3.818045146874505e-6	1.705203821283183e-6	7.08505500387048e-7	2.864032628672896e-7	1.0831889667018757e-7	3.479308452085982e-8	9.891135333338677e-9	2.6987733474285846e-9	6.316202925870886e-10	1.2371694725443209e-10	2.2755244993116616e-11	3.327386398569738e-12	4.330360148873615e-13	4.529874492010165e-14	3.994531850394167e-15	2.476820259701378e-16	1.1031174243639642e-17	3.7708556223386813e-19	9.733706146575226e-21	1.854433320429337e-22	2.5205138739357032e-24	4.9848260900110505e-40
0.0006440511895424918	0.0006440511891970278	0.0006440511887418784	0.0006440511881403561	0.0006440511873431904	0.0006440511862841684	0.0006440511848742619	0.0006440511829937174	0.0006440511804814004	0.0006440511771204459	0.0006440511726189342	0.0006440511665838745	0.0006440511584861841	0.000644051147613565	0.0006440511330071241	0.0006440511133761642	0.0006440510869836771	0.0006440510514924933	0.0006440510037586234	0.0006440509395537845	0.0006440508531931333	0.0006440507370361914	0.0006440505808179666	0.0006440503707526948	0.0006440500883339917	0.0006440497087302568	0.0006440491986392428	0.0006440485134213739	0.0006440475932744329	0.0006440463581305465	0.0006440447008562443	0.0006440424781998709	0.0006440394987501507	0.0006440355069377345	0.0006440301618008298	0.0006440230088338113	0.0006440134427118654	0.0006440006579957756	0.0006439835840292014	0.0006439607990809241	0.0006439304172833726	0.0006438899399807721	0.0006438360606046419	0.0006437644089902475	0.0006436692169460664	0.0006435428816532523	0.0006433753968206778	0.0006431536130845684	0.0006428602785060855	0.000642472796645833	0.0006419616229740064	0.0006412881995802941	0.0006404023024570933	0.0006392386441684198	0.0006377125366440144	0.0006357143735795666	0.0006331026397039338	0.0006296950971459672	0.0006252577438460828	0.0006194911020147903	0.0006120134149827602	0.0006023404975536017	0.0005898625006471939	0.000573819172440827	0.0005532783451084251	0.0005271295556365578	0.0004941203324517319	0.0004529938286291296	0.0004028367594095253	0.0003437817262433818	0.0002780633258525046	0.00021080175125755973	0.0001490909528849732	0.00009893330617045258	0.00006251515262297659	0.00003832495829294832	0.000023130193538458545	0.000013705175116794582	7.696941857811184e-6	3.882992096482972e-6	1.7380436976013118e-6	7.234731234627605e-7	2.933270564150788e-7	1.11547381725844e-7	3.6026513386676916e-8	1.0277664705169828e-8	2.8224035012403408e-9	6.67173438862815e-10	1.314361138606943e-10	2.445281984074079e-11	3.6184426115229886e-12	4.763361811783475e-13	5.07156436936428e-14	4.54815257814227e-15	2.8682423699175937e-16	1.2769881032836536e-17	4.364194259045895e-19	1.1261319951137503e-20	2.1444925621953756e-22	2.9131415399965026e-24	5.758176738951223e-40
0.0006468002604705131	0.0006468002601245915	0.0006468002596688451	0.0006468002590665412	0.0006468002582683485	0.0006468002572079727	0.0006468002557962766	0.0006468002539133607	0.0006468002513978944	0.0006468002480327492	0.0006468002435256522	0.000646800237483138	0.0006468002293754862	0.0006468002184895422	0.0006468002038652619	0.0006468001842104022	0.0006468001577858772	0.000646800122251727	0.0006468000744602141	0.0006468000101780228	0.0006467999237135519	0.000646799807417251	0.0006467996510119531	0.0006467994406955611	0.0006467991579397828	0.0006467987778836413	0.0006467982671855155	0.0006467975811530721	0.0006467966599134267	0.0006467954233040946	0.0006467937640649781	0.0006467915387750264	0.0006467885557964464	0.0006467845592571346	0.0006467792077908251	0.000646772046351802	0.000646762468894422	0.0006467496690179002	0.0006467325747838764	0.0006467097627527626	0.0006466793447817138	0.0006466388191863845	0.000646584875369114	0.0006465131378080442	0.0006464178311927074	0.0006462913432496289	0.0006461236551379685	0.0006459016008455018	0.0006456079063595358	0.000645219945988872	0.0006447081364602822	0.0006440338685722838	0.0006431468504449759	0.0006419817048617608	0.0006404536250246063	0.0006384528476437307	0.0006358376498681095	0.0006324255192494535	0.0006279820902433747	0.0006222074031681759	0.0006147190608484536	0.0006050320231617135	0.0005925352920796939	0.0005764670549371233	0.0005558929881366077	0.0005296995785786259	0.0004966298999336124	0.0004554203741697294	0.0004051473668933435	0.00034592824820150006	0.0002799794670621483	0.000212412511030862	0.0001503445109317864	0.00009983614219230563	0.00006313013743822336	0.0000387353549652775	0.000023407520656450362	0.000013896927988566863	7.827346959875277e-6	3.962032219465979e-6	1.7781104599933432e-6	7.417591334809142e-7	3.017977418091142e-7	1.1551302536501861e-7	3.755149291784167e-8	1.0757041989656446e-8	2.976228603655224e-9	7.118850974738283e-10	1.4120025452774753e-10	2.6615192359429312e-11	3.994818268458312e-12	5.32659601626823e-13	5.789296294434147e-14	5.2847808160949095e-15	3.406885193867847e-16	1.5164293521369778e-17	5.180876654456687e-19	1.3362511863946928e-20	2.543131982464095e-22	3.45222754745481e-24	6.819030154193042e-40
0.0006500483635106572	0.0006500483631641957	0.0006500483627077453	0.0006500483621045196	0.0006500483613051156	0.0006500483602431431	0.0006500483588293368	0.0006500483569436243	0.0006500483544244439	0.0006500483510543568	0.0006500483465406735	0.0006500483404893687	0.0006500483323699702	0.0006500483214683135	0.0006500483068229974	0.0006500482871399556	0.0006500482606776525	0.000650048225092838	0.0006500481772333552	0.000650048112859954	0.0006500480262730646	0.00065004790981244	0.0006500477531865577	0.0006500475425740617	0.0006500472594208281	0.000650046878831242	0.0006500463674172568	0.0006500456804243314	0.0006500447578962577	0.0006500435195589951	0.0006500418580031383	0.0006500396296079046	0.0006500366424684122	0.0006500326403555833	0.0006500272814262433	0.0006500201099978591	0.000650010519174868	0.0006499977014227252	0.0006499805832914694	0.0006499577393272328	0.0006499272787044798	0.0006498866961679457	0.0006498326763694233	0.000649760837470642	0.0006496653957676201	0.0006495387278395262	0.0006493708000491023	0.0006491484267551694	0.0006488543079196478	0.0006484657833634166	0.0006479532241350539	0.0006472779605611957	0.0006463896207427239	0.0006452227216152336	0.0006436923164068656	0.0006416884567528059	0.0006390691750833562	0.0006356516352536069	0.0006312010432164441	0.0006254168712156957	0.0006179159670456591	0.0006082122828265441	0.0005956934662636708	0.0005795958650536574	0.0005589826149756426	0.0005327366087452615	0.0004995956711992372	0.00045828829392605906	0.00040787864759190396	0.00034846614358107576	0.0002822457831485698	0.00021431860620297778	0.00015182879698277352	0.00010090574484646756	0.0000638590488544808	0.00003922199385670825	0.000023736570143526074	0.000014124674531598692	7.982516797251827e-6	4.056365721048722e-6	1.826063709020513e-6	7.636770833766979e-7	3.119663759513984e-7	1.2029440133529736e-7	3.9403445321451014e-8	1.1341214766827701e-8	3.164329276231349e-9	7.671978465459973e-10	1.5335812308256207e-10	2.932735691628424e-11	4.474755021062586e-12	6.049175585293728e-13	6.731633234476506e-14	6.260879064714039e-15	4.1438048000844446e-16	1.8432095105157436e-17	6.294801445548333e-19	1.622621407486288e-20	3.0859261339124515e-22	4.185460310926763e-24	8.260447328824801e-40
0.0006538548355397202	0.0006538548351926275	0.0006538548347353536	0.0006538548341310499	0.0006538548333302294	0.00065385483226639	0.0006538548308501157	0.0006538548289611332	0.0006538548264376101	0.000653854823061745	0.0006538548185403608	0.000653854812478778	0.0006538548043456456	0.0006538547934256181	0.000653854778755708	0.0006538547590397173	0.0006538547325332468	0.0006538546968891994	0.0006538546489502521	0.0006538545844702164	0.0006538544977402074	0.0006538543810874721	0.000653854224203706	0.0006538540132450381	0.0006538537296271453	0.000653853348413919	0.0006538528361630374	0.0006538521480472356	0.0006538512240128954	0.0006538499836555603	0.0006538483193912778	0.0006538460873657673	0.0006538430953619104	0.0006538390867333077	0.0006538337190792617	0.0006538265359727752	0.0006538169295247077	0.0006538040908751195	0.0006537869448069507	0.0006537640635115942	0.0006537335530274281	0.000653692903924756	0.0006536387953019668	0.0006535668379370157	0.0006534712383140028	0.0006533443599810538	0.0006531761520043327	0.000652953405797299	0.0006526587908994755	0.0006522696068175793	0.0006517561712051968	0.0006510797437033536	0.0006501898588778779	0.0006490209099402024	0.0006474877865073989	0.0006454803238893634	0.0006428562684813166	0.000639432405798085	0.000634973440968688	0.0006291781823003308	0.0006216625951785338	0.0006119394540064433	0.0005993948239152522	0.0005832629030041122	0.0005626038586858501	0.000536296384874967	0.000503072175483381	0.0004616504597741005	0.0004110811634293379	0.0003514427040912834	0.00028490494111182686	0.00021655644749491335	0.00015357264709175083	0.00010216321774178771	0.00006471644897305942	0.000039794714219626006	0.00002412410407281794	0.000014393220243430445	8.16588108291404e-6	4.168233761048408e-6	1.883118714761543e-6	7.898010318121904e-7	3.2410775657765526e-7	1.2603221214001545e-7	4.16446560746324e-8	1.2051065981346302e-8	3.393787539684553e-9	8.355790171400129e-10	1.685047778275464e-10	3.273334762721169e-11	5.089215473228466e-12	6.980879878660411e-13	7.978953304684819e-14	7.567134585032195e-15	5.18222041592173e-16	2.295190725843138e-17	7.834425158185791e-19	2.0180579249927843e-20	3.8346062362457497e-22	5.1955049575695935e-24	1.024358571084589e-39
0.000658278110037539	0.0006582781096897143	0.0006582781092314859	0.0006582781086259326	0.0006582781078234702	0.0006582781067574668	0.0006582781053383323	0.0006582781034455597	0.0006582781009170037	0.000658278097534442	0.0006582780930041331	0.0006582780869306392	0.0006582780787815908	0.0006582780678402743	0.0006582780531418634	0.0006582780333876904	0.0006582780068300376	0.0006582779711173506	0.0006582779230863193	0.000658277858482716	0.0006582777715868613	0.0006582776547115114	0.0006582774975289152	0.0006582772861691126	0.000658277002012787	0.0006582766200769079	0.0006582761068562629	0.0006582754174393191	0.0006582744916595855	0.0006582732489614882	0.0006582715815588218	0.0006582693453267447	0.0006582663476863424	0.0006582623315076587	0.0006582569537439798	0.0006582497571056977	0.0006582401325523993	0.0006582272696884084	0.0006582100912491425	0.0006581871666975829	0.0006581565984383741	0.0006581158722050036	0.0006580616606612862	0.0006579895660298699	0.0006578937834262918	0.0006577666613003223	0.0006575981286778081	0.0006573749503870658	0.0006570797607198872	0.0006566898124750789	0.0006561753614434664	0.0006554975853720236	0.0006546059104609233	0.0006534345865823782	0.0006518983138070065	0.0006498866768325175	0.0006472570906890107	0.0006438259026039197	0.0006393572375447419	0.000633549134729465	0.000626016537422372	0.0006162708559183193	0.0006036963224335008	0.0005875246456683484	0.0005668125558454882	0.0005404338856826237	0.0005071132320855212	0.0004655591035681664	0.0004148049353821416	0.0003549048204801439	0.00028799939359639744	0.0002191624400616832	0.00015560505558557324	0.00010362988875667242	0.00006571711410032325	0.000040463537676766935	0.000024577044224803685	0.000014707523017458878	8.38102576850704e-6	4.300027127721049e-6	1.9505953118110205e-6	8.207599330910136e-7	3.3852510039396314e-7	1.3288463294454688e-7	4.434735493868116e-8	1.2911176789843652e-8	3.673008614701e-9	9.200539705911674e-10	1.8738632671615493e-10	3.701551864114564e-11	5.878956485591818e-12	8.186902293167476e-13	9.639943825471228e-14	9.317818146814892e-15	6.593340603221723e-16	2.928739386833966e-17	9.990731331848544e-19	2.571261503751534e-20	4.880594287761968e-22	6.6044922466250655e-24	1.3006001033903294e-39
0.0006633757340494198	0.0006633757337007539	0.0006633757332414286	0.000663375732634439	0.00066337573183009	0.0006633757307616	0.000663375729339179	0.0006633757274420518	0.0006633757249077131	0.0006633757215174576	0.0006633757169768952	0.0006633757108897171	0.0006633757027223838	0.0006633756917566098	0.0006633756770254572	0.0006633756572274207	0.000663375630610971	0.000663375594819433	0.0006633755466826198	0.0006633754819370688	0.0006633753948507008	0.0006633752777196263	0.0006633751201937561	0.0006633749083731617	0.0006633746235983301	0.0006633742408323316	0.000663373726497713	0.0006633730355861436	0.0006633721078014782	0.0006633708624145583	0.0006633691914068558	0.0006633669503427456	0.0006633639462277306	0.0006633599213764103	0.0006633545320000291	0.0006633473198181343	0.0006633376744679135	0.0006633247837896835	0.0006633075681670076	0.0006632845939289595	0.0006632539593064012	0.0006632131444772176	0.00066315881471447	0.0006630865624142258	0.0006629905696342785	0.0006628631674829247	0.0006626942619684027	0.0006624705873847874	0.0006621747375406467	0.0006617839115896714	0.000661268294273137	0.0006605889692836057	0.0006596952383665404	0.0006585211867762671	0.0006569812969020107	0.0006549648656383819	0.000652328927480968	0.0006488893263523458	0.0006444095210127248	0.0006385866675611946	0.0006310345356517267	0.0006212629693867586	0.0006086540967116971	0.0005924367686828986	0.0005716637704425235	0.0005452033561803017	0.0005117719800485301	0.0004700658515469367	0.00041909948461498245	0.00035889903329889194	0.00029157144222825577	0.00022217305956034926	0.0001579552568728616	0.00010532738517598006	0.00006687609490038565	0.00004123871379539966	0.000025102507752144808	0.000015072723458200277	8.63172098314696e-6	4.454312098186517e-6	2.029936895970021e-6	8.572478783029751e-7	3.555552692883076e-7	1.410304885484742e-7	4.759575012058542e-8	1.3950651461120417e-8	4.01201274454987e-9	1.0243414605418902e-9	2.109419576425999e-10	4.2405185765370115e-11	6.897927705662946e-12	9.755180902406162e-13	1.1871326478359641e-13	1.1712719427010753e-14	8.64984915040733e-16	3.828218127151019e-17	1.3049145934997979e-18	3.35487023686555e-20	6.359929596210268e-22	8.593674433464753e-24	1.6899360615452644e-39
0.0006692043840435728	0.0006692043836939481	0.0006692043832333725	0.0006692043826247462	0.000669204381818247	0.0006692043807469232	0.0006692043793207572	0.0006692043774186679	0.0006692043748777399	0.000669204371478718	0.000669204366926473	0.0006692043608237039	0.000669204352635538	0.0006692043416418995	0.0006692043268734446	0.0006692043070254358	0.0006692042803420013	0.0006692042444606329	0.0006692041962033096	0.0006692041312960485	0.0006692040439926452	0.0006692039265702479	0.0006692037686533204	0.0006692035563077953	0.0006692032708283698	0.0006692028871167146	0.0006692023715130826	0.000669201678898877	0.0006692007488302569	0.0006691995003803265	0.0006691978252659104	0.0006691955786973599	0.0006691925672067764	0.0006691885324760418	0.0006691831298711212	0.0006691758999828833	0.0006691662309421649	0.0006691533085799035	0.0006691360506006868	0.0006691130197637836	0.0006690823095458152	0.0006690413937964874	0.0006689869293703252	0.0006689144974704887	0.0006688182652814915	0.0006686905441592545	0.0006685212138948013	0.0006682969740037023	0.0006680003721848765	0.0006676085464919186	0.0006670916007447055	0.0006664105115136614	0.0006655144388018572	0.0006643372803818912	0.0006627932707344071	0.0006607713789932834	0.0006581282062985001	0.0006546790234222764	0.0006501865304972959	0.0006443468780327401	0.0006367724993848586	0.0006269714554885199	0.0006143234787139038	0.0005980541672726693	0.0005772118163680301	0.0005506583324584776	0.0005171009061281104	0.00047522175677712383	0.00042401387137992996	0.00036347158098717886	0.00029566329787575595	0.00022562492530908126	0.00016065280510718435	0.00010727770743093718	0.00006820877577142847	0.000042130765123893054	0.000025707842411006098	0.00001549417482522852	8.921948735077578e-6	4.633856626694672e-6	2.1227303715130332e-6	9.000350307062429e-7	3.7557434644179577e-7	1.506726499253715e-7	5.148829801982548e-8	1.5204070183679287e-8	4.422771462951532e-9	1.1530130139483364e-9	2.403559132523191e-10	4.919559949896051e-11	8.217377486656325e-12	1.1802160538674728e-12	1.4883663873456606e-13	1.4973190602286543e-14	1.1518150872569138e-15	5.1203702765143833e-17	1.7437807285343557e-18	4.477601048142428e-20	8.475698697940346e-22	1.1432845634250348e-23	2.2445681571945067e-39
0.000675838031446884	0.000675838031096172	0.0006758380306341786	0.0006758380300236964	0.0006758380292147594	0.0006758380281402231	0.0006758380267098116	0.0006758380248020973	0.0006758380222537005	0.0006758380188447419	0.0006758380142792553	0.000675838008158815	0.000675837999947038	0.0006758379889218191	0.0006758379741110882	0.0006758379542064451	0.0006758379274470969	0.0006758378914639252	0.0006758378430700315	0.0006758377779795112	0.000675837690430153	0.0006758375726776173	0.0006758374143175318	0.0006758372013771428	0.0006758369150992593	0.0006758365303159752	0.0006758360132742904	0.0006758353187306568	0.0006758343860738696	0.0006758331341529649	0.0006758314543848794	0.0006758292015788008	0.0006758261817303964	0.0006758221358045893	0.0006758167182095309	0.0006758094682571457	0.0006757997723713886	0.0006757868141063419	0.0006757695081310235	0.0006757464131597797	0.0006757156172822416	0.0006756745871777562	0.0006756199701622032	0.0006755473347564545	0.0006754508312930303	0.0006753227487478455	0.0006751529372074068	0.0006749280567835144	0.0006746306029335459	0.0006742376444875488	0.0006737191935857285	0.000673036105437961	0.0006721373794679933	0.0006709567010563779	0.0006694080238424032	0.0006673799456668469	0.0006647285767793954	0.0006612685387253085	0.0006567616723466596	0.0006509029891922818	0.0006433034091879369	0.0006334689738959076	0.0006207767030714237	0.0006044485121182153	0.0005835276137602565	0.0005568687306549221	0.0005231685722999141	0.0004810935317858018	0.0004296122382865695	0.0003686829672304662	0.0003003302658988242	0.0002295661059172657	0.00016373658123342418	0.0001095098589728301	0.00006973547043157917	0.000043153604476943054	0.000026402779555869295	0.00001597898524505915	9.257019162730792e-6	4.842379088560993e-6	2.2311255012751364e-6	9.501692210827268e-7	3.990949622467504e-7	1.6208914861549561e-7	5.616207231151949e-8	1.672009684145349e-8	4.92215798012855e-9	1.312615775846676e-9	2.7735940542469567e-10	5.781606903467643e-11	9.945028579861801e-12	1.450569697350126e-12	1.9014023298765794e-13	1.9492160795156432e-14	1.5753095266238353e-15	7.020084847891689e-17	2.388148784158918e-18	6.123085855043845e-20	1.157004668873345e-21	1.5575207994156755e-23	3.0519443034947445e-39
0.000683338366419744	0.0006833383660678075	0.0006833383656042177	0.0006833383649916463	0.0006833383641799649	0.0006833383631018122	0.0006833383616666217	0.0006833383597525762	0.000683338357195773	0.0006833383537756311	0.0006833383491952421	0.0006833383430549149	0.000683338334816567	0.0006833383237558098	0.0006833383088975058	0.0006833382889291334	0.0006833382620843627	0.0006833382259866378	0.0006833381774390715	0.0006833381121423453	0.0006833380243162382	0.0006833379061922335	0.0006833377473335135	0.0006833375337237987	0.0006833372465475159	0.0006833368605584771	0.00068333634189876	0.0006833356451842327	0.0006833347096153865	0.0006833334537891571	0.0006833317687850765	0.0006833295089609843	0.0006833264797090111	0.0006833224211874392	0.000683316986726806	0.0006833097142001356	0.0006832999881110391	0.000683286989452009	0.0006832696294769186	0.0006832464623494352	0.0006832155700987046	0.0006831744113373842	0.0006831196226502192	0.0006830467582908635	0.0006829499496338352	0.0006828214604784567	0.0006826511074955516	0.00068242550647069	0.0006821270940949747	0.0006817328613297212	0.0006812127171886785	0.000680527380372142	0.0006796256696825276	0.0006784410316063855	0.0006768871039079837	0.0006748520668304168	0.0006721914785335943	0.0006687192304239469	0.0006641961970103957	0.0006583161090706811	0.0006506881847914727	0.0006408161953019217	0.000628074110872134	0.0006116797074017295	0.0005906704860658664	0.0005638930986773607	0.0005300324827366795	0.0004877372589226283	0.0004359486968072595	0.0003745845127009869	0.00030561964878606196	0.00023403818716765442	0.00016724065980169066	0.00011204955020665626	0.00007147434330352446	0.00004431976782653622	0.00002719617194417445	0.000016533715384755316	9.64194727722387e-6	5.083509889570751e-6	2.357285798431433e-6	1.0087202552280048e-6	4.2664488773859977e-7	1.7557243749067174e-7	6.176754796618323e-8	1.8553470074536032e-8	5.529266301269158e-9	1.5108253832243504e-9	3.240598436924168e-10	6.879158466747583e-11	1.2219782008571521e-11	1.8098036053401285e-12	2.4719196682262763e-13	2.58283769511835e-14	2.199817623415996e-15	9.896626837402474e-17	3.347967808180831e-18	8.569051523467952e-20	1.6158613388817153e-21	2.170104523511207e-23	4.242834854563983e-39
0.0006917451440694416	0.0006917451437161388	0.0006917451432507678	0.0006917451426358652	0.0006917451418211219	0.000691745140738935	0.0006917451392984135	0.000691745137377306	0.0006917451348111267	0.0006917451313785119	0.0006917451267815027	0.0006917451206189972	0.0006917451123510176	0.0006917451012506296	0.0006917450863392754	0.0006917450662998378	0.0006917450393598134	0.0006917450031343538	0.0006917449544154338	0.0006917448888887799	0.0006917448007540896	0.0006917446822158902	0.0006917445228011893	0.0006917443084451763	0.0006917440202671859	0.0006917436329337493	0.0006917431124699628	0.0006917424133349513	0.0006917414745192606	0.0006917402143387525	0.0006917385234967789	0.0006917362558479662	0.0006917332161115546	0.0006917291435465039	0.00069172369028192	0.0006917163925866252	0.0006917066328232734	0.0006916935891285291	0.0006916761689488622	0.0006916529213746122	0.0006916219216784993	0.0006915806194802036	0.0006915256394014158	0.0006914525197906366	0.0006913553708883428	0.0006912264284280343	0.0006910554718304383	0.0006908290674695452	0.0006905295865291919	0.0006901339331723186	0.0006896119014617246	0.0006889240579386997	0.0006880190200851722	0.0006868299681228618	0.0006852701877599918	0.0006832273938278842	0.0006805565292021115	0.0006770706716170691	0.0006725296187426559	0.0006666256742143708	0.0006589661601454663	0.0006490523182005147	0.0006362547216977597	0.0006197865361616344	0.000598678902964019	0.0005717694895927291	0.0005377301330729	0.0004951896798274451	0.00044305895043069777	0.0003812104507485222	0.0003115635182771096	0.00023906998874648552	0.000171189228985631	0.00011491541277310513	0.00007343876004618975	0.000045638600071603084	0.000028094724674196606	0.00001716345149850105	0.000010080761036992528	5.360310350772183e-6	2.5031155458349112e-6	1.0766485309722169e-6	4.5870284362656863e-7	1.9139476664482297e-7	6.845237899957422e-8	2.0759587546367184e-8	6.263535358137768e-9	1.755761970182239e-9	3.82790890939066e-10	8.270549345406907e-11	1.5205034572303125e-11	2.285752161620718e-12	3.257663183705371e-13	3.46799523653319e-14	3.120838103870516e-15	1.421973564377081e-16	4.777719379258148e-18	1.2204383955196292e-19	2.2960569052099787e-21	3.075491499077623e-23	5.99804572496443e-39
0.0007011732522012004	0.0007011732518463732	0.0007011732513790153	0.0007011732507615125	0.0007011732499433546	0.0007011732488566688	0.0007011732474102032	0.0007011732454812219	0.0007011732429045889	0.0007011732394580689	0.0007011732348425318	0.0007011732286553033	0.0007011732203542934	0.0007011732092097307	0.0007011731942392453	0.0007011731741205987	0.0007011731470744074	0.0007011731107065809	0.0007011730617966823	0.0007011729960137704	0.0007011729075351647	0.0007011727885353513	0.0007011726285010237	0.0007011724133132886	0.0007011721240189411	0.0007011717351872466	0.0007011712127129373	0.0007011705108804663	0.0007011695684464191	0.0007011683034134353	0.0007011666060656637	0.0007011643296969669	0.0007011612782767487	0.0007011571900618118	0.0007011517158424665	0.000701144390099921	0.0007011345928111273	0.0007011214989304787	0.0007011040116618854	0.0007010806744425795	0.000701049555016801	0.0007010080929837783	0.0007009528996355545	0.0007008794955988091	0.0007007819675664424	0.0007006525200015831	0.0007004808908225281	0.0007002535913520197	0.0006999529197917136	0.0006995556836034379	0.0006990315487886919	0.0006983409123809705	0.0006974321675925934	0.0006962381980396588	0.000694671897271508	0.0006926204617134325	0.0006899381489282807	0.0006864371304162625	0.0006818760045894682	0.0006759454858145271	0.000668250784908845	0.0006582903273256973	0.0006454309049096041	0.0006288805519952635	0.0006076633336572443	0.000580606924197582	0.0005463685944140508	0.0005035552092245654	0.0004510437311757603	0.00038865629987220826	0.0003182498962434458	0.0002447388937739562	0.00017564572353535548	0.00011815534708702013	0.00007566258196558124	0.00004713347481596225	0.000029114944324027194	0.000017880427919979062	0.000010582819126575381	5.679587637058848e-6	2.672716059338079e-6	1.1559955172758564e-6	4.962765523258068e-7	2.1011616428428531e-7	7.651175285973167e-8	2.3448395273307435e-8	7.1633195700170515e-9	2.063189589113991e-9	4.5809699736734284e-10	1.0068847875403992e-10	1.9218506405372128e-11	2.932860468691783e-12	4.371652672190224e-13	4.7442178627159285e-14	4.526065137124183e-15	2.0917651771744329e-16	7.001826840525448e-18	1.784394488714977e-19	3.3478968819251558e-21	4.4705246349342955e-23	8.693359941334487e-39
0.0007116422272822821	0.0007116422269257715	0.0007116422264562197	0.0007116422258358462	0.0007116422250139187	0.000711642223922267	0.0007116422224692405	0.0007116422205315688	0.0007116422179433993	0.0007116422144815344	0.0007116422098455522	0.0007116422036310436	0.0007116421952935888	0.0007116421841002861	0.0007116421690645607	0.0007116421488585244	0.0007116421216952039	0.0007116420851703139	0.0007116420360497252	0.0007116419699841112	0.0007116418811261051	0.0007116417616170548	0.000711641600899184	0.0007116413847939406	0.0007116410942681031	0.000711640703783645	0.0007116401790914975	0.0007116394742834389	0.0007116385278579836	0.0007116372574722694	0.0007116355529480466	0.0007116332669606343	0.0007116302026523452	0.0007116260971745791	0.0007116205998409427	0.0007116132431609014	0.000711603404480007	0.0007115902552426753	0.0007115726939734052	0.0007115492578743231	0.000711518006386209	0.0007114763680565131	0.000711420939475874	0.0007113472217257969	0.0007112492755294301	0.0007111192708632736	0.0007109468998756513	0.0007107186131788477	0.0007104166284914226	0.000710017646638236	0.0007094911924056761	0.0007087974759125191	0.000707884643081231	0.0007066852504863466	0.0007051117592950487	0.000703050794376769	0.0007003558577603444	0.0006968381219043505	0.0006922548632310068	0.000686295044325969	0.000678561549062968	0.0006685496993894261	0.0006556221206093286	0.000638981194589918	0.0006176431933841665	0.0005904247898985589	0.0005559672251125293	0.0005128531797034909	0.00045992235411811583	0.00039694135119041095	0.0003256979274033432	0.0002510633907978364	0.00018062684139475487	0.00012178299524794172	0.00007815600182930758	0.0000488117513868778	0.000030262309626128982	0.000018689017596910677	0.000011151841631887703	6.044446706830411e-6	2.868187957220851e-6	1.2478621500292585e-6	5.399227639551686e-7	2.3206484584923785e-7	8.614061715182212e-8	2.669786151375606e-8	8.256127471513859e-9	2.4452594782228124e-9	5.538272089159125e-10	1.2370308679225796e-10	2.455801148695064e-11	3.804180686603624e-12	5.9309404706755e-13	6.564384231579824e-14	6.645200565558621e-15	3.1286889934965325e-16	1.0426460600722915e-17	2.650238388886905e-19	4.957358401882516e-21	6.597022032551283e-23	1.2787302679352558e-38
0.0007232492182868641	0.0007232492179284988	0.00072324921745653	0.0007232492168329945	0.0007232492160069153	0.000723249214909795	0.000723249213449544	0.0007232492115023041	0.0007232492089014336	0.000723249205422676	0.0007232492007641877	0.0007232491945196508	0.0007232491861420812	0.0007232491748951329	0.0007232491597876036	0.0007232491394853883	0.0007232491121931617	0.0007232490754954198	0.000723249026142967	0.0007232489597662452	0.0007232488704907237	0.0007232487504212862	0.0007232485889512225	0.0007232483718363357	0.0007232480799553571	0.0007232476876522022	0.000723247160519573	0.0007232464524372418	0.000723245501619761	0.0007232442253441084	0.0007232425129232533	0.0007232402163519328	0.0007232371378624197	0.0007232330133898628	0.0007232274906230966	0.0007232200999021684	0.0007232102156774415	0.0007231970055315436	0.0007231793628406039	0.0007231558179468777	0.0007231244211558018	0.0007230825888560435	0.0007230269014644316	0.0007229528385604117	0.0007228544322975176	0.0007227238147142303	0.0007225506276093847	0.0007223212548118054	0.0007220178255090198	0.0007216169232287245	0.0007210879174300176	0.000720390812645398	0.0007194734828136624	0.0007182681248257556	0.0007166867243310184	0.0007146152776575177	0.0007119064560044549	0.0007083703333085365	0.0007037627324626286	0.0006977706901430267	0.0006899945322649193	0.0006799261696379964	0.0006669236488739369	0.0006501831417480997	0.0006287123613224362	0.0006013159025514432	0.0005666174156501647	0.0005231730496910944	0.00046978161241851147	0.00040614862678992145	0.0003339851368333729	0.00025811289329421297	0.00018619068898871605	0.00012584306310393106	0.00008095106382308345	0.000050695800676264224	0.000031552833481619306	0.000019601327985648285	0.00001179738250240603	6.4621751853194464e-6	3.09415036846084e-6	1.354607558207699e-6	5.908168850914724e-7	2.5790982268266366e-7	9.771648537898864e-8	3.065642423866834e-8	9.593991877768345e-9	2.9243557340000877e-9	6.77041824593353e-10	1.5350818039450756e-10	3.176375897182266e-11	4.997079562470656e-12	8.150029104592774e-13	9.216996079361143e-14	9.916005233372505e-15	4.778068003365146e-16	1.584861371560949e-17	4.0165450032693943e-19	7.487321779692785e-21	9.925243996508514e-23	1.916879137663239e-38
0.0007360657065334452	0.000736065706173046	0.0007360657056984273	0.0007360657050714253	0.0007360657042407954	0.0007360657031376814	0.0007360657016695136	0.0007360656997117891	0.0007360656970970025	0.0007360656935997374	0.0007360656889165934	0.0007360656826391618	0.0007360656742176507	0.000736065662911942	0.0007360656477257656	0.0007360656273182088	0.0007360655998847999	0.0007360655629977499	0.0007360655133913644	0.0007360654466739306	0.0007360653569411722	0.0007360652362580433	0.0007360650739642499	0.0007360648557437114	0.0007360645623787472	0.0007360641680839979	0.0007360636382789041	0.000736062926611094	0.0007360619709841845	0.0007360606882588889	0.0007360589671910774	0.0007360566590302784	0.0007360535650123202	0.0007360494197406374	0.0007360438691250566	0.0007360364411303101	0.0007360265070368198	0.0007360132301990097	0.0007359954983562256	0.0007359718343401857	0.0007359402784546553	0.0007358982337767065	0.0007358422630162865	0.0007357678222129488	0.000735668912243781	0.0007355376236158952	0.000735363543010941	0.0007351329811528504	0.000734827970320346	0.000734424965649024	0.0007338931665834962	0.0007331923526395307	0.000732270100079161	0.0007310582121480677	0.000729468154105152	0.0007273852344571225	0.0007246612152822244	0.0007211049685475592	0.000716470726877689	0.0007104434200650873	0.0007026205760334433	0.0006924903749594445	0.0006794058569267356	0.0006625564052050907	0.0006409403799628018	0.0006133491838492771	0.0005783872624563162	0.0005345818083128587	0.00048068698305833425	0.0004163414668188974	0.00034317166476160706	0.0002659424665750332	0.00019238451616391023	0.00013037268829976193	0.00008407479785909332	0.0000528047214446293	0.00003300037766456844	0.00002062805045975882	0.000012528131701184181	6.93969224393479e-6	3.3551868947297673e-6	1.4786247971253325e-6	6.501594789312179e-7	2.8834601558084486e-7	1.1165147495211708e-7	3.549305212849388e-8	1.1236319186868627e-8	3.526715321162585e-9	8.365587680312249e-10	1.923024126507383e-10	4.154516974364398e-11	6.644411634189374e-12	1.13273775502917e-12	1.3125461966459548e-13	1.4996373964575888e-14	7.462356940957541e-16	2.4583302172621902e-17	6.209311118763529e-19	1.1530055390241835e-20	1.521768228450207e-22	2.927024477412129e-38
0.0007501518041647605	0.0007501518038021427	0.0007501518033246336	0.0007501518026938515	0.0007501518018582598	0.0007501518007486114	0.0007501517992718132	0.000750151797302661	0.0007501517946727075	0.0007501517911552732	0.0007501517864452619	0.0007501517801319871	0.0007501517716625983	0.0007501517602928686	0.0007501517450210083	0.0007501517244986887	0.0007501516969114759	0.0007501516598181998	0.0007501516099351949	0.0007501515428466177	0.0007501514526157933	0.0007501513312641844	0.0007501511680731347	0.0007501509486482705	0.0007501506536669022	0.0007501502572028704	0.000750149724486908	0.0007501490089138063	0.000750148048048534	0.0007501467582984402	0.0007501450278126542	0.0007501427070290978	0.0007501395960983816	0.0007501354281736016	0.0007501298472271316	0.0007501223786368605	0.0007501123902310323	0.0007500990407594708	0.0007500812118230455	0.0007500574180746088	0.0007500256889264601	0.00074998341296008	0.0007499271336040179	0.0007498522812653131	0.0007497528227650663	0.0007496208033892759	0.0007494457498074404	0.0007492138931482755	0.0007489071601819579	0.0007485018662626704	0.000747967025746858	0.0007472621731925638	0.0007463345608188312	0.0007451155633811842	0.0007435160797134442	0.0007414206696994079	0.0007386801059948442	0.0007351019525323422	0.0007304387114857191	0.0007243730202900788	0.0007164993629648313	0.0007063018618542154	0.0006931281126235874	0.0006761601184529573	0.0006543860755118262	0.0006265830568531535	0.0005913346587789819	0.0005471366484798194	0.0004926947168715772	0.00042757479452538554	0.00035331037128272333	0.0002746013853355972	0.00019925144250213444	0.00013540633624279554	0.00008755258429977278	0.00005515660233742699	0.00003461819530004347	0.000021779543077403407	0.000013352672709116378	7.484033917366825e-6	3.6561172991562604e-6	1.6224755345437792e-6	7.192406308688378e-7	3.24126646781071e-7	1.284086273376032e-7	4.1404919800236054e-8	1.3252554754421218e-8	4.283473032640743e-9	1.0434721104403128e-9	2.42855610528089e-10	5.482830329552082e-11	8.927434632189178e-12	1.5874820674357296e-12	1.8913761714175758e-13	2.289540848360958e-14	1.1810269872131159e-15	3.877236475983597e-17	9.756770158860118e-19	1.8039525950867845e-20	2.3694236649110443e-22	4.5368913002160925e-38
0.0007655861999151046	0.0007655861995500755	0.0007655861990694259	0.0007655861984345371	0.0007655861975935557	0.0007655861964768107	0.0007655861949906409	0.0007655861930090805	0.0007655861903626607	0.0007655861868233312	0.0007655861820841554	0.000765586175731976	0.0007655861672106233	0.0007655861557714125	0.0007655861404065649	0.0007655861197597056	0.0007655860920055922	0.0007655860546885363	0.0007655860045053752	0.0007655859370140846	0.0007655858462428394	0.0007655857241659181	0.0007655855600013466	0.00076558533926981	0.0007655850425346965	0.0007655846437170943	0.0007655841078430124	0.0007655833880329485	0.0007655824214844861	0.0007655811241131457	0.0007655793834098427	0.0007655770489320502	0.0007655739196531233	0.0007655697271528345	0.000765564113301842	0.0007655566006719083	0.0007655465533465221	0.000765533125080734	0.0007655151908169169	0.0007654912563363387	0.0007654593392375965	0.0007654168123795126	0.0007653601982775363	0.0007652848995376994	0.0007651848460450276	0.0007650520340414362	0.0007648759251128751	0.0007646426640696922	0.000764334063265246	0.000763926286476473	0.0007633881473604149	0.0007626789148693203	0.0007617454898804054	0.0007605187825875599	0.0007589090777503486	0.0007568001237052064	0.0007540416206027881	0.0007504397146157237	0.0007457450324951548	0.0007396377275547543	0.0007317089857594885	0.0007214385336303116	0.0007081680703553745	0.0006910716088151681	0.0006691263454086871	0.0006410938535839947	0.0006055351907052693	0.0005609121652845935	0.0005058780694491689	0.00043991997849520347	0.000364469737971478	0.0002841532747807016	0.00020684700440940884	0.00014098834018608475	0.00009141704437703247	0.00005777466623220321	0.00003642327206682256	0.000023069051409199467	0.00001428195414808731	8.104179476425518e-6	4.003148157602077e-6	1.7894834637422633e-6	7.997339374383685e-7	3.662274512342043e-7	1.4859572885293164e-7	4.8657538532349325e-8	1.5736291686817336e-8	5.236701664208557e-9	1.3134466742525727e-9	3.0908842776499495e-10	7.294843746156636e-11	1.2119173876499882e-11	2.241065001939476e-12	2.7581636434506407e-13	3.5228559040515e-14	1.9035890536116983e-15	6.26573308105357e-17	1.5584298885184586e-18	2.8677223567209597e-20	3.746571505220828e-22	7.138107426172658e-38
0.000782447842231631	0.0007824478418639912	0.0007824478413799419	0.0007824478407406083	0.0007824478398937946	0.0007824478387693714	0.0007824478372730633	0.0007824478352780812	0.0007824478326138526	0.0007824478290508448	0.0007824478242801325	0.0007824478178858871	0.000782447809308352	0.000782447797794024	0.0007824477823286513	0.0007824477615471631	0.0007824477336126354	0.000782447696053689	0.0007824476455460895	0.0007824475776195183	0.000782447486264163	0.0007824473634033092	0.0007824471981865545	0.0007824469760427899	0.0007824466774122886	0.0007824462760510642	0.0007824457367638875	0.0007824450123748403	0.0007824440396844941	0.0007824427340768841	0.0007824409823316477	0.0007824386330548368	0.0007824354839476753	0.0007824312648898323	0.0007824256154809297	0.0007824180552605787	0.0007824079442659499	0.0007823944308551842	0.0007823763827762143	0.0007823522962248424	0.0007823201760356238	0.0007822773780803004	0.0007822204022799902	0.000782144621205557	0.0007820439248388662	0.0007819102564396817	0.0007817330072868886	0.000781498228947809	0.0007811876101853825	0.0007807771510531899	0.000780235448436264	0.0007795214844240167	0.0007785817804554506	0.0007773467450384855	0.0007757259998320464	0.0007736024168943796	0.0007708245384090655	0.0007671969799646881	0.0007624683438531517	0.0007563161022051757	0.000748327881868963	0.0007379786665299803	0.0007246037951161779	0.0007073686647647392	0.000685238616584749	0.0006569585284112074	0.0006210651948380979	0.00057598388409879	0.0005203114832981258	0.00045344994157768374	0.0003767203017655369	0.0002946643880494281	0.00021522975990764554	0.00014716596965349833	0.00009570322933340101	0.000060683995072489706	0.000038434048610649473	0.00002451106041870233	0.000015328080026545313	8.810240245317652e-6	4.4034558948448e-6	1.983555070127369e-6	8.936108579415311e-7	4.1580156461864366e-7	1.7295024378151636e-7	5.7585811486038754e-8	1.8805884646719822e-8	6.439900499533969e-9	1.6675888593516065e-9	3.9631221395034254e-10	9.775052685928089e-11	1.6619158997845174e-11	3.183332365363239e-12	4.070083933112218e-13	5.454215779247522e-14	3.1133295833391257e-15	1.0292390636287202e-16	2.5301851254922087e-18	4.631433903726623e-20	6.015219001253111e-22	1.1397554014704577e-37
0.0008008161272479622	0.0008008161268775057	0.0008008161263897896	0.0008008161257456629	0.000800816124892561	0.0008008161237598609	0.0008008161222526258	0.00080081612024318	0.0008008161175597618	0.0008008161139712433	0.0008008161091665569	0.000800816102726998	0.0008008160940889478	0.0008008160824937148	0.0008008160669200778	0.0008008160459936033	0.0008008160178647899	0.0008008159800453649	0.0008008159291884072	0.0008008158607931358	0.0008008157688088405	0.0008008156451039075	0.0008008154787542655	0.0008008152550899801	0.0008008149544187835	0.0008008145503189753	0.0008008140073571518	0.0008008132780382913	0.0008008122987355703	0.0008008109842608713	0.0008008092206281379	0.000800806855419227	0.0008008036849659431	0.0008007994373178636	0.0008007937496299669	0.0008007861381779807	0.0008007759586435961	0.0008007623535757998	0.0008007441829786907	0.000800719932730853	0.0008006875939287337	0.0008006445041611257	0.0008005871390318674	0.0008005108387872339	0.0008004094504657686	0.0008002748603103588	0.0008000963839415828	0.000799859972590804	0.0007995471820349022	0.0007991338361653961	0.0007985882986381189	0.0007978692429183196	0.000796922782245129	0.0007956787854481137	0.0007940461609146178	0.0007919068382024812	0.0007891081141267694	0.0007854529583237281	0.0007806877962868701	0.0007744872176053281	0.0007664350233664485	0.0007560011002314316	0.0007425139538492756	0.0007251297283755047	0.0007028010391428909	0.0006742548537207888	0.0006380019564489594	0.0005924284622944704	0.000536070794580371	0.0004682393756991329	0.0003901348852745815	0.0003062038669583148	0.00022446158945159706	0.0001539897422126555	0.00010044888960289714	0.00006391173515245132	0.00004067057642712325	0.000026121423109146118	0.00001650442779962153	9.613585036165443e-6	4.8653284894861284e-6	2.2092825508027973e-6	1.0031938206700016e-6	4.7420978213213604e-7	2.02363876171551e-7	6.861204919007292e-8	2.2611137146512355e-8	7.960908297078127e-9	2.1343070406405847e-9	5.117411658409916e-10	1.3177135653478367e-10	2.301456678235219e-11	4.544519435209492e-12	6.076241441865474e-13	8.483237425933608e-14	5.176091445434041e-15	1.704277820689324e-16	4.174096060473904e-18	7.596364444517071e-20	9.802187564098716e-22	1.8461021995284904e-37
0.0008207710882231337	0.0008207710878496493	0.0008207710873579921	0.0008207710867087152	0.000820771085848858	0.0008207710847072674	0.0008207710831882976	0.0008207710811633214	0.0008207710784593012	0.0008207710748433972	0.0008207710700022439	0.0008207710635140515	0.0008207710548110576	0.000820771043129005	0.0008207710274391964	0.0008207710063571547	0.0008207709780198869	0.0008207709399209992	0.000820770888689235	0.0008207708197911384	0.0008207707271321303	0.0008207706025217117	0.0008207704349567919	0.0008207702096614378	0.0008207699068012196	0.0008207694997638254	0.0008207689528603943	0.0008207682182536508	0.0008207672318583733	0.0008207659078727968	0.0008207641314896519	0.0008207617491923503	0.0008207585558440238	0.0008207542775315464	0.0008207485487881503	0.000820740882389298	0.0008207306293458444	0.0008207169259771503	0.0008206986239831582	0.0008206741981789784	0.0008206416249296343	0.0008205982222196228	0.0008205404395787832	0.000820463582594756	0.0008203614522636205	0.0008202258736988629	0.0008200460814089066	0.0008198079190611615	0.000819492799873042	0.0008190763589018238	0.0008185267098106844	0.0008178021952770741	0.0008168484910532808	0.000815594887611522	0.0008139495290050939	0.0008117933348986429	0.000808972267820889	0.0008052875341216217	0.0008004832276120273	0.0007942308507056873	0.0007861101079039316	0.0007755854293116869	0.0007619780075683797	0.000744434088322907	0.0007218926806799288	0.0006930616157634958	0.000656423907442083	0.0006103238898815724	0.0005532334375893064	0.0004843649528002696	0.0004047888216472863	0.0003188439981216109	0.00023460799874446824	0.00016151374660984481	0.00010569475891348134	0.00006748731482229252	0.000043154682796660595	0.000027917496291685876	0.000017825772896910985	0.000010526972812484025	5.398322200020889e-6	2.472063570510328e-6	1.1312184937633117e-6	5.430555536895537e-7	2.3791072176686796e-7	8.226834763269528e-8	2.7341827014237908e-8	9.885509018621168e-9	2.7517506526621265e-9	6.65199471760783e-10	1.7848037184632157e-10	3.217140593628793e-11	6.512877168462193e-12	9.17237256005611e-13	1.322951504111206e-13	8.730931672527465e-15	2.889165331473657e-16	6.993093484999304e-18	1.2645807684832344e-19	1.6202143457870302e-21	3.0312738316988866e-37
0.000842393588142371	0.0008423935877656425	0.0008423935872697639	0.0008423935866149719	0.0008423935857478821	0.0008423935845967757	0.0008423935830652475	0.0008423935810236535	0.0008423935782975924	0.000842393574652394	0.0008423935697722364	0.0008423935632320319	0.0008423935544595883	0.0008423935426846998	0.0008423935268706778	0.0008423935056223103	0.0008423934770621834	0.0008423934386645348	0.0008423933870320985	0.0008423933175964952	0.0008423932242162599	0.0008423930986379585	0.0008423929297740481	0.0008423927027353095	0.0008423923975353802	0.0008423919873582387	0.0008423914362420145	0.0008423906959836687	0.0008423897020080991	0.0008423883678577569	0.0008423865778477844	0.0008423841772877588	0.0008423809594713644	0.0008423766483881364	0.0008423708757697635	0.0008423631506514796	0.0008423528190531889	0.0008423390106378326	0.0008423205682324961	0.0008422959548314596	0.000842263131060309	0.0008422193939584437	0.0008421611651993181	0.0008420837133440895	0.0008419807902025504	0.0008418441555875542	0.0008416629573643451	0.0008414229243070976	0.000841105317367404	0.0008406855699226668	0.0008401315286524766	0.000839401182987403	0.000838439741521674	0.0008371758771895932	0.0008355169179990284	0.0008333427054944117	0.000830497777916816	0.0008267814596124789	0.000821935356060821	0.0008156276756297441	0.0008074337525982882	0.0007968121975308829	0.0007830764061827017	0.0007653620754020804	0.0007425937226450209	0.0007134588121262963	0.0006764108252754108	0.0006297496902816714	0.0005718786480655084	0.0005019055328743626	0.0004207601748045398	0.0003326604649686111	0.0002457384239164907	0.00016979597861035438	0.00011148485543610375	0.00007144267650488831	0.00004591014612661077	0.00002991828451474209	0.00001930842057014884	0.000011564692960002681	6.013434076331575e-6	2.7782405478684207e-6	1.2809069456608257e-6	6.242255104238416e-7	2.808793699575473e-7	9.922421492655998e-8	3.323859115543064e-8	1.2321897806636875e-8	3.5709680473978597e-9	8.700993611899173e-10	2.425962958248907e-10	4.536949396097407e-11	9.360165764044226e-12	1.398874140167383e-12	2.065652134820673e-13	1.493255028057317e-14	4.956066636120247e-16	1.1888470080744387e-17	2.1349163980921926e-19	2.7141359142100033e-21	5.041280754267934e-37
0.0008657655163864016	0.0008657655160062086	0.0008657655155058233	0.0008657655148451448	0.000865765513970338	0.0008657655128090798	0.000865765511264157	0.000865765509204842	0.0008657655064552803	0.000865765502778852	0.0008657654978571182	0.0008657654912614776	0.0008657654824150204	0.0008657654705412036	0.0008657654545948262	0.0008657654331692419	0.0008657654043716769	0.0008657653656557391	0.0008657653135964593	0.0008657652435882621	0.0008657651494397457	0.0008657650228304466	0.0008657648525828765	0.000865764623687163	0.0008657643159951337	0.0008657639024738153	0.0008657633468705846	0.0008657626005928756	0.0008657615985438832	0.0008657602535676858	0.0008657584490448599	0.0008657560290349536	0.0008657527851603641	0.0008657484391772288	0.0008657426198340155	0.0008657348321832638	0.0008657244169304976	0.0008657104966510589	0.0008656919047246763	0.0008656670915597774	0.0008656340010244013	0.0008655899078587257	0.0008655312040799437	0.0008654531188318786	0.000865349351564088	0.0008652115925780764	0.0008650288975134118	0.0008647868728545348	0.0008644666174937466	0.0008640433501692656	0.0008634846334399753	0.0008627480808407908	0.0008617784038929799	0.0008605036185002711	0.0008588301845157446	0.0008566367966302231	0.0008537664781595217	0.000850016551932693	0.000845125977463194	0.0008387594610086937	0.0008304876915910835	0.0008197630956775309	0.0008058907866859695	0.0007879952611869657	0.0007649856595939275	0.0007355278517538485	0.0006980440338353327	0.0006507871222301673	0.000592087666494665	0.000520942370127662	0.00043812995593056007	0.0003477325961069418	0.00025792653994726	0.0001788986914018774	0.00011786680252413738	0.00007581252526009075	0.00004896288329400961	0.00003214459331692318	0.000020970346003914804	0.00001274271357025383	6.723290794869401e-6	3.135262480655069e-6	1.4560537506013717e-6	7.199364604405965e-7	3.3280936568869607e-7	1.2032042618406152e-7	4.0606843087880436e-8	1.540622175991824e-8	4.659938224956341e-9	1.1447973722894392e-9	3.3050414509348604e-10	6.450182402143467e-11	1.3478468778221134e-11	2.152808782198084e-12	3.225471158959451e-13	2.5846014238344007e-14	8.608762382174624e-16	2.0488522202882368e-17	3.651575764147812e-19	4.6032456481081234e-21	8.483185043217292e-37
0.0008909699906838538	0.0008909699902999726	0.0008909699897947912	0.0008909699891278501	0.0008909699882448351	0.0008909699870727819	0.0008909699855136188	0.0008909699834354676	0.0008909699806609306	0.0008909699769513179	0.0008909699719854121	0.0008909699653308814	0.000890969956405807	0.0008909699444269183	0.0008909699283399778	0.0008909699067262001	0.0008909698776765059	0.0008909698386226037	0.0008909697861101163	0.0008909697154939839	0.0008909696205297974	0.0008909694928259423	0.0008909693211094567	0.0008909690902423998	0.0008909687799048485	0.0008909683628335521	0.0008909678024672799	0.0008909670498000249	0.000890966039181259	0.0008909646827138357	0.0008909628627864387	0.0008909604221319296	0.0008909571505989658	0.0008909527675734196	0.0008909468986377907	0.0008909390446180447	0.0008909285405800416	0.0008909145015779045	0.0008908957509662958	0.0008908707257985808	0.0008908373521616587	0.0008907928811352257	0.0008907336732710632	0.0008906549158927439	0.0008905502529001257	0.0008904113008526469	0.0008902270175560141	0.0008899828797757348	0.0008896598145095484	0.0008892328128449647	0.0008886691360173147	0.0008879259989346446	0.0008869475860293736	0.0008856612165600956	0.0008839724299675744	0.0008817587051855423	0.0008788614597730408	0.0008750758953227397	0.0008701381675512094	0.000863709272401584	0.0008553549786051787	0.000844521164309237	0.0008305041761442106	0.0008124166612948025	0.0007891515027631063	0.0007593517588416455	0.0007214066075984485	0.000673519384083303	0.0006139439423607515	0.0005415593184828154	0.00045698233712129077	0.00036414361075902727	0.0002712505725815087	0.0001888887620353064	0.00012489217167053465	0.0000806345962644643	0.000052341150691393106	0.000034619193054532574	0.000022831343697515034	0.000014078838222938642	7.5423540496266405e-6	3.5518726391453184e-6	1.661127494499277e-6	8.327899638973083e-7	3.955325141985392e-7	1.4661014581451587e-7	4.9834590283882924e-8	1.9309468031133058e-8	6.108637684239317e-9	1.5144773217218478e-9	4.508052329784411e-10	9.236551985033586e-11	1.943390155809595e-11	3.337896654044195e-12	5.033163871942327e-13	4.5166795681749215e-14	1.5152983265806458e-15	3.6194690277644886e-17	6.3208564484377005e-19	7.895802508716905e-21	1.4427807226285276e-36
0.0009181071779255476	0.0009181071775377503	0.0009181071770274781	0.0009181071763538917	0.0009181071754621692	0.0009181071742786678	0.0009181071727044063	0.0009181071706062879	0.0009181071678052812	0.0009181071640605044	0.000918107159047798	0.0009181071523308812	0.0009181071433225319	0.0009181071312323577	0.0009181071149965546	0.0009181070931834874	0.0009181070638668164	0.0009181070244550682	0.0009181069714627369	0.000918106900202969	0.000918106804375248	0.0009181066755126491	0.0009181065022411556	0.000918106269287276	0.0009181059561493036	0.0009181055353202627	0.0009181049699122972	0.0009181042104818298	0.0009181031907923002	0.0009181018221621014	0.0009180999859301887	0.0009180975234254032	0.0009180942226193129	0.0009180898003894677	0.0009180838789680757	0.0009180759547085729	0.0009180653567091203	0.0009180511920653764	0.0009180322735244609	0.0009180070240091918	0.0009179733507935128	0.0009179284799246117	0.0009178687386656097	0.0009177892700985622	0.0009176836593602919	0.0009175434450064891	0.0009173574813607254	0.000917111107988712	0.0009167850700920409	0.0009163541180108775	0.0009157851943456878	0.0009150350925101783	0.0009140474396585953	0.0009127488185745221	0.0009110437957616449	0.0009088085651636463	0.0009058828473611748	0.0009020596025194408	0.0008970720242052929	0.0008905771892825069	0.0008821356706324251	0.000871186433537059	0.0008570165735968027	0.0008387262408962048	0.0008151911846610933	0.0007850304436152705	0.0007465984640687512	0.0006980464661821593	0.0006375476583057772	0.0005638568949206832	0.00047741804390263583	0.0003819929984161261	0.00028580415866184784	0.0001998465012204109	0.00013262306137107045	0.00008595435804180805	0.00005607897384520906	0.00003736948478686737	0.000024915233612051532	0.000015594563897986292	8.488382387180374e-6	4.039033130770879e-6	1.9017488586450223e-6	9.66042084318744e-7	4.713556320036526e-7	1.7948038559830774e-7	6.144165934619116e-8	2.4257593565148794e-8	8.04095408138507e-9	2.015352659995439e-9	6.155780011621481e-10	1.3325081905900361e-10	2.8079779696683727e-11	5.213498257044366e-12	7.860950579104195e-13	7.973861508850021e-14	2.7095513515073796e-15	6.384082610385254e-17	1.1094382982042996e-18	1.3721820873485543e-20	2.484281258444781e-36
0.0009472805188021833	0.0009472805184102382	0.0009472805178945763	0.0009472805172139569	0.0009472805163130221	0.0009472805151174116	0.0009472805135271843	0.0009472805114079569	0.0009472805085789726	0.0009472805047970349	0.0009472804997348789	0.0009472804929520541	0.0009472804838557399	0.0009472804716480253	0.0009472804552550083	0.0009472804332314888	0.0009472804036329075	0.0009472803638433219	0.0009472803103443684	0.0009472802384050799	0.0009472801416657192	0.0009472800115798741	0.0009472798366668693	0.000947279601510148	0.0009472792854161471	0.0009472788606206635	0.0009472782898911253	0.0009472775233221615	0.0009472764940587459	0.0009472751125914104	0.0009472732591513317	0.0009472707735857105	0.0009472674418853065	0.0009472629782808037	0.000947257001469164	0.0009472490030845144	0.0009472383059282179	0.0009472240086988496	0.0009472049129517499	0.0009471794267014427	0.0009471454373742215	0.0009471001446091135	0.0009470398405527741	0.0009469596216188089	0.0009468530109607347	0.0009467114648603166	0.0009465237285006655	0.0009462749967550111	0.0009459458231141424	0.0009455107040598473	0.0009449362462319675	0.0009441787986700258	0.0009431814010552462	0.0009418698598693447	0.0009401477161808021	0.0009378898097733179	0.000934934073145395	0.0009310711050843877	0.0009260309790358766	0.0009194666446829926	0.0009109332046323718	0.0008998623486497812	0.0008855314402901058	0.0008670274904161122	0.0008432082479742816	0.0008126675418042258	0.000773723404774784	0.0007244724645347251	0.0006630034193297323	0.0005879405006854797	0.0004995433594993556	0.00040138670757711164	0.0003016882385203423	0.00021185957332816276	0.0001411278515728811	0.00009182208633463026	0.00006021406029691326	0.0000404259313417023	0.000027248641745419345	0.000017314187871197007	9.581997818912298e-6	4.609853134050344e-6	2.1846746999852186e-6	1.1235856666686504e-6	5.630612370552021e-7	2.206970431427651e-7	7.610584048472498e-8	3.0540426117395455e-8	1.0622540429610225e-8	2.698686025452664e-9	8.414323769888912e-10	1.9363190345681422e-10	4.06908651606874e-11	8.195620082833658e-12	1.2307774032205046e-12	1.4205029057031074e-13	4.923631460823873e-15	1.1611762617897963e-16	1.977474434718065e-18	2.4194222091079235e-20	4.3362730105120716e-36
0.0009785548211825124	0.0009785548207861899	0.0009785548202648415	0.0009785548195768048	0.0009785548186661574	0.0009785548174577846	0.0009785548158507346	0.0009785548137092707	0.0009785548108508207	0.000978554807029754	0.0009785548019155376	0.0009785547950633359	0.0009785547858744393	0.000978554773543029	0.0009785547569845818	0.0009785547347396317	0.0009785547048444577	0.0009785546646573834	0.0009785546106254907	0.0009785545379714206	0.0009785544402731603	0.0009785543089007088	0.000978554132261232	0.0009785538947877323	0.0009785535755849034	0.000978553146618065	0.0009785525702921771	0.0009785517962163045	0.0009785507568851324	0.0009785493619187487	0.0009785474903836009	0.0009785449805691073	0.0009785416163834784	0.000978537109274645	0.000978531074222931	0.000978522997901152	0.000978512196491178	0.0009784977598644646	0.0009784784778118264	0.0009784527426771592	0.0009784184210250477	0.0009783726847383397	0.0009783117890564347	0.0009782307813470544	0.0009781231196264628	0.0009779801737210853	0.0009777905741341496	0.000977539363712517	0.0009772068945344227	0.000976767396397109	0.0009761871230354957	0.0009754219567451506	0.0009744143202226905	0.0009730892047375773	0.000971349074652174	0.000969067348068456	0.0009660800805170641	0.0009621753924240621	0.0009570800831786731	0.0009504427726480652	0.0009418128261832351	0.0009306143056603224	0.0009161143759377204	0.0008973862870265756	0.0008732689511142251	0.0008423298424005241	0.0008028489701353776	0.0007528660065078015	0.0006903814540265117	0.0006138827112431093	0.0005234340356891823	0.0004224036492670615	0.0003189817301355851	0.0002249994632695904	0.00015046383217221613	0.00009828049308084123	0.00006477875803546714	0.00004381500928762824	0.000029855163478379815	0.00001925992738077505	0.00001084312047316182	5.277656143488953e-6	2.5168385320214865e-6	1.3093866356147848e-6	6.735302379211176e-7	2.722333039154381e-7	9.46123509845956e-8	3.848657325131725e-8	1.4050291419674205e-8	3.630378284328883e-9	1.1489654162916123e-9	2.823901621908099e-10	5.901814364872199e-11	1.2890830665008061e-11	1.9271018839722973e-12	2.530926837129773e-13	9.035794130491522e-15	2.1215384691005883e-16	3.5574850048299266e-18	4.302486665095213e-20	7.628571062938783e-36
0.0010120375713662737	0.0010120375709653415	0.0010120375704380082	0.0010120375697421674	0.0010120375688213049	0.0010120375675995138	0.0010120375659747822	0.001012037563809952	0.0010120375609205473	0.0010120375570583822	0.001012037551889496	0.0010120375449644517	0.0010120375356783623	0.0010120375232171128	0.0010120375064850387	0.0010120374840077093	0.0010120374538013046	0.0010120374131971548	0.0010120373586060983	0.001012037285202118	0.0010120371864978828	0.0010120370537757236	0.0010120368753251737	0.0010120366354214555	0.0010120363129576847	0.0010120358796155207	0.0010120352974197957	0.0010120345154703665	0.0010120334655799772	0.001012032056455921	0.00101203016594328	0.0010120276306979732	0.0010120242324445034	0.0010120196797129472	0.0010120135835866696	0.0010120054255366236	0.001011994514804466	0.001011979932007184	0.0010119604546019836	0.0010119344585047699	0.0010118997884111284	0.0010118535871089687	0.0010117920711522016	0.0010117102365024544	0.0010116014729082004	0.0010114570595911698	0.0010112655068789049	0.0010110116983183212	0.0010106757749547503	0.0010102316871872586	0.0010096453190551638	0.0010088720639517901	0.0010078536983659661	0.0010065143598432628	0.0010047553853171015	0.0010024487044390559	0.0009994284079297554	0.000995480022323701	0.0009903269210336035	0.000983613194299999	0.0009748822072670513	0.000963550047318735	0.0009488732224496254	0.0009299106129707939	0.0009054814776817349	0.0008741258233996006	0.0008340840786962545	0.0007833366862022379	0.0007197924064033116	0.0006417957589076496	0.0005492043804643718	0.0004451595453274528	0.00033779734562218336	0.0002393664519420735	0.00016071059784936932	0.00010538855013233642	0.00006981742816396591	0.000047572708953621244	0.000032766513975483794	0.00002146123240728305	0.000012298002049684315	6.060228013823764e-6	2.9075414277783828e-6	1.5287299991447623e-6	8.065707529965129e-7	3.367652841417472e-7	1.1805805600580598e-7	4.854786804930615e-8	1.859713743794811e-8	4.9081745529948085e-9	1.567851771429845e-9	4.1309032395062024e-10	8.579227145203511e-11	2.026176434459283e-11	3.0252400676912205e-12	4.502395684147558e-13	1.6786813751821607e-14	3.9100688430252857e-16	6.472579290394947e-18	7.731370603428696e-20	1.3550299718989883e-35
0.0010478612217372188	0.0010478612213314419	0.0010478612207978212	0.0010478612200937858	0.0010478612191622012	0.0010478612179263308	0.0010478612162830522	0.0010478612140937204	0.0010478612111718645	0.0010478612072666246	0.0010478612020404516	0.0010478611950390912	0.0010478611856511904	0.0010478611730539511	0.0010478611561400477	0.0010478611334193873	0.0010478611028871142	0.0010478610618463097	0.0010478610066698823	0.0010478609324808944	0.0010478608327236627	0.0010478606985887774	0.0010478605182426787	0.0010478602757954887	0.0010478599499189332	0.0010478595119978629	0.0010478589236593689	0.0010478581334705203	0.0010478570725305566	0.0010478556485917481	0.0010478537382213463	0.0010478511763662866	0.0010478477424665299	0.0010478431419996433	0.0010478369819723287	0.001047828738413984	0.0010478177133065123	0.001047802977586718	0.0010477832958113865	0.0010477570267142214	0.0010477219921188837	0.0010476753043856212	0.0010476131396130613	0.0010475304400082857	0.0010474205239376908	0.0010472745758916145	0.0010470809805578206	0.0010468244549534306	0.0010464849195321935	0.001046036032666484	0.0010454432920282402	0.0010446615801175557	0.0010436319982239173	0.001042277791981782	0.0010404991206263217	0.001038166359229102	0.0010351115467546108	0.0010311175015717165	0.0010259040209840476	0.0010191104683581077	0.0010102739493475282	0.0009988022356509456	0.000983940728302926	0.0009647333414521152	0.0009399788835499556	0.0009081888135425402	0.0008675624767493834	0.000816018904253457	0.0007513717145157708	0.0006718166762017102	0.0005769935258578175	0.0004697948854894006	0.0003582719402987766	0.0002550827185211875	0.00017196547201547957	0.00011321843359664204	0.00007538430302650135	0.000051742966392329286	0.00003602137583252116	0.00002395405282990966	0.000013979113669442563	6.980187357414745e-6	3.3687148166392464e-6	1.788344520579931e-6	9.670184718901243e-7	4.178256851755225e-7	1.4795069355437843e-7	6.133408876233448e-8	2.4634928730786942e-8	6.676910280247412e-9	2.1407272376285845e-9	6.063210871085637e-10	1.253260202365568e-10	3.18265226086905e-11	4.782507288962973e-12	7.996590143828564e-13	3.1740060570973466e-14	7.310313067666983e-16	1.1969733271274902e-17	1.4105178651175774e-19	2.4410873337409e-35
0.0010860763031470448	0.0010860763027361936	0.0010860763021959907	0.0010860763014833806	0.001086076300540581	0.0010860762992899898	0.001086076297627326	0.0010860762954123925	0.0010860762924566384	0.0010860762885064137	0.0010860762832204263	0.0010860762761393983	0.0010860762666452324	0.001086076253906076	0.0010860762368024419	0.0010860762138279055	0.0010860761829556763	0.0010860761414593796	0.001086076085672374	0.0010860760106646294	0.0010860759098091956	0.0010860757742010136	0.0010860755918781872	0.0010860753467787094	0.0010860750173434979	0.0010860745746479744	0.0010860739799045834	0.0010860731811249778	0.001086072108664604	0.0010860706692801903	0.0010860687382069842	0.0010860661486105244	0.00108606267754951	0.0010860580273198493	0.0010860518006792536	0.001086043467985738	0.001086032323655105	0.0010860174285359135	0.001085997533741294	0.0010859709801000433	0.001085935565603092	0.0010858883709064463	0.0010858255299587166	0.0010857419289639686	0.0010856308119257874	0.0010854832646544146	0.0010852875409708444	0.0010850281844485964	0.001084684885812358	0.0010842309993401797	0.0010836316204131638	0.0010828410996390374	0.0010817998354431095	0.001080430145124715	0.001078630962301084	0.0010762710444621665	0.0010731802960347626	0.0010691387185302267	0.0010638623904574648	0.0010569857610463133	0.0010480394306428898	0.0010364225323210756	0.0010213689350851375	0.0010019070252840466	0.000976814413692422	0.0009445730036522668	0.0009033396653028471	0.0008509700102903655	0.0007851793905589095	0.0007040093585638959	0.000606870896397255	0.0004963859808027923	0.0003804870660658321	0.00027222712123217485	0.00018429452052950936	0.00012182031678900134	0.00008151759917841202	0.00005635730587503301	0.0000396482860676337	0.000026766102262770007	0.0000159135365885054	8.058054213187887e-6	3.9114217737389215e-6	2.09438093015491e-6	1.1593356967032082e-6	5.189794600735942e-7	1.8592830362391487e-7	7.74883875797663e-8	3.2564151872340755e-8	9.114051712073816e-9	2.9177925101393406e-9	8.87929768457596e-10	1.8343191535909255e-10	4.958692563715146e-11	7.584192152973215e-12	1.4005074425504968e-12	6.043167116064262e-14	1.382895023672148e-15	2.2276329852151683e-17	2.5878291453951144e-19	4.4192706051029526e-35
0.0011268540627840974	0.0011268540623679381	0.0011268540618208534	0.0011268540610992826	0.0011268540601447686	0.0011268540588788077	0.0011268540571959117	0.0011268540549542673	0.0011268540519631567	0.001126854047966025	0.0011268540426176822	0.0011268540354536197	0.0011268540258487186	0.0011268540129616986	0.0011268539956604132	0.0011268539724214356	0.001126853941195142	0.0011268538992244954	0.001126853842801687	0.0011268537669414246	0.0011268536649425799	0.0011268535278005417	0.0011268533434198413	0.0011268530955593256	0.0011268527624197023	0.0011268523147543665	0.001126851713344243	0.001126850905622985	0.0011268498211720237	0.001126848365712116	0.0011268464130924623	0.0011268437946249695	0.0011268402848906127	0.0011268355828748485	0.0011268292869145763	0.0011268208614673074	0.0011268095930774017	0.0011267945320985089	0.0011267744156588614	0.001126747565962431	0.0011267117562105298	0.0011266640340839315	0.0011266004896942805	0.0011265159510051664	0.0011264035846921753	0.0011262543739585487	0.0011260564365624503	0.0011257941357637278	0.0011254469234814875	0.0011249878379184885	0.0011243815563621083	0.0011235818767016095	0.0011225284670760673	0.0011211426803656875	0.0011193221771311765	0.0011169340349598783	0.0011138059419315439	0.0011097149753658017	0.0011043733542449997	0.001097410429206323	0.0010883500535586565	0.0010765824047977114	0.0010613294038499465	0.0010416033615825804	0.001016159965853602	0.0009834505931962205	0.0009415883085184733	0.0008883634015643132	0.0008213900041857286	0.0007385502068296633	0.0006390154066891866	0.0005251137230552549	0.00040462022978928944	0.00029096027532722916	0.00019782723192745337	0.00013129066775567587	0.00008828974498471067	0.00006147434310035236	0.00004369890051777195	0.00002994561688449874	0.00001814608050257556	9.327089392149337e-6	4.553641999360305e-6	2.4568142553669144e-6	1.3906297683918155e-6	6.457926730752107e-7	2.346258379858792e-7	9.803911415911408e-8	4.300944318816806e-8	1.2513772183687481e-8	3.981382398436619e-9	1.3000422303028041e-9	2.703513187109564e-10	7.688755801453547e-11	1.2158359504345979e-11	2.430406699005319e-12	1.1719701351226883e-13	2.6601107152096157e-15	4.27675417250789e-17	4.82580655497327e-19	8.121903076560225e-35
0.0011702538482985443	0.0011702538478768492	0.0011702538473225919	0.0011702538465916867	0.0011702538456249759	0.001170253844343019	0.001170253842639075	0.0011702538403696523	0.0011702538373417845	0.0011702538332959013	0.0011702538278827671	0.0011702538206324457	0.0011702538109125318	0.0011702537978719632	0.001170253780365458	0.00117025375685195	0.001170253725258126	0.0011702536827951386	0.0011702536257124727	0.001170253548967507	0.0011702534457821673	0.0011702533070485747	0.0011702531205327082	0.001170252869807593	0.0011702525328247835	0.001170252080003669	0.0011702514716776084	0.0011702506546807834	0.0011702495577918773	0.0011702480856572441	0.0011702461106886729	0.0011702434622757926	0.001170239912430197	0.0011702351567045325	0.0011702287888516797	0.001170220267211045	0.0011702088701656126	0.0011701936371880722	0.0011701732909080334	0.0011701461342215134	0.0011701099146324248	0.0011700616456408745	0.001169997371922189	0.0011699118610785954	0.0011697981996479135	0.0011696472645072217	0.00116944703243195	0.001169181679866327	0.0011688304113380288	0.0011683659376462798	0.0011677525030508776	0.0011669433330547612	0.0011658773396241765	0.0011644748771875116	0.0011626322885374184	0.0011602149126703131	0.0011570481443414396	0.0011529060358021416	0.00114749681439695	0.00114044455925951	0.001131266150447055	0.0011193425139652189	0.0011038832353206735	0.0010838840420091614	0.0010580780301991523	0.001024885160643467	0.0009823734873785842	0.0009282662710440505	0.0008600737820469496	0.0007755138851828464	0.0006735081624577249	0.000556067724680717	0.0004307687770719682	0.0003113787472187294	0.00021264624349945891	0.0001416927241776124	0.00009574881494789437	0.00006713362409366201	0.000048209023685070105	0.00003352751761192778	0.000020711975280149845	0.000010816281823285289	5.31158837033539e-6	2.8844738141945666e-6	1.6671947975162875e-6	8.036292690588341e-7	2.968630902827736e-7	1.2405556009826072e-7	5.661785563868552e-8	1.7230865455062353e-8	5.428348073036856e-9	1.892999136196234e-9	4.0009234493404317e-10	1.179700216306323e-10	1.962008382813784e-11	4.139579756401746e-12	2.2887612229884743e-13	5.150808226492955e-15	8.208680803772281e-17	9.05934464809974e-19	1.5014067002087906e-34
0.001216433113989816	0.0012164331135623573	0.0012164331130006365	0.0012164331122600238	0.0012164331112806354	0.00121643310998206	0.0012164331082562582	0.001216433105958	0.0012164331028919895	0.0012164330987955324	0.001216433093315204	0.0012164330859754462	0.0012164330761363087	0.0012164330629365996	0.0012164330452174366	0.0012164330214194893	0.0012164329894449176	0.001216432946471942	0.0012164328887058324	0.0012164328110446194	0.001216432706630574	0.0012164325662489181	0.001216432377522209	0.0012164321238311237	0.0012164317828693236	0.0012164313247104836	0.0012164307092247173	0.0012164298826257561	0.0012164287728614687	0.0012164272834662663	0.0012164252853643668	0.0012164226059560915	0.0012164190145941734	0.0012164142032790167	0.0012164077610202135	0.0012163991398267506	0.0012163876096374126	0.0012163721986674393	0.0012163516145469538	0.0012163241401981371	0.0012162874965429404	0.0012162386617266092	0.0012161736334305208	0.0012160871168312934	0.0012159721155949252	0.0012158193966548688	0.0012156167910211343	0.0012153482820043058	0.0012149928184024307	0.0012145227726164118	0.001213901941393735	0.0012130829587850493	0.0012120039555137405	0.001210584254618544	0.0012087188378913768	0.0012062712490448215	0.0012030645152396307	0.0011988695664384643	0.0011933905112197355	0.0011862459911101293	0.0011769456960560515	0.0011648610176509147	0.001149188836968732	0.0011289078165804122	0.001102727831081109	0.0010690365959647142	0.0010258560432322523	0.0009708408515089106	0.0009013950399455547	0.0008150678570971546	0.0007105211967860062	0.0005894254616819128	0.00045911227647444253	0.0003336510994889576	0.00022889142201939358	0.00015313199684967844	0.00010397422309898764	0.00007339960618026295	0.00005323591100232899	0.00003756608975566995	0.000023663891697701172	0.000012568463213549634	6.209421008210078e-6	3.390487530693251e-6	1.9982576968822596e-6	1.000218085104297e-6	3.768854568561883e-7	1.5714327350447493e-7	7.433386417845438e-8	2.381756391576522e-8	7.4105208970919684e-9	2.743034406273697e-9	5.965269096651915e-10	1.7954233626131345e-10	3.2018985005490727e-11	6.945748924269266e-12	4.531995044301888e-13	1.0153129752053475e-14	1.5930330308948395e-16	1.7242495752980945e-18	2.8104295253041723e-34
0.0012654864390317436	0.0012654864385982987	0.0012654864380288312	0.0012654864372781485	0.0012654864362856163	0.0012654864349698203	0.0012654864332213793	0.001265486430893267	0.0012654864277877806	0.0012654864236389999	0.001265486418089173	0.0012654864106569357	0.001265486400694546	0.0012654863873303524	0.0012654863693914292	0.0012654863452995887	0.0012654863129316688	0.0012654862694318884	0.0012654862109598736	0.001265486132352388	0.0012654860266694756	0.0012654858845860119	0.0012654856935765092	0.0012654854368231037	0.0012654850917532695	0.0012654846280838593	0.0012654840052068678	0.0012654831686956774	0.0012654820456407272	0.001265480538428892	0.001265478516449267	0.0012654758050493348	0.001265472170838175	0.001265467302150792	0.0012654607831026287	0.001265452059171192	0.0012654403915832923	0.0012654247969403703	0.0012654039673991122	0.0012653761652780034	0.0012653390840805454	0.0012652896654871588	0.001265223858713386	0.0012651363045604296	0.0012650199212415726	0.0012648653623327452	0.0012646603085676442	0.001264388544167969	0.0012640287543472406	0.0012635529627570163	0.0012629245050062724	0.001262095405771047	0.0012610029909869355	0.0012595655213953922	0.001257676577263388	0.001255197853938018	0.0012519499415260546	0.001247700556926023	0.001242149571425992	0.0012349100343957108	0.0012254842443908053	0.0012132337967703587	0.001197342528072343	0.0011767715945593463	0.001150207076432404	0.0011160036979188154	0.0010721362844879135	0.0010161895798535537	0.0009454592859918568	0.0008573221604604521	0.0007501712381378549	0.000625312813710023	0.000489785448451761	0.00035791118068712307	0.00024667834442281146	0.00016569718894310752	0.00011303306445562779	0.00008032707212934123	0.00005882882945287664	0.00004210903414731123	0.000027050249939785225	0.000014626260321243628	7.272128453461834e-6	3.988227237559718e-6	2.393112764632938e-6	1.243682537569789e-6	4.796644161953655e-7	1.9915892283371875e-7	9.721795148465154e-8	3.29755405073408e-8	1.012365159652521e-8	3.944511405200351e-9	8.947064653633701e-10	2.7056858705056474e-10	5.266675709613914e-11	1.1453079114208326e-11	9.02717649583907e-13	2.0211072502351347e-14	3.121459279521028e-16	3.3100859625921648e-18	5.300795769198221e-34
0.0013175655178563799	0.0013175655174167279	0.0013175655168392337	0.001317565516078124	0.0013175655150719902	0.0013175655137383834	0.001317565511966539	0.001317565509607579	0.0013175655064613194	0.0013175655022585149	0.001317565496636954	0.0013175654891092892	0.00131756547901975	0.0013175654654859082	0.0013175654473203695	0.0013175654229255188	0.0013175653901521085	0.0013175653461093332	0.0013175652869098007	0.0013175652073271682	0.0013175651003367868	0.0013175649564998806	0.0013175647631384873	0.0013175645032302663	0.0013175641539285572	0.0013175636845827521	0.0013175630540924795	0.001317562207371719	0.0013175610706279994	0.0013175595450665874	0.0013175574984959507	0.0013175547541499429	0.0013175510758128824	0.0013175461480461525	0.0013175395499268113	0.0013175307202086995	0.0013175189111507848	0.0013175031274002998	0.0013174820451879086	0.0013174539056271374	0.0013174163740048606	0.001317366354477933	0.0013172997463929287	0.001317211124317583	0.0013170933185543343	0.0013169368660721759	0.0013167292930374797	0.0013164541789219934	0.0013160899378929058	0.0013156082350278043	0.0013149719318738277	0.0013141324267540951	0.0013130262185254793	0.0013115704764132053	0.0013096573408889053	0.0013071466088741732	0.0013038563680254852	0.0012995510368325855	0.0012939261381056625	0.0012865889844049091	0.0012770342950521592	0.0012646136257434104	0.0012484974537982927	0.0012276290235769245	0.0012006700995251442	0.0011659417451745993	0.0011213708132092937	0.0010644709492060162	0.0009924277831116935	0.0009024422030099887	0.0007926298744739958	0.0006639097520546565	0.0005229755650511299	0.00038434149762174824	0.00026616332549613144	0.00017950784940954167	0.00012301538976267653	0.00008798910563638922	0.0000650529981709629	0.00004721879968329541	0.00003093354874689621	0.000017045404845308153	8.533113118395294e-6	4.6954830147571295e-6	2.8639627433380725e-6	1.544614597118954e-6	6.121256910220498e-7	2.527008737817346e-7	1.2670530637565156e-7	4.57161950171141e-8	1.3861475259679437e-8	5.631053808950824e-9	1.3520719158116729e-9	4.046802921322906e-10	8.737384405176469e-11	1.863778127593478e-11	1.8117506668158938e-12	4.087706703710915e-14	6.214907485901987e-16	6.438860349276572e-18	1.0117055458572671e-33
0.0013727806839358796	0.0013727806834898059	0.0013727806829040134	0.0013727806821321315	0.0013727806811119545	0.0013727806797599695	0.0013727806779639893	0.0013727806755732307	0.0013727806723849599	0.0013727806681265123	0.0013727806624310918	0.0013727806548052023	0.0013727806445848212	0.0013727806308764447	0.0013727806124778114	0.0013727805877713443	0.0013727805545809928	0.0013727805099799657	0.0013727804500325651	0.0013727803694476156	0.0013727802611134636	0.0013727801154745831	0.0013727799196963848	0.0013727796565464884	0.001372779302896655	0.001372778827718849	0.0013727781894069917	0.0013727773321978178	0.001372776181392096	0.0013727746369815949	0.0013727725651515787	0.0013727697869654095	0.0013727660633067913	0.0013727610748623105	0.0013727543955358327	0.0013727454571779594	0.0013727335028408379	0.001372717524899655	0.0013726961832366622	0.0013726676971994522	0.0013726297031139956	0.001372579066626813	0.0013725116359084503	0.0013724219175632723	0.001372302651695563	0.0013721442556462414	0.001371934097027197	0.0013716555453042259	0.001371286736676533	0.0013707989685424508	0.0013701546164226687	0.001369304436580948	0.001368184080210949	0.001366709598060631	0.001364771655553328	0.0013622281051426548	0.0013588944719831765	0.0013545317979719498	0.0013488311558030371	0.0013413939893709298	0.0013317072681254063	0.0013191122879558739	0.0013027658840769375	0.0012815930272700015	0.0012542307069546492	0.001218965746675843	0.0011736762960037974	0.0011158039531494765	0.001042422871345786	0.0009505552711354527	0.0008380318334786583	0.000705361770244391	0.0005588402487521173	0.0004131027557791873	0.00028748882859615157	0.00019467456700546898	0.00013400467709022784	0.00009645355787971154	0.00007196935710349955	0.00005295443127420625	0.00003537449511588842	0.000019883787887747187	0.000010028767533560244	5.531411943033735e-6	3.4237161714899398e-6	1.914406943571626e-6	7.825745499331247e-7	3.209136920479598e-7	1.644579793490958e-7	6.331327101089101e-8	1.9019725864135716e-8	7.969917733484953e-9	2.0540168283435767e-9	6.00711048791744e-10	1.4535088532798637e-10	2.9960447810707006e-11	3.628340143355184e-12	8.361704683770846e-14	1.2499564581056455e-15	1.2639729194123032e-17	1.9463839618323044e-33
0.0014312970453706924	0.0014312970449179856	0.0014312970443236283	0.0014312970435406364	0.001431297042505986	0.0014312970411350717	0.0014312970393142456	0.0014312970368907708	0.0014312970336592958	0.0014312970293436488	0.0014312970235723318	0.0014312970158455406	0.0014312970054907905	0.0014312969916032208	0.0014312969729653245	0.0014312969479390572	0.0014312969143208884	0.0014312968691471341	0.0014312968084325753	0.0014312967268195744	0.001431296617107293	0.0014312964696205337	0.0014312962713641652	0.0014312960048905254	0.001431295646782781	0.0014312951656260831	0.0014312945192960797	0.0014312936513354634	0.001431292486115795	0.0014312909223853363	0.001431288824666097	0.0014312860117974727	0.0014312822416912402	0.001431277191064104	0.001431270428520087	0.001431261378837908	0.001431249275638556	0.0014312330987269377	0.0014312114912407021	0.001431182650235706	0.0014311441823796458	0.0014310929138847297	0.0014310246405223165	0.0014309337993158584	0.0014308130380339165	0.0014306526515686557	0.0014304398452580221	0.0014301577736631997	0.0014297842885710027	0.0014292903112321687	0.0014286377200268352	0.0014277766145935826	0.0014266417793878932	0.0014251481217514457	0.001423184799509739	0.0014206076782261605	0.001417229665344463	0.0014128083544659898	0.0014070302752283053	0.0013994908827170156	0.001389669241694725	0.0013768961896216583	0.001360314666260817	0.0013388310483872005	0.0013110571498303346	0.0012752450610270638	0.001229223629597182	0.0011703616666081827	0.0010956207902019025	0.0010018423345886005	0.0008865652784739601	0.0007498675100876017	0.0005975897199284826	0.0004444060354117873	0.0003108411088387687	0.00021134174984812354	0.0001461096022491031	0.00010580832208037696	0.0000796563727877793	0.000059391313396056666	0.000040449595987956915	0.000023215228410686226	0.000011806968034937246	6.52115519537727e-6	4.089061269729601e-6	2.367601993859053e-6	1.0023263185589855e-6	4.081876908622888e-7	2.1270610629172247e-7	8.752778331014211e-8	2.6196685980724225e-8	1.1196202525380422e-8	3.136965787971051e-9	8.876958451919554e-10	2.418271674696873e-10	4.784466122966121e-11	7.231046718068127e-12	1.7392232626425503e-13	2.547456680382997e-15	2.5359527904975066e-17	3.791780289268603e-33
0.0014932284965678824	0.001493228496108338	0.0014932284955051598	0.001493228494710734	0.0014932284936611995	0.0014932284922708316	0.0014932284904244871	0.0014932284879674287	0.0014932284846916263	0.001493228480317319	0.0014932284744681968	0.0014932284666380033	0.0014932284561455962	0.001493228442074498	0.0014932284231916084	0.001493228397837951	0.001493228363781892	0.001493228318022021	0.0014932282565224785	0.0014932281738576703	0.0014932280627355692	0.001493227913358624	0.0014932277125675687	0.0014932274426946478	0.0014932270800279998	0.0014932265927573535	0.0014932259382285649	0.0014932250592748879	0.0014932238793181113	0.0014932222958355037	0.0014932201716491508	0.001493217323325537	0.0014932135057392677	0.0014932083915502035	0.001493201543946747	0.0014931923804816334	0.0014931801251398056	0.0014931637448836498	0.0014931418657447727	0.0014931126620078442	0.0014930737100468745	0.0014930217957983957	0.0014929526615218391	0.001492860673188975	0.0014927383842913376	0.0014925759647123782	0.00149236045414467	0.0014920747878093118	0.001491696527252767	0.0014911962099306514	0.0014905352070602885	0.001489662948536554	0.0014885133349408332	0.001487000107841985	0.0014850108883383577	0.001482399517219838	0.0014789762350652406	0.0014744951235232276	0.001468638086977532	0.001460994485912243	0.0014510353448235328	0.0014380808700201325	0.0014212598876404499	0.0013994599083411918	0.0013712672373433893	0.0013348988359168854	0.0012881337956363907	0.0012282676268140032	0.001152148726782309	0.0010564359674052138	0.0009383710159408865	0.0007975803699256091	0.0006393938298899454	0.00047843121102512096	0.00033638578636559344	0.00022964025503336411	0.000159428811707968	0.00011613315414520019	0.00008818562370318468	0.00006659895459926476	0.0000462310169197507	0.000027114213797806663	0.000013919277548598282	7.691588297968645e-6	4.8774049106226475e-6	2.9194220652270263e-6	1.2845700230630815e-6	5.19851645664999e-7	2.740098019284516e-7	1.2046291910498193e-7	3.6206411611566995e-8	1.5602239119332678e-8	4.794871828365154e-9	1.3065498727672906e-9	3.989605226714546e-10	7.604976358386978e-11	1.4139797211722398e-11	3.6579405806280046e-13	5.250954295399691e-15	5.1185163612116144e-17	7.444810982567692e-33
0.001558763315680351	0.0015587633152137684	0.001558763314601518	0.0015587633137953436	0.0015587633127305265	0.001558763311320199	0.0015587633094476896	0.0015587633069562173	0.0015587633036350157	0.0015587632992006585	0.0015587632932719225	0.0015587632853359624	0.001558763274702798	0.0015587632604440928	0.0015587632413108315	0.0015587632156226726	0.0015587631811193022	0.0015587631347608085	0.0015587630724596578	0.0015587629887209116	0.0015587628761594998	0.0015587627248530359	0.0015587625214747956	0.0015587622481324805	0.0015587618808132512	0.0015587613873034637	0.0015587607244085405	0.0015587598342380804	0.0015587586392451216	0.0015587570356105816	0.0015587548844228024	0.001558751999930244	0.0015587481339102223	0.0015587429548856696	0.001558736020522804	0.0015587267410066025	0.0015587143304975999	0.0015586977428655214	0.0015586755867040495	0.0015586460130867653	0.001558606567511453	0.001558553994868313	0.0015584839828862935	0.0015583908251409818	0.0015582669790743507	0.0015581024872258495	0.001557884220571391	0.0015575948909572635	0.0015572117643962297	0.0015567049876139614	0.001556035415594175	0.00155515179664345	0.0015539871320183057	0.001552453977411756	0.0015504383910765428	0.0015477921551744986	0.0015443227996377606	0.0015397808376997255	0.0015338434759262667	0.001526093887335937	0.0015159949380156035	0.0015028560540334625	0.001485791762041868	0.001463670479232905	0.0014350527325607378	0.0013981200501454974	0.0013506014527246764	0.0012897188571602508	0.0012122071225868253	0.001114541722485257	0.0009936625046826797	0.0008487259829141298	0.0006844938937199121	0.0005154269761299809	0.0003643491908090707	0.00024974835717227493	0.0001740963028039221	0.0001275358328679924	0.00009765315962755294	0.0000746696820547598	0.00005281280770897806	0.00003167732949894763	0.00001643485998216539	9.078896136843756e-6	5.811826405845135e-6	3.5896677074364913e-6	1.647177973837333e-6	6.635165736468738e-7	3.518786578103722e-7	1.649613998190892e-7	5.030562757801555e-8	2.160806887385122e-8	7.324076739092402e-9	1.922917997413421e-9	6.506812704689601e-10	1.2117441681669555e-10	2.7006828086035085e-11	7.834621955322013e-13	1.1008550520493881e-14	1.0571544317454628e-16	1.482005263609721e-32
0.0016280186420340945	0.0016280186415602814	0.0016280186409387198	0.0016280186401204978	0.0016280186390400222	0.0016280186376092594	0.0016280186357099805	0.0016280186331833213	0.001628018629815727	0.001628018625320037	0.001628018619310023	0.001628018611266129	0.0016280186004893743	0.0016280185860393463	0.0016280185666508245	0.0016280185406217164	0.0016280185056625094	0.0016280184586940992	0.0016280183955763505	0.0016280183107437423	0.0016280181967165046	0.0016280180434452003	0.0016280178374326805	0.001628017560558135	0.0016280171885024433	0.0016280166886415027	0.001628016017230826	0.0016280151156436973	0.0016280139053475205	0.0016280122812043043	0.0016280101025385864	0.001628007181240724	0.0016280032659373583	0.0016279980209434315	0.0016279909983084723	0.0016279816007240594	0.0016279690323594996	0.001627952233770539	0.0016279297958195036	0.001627899845980344	0.0016278598983605849	0.0016278066561248412	0.0016277357515747718	0.0016276414047077326	0.0016275159753593475	0.0016273493766780854	0.0016271283082349647	0.001626835254975891	0.001626447182764369	0.0016259338415628884	0.001625255562247651	0.001624360401278354	0.001623180447256055	0.0016216270526999317	0.0016195846906265046	0.0016169030556651125	0.0016133869298963763	0.0016087832104231098	0.0016027643450625558	0.0015949072420164143	0.0015846665115330743	0.0015713406781563554	0.00155402982073043	0.001531583086857322	0.0015025350265323912	0.001465031531668269	0.0014167513860113975	0.001354842850713206	0.0012759273110739518	0.0011762965876763955	0.001052585485304135	0.000903464134506057	0.0007330703850445032	0.000555592263117496	0.00039492282708142534	0.0002718208608457904	0.00019022864531032942	0.00014010988970915064	0.00010814270171063834	0.00008368484590501375	0.00006027957772752576	0.00003699752378546988	0.00001942636672119674	0.00001072112797656748	6.9158188751819316e-6	4.398374588341935e-6	2.1100084127259646e-6	8.483901523566486e-7	4.502939160864695e-7	2.2422985917191164e-7	7.020001897162122e-8	2.9735152799129207e-8	1.111224150052825e-8	2.8320327487566738e-9	1.0417831186945656e-9	1.9397423295536144e-10	4.9778343490151954e-11	1.6959900356222987e-12	2.3325359379436642e-14	2.1843096874312345e-16	2.974217854329124e-32
0.001701200074132371	0.0017012000736511392	0.0017012000730200337	0.0017012000721894748	0.001701200071092979	0.0017012000696413263	0.0017012000677147027	0.0017012000651521247	0.0017012000617372027	0.0017012000571789778	0.001701200051086134	0.0017012000429322935	0.001701200032009327	0.00170120001736455	0.0017011999977162746	0.001701199971340308	0.0017011999359174727	0.001701199888328847	0.0017011998243808596	0.0017011997384362926	0.0017011996229191859	0.0017011994676510607	0.0017011992589616803	0.0017011989784981591	0.0017011986016303385	0.001701198095317305	0.0017011974152561704	0.0017011965020725674	0.0017011952762331565	0.0017011936312608662	0.0017011914246895586	0.001701188466015696	0.0017011845006675934	0.0017011791886888353	0.0017011720764280472	0.001701162558971548	0.001701149830349047	0.0017011328176056281	0.0017011100936118499	0.0017010797618974972	0.0017010393047247221	0.0017009853829318977	0.0017009135726017337	0.001700818019111457	0.0017006909833203467	0.001700522247188407	0.001700298336525988	0.0017000015062967853	0.0016996084181903983	0.0016990884201598363	0.0016984013121496735	0.0016974944499157923	0.0016962989979310468	0.0016947250907212448	0.0016926555969848092	0.001689938099321192	0.0016863746006298417	0.0016817083420121895	0.0016756069620917223	0.001667641040940784	0.001657256854402857	0.0016437419296720904	0.0016261817841107674	0.0016034061672631288	0.0015739235202860936	0.0015358439919829871	0.001486796106680941	0.001423854633945919	0.0013435279292591438	0.001241924588290585	0.0011153724299907627	0.000962040961460901	0.0007853894890919985	0.00059920953420384	0.00042837367335010805	0.000296072614592235	0.00020798725014515096	0.00015398423403391467	0.00011976881967389394	0.00009375462194843787	0.00006874355375273806	0.00004319554209146135	0.000022991428232940188	0.00001267004303201386	8.220855781826269e-6	5.371853231181622e-6	2.699359369631192e-6	1.0877326011689032e-6	5.747762879348301e-7	3.0253005795301767e-7	9.85152941658597e-8	4.074615909650522e-8	1.6711276783453766e-8	4.19236898071603e-9	1.6373641957035463e-9	3.142930757427018e-10	8.856531702760363e-11	3.736262040279747e-12	5.035905650650945e-14	4.566358480798744e-16	6.056416973112238e-32
0.001778446948066244	0.0017784469475774132	0.001778446946936543	0.001778446946093374	0.0017784469449805187	0.001778446943507552	0.001778446941553051	0.0017784469389538814	0.001778446935490776	0.0017784469308689238	0.0017784469246918467	0.0017784469164262486	0.001778446905354724	0.0017784468905121449	0.0017784468706001286	0.001778446843872079	0.0017784468079787492	0.0017784467597608611	0.0017784466949706866	0.0017784466078983468	0.0017784464908704078	0.0017784463335776342	0.0017784461221744088	0.0017784458380727065	0.0017784454563272395	0.0017784449434748316	0.001778444254646909	0.0017784433297117306	0.0017784420881222743	0.0017784404220451218	0.0017784381872004793	0.0017784351906603418	0.0017784311746140192	0.0017784257947797155	0.0017784185917334213	0.001778408952861027	0.0017783960619266249	0.001778378832297734	0.0017783558186324792	0.0017783251002251384	0.001778284127108171	0.0017782295172874495	0.0017781567899611027	0.001778060015011449	0.0017779313531753166	0.0017777604537230094	0.0017775336667437461	0.0017772330146624952	0.0017768348516683052	0.0017763081193864429	0.0017756120812370804	0.0017746933850500647	0.0017734822618699143	0.001771887616295018	0.0017697906974479705	0.0017670369564772533	0.0017634255925156326	0.0017586961597421793	0.0017525114490414995	0.001744435664879816	0.001733906691268377	0.0017202009904929436	0.0017023894428166027	0.001679282322962265	0.00164936190259248	0.0016107025809209304	0.0015608827472127819	0.0014969040698783718	0.001415162695501257	0.0013115851153639557	0.001182191612113231	0.0010246395611031257	0.0008416582644650471	0.0006465125175736427	0.0004649357186957221	0.0003226974450173195	0.0002275179914003837	0.00016927476438882377	0.00013263465367030166	0.00010497892203729948	0.0000783077932740852	0.00005038775769314937	0.000027233916355190375	0.000014981643909809092	9.759763848431475e-6	6.537127142691081e-6	3.443741369809908e-6	1.3979445064392208e-6	7.317594463032755e-7	4.0462873169966604e-7	1.3880895359184378e-7	5.562190598106396e-8	2.4797140993381535e-8	6.246205178976644e-9	2.5216622761660087e-9	5.163015748934542e-10	1.5179739187196433e-10	8.30971147430848e-12	1.1018151629537599e-13	9.702847784148347e-16	1.245784268160415e-31
0.0018599506513674493	0.001859950650870846	0.0018599506502199985	0.0018599506493639588	0.0018599506482344234	0.0018599506467397448	0.00185995064475687	0.0018599506421204863	0.0018599506386084126	0.0018599506339219375	0.0018599506276593574	0.0018599506192803746	0.0018599506080581951	0.0018599505930151012	0.0018599505728358204	0.001859950545751093	0.001859950509381258	0.0018599504605262191	0.0018599503948834766	0.0018599503066696707	0.0018599501881128011	0.0018599500287714197	0.0018599498146225845	0.0018599495268405326	0.0018599491401613843	0.0018599486206950923	0.001859947923001244	0.0018599469861825195	0.0018599457286673103	0.0018599440412513193	0.0018599417778217696	0.0018599387430005261	0.0018599346757037667	0.0018599292272790946	0.0018599219324698672	0.0018599121708821197	0.0018598991159092953	0.0018598816671025445	0.0018598583607244144	0.0018598272515923564	0.001859785757191615	0.0018597304522784553	0.0018596567986192785	0.0018595587898853634	0.0018594284857555577	0.0018592554015907344	0.0018590257101718981	0.0018587211993258146	0.0018583179130762504	0.0018577843832814748	0.0018570793324146568	0.0018561486947098172	0.0018549217605488767	0.0018533061954148476	0.001851181617239813	0.0018483913311457844	0.001844731714353594	0.0018399386117665957	0.0018336699393899714	0.0018254834938118507	0.0018148087300936585	0.0018009110053228592	0.0017828465238028497	0.0017594060587246367	0.0017290457208070742	0.0016898042510903465	0.0016392101718025272	0.001574192663431387	0.0014910368583862948	0.0013854889570650015	0.0012532625670158227	0.0010914942675610349	0.0009021355760223788	0.0006977885490701544	0.0005048963767894318	0.00035193461943834457	0.00024900088172038755	0.00018612385486224895	0.00014686629658923817	0.00011747924890479843	0.00008909620211991724	0.00005871224479612596	0.000032283337072959336	0.000017727515167205083	0.00001157361597857474	7.927366496146278e-6	4.3778876298665655e-6	1.8015644205451014e-6	9.29798681073548e-7	5.36544004016035e-7	1.9620186653916563e-7	7.576984022402482e-8	3.6255752275548405e-8	9.39483526454717e-9	3.813775252373356e-9	8.62136964304713e-10	2.519801516137168e-10	1.864473945399747e-11	2.452708454106642e-13	2.088931021699581e-15	2.5967043719948088e-31
0.0019459227702221078	0.0019459227697175632	0.0019459227690565347	0.0019459227681873764	0.0019459227670408574	0.0019459227655240945	0.0019459227635123856	0.0019459227608382157	0.0019459227572764584	0.0019459227525244606	0.0019459227461752406	0.0019459227376814273	0.001945922726306746	0.0019459227110607653	0.0019459226906111602	0.0019459226631657915	0.0019459226263142972	0.0019459225768153814	0.0019459225103112645	0.0019459224209444296	0.0019459223008434106	0.001945922139433351	0.0019459219225123907	0.001945921631014901	0.0019459212393555792	0.0019459207132137462	0.0019459200065721405	0.0019459190577611834	0.0019459177841758294	0.0019459160752291216	0.001945913782959653	0.0019459107095184357	0.0019459065905209918	0.0019459010729079558	0.0019458936855418767	0.0019458838001853425	0.0019458705797772604	0.0019458529099418522	0.0019458293084006564	0.0019457978053033633	0.0019457557853376705	0.001945699779682764	0.0019456251922455685	0.0019455259399296125	0.0019453939806316353	0.001945218694865763	0.0019449860768928659	0.001944677678382161	0.0019442692311907599	0.00194372885485431	0.0019430147276486387	0.0019420720661042022	0.0019408292147756253	0.001939192593588975	0.0019370401813293677	0.0019342131273725775	0.0019305049753332566	0.0019256478470636546	0.0019192947679666273	0.001910997109698278	0.0019001758815673966	0.0018860853224021792	0.0018677669583866915	0.0018439920843673285	0.0018131907273540961	0.0017733661585759594	0.001721997443026441	0.0016559421056834018	0.0015713758280258348	0.0014638670248939137	0.0013288249351278364	0.001162859744435252	0.0009671020535364917	0.0007533514359625443	0.000548575514758149	0.0003840544006041719	0.00027263947955334883	0.00020469164448912294	0.00016260508227862203	0.00013139158442121855	0.00010124686381732274	0.00006832259409663963	0.00003829332029222018	0.000020995571748690366	0.000013711516656879476	9.58142529534241e-6	5.5421493589471145e-6	2.3286707210193304e-6	1.1800079498518907e-6	7.056659560927856e-7	2.777345036723658e-7	1.0319710866303042e-7	5.2221991298591095e-8	1.429572784047523e-8	5.681304898654669e-9	1.4609103534137001e-9	4.0783199498394336e-10	4.193604509460323e-11	5.569594235307404e-13	4.580828352347357e-15	5.691482301542188e-31
0.0020364668105648776	0.002036466810052234	0.0020364668093808347	0.0020364668084983297	0.0020364668073345506	0.0020364668057953673	0.0020364668037544135	0.0020364668010419535	0.0020364667974298897	0.002036466792611596	0.002036466786174769	0.002036466777564911	0.0020364667660361935	0.002036466750585377	0.0020364667298629594	0.0020364667020537582	0.0020364666647164935	0.0020364666145683812	0.002036466547195981	0.0020364664566671123	0.002036466335010172	0.0020364661715160065	0.0020364659518026552	0.0020364656565630508	0.002036465259888377	0.0020364647270245603	0.002036464011373816	0.002036463050489418	0.0020364617607264296	0.002036460030106672	0.002036457708808756	0.0020364545964978845	0.0020364504254690953	0.002036444838229982	0.0020364373577278602	0.0020364273478366566	0.0020364139609813535	0.002036396068781362	0.002036372170315408	0.0020363402709325682	0.002036297722350024	0.0020362410119453187	0.0020361654854754697	0.0020360649827011377	0.0020359313592554044	0.002035753860188574	0.0020355183004568582	0.002035205994577347	0.002034792360989781	0.002034245105344194	0.0020335218597854225	0.0020325671207721066	0.0020313082841737704	0.0020296505209669137	0.0020274701668644007	0.002024606211105674	0.0020208493590510358	0.002015928005046637	0.002009490280481104	0.0020010811313310897	0.0019901131259448097	0.0019758294004782835	0.001957256838972642	0.0019331473321071682	0.0019019049694544523	0.0018614978355419379	0.0018093560823236603	0.00174226661336231	0.0016562975561674085	0.0015468426836285196	0.0014090105955562335	0.001238882872442063	0.0010367326729493745	0.0008134195741249497	0.0005962202039645661	0.0004192774328701586	0.00029860086758817783	0.00022510805942522037	0.0001799654511511801	0.000146826952043816	0.0001148740099974705	0.00007935100294171853	0.000045414674934438954	0.000024877389451980125	0.000016222271025463023	0.000011536765099814229	6.97575277747749e-6	3.014672157804949e-6	1.4951704006420657e-6	9.198815334109845e-7	3.918300843883342e-7	1.4053553727956004e-7	7.399946326670561e-8	2.1930681578232035e-8	8.341352652874147e-9	2.4811359094994587e-9	6.457559065488535e-10	9.239354626734038e-11	1.2773227345627921e-12	1.0121295773373425e-14	1.2032363562484655e-30
0.0021319668374490796	0.0021319668369281773	0.002131966836246218	0.0021319668353501405	0.0021319668341688316	0.002131966832606903	0.002131966830536313	0.002131966827785086	0.002131966824122136	0.0021319668192368345	0.0021319668127115247	0.0021319668039845347	0.002131966792300426	0.002131966776643076	0.002131966755645707	0.002131966727469965	0.002131966689643482	0.0021319666388417654	0.0021319665705954185	0.0021319664788972095	0.0021319663556748866	0.0021319661900843258	0.002131965967562577	0.002131965668559949	0.002131965266842549	0.0021319647272208496	0.0021319640025138226	0.002131963029493981	0.0021319617234717555	0.0021319599710714894	0.0021319576206035385	0.0021319544692364844	0.002131950245930596	0.0021319445887417986	0.002131937014677696	0.0021319268796916725	0.002131913325653268	0.002131895210123059	0.0021318710134671176	0.00213183871614371	0.0021317956367836086	0.0021317382188143627	0.0021316617496542085	0.002131559991681752	0.0021314246979660077	0.0021312449777196874	0.0021310064661311926	0.0021306902400023324	0.0021302714036775697	0.0021297172481247123	0.0021289848584440992	0.002128018010014696	0.0021267431489772675	0.0021250641963873724	0.002122855844188096	0.0021199549214031307	0.0021161492962513935	0.0021111636388152087	0.002104641193376187	0.0020961204933136212	0.0020850056894431025	0.0020705288559999843	0.002051702305102895	0.002027258644545046	0.0019955762383980177	0.001954588361677534	0.0019016769375024	0.0018335595029295338	0.0017461989065330936	0.0016348181413151672	0.0014942304090688472	0.0013199897440365706	0.0011114808615323955	0.0008784839796770918	0.0006483285633113182	0.0004580297004028254	0.00032720670828163535	0.0002476242741654682	0.00019916728027576257	0.00016399525990504335	0.00013018744885563553	0.00009202160126276182	0.00005388627331654251	0.000029522142462200314	0.000019186215263849357	0.000013854509992648764	8.738709413012548e-6	3.91554213382102e-6	1.8962285158193946e-6	1.1916013808083075e-6	5.511665054012422e-7	1.923407806730867e-7	1.0364058221470759e-7	3.402907908195149e-8	1.2163264194934569e-8	4.2106251889675515e-9	1.0136917700794508e-9	1.9933384501293223e-10	3.030364787552567e-12	2.3076160469525295e-14	2.64149482168491e-30
0.002232463017887232	0.0022324630173579255	0.0022324630166652352	0.002232463015755383	0.0022324630145563054	0.0022324630129713498	0.002232463010870788	0.0022324630080803962	0.002232463004366084	0.0022324629994132047	0.002232462992798725	0.002232462983953773	0.0022324629721132637	0.0022324629562481477	0.002232462934974315	0.0022324629064301668	0.0022324628681121552	0.002232462816653957	0.002232462747530061	0.002232462654657978	0.0022324625298645426	0.002232462362170317	0.002232462136830912	0.002232461834053426	0.002232461427278117	0.002232460880879016	0.002232460147090563	0.0022324591619028106	0.0022324578395793784	0.0022324560653443175	0.0022324536856360437	0.0022324504951218545	0.0022324462194211626	0.0022324404921305707	0.0022324328243081043	0.002232422563974277	0.0022324088424276337	0.002232390503150623	0.002232366007772932	0.002232333311833301	0.002232289700841866	0.0022322315742363767	0.002232154161051477	0.0022320511462364705	0.002231914180249144	0.00223173223642575	0.002231490770170529	0.002231170620594569	0.0022307465780493693	0.002230185519052214	0.0022294439821046097	0.0022284650222928228	0.0022271741373491773	0.0022254740005578748	0.0022232376635035883	0.0022202998003260054	0.002216445450339003	0.0022113955719750096	0.0022047885416642704	0.0021961565095019115	0.002184895253532445	0.0021702258549357533	0.002151146161121065	0.002126369667089075	0.002094249288043496	0.0020526839532739806	0.001999008159864615	0.0019298715051217987	0.0018411341126407532	0.0017278526054582913	0.0015845513496268973	0.0014062614557696109	0.0011914569046838762	0.0009487097531769787	0.0007051232296616926	0.0005005313207507612	0.00035862612155438886	0.00027236857431425126	0.00022032205293274132	0.00018300496289596453	0.0001472990846035968	0.00010646398339226255	0.00006388511341080165	0.00003505673520016532	0.000022666673372581385	0.000016579929191213385	0.00001087600525060849	5.0864531487465e-6	2.4045163982752904e-6	1.5319316744967416e-6	7.67834073096706e-7	2.64243744616103e-7	1.4323492126567543e-7	5.2767555483009725e-8	1.7602981239465667e-8	6.993381598829707e-9	1.579908563675192e-9	4.0602765768993075e-10	7.273339612156132e-12	5.317619306860298e-14	5.843137744719288e-30
0.0023381905372397236	0.0023381905367018717	0.002338190535998286	0.002338190535074469	0.0023381905338574014	0.0023381905322491605	0.0023381905301183277	0.0023381905272884225	0.002338190523522341	0.0023381905185014093	0.002338190511797205	0.0023381905028336423	0.002338190490835974	0.0023381904747622017	0.00233819045321086	0.0023381904242970775	0.0023381903854860914	0.0023381903333697077	0.002338190263366251	0.0023381901693179156	0.00233819004295055	0.0023381898731493237	0.0023381896449883167	0.0023381893384313017	0.0023381889265925576	0.0023381883734095404	0.002338187630532023	0.002338186633167442	0.0023381852945324904	0.00233818349845089	0.002338181089489138	0.0023381778598135445	0.0023381735317032316	0.0023381677342966868	0.0023381599727043574	0.002338149587017432	0.002338135697969019	0.002338117134972309	0.0023380923409345687	0.0023380592464963593	0.0023380151040796587	0.0023379562691814818	0.0023378779125264515	0.0023377736417435515	0.002337635004841574	0.002337450839519284	0.0023372064217471043	0.0023368823534587256	0.002336453111761609	0.0023358851598122413	0.0023351344910946454	0.0023341434426945662	0.0023328365672492563	0.002331115295056328	0.0023288510442462168	0.0023258763440279938	0.0023219734191640825	0.00231685953716169	0.0023101682365838957	0.002301425327800474	0.0022900182797729843	0.0022751572746513497	0.002255825835951387	0.002230718561047586	0.002198163253937247	0.0021560250459333676	0.002101591930106471	0.0020314471702631708	0.0019413510185827124	0.0018261987209703498	0.001680233708534217	0.0014979721861121972	0.001276963053867532	0.001024450323500314	0.0007670050297802381	0.0005471544727475606	0.00039314415696852667	0.0002995591288147465	0.00024361876286850065	0.000204037163127928	0.00016639109925844787	0.00012287421703148477	0.00007565448372287494	0.000041662949927013035	0.000026755623652748937	0.000019778147561199648	0.000013449480633532063	6.602223623672112e-6	3.0516760986710477e-6	1.9565322417217633e-6	1.05731527867397e-6	3.6520060331831544e-7	1.9578789587506312e-7	8.12151639699332e-8	2.5398899199039305e-8	1.1290263916306592e-8	2.467552877379689e-9	7.752572437634877e-10	1.772733797582087e-11	1.2437977783599927e-13	1.3075979517988904e-29
0.00244955372948719	0.0024495537289406506	0.0024495537282260066	0.0024495537272880372	0.002449553726052765	0.002449553724420994	0.0024495537222596095	0.0024495537193898725	0.0024495537155716607	0.00244955371048227	0.0024495537036878846	0.0024495536946052016	0.0024495536824498095	0.002449553666166764	0.002449553644337246	0.002449553615053123	0.002449553575748436	0.0024495535229731476	0.002449553452089466	0.002449553356864334	0.002449553228922718	0.002449553057014545	0.0024495528260325846	0.0024495525156975916	0.0024495520987982988	0.0024495515388362104	0.0024495507868773185	0.0024495497773476572	0.0024495484224187074	0.00244954660451629	0.0024495441663382952	0.002449540897554763	0.002449536517111002	0.0024495306496964972	0.002449522794486709	0.0024495122836611567	0.002449498227411976	0.002449479441117262	0.0024494543490094353	0.0024494208568971837	0.002449376184206679	0.0024493166426230784	0.002449237344740746	0.0024491318211192895	0.002448991517668917	0.0024488051369401143	0.002448557776153813	0.0024482298010221662	0.002447795376746203	0.002447220554993257	0.002446460786850599	0.002445457695074541	0.0024441348923521355	0.002442392573216679	0.0024401005324805208	0.0024370891686770553	0.002433137912094136	0.0024279603676601374	0.0024211852761957127	0.0024123321654684585	0.0024007802771867552	0.0023857290128394297	0.0023661477457303424	0.0023407124353327213	0.002307726173350082	0.0022650209267084057	0.002209839231053281	0.0021386998143607915	0.002047266236685656	0.0019302779933463151	0.0017817069102606465	0.0015955658478285805	0.0013684725595342862	0.0011062330336892587	0.0008345508938745589	0.0005984312212589437	0.0004311695093066227	0.0003295086260317095	0.00026932729232804223	0.00022734908937475478	0.00018772005982933983	0.00014152061169417658	0.00008951620135368373	0.00004959718843893152	0.000031583088924493676	0.000023539266149362158	0.0000165426092564632	8.563848467583036e-6	3.885732135593775e-6	2.487613883921872e-6	1.439915154773309e-6	5.099808633039106e-7	2.6576139589977424e-7	1.236138846814255e-7	3.6836335611168196e-8	1.7743212585905713e-8	3.921299231819109e-9	1.3965108086178662e-9	4.476619329430098e-11	3.0146411754226255e-13	3.0207419543939336e-29
0.0025666360405952513	0.002566636040039893	0.0025666360393140413	0.0025666360383617515	0.0025666360371080863	0.0025666360354525755	0.0025666360332604094	0.002566636030350589	0.002566636026479978	0.002566636021321844	0.0025666360144369882	0.0025666360052349017	0.0025666359929215287	0.002566635976429005	0.002566635954321204	0.002566635924666789	0.0025666358848686925	0.002566635831435156	0.0025666357596724368	0.002566635663272461	0.002566635533759636	0.0025666353597490945	0.002566635125952917	0.0025666348118496872	0.0025666343899037394	0.0025666338231822147	0.002566633062169506	0.002566632040513187	0.0025666306693435527	0.002566628829694051	0.0025666263624014194	0.0025666230546496633	0.0025666186220641577	0.0025666126849043414	0.002566604736436431	0.0025665941009634543	0.002566579878184346	0.002566560869507338	0.0025665354805788996	0.002566501592496976	0.0025664563918572723	0.0025663961467586203	0.002566315911973068	0.0025662091414120486	0.0025660671794622263	0.0025658785943123786	0.002565628305510942	0.002565296444024017	0.0025648568651685404	0.0025642752118970034	0.0025635063967102646	0.0025624913332717735	0.002561152701526875	0.0025593894701687664	0.0025570698243910263	0.0025540220509812552	0.0025500228119644977	0.0025447820860812088	0.0025379238671317484	0.0025289614712569663	0.0025172660129241116	0.002502026255170262	0.0024821976258922354	0.0024564377472070568	0.002423025450734861	0.002379760242532954	0.002323840340217837	0.002251721863836122	0.0021589750661952286	0.0020401897291752445	0.0018890764592679379	0.0016991595041575677	0.0014661288121445909	0.00119426164983135	0.000908053815273551	0.0006546811999648951	0.00047295582190619566	0.00036240465363046663	0.00029760640445335184	0.00025309329589430566	0.00021144075968932194	0.0001625692994273992	0.00010570522471994925	0.000059094022824090816	0.000037263915738061855	0.000027936182213785372	0.000020221620809701662	0.00001106268318961444	4.961039224444347e-6	3.1467169127374813e-6	1.9340029775010095e-6	7.17771256854235e-7	3.581245072063979e-7	1.8422827258435438e-7	5.380483708268159e-8	2.7059140476810562e-8	6.367553541279726e-9	2.372954188847796e-9	1.1432527934019862e-10	7.442370394399166e-13	7.094769956656649e-29
0.0026897015126796583	0.002689701512115353	0.0026897015113781504	0.0026897015104113816	0.0026897015091391497	0.0026897015074597115	0.0026897015052365636	0.002689701502286452	0.0026897014983632344	0.0026897014931361618	0.0026897014861606673	0.0026897014768390635	0.0026897014643676846	0.0026897014476658	0.0026897014252800465	0.0026897013952559886	0.002689701354965591	0.002689701300875572	0.002689701228236511	0.0026897011306656884	0.0026897009995874607	0.002689700823482869	0.0026897005868842614	0.0026897002690293497	0.0026896998420598297	0.0026896992686108777	0.0026896984985885644	0.0026896974648664175	0.002689696077539522	0.0026896942162571206	0.0026896917200057626	0.0026896883734983507	0.0026896838890604962	0.0026896778825489034	0.002689669841357503	0.002689659081962941	0.00268964469363859	0.002689625463914527	0.0026895997799754458	0.0026895654983765797	0.0026895197731107417	0.0026894588289988457	0.0026893776634086043	0.002689269654169302	0.00268912604491275	0.0026889352705090365	0.0026886820742492504	0.002688346354276651	0.002687901658637816	0.0026873132251268458	0.002686535432500047	0.002685508491927363	0.0026841541596149873	0.002682370190715709	0.0026800231776273756	0.0026769393184438873	0.002672892538580354	0.0026675892341685432	0.002660648712174603	0.0026515781606281496	0.002639740683324536	0.0026243145689900265	0.002604241534036201	0.002578161202409224	0.002544328649469563	0.002500511693262111	0.0024438654687124655	0.0023707855547884867	0.002276752508988822	0.0021562128840329603	0.0020026275408648324	0.001809049925833623	0.0015702544249259168	0.0012889176187070933	0.0009879826451375208	0.0007163873645678007	0.0005188860248708887	0.00039853311871339715	0.0003286981999578213	0.00028150045355497104	0.00023778420183226558	0.00018625964668610257	0.00012452470941562552	0.00007047023619030772	0.00004395812400572618	0.00003306877985560283	0.000024575698894319314	0.000014210102197932183	6.356975576225679e-6	3.963704899618637e-6	2.5634115314855594e-6	1.0170190493917544e-6	4.801560669911772e-7	2.6837301639200483e-7	7.961292105352936e-8	4.0236238821021035e-8	1.0623494173389359e-8	3.8542954551347725e-9	2.9302920136472835e-10	1.878705946006104e-12	1.6981758009263975e-28
0.0028190269033046265	0.0028190269027312483	0.0028190269019825573	0.0028190269010011587	0.0028190268997101992	0.002819026898006664	0.0028190268957523626	0.0028190268927617947	0.0028190268887858215	0.002819026883489697	0.0028190268764235124	0.0028190268669824386	0.0028190268543532527	0.002819026837442432	0.002819026814779479	0.0028190267843870034	0.0028190267436062006	0.0028190266888625387	0.0028190266153512887	0.0028190265166155924	0.002819026383980446	0.002819026205793741	0.002819025966409381	0.002819025644825945	0.002819025212864836	0.002819024632732456	0.00281902385376089	0.0028190228080554555	0.002819021404683902	0.002819019521921972	0.0028190169969204083	0.0028190136119404592	0.0028190090760342487	0.0028190030006911195	0.002818994867480532	0.002818983985117185	0.0028189694325357353	0.002818949983505453	0.0028189240069072864	0.00281888933496693	0.002818843089361876	0.0028187814520230755	0.002818699363437187	0.002818590126057986	0.0028184448837157102	0.002818251939248866	0.002817995861430004	0.002817656317930248	0.0028172065527040046	0.0028166114026875813	0.002815824718715906	0.002814786017357296	0.002813416141785191	0.0028116116481536548	0.0028092375558410707	0.002806118001190339	0.0028020242097878015	0.0027966590454819636	0.0027896371975066315	0.002780459821045084	0.0027684821413326457	0.002752872157449176	0.0027325581354310517	0.0027061620762215918	0.00267191585045174	0.002627556425063972	0.002570197174397104	0.0024961753277379897	0.0024008855592143217	0.0022786380700720115	0.0021226564250680347	0.0019255439426873946	0.0016811804920048145	0.0013905912627511594	0.001074828020140594	0.00078407586329877	0.0005693848833769107	0.00043820861511027905	0.0003628665553313059	0.0003128213387978878	0.0002670012805783881	0.00021284910864452147	0.0001462926662351058	0.00008410032340521359	0.00005186074880556179	0.00003905284789281264	0.00002970630634510074	0.000018125776832186495	8.181426604388147e-6	4.976309570291721e-6	3.356397653253136e-6	1.4459263320240426e-6	6.420697879276831e-7	3.8245797068087425e-7	1.1988658959636102e-7	5.863229936562472e-8	1.8119393902180233e-8	6.057831506002883e-9	7.389020329009777e-10	4.867956741248495e-12	4.158407484489893e-28
0.0029549008327930727	0.0029549008322104983	0.0029549008314501838	0.0029549008304540123	0.0029549008291441746	0.002954900827416391	0.002954900825130791	0.0029549008220996383	0.0029549008180708154	0.0029549008127056037	0.0029549008055487873	0.0029549007959884434	0.002954900783201862	0.0029549007660828225	0.0029549007431438263	0.00295490071238471	0.0029549006711161526	0.002954900615722713	0.0029549005413448256	0.0029549004414521265	0.0029549003072711173	0.0029549001270177165	0.002954899884868983	0.00295489955958653	0.0029548991226743806	0.0029548985359141074	0.002954897748069169	0.0029548966904838782	0.002954895271208341	0.002954893367157954	0.0029548908136653065	0.002954887390563786	0.002954882803664151	0.002954876660131505	0.0029548684357690357	0.0029548574316076975	0.0029548427163486883	0.002954823050142171	0.0029547967837558692	0.002954761725342192	0.00295471496460812	0.002954652641058331	0.002954569638922267	0.0029544591861170692	0.0029543123278003573	0.0029541172362991096	0.0029538583079129935	0.0029535149825950487	0.0029530602039179676	0.0029524584129620637	0.0029516629393871534	0.002950612614266123	0.002949227380042361	0.002947402610510639	0.0029450017745650827	0.0029418469773671075	0.0029377067862185764	0.0029322805892928985	0.0029251785354458657	0.002915895853176464	0.002903780035631967	0.0028879889958732335	0.0028674378356915394	0.0028407313412647144	0.0028060787738022615	0.002761187143690316	0.002703129464525602	0.002628186916017712	0.0025316722719008334	0.0024077665944770973	0.0022494694483013904	0.002048957284124634	0.001799244979727777	0.0014996788267890018	0.0011690983548667178	0.0008583165551260332	0.0006249229977032716	0.0004817769770990347	0.000400398433602935	0.0003473278656738576	0.00029936385660574605	0.0002426145296918013	0.000171338994526574	0.00010041954642488914	0.00006121089774897346	0.00004602284276837939	0.000035728840491478676	0.000022936588235818605	0.00001057904098460169	6.232861972456852e-6	4.346747094814349e-6	2.0518421915778296e-6	8.586717344990788e-7	5.344630177551314e-7	1.8385101581543782e-7	8.412379222277178e-8	3.1034240924383906e-8	9.309929396946338e-9	1.7707683916953215e-9	1.2996835866842112e-11	1.0454862985110023e-27
0.003097621916494729	0.0030976219159028354	0.003097621915130766	0.003097621914119683	0.0030976219127908274	0.003097621911038659	0.003097621908721638	0.0030976219056498065	0.0030976219015680906	0.0030976218961338287	0.00309762188888654	0.00309762187920727	0.0030976218662639035	0.0030976218489376386	0.0030976218257241367	0.003097621794600681	0.003097621752847734	0.0030976216968093616	0.003097621621571718	0.003097621520531697	0.0030976213848183326	0.003097621202516974	0.0030976209576297374	0.003097620628683837	0.0030976201868693765	0.0030976195935477663	0.0030976187969201686	0.0030976177275784116	0.0030976162925663835	0.0030976143674546174	0.0030976117857783297	0.0030976083249709793	0.0030976036876396535	0.0030975974766756886	0.0030975891621840956	0.0030975780376033555	0.0030975631615239034	0.0030975432806417294	0.003097516727832503	0.00309748128747245	0.0030974340176968948	0.0030973710161195695	0.0030972871114312225	0.003097175457976792	0.0030970270035357594	0.003096829791660559	0.0030965680485104527	0.003096220989452977	0.0030957612618875527	0.003095152916693962	0.0030943487699611268	0.0030932869774988677	0.003091886594801249	0.0030900418318818234	0.0030876146322272725	0.003084425103719162	0.003080239201295865	0.003074752899802976	0.003067571892633023	0.0030581855976812623	0.0030459339355645627	0.003029964954183813	0.003009180899941069	0.0029821697823729054	0.002947118887726483	0.002901706215917246	0.0028429658872083682	0.002767125424112843	0.002669419823526693	0.002543908492236206	0.002383380994606715	0.002179612430753617	0.0019247901405617354	0.001616578409313339	0.001271313848088533	0.000939721490241009	0.0006860203402196865	0.0005296175827493737	0.00044160476455739435	0.00038531364811194153	0.00033516537162182674	0.0002758530706086237	0.00020000314110815576	0.00011992209346002108	0.00007230309434179295	0.000054135157098500816	0.00004277427554491704	0.00002877727869975907	0.000013738326698941128	7.796304104939557e-6	5.574956318913142e-6	2.888339781942831e-6	1.1521963658920432e-6	7.344840539076566e-7	2.8532039643189233e-7	1.1937042826554423e-7	5.2148634417483424e-8	1.4128541346626995e-8	3.892125531910019e-9	3.588389500838953e-11	2.707896397006506e-27
0.003247495286106477	0.003247495285505142	0.003247495284721187	0.0032474952836950596	0.0032474952823470524	0.003247495280570377	0.0032474952782218323	0.0032474952751092596	0.003247495270974653	0.0032474952654714426	0.003247495258133937	0.003247495248336217	0.003247495235236863	0.0032474952177046264	0.0032474951942185136	0.003247495162733512	0.0032474951205002183	0.003247495063822681	0.0032474949877334233	0.0032474948855574733	0.0032474947483275888	0.003247494564000159	0.003247494316404548	0.003247493983836527	0.0032474935371762472	0.0032474929373703123	0.0032474921320648433	0.0032474910511089412	0.003247489600553356	0.0032474876546414308	0.0032474850451347645	0.0032474815470987166	0.003247476859979665	0.0032474705824526197	0.0032474621790018242	0.003247450935576837	0.0032474359007965805	0.0032474158080894574	0.00324738897268923	0.003247353155531353	0.0032473053836290216	0.0032472417133074236	0.0032471569185255093	0.0032470440811371523	0.003246894052991555	0.003246694750806846	0.003246430233202106	0.0032460794944405035	0.003245614890416582	0.0032450000880659465	0.00324418739830053	0.0032431143129320523	0.0032416990156358297	0.003239834572987057	0.0032373814304515994	0.003234157735551091	0.0032299268807307307	0.003224381495028343	0.003217122908064027	0.0032076348521180667	0.0031952498465262387	0.0031791063102973244	0.003158093963473719	0.003130784503568936	0.0030953439108637373	0.003049422165474258	0.0029900160191001267	0.0029133018044013186	0.0028144409732376416	0.0026873789644124278	0.002524709888167679	0.0023178348889720895	0.002058158377770945	0.0017416842551055622	0.0013819978566804137	0.0010289401843677666	0.0007532485586708945	0.0005821449594852859	0.00048682048505860917	0.00042709369186443404	0.0003747206041199743	0.00031288232761848085	0.00023263245501236617	0.00014315200316121894	0.000085500967227996	0.00006357193957830687	0.0000509906546607899	0.00003579268645643413	0.000017893630933026412	9.75016779857679e-6	7.089494652489342e-6	4.011591477516626e-6	1.5570959724077287e-6	9.953413503200835e-7	4.422340312915296e-7	1.6830729654354174e-7	8.453522731378564e-8	2.1410550591261913e-8	7.71673208567185e-9	1.0273563762631564e-10	7.251737616546108e-27
0.0034048265552517627	0.0034048265546408624	0.0034048265538448937	0.00340482655280359	0.003404826551436305	0.003404826549635009	0.0034048265472548574	0.003404826544101508	0.0034048265399140533	0.0034048265343420586	0.003404826526914676	0.0034048265169991064	0.0034048265037447344	0.0034048264860080195	0.0034048264622515254	0.0034048264304082313	0.003404826387699265	0.003404826330389196	0.0034048262534576482	0.0034048261501587714	0.0034048260114303854	0.003404825825101733	0.0034048255748318815	0.0034048252386884785	0.0034048247872461874	0.003404824181042809	0.003404823367177538	0.0034048222747676787	0.0034048208088854723	0.003404818842466816	0.003404816205526235	0.003404812670796494	0.0034048079346111655	0.003404801591492873	0.003404793100391249	0.003404781739882041	0.0034047665487671156	0.003404746247414335	0.00340471913369257	0.0034046829454676577	0.003404634679127336	0.0034045703503726562	0.0034044846793198826	0.0034043706765208995	0.0034042190994853067	0.0034040177402230734	0.003403750492655972	0.003403396133747418	0.0034029267329728986	0.003402305580130046	0.003401484490062881	0.003400400302783377	0.0033989703464956124	0.0033970865662646824	0.0033946079389862572	0.0033913506914307013	0.0033870757069242668	0.00338147234078809	0.0033741376565291016	0.0033645498336231506	0.003352034171604626	0.003335719710248326	0.003314483989875774	0.003286882883503164	0.0032510617640211415	0.003204643619921494	0.0031445894057130666	0.0030670267884744134	0.002967047981717908	0.0028384922761245	0.002673773252257326	0.0024639469496036312	0.0021996856320062852	0.0018753785415964075	0.0015016647106410163	0.001126649995978115	0.0008272306901780402	0.0006398088794276303	0.0005364030453405965	0.00047300254924520887	0.0004183639025081014	0.00035403894668183816	0.00026958072126926415	0.00017068519103519546	0.00010125257291577123	0.00007454542884022749	0.00006054417055921389	0.000044140579903875165	0.000023317097410737012	0.00001220747758074417	8.948164574095897e-6	5.478970989995278e-6	2.1275878866721796e-6	1.3333280202608618e-6	6.744025163062896e-7	2.3712603124123936e-7	1.3158234765588067e-7	3.2877733539436905e-8	1.3893698863280035e-8	3.049603219963663e-10	2.0139100964825966e-26
0.0035699116705579263	0.0035699116699373363	0.003569911669129224	0.0035699116680726153	0.0035699116666859316	0.003569911664859912	0.0035699116624480845	0.003569911659253948	0.0035699116550137262	0.0035699116493731644	0.003569911641856326	0.0035699116318236197	0.00356991161841536	0.003569911600475886	0.0035699115764515517	0.0035699115442536502	0.0035699115010742787	0.0035699114431391224	0.003569911365375717	0.0035699112609684273	0.0035699111207616123	0.0035699109324593683	0.003569910679553177	0.0035699103398862215	0.0035699098837325897	0.0035699092712278844	0.003569908448933304	0.003569907345246383	0.0035699058642769377	0.0035699038776750756	0.0035699012137374053	0.0035698976429030184	0.003569892858445155	0.0035698864508042	0.0035698778734893346	0.0035698663978283368	0.0035698510529752646	0.0035698305464628905	0.003569803159097292	0.0035697666060788267	0.0035697178537096312	0.0035696528777885506	0.0035695663455529666	0.003569451197541234	0.003569298098643469	0.0035690947184585484	0.0035688247892774125	0.0035684668748577706	0.003567992763721535	0.003567365375828642	0.003566536039705868	0.003565440956597853	0.0035639966166671677	0.003562093866799703	0.00355959024658567	0.003556300104008335	0.003551981869699433	0.0035463217013168152	0.003538912499055073	0.003529227029087637	0.0035165835613704638	0.003500102017514251	0.0034786481195882967	0.0034507624227969142	0.003414570415630322	0.003367669153342195	0.003306985400044322	0.003228600720094981	0.0031275424351838083	0.0029975515661482244	0.002830876288629228	0.002618257384352616	0.002349690760494078	0.0020180192101090346	0.001630802558305007	0.0012335391666210016	0.0009086359277224786	0.0007030914649054473	0.0005907281869909826	0.0005233898105669852	0.0004664447754064662	0.0003996745848494529	0.0003112055432241505	0.00020310268246833646	0.00012010488904611178	0.00008730252220937794	0.00007161933449249591	0.000053993679157449425	0.000030298444475848058	0.00001532360058071549	0.000011219532649540618	7.351012801867188e-6	2.947513689634104e-6	1.7692401404047287e-6	1.0015175813228153e-6	3.362767479508802e-7	1.9745935442103277e-7	5.207786515942192e-8	2.319918602713003e-8	9.303931680935817e-10	5.808986184625367e-26
0.003743020090344235	0.0037430200897138294	0.003743020088893445	0.003743020087821404	0.003743020086415204	0.0037430200845643665	0.003743020082120809	0.003743020078885898	0.0037430200745930233	0.0037430200688841645	0.0037430200612783653	0.0037430200511293418	0.0037430200375684754	0.0037430200194281706	0.0037430199951388305	0.0037430199625904112	0.0037430199189464565	0.0037430198603944213	0.003743019781810631	0.0037430196763108613	0.003743019534647617	0.0037430193444020258	0.003743019088900929	0.0037430187457670235	0.003743018284979168	0.00374301766627794	0.003743016835696225	0.0037430157209248412	0.0037430142251286247	0.003743012218695346	0.0037430095282352796	0.0037430059219359835	0.003743001090067091	0.003742994619062496	0.0037429859570926195	0.003742974368373127	0.0037429588725921563	0.003742938164690547	0.003742910508736744	0.0037428735977000026	0.0037428243683773916	0.003742758757439724	0.003742671380279868	0.003742555108800645	0.003742400517111086	0.0037421951548483406	0.0037419225959409224	0.0037415611952964266	0.0037410824662905046	0.0037404489667865865	0.003739611549316029	0.0037385057901265237	0.003737047359719291	0.0037351260313570993	0.003732597940168201	0.003729275599339615	0.0037249150458442187	0.0037191993190765008	0.0037117172630551456	0.0037019363757415493	0.003689168094958848	0.003672523494575832	0.0036508568519397046	0.0036226939265373652	0.0035861410646448474	0.003538770469243707	0.003477476344714856	0.0033982967350164716	0.0032961984208167484	0.003164832012432666	0.002996295420878257	0.002781044527894573	0.0025084583678923987	0.002169921387259303	0.001769848965883392	0.001350278994415638	0.0009981653840713547	0.000772498605083126	0.0006501809183804395	0.000578611011289096	0.0005193189302885102	0.0004501472834185976	0.00035786217830314734	0.00024095745052576202	0.00014271165116634595	0.00010212866625744229	0.00008441728862750762	0.00006553929970333906	0.00003911776470330048	0.000019313122206674027	0.00001398425123927735	9.694640643073393e-6	4.137796823433565e-6	2.329880185393287e-6	1.443779622409448e-6	4.842992686904125e-7	2.8757516915732614e-7	8.606940008514347e-8	3.6695776679442484e-8	2.8283123030368357e-9	1.7360727106210997e-25
0.003924457969326566	0.0039244579686862156	0.003924457967853427	0.003924457966765825	0.003924457965339993	0.003924457963464247	0.003924457960988914	0.003924457957713257	0.003924457953367872	0.003924457947591025	0.003924457939896821	0.003924457929632389	0.003924457915920325	0.0039244578975813	0.0039244578730300425	0.003924457840135549	0.003924457796033326	0.003924457736873297	0.003924457657481527	0.003924457550906481	0.003924457407810542	0.003924457215654204	0.003924456957602829	0.003924456611062898	0.003924456145723774	0.003924455520938701	0.003924454682222624	0.003924453556573623	0.003924452046230248	0.003924450020343006	0.003924447303869623	0.003924443662791183	0.003924438784434254	0.003924432251307239	0.003924423506350176	0.00392441180681156	0.003924396163107574	0.0039243752578458375	0.0039243473387031115	0.003924310076879276	0.003924260380281856	0.003924194147275046	0.0039241059425016555	0.0039239885706881476	0.003923832517106484	0.003923625214024485	0.003923350080452912	0.003922985267036904	0.003922502018110949	0.003921862537559299	0.003921017212745843	0.003919901009330826	0.003918428797357728	0.003916489302076102	0.003913937288339215	0.003910583480247108	0.0039061815823436723	0.0039004115979860065	0.0038928584257498485	0.0038829844451053423	0.0038700944651711487	0.003853290990192978	0.003831417236265098	0.0038029847019048885	0.0037660813488939984	0.0037182556269760316	0.0036563708291057957	0.00357642407076709	0.0034733259280312085	0.0033406443988978894	0.003170342170298074	0.0029526207472704838	0.002676304369400397	0.002331424227264726	0.001919255029057812	0.0014775788672324486	0.0010966055045626897	0.0008486038416281966	0.0007151903082496397	0.000639059580695843	0.0005773797017706893	0.0005058530704196113	0.0004099385739170264	0.00028478977984842225	0.00016986529459196286	0.00011937076400532805	0.00009916803949267234	0.0000789915771695836	0.000050040267667959224	0.000024478681928999636	0.00001734110093928283	0.000012589503349778827	5.856158272663781e-6	3.0517476361187523e-6	2.0251815083044617e-6	7.144976402956747e-7	4.091105110740818e-7	1.467505032081079e-7	5.589121021520236e-8	8.07194869773581e-9	5.355824236874142e-25
0.004115054180843086	0.004115054180192643	0.0041150541793472965	0.004115054178243981	0.0041150541767983745	0.004115054174897602	0.004115054172390422	0.004115054169074018	0.004115054164676235	0.004115054158831689	0.00411505415104962	0.004115054140670686	0.004115054126808848	0.004115054108273259	0.0041150540834632605	0.0041150540502272875	0.004115054005673348	0.004115053945914569	0.004115053865727755	0.004115053758095407	0.004115053613591607	0.004115053419558668	0.004115053159003796	0.004115052809121746	0.0041150523393184224	0.004115051708567821	0.004115050861877837	0.004115049725568506	0.004115048200971755	0.0041150461560271355	0.004115043414075309	0.004115039738938216	0.004115034815062835	0.004115028221117108	0.004115019394924216	0.004115007586917501	0.004114991798444163	0.004114970700049512	0.004114942523380701	0.004114904918350769	0.004114854764621108	0.004114787923106891	0.004114698908843195	0.004114580460901289	0.004114422977739591	0.004114213776948302	0.004113936126203614	0.004113567976651303	0.004113080309920681	0.004112434984358053	0.004111581933347917	0.0041104555268599175	0.004108969854307087	0.004107012619359485	0.0041044372518430905	0.004101052733853058	0.00409661050051643	0.004090787603707703	0.004083165110398419	0.00407320043543328	0.0040601919682736265	0.0040432339294379565	0.004021158867997159	0.003992464571334737	0.003955221395533008	0.00390695516481911	0.003844499947243508	0.0037638145696123814	0.0036597577970161554	0.003525822884869917	0.003353852481986007	0.0031338248323222488	0.0028540746196578748	0.0025034019153979906	0.0020800146465453835	0.0016167188139756157	0.0012053039890854295	0.0009324129917093971	0.0007865249071326468	0.000705441540524785	0.0006413290033978334	0.0005674967124804086	0.00046813047149817165	0.0003354082546716745	0.00020276626408616974	0.00013959208459765458	0.0001162377832015966	0.0000946935232901064	0.0000634197485552571	0.00003132566223863064	0.00002144729373601635	0.000016161171947687757	8.312184086622003e-6	3.9983276090244115e-6	2.7839980647729897e-6	1.0904377648110984e-6	5.736779043402835e-7	2.514288093685576e-7	8.338247293973311e-8	2.0651621833682312e-8	1.8073137291328888e-24
0.004314439515459092	0.004314439514798421	0.004314439513940382	0.0043144395128212245	0.004314439511355732	0.004314439509429853	0.004314439506890798	0.004314439503533709	0.004314439499083725	0.004314439493171868	0.004314439485302609	0.004314439474810252	0.004314439460800294	0.004314439442070598	0.00431443941700543	0.004314439383433092	0.004314439338434678	0.004314439278087307	0.004314439197119595	0.0043144390884495305	0.00431443894256484	0.004314438746692292	0.004314438483684492	0.004314438130529273	0.004314437656355536	0.004314437019766677	0.004314436165275161	0.004314435018538669	0.004314433480003478	0.004314431416426231	0.0043144286495682945	0.004314424941142901	0.0043144199727848795	0.004314413319412175	0.0043144044138516	0.004314392499882781	0.004314376569999038	0.004314355282970504	0.00431432685479781	0.004314288914617288	0.004314238314523793	0.004314170878888181	0.004314081074341556	0.004313961575900336	0.004313802697337156	0.004313591644389587	0.004313311537152969	0.004312940132255558	0.004312448155233318	0.0043117971276610935	0.004310936540597553	0.0043098001837946895	0.00430830138658144	0.004306326858304069	0.004303728730015705	0.004300314290156174	0.004295832768930575	0.004289958352997028	0.004282268393477902	0.0042722154965269266	0.004259091843094131	0.004241983657591662	0.00421971321713528	0.004190765146358284	0.004153192968116285	0.00410450099188458	0.0040414957067096795	0.003960100198308761	0.0038551256084665376	0.0037199978693544227	0.0035464538279139685	0.0033242777634116772	0.003041377736883375	0.002685450526183672	0.0022517755656642126	0.0017676447207410585	0.0013245525773167878	0.0010241516654753756	0.0008642894330662712	0.0007778356459352397	0.0007112507033592504	0.0006351669271288727	0.0005325104987139027	0.0003928972774241361	0.00024215989684081768	0.0001631528046742913	0.00013578775506793453	0.00011278807144118462	0.00007936506302021946	0.00004033427382816516	0.00002641807791401584	0.000020486018939128494	0.00001162833466452003	5.239320717912145e-6	3.7490564777012944e-6	1.6811153134892198e-6	7.921976270461878e-7	4.1165264080494314e-7	1.222155204329342e-7	4.4060310527810924e-8	6.211297675932973e-24
0.0045237668195648355	0.004523766818893773	0.004523766818022872	0.0045237668168877036	0.004523766815402166	0.004523766813451051	0.004523766810880042	0.004523766807482269	0.0045237668029802095	0.004523766797001363	0.004523766789045515	0.004523766778440743	0.004523766764284252	0.004523766745362844	0.004523766720046037	0.004523766686142437	0.00452376664070682	0.0045237665797811175	0.0045237664980468575	0.004523766388359011	0.004523766241120964	0.004523766043446651	0.004523765778037747	0.004523765421680121	0.004523764943232342	0.004523764300936133	0.004523763438820522	0.004523762281897007	0.004523760729747904	0.004523758647975862	0.004523755856801904	0.004523752115882632	0.0045237471041102	0.004523740392745888	0.004523731409744212	0.004523719392397506	0.004523703324566495	0.004523681853541879	0.004523653180071807	0.004523614913040369	0.0045235638776743034	0.004523495862729551	0.004523405287668585	0.004523284765094891	0.0045231245262756055	0.004522911667991287	0.004522629166596841	0.00452225458930007	0.004521758412301351	0.004521101829367027	0.004520233901113494	0.004519087852830297	0.0045175762746688195	0.00451558490944511	0.0045129646264167956	0.004509521069458376	0.0045050013293627305	0.0044990768152916956	0.004491321280175714	0.004481182680048231	0.004467947202157422	0.004450693367843993	0.004428233585331481	0.00439903987687585	0.004361149722389771	0.004312047053519752	0.004248512463021656	0.0041664358913676815	0.004060585100855954	0.003924326174689333	0.0037493044525404385	0.0035251397692100898	0.0032393781518972944	0.002878752309567095	0.0024358131616314385	0.0019319450944803012	0.001456160847351193	0.0011252249851188315	0.0009495311767909746	0.0008571924290929331	0.0007880885513175689	0.0007098119593719928	0.0006040182739328961	0.00045820274218463396	0.0002896614528614889	0.00019097564997231565	0.00015833593111900534	0.0001337532499577021	0.00009831592301719593	0.00005236873134107418	0.00003252491313954463	0.00002575246806816082	0.0000159945452168332	6.9345474752785356e-6	4.983184121730413e-6	2.5793731612533647e-6	1.0882085517402753e-6	6.427196566657361e-7	1.798308426057813e-7	8.165849173795489e-8	2.3432952548900967e-23
0.004742547127504769	0.004742547126823166	0.004742547125939253	0.004742547124787931	0.004742547123282225	0.004742547121305783	0.004742547118702789	0.004742547115264396	0.004742547110710473	0.004742547104665059	0.004742547096623358	0.004742547085907353	0.004742547071606135	0.004742547052495705	0.00474254702693117	0.004742546992701909	0.004742546946837018	0.004742546885344103	0.004742546802858783	0.004742546692174592	0.004742546543612711	0.004742546344177118	0.004742546076422433	0.004742545716937804	0.004742545234318518	0.004742544586454067	0.004742543716902689	0.0047425425500467605	0.004742540984627515	0.004742538885124094	0.004742536070258151	0.004742532297684538	0.004742527243625774	0.0047425204757845976	0.004742511417373616	0.004742499299372569	0.0047424830972417455	0.00474246144710255	0.0047424325348632244	0.004742393949704499	0.0047423424907155134	0.004742273912007913	0.004742182587164887	0.004742061068088186	0.004741899505809929	0.0047416848911636935	0.004741400060753052	0.0047410223976496755	0.004740522135715425	0.004739860150170248	0.00473898508344775	0.004737829612604266	0.0047363056101010536	0.004734297880681188	0.004731656069517885	0.004728184226070318	0.004723627368443642	0.004717654217005327	0.004709835045240165	0.004699613318615034	0.004686269445940375	0.004668874537892446	0.0046462315341856825	0.004616800408722589	0.00457860337536377	0.004529105097549797	0.004465061898897044	0.004382333054214437	0.004275646940979974	0.004138316723632364	0.003961909339592434	0.003735907179926712	0.0034475541569332175	0.0030827550147533734	0.0026315729449845806	0.0021093163286670354	0.0016003499079590123	0.001235880398909214	0.0010423301300308485	0.0009435513886346234	0.0008718874654160055	0.0007914832443566248	0.0006826932250531024	0.0005312853776474029	0.0003459311312626483	0.0002236564588425107	0.00018407727869547142	0.00015774931431057707	0.00012038724118322618	0.00006800214216474389	0.00003998201277573339	0.00003206081046235168	0.000021471529939665472	9.28602926176482e-6	6.5290948218249055e-6	3.825854592698168e-6	1.488122688449894e-6	9.537299288885734e-7	2.6895732396427276e-7	1.3447452379020808e-7	8.816112318063971e-23
0.004972264544374257	0.004972264543681924	0.0049722645427848	0.004972264541617126	0.004972264540091062	0.004972264538089129	0.004972264535454038	0.004972264531974998	0.004972264527369316	0.004972264521257646	0.0049722645131307025	0.004972264502304505	0.004972264487860223	0.004972264468563302	0.004972264442754792	0.004972264408205315	0.004972264361918934	0.004972264299869811	0.004972264216648847	0.004972264104989755	0.004972263955133688	0.004972263753977594	0.004972263483932999	0.004972263121397668	0.004972262634710813	0.00497226198141933	0.004972261104623574	0.004972259928094193	0.004972258349754714	0.004972256232991886	0.004972253395069749	0.004972249591697453	0.00497224449650233	0.0049722376737286154	0.004972228541979934	0.00497221632610136	0.004972199993389158	0.00497217816911137	0.004972149024755777	0.004972110130358179	0.004972058259612737	0.004971989132972915	0.004971897079451324	0.004971774591984625	0.00497161174367233	0.0049713954224512	0.004971108329213733	0.004970727668242633	0.004970223438138161	0.004969556204933905	0.004968674205264771	0.004967509584333615	0.004965973518586716	0.004963949903394986	0.004961287197877429	0.004957787907544945	0.004953195044880692	0.00494717473106009	0.004939293879896626	0.004928991626827991	0.0049155428195402015	0.004898011453581001	0.004875191405612644	0.004845531163408323	0.004807038465027644	0.004757159836254583	0.004692628989234973	0.0046092770521807555	0.00450179705043176	0.004363456163881706	0.00418575593433909	0.003958068042452138	0.0036673942161681815	0.0032989528324118057	0.0028406070729169995	0.002301615086163252	0.001759429942937606	0.0013580406067615635	0.0011440737385208248	0.0010381492132642835	0.0009638740184377572	0.0008814141518258282	0.0007697640780799926	0.0006133211846041561	0.00041277875275280197	0.0002627712452247413	0.000213745745058787	0.0001854264392259712	0.00014619518704660564	0.00008820755677106175	0.000049329311941985665	0.00003968510244246004	0.000028289841545554352	0.00001274339902743451	8.48501868109224e-6	5.493923531833056e-6	2.0603517199395816e-6	1.3666317321564882e-6	4.2508866825235493e-7	2.0310623020879617e-7	3.4816544305810643e-22
0.005212695169312032	0.005212695168608785	0.005212695167698262	0.005212695166514047	0.005212695164967452	0.005212695162939889	0.005212695160272615	0.005212695156752936	0.005212695152095652	0.0052126951459181	0.00521269513770661	0.005212695126771381	0.005212695112185852	0.005212695092705184	0.005212695066656728	0.005212695031792852	0.0052126949850932625	0.0052126949224996005	0.005212694838559298	0.00521269472594794	0.005212694574828929	0.005212694371995251	0.005212694099719464	0.00521269373421354	0.005212693243568133	0.005212692584997619	0.005212691701157936	0.005212690515226133	0.005212688924332413	0.0052126867908035895	0.005212683930489546	0.005212680097212116	0.005212674962080955	0.005212668085985769	0.00521265888305956	0.0052126465721974305	0.00521263011277735	0.005212608119541671	0.005212578749992729	0.005212539555600416	0.005212487285432822	0.005212417627305419	0.005212324867013675	0.005212201440322701	0.0052120373447749405	0.005211819368555763	0.005211530081006439	0.005211146513120258	0.005210638435505111	0.00520996611461205	0.00520907739396161	0.005207903903656884	0.005206356146260833	0.005204317137022579	0.005201634187694986	0.005198108311065766	0.005193480581949494	0.005187414612618053	0.005179474077639676	0.005169093944098243	0.005155543715441481	0.005137880566209168	0.005114889712131319	0.005085008709747773	0.005046231597245573	0.004995987865896766	0.004930990220583114	0.0048470440529089385	0.004738810833894163	0.004599518169845665	0.004420614026852604	0.00419138344412945	0.0038986402543796884	0.003527049421445261	0.0030625781189929442	0.0025086743655492135	0.0019339145924652315	0.0014923595561475342	0.0012550985418642681	0.001141230227223209	0.0010642944719191413	0.0009798590000693781	0.0008654802650631935	0.000704464011617805	0.0004906941928822849	0.00030957576478643246	0.00024771447801647407	0.0002170640540971739	0.0001759963583561199	0.00011331651901134227	0.00006113893813330724	0.000048787318270319664	0.00003657304773415383	0.000017812893792173846	0.000010920923283247928	7.619959139970557e-6	2.9182969150889457e-6	1.8901536132541263e-6	6.989784318651859e-7	2.779754201351478e-7	1.074982519666173e-21
0.005468766825179059	0.005468766824464562	0.005468766823540275	0.005468766822339129	0.005468766820771592	0.005468766818717982	0.005468766816018124	0.005468766812457447	0.0054687668077482866	0.005468766801504732	0.0054687667932088145	0.005468766782165044	0.005468766767439306	0.005468766747776723	0.005468766721491294	0.005468766686317599	0.005468766639211634	0.005468766576083399	0.005468766491438064	0.005468766377894718	0.0054687662255412176	0.00546876602106956	0.005468765746617345	0.005468765378216178	0.005468764883715504	0.005468764220007017	0.005468763329315382	0.005468762134241731	0.005468760531146807	0.00546875838132928	0.005468755499267263	0.0054687516369524595	0.005468746463052702	0.005468739535204656	0.005468730263206242	0.005468717860182728	0.005468701277834215	0.005468679120697039	0.0054686495327126074	0.005468610047349948	0.005468557389800333	0.00546848721623499	0.005468393770549665	0.0054682694330831436	0.005468104128130741	0.005467884547181434	0.005467593132066171	0.005467206745828222	0.0054666949381375896	0.00546601768518355	0.005465122449683988	0.0054639403629137126	0.005462381275066647	0.0054603273497424495	0.00545762478906169	0.005454073163175846	0.005449411675881547	0.0054433015195370915	0.005435303248720703	0.005424847822667657	0.00541119961866834	0.005393409287825932	0.005370253794963734	0.00534016033811383	0.005301110065543479	0.005250516599543807	0.0051850733506386545	0.00510056256514536	0.004991618247801164	0.004851435285907511	0.0046714205623870075	0.004440797674525425	0.004146249545840093	0.0037720313917790848	0.0033025755773233843	0.0027360207174845544	0.002130229269490409	0.0016445323570818931	0.0013795433850673565	0.0012564549661564803	0.001176769738177849	0.0010904513025022406	0.000973479457845568	0.0008083012574179773	0.0005836273547543497	0.00036904955796653434	0.00028817016330454006	0.00025448246996214265	0.00021158659641201284	0.00014506590452884567	0.0000776795748257487	0.000060143182045271026	0.000047035036771103116	0.000025629991378295216	0.000014158006467752358	0.000010433979651414598	4.487936180291229e-6	2.5782656377787982e-6	1.1818612961123541e-6	3.4496996665755743e-7	1.974226277173923e-21
0.005735376788468287	0.00573537678774236	0.0057353767868041266	0.005735376785585874	0.00573537678399724	0.005735376781917463	0.0057353767791849695	0.005735376775583352	0.005735376770822539	0.00573537676451345	0.005735376756133933	0.00573537674498296	0.005735376730119078	0.005735376710277664	0.005735376683759757	0.005735376648282691	0.005735376600779488	0.005735376537129506	0.005735376451797011	0.0057353763373464255	0.005735376183792533	0.005735375977729657	0.005735375701164905	0.0057353753299555395	0.005735374831717911	0.005735374163031926	0.005735373265705507	0.00573537206178336	0.005735370446883025	0.005735368281310048	0.00573536537821741	0.005735361487829408	0.005735356276455471	0.005735349298590449	0.00573533995984592	0.0057353274677746134	0.005735310766662301	0.005735288451188912	0.0057352586521997526	0.005735218885780634	0.005735165854064545	0.005735095182663668	0.005735001075011632	0.005734875857923247	0.0057347093849621274	0.005734488254245041	0.005734194784480544	0.005733805676555721	0.005733290266840528	0.005732608251331856	0.005731706725215584	0.005730516338422878	0.005728946311817755	0.005726877987711195	0.0057241564986265	0.0057205800249171684	0.005715885969190964	0.005709733196310962	0.005701679263514095	0.005691151285433168	0.005677408731295866	0.005659496022171374	0.005636182269238224	0.005605884853894453	0.005566572783217622	0.005515644860679542	0.005449776702906137	0.005364729611964541	0.005255113482372049	0.005114095908616468	0.00493305224446021	0.004701163462573366	0.004405023985903575	0.004028589028319474	0.0035550538989285218	0.0029778053524572626	0.0023430301730257568	0.0018106998310711594	0.0015142696838407925	0.0013808772161521144	0.0012983915112247664	0.0012102868334878223	0.0010908536537863754	0.000921828646717316	0.0006880836488405108	0.0004398547008255485	0.00033403670057442845	0.000296577067941246	0.0002518718403450857	0.00018205451592402436	0.00009899053772628365	0.00007342960643317483	0.00005934435094643196	0.000035843329202003916	0.00001815552617672561	0.00001385139443293197	6.8410654652094314e-6	3.416435700905563e-6	1.8450000035196041e-6	4.049085334115447e-7	2.5620209317773612e-21
0.006009450677066288	0.006009450676328847	0.006009450675376594	0.006009450674141186	0.006009450672531449	0.0060094506704255705	0.006009450667660604	0.006009450664018361	0.006009450659206425	0.0060094506528326425	0.0060094506443708	0.006009450633114513	0.006009450618115219	0.006009450598098875	0.006009450571353997	0.006009450535581269	0.00600945048769154	0.006009450423534618	0.006009450337535332	0.006009450222205428	0.006009450067489291	0.006009449859887159	0.0060094495812804665	0.006009449207358615	0.006009448705513593	0.006009448032025237	0.006009447128300369	0.006009445915848183	0.006009444289571146	0.006009442108819302	0.006009439185470506	0.006009435268048718	0.0060094300205944876	0.006009422994579735	0.00600941359158893	0.00600940101381321	0.0060093841984058104	0.0060093617305635345	0.006009331728532509	0.006009291691674162	0.0060092382999363606	0.006009167149529567	0.006009072404956955	0.006008946341534594	0.0060087787447702734	0.006008556122940892	0.00600826067629235	0.006007868949695322	0.006007350074307344	0.006006663476576468	0.006005755898156413	0.006004557526040666	0.0060029769759548735	0.00600089480071412	0.005998155105027156	0.00599455473438257	0.005989829362458864	0.005983635621764856	0.005975528197613813	0.005964930525645785	0.005951097386192621	0.005933067261132604	0.00590960179564399	0.005879109074165542	0.00583954666482745	0.005788299510769415	0.00572202676451483	0.005636470669083535	0.005526219767545696	0.005384418606781655	0.005202418087868878	0.004969369870118592	0.004671809439728924	0.00429347122921871	0.0038165511787459382	0.0032302861755895045	0.0025691928022226547	0.0019893331284457708	0.0016578572815521622	0.0015130177448225244	0.0014276996724922354	0.0013379120909937767	0.0012161495416177592	0.0010435213835524005	0.0008019521758599534	0.0005225553378834851	0.000385383357169475	0.00034299262305990274	0.0002965021056758605	0.00022366153552746222	0.00012639044856002193	0.00008874382407423761	0.0000735013882901806	0.00004818510905371004	0.000023312349415500185	0.00001792254683781282	0.000010027348526325776	4.458435104298683e-6	2.686005698684825e-6	5.06505919813025e-7	3.0291711059736833e-21
0.006294616505636682	0.00629461650488753	0.006294616503921058	0.006294616502668301	0.0062946165010372875	0.00629461649890517	0.006294616496107667	0.006294616492424845	0.00629461648756201	0.006294616481124014	0.006294616472580708	0.006294616461220506	0.00629461644608797	0.00629461642589994	0.006294616398932832	0.006294616362871255	0.006294616314604662	0.00629461624995437	0.00629461616330721	0.006294616047124199	0.006294615891281938	0.006294615682190107	0.006294615401609198	0.006294615025067125	0.006294614519740121	0.006294613841619505	0.006294612931726412	0.006294611711055149	0.006294610073820881	0.00629460787845531	0.006294604935610511	0.00629460099217636	0.00629459571001299	0.00629458863768677	0.006294579172912459	0.006294566512727902	0.0062945495874322886	0.006294526973107934	0.006294496775892702	0.006294456479074386	0.006294402741277978	0.006294331130455141	0.006294235773691014	0.006294108896802547	0.006293940219883631	0.006293716164858819	0.006293418818112374	0.006293024574561548	0.006292502368140347	0.006291811366265748	0.006290897970901835	0.006289691924318489	0.006288101261068915	0.006286005776014996	0.00628324858758328	0.0062796252611332344	0.006274869813630598	0.006268636740667647	0.006260477982011171	0.006249813462094345	0.006235893495843277	0.006217750924797818	0.00619414033006617	0.00616346104366702	0.006123659939645979	0.00607210913153467	0.0060054527599629325	0.005919416102005456	0.0058085694647695505	0.005666039220349375	0.0054831600518793116	0.00524906992921513	0.004950280151419754	0.00457039698155228	0.004090892153223423	0.0034975366037368733	0.0028130895827567924	0.0021842517834745967	0.00181315454725361	0.0016554142789629081	0.0015672031157882027	0.001475842243775583	0.0013518888567886004	0.0011759189267318488	0.0009279482711780534	0.0006200920068724685	0.00044367111202470475	0.0003949286710123125	0.0003466672077633587	0.00027110484640072846	0.0001612646552459549	0.00010659686234417143	0.00008997342334158615	0.00006316177033306139	0.000029891757829398385	0.000022805237097128907	0.00001423182642149814	5.7516400973899945e-6	3.7456723209600546e-6	6.585512352903759e-7	3.3563332537303397e-21
0.006600278573180548	0.006600278572419191	0.0066002785714379545	0.006600278570167255	0.006600278568514321	0.006600278566355289	0.006600278563524556	0.006600278559800473	0.006600278554886111	0.006600278548383396	0.006600278539758337	0.006600278528294285	0.006600278513029117	0.006600278492670825	0.006600278465484102	0.006600278429137988	0.006600278380501258	0.006600278315367708	0.006600278228087503	0.0066002781110727484	0.006600277954134727	0.006600277743595876	0.00660027746110021	0.006600277082020192	0.006600276573324472	0.006600275890726886	0.006600274974877614	0.006600273746275716	0.00660027209847557	0.006600269889026207	0.006600266927401143	0.006600262958919411	0.006600257643345741	0.006600250526453101	0.006600241002237271	0.006600228262782257	0.006600211231799451	0.006600188476609047	0.006600158091710238	0.006600117544937416	0.006600063474415938	0.00659999142092828	0.006599895475581341	0.006599767816595005	0.006599598101159959	0.006599372668159702	0.006599073494479934	0.006598676830831995	0.006598151421490614	0.006597456184795871	0.006596537196120836	0.006595323770252894	0.006593723383277743	0.006591615102038554	0.006588841098208917	0.006585195709331674	0.006580411365074886	0.006574140516544923	0.0065659324815141315	0.006555203839064448	0.006541200662379523	0.0065229504557848044	0.006499201149159231	0.00646834388779485	0.0064283156326175265	0.006376476758554247	0.00630945793996444	0.006222969721889124	0.006111567499398749	0.0059683646045090395	0.005784687915567276	0.005549676973117991	0.005249851778294945	0.004868779602012629	0.004387495187038752	0.0037891855238345196	0.0030858445148754564	0.0024078918761409854	0.0019891646667062318	0.0018155569127750702	0.001724299705920414	0.0016314998318870523	0.001505506774134051	0.0013264410569879639	0.0010731558310156978	0.0007430248840443289	0.0005157752081913653	0.00045651762219972255	0.00040643212370102195	0.0003283296571785693	0.00020949144671922708	0.00012967380769890555	0.0001106132772985078	0.00008240725069193389	0.00004101180270236366	0.000029225729962017358	0.000020019396818252546	7.855573616674823e-6	5.222935743276753e-6	1.2608416177895424e-6	3.740364279852936e-21
0.006911625366021706	0.0069116253652481115	0.0069116253642521035	0.00691162536296349	0.006911625361288732	0.006911625359102968	0.006911625356239317	0.006911625352474473	0.006911625347509347	0.0069116253409430475	0.006911625332237884	0.006911625320672342	0.006911625305277883	0.006911625284754017	0.006911625257354201	0.006911625220732579	0.006911625171738144	0.006911625106138389	0.00691162501824846	0.006911624900433763	0.006911624742443246	0.00691162453051611	0.006911624246185258	0.006911623864674901	0.006911623352755797	0.006911622665877325	0.0069116217443361124	0.006911620508159195	0.006911618850271286	0.006911616627380535	0.006911613647837481	0.006911609655464428	0.006911604308030105	0.006911597148645906	0.006911587567764725	0.006911574752750979	0.006911557621039713	0.006911534731602994	0.00691150416785137	0.0069114633828946575	0.006911408995325844	0.0069113365200387696	0.006911240013856246	0.006911111609640957	0.006910940904638846	0.0069107141585959455	0.0069104132440451355	0.006910014274269249	0.006909485812801281	0.006908786540626891	0.006907862221926138	0.006906641764211894	0.006905032111606719	0.006902911637675454	0.006900121612856993	0.006896455206501461	0.006891643339082541	0.00688533651955049	0.0068770815778107005	0.006866291923498599	0.006852209618883575	0.006833857134115187	0.00680997614572218	0.006778950134599798	0.0067387068341892035	0.006686595782114768	0.006619235376113536	0.0065323230164530234	0.006420401346605982	0.00627657370609271	0.006092163738408003	0.005856320235618934	0.005555587910935953	0.0051735401038946185	0.0046909326966574115	0.004088923493004056	0.003369843844340708	0.0026448244322139092	0.002174527292303858	0.0019832701381107425	0.001888933903722232	0.0017948123283492586	0.0016669149463399112	0.0014849671567204728	0.0012269997456493872	0.0008787455191102385	0.0005963517102758231	0.0005229995703861281	0.00047105922412294933	0.00039058234140431275	0.0002646881999480195	0.00015638642490006032	0.0001335618428708594	0.00010404347126349896	0.000055569045288775825	0.000036565317776093755	0.00002674181197527541	0.000010880009283634716	6.9625608504391215e-6	2.2495545629663136e-6	4.152333234166463e-21
0.0072380340514843836	0.007238034050698223	0.007238034049687093	0.007238034048380202	0.007238034046683247	0.007238034044470395	0.007238034041573514	0.007238034037767679	0.007238034032751707	0.007238034026121968	0.007238034017337197	0.007238034005671182	0.007238033990149204	0.007238033969462609	0.007238033941854066	0.007238033904963423	0.007238033855620716	0.007238033789568259	0.007238033701087704	0.007238033582499835	0.007238033423494073	0.007238033210230153	0.007238032924134936	0.007238032540291198	0.00723803202528101	0.007238031334301705	0.007238030407312977	0.0072380291638919495	0.007238027496363372	0.007238025260634516	0.00723802226398612	0.0072380182488145164	0.007238012870987694	0.007238005671081586	0.007237996036174567	0.0072379831491358945	0.007237965921421828	0.0072379429040526685	0.007237912169876032	0.007237871157973681	0.007237816468330987	0.0072377435911761745	0.007237646550665595	0.0072375174364431045	0.0072373457886335925	0.007237117791570449	0.007236815218343525	0.007236414051273777	0.007235882681663863	0.007235179564337618	0.00723425016699586	0.007233023009205825	0.007231404528520621	0.007229272438581806	0.007226467152425051	0.007222780728843406	0.007217942655008798	0.007211601597807109	0.007203302031580232	0.0071924543718603585	0.0071782969030301565	0.007159847371518455	0.007135841614924887	0.007104656003478241	0.0070642097832782766	0.007011842644822159	0.006944162039934955	0.006856854035170405	0.006744451036541297	0.006600050010283104	0.006414976857586732	0.00617839877365631	0.005876903756681715	0.005494122805528309	0.00501071763970327	0.004406502845633883	0.003675777183044752	0.0029067052084547464	0.0023779932753175284	0.0021658021421859003	0.0020682617085230814	0.001972957081845459	0.0018432995807133484	0.0016586983260259136	0.0013966575867432121	0.0010355652040953118	0.0006925882095154829	0.0005983085624962107	0.0005443824270443449	0.00046170795198325086	0.00033081859671501765	0.0001899365807891373	0.00016054007445826012	0.00012978239756535547	0.00007635248025564674	0.000045507846461108295	0.00003504504190184061	0.000015816918110915824	9.157626200058518e-6	3.949451660690696e-6	4.6150340980693124e-21
0.007586222805153764	0.007586222804354492	0.007586222803327634	0.0075862228020018045	0.007586222800281943	0.0075862227980412564	0.007586222795110379	0.007586222791262803	0.0075862227861952965	0.007586222779501572	0.007586222770636891	0.007586222758870505	0.007586222743221723	0.0075862227223740366	0.007586222694559744	0.007586222657404978	0.007586222607721613	0.007586222541227874	0.007586222452173418	0.0075862223328364425	0.007586222172849609	0.007586221958296927	0.007586221670504237	0.007586221284419633	0.007586220766445635	0.0075862200715398976	0.007586219139341772	0.007586217889000538	0.007586216212270521	0.007586213964298055	0.007586210951347343	0.007586206914459236	0.007586201507696036	0.007586194269224573	0.007586184582916192	0.007586171627369802	0.007586154308359041	0.007586131169349075	0.0075861002731477155	0.007586059045504736	0.007586004068719943	0.007585930809574596	0.007585833261172018	0.007585703472070192	0.007585530928089167	0.00758530174186699	0.0075849975919535925	0.007584594336171684	0.007584060202110226	0.007583353429654059	0.007582419204798528	0.007581185678628004	0.00757955880774652	0.007577415679618617	0.007574595894329057	0.007570890458704293	0.007566027503888124	0.007559653956747205	0.007551312071035179	0.0075404094471313585	0.0075261808294658904	0.0075076395581302685	0.007483516056314633	0.007452180152192682	0.007411543364961096	0.007358936550170002	0.007290957551943009	0.007203282865408941	0.007090437005513145	0.006945513784117229	0.006759846020537913	0.006522626671174976	0.00622050091634458	0.00583719529130545	0.005353424059989043	0.004748286838522518	0.004010156236920571	0.003203025449052042	0.0026077686267122584	0.0023691298953065435	0.0022681643446019646	0.0021718399874186235	0.0020405629650720332	0.0018535417272314623	0.0015879063564851097	0.0012181085588634992	0.0008160137342849802	0.0006863384468324134	0.0006300021257411649	0.000545338983816573	0.00041047232343231657	0.0002381013036968805	0.0001933936531742344	0.00016147910756509988	0.00010491479460865441	0.000057075606340494115	0.000045725229874169945	0.000024444314378437117	0.000012045509720080979	6.428886817940572e-6	5.755326978193036e-21
0.007946712478095811	0.00794671247728317	0.007946712476240321	0.007946712474895291	0.00794671247315228	0.007946712470883556	0.007946712467918556	0.00794671246402924	0.007946712458910401	0.007946712452153188	0.007946712443209538	0.00794671243134435	0.007946712415571239	0.007946712394566203	0.007946712366551667	0.007946712329140735	0.007946712279128043	0.007946712212208986	0.007946712122602926	0.00794671200254779	0.007946711841622604	0.007946711625839858	0.007946711336430016	0.007946710948214059	0.007946710427425136	0.007946709728794963	0.007946708791661	0.007946707534769261	0.007946705849336436	0.007946703589792081	0.007946700561442968	0.007946696504052742	0.00794669106998297	0.00794668379513164	0.00794667406034852	0.007946661040211018	0.007946643635138749	0.007946620381480859	0.007946589332585427	0.007946547901642698	0.007946492654288387	0.007946419035209524	0.007946321008247482	0.007946190583241296	0.007946017194832365	0.007945786888089546	0.007945481252465572	0.00794507602845881	0.007944539289394757	0.007943829072662981	0.007942890298935133	0.007941650772361966	0.007940015996951795	0.00793786247127596	0.007935029031482795	0.007931305696833637	0.007926419326992014	0.007920015219663488	0.007911633553127677	0.007900679302190298	0.007886383918419993	0.007867756656929967	0.007843522943725636	0.007812046605481712	0.0077712321328370975	0.007718402442522382	0.007650146905443831	0.007562133850511576	0.00744888159815789	0.007303482832353642	0.007117279797950815	0.006879494652422028	0.006576835752097086	0.0061931420864046105	0.00570925682071508	0.0051039536475204475	0.004361357699812944	0.0035228803215209413	0.0028570271780056105	0.00258671689809239	0.0024821635230086606	0.0023849722490659675	0.0022522049395120227	0.002062974690109006	0.0017941338767482986	0.0014178095696120397	0.0009648084476544939	0.0007842067870279869	0.0007248350475635079	0.0006383676357728221	0.000500067904519494	0.00030239722002900525	0.0002309224958562798	0.00019785944925937156	0.00013883266803032577	0.00007152957011790948	0.00005827366362280698	0.00003553494645347103	0.000015417632196184717	9.405134974216193e-6	1.3362256655963624e-20
0.008321447262033023	0.008321447261206672	0.008321447260147469	0.008321447258782859	0.00832144725701632	0.008321447254719203	0.008321447251719783	0.008321447247788532	0.008321447242618333	0.008321447235797879	0.008321447226775911	0.008321447214813177	0.008321447198917855	0.00832144717775882	0.008321447149549131	0.00832144711188954	0.008321447061558379	0.008321446994229485	0.008321446904093647	0.008321446783350868	0.008321446621529706	0.008321446404575415	0.00832144611362882	0.008321445723391493	0.008321445199937575	0.00832144449778683	0.008321443555993655	0.008321442292925902	0.008321440599296065	0.00832143832886193	0.008321435286033284	0.008321431209376593	0.008321425749659704	0.008321418440655372	0.008321408660381339	0.008321395579647827	0.008321378093856984	0.00832135473269078	0.008321323540631656	0.00832128191910128	0.008321226418116532	0.008321152461656656	0.008321053986136055	0.008320922965099837	0.008320748785214455	0.008320517428208864	0.008320210400017127	0.008319803331167264	0.0083192641504086	0.008318550705388745	0.008317607668245432	0.008316362518289188	0.008314720336006715	0.008312557069335815	0.008309710840844678	0.00830597074850382	0.00830106246769665	0.008294629781599132	0.008286210943439103	0.00827520849919216	0.008260850863767823	0.008242143538940976	0.0082178073799267	0.008186200756600485	0.00814522182282396	0.008092186430043443	0.008023676568359658	0.00793535373727997	0.007821731633623189	0.007675903560698614	0.007489223074733923	0.007250943764925337	0.006947840795915119	0.006563876237164838	0.0060800755912411965	0.00547519795203282	0.004730702589797365	0.0038685250773622774	0.0031295660459556432	0.0028205684522603393	0.002712192008664116	0.0026142979047126566	0.0024801674214149734	0.002288932114762802	0.0020172661019781696	0.0016359700015123168	0.0011441727022181631	0.0008936309780520252	0.0008300090533695892	0.0007419022488013276	0.0006006569336357546	0.00038590603577940265	0.0002736262098449684	0.00023923354341149204	0.00017819763502868337	0.00009106293165079704	0.00007246104722500198	0.00004862012976946099	0.000018963557679571625	0.00001236123328777665	4.483041957854748e-20
0.008711040079131704	0.008711040078291241	0.008711040077215251	0.00871104007583061	0.008711040074040083	0.008711040071714124	0.008711040068679874	0.008711040064706368	0.008711040059484655	0.008711040052601057	0.008711040043501267	0.00871104003144207	0.008711040015426481	0.008711039994116628	0.008711039965716705	0.00871103992781582	0.008711039877176951	0.008711039809453673	0.008711039718809972	0.008711039597410321	0.008711039434736072	0.008711039216669627	0.008711038924268083	0.008711038532121514	0.008711038006155693	0.008711037300692802	0.008711036354523543	0.008711035085663475	0.008711033384355318	0.008711031103731328	0.008711028047366603	0.00871102395271301	0.008711018469054699	0.008711011128187332	0.008711001305492287	0.00871098816827444	0.00871097060726658	0.00871094714594598	0.008710915820544299	0.008710874021531537	0.008710818284386992	0.008710744013818519	0.00871064512071444	0.008710513544840735	0.008710338628215204	0.008710106293622313	0.008709797969280814	0.008709389183404687	0.008708847730263843	0.008708131281064124	0.008707184276919374	0.008705933895348832	0.008704284823625168	0.008702112498903295	0.008699254382549444	0.008695498720070676	0.00869057009299933	0.008684110888726247	0.008675657591195544	0.008664610521352593	0.008650195322832774	0.008631414086898105	0.008606983535566671	0.008575257131959429	0.008534127372785152	0.008480903871034578	0.008412162230561255	0.00832355830255846	0.00820960251306285	0.008063390189482628	0.007876287386351674	0.007637579862684135	0.0073341102890149	0.00694996750696473	0.006466387053328687	0.00586232062147889	0.005117877984157089	0.004239930889625033	0.003428597193220298	0.0030717594894083765	0.002959230784710493	0.0028608055587686274	0.0027254350380666683	0.0025323890589520966	0.002258259423027738	0.0018730182744439608	0.0013560445855239824	0.0010164291521357724	0.0009461038510021296	0.0008564973015630563	0.0007127783991814713	0.00048822310206254356	0.00032198492171006714	0.00028554705299111565	0.00022289640304140593	0.00011964003045588036	0.00008774937936473856	0.00006305269883927819	0.000023065031878995192	0.000014455174390171848	8.303217832199623e-20
0.009115554800037206	0.009115554799182213	0.00911555479808899	0.009115554796683847	0.00911555479486885	0.009115554792513574	0.009115554789444069	0.009115554785427978	0.009115554780154576	0.009115554773207931	0.009115554764030824	0.009115554751876281	0.009115554735742437	0.00911555471428505	0.00911555468569999	0.009115554647565437	0.009115554596630014	0.009115554528528374	0.009115554437399535	0.009115554315374924	0.009115554151892065	0.009115553932775074	0.009115553639003455	0.009115553245064006	0.009115552716745166	0.009115552008186431	0.009115551057934919	0.009115549783680805	0.009115548075232793	0.009115545785145538	0.009115542716224091	0.009115538604891714	0.009115533099062918	0.009115525728710015	0.009115515866781746	0.009115502677348786	0.009115485046837204	0.009115461492998897	0.009115430044455086	0.009115388081571649	0.009115332126415614	0.009115257565917908	0.009115158287418124	0.009115026199522537	0.00911485060306858	0.009114617366483894	0.009114307846337539	0.009113897476545046	0.00911335392748442	0.009112634707901194	0.009111684046331843	0.009110428842821242	0.009108773423464073	0.009106592756771578	0.009103723698246814	0.009099953713456245	0.009095006384891175	0.009088522827764574	0.00908003791740528	0.009068949958029707	0.009054482091082536	0.00903563334320444	0.009011116743882457	0.008979281401707815	0.008938014829947832	0.008884621194268581	0.008815670601442428	0.008726814218311306	0.008612560221048702	0.008466006966450553	0.008278533667811073	0.008039457831392248	0.007735687556874232	0.007351436017458334	0.006868155953025752	0.006265099761957402	0.0055219684761440065	0.004635435448574367	0.0037571176095601414	0.003341184467426142	0.003224048514863577	0.003125265451758682	0.002988771938957929	0.0027941034712518297	0.0025178372467004662	0.002129415336668009	0.0015982014436137322	0.001156063757197503	0.0010739710114696405	0.000982990765617054	0.000837216456537608	0.0006068135291849297	0.0003781738773131372	0.0003373267467025605	0.0002734218189766978	0.00016086640834834254	0.00010431121308834964	0.00007898453490661595	0.00003056199790501757	0.000015540891456234725	1.0013272502667151e-19
0.009534277453068675	0.009534277452198772	0.009534277451087907	0.00953427744966184	0.009534277447821947	0.00953427744543696	0.009534277442331861	0.009534277438272957	0.009534277432947833	0.009534277425938403	0.009534277416684694	0.009534277404436183	0.009534277388186418	0.009534277366585202	0.009534277337820635	0.009534277299460736	0.009534277248240805	0.009534277179777985	0.009534277088188239	0.009534276965572559	0.009534276801328163	0.009534276581225654	0.009534276286173359	0.0095342758905634	0.009534275360058428	0.009534274648630789	0.009534273694605005	0.009534272415374035	0.009534270700350015	0.009534268401560029	0.009534265321106605	0.009534261194474583	0.009534255668328183	0.009534248270976979	0.009534238373151092	0.009534225135970435	0.009534207441935031	0.009534183803573505	0.009534152242569085	0.009534110130071499	0.009534053975918472	0.009533979150831401	0.009533879520676374	0.009533746965650534	0.009533570749050852	0.009533336689760944	0.009533026079060779	0.009532614264969675	0.009532068805065404	0.009531347060271473	0.009530393065866003	0.009529133469891557	0.009527472270857254	0.009525284012887162	0.009522405003865945	0.0095186220059096	0.009513657702545078	0.009507152067047919	0.009498638534340999	0.00948751360704048	0.00947299819666402	0.00945408860630842	0.009429494596957824	0.009397561446902845	0.00935617232727637	0.009302626718513975	0.009233490076804705	0.009144409716543237	0.009029892245789496	0.008883039491219264	0.008695243904809326	0.008455853748144029	0.008151838730293353	0.007767528773129089	0.007284586879891114	0.006682601391203503	0.00594142072590332	0.005051893706613099	0.004116937863580525	0.003629310961979628	0.0035069431804048727	0.0034079674949854975	0.0032704630614269407	0.0030743553405158564	0.002796241487560547	0.0024052912336199744	0.001866266376478198	0.0013186517551110918	0.0012145580854922707	0.0011223249537501419	0.000974803049849989	0.0007404043179355557	0.0004481520797407628	0.00039559098307688365	0.00033065686119659806	0.00021361148130616932	0.00012299410757821776	0.00009711923069508699	0.000044405410741582815	0.00001614021860274679	1.085905444042282e-19
0.009976991750064302	0.009976991749178762	0.009976991748049452	0.009976991746601577	0.009976991744735838	0.00997699174232013	0.009976991739178391	0.009976991735075633	0.009976991729697814	0.009976991722624782	0.009976991713293944	0.009976991700951423	0.009976991684586453	0.009976991662843257	0.009976991633902699	0.009976991595323366	0.009976991543828239	0.00997699147501833	0.009976991382988425	0.009976991259811649	0.009976991094848415	0.009976990873820575	0.009976990577571692	0.009976990180407845	0.009976989647877455	0.009976988933801334	0.009976987976302549	0.009976986692505302	0.009976984971463059	0.009976982664725808	0.00997697957376179	0.009976975433209037	0.009976969888602465	0.009976962466751355	0.009976952536385255	0.009976939255960696	0.009976921504439011	0.00997689778963676	0.009976866126984339	0.009976823879320817	0.009976767545465058	0.00997669248153085	0.0099765925340396	0.009976459557607408	0.00997628278173975	0.009976047980746236	0.00997573638720418	0.009975323271959609	0.009974776091333954	0.00997405207369028	0.009973095081194924	0.009971831536468807	0.009970165145402415	0.009967970073670588	0.00996508214172783	0.009961287486901348	0.009956307996302413	0.009949782634562589	0.009941243568810092	0.009930085722253658	0.009915528059489661	0.009896564514284844	0.009871902011032925	0.009839882507565798	0.009798385417989258	0.00974470620262512	0.009675406428986283	0.009586130398322517	0.009471383880543804	0.009324272359131133	0.009136200782799165	0.008896546489063566	0.00859233712813252	0.008208009545098241	0.007725420151609304	0.007124488525878196	0.006385477495854659	0.005497012670664149	0.004521543891955664	0.003945686730883099	0.003816831688017773	0.003717830473282556	0.003579424169629185	0.0033820554399761854	0.003102366961585091	0.0027094752112275266	0.0021660100669447188	0.001525734761119705	0.0013736424960619795	0.0012802634625386482	0.001131221686575352	0.0008942241135398444	0.0005519232852989397	0.00046335593939843874	0.00039749157540159327	0.0002780873813852553	0.00014543030883697102	0.00011855118085149139	0.00006412448896957342	0.000016392808719230318	1.123029901284826e-19
0.01043205576160497	0.010432055760703465	0.010432055759555369	0.010432055758085347	0.010432055756193437	0.010432055753746727	0.010432055750568159	0.010432055746421507	0.010432055740991182	0.010432055733855099	0.010432055724448205	0.010432055712013511	0.01043205569553626	0.010432055673655549	0.01043205564454561	0.010432055605756439	0.010432055553999828	0.010432055484862193	0.01043205539241923	0.010432055268719017	0.010432055103088995	0.010432054881207433	0.010432054583860118	0.010432054185276438	0.01043205365090311	0.010432052934426233	0.01043205197379012	0.010432050685880823	0.010432048959433943	0.010432046645576665	0.01043204354521592	0.010432039392241238	0.010432033831188445	0.010432026387540259	0.010432016428259644	0.010432003109448622	0.01043198530694417	0.010431961524401139	0.010431929771730056	0.01043188740443343	0.010431830911608656	0.01043175563647984	0.010431655408509526	0.010431522059762973	0.010431344789968574	0.010431109334180047	0.010430796873310538	0.010430382610340367	0.010429833912632192	0.010429107892219668	0.01042814825955855	0.010426881240022137	0.01042521028392101	0.010423009227050127	0.010420113465927326	0.010416308595719643	0.010411315813959592	0.010404773213579072	0.010396211867510038	0.01038502533693855	0.01037043090855879	0.010351420477229945	0.010326698535295152	0.010294604212499604	0.010253013748243616	0.010199219220304008	0.010129778916102969	0.01004033462133885	0.009925391660774524	0.009778059377557474	0.00958975440499469	0.009349879872110865	0.009045515427935767	0.00866119501660651	0.00817894554477365	0.007578983162989531	0.006842015390243356	0.00595620517558301	0.004956361835741204	0.004281935409237346	0.004145002460157242	0.004046089063169231	0.0039068897425495915	0.003708435966501014	0.00342741572411113	0.0030330032222307783	0.0024867475867821043	0.0017826628215676962	0.0015469287376685705	0.0014525038379395283	0.0013021433065259383	0.0010634535527925765	0.0006952612933878079	0.0005390591255434845	0.00047234933583263004	0.00035176496355474545	0.00017422782011954042	0.0001429363841928176	0.00008781905469852878	0.000016621804654696215	1.119172912806712e-19
0.01090913590454203	0.010909135903623884	0.010909135902456258	0.010909135900963277	0.01090913589904433	0.010909135896565716	0.010909135893349407	0.01090913588915799	0.010909135883674403	0.01090913587647472	0.010909135866991595	0.010909135854465133	0.010909135837876893	0.010909135815861266	0.010909135786586449	0.010909135747594648	0.010909135695587574	0.01090913562613856	0.010909135533306275	0.010909135409116555	0.010909135242867697	0.010909135020199587	0.010909134721847267	0.010909134321972887	0.010909133785934133	0.010909133067299416	0.010909132103857312	0.010909130812286835	0.01090912908104738	0.010909126760898627	0.010909123652260445	0.010909119488374287	0.010909113912910308	0.010909106450201796	0.01090909646568468	0.010909083113423526	0.010909065266554245	0.010909041425136465	0.010909009594311188	0.010908967123248296	0.010908910492656038	0.01090883503463982	0.010908734563962802	0.010908600893268103	0.01090842319666069	0.010908187175451065	0.010907873966196085	0.010907458713686872	0.010906908709125699	0.010906180965124171	0.010905219062711921	0.010903949059304538	0.010902274188027075	0.010900068004894277	0.010897165547550916	0.010893351952985155	0.010888347836831505	0.010881790557384684	0.010873210266624854	0.010861999381129573	0.010847373780556523	0.010828323654221669	0.010803551463890148	0.010771393977181304	0.010729724776221347	0.010675833118723497	0.010606274633251587	0.010516689226243433	0.010401582117265698	0.010254066048129555	0.010065568097529162	0.009825514963386543	0.00952103147883217	0.009136735287788595	0.008654804889503471	0.008055707875713372	0.0073205486822724795	0.006437735773833772	0.005428609949481257	0.00464873567989274	0.004500385013357157	0.004401634944374937	0.004261753881943246	0.004062390139412603	0.0037802696920507853	0.003384694105657042	0.0028369966974037455	0.0021051376952292786	0.0017402707604043848	0.0016448442867127754	0.0014933595874232868	0.0012534563440997231	0.0008773876117799163	0.0006256315817973856	0.000558147011416576	0.00043692646891571363	0.00022633051326864453	0.00017141225326534695	0.00011608573659502145	0.00001868663431855517	1.1237961778810505e-19
0.011408909643502163	0.011408909642566667	0.011408909641378725	0.011408909639861934	0.011408909637915044	0.011408909635403575	0.011408909632148568	0.011408909627911464	0.0114089096223738	0.01140890961510993	0.01140890960555036	0.011408909592932516	0.011408909576234591	0.011408909554086709	0.011408909524651636	0.01140890948546463	0.011408909433218477	0.011408909363474993	0.011408909270277958	0.011408909145633892	0.011408908978815916	0.011408908755430939	0.011408908456170574	0.011408908055139588	0.011408907517619856	0.011408906797079814	0.011408905831176236	0.011408904536413517	0.01140890280101835	0.011408900475440735	0.011408897359690808	0.011408893186466642	0.011408887598712659	0.011408880119797769	0.01140887011388083	0.011408856733322327	0.01140883884899887	0.011408814957970463	0.011408783061394081	0.011408740503163126	0.01140868375699279	0.01140860814573566	0.011408507471933994	0.011408373532096864	0.011408195479076346	0.011407958986235126	0.011407645153447847	0.01140722907746507	0.011406677986725108	0.011405948812051234	0.01140498502820395	0.011403712554941886	0.011402034447653637	0.01139982403371551	0.011396916057789187	0.011393095283095685	0.011388081850866096	0.011381512520904646	0.011372916695684045	0.011361685861404531	0.01134703475493423	0.011327952179660159	0.011303138944683308	0.011270929896855537	0.011229196476317531	0.011175225704630887	0.011105571124069836	0.011015871160523006	0.010900631060807884	0.01075296677698162	0.010564314524930547	0.010324120523254899	0.010019548076918006	0.009635286550456233	0.009153639637277233	0.008555291535831183	0.007821664620460828	0.006941431487473203	0.005931430069816167	0.005050844679256478	0.004884516330506099	0.004785925497760415	0.004645480871439184	0.004445382042913147	0.00416238463353692	0.0037659334070319385	0.00321764318409564	0.0024768759116131404	0.0019554692493058867	0.0018588831422553416	0.0017064774519766038	0.001465608386062335	0.0010875196865841946	0.0007246220013718835	0.0006562627140406808	0.0005344320392859628	0.0003153267508570509	0.00020497108273506535	0.00014933054573334386	0.000035511511915869245	1.13311371126625e-19
0.011926731930474176	0.011926731929520753	0.011926731928311876	0.011926731926770616	0.01192673192479509	0.011926731922250076	0.011926731918955715	0.01192673191467236	0.011926731909080238	0.01192673190175209	0.01192673189211646	0.011926731879408334	0.011926731862602881	0.011926731840326431	0.011926731810736975	0.011926731771363715	0.01192673171889173	0.011926731648872988	0.011926731555338637	0.011926731430278949	0.011926731262946043	0.011926731038919513	0.01192673073885522	0.011926730336810883	0.011926729798006418	0.011926729075828856	0.011926728107828168	0.011926726810367943	0.011926725071487749	0.011926722741388562	0.011926719619751582	0.011926715438840697	0.011926709841021406	0.011926702348892282	0.011926692325595794	0.011926678922138743	0.011926661007600833	0.011926637076666476	0.011926605127333434	0.011926562499325393	0.011926505660829116	0.011926429927403769	0.01192632909196485	0.011926194938334831	0.011926016602686057	0.011925779736481831	0.011925465410900624	0.011925048685172674	0.011924496738790721	0.011923766438884256	0.011922801177543	0.011921526767545937	0.011919846126283567	0.011917632403719309	0.011914720117313007	0.011910893740511463	0.011905873046718208	0.01189929433157572	0.011890686416238532	0.011879440065669166	0.01186476913145946	0.011845661343989258	0.011820816234862514	0.011788567173244011	0.01174678395979393	0.011692751902982959	0.011623022958619549	0.011533234494108762	0.01141789192144046	0.011270113886553246	0.011081343953070779	0.010841044163022224	0.010536408833508017	0.010152184246079924	0.009670776270238025	0.009073042802611737	0.008340670856075757	0.007462506001801617	0.0064535606986411	0.005490617792354531	0.005294130346104157	0.0051956137773610765	0.005054731494673645	0.004854071186585725	0.004570414016080446	0.004173339387341681	0.0036248939516864646	0.002881886722733155	0.002192354260762123	0.0020934036877628044	0.0019402880797212297	0.0016986723026529693	0.0013211318429933096	0.0008371497605948802	0.0007647541383355963	0.000642385656821102	0.0004236654064527226	0.0002422450511864265	0.00018628013818030423	0.0000712605792361323	1.1423451738246631e-19
0.012465436927789007	0.01246543692681698	0.012465436925586425	0.012465436924019888	0.01246543692201488	0.012465436919435446	0.012465436916100863	0.012465436911770463	0.01246543690612323	0.012465436898730428	0.012465436889018798	0.01246543687622114	0.012465436859309939	0.012465436836908218	0.01246543680716985	0.0124654367676189	0.01246543671493399	0.012465436644658944	0.012465436550814599	0.012465436425378132	0.01246543625758495	0.01246543603299317	0.012465435732230815	0.012465435329319242	0.012465434789430754	0.012465434065890192	0.012465433096166564	0.012465431796517636	0.012465430054843114	0.012465427721158046	0.01246542459489859	0.012465420408007539	0.012465414802424284	0.012465407300179481	0.012465397263669518	0.012465383842913031	0.012465365905675046	0.012465341944912726	0.012465309956326732	0.012465267276619696	0.01246521036997688	0.012465134546696876	0.012465033592754377	0.012464899282850838	0.012464720741184763	0.012464483603518216	0.012464168920484062	0.012463751724484162	0.01246319916005334	0.01246246804887872	0.012461501724118954	0.012460225922302615	0.012458543462397963	0.012456327367719032	0.012453411993412268	0.012449581606095264	0.012444555717230629	0.012437970292370516	0.012429353738646735	0.012418096306450199	0.012403411217317323	0.012384285440391484	0.01235941760129329	0.012327140027135081	0.012285321362878151	0.012231245706667398	0.012161463941270762	0.012071612717217628	0.011956197686824837	0.011808339532762904	0.011619487378362632	0.01137911496389907	0.0110744395012745	0.01069024950790256	0.010209026938468195	0.009611761284415921	0.008880348823700687	0.00800380795036385	0.006995564179885097	0.005980238391068586	0.005731964545316566	0.005633395501007588	0.005492206418773015	0.005291158170117987	0.0050070562157049706	0.004609595721344057	0.004061233755284605	0.003319594727049621	0.002467382135105075	0.002352976195509697	0.0021993694255060107	0.001957251013701965	0.0015804262535834776	0.001004435661883412	0.0008834985886071405	0.0007607361997486752	0.00054372444020338	0.0002835264298433731	0.00022730840973669448	0.00011428845802565557	1.1494574004410775e-19
0.013033475688718465	0.01303347568772699	0.013033475686473821	0.013033475684880991	0.013033475682845401	0.013033475680230389	0.013033475676854402	0.013033475672475788	0.013033475666772381	0.013033475659314077	0.013033475649525984	0.013033475636638965	0.01303347561962316	0.013033475597098767	0.013033475567216223	0.01303347552749538	0.013033475474609675	0.013033475404096535	0.013033475309968866	0.013033475184193987	0.013033475015995008	0.013033474790914582	0.013033474489561051	0.013033474085930481	0.013033473545162424	0.013033472820539462	0.013033471849476402	0.013033470548161424	0.013033468804403422	0.013033466468097265	0.013033463338521364	0.01303345914741461	0.013033453536449115	0.013033446027298848	0.013033435981894142	0.013033422549644456	0.013033404597501743	0.013033380617363472	0.013033348603526599	0.013033305890849806	0.013033248941088156	0.013033173061350704	0.013033072033409933	0.013032937626465993	0.013032758957500688	0.013032521652826902	0.013032206750728923	0.013031789267488035	0.013031236326628599	0.013030504722516106	0.013029537752881896	0.013028261108441106	0.01302657754908548	0.01302436002226359	0.013021442786125534	0.013017609983571241	0.013012580968773096	0.013005991509223599	0.012997369765234607	0.012986105681479105	0.01297141210284784	0.012952275543799102	0.01292739409633709	0.012895099470210104	0.012853259624179807	0.012799157969685022	0.012729344756470208	0.012639456283617291	0.012523998404570337	0.012376093203818182	0.012187193304136132	0.011946779952367368	0.011642084743952496	0.011257922839463568	0.010776824576215071	0.010179865322975806	0.009449086661348506	0.008573688613994138	0.007566374424612066	0.006525847067691675	0.006207188225959594	0.006108511489130212	0.005967148115511884	0.005765885617669102	0.0054815535006679395	0.005083940130838313	0.004535829329948139	0.003796274213214334	0.0028289072953590192	0.00264634412864162	0.0024924715759482973	0.0022501231653768664	0.0018738925774420493	0.0012909099106612391	0.0010202963300720675	0.0008973356379635581	0.0006811469384089342	0.0003308939684399886	0.0002742414048865795	0.0001619630870573119	1.1533933644751188e-19
0.013843510757963563	0.013843510756954008	0.013843510755679859	0.013843510754062687	0.013843510751998862	0.013843510749351107	0.01384351074593715	0.013843510741514513	0.013843510735760067	0.013843510728242582	0.013843510718385871	0.013843510705419265	0.01384351068831112	0.013843510665679532	0.013843510635672449	0.013843510595806774	0.01384351054275243	0.013843510472042644	0.013843510377685313	0.013843510251641777	0.013843510083127992	0.013843509857678018	0.01384350955588973	0.013843509151746205	0.01384350861037069	0.013843507885025351	0.013843506913099834	0.013843505610751502	0.013843503865750593	0.013843501527941707	0.013843498396538007	0.01384349420319708	0.01384348858948832	0.01384348107694883	0.013843471027332384	0.013843457589826661	0.0138434396310874	0.013843415642628452	0.01384338361824935	0.01384334089215452	0.013843283925258468	0.013843208023556198	0.013843106967365598	0.013842972524010441	0.013842793807995114	0.013842556442400228	0.013842241461334438	0.013841823875597419	0.013841270801658579	0.013840539024667245	0.013839571830479453	0.013838294894423505	0.013836610956658403	0.013834392939338771	0.01383147506823969	0.013827641445067297	0.013822611372044095	0.0138160205512828	0.013807397061584879	0.013796130747115025	0.013781434329525655	0.01376229417644219	0.01373740820712744	0.013705107934893046	0.013663261106815174	0.013609150924724638	0.013539327466481958	0.013449426968414445	0.013333955449120157	0.01318603560345961	0.012997121476911018	0.012756697220063304	0.012451999979733048	0.012067855185761046	0.011586811961434254	0.010989980410475345	0.01025946459442661	0.00938457608927754	0.008378078261620205	0.00732769873961018	0.006902727170870213	0.0068040137178948384	0.0066626060351418935	0.006461297962389522	0.006176940142910354	0.005779385098822517	0.005231626014722048	0.004493677145738396	0.003527825749927605	0.0030703377776726813	0.0029164206528766038	0.00267411362438371	0.0022984714979195396	0.0017252786125698633	0.0011352172315267966	0.0010122679522270171	0.0007966486310977984	0.000414136831525164	0.0003099906007074639	0.00019810884402830868	1.1538308363763447e-19