0.000000000000000000e+00 1.955508395666798654e-10 0.000000000000000000e+00 1.000000000000000000e+04 1.163202285587009206e+56 2.657585804256780045e+53 4.266062542499139062e+13 0.000000000000000000e+00
1.728395212444053966e-37 1.955508395666798654e-10 0.000000000000000000e+00 1.000000000000000000e+04 1.163202285587009206e+56 2.657585804256780045e+53 4.266062542499139062e+13 1.999999999595596819e-05
3.456790424888107932e-37 1.955508395666798654e-10 0.000000000000000000e+00 1.000000000000000000e+04 1.163202285587009206e+56 2.657585804256780045e+53 4.266062542499139062e+13 3.999999999191193638e-05
2.074074254932865094e-36 1.955508395666798654e-10 0.000000000000000000e+00 1.000000000000000000e+04 1.163202285587009206e+56 2.657585804256780045e+53 4.266062542499139062e+13 2.399999999514716318e-04
3.802469467376919227e-36 1.955508395666798654e-10 0.000000000000000000e+00 1.000000000000000000e+04 1.163202285587009206e+56 2.657585804256780045e+53 4.266062542499139062e+13 4.399999999110313070e-04
5.530864679820973360e-36 1.955508395666798654e-10 0.000000000000000000e+00 1.000000000000000000e+04 1.163202285587009206e+56 2.657585804256780045e+53 4.266062542499139062e+13 6.399999998705909821e-04
2.281481680426151402e-35 1.955508395666798654e-10 0.000000000000000000e+00 1.000000000000000000e+04 1.163202285587009206e+56 2.657585804256780045e+53 4.266062542499139062e+13 2.639999999466187842e-03
4.009876892870205803e-35 1.955508395666798654e-10 0.000000000000000000e+00 1.000000000000000000e+04 1.163202285587009206e+56 2.657585804256780045e+53 4.266062542499139062e+13 4.639999999061786111e-03
5.738272105314260471e-35 1.955508395666798654e-10 0.000000000000000000e+00 1.000000000000000000e+04 1.163202285587009206e+56 2.657585804256780045e+53 4.266062542499139062e+13 6.639999998657383079e-03
2.302222422975480822e-34 1.955508395666798654e-10 0.000000000000000000e+00 1.000000000000000000e+04 1.163202285587009206e+56 2.657585804256780045e+53 4.266062542499139062e+13 2.663999999461337531e-02
4.030617635419535703e-34 1.955508395666798654e-10 0.000000000000000000e+00 1.000000000000000000e+04 1.163202285587009206e+56 2.657585804256780045e+53 4.266062542499139062e+13 4.663999999056937101e-02
5.759012847863590585e-34 1.955508395666798654e-10 0.000000000000000000e+00 1.000000000000000000e+04 1.163202285587009206e+56 2.657585804256780045e+53 4.266062542499139062e+13 6.663999998652533896e-02
7.487408060307645467e-34 1.955508395666798654e-10 0.000000000000000000e+00 1.000000000000000000e+04 1.163202285587009206e+56 2.657585804256780045e+53 4.266062542499139062e+13 8.663999998248131384e-02
2.477136018474819514e-33 1.955508395666798654e-10 0.000000000000000000e+00 1.000000000000000000e+04 1.163202285587009206e+56 2.657585804256780045e+53 4.266062542499139062e+13 2.866399999420411460e-01
4.205531230918874053e-33 1.955508395666798654e-10 0.000000000000000000e+00 1.000000000000000000e+04 1.163202285587009206e+56 2.657585804256780045e+53 4.266062542499139062e+13 4.866399999016008948e-01
5.933926443362928935e-33 1.955508395666798654e-10 0.000000000000000000e+00 1.000000000000000000e+04 1.163202285587009206e+56 2.657585804256780045e+53 4.266062542499139062e+13 6.866399998611606437e-01
2.321787856780347912e-32 1.955508395666798654e-10 0.000000000000000000e+00 1.000000000000000000e+04 1.163202285587009206e+56 2.657585804256780045e+53 4.266062542499139062e+13 2.686639999456758687e+00
4.050183069224402794e-32 1.955508395666798654e-10 0.000000000000000000e+00 1.000000000000000000e+04 1.163202285587009206e+56 2.657585804256780045e+53 4.266062542499139062e+13 4.686639999052356842e+00
2.133413519366495161e-31 1.955508395666798654e-10 0.000000000000000000e+00 1.000000000000000000e+04 1.163202285587009206e+56 2.657585804256780045e+53 4.266062542499139062e+13 2.468663999500833484e+01
3.861808731810549824e-31 1.955508395666798654e-10 0.000000000000000000e+00 1.000000000000000000e+04 1.163202285587009206e+56 2.657585804256780045e+53 4.266062542499139062e+13 4.468663999096430928e+01
2.114576085625109645e-30 1.955508395666798654e-10 0.000000000000000000e+00 1.000000000000000000e+04 1.163202285587009206e+56 2.657585804256780045e+53 4.266062542499139062e+13 2.446866399505241532e+02
3.842971298069164045e-30 1.955508395666798654e-10 0.000000000000000000e+00 1.000000000000000000e+04 1.163202285587009206e+56 2.657585804256780045e+53 4.266062542499139062e+13 4.446866399100838407e+02
5.571366510513218445e-30 1.955508395666798654e-10 0.000000000000000000e+00 1.000000000000000000e+04 1.163202285587009206e+56 2.657585804256780045e+53 4.266062542499139062e+13 6.446866398696434999e+02
1.421334257273348904e-29 1.955508395666798654e-10 0.000000000000000000e+00 1.000000000000000000e+04 1.163202285587009206e+56 2.657585804256780045e+53 4.266062542499139062e+13 1.644686639667442023e+03
2.285531863495375824e-29 1.955508395666798654e-10 0.000000000000000000e+00 1.000000000000000000e+04 1.163202285587009206e+56 2.657585804256780045e+53 4.266062542499139062e+13 2.644686639465240660e+03
1.092750792571564502e-28 1.955508395666798654e-10 0.000000000000000000e+00 1.000000000000000000e+04 1.163202285587009206e+56 2.657585804256780045e+53 4.266062542499139062e+13 1.264468663744322475e+04
1.956948398793591422e-28 1.955508395666798654e-10 0.000000000000000000e+00 1.000000000000000000e+04 1.163202285587009206e+56 2.657585804256780045e+53 4.266062542499139062e+13 2.264468663542121067e+04
2.821146005015618341e-28 1.955508395666798654e-10 0.000000000000000000e+00 1.000000000000000000e+04 1.163202285587009206e+56 2.657585804256780045e+53 4.266062542499139062e+13 3.264468663339919294e+04
1.146312206723588619e-27 1.955508395666798654e-10 0.000000000000000000e+00 1.000000000000000000e+04 1.163202285587009206e+56 2.657585804256780045e+53 4.266062542499139062e+13 1.326446866131790157e+05
2.010509812945615315e-27 1.955508395666798654e-10 0.000000000000000000e+00 1.000000000000000000e+04 1.163202285587009206e+56 2.657585804256780045e+53 4.266062542499139062e+13 2.326446865929588093e+05
4.171003828500682412e-27 1.955508395666798654e-10 0.000000000000000000e+00 1.000000000000000000e+04 1.163202285587009206e+56 2.657585804256780045e+53 4.266062542499139062e+13 4.826446865424083080e+05
4.711127332389449545e-27 1.955508395666798654e-10 0.000000000000000000e+00 1.000000000000000000e+04 1.163202285587009206e+56 2.657585804256780045e+53 4.266062542499139062e+13 5.451446865297707263e+05
5.251250836278216678e-27 1.955508395666798654e-10 0.000000000000000000e+00 1.000000000000000000e+04 1.163202285587009206e+56 2.657585804256780045e+53 4.266062542499139062e+13 6.076446865171332611e+05
1.065248587516588801e-26 1.955508395666798654e-10 0.000000000000000000e+00 1.000000000000000000e+04 1.163202285587009206e+56 2.657585804256780045e+53 4.266062542499139062e+13 1.232644686390757561e+06
1.605372091405355791e-26 1.955508395666798654e-10 0.000000000000000000e+00 1.000000000000000000e+04 1.163202285587009206e+56 2.657585804256780045e+53 4.266062542499139062e+13 1.857644686264381744e+06
2.955680851127273049e-26 1.955508395666798654e-10 0.000000000000000000e+00 1.000000000000000000e+04 1.163202285587009206e+56 2.657585804256780045e+53 4.266062542499139062e+13 3.420144685948441736e+06
4.305989610849190308e-26 1.955508395666798654e-10 0.000000000000000000e+00 1.000000000000000000e+04 1.163202285587009206e+56 2.657585804256780045e+53 4.266062542499139062e+13 4.982644685632501729e+06
1.780907720806836175e-25 1.955508395666798654e-10 0.000000000000000000e+00 1.000000000000000000e+04 1.163202285587009206e+56 2.657585804256780045e+53 4.266062542499139062e+13 2.060764468247310445e+07
3.131216480528753434e-25 1.955508395666798654e-10 0.000000000000000000e+00 1.000000000000000000e+04 1.163202285587009206e+56 2.657585804256780045e+53 4.266062542499139062e+13 3.623264467931370437e+07
1.663430407774792556e-24 1.955508395666798654e-10 0.000000000000000000e+00 1.000000000000000000e+04 1.163202285587009206e+56 2.657585804256780045e+53 4.266062542499139062e+13 1.924826446477197409e+08
3.013739167496709723e-24 1.955508395666798654e-10 0.000000000000000000e+00 1.000000000000000000e+04 1.163202285587009206e+56 2.657585804256780045e+53 4.266062542499139062e+13 3.487326446161257625e+08
1.651682676471588286e-23 1.955508395666798654e-10 0.000000000000000000e+00 1.000000000000000000e+04 1.163202285587009206e+56 2.657585804256780045e+53 4.266062542499139062e+13 1.911232644300185919e+09
3.001991436193505894e-23 1.955508395666798654e-10 0.000000000000000000e+00 1.000000000000000000e+04 1.163202285587009206e+56 2.657585804256780045e+53 4.266062542499139062e+13 3.473732643984246731e+09
4.352300195915423208e-23 1.955508395666798654e-10 0.000000000000000000e+00 1.000000000000000000e+04 1.163202285587009206e+56 2.657585804256780045e+53 4.266062542499139062e+13 5.036232643668306351e+09
1.785538779313459517e-22 1.955508395666798654e-10 0.000000000000000000e+00 1.000000000000000000e+04 1.163202285587009206e+56 2.657585804256780045e+53 4.266062542499139062e+13 2.066123264050890350e+10
3.135847539035376596e-22 1.955508395666798654e-10 0.000000000000000000e+00 1.000000000000000000e+04 1.163202285587009206e+56 2.657585804256780045e+53 4.266062542499139062e+13 3.628623263734950256e+10
3.979790513861574594e-22 1.955508395666798654e-10 0.000000000000000000e+00 1.000000000000000000e+04 1.163202285587009206e+56 2.657585804256780045e+53 4.266062542499139062e+13 4.605185763537487793e+10
4.823733488687772121e-22 1.955508395666798654e-10 0.000000000000000000e+00 1.000000000000000000e+04 1.163202285587009206e+56 2.657585804256780045e+53 4.266062542499139062e+13 5.581748263340024567e+10
1.326316323694974740e-21 1.955508395666798654e-10 0.000000000000000000e+00 1.000000000000000000e+04 1.163202285587009206e+56 2.657585804256780045e+53 4.266062542499139062e+13 1.534737326136539307e+11
2.170259298521172079e-21 1.955508395666798654e-10 0.000000000000000000e+00 1.000000000000000000e+04 1.163202285587009206e+56 2.657585804256780045e+53 4.266062542499139062e+13 2.511299825939075317e+11
1.060968904678314623e-20 1.955508395666798654e-10 0.000000000000000000e+00 1.000000000000000000e+04 1.163202285587009206e+56 2.657585804256780045e+53 4.266062542499139062e+13 1.227692482396444336e+12
1.904911879504511962e-20 1.955508395666798654e-10 0.000000000000000000e+00 1.000000000000000000e+04 1.163202285587009206e+56 2.657585804256780045e+53 4.266062542499139062e+13 2.204254982198980469e+12
2.748854854330709302e-20 1.955508395666798654e-10 0.000000000000000000e+00 1.000000000000000000e+04 1.163202285587009206e+56 2.657585804256780045e+53 4.266062542499139062e+13 3.180817482001516602e+12
1.118828460259268149e-19 1.955508395666798654e-10 0.000000000000000000e+00 1.000000000000000000e+04 1.163202285587009206e+56 2.657585804256780045e+53 4.266062542499139062e+13 1.294644248002687891e+13
1.962771435085465429e-19 1.955508395666798654e-10 0.000000000000000000e+00 1.000000000000000000e+04 1.163202285587009206e+56 2.657585804256780045e+53 4.266062542499139062e+13 2.271206747805224219e+13
1.040220118334743822e-18 1.955508395666798654e-10 0.000000000000000000e+00 1.000000000000000000e+04 1.163202285587009206e+56 2.657585804256780045e+53 4.266062542499139062e+13 1.203683174583058594e+14
1.884163093160941054e-18 1.955508395666798654e-10 0.000000000000000000e+00 1.000000000000000000e+04 1.163202285587009206e+56 2.657585804256780045e+53 4.266062542499139062e+13 2.180245674385595312e+14
2.728106067987138478e-18 1.955508395666798654e-10 0.000000000000000000e+00 1.000000000000000000e+04 1.163202285587009206e+56 2.657585804256780045e+53 4.266062542499139062e+13 3.156808174188131250e+14
1.116753581624911272e-17 1.955508395666798654e-10 0.000000000000000000e+00 1.000000000000000000e+04 1.163202285587009206e+56 2.657585804256780045e+53 4.266062542499139062e+13 1.292243317221349500e+15
1.960696556451108618e-17 1.955508395666798654e-10 0.000000000000000000e+00 1.000000000000000000e+04 1.163202285587009206e+56 2.657585804256780045e+53 4.266062542499139062e+13 2.268805817023886500e+15
1.040012630471308209e-16 1.955508395666799429e-10 0.000000000000000000e+00 1.000000000000000000e+04 1.163202285587009206e+56 2.657585804256780045e+53 4.266062542499138281e+13 1.203443081504925600e+16
1.883955605297505432e-16 1.955508395666800205e-10 0.000000000000000000e+00 1.000000000000000000e+04 1.163202285587009206e+56 2.657585804256780045e+53 4.266062542499137500e+13 2.180005581307462800e+16
1.032338535355947841e-15 1.955508395666807701e-10 0.000000000000000000e+00 1.000000000000000000e+04 1.163202285587009206e+56 2.657585804256780045e+53 4.266062542499128906e+13 1.194563057933288640e+17
1.876281510182145138e-15 1.955508395666815197e-10 0.000000000000000000e+00 1.000000000000000000e+04 1.163202285587009206e+56 2.657585804256780045e+53 4.266062542499120312e+13 2.171125557735836160e+17
1.031571125844411654e-14 1.955508395666891195e-10 0.000000000000000000e+00 1.000000000000000000e+04 1.163202285587009206e+56 2.657585804256780045e+53 4.266062542499037500e+13 1.193675055576180224e+18
1.875514100670608872e-14 1.955508395666967192e-10 0.000000000000000000e+00 1.000000000000000000e+04 1.163202285587009206e+56 2.657585804256780045e+53 4.266062542498954688e+13 2.170237555378832384e+18
1.031494384893258074e-13 1.955508395667726389e-10 0.000000000000000000e+00 1.000000000000000000e+04 1.163202285587009206e+56 2.657585804256780045e+53 4.266062542498125781e+13 1.193586255341024870e+19
1.875437359719455419e-13 1.955508395668485585e-10 0.000000000000000000e+00 1.000000000000000000e+04 1.163202285587009206e+56 2.657585804256780045e+53 4.266062542497296875e+13 2.170148755144722842e+19
1.031486710798142937e-12 1.955508395676077035e-10 0.000000000000000000e+00 1.000000000000000000e+04 1.163202285587009206e+56 2.657585804256780045e+53 4.266062542489007031e+13 1.193577375323059651e+20
1.875429685624340131e-12 1.955508395683668485e-10 0.000000000000000000e+00 1.000000000000000000e+04 1.163202285587009206e+56 2.657585804256780045e+53 4.266062542480717188e+13 2.170139875137212252e+20
1.031485943388631166e-11 1.955508395759582728e-10 0.000000000000000000e+00 1.000000000000000000e+04 1.163202285587009206e+56 2.657585804256780045e+53 4.266062542397817188e+13 1.193576487376767681e+21
1.875428918214828319e-11 1.955508395835496970e-10 0.000000000000000000e+00 1.000000000000000000e+04 1.163202285587009206e+56 2.657585804256780045e+53 4.266062542314917188e+13 2.170138987295473402e+21
1.031485866647680017e-10 1.955508396594638875e-10 0.000000000000000000e+00 1.000000000000000000e+04 1.163202285587009206e+56 2.657585804256780045e+53 4.266062541485914062e+13 1.193576399137190969e+22
1.875428841473877041e-10 1.955508397353780780e-10 0.000000000000000000e+00 1.000000000000000000e+04 1.163202285587009206e+56 2.657585804256780045e+53 4.266062540656910938e+13 2.170138900101416039e+22
1.031485858973584754e-09 1.955508404945199057e-10 0.000000000000000000e+00 1.000000000000000000e+04 1.163202285587009206e+56 2.657585804256780045e+53 4.266062532366882812e+13 1.193576395863751362e+23
1.875428833799781907e-09 1.955508412536617334e-10 0.000000000000000000e+00 1.000000000000000000e+04 1.163202285587009206e+56 2.657585804256780045e+53 4.266062524076854688e+13 2.170138907283176062e+23
1.031485858206175426e-08 1.955508488450802689e-10 0.000000000000000000e+00 1.000000000000000000e+04 1.163202285587009206e+56 2.657585804256780045e+53 4.266062441176574219e+13 1.193576451041595914e+24
1.875428833032372786e-08 1.955508564364990887e-10 0.000000000000000000e+00 1.000000000000000000e+04 1.163202285587009206e+56 2.657585804256780045e+53 4.266062358276295312e+13 2.170139067013022953e+24
1.031485858129434672e-07 1.955509323507126448e-10 0.000000000000000000e+00 1.000000000000000000e+04 1.163202285587009206e+56 2.657585804256780045e+53 4.266061529273643750e+13 1.193577011611446017e+25
1.875428832955631998e-07 1.955510082649550488e-10 0.000000000000000000e+00 1.000000000000000000e+04 1.163202285587009206e+56 2.657585804256780045e+53 4.266060700271150000e+13 2.170140673103544293e+25
1.031485858121760500e-06 1.955517674099124335e-10 0.000000000000000000e+00 1.000000000000000000e+04 1.163202285587009206e+56 2.657585804256780045e+53 4.266052410260053906e+13 1.193582618207879005e+26
1.875428832947957827e-06 1.955525265577537316e-10 0.000000000000000000e+00 1.000000000000000000e+04 1.163202285587009206e+56 2.657585804256780045e+53 4.266044120264713281e+13 2.170156734971170015e+26
7.334446064751617065e-06 1.955574371482307737e-10 0.000000000000000000e+00 1.000000000000000000e+04 1.163202285587009206e+56 2.657585804256780045e+53 4.265990497074114844e+13 8.487224906114535964e+26
1.279346329655527525e-05 1.955623478600557029e-10 0.000000000000000000e+00 1.000000000000000000e+04 1.163202285587009206e+56 2.657585804256780045e+53 4.265936874546435156e+13 1.480452727939356385e+27
1.825248052835893258e-05 1.955672586947097152e-10 0.000000000000000000e+00 1.000000000000000000e+04 1.163202285587009206e+56 2.657585804256780045e+53 4.265883252689739062e+13 2.112206671618423557e+27
6.487045522287937819e-05 1.956092004237174403e-10 0.000000000000000000e+00 1.000000000000000000e+04 1.163202285587009206e+56 2.657585804256780045e+53 4.265425369466415625e+13 7.508120904238783838e+27
1.114884299173998306e-04 1.956511511494154853e-10 0.000000000000000000e+00 1.000000000000000000e+04 1.163202285587009206e+56 2.657585804256780045e+53 4.264967535371581250e+13 1.290577173934150562e+28
1.581064046119202830e-04 1.956931108768552353e-10 0.000000000000000000e+00 1.000000000000000000e+04 1.163202285587009206e+56 2.657585804256780045e+53 4.264509750417721094e+13 1.830516033009360951e+28
6.242861515571248611e-04 1.961132039614342258e-10 0.000000000000000000e+00 1.000000000000000000e+04 1.163202285587009206e+56 2.657585804256780045e+53 4.259934601816317188e+13 7.239482825117803624e+28
1.090465898502329493e-03 1.965341994480048126e-10 0.000000000000000000e+00 1.000000000000000000e+04 1.163202285587009206e+56 2.657585804256780045e+53 4.255364361414145312e+13 1.266589155533748927e+29
1.556645645447534126e-03 1.969560991856283907e-10 0.000000000000000000e+00 1.000000000000000000e+04 1.163202285587009206e+56 2.657585804256780045e+53 4.250799024194044531e+13 1.810979587486956825e+29
3.335524048582478619e-03 1.985743541699050548e-10 0.000000000000000000e+00 1.000000000000000000e+04 1.163202285587009206e+56 2.657585804256780045e+53 4.233423278376667969e+13 3.904475225765826253e+29
5.114402451717422679e-03 2.002059119774712366e-10 0.000000000000000000e+00 1.000000000000000000e+04 1.163202285587009206e+56 2.657585804256780045e+53 4.216118560631084375e+13 6.023842454278283812e+29
6.893280854852366739e-03 2.018508823324781239e-10 0.000000000000000000e+00 1.000000000000000000e+04 1.163202285587009206e+56 2.657585804256780045e+53 4.198884579349431250e+13 8.169402060334271063e+29
8.672159257987310799e-03 2.035093758311332803e-10 0.000000000000000000e+00 1.000000000000000000e+04 1.163202285587009206e+56 2.657585804256780045e+53 4.181721044332990625e+13 1.034147875970107283e+30
1.609075954939753056e-02 2.105742197697481075e-10 0.000000000000000000e+00 1.000000000000000000e+04 1.163202285587008988e+56 2.657585804256780045e+53 4.110895731168324219e+13 1.969317262906805151e+30
2.350935984080775032e-02 2.178844662030948198e-10 0.000000000000000000e+00 1.000000000000000000e+04 1.163202285587009424e+56 2.657585804256780045e+53 4.041269993173631250e+13 2.953646911544883269e+30
3.092796013221797008e-02 2.254486196901252815e-10 0.000000000000000000e+00 1.000000000000000000e+04 1.163202285587008988e+56 2.657585804256780045e+53 3.972823494017600781e+13 3.989713097616353692e+30
3.834656042362818984e-02 2.332754906104556881e-10 0.000000000000000000e+00 1.000000000000000000e+04 1.163202285587009206e+56 2.657585804256780045e+53 3.905536258274567188e+13 5.080232298887232005e+30
5.211472563171541672e-02 2.485288887293715697e-10 0.000000000000000000e+00 1.000000000000000000e+04 1.163202285587009206e+56 2.657585804256780045e+53 3.783663539869769531e+13 7.258286198105087813e+30
6.588289083980264360e-02 2.647800651620300716e-10 0.000000000000000000e+00 1.000000000000000000e+04 1.163202285587009206e+56 2.657585804256780045e+53 3.665593840410710938e+13 9.653556681259647208e+30
7.965105604788987048e-02 2.820942828021252942e-10 0.000000000000000000e+00 1.000000000000000000e+04 1.163202285587008988e+56 2.657585804256780045e+53 3.551208521467032031e+13 1.228770857969297628e+31
9.341922125597709736e-02 3.005410572827747035e-10 0.000000000000000000e+00 1.000000000000000000e+04 1.163202285587008988e+56 2.657585804256780045e+53 3.440392620839681250e+13 1.518456223496400540e+31
1.071873864640643242e-01 3.201944406626428459e-10 0.000000000000000000e+00 1.000000000000000000e+04 1.163202285587008988e+56 2.657585804256780045e+53 3.333034747040590625e+13 1.837031123088170822e+31
1.317796112926571117e-01 3.585519412851596800e-10 0.000000000000000000e+00 1.000000000000000000e+04 1.163202285587008771e+56 2.657585804256780045e+53 3.149543533447169531e+13 2.487167263866550040e+31
1.563718361212498853e-01 4.015052726502205224e-10 0.000000000000000000e+00 1.000000000000000000e+04 1.163202285587007682e+56 2.657585804256780045e+53 2.976153934170158984e+13 3.257617426836796675e+31
1.809640609498426589e-01 4.496048544066946711e-10 0.000000000000000000e+00 1.000000000000000000e+04 1.163202285587007682e+56 2.657585804256780045e+53 2.812309838614304688e+13 4.170641615703771530e+31
2.055562857784354325e-01 5.034669630996269309e-10 0.000000000000000000e+00 1.000000000000000000e+04 1.163202285587008117e+56 2.657585804256780045e+53 2.657485746730641406e+13 5.252615391789078168e+31
2.301485106070282061e-01 5.637816161376980613e-10 0.000000000000000000e+00 1.000000000000000000e+04 1.163202285587008335e+56 2.657585804256780045e+53 2.511185079631342578e+13 6.534793151105818106e+31
2.547407354356209797e-01 6.313214011649881251e-10 0.000000000000000000e+00 1.000000000000000000e+04 1.163202285587008335e+56 2.657585804256780045e+53 2.372938596842368359e+13 8.054210911903749503e+31
2.835568445602826282e-01 7.208244222889185025e-10 0.000000000000000000e+00 1.000000000000000000e+04 1.163202285587008117e+56 2.657585804256780045e+53 2.220600309507360547e+13 1.019597276482622373e+32
3.123729536849442767e-01 8.230141932215597264e-10 0.000000000000000000e+00 1.000000000000000000e+04 1.163202285587008117e+56 2.657585804256780045e+53 2.078041869495379297e+13 1.280909586705259316e+32
3.411890628096059253e-01 9.396877464851232496e-10 0.000000000000000000e+00 1.000000000000000000e+04 1.163202285587008117e+56 2.657585804256780045e+53 1.944635422590091016e+13 1.599726590269110884e+32
3.700051719342675738e-01 1.072896449320758771e-09 0.000000000000000000e+00 1.000000000000000000e+04 1.163202285587008553e+56 2.657585804256780045e+53 1.819793421350592578e+13 1.988697589227894354e+32
3.988212810589292223e-01 1.224981983290199988e-09 0.000000000000000000e+00 1.000000000000000000e+04 1.163202285587008553e+56 2.657585804256780045e+53 1.702966043538923047e+13 2.463254540219295176e+32
4.276373901835908709e-01 1.398617299334739623e-09 0.000000000000000000e+00 1.000000000000000000e+04 1.163202285587008553e+56 2.657585804256780045e+53 1.593638767691202539e+13 3.042222675041591821e+32
4.575644427811577097e-01 1.605034387408446969e-09 0.000000000000000000e+00 1.000000000000000000e+04 1.163202285587008553e+56 2.657585804256780045e+53 1.487520096884340625e+13 3.778712368373273845e+32
4.874914953787245486e-01 1.841900219139500931e-09 0.000000000000000000e+00 1.000000000000000000e+04 1.163202285587009206e+56 2.657585804256780045e+53 1.388467756029198047e+13 4.684135144048505229e+32
5.174185479762913875e-01 2.113701873003512354e-09 0.000000000000000000e+00 1.000000000000000000e+04 1.163202285587008771e+56 2.657585804256780045e+53 1.296011202338841016e+13 5.797219675136377107e+32
5.473456005738581709e-01 2.425586751412383903e-09 0.000000000000000000e+00 1.000000000000000000e+04 1.163202285587008988e+56 2.657585804256780045e+53 1.209711228349127930e+13 7.165569543670160937e+32
5.772726531714249543e-01 2.783459529711726313e-09 0.000000000000000000e+00 1.000000000000000000e+04 1.163202285587008335e+56 2.657585804256780045e+53 1.129157875235139258e+13 8.847695182399270337e+32
6.071997057689917376e-01 3.194093216013449724e-09 0.000000000000000000e+00 1.000000000000000000e+04 1.163202285587008335e+56 2.657585804256780045e+53 1.053968482752596289e+13 1.091550876579678995e+33
6.374050487509657081e-01 3.669948974414106124e-09 0.000000000000000000e+00 1.000000000000000000e+04 1.163202285587008335e+56 2.657585804256780045e+53 9.831556756889017578e+12 1.348357806887280999e+33
6.676103917329396786e-01 4.216634565927653810e-09 0.000000000000000000e+00 1.000000000000000000e+04 1.163202285587008335e+56 2.657585804256780045e+53 9.171005573972802734e+12 1.664639867984234471e+33
6.978157347149136491e-01 4.844677448968007273e-09 0.000000000000000000e+00 1.000000000000000000e+04 1.163202285587008117e+56 2.657585804256780045e+53 8.554834732032619141e+12 2.054161430147226227e+33
7.280210776968876196e-01 5.566166313847071366e-09 0.000000000000000000e+00 1.000000000000000000e+04 1.163202285587008771e+56 2.657585804256780045e+53 7.980062456780022461e+12 2.533869518655166512e+33
7.582264206788615901e-01 6.394981800708015662e-09 0.000000000000000000e+00 1.000000000000000000e+04 1.163202285587008553e+56 2.657585804256780045e+53 7.443907312449534180e+12 3.124628737095583769e+33
7.884317636608355606e-01 7.347061091093986227e-09 0.000000000000000000e+00 1.000000000000000000e+04 1.163202285587008117e+56 2.657585804256780045e+53 6.943774737077497070e+12 3.852125447304642335e+33
8.187388549527285786e-01 8.444647537417399846e-09 0.000000000000000000e+00 1.000000000000000000e+04 1.163202285587007464e+56 2.657585804256780045e+53 6.475727151177205078e+12 4.751324579543924972e+33
8.490459462446215966e-01 9.705975328315050565e-09 0.000000000000000000e+00 1.000000000000000000e+04 1.163202285587007682e+56 2.657585804256780045e+53 6.039228478503385742e+12 5.859356278792989308e+33
8.793530375365146146e-01 1.115541844083351682e-08 0.000000000000000000e+00 1.000000000000000000e+04 1.163202285587007900e+56 2.657585804256780045e+53 5.632152152485674805e+12 7.224669749794300405e+33
9.096601288284076325e-01 1.282096685134878050e-08 0.000000000000000000e+00 1.000000000000000000e+04 1.163202285587007900e+56 2.657585804256780045e+53 5.252514949539401367e+12 8.906938620099453699e+33
9.399672201203006505e-01 1.473476017790939455e-08 0.000000000000000000e+00 1.000000000000000000e+04 1.163202285587007682e+56 2.657585804256780045e+53 4.898467326302221680e+12 1.097965623770129121e+34
9.702743114121936685e-01 1.693369940625409896e-08 0.000000000000000000e+00 1.000000000000000000e+04 1.163202285587007682e+56 2.657585804256780045e+53 4.568284408218638672e+12 1.353332925062673518e+34
1.000652513493738072e+00 1.946649802446394967e-08 0.000000000000000000e+00 1.000000000000000000e+04 1.163202285587007464e+56 2.657585804256780045e+53 4.259660059114021484e+12 1.668758854351154562e+34
1.031030715575282475e+00 2.237732835800261549e-08 0.000000000000000000e+00 1.000000000000000000e+04 1.163202285587007246e+56 2.657585804256780045e+53 3.971885767148340820e+12 2.057527945292810721e+34
1.061408917656826878e+00 2.572242797685437250e-08 0.000000000000000000e+00 1.000000000000000000e+04 1.163202285587006593e+56 2.657585804256780045e+53 3.703552942791308105e+12 2.536667391158024939e+34
1.091787119738371281e+00 2.956635827262160377e-08 0.000000000000000000e+00 1.000000000000000000e+04 1.163202285587006811e+56 2.657585804256780045e+53 3.453348158407021484e+12 3.127149003338535825e+34
1.122165321819915684e+00 3.398322685979124855e-08 0.000000000000000000e+00 1.000000000000000000e+04 1.163202285587006811e+56 2.657585804256780045e+53 3.220046719255854980e+12 3.854800377744880430e+34
1.152543523901460087e+00 3.905808727204228240e-08 0.000000000000000000e+00 1.000000000000000000e+04 1.163202285587007028e+56 2.657585804256780045e+53 3.002506668554007812e+12 4.751425645010104058e+34
1.183004309877869309e+00 4.490552000318983120e-08 0.000000000000000000e+00 1.000000000000000000e+04 1.163202285587006811e+56 2.657585804256780045e+53 2.799130875076734863e+12 5.859512746827760072e+34
1.213465095854278530e+00 5.162558889740357088e-08 0.000000000000000000e+00 1.000000000000000000e+04 1.163202285587006811e+56 2.657585804256780045e+53 2.609530809400975098e+12 7.225488567348623853e+34
1.243925881830687752e+00 5.934788176960233853e-08 0.000000000000000000e+00 1.000000000000000000e+04 1.163202285587006811e+56 2.657585804256780045e+53 2.432773367562934570e+12 8.909232672781155463e+34
1.274386667807096973e+00 6.822108556322909543e-08 0.000000000000000000e+00 1.000000000000000000e+04 1.163202285587007464e+56 2.657585804256780045e+53 2.267988649989838867e+12 1.098448433959915194e+35
1.304847453783506195e+00 7.841576869533997173e-08 0.000000000000000000e+00 1.000000000000000000e+04 1.163202285587007682e+56 2.657585804256780045e+53 2.114365680320852295e+12 1.354203671092804003e+35
1.335308239759915416e+00 9.012756136852286661e-08 0.000000000000000000e+00 1.000000000000000000e+04 1.163202285587007900e+56 2.657585804256780045e+53 1.971148413942738037e+12 1.669366259358146424e+35
1.365884523523951399e+00 1.036354304440377255e-07 0.000000000000000000e+00 1.000000000000000000e+04 1.163202285587008117e+56 2.657585804256780045e+53 1.837143376443053711e+12 2.059326073606502663e+35
1.396460807287987382e+00 1.191581677198182048e-07 0.000000000000000000e+00 1.000000000000000000e+04 1.163202285587007900e+56 2.657585804256780045e+53 1.712248434713646484e+12 2.540140346785179654e+35
1.427037091052023365e+00 1.369941298597610008e-07 0.000000000000000000e+00 1.000000000000000000e+04 1.163202285587008335e+56 2.657585804256780045e+53 1.595844254603633057e+12 3.132903904301084967e+35
1.457613374816059348e+00 1.574853637357067488e-07 0.000000000000000000e+00 1.000000000000000000e+04 1.163202285587008335e+56 2.657585804256780045e+53 1.487353606562239014e+12 3.863586764190894367e+35
1.488189658580095331e+00 1.810238961003604739e-07 0.000000000000000000e+00 1.000000000000000000e+04 1.163202285587008335e+56 2.657585804256780045e+53 1.386238503226901123e+12 4.764153780961960861e+35
1.518765942344131314e+00 2.080589048761903025e-07 0.000000000000000000e+00 1.000000000000000000e+04 1.163202285587008117e+56 2.657585804256780045e+53 1.291997531348269775e+12 5.873939170985158742e+35
1.549509280796350641e+00 2.392865771528736095e-07 0.000000000000000000e+00 1.000000000000000000e+04 1.163202285587007682e+56 2.657585804256780045e+53 1.203700264346643311e+12 7.249616319305230770e+35
1.580252619248569967e+00 2.751683239297854190e-07 0.000000000000000000e+00 1.000000000000000000e+04 1.163202285587007246e+56 2.657585804256780045e+53 1.121437380268746826e+12 8.946270975581210488e+35
1.610995957700789294e+00 3.163903878257343737e-07 0.000000000000000000e+00 1.000000000000000000e+04 1.163202285587007682e+56 2.657585804256780045e+53 1.044796478921172852e+12 1.103841895811959050e+36
1.641739296153008620e+00 3.637385723727287038e-07 0.000000000000000000e+00 1.000000000000000000e+04 1.163202285587007246e+56 2.657585804256780045e+53 9.733933444824835205e+11 1.361775968172769801e+36
1.672482634605227947e+00 4.181123366970808848e-07 0.000000000000000000e+00 1.000000000000000000e+04 1.163202285587007682e+56 2.657585804256780045e+53 9.068700193332066650e+11 1.679710344061262165e+36
1.703225973057447273e+00 4.805408112635966705e-07 0.000000000000000000e+00 1.000000000000000000e+04 1.163202285587007464e+56 2.657585804256780045e+53 8.448930092701809082e+11 2.071518521995808373e+36
1.734208555957669651e+00 5.527982651599042360e-07 0.000000000000000000e+00 1.000000000000000000e+04 1.163202285587007246e+56 2.657585804256780045e+53 7.867181049435864258e+11 2.558422116626066894e+36
1.765191138857892028e+00 6.358097894824240707e-07 0.000000000000000000e+00 1.000000000000000000e+04 1.163202285587007464e+56 2.657585804256780045e+53 7.325488199812823486e+11 3.159154104553952540e+36
1.796173721758114405e+00 7.311514151327336927e-07 0.000000000000000000e+00 1.000000000000000000e+04 1.163202285587007682e+56 2.657585804256780045e+53 6.821093480440004883e+11 3.900134504596268052e+36
1.827156304658336783e+00 8.406248931793502606e-07 0.000000000000000000e+00 1.000000000000000000e+04 1.163202285587008117e+56 2.657585804256780045e+53 6.351428736181959229e+11 4.813857970553540683e+36
1.858138887558559160e+00 9.662889363595536911e-07 0.000000000000000000e+00 1.000000000000000000e+04 1.163202285587008335e+56 2.657585804256780045e+53 5.914102644049863281e+11 5.940273356190422746e+36
1.889121470458781538e+00 1.110494566585300593e-06 0.000000000000000000e+00 1.000000000000000000e+04 1.163202285587008335e+56 2.657585804256780045e+53 5.506888534979916992e+11 7.328471392861980657e+36
1.920437497265601756e+00 1.277831751395930464e-06 0.000000000000000000e+00 1.000000000000000000e+04 1.163202285587008117e+56 2.657585804256779619e+53 5.123777601787161865e+11 9.059164798353327005e+36
1.951753524072421975e+00 1.470016811092744817e-06 0.000000000000000000e+00 9.999999999999996362e+03 1.163202285587008117e+56 2.657585804256779194e+53 4.767319469933875122e+11 1.119546640175029590e+37
1.983069550879242193e+00 1.690660390870766875e-06 0.000000000000000000e+00 9.999999999999994543e+03 1.163202285587008117e+56 2.657585804256778769e+53 4.435659916344188232e+11 1.383148926187716237e+37
2.014385577686062412e+00 1.943881512996436846e-06 0.000000000000000000e+00 9.999999999999992724e+03 1.163202285587007682e+56 2.657585804256778343e+53 4.127073717486435547e+11 1.708290575849971663e+37
2.045701604492882630e+00 2.234375977471182556e-06 0.000000000000000000e+00 9.999999999999990905e+03 1.163202285587008117e+56 2.657585804256777918e+53 3.839955674928941040e+11 2.109180673285596811e+37
2.077017631299702849e+00 2.567493380461455611e-06 0.000000000000000000e+00 9.999999999999989086e+03 1.163202285587008553e+56 2.657585804256777493e+53 3.572812262891290894e+11 2.603263281314947085e+37
2.108778992474071412e+00 2.955137479682826708e-06 0.000000000000000000e+00 9.999999999999987267e+03 1.163202285587008553e+56 2.657585804256777067e+53 3.320846853542939453e+11 3.221544870930705895e+37
2.140540353648439975e+00 3.400126684830296935e-06 0.000000000000000000e+00 9.999999999999985448e+03 1.163202285587008335e+56 2.657585804256776642e+53 3.086650801841522827e+11 3.985139619314368469e+37
2.172301714822808538e+00 3.910699694630608876e-06 0.000000000000000000e+00 9.999999999999983629e+03 1.163202285587008335e+56 2.657585804256775366e+53 2.868970956126815186e+11 4.927747813191015414e+37
2.204063075997177101e+00 4.496231243126479996e-06 0.000000000000000000e+00 9.999999999999978172e+03 1.163202285587008117e+56 2.657585804256774515e+53 2.666642542930845337e+11 6.090757667815942300e+37
2.235824437171545664e+00 5.167380220552002580e-06 0.000000000000000000e+00 9.999999999999974534e+03 1.163202285587008553e+56 2.657585804256773664e+53 2.478582934254759216e+11 7.524964452358867439e+37
2.267585798345914228e+00 5.936255730420116008e-06 0.000000000000000000e+00 9.999999999999970896e+03 1.163202285587008553e+56 2.657585804256772814e+53 2.303785852223358459e+11 9.292664659350269437e+37
2.299906558334516848e+00 6.833198485447664933e-06 0.000000000000000000e+00 9.999999999999967258e+03 1.163202285587008553e+56 2.657585804256771112e+53 2.138559613425108643e+11 1.151277014440405829e+38
2.332227318323119469e+00 7.862027713893031403e-06 0.000000000000000000e+00 9.999999999999959982e+03 1.163202285587008771e+56 2.657585804256769836e+53 1.985183311295023499e+11 1.425605933217374988e+38
2.364548078311722090e+00 9.041423581385645041e-06 0.000000000000000000e+00 9.999999999999954525e+03 1.163202285587009206e+56 2.657585804256767710e+53 1.842807071972918701e+11 1.764377396039770706e+38
2.396868838300324711e+00 1.039258413452808404e-05 0.000000000000000000e+00 9.999999999999945430e+03 1.163202285587009860e+56 2.657585804256765583e+53 1.710641976019996948e+11 2.182470416901014445e+38
2.429189598288927332e+00 1.193954444103882582e-05 0.000000000000000000e+00 9.999999999999936335e+03 1.163202285587010731e+56 2.657585804256763031e+53 1.587955686760151978e+11 2.698130968803807132e+38
2.461510358277529953e+00 1.370953350907797202e-05 0.000000000000000000e+00 9.999999999999925421e+03 1.163202285587010948e+56 2.657585804256760904e+53 1.474068390250993652e+11 3.333716687141814138e+38
2.494478679386750830e+00 1.577674896959111903e-05 0.000000000000000000e+00 9.999999999999916326e+03 1.163202285587011820e+56 2.657585804256757926e+53 1.366310255063338623e+11 4.134013945203934803e+38
2.527447000495971707e+00 1.814515097367825090e-05 0.000000000000000000e+00 9.999999999999903594e+03 1.163202285587012473e+56 2.657585804256754524e+53 1.266429514939553680e+11 5.123222156817497571e+38
2.560415321605192585e+00 2.085671088703871357e-05 0.000000000000000000e+00 9.999999999999889042e+03 1.163202285587013562e+56 2.657585804256750695e+53 1.173850309877753906e+11 6.345071549639932003e+38
2.593383642714413462e+00 2.395894177109547191e-05 0.000000000000000000e+00 9.999999999999872671e+03 1.163202285587015522e+56 2.657585804256746442e+53 1.088038878310368042e+11 7.853200935022397257e+38
2.626351963823634339e+00 2.750558923353532136e-05 0.000000000000000000e+00 9.999999999999854481e+03 1.163202285587017917e+56 2.657585804256740912e+53 1.008500479541107330e+11 9.713353626356312772e+38
2.659320284932855216e+00 3.155740443141995651e-05 0.000000000000000000e+00 9.999999999999830834e+03 1.163202285587020749e+56 2.657585804256734957e+53 9.347765396220217896e+10 1.200604902715442740e+39
2.692968060317904477e+00 3.628490773885449487e-05 0.000000000000000000e+00 9.999999999999803549e+03 1.163202285587023580e+56 2.657585804256728152e+53 8.650875198922425842e+10 1.489443208215590026e+39
2.726615835702953738e+00 4.169258671226746046e-05 0.000000000000000000e+00 9.999999999999776264e+03 1.163202285587027935e+56 2.657585804256720495e+53 8.005939247680583191e+10 1.846452788550669642e+39
2.760263611088003000e+00 4.787369317833789077e-05 0.000000000000000000e+00 9.999999999999743522e+03 1.163202285587033380e+56 2.657585804256711138e+53 7.409084255796707153e+10 2.287394017634206899e+39
2.793911386473052261e+00 5.493362172897992858e-05 0.000000000000000000e+00 9.999999999999703505e+03 1.163202285587039260e+56 2.657585804256700929e+53 6.856725708171806335e+10 2.831596066995343831e+39
2.827559161858101522e+00 6.299142312167973633e-05 0.000000000000000000e+00 9.999999999999659849e+03 1.163202285587046665e+56 2.657585804256689445e+53 6.345546332163067627e+10 3.502749670024673516e+39
2.861206937243150783e+00 7.218150211032763259e-05 0.000000000000000000e+00 9.999999999999610736e+03 1.163202285587056029e+56 2.657585804256675833e+53 5.872476162334036255e+10 4.329872905132987395e+39
2.895497349911802409e+00 8.286915050209637667e-05 0.000000000000000000e+00 9.999999999999550710e+03 1.163202285587067789e+56 2.657585804256660095e+53 5.426638230306662750e+10 5.370078570740261661e+39
2.929787762580454036e+00 9.507159392047088043e-05 0.000000000000000000e+00 9.999999999999485226e+03 1.163202285587082816e+56 2.657585804256641380e+53 5.014648290169738007e+10 6.655284049925519454e+39
2.964078175249105662e+00 1.089936752434020643e-04 0.000000000000000000e+00 9.999999999999405190e+03 1.163202285587101110e+56 2.657585804256621388e+53 4.633936592961433411e+10 8.242069485301297749e+39
2.998368587917757289e+00 1.248667829926324892e-04 0.000000000000000000e+00 9.999999999999319698e+03 1.163202285587123106e+56 2.657585804256597994e+53 4.282128493085529327e+10 1.019985084996810975e+40
3.032659000586408915e+00 1.429521995900183775e-04 0.000000000000000000e+00 9.999999999999219654e+03 1.163202285587150546e+56 2.657585804256571196e+53 3.957029635268756866e+10 1.261374973594131497e+40
3.066949413255060541e+00 1.635448687995079268e-04 0.000000000000000000e+00 9.999999999999105057e+03 1.163202285587184955e+56 2.657585804256541422e+53 3.656612259014903259e+10 1.558809695393686160e+40
3.101792537530780880e+00 1.873806060633923551e-04 0.000000000000000000e+00 9.999999999998974090e+03 1.163202285587227858e+56 2.657585804256506543e+53 3.374704954144898224e+10 1.931620803398626609e+40
3.136635661806501219e+00 2.145432422254434069e-04 0.000000000000000000e+00 9.999999999998824933e+03 1.163202285587280561e+56 2.657585804256466985e+53 3.114531359568925858e+10 2.391955616543555964e+40
3.171478786082221557e+00 2.454784869254265033e-04 0.000000000000000000e+00 9.999999999998655767e+03 1.163202285587344589e+56 2.657585804256421472e+53 2.874415903154531860e+10 2.960018958857216539e+40
3.206321910357941896e+00 2.806899554801743461e-04 0.000000000000000000e+00 9.999999999998461135e+03 1.163202285587424078e+56 2.657585804256369154e+53 2.652812196321509171e+10 3.660616495639489881e+40
3.241165034633662234e+00 3.207465861577102144e-04 0.000000000000000000e+00 9.999999999998237399e+03 1.163202285587523169e+56 2.657585804256310880e+53 2.448293073934393692e+10 4.524191951106112053e+40
3.276008158909382573e+00 3.662910049803871763e-04 0.000000000000000000e+00 9.999999999997984560e+03 1.163202285587644473e+56 2.657585804256244100e+53 2.259541398065491486e+10 5.588096291425216457e+40
3.311290463622934777e+00 4.187444085715385546e-04 0.000000000000000000e+00 9.999999999997697159e+03 1.163202285587796048e+56 2.657585804256167536e+53 2.083233843172868347e+10 6.916454562010757108e+40
3.346572768336486980e+00 4.784207789459150569e-04 0.000000000000000000e+00 9.999999999997369741e+03 1.163202285587983122e+56 2.657585804256079488e+53 1.920683222012421799e+10 8.555628748364373567e+40
3.381855073050039184e+00 5.462830986808284292e-04 0.000000000000000000e+00 9.999999999996993211e+03 1.163202285588213751e+56 2.657585804255979956e+53 1.770816104457877731e+10 1.057740134171677168e+41
3.417137377763591388e+00 6.234202025789393727e-04 0.000000000000000000e+00 9.999999999996565748e+03 1.163202285588497520e+56 2.657585804255867237e+53 1.632642820703620529e+10 1.306997390425061114e+41
3.452419682477143592e+00 7.110631120352287017e-04 0.000000000000000000e+00 9.999999999996078259e+03 1.163202285588847493e+56 2.657585804255738355e+53 1.505250925152945137e+10 1.614169849517536663e+41
3.487701987190695796e+00 8.106034851307347558e-04 0.000000000000000000e+00 9.999999999995528924e+03 1.163202285589278699e+56 2.657585804255592885e+53 1.387799168279395866e+10 1.992565275265319128e+41
3.523311270844454945e+00 9.247302006106443255e-04 0.000000000000000000e+00 9.999999999994901373e+03 1.163202285589814875e+56 2.657585804255424870e+53 1.278548965409780312e+10 2.463312976512761196e+41
3.558920554498214095e+00 1.054407862381620585e-03 0.000000000000000000e+00 9.999999999994182872e+03 1.163202285590476275e+56 2.657585804255234312e+53 1.177899148856406021e+10 3.043909620578355601e+41
3.594529838151973244e+00 1.201706269742617867e-03 0.000000000000000000e+00 9.999999999993364327e+03 1.163202285591292517e+56 2.657585804255018658e+53 1.085172677964755630e+10 3.759749151082298468e+41
3.630139121805732394e+00 1.368967390675882500e-03 0.000000000000000000e+00 9.999999999992438461e+03 1.163202285592298882e+56 2.657585804254773229e+53 9.997458113400821686e+09 4.642058531001321540e+41
3.665748405459491543e+00 1.558841025610200421e-03 0.000000000000000000e+00 9.999999999991387085e+03 1.163202285593538272e+56 2.657585804254494623e+53 9.210439107607738495e+09 5.729232206196841802e+41
3.701357689113250693e+00 1.774325135892990644e-03 0.000000000000000000e+00 9.999999999990199285e+03 1.163202285595064044e+56 2.657585804254178586e+53 8.485375744776243210e+09 7.068470860703427603e+41
3.737197691300128799e+00 2.020498214836594607e-03 0.000000000000000000e+00 9.999999999988844138e+03 1.163202285596957429e+56 2.657585804253817461e+53 7.813238891536363602e+09 8.729640220133382148e+41
3.773037693487006905e+00 2.299964871355425142e-03 0.000000000000000000e+00 9.999999999987316187e+03 1.163202285599291603e+56 2.657585804253407847e+53 7.194342816446426392e+09 1.077770081500524519e+42
3.808877695673885011e+00 2.617156239509104212e-03 0.000000000000000000e+00 9.999999999985455361e+03 1.163202285602168922e+56 2.657585804252941660e+53 6.624470245126771927e+09 1.330218982272663955e+42
3.844717697860763117e+00 2.977089010515742828e-03 0.000000000000000000e+00 9.999999999983307134e+03 1.163202285605715045e+56 2.657585804252414222e+53 6.099737964636364937e+09 1.641328165208514734e+42
3.880557700047641223e+00 3.385442662254383069e-03 0.000000000000000000e+00 9.999999999980858775e+03 1.163202285610084597e+56 2.657585804251814900e+53 5.616570360691241264e+09 2.024653280574844634e+42
3.916397702234519329e+00 3.848646860212662224e-03 0.000000000000000000e+00 9.999999999978521373e+03 1.163202285615466394e+56 2.657585804251134760e+53 5.171675046989390373e+09 2.496871539617974675e+42
3.952393546981733063e+00 4.376412021641734075e-03 0.000000000000000000e+00 9.999999999976076651e+03 1.163202285622127435e+56 2.657585804250360193e+53 4.760311933692658424e+09 3.081302183414819585e+42
3.988389391728946798e+00 4.975198933418282024e-03 0.000000000000000000e+00 9.999999999973002559e+03 1.163202285630337986e+56 2.657585804249481839e+53 4.381669287983252525e+09 3.801679528125789131e+42
4.024385236476160088e+00 5.654465275151244683e-03 0.000000000000000000e+00 9.999999999969113560e+03 1.163202285640457603e+56 2.657585804248484811e+53 4.033144469336895466e+09 4.689496089190613091e+42
4.060381081223373378e+00 6.424922919608738563e-03 0.000000000000000000e+00 9.999999999964640665e+03 1.163202285652927509e+56 2.657585804247353372e+53 3.712341857910495281e+09 5.783521261148410510e+42
4.096376925970586669e+00 7.298704062397820026e-03 0.000000000000000000e+00 9.999999999959638444e+03 1.163202285668291285e+56 2.657585804246071359e+53 3.417056387153818607e+09 7.131480215370989394e+42
4.132372770717799959e+00 8.289549335552775025e-03 0.000000000000000000e+00 9.999999999953011866e+03 1.163202285687218607e+56 2.657585804244617077e+53 3.145258384613810539e+09 8.792119617116012969e+42
4.168470856404197455e+00 9.416417049041432216e-03 0.000000000000000000e+00 9.999999999941916030e+03 1.163202285710607820e+56 2.657585804242962879e+53 2.894398147374293327e+09 1.084418906242880179e+43
4.204568942090594952e+00 1.069444523295549551e-02 0.000000000000000000e+00 9.999999999923802534e+03 1.163202285739433275e+56 2.657585804241087923e+53 2.663546079432325840e+09 1.337323899958721233e+43
4.240667027776992448e+00 1.214377602702806057e-02 0.000000000000000000e+00 9.999999999906340236e+03 1.163202285774955052e+56 2.657585804238961159e+53 2.451106363266669750e+09 1.648984781900723843e+43
4.276765113463389945e+00 1.378722893665149801e-02 0.000000000000000000e+00 9.999999999901148840e+03 1.163202285818726145e+56 2.657585804236549833e+53 2.255610461992939472e+09 2.033018926193198327e+43
4.312863199149787441e+00 1.565065646963794896e-02 0.000000000000000000e+00 9.999999999900912371e+03 1.163202285872658014e+56 2.657585804233814813e+53 2.075706967409100056e+09 2.506195155629190048e+43
4.348961284836184937e+00 1.776334698241482241e-02 0.000000000000000000e+00 9.999999999921928975e+03 1.163202285939103564e+56 2.657585804230714841e+53 1.910152257091199875e+09 3.089162442993886732e+43
4.385123209498215324e+00 2.016298855268230245e-02 0.000000000000000000e+00 9.999999999926452801e+03 1.163202286021121741e+56 2.657585804227192918e+53 1.757543529646395445e+09 3.808754472686484315e+43
4.421285134160245711e+00 2.288386882140222220e-02 0.000000000000000000e+00 9.999999999929577825e+03 1.163202286122194642e+56 2.657585804223199705e+53 1.617127246258554935e+09 4.695524855391752507e+43
4.457447058822276098e+00 2.596881306363298114e-02 0.000000000000000000e+00 9.999999999965417373e+03 1.163202286246741255e+56 2.657585804218673524e+53 1.487929309509664774e+09 5.788249722666618716e+43
4.493608983484306485e+00 2.946634743310209276e-02 0.000000000000000000e+00 1.000000000013162025e+04 1.163202286400205880e+56 2.657585804213540790e+53 1.369053446433852196e+09 7.134690392359879348e+43
4.529770908146336872e+00 3.343145753467503117e-02 0.000000000000000000e+00 1.000000000002090383e+04 1.163202286589293986e+56 2.657585804207721961e+53 1.259674990735299826e+09 8.793674349496722389e+43
4.565932832808367259e+00 3.792644789442344705e-02 0.000000000000000000e+00 9.999999999693869540e+03 1.163202286822263599e+56 2.657585804201125162e+53 1.159035161525111914e+09 1.083765822627010235e+44
4.602132306858670141e+00 4.302754575834218109e-02 0.000000000000000000e+00 9.999999999054001819e+03 1.163202287109616541e+56 2.657585804193639376e+53 1.066343598954439044e+09 1.335878129416932436e+44
4.638331780908973023e+00 4.881061892149026610e-02 0.000000000000000000e+00 9.999999999262594429e+03 1.163202287463703809e+56 2.657585804185153159e+53 9.810648623715564013e+08 1.646540451521947923e+44
4.674531254959275905e+00 5.536660783787384493e-02 0.000000000000000000e+00 9.999999999916406523e+03 1.163202287900008089e+56 2.657585804175531675e+53 9.026061253760840893e+08 2.029336538616915827e+44
4.710730729009578788e+00 6.279856924616308844e-02 0.000000000000000000e+00 9.999999996900787664e+03 1.163202288437601526e+56 2.657585804164624774e+53 8.304219718458418846e+08 2.500999654141737432e+44
4.746930203059881670e+00 7.122329003534907943e-02 0.000000000000000000e+00 9.999999992499660948e+03 1.163202289099978521e+56 2.657585804152261465e+53 7.640106043474239111e+08 3.082142912317037809e+44
4.783129677110184552e+00 8.077311602387275691e-02 0.000000000000000000e+00 9.999999990725389580e+03 1.163202289916080607e+56 2.657585804138247361e+53 7.029103556890203953e+08 3.798158711846694584e+44
4.819360478643677226e+00 9.160799219898037304e-02 0.000000000000000000e+00 9.999999989008283592e+03 1.163202290922523909e+56 2.657585804122347242e+53 6.466498324581410885e+08 4.681172091028527969e+44
4.855591280177169899e+00 1.038905697801801725e-01 0.000000000000000000e+00 9.999999990430875187e+03 1.163202292162704937e+56 2.657585804104322485e+53 5.948923678704870939e+08 5.769258919526189373e+44
4.891822081710662573e+00 1.178139788008646244e-01 0.000000000000000000e+00 1.000000000360060221e+04 1.163202293690877222e+56 2.657585804083889805e+53 5.472775397205095291e+08 7.110017479393420853e+44
4.928052883244155247e+00 1.335971003673085966e-01 0.000000000000000000e+00 9.999999994411693478e+03 1.163202295573878972e+56 2.657585804060728486e+53 5.034737738489981890e+08 8.762089700833315458e+44
4.964283684777647920e+00 1.514879996372270055e-01 0.000000000000000000e+00 9.999999970942262735e+03 1.163202297894053729e+56 2.657585804034473574e+53 4.631760351494340301e+08 1.079772017285658727e+45
5.000514486311140594e+00 1.717678163810229530e-01 0.000000000000000000e+00 9.999999951031657474e+03 1.163202300752849848e+56 2.657585804004712053e+53 4.261037033355115056e+08 1.330591595906616039e+45
5.036691756624818161e+00 1.947190407650435662e-01 0.000000000000000000e+00 9.999999940438910926e+03 1.163202304269481581e+56 2.657585803971031330e+53 3.920469394085510969e+08 1.639127108496042542e+45
5.072869026938495729e+00 2.207292714777604192e-01 0.000000000000000000e+00 1.000000001464495108e+04 1.163202308601026317e+56 2.657585803932861006e+53 3.607121963067125678e+08 2.019159959662337192e+45
5.109046297252173296e+00 2.502058305960195295e-01 0.000000000000000000e+00 1.000000010664370893e+04 1.163202313936251808e+56 2.657585803889603886e+53 3.318819138935542703e+08 2.487251855790823449e+45
5.145223567565850864e+00 2.836102599977716188e-01 0.000000000000000000e+00 9.999999798991590069e+03 1.163202320507622631e+56 2.657585803840582809e+53 3.053559206993760467e+08 3.063798244381247311e+45
5.181400837879528432e+00 3.214655379738470264e-01 0.000000000000000000e+00 9.999999375908568254e+03 1.163202328601477307e+56 2.657585803785030011e+53 2.809500440932202935e+08 3.773921482706879484e+45
5.217578108193205999e+00 3.643642565578137926e-01 0.000000000000000000e+00 9.999999215880367046e+03 1.163202338570471196e+56 2.657585803722075221e+53 2.584948316167823076e+08 4.648562097480919527e+45
5.254051039414960655e+00 4.134007657787031054e-01 0.000000000000000000e+00 9.999999301243966329e+03 1.163202350960171558e+56 2.657585803650114858e+53 2.376725162269668877e+08 5.735586053575529606e+45
5.290523970636715312e+00 4.690261878289984643e-01 0.000000000000000000e+00 9.999999395365190139e+03 1.163202366245955582e+56 2.657585803568484096e+53 2.185274836463226974e+08 7.076701070984647819e+45
5.326996901858469968e+00 5.321253367721343608e-01 0.000000000000000000e+00 9.999999384429745987e+03 1.163202385104608635e+56 2.657585803475886032e+53 2.009246248232671618e+08 8.731285665060331253e+45
5.363469833080224625e+00 6.037018265159028729e-01 0.000000000000000000e+00 9.999999330624008508e+03 1.163202408371072360e+56 2.657585803370846821e+53 1.847397142031548917e+08 1.077259435795807053e+46
5.399942764301979281e+00 6.848940209079068531e-01 0.000000000000000000e+00 9.999999313138332582e+03 1.163202437075388341e+56 2.657585803251696525e+53 1.698585330887740850e+08 1.329099894737049534e+46
5.436415695523733937e+00 7.769931226045000416e-01 0.000000000000000000e+00 9.999999332629988203e+03 1.163202472488269156e+56 2.657585803116541047e+53 1.561760633692524731e+08 1.639798689636237368e+46
5.472699383792244632e+00 8.808869418058764555e-01 0.000000000000000000e+00 9.999999348900388213e+03 1.163202515926119517e+56 2.657585802964076257e+53 1.436583312427241802e+08 2.020905431067790642e+46
5.508983072060755326e+00 9.986589058392711937e-01 0.000000000000000000e+00 9.999999345421607359e+03 1.163202569456956129e+56 2.657585802791245567e+53 1.321439131891427487e+08 2.490564095016169084e+46
5.545266760329266020e+00 1.132162206631372570e+00 0.000000000000000000e+00 9.999999335087391955e+03 1.163202635425632659e+56 2.657585802595328419e+53 1.215523922901004255e+08 3.069347515732575395e+46
5.581550448597776715e+00 1.283497467725554175e+00 0.000000000000000000e+00 9.999999331661636461e+03 1.163202716721714374e+56 2.657585802373242707e+53 1.118097971249353141e+08 3.782607601814103165e+46
5.617834136866287409e+00 1.455045778542762402e+00 0.000000000000000000e+00 9.999999334453666961e+03 1.163202816906002203e+56 2.657585802121495006e+53 1.028480851057077646e+08 4.661585443715305660e+46
5.654117825134798103e+00 1.649506142679968201e+00 0.000000000000000000e+00 9.999999336253435104e+03 1.163202940366474834e+56 2.657585801836123154e+53 9.460466733458867669e+07 5.744779438845987081e+46
5.690379857738559366e+00 1.869797947120367398e+00 0.000000000000000000e+00 9.999999334367348638e+03 1.163203092409810844e+56 2.657585801512843847e+53 8.702631089434461296e+07 7.078748320342641208e+46
5.726641890342320629e+00 2.119491630881499500e+00 0.000000000000000000e+00 9.999999331266646550e+03 1.163203279753302629e+56 2.657585801146417160e+53 8.005502326356256008e+07 8.722426992566615610e+46
5.762903922946081892e+00 2.402510558515516870e+00 0.000000000000000000e+00 9.999999329317312004e+03 1.163203510591970757e+56 2.657585800731085517e+53 7.364217492891590297e+07 1.074771536560384726e+47
5.799165955549843154e+00 2.723301587982680960e+00 0.000000000000000000e+00 9.999999328248562961e+03 1.163203795023229396e+56 2.657585800260322302e+53 6.774303185805805027e+07 1.324320421012618381e+47
5.835427988153604417e+00 3.086904919127338331e+00 0.000000000000000000e+00 9.999999326730096072e+03 1.163204145488498998e+56 2.657585799726732328e+53 6.231644346191938967e+07 1.631804969392840069e+47
5.871690020757365680e+00 3.499033262420971901e+00 0.000000000000000000e+00 9.999999324306987546e+03 1.163204577317335985e+56 2.657585799121931889e+53 5.732455555694293231e+07 2.010674736336801107e+47
5.907954676834438423e+00 3.966197527370611375e+00 0.000000000000000000e+00 9.999999321419554690e+03 1.163205109440525431e+56 2.657585798436366280e+53 5.273222776394288987e+07 2.477538854022999790e+47
5.944219332911511167e+00 4.495710251789375000e+00 0.000000000000000000e+00 9.999999318440310162e+03 1.163205765107975155e+56 2.657585797659302996e+53 4.850779725897971541e+07 3.052795884452642447e+47
5.980483988988583910e+00 5.095891471809889772e+00 0.000000000000000000e+00 9.999999315257486160e+03 1.163206573001778139e+56 2.657585796778533557e+53 4.462179148791481555e+07 3.761610375073618967e+47
6.016748645065656653e+00 5.776171437256041763e+00 0.000000000000000000e+00 9.999999311583964300e+03 1.163207568462677296e+56 2.657585795780218679e+53 4.104709898899842054e+07 4.634988916463559227e+47
6.053013301142729397e+00 6.547238755199027871e+00 0.000000000000000000e+00 9.999999307295045583e+03 1.163208795035878427e+56 2.657585794648673896e+53 3.775878024781289697e+07 5.711136372793142689e+47
6.089277957219802140e+00 7.421208300893460397e+00 0.000000000000000000e+00 9.999999302414291378e+03 1.163210306375707650e+56 2.657585793366118604e+53 3.473389370183559507e+07 7.037126954868939318e+47
6.125544331157744438e+00 8.411861460218934994e+00 0.000000000000000000e+00 9.999999296936588507e+03 1.163212168690182717e+56 2.657585791912329397e+53 3.195120930028305575e+07 8.671048993545952194e+47
6.161810705095686735e+00 9.534725388828041659e+00 0.000000000000000000e+00 9.999999290760593794e+03 1.163214463384777686e+56 2.657585790264519692e+53 2.939146066935829818e+07 1.068432447519740540e+48
6.198077079033629033e+00 1.080744330082009519e+01 0.000000000000000000e+00 9.999999283746659785e+03 1.163217290843603991e+56 2.657585788396799104e+53 2.703678759276646003e+07 1.316502650236757280e+48
6.234343452971571331e+00 1.225001279619294614e+01 0.000000000000000000e+00 9.999999275774465787e+03 1.163220774756179903e+56 2.657585786279819556e+53 2.487076075184986368e+07 1.622167543113976615e+48
6.270609826909513629e+00 1.388510003763029665e+01 0.000000000000000000e+00 9.999999266735903802e+03 1.163225067528010109e+56 2.657585783880320572e+53 2.287826709352997690e+07 1.998798590389470391e+48
6.306876200847455927e+00 1.573839585163175059e+01 0.000000000000000000e+00 9.999999256501238051e+03 1.163230356947273705e+56 2.657585781160598442e+53 2.104540438214453310e+07 2.462871594107823993e+48
6.343143389425732082e+00 1.783906955232563618e+01 0.000000000000000000e+00 9.999999244905930027e+03 1.163236874561475193e+56 2.657585778077848195e+53 1.935934788708510995e+07 3.034701628708049973e+48
6.379410578004008237e+00 2.022008921203720178e+01 0.000000000000000000e+00 9.999999231760386465e+03 1.163244905387553066e+56 2.657585774583688485e+53 1.780837591360911727e+07 3.739294968132850305e+48
6.415677766582284391e+00 2.291886668186277021e+01 0.000000000000000000e+00 9.999999216856584098e+03 1.163254800745366309e+56 2.657585770623216878e+53 1.638166644880342670e+07 4.607475045862853550e+48
6.451944955160560546e+00 2.597780630595425677e+01 0.000000000000000000e+00 9.999999199963565843e+03 1.163266993519251405e+56 2.657585766134205939e+53 1.506926456580100954e+07 5.677221444323583123e+48
6.488212143738836701e+00 2.944497115063695958e+01 0.000000000000000000e+00 9.999999180817983870e+03 1.163282017094391527e+56 2.657585761046121938e+53 1.386201296440931782e+07 6.995331298079652225e+48
6.524479332317112856e+00 3.337483813884460204e+01 0.000000000000000000e+00 9.999999159118282478e+03 1.163300528689512823e+56 2.657585755279020211e+53 1.275148807773497887e+07 8.619466413557099806e+48
6.560746991490916002e+00 3.782921544904744593e+01 0.000000000000000000e+00 9.999999134521820451e+03 1.163323338434565828e+56 2.657585748742196794e+53 1.172992858956621960e+07 1.062070443121417996e+49
6.597014650664719149e+00 4.287804456610423642e+01 0.000000000000000000e+00 9.999999106642184415e+03 1.163351443963436054e+56 2.657585741333011463e+53 1.079022153677705862e+07 1.308657385517097989e+49
6.633282309838522295e+00 4.860065480333067711e+01 0.000000000000000000e+00 9.999999075041918331e+03 1.163386074794839073e+56 2.657585732935048093e+53 9.925810132582236081e+06 1.612494785972837912e+49
6.669549969012325441e+00 5.508696183573121630e+01 0.000000000000000000e+00 9.999999039224860098e+03 1.163428745902232649e+56 2.657585723416356240e+53 9.130663039796769619e+06 1.986874430430205713e+49
6.705817628186128587e+00 6.243888042776257663e+01 0.000000000000000000e+00 9.999998998628083427e+03 1.163481323986990128e+56 2.657585712627374149e+53 8.399232291269894689e+06 2.448174028313116690e+49
6.742085287359931733e+00 7.077192568614219681e+01 0.000000000000000000e+00 9.999998952613485017e+03 1.163546109137968618e+56 2.657585700398583351e+53 7.726414584017432295e+06 3.016573661714796270e+49
6.778353231459157691e+00 8.021710694441684097e+01 0.000000000000000000e+00 9.999998900457616401e+03 1.163625936144652048e+56 2.657585686537725586e+53 7.107511015170231462e+06 3.716944667388559883e+49
6.814621175558383648e+00 9.092276912711244563e+01 0.000000000000000000e+00 9.999998841341432126e+03 1.163724296713399887e+56 2.657585670827104785e+53 6.538209068272858858e+06 4.579921914409647930e+49
6.850889119657609605e+00 1.030571233233896464e+02 0.000000000000000000e+00 9.999998774336138013e+03 1.163845493781150378e+56 2.657585653019871185e+53 6.014536923499640077e+06 5.643257692395869563e+49
6.887157063756835562e+00 1.168108282549966503e+02 0.000000000000000000e+00 9.999998698388890261e+03 1.163994829293853944e+56 2.657585632836229313e+53 5.532841263483301736e+06 6.953469206217314735e+49
6.923425007856061519e+00 1.323999858892775308e+02 0.000000000000000000e+00 9.999998612306348150e+03 1.164178836145003400e+56 2.657585609959051315e+53 5.089761793435450643e+06 8.567873514156756987e+49
6.959692951955287477e+00 1.500695368129605924e+02 0.000000000000000000e+00 9.999998514735952995e+03 1.164405563962909877e+56 2.657585584028882464e+53 4.682207807527279481e+06 1.055709491395523696e+50
6.995961063038391714e+00 1.700972068225452460e+02 0.000000000000000000e+00 9.999998404144140295e+03 1.164684932674114554e+56 2.657585554638159764e+53 4.307334983344988897e+06 1.300816697020876444e+50
7.032229174121495952e+00 1.927976008463530206e+02 0.000000000000000000e+00 9.999998278793682402e+03 1.165029162782618075e+56 2.657585521325197883e+53 3.962530793808293063e+06 1.602830761644520369e+50
7.068497285204600189e+00 2.185273943073268015e+02 0.000000000000000000e+00 9.999998136715033979e+03 1.165453313182159097e+56 2.657585483566574910e+53 3.645390756291602738e+06 1.974963771019482534e+50
7.104765396287704426e+00 2.476908608581823046e+02 0.000000000000000000e+00 9.999997975675803900e+03 1.165975938987524483e+56 2.657585440769014067e+53 3.353703632093784399e+06 2.433495258821590547e+50
7.141033507370808664e+00 2.807462243448347294e+02 0.000000000000000000e+00 9.999997793145697869e+03 1.166619903250764258e+56 2.657585392260069332e+53 3.085436020554881077e+06 2.998484374783660638e+50
7.177301618453912901e+00 3.182128584359717252e+02 0.000000000000000000e+00 9.999997586256760769e+03 1.167413377133088780e+56 2.657585337277556694e+53 2.838718196255263407e+06 3.694647396490438524e+50
7.213569789141327071e+00 3.606795212947281470e+02 0.000000000000000000e+00 9.999997351757903743e+03 1.168391074066791327e+56 2.657585274957468172e+53 2.611830732864977792e+06 4.552440534892552149e+50
7.249837959828741241e+00 4.088134020562157502e+02 0.000000000000000000e+00 9.999997085964927464e+03 1.169595763743358322e+56 2.657585204320699955e+53 2.403193667313221376e+06 5.609388248398400392e+50
7.286106130516155410e+00 4.633707916724676465e+02 0.000000000000000000e+00 9.999996784701630531e+03 1.171080147142212078e+56 2.657585124257387499e+53 2.211354308569502085e+06 6.911728319928740143e+50
7.322374301203569580e+00 5.252089080221296626e+02 0.000000000000000000e+00 9.999996443234478647e+03 1.172909160833149969e+56 2.657585033509557511e+53 2.034977554476841819e+06 8.516433561963240541e+50
7.358642471890983749e+00 5.952993645893733401e+02 0.000000000000000000e+00 9.999996056198269798e+03 1.175162817713627666e+56 2.657584930651357967e+53 1.872836605013409397e+06 1.049370416858654040e+51
7.394910642578397919e+00 6.747434365354864667e+02 0.000000000000000000e+00 9.999995617511805904e+03 1.177939707280339821e+56 2.657584814066657323e+53 1.723804427602300886e+06 1.293003871719335344e+51
7.431178424630710211e+00 7.647883374228318871e+02 0.000000000000000000e+00 9.999995120288005637e+03 1.181361267930015231e+56 2.657584681925157968e+53 1.586847318000782747e+06 1.593198251849869133e+51
7.467446206683022503e+00 8.668496374706546703e+02 0.000000000000000000e+00 9.999994556710144025e+03 1.185577204244871734e+56 2.657584532149496029e+53 1.461013236756315921e+06 1.963088053141534624e+51
7.503713988735334794e+00 9.825309066534849762e+02 0.000000000000000000e+00 9.999993917923355184e+03 1.190771944352761571e+56 2.657584362386415194e+53 1.345429870018164860e+06 2.418854279887778981e+51
7.539981770787647086e+00 1.113649708664962191e+03 0.000000000000000000e+00 9.999993193891103147e+03 1.197172734571431609e+56 2.657584169968618935e+53 1.239296839687710395e+06 2.980434637286428925e+51
7.576249552839959378e+00 1.262266158021286856e+03 0.000000000000000000e+00 9.999992373237486390e+03 1.205059580401869413e+56 2.657583951872863885e+53 1.141880042086422443e+06 3.672395715406034973e+51
7.612517334892271670e+00 1.430715288071902478e+03 0.000000000000000000e+00 9.999991443068500303e+03 1.214777495504456052e+56 2.657583704672458543e+53 1.052506394986231811e+06 4.525007666558156923e+51
7.648780175007274806e+00 1.621616058528929216e+03 0.000000000000000000e+00 9.999990388922293278e+03 1.226749786447875176e+56 2.657583424524039906e+53 9.705696235263842391e+05 5.575409757329189086e+51
7.685043015122277943e+00 1.837988591286929704e+03 0.000000000000000000e+00 9.999989194121792025e+03 1.241501234136471543e+56 2.657583106995534355e+53 8.954917965572852409e+05 6.869644216563071051e+51
7.721305855237281079e+00 2.083231559503268727e+03 0.000000000000000000e+00 9.999987839899555183e+03 1.259676971104937345e+56 2.657582747099331788e+53 8.267548108670891961e+05 8.464312455537557490e+51
7.757568695352284216e+00 2.361197117803692436e+03 0.000000000000000000e+00 9.999986304983991431e+03 1.282071886149210643e+56 2.657582339182322519e+53 7.638834830200679135e+05 1.042915491554238857e+52
7.793831535467287353e+00 2.676251409877089827e+03 0.000000000000000000e+00 9.999984565265232959e+03 1.309665387709996347e+56 2.657581876837104850e+53 7.064414667609372409e+05 1.285010107150187539e+52
7.830094375582290489e+00 3.033343149724494651e+03 0.000000000000000000e+00 9.999982593416430973e+03 1.343664237137273579e+56 2.657581352801332522e+53 6.540272324812803417e+05 1.583302745546676218e+52
7.866308424242706820e+00 3.437502007803771903e+03 0.000000000000000000e+00 9.999980361663619988e+03 1.385492874825390197e+56 2.657580759693833952e+53 6.063313570047075627e+05 1.950290890945531374e+52
7.902522472903123152e+00 3.895510255427831453e+03 0.000000000000000000e+00 9.999977832554925044e+03 1.437016822723539612e+56 2.657580087561453692e+53 5.629375308810144197e+05 2.402341904999838907e+52
7.938736521563539483e+00 4.414542685222752880e+03 0.000000000000000000e+00 9.999974966470863365e+03 1.500483331406999539e+56 2.657579325874971852e+53 5.235260503049200634e+05 2.959172287376706846e+52
7.974950570223955815e+00 5.002730043352395114e+03 0.000000000000000000e+00 9.999971718513033920e+03 1.578660533588376652e+56 2.657578462702253251e+53 4.877962234215941862e+05 3.645068554366542712e+52
8.011164618884372146e+00 5.669286398568630830e+03 0.000000000000000000e+00 9.999968037800754246e+03 1.674958178087566796e+56 2.657577484521318399e+53 4.554628592956991633e+05 4.489946511624377924e+52
8.047378667544787589e+00 6.424653485186576290e+03 0.000000000000000000e+00 9.999963866673928351e+03 1.793576352589805570e+56 2.657576376008501567e+53 4.262532168678545277e+05 5.530656089616300016e+52
8.083290130598234313e+00 7.273059160461548345e+03 0.000000000000000000e+00 9.999959181785123292e+03 1.938337193097671498e+56 2.657575130959021341e+53 4.001136362083379645e+05 6.800731218219868453e+52
8.119201593651681037e+00 8.233500488975985718e+03 0.000000000000000000e+00 9.999953878231113777e+03 2.116341300086516372e+56 2.657573721493944082e+53 3.765396928270123899e+05 8.362469795328419104e+52
8.155113056705127761e+00 9.320772332414728226e+03 0.000000000000000000e+00 9.999947874312609201e+03 2.335222905084179476e+56 2.657572125900980417e+53 3.552914197626833920e+05 1.028285158945955979e+53
8.191024519758574485e+00 1.055162325158072599e+04 0.000000000000000000e+00 9.999941077541298000e+03 2.604369352986951043e+56 2.657570319600566455e+53 3.361371613379410119e+05 1.264423750174737884e+53
8.226935982812021209e+00 1.194501349488122833e+04 0.000000000000000000e+00 9.999933383215033246e+03 2.935323688312093334e+56 2.657568274767206925e+53 3.188548708340851008e+05 1.554790170062740383e+53
8.262847445865467932e+00 1.352240709898740897e+04 0.000000000000000000e+00 9.999924672804574584e+03 3.342279774656015023e+56 2.657565959900736834e+53 3.032339475945211598e+05 1.911837560675955913e+53
8.298020525604441033e+00 1.526911173030347345e+04 0.000000000000000000e+00 9.999915027436301898e+03 3.831324858192909023e+56 2.657563396561188335e+53 2.893548280672521796e+05 2.340906634274559650e+53
8.333193605343414134e+00 1.724143979733358356e+04 0.000000000000000000e+00 9.999904136144616132e+03 4.430125126758450391e+56 2.657560502106780605e+53 2.767093054495959077e+05 2.866270624512380660e+53
8.368366685082387235e+00 1.946853564438403555e+04 0.000000000000000000e+00 9.999891837984314407e+03 5.163313891804063459e+56 2.657557233764942286e+53 2.651417304442800232e+05 3.509541837642388998e+53
8.403539764821360336e+00 2.198330808672832063e+04 0.000000000000000000e+00 9.999877951219787064e+03 6.061052568604210308e+56 2.657553543237872151e+53 2.545124834642277856e+05 4.297182722496859579e+53
8.438712844560333437e+00 2.482291664984597446e+04 0.000000000000000000e+00 9.999862270639148846e+03 7.160271315506805558e+56 2.657549375988747072e+53 2.446980633379694482e+05 5.261594358953009588e+53
8.473885924299306538e+00 2.802932081976064001e+04 0.000000000000000000e+00 9.999844564520184576e+03 8.506188733073823833e+56 2.657544670435397853e+53 2.355906205295283871e+05 6.442449782656416020e+53
8.508389869229789682e+00 3.157683732481988409e+04 0.000000000000000000e+00 9.999824974668059440e+03 1.011960331688306591e+57 2.657539464263764855e+53 2.272534082688177587e+05 7.857996782015198464e+53
8.542893814160272825e+00 3.557334353931884107e+04 0.000000000000000000e+00 9.999802905343836755e+03 1.208752278833199779e+57 2.657533599151103380e+53 2.194316158472063544e+05 9.584572536630659036e+53
8.577397759090755969e+00 4.007566639304372075e+04 0.000000000000000000e+00 9.999778042705358530e+03 1.448784438456437098e+57 2.657526991691161044e+53 2.120611854312903015e+05 1.169052104269012147e+54
8.611901704021239112e+00 4.514782490248618706e+04 0.000000000000000000e+00 9.999750033183550840e+03 1.741558079108546276e+57 2.657519547919918010e+53 2.050879350092242821e+05 1.425920272288440666e+54
8.646405648951722256e+00 5.086194043195787526e+04 0.000000000000000000e+00 9.999718478452627096e+03 2.098662100843673170e+57 2.657511161978871501e+53 1.984662412293760281e+05 1.739229406406508194e+54
8.680909593882205399e+00 5.729926250389091729e+04 0.000000000000000000e+00 9.999682929761320338e+03 2.534231937258650161e+57 2.657501714608513888e+53 1.921577965558359865e+05 2.121381384465298866e+54
8.715096943196758872e+00 6.448077621746908699e+04 0.000000000000000000e+00 9.999643271137530974e+03 3.060138681351264071e+57 2.657491174988261921e+53 1.861845884805223614e+05 2.582791440216545884e+54
8.749284292511312344e+00 7.256237665970818489e+04 0.000000000000000000e+00 9.999598641569713436e+03 3.700434872724615710e+57 2.657479314296895138e+53 1.804611356800978538e+05 3.144562333321162518e+54
8.783471641825865817e+00 8.165687660480980412e+04 0.000000000000000000e+00 9.999548417922134831e+03 4.480002571633929324e+57 2.657465966930734233e+53 1.749653706347936823e+05 3.828524612479297444e+54
8.817658991140419289e+00 9.189122818774286134e+04 0.000000000000000000e+00 9.999491898931810283e+03 5.429136255260605826e+57 2.657450946523112836e+53 1.696786710207378492e+05 4.661257469787655390e+54
8.851846340454972761e+00 1.034082951520244533e+05 0.000000000000000000e+00 9.999428295408792110e+03 6.584720289390289782e+57 2.657434043340015359e+53 1.645852564236546750e+05 5.675121808438110001e+54
8.886033689769526234e+00 1.163688475451028498e+05 0.000000000000000000e+00 9.999356719204546607e+03 7.991662847136849486e+57 2.657415021348335128e+53 1.596716837649574736e+05 6.909518307045778153e+54
8.920104585209454484e+00 1.309011441448550759e+05 0.000000000000000000e+00 9.999276461635779924e+03 9.698215300958015086e+57 2.657393692209390767e+53 1.549423181958231144e+05 8.406780836843174564e+54
8.954175480649382735e+00 1.472482674408257590e+05 0.000000000000000000e+00 9.999186179776965218e+03 1.177458632404597605e+58 2.657369699029178313e+53 1.503702714891987271e+05 1.022850774787069445e+55
8.988246376089310985e+00 1.656368614359306230e+05 0.000000000000000000e+00 9.999084621339410660e+03 1.430092389231429655e+58 2.657342709001215349e+53 1.459469632822681160e+05 1.244501774647045864e+55
9.022317271529239235e+00 1.863218752797514026e+05 0.000000000000000000e+00 9.998970377529944017e+03 1.737474769903298742e+58 2.657312347726598815e+53 1.416648577761251363e+05 1.514187080584168932e+55
9.056388166969167486e+00 2.095900985509597522e+05 0.000000000000000000e+00 9.998841863474834099e+03 2.111471523630489838e+58 2.657278194011512123e+53 1.375172786648743786e+05 1.842317237894348798e+55
9.090459062409095736e+00 2.357641383716799319e+05 0.000000000000000000e+00 9.998697296189569897e+03 2.566520491476339663e+58 2.657239774012490939e+53 1.334982588438138773e+05 2.241559444884219741e+55
9.124488504167386438e+00 2.651689238293531816e+05 0.000000000000000000e+00 9.998534879514023487e+03 3.119447461866264862e+58 2.657196610384531343e+53 1.296070855621886876e+05 2.726675991677176291e+55
9.158517945925677139e+00 2.982411691615993623e+05 0.000000000000000000e+00 9.998352199400254904e+03 3.792049006785083928e+58 2.657148061573638650e+53 1.258339177517476783e+05 3.316790339897599897e+55
9.192547387683967841e+00 3.354383080780366436e+05 0.000000000000000000e+00 9.998146726765262429e+03 4.610231223878160534e+58 2.657093455454259090e+53 1.221742873049003683e+05 4.034631488592710197e+55
9.226576829442258543e+00 3.772748329973215587e+05 0.000000000000000000e+00 9.997915616613629027e+03 5.605509525683564379e+58 2.657032035944407345e+53 1.186240678495094326e+05 4.907849830769817578e+55
9.260606271200549244e+00 4.243294135028611054e+05 0.000000000000000000e+00 9.997655668507790324e+03 6.816223725838505896e+58 2.656962952500294072e+53 1.151794227281442581e+05 5.970083222605958578e+55
9.294635712958839946e+00 4.772529033180459519e+05 0.000000000000000000e+00 9.997363282072719812e+03 8.289016564454615256e+58 2.656885248291298423e+53 1.118367628206410154e+05 7.262254183900441533e+55
9.328642182576823316e+00 5.367347570922761224e+05 0.000000000000000000e+00 9.997034642224685740e+03 1.007930094048087486e+59 2.656797909426093599e+53 1.085948696772005642e+05 8.832979829499952993e+55
9.362648652194806687e+00 6.036303084309925325e+05 0.000000000000000000e+00 9.996665015554515776e+03 1.225686823721070421e+59 2.656699677960541914e+53 1.054482686384012486e+05 1.074349239521181897e+56
9.396655121812790057e+00 6.788636513887058245e+05 0.000000000000000000e+00 9.996249286341164407e+03 1.490552287166712390e+59 2.656589194347779631e+53 1.023939377404415427e+05 1.306731860566604771e+56
9.430661591430773427e+00 7.634740826258985326e+05 0.000000000000000000e+00 9.995781699294657301e+03 1.812721305570227222e+59 2.656464929069944125e+53 9.942899869852905977e+04 1.589390384286243824e+56
9.464668061048756798e+00 8.586304678086129716e+05 0.000000000000000000e+00 9.995255779318662462e+03 2.204596238726601863e+59 2.656325161314586925e+53 9.655070173847570550e+04 1.933206157086721860e+56
9.498674530666740168e+00 9.656474009725190699e+05 0.000000000000000000e+00 9.994664241126760317e+03 2.681265476484121766e+59 2.656167954954161857e+53 9.375641314332066395e+04 2.351417143293866205e+56
9.532653060952956281e+00 1.085898580255555920e+06 0.000000000000000000e+00 9.993999466817194843e+03 3.260561248178691214e+59 2.655991285465635836e+53 9.104580095403733139e+04 2.859668644886836416e+56
9.566631591239172394e+00 1.221125538872368634e+06 0.000000000000000000e+00 9.993251797518565581e+03 3.965115196692845940e+59 2.655792585920877827e+53 8.841411029506790510e+04 3.477816781943673643e+56
9.600610121525388507e+00 1.373193591411607107e+06 0.000000000000000000e+00 9.992410880205517969e+03 4.822027934449407925e+59 2.655569104914865561e+53 8.585900568197795656e+04 4.229638573952466019e+56
9.634588651811604620e+00 1.544200458106695907e+06 0.000000000000000000e+00 9.991465064500138396e+03 5.864269622123696532e+59 2.655317746259179712e+53 8.337823512890758866e+04 5.144060752894752692e+56
9.668567182097820734e+00 1.736505239821160445e+06 0.000000000000000000e+00 9.990401238955064400e+03 7.131953465208832745e+59 2.655035025473532361e+53 8.096962500541815825e+04 6.256277079406906501e+56
9.702545712384036847e+00 1.952761010916580912e+06 0.000000000000000000e+00 9.989204646370662886e+03 8.673886372053647406e+59 2.654717020705822922e+53 7.863107562312971277e+04 7.609108829592744804e+56
9.736474499622826073e+00 2.195574187219327316e+06 0.000000000000000000e+00 9.987860763845004840e+03 1.054643408013608275e+60 2.654359872371904667e+53 7.636383268310464337e+04 9.252009101077514872e+56
9.770403286861615300e+00 2.468583737300875597e+06 0.000000000000000000e+00 9.986349323323784120e+03 1.282358349132311878e+60 2.653958194059890913e+53 7.416246800866007106e+04 1.124989111317776030e+57
9.804332074100404526e+00 2.775545993695178069e+06 0.000000000000000000e+00 9.984649366595946049e+03 1.559286600273868097e+60 2.653506415942012671e+53 7.202509118427026260e+04 1.367955149645558277e+57
9.838260861339193752e+00 3.120684852777029388e+06 0.000000000000000000e+00 9.982737296229295680e+03 1.896078956301918267e+60 2.652998266797107674e+53 6.994987285113014514e+04 1.663443616677843692e+57
9.872189648577982979e+00 3.508750050762644503e+06 0.000000000000000000e+00 9.980586538591005592e+03 2.305696737654078267e+60 2.652426684454717006e+53 6.793504597113665659e+04 2.022826268915268177e+57
9.906118435816772205e+00 3.945082725156954490e+06 0.000000000000000000e+00 9.978167162423815171e+03 2.803915073492065156e+60 2.651783714438374270e+53 6.597889850683633995e+04 2.459943588750386322e+57
9.936871354004837897e+00 4.387287589685271494e+06 0.000000000000000000e+00 9.975714028660919212e+03 3.348036998662896864e+60 2.651131773053604180e+53 6.425516279384673544e+04 2.937334925516350849e+57
9.967624272192903589e+00 4.879072520636667497e+06 0.000000000000000000e+00 9.972984431538601712e+03 3.997904631438311009e+60 2.650406359149819359e+53 6.257707690515968716e+04 3.507503417641763153e+57
9.998377190380969282e+00 5.425999876343475655e+06 0.000000000000000000e+00 9.969947016570020423e+03 4.774122465521568947e+60 2.649599140003569754e+53 6.094348016385710798e+04 4.188526643313463554e+57
1.002913010856903497e+01 6.034256653318181634e+06 0.000000000000000000e+00 9.966566827311631641e+03 5.701323936619799691e+60 2.648700825650189130e+53 5.935324482842945872e+04 5.002017017066227456e+57
1.005988302675710067e+01 6.710724822083949111e+06 0.000000000000000000e+00 9.962804880374515051e+03 6.808965007073927636e+60 2.647701055913098601e+53 5.780527605954155297e+04 5.973818049930493985e+57
1.009063594494516636e+01 7.463059772102140822e+06 0.000000000000000000e+00 9.958617686514307934e+03 8.132277857464409043e+60 2.646588273145263969e+53 5.629851301551204961e+04 7.134841081182462055e+57
1.012392593085316683e+01 8.372860213975108229e+06 0.000000000000000000e+00 9.953549393944189433e+03 9.856875759497283291e+60 2.645241330815386818e+53 5.471269903577991499e+04 8.647935947966235388e+57
1.015721591676116731e+01 9.393630433416515589e+06 0.000000000000000000e+00 9.947856761842287597e+03 1.194824772443387276e+61 2.643728464887463822e+53 5.317270262076032668e+04 1.048282405495562726e+58
1.019050590266916778e+01 1.053892037940409407e+07 0.000000000000000000e+00 9.941461941775221931e+03 1.448476157937633918e+61 2.642028986473101779e+53 5.167730518153620505e+04 1.270826227257678550e+58
1.022379588857716826e+01 1.182393862682271935e+07 0.000000000000000000e+00 9.934277129107964356e+03 1.756167046183425321e+61 2.640119560733884995e+53 5.022533270574951894e+04 1.540782198284003738e+58
1.025708587448516873e+01 1.326575655036326312e+07 0.000000000000000000e+00 9.926203223043803519e+03 2.129480281917150843e+61 2.637973850779225401e+53 4.881565458729788952e+04 1.868312654061317670e+58
1.029037586039316921e+01 1.488353760134893842e+07 0.000000000000000000e+00 9.917128290824091891e+03 2.582507068790150346e+61 2.635562109516213924e+53 4.744718222742930084e+04 2.265780666162893331e+58
1.032366490836170847e+01 1.669874105952800810e+07 0.000000000000000000e+00 9.906926104957281495e+03 3.132382266061179646e+61 2.632850790904616585e+53 4.611890570593458688e+04 2.748219690637027598e+58
1.035695395633024773e+01 1.873556156944236532e+07 0.000000000000000000e+00 9.895453264448002301e+03 3.800006148067164322e+61 2.629801784897316473e+53 4.482978172495748731e+04 3.333966811547373588e+58
1.039024300429878700e+01 2.102111752473836392e+07 0.000000000000000000e+00 9.882547608007225790e+03 4.610838590224121244e+61 2.626371995737185055e+53 4.357884938828310987e+04 4.045359528711569092e+58
1.042353205226732626e+01 2.358586193170769885e+07 0.000000000000000000e+00 9.868025227536289094e+03 5.595935814002815406e+61 2.622512548265470346e+53 4.236519156726136134e+04 4.909645357197346326e+58
1.045682110023586553e+01 2.646399674401875213e+07 0.000000000000000000e+00 9.851677265247941250e+03 6.793214790097515635e+61 2.618167936729513172e+53 4.118793560364840960e+04 5.960091165208002010e+58
1.049011014820440479e+01 2.969393986800366640e+07 0.000000000000000000e+00 9.833266160022214535e+03 8.249016493714009112e+61 2.613275027219331246e+53 4.004625459485085594e+04 7.237354713122586748e+58
1.052266367823352589e+01 3.323415715629188344e+07 0.000000000000000000e+00 9.813006929322062206e+03 9.977034751399756045e+61 2.607890962474451995e+53 3.896345549402312463e+04 8.753450428076428957e+58
1.055521720826264698e+01 3.719735515912618488e+07 0.000000000000000000e+00 9.790227450728487383e+03 1.207126320725780660e+62 2.601837120183135154e+53 3.791324958125460398e+04 1.059084465987787532e+59
1.058777073829176807e+01 4.163430591311083734e+07 0.000000000000000000e+00 9.764598529669259733e+03 1.461086871148956517e+62 2.595026014057392131e+53 3.689500278779509244e+04 1.281899530778508028e+59
1.062032426832088916e+01 4.660193721442744881e+07 0.000000000000000000e+00 9.735743687059617514e+03 1.769271349056177816e+62 2.587357591543532875e+53 3.590813218307094212e+04 1.552288550202420193e+59
1.065287779835001025e+01 5.216409556173782051e+07 0.000000000000000000e+00 9.703231163986072715e+03 2.143553496043019221e+62 2.578717108998118225e+53 3.495211061568313744e+04 1.880669080833561060e+59
1.068543132837913134e+01 5.839240864281645417e+07 0.000000000000000000e+00 9.666564224486362946e+03 2.598520430954894963e+62 2.568972554568309886e+53 3.402647254032678757e+04 2.279839290289844994e+59
1.071372285304920702e+01 6.440852219763255119e+07 0.000000000000000000e+00 9.630880501404286406e+03 3.073298003678287358e+62 2.559489298355062211e+53 3.324638992854613753e+04 2.696390577864753826e+59
1.074201437771928269e+01 7.104710385606883466e+07 0.000000000000000000e+00 9.591195340718211810e+03 3.636857423825880554e+62 2.548942625694685662e+53 3.248874474027943143e+04 3.190835587169344732e+59
1.077030590238935837e+01 7.837316325865463912e+07 0.000000000000000000e+00 9.547015786310779731e+03 4.306476001865059947e+62 2.537201529260620332e+53 3.175337377297714920e+04 3.778332754572286213e+59
1.079859742705943404e+01 8.645863763141909242e+07 0.000000000000000000e+00 9.497777047650535678e+03 5.103018092325852753e+62 2.524115911113140202e+53 3.104016867081298187e+04 4.477187648527335267e+59
1.082688895172950971e+01 9.538316497746498883e+07 0.000000000000000000e+00 9.442829074655061049e+03 6.051762152307390372e+62 2.509513014853788788e+53 3.034908642445389705e+04 5.309578598333050754e+59
1.085518047639958539e+01 1.052349549151450098e+08 0.000000000000000000e+00 9.381419756545468772e+03 7.183452152974593793e+62 2.493192960576523038e+53 2.968016207439153732e+04 6.302479161425109989e+59
1.088096300918088311e+01 1.151030375362269580e+08 0.000000000000000000e+00 9.319092241018399363e+03 8.405683706352120143e+62 2.476628887441014926e+53 2.908996429770282703e+04 7.374817339687183110e+59
1.090674554196218082e+01 1.259039288416166753e+08 0.000000000000000000e+00 9.249903330120276223e+03 9.845461933108850088e+62 2.458241339492230528e+53 2.851845144363143481e+04 8.638022459665921568e+59
1.093252807474347854e+01 1.377274165081944168e+08 0.000000000000000000e+00 9.172957436422557294e+03 1.154461359413058963e+63 2.437792306670884755e+53 2.796589291099158436e+04 1.012879168465157045e+60
1.095831060752477626e+01 1.506722948131132126e+08 0.000000000000000000e+00 9.087205650483598220e+03 1.355407025358245077e+63 2.415003032274468758e+53 2.743267083749064113e+04 1.189181037600586386e+60
1.098409314030607398e+01 1.648473589014718235e+08 0.000000000000000000e+00 8.991409119115303838e+03 1.593625114205736795e+63 2.389544280416740913e+53 2.691930872784343956e+04 1.398184272405632481e+60
1.100987567308737169e+01 1.803725351676009893e+08 0.000000000000000000e+00 8.884090298984672700e+03 1.876823895374388062e+63 2.361023381253222925e+53 2.642650967275131916e+04 1.646651806829431366e+60
1.103445072105309777e+01 1.965484839827840030e+08 0.000000000000000000e+00 8.769443399606427192e+03 2.197402691855048323e+63 2.330554982023741970e+53 2.597678454716421766e+04 1.927915103999272465e+60
1.105902576901882384e+01 2.141975218849604726e+08 0.000000000000000000e+00 8.640836060696996356e+03 2.577961837203269555e+63 2.296376475958733711e+53 2.554765405326737891e+04 2.261802812481615505e+60
1.108360081698454991e+01 2.334588046978391111e+08 0.000000000000000000e+00 8.495964364201294302e+03 3.031618194301440560e+63 2.257875577026261435e+53 2.514051636594511001e+04 2.659823154552256780e+60
1.110817586495027598e+01 2.544858739900245368e+08 0.000000000000000000e+00 8.331951150020404384e+03 3.575134357642018169e+63 2.214287655192573594e+53 2.475722281181133803e+04 3.136682974817873863e+60
1.113275091291600205e+01 2.774485023994123936e+08 0.000000000000000000e+00 8.145129811276611690e+03 4.230304392238030061e+63 2.164638278154889034e+53 2.440025904340453053e+04 3.711503533378798661e+60
1.115002449764434722e+01 2.948477552210087776e+08 0.000000000000000000e+00 7.997650985605368078e+03 4.772812123139899134e+63 2.125444512228244252e+53 2.416689162063927142e+04 4.187478593733248728e+60
1.116729808237269239e+01 3.133672885759220719e+08 0.000000000000000000e+00 7.834458621012520780e+03 5.397484117592290616e+63 2.082074738230140751e+53 2.394975049587926696e+04 4.735541364721646712e+60
1.118457166710103756e+01 3.330842819562343955e+08 0.000000000000000000e+00 7.652891794198604657e+03 6.120710491650511280e+63 2.033821792915457864e+53 2.375085655079989010e+04 5.370071893309350674e+60
1.120184525182938273e+01 3.540822501565504074e+08 0.000000000000000000e+00 7.449543885452732866e+03 6.963592554906144962e+63 1.979780337806337699e+53 2.357286361883268182e+04 6.109583643595389637e+60
1.121911883655772790e+01 3.764518363426930904e+08 0.000000000000000000e+00 7.219933303881659413e+03 7.953992533234492265e+63 1.918759351590741508e+53 2.341935406716462967e+04 6.978521843513222445e+60
1.123127078821874747e+01 3.930636560873391628e+08 0.000000000000000000e+00 7.039479099262644922e+03 8.758978281428838762e+63 1.870802095190540522e+53 2.332863841708660038e+04 7.684784852212932058e+60
1.124342273987976704e+01 4.104400793670222163e+08 0.000000000000000000e+00 6.840256362869445184e+03 9.672914944705322909e+63 1.817856940101859228e+53 2.325481803304511050e+04 8.486637134131877122e+60
1.125557469154078660e+01 4.286207619238548279e+08 0.000000000000000000e+00 6.618568432844034760e+03 1.071879935516887636e+64 1.758941466652490635e+53 2.320103602722069263e+04 9.404255211352923718e+60
1.126772664320180617e+01 4.476482347610147595e+08 0.000000000000000000e+00 6.369420829757114916e+03 1.192763525519783042e+64 1.692728348992189434e+53 2.317160163602379180e+04 1.046484055642138572e+61
1.127704748213053776e+01 4.628451210014032722e+08 0.000000000000000000e+00 6.155445703092866097e+03 1.299166923572752692e+64 1.635862619349769400e+53 2.316925517149101870e+04 1.139838236373019447e+61
1.128636832105926935e+01 4.785892832574805021e+08 0.000000000000000000e+00 5.916837692297674039e+03 1.420395730425385681e+64 1.572450488959092067e+53 2.318870538445101556e+04 1.246199651500711471e+61
1.129568915998800094e+01 4.949044656830784678e+08 0.000000000000000000e+00 5.647360290589835131e+03 1.560283664062178574e+64 1.500834552522213523e+53 2.323553996311864466e+04 1.368931855500756736e+61
1.130243253661500802e+01 5.070784351169986725e+08 0.000000000000000000e+00 5.428149165697157514e+03 1.676188636245598261e+64 1.442577311332129923e+53 2.329101962930889204e+04 1.470622347237264335e+61
1.130917591324201510e+01 5.195749750823629498e+08 0.000000000000000000e+00 5.183012843601561144e+03 1.807831560205197197e+64 1.377430226083765381e+53 2.336969834703888046e+04 1.586120703195316226e+61
1.131443500842442162e+01 5.295518805094723105e+08 0.000000000000000000e+00 4.969205279774608243e+03 1.924241436239746859e+64 1.320609027706040181e+53 2.345140558997262997e+04 1.688254178803950950e+61
1.131969410360682815e+01 5.397372976904036999e+08 0.000000000000000000e+00 4.730066988058156312e+03 2.056031450207786683e+64 1.257055970601248384e+53 2.355600325637912101e+04 1.803881586886294101e+61
1.132370392957936467e+01 5.476470016068102121e+08 0.000000000000000000e+00 4.526154650916821993e+03 2.169608467346175700e+64 1.202864513793149058e+53 2.365534228147717658e+04 1.903529623753512573e+61
1.132771375555190119e+01 5.556842053522959948e+08 0.000000000000000000e+00 4.298180153244328721e+03 2.297767350484160654e+64 1.142278330940444586e+53 2.377661386227896219e+04 2.015971220579532536e+61
1.133048214318187519e+01 5.613090635137854815e+08 0.000000000000000000e+00 4.122989262160835096e+03 2.397019853659821659e+64 1.095719845365620225e+53 2.387661551422028788e+04 2.103051489380920762e+61
1.133325053081184919e+01 5.669971772528978586e+08 0.000000000000000000e+00 3.929228798391145119e+03 2.507495437774941720e+64 1.044226336190574611e+53 2.399364591524319621e+04 2.199978451317282428e+61
1.133601891844182319e+01 5.727496626776815653e+08 0.000000000000000000e+00 3.711593364583500261e+03 2.632378982176871381e+64 9.863878484539324619e+52 2.413261574103872044e+04 2.309546395242951401e+61
1.133782266045721521e+01 5.765328909566668272e+08 0.000000000000000000e+00 3.553265440499530087e+03 2.723706476831418153e+64 9.443108413449135179e+52 2.423837132332381225e+04 2.389673572115131377e+61
1.133962640247260723e+01 5.803443048513648510e+08 0.000000000000000000e+00 3.378048225283879674e+03 2.825197163448228692e+64 8.977453599056362587e+52 2.435968253529989306e+04 2.478717536966418191e+61
1.134143014448799924e+01 5.841842796304166317e+08 0.000000000000000000e+00 3.180889116096501311e+03 2.939873653849609090e+64 8.453486314897099509e+52 2.450120622864074539e+04 2.579330211462622367e+61
1.134257857985765128e+01 5.866442410913269520e+08 0.000000000000000000e+00 3.040509801005539884e+03 3.021800202912146746e+64 8.080416215404801552e+52 2.460498808084227858e+04 2.651209366557284929e+61
1.134372701522730331e+01 5.891160560709594488e+08 0.000000000000000000e+00 2.885027710426599242e+03 3.112781357635086376e+64 7.667209191535437547e+52 2.472266640725115576e+04 2.731032679309318906e+61
1.134487545059695535e+01 5.915998438814201355e+08 0.000000000000000000e+00 2.709757824442232959e+03 3.215613717099232863e+64 7.201414400046235355e+52 2.485852723997496651e+04 2.821253776627464720e+61
1.134559163912465252e+01 5.931549046014326811e+08 0.000000000000000000e+00 2.587346182745136502e+03 3.287586684831867672e+64 6.876094937436234193e+52 2.495527958212683734e+04 2.884400048640268562e+61
1.134630782765234969e+01 5.947147063701266050e+08 0.000000000000000000e+00 2.451672566429285780e+03 3.367488930769350833e+64 6.515530637028890696e+52 2.506417410327657853e+04 2.954503159933467348e+61
1.134688744330507681e+01 5.959805594824327230e+08 0.000000000000000000e+00 2.329357219327831899e+03 3.439631383492708857e+64 6.190467085586103623e+52 2.516373634368676358e+04 3.017798131723344021e+61
1.134746705895780394e+01 5.972495623436254263e+08 0.000000000000000000e+00 2.192258476360861096e+03 3.520601402718820975e+64 5.826115388572801814e+52 2.527677122639067966e+04 3.088838065901023543e+61
1.134784387960734087e+01 5.980762688625241518e+08 0.000000000000000000e+00 2.092813563859753231e+03 3.579397419791648352e+64 5.561831983451815433e+52 2.535963423521761069e+04 3.140423396248261977e+61
1.134822070025687779e+01 5.989043237467920780e+08 0.000000000000000000e+00 1.982707382936175463e+03 3.644553400587357274e+64 5.269215340855583481e+52 2.545216367644221100e+04 3.197588710596861827e+61
1.134859752090641472e+01 5.997337339610596895e+08 0.000000000000000000e+00 1.858545902241971589e+03 3.718090633466113767e+64 4.939245530661799949e+52 2.555740023191694854e+04 3.262107408484321172e+61
1.134883006892146895e+01 6.002462691594926119e+08 0.000000000000000000e+00 1.772690406291242198e+03 3.768975712545005495e+64 4.711077168424494742e+52 2.563066783849403146e+04 3.306751990827365742e+61
1.134906261693652318e+01 6.007593262668697834e+08 0.000000000000000000e+00 1.677499320453544669e+03 3.825424088892556569e+64 4.458098673400223512e+52 2.571232775241245326e+04 3.356277593114540189e+61
1.134923239064494283e+01 6.011342191630086899e+08 0.000000000000000000e+00 1.600436801218313803e+03 3.871143295569890299e+64 4.253298402793508413e+52 2.577872956345535204e+04 3.396389840722390601e+61
1.134940216435336247e+01 6.015093923829314709e+08 0.000000000000000000e+00 1.515065914184001713e+03 3.921811475518933303e+64 4.026417930417654674e+52 2.585256069686684714e+04 3.440844124371466299e+61
1.134952459889100851e+01 6.017801280377322435e+08 0.000000000000000000e+00 1.446906960570867341e+03 3.962277805443495338e+64 3.845279650969106809e+52 2.591168548518325406e+04 3.476347702988837446e+61
1.134964703342865455e+01 6.020510105872539282e+08 0.000000000000000000e+00 1.371593898737265135e+03 4.007004190596115842e+64 3.645128713823382004e+52 2.597717516647867160e+04 3.515588887837994743e+61
1.134976946796630060e+01 6.023220401935815811e+08 0.000000000000000000e+00 1.286888490960758418e+03 4.057322647558798658e+64 3.420016809792217228e+52 2.605099845642512082e+04 3.559736338293711046e+61
1.134984648864869961e+01 6.024926141626220942e+08 0.000000000000000000e+00 1.227284574862062982e+03 4.092737860493537379e+64 3.261614278089720038e+52 2.610303030975937145e+04 3.590808264061542979e+61
1.134992350933109861e+01 6.026632470780081749e+08 0.000000000000000000e+00 1.161226398731308791e+03 4.131995012552724006e+64 3.086058995422818591e+52 2.616075975951990040e+04 3.625250957307202617e+61
1.134997978118636297e+01 6.027879501194102764e+08 0.000000000000000000e+00 1.107725097103326107e+03 4.163794706600581437e+64 2.943874686371408757e+52 2.620755155213822582e+04 3.653150767928169133e+61
1.135003605304162733e+01 6.029126846898473501e+08 0.000000000000000000e+00 1.048467192859070565e+03 4.199020536184379994e+64 2.786391710921758602e+52 2.625940205094353587e+04 3.684056536183027135e+61
1.135007669046386525e+01 6.030027829475390911e+08 0.000000000000000000e+00 1.001093720056307916e+03 4.227184798938990113e+64 2.660492633836434022e+52 2.630086271077693891e+04 3.708766761276909845e+61
1.135011732788610317e+01 6.030928977626155615e+08 0.000000000000000000e+00 9.487424926226034358e+02 4.258311330201680374e+64 2.521364745838261699e+52 2.634667953299478540e+04 3.736075965174340724e+61
1.135015796530834109e+01 6.031830289076251984e+08 0.000000000000000000e+00 8.898487275294191932e+02 4.293331145285459676e+64 2.364849501490807397e+52 2.639820947336050449e+04 3.766800984383520125e+61
1.135018346773011366e+01 6.032395999810093641e+08 0.000000000000000000e+00 8.484986334454056305e+02 4.317920878451537545e+64 2.254958071233131531e+52 2.643437404344831157e+04 3.788375056728876790e+61
1.135020897015188623e+01 6.032961777648899555e+08 0.000000000000000000e+00 8.026648191280655738e+02 4.345178558906559747e+64 2.133150768950731682e+52 2.647443837350331160e+04 3.812289881924441164e+61
1.135022757678788530e+01 6.033374613459734917e+08 0.000000000000000000e+00 7.655895957618121201e+02 4.367228562070089324e+64 2.034620175173545653e+52 2.650682535606688543e+04 3.831635694280891267e+61
1.135024618342388436e+01 6.033787484215526581e+08 0.000000000000000000e+00 7.245206289248875464e+02 4.391654839348857627e+64 1.925475864745981605e+52 2.654267389577630820e+04 3.853066356825835407e+61
1.135025960506615661e+01 6.034085324405891895e+08 0.000000000000000000e+00 6.917223820149160929e+02 4.411162719317045098e+64 1.838311703630456253e+52 2.657127930000888955e+04 3.870181809495213777e+61
1.135027302670842886e+01 6.034383182983546257e+08 0.000000000000000000e+00 6.554749659178181673e+02 4.432722778027827016e+64 1.741981078844886968e+52 2.660286497311076891e+04 3.889097763719086369e+61
1.135028644835070111e+01 6.034681058028719425e+08 0.000000000000000000e+00 6.146916963631497310e+02 4.456981521950434713e+64 1.633596033508810847e+52 2.663836353817183408e+04 3.910381439047440899e+61
1.135029486095553963e+01 6.034867772754553556e+08 0.000000000000000000e+00 5.860886492513328676e+02 4.473995638019811850e+64 1.557580976554916285e+52 2.666323275508148436e+04 3.925308960589224938e+61
1.135030327356037816e+01 6.035054495643149614e+08 0.000000000000000000e+00 5.543817136738873614e+02 4.492856426074788612e+64 1.473317069135162765e+52 2.669077179957722910e+04 3.941856680075645654e+61
1.135030940763975948e+01 6.035190650636966228e+08 0.000000000000000000e+00 5.287477479719266285e+02 4.508104979031702897e+64 1.405192601305871485e+52 2.671301236175870872e+04 3.955235165439118970e+61
1.135031554171914081e+01 6.035326809289184809e+08 0.000000000000000000e+00 5.003507886234493753e+02 4.524997357639699748e+64 1.329725240302221398e+52 2.673762353560164775e+04 3.970055879288220270e+61
1.135031996419250966e+01 6.035424977389798164e+08 0.000000000000000000e+00 4.776829266549147519e+02 4.538481855573564679e+64 1.269483448166400901e+52 2.675724821588913255e+04 3.981886651610752955e+61
1.135032438666587851e+01 6.035523147460185289e+08 0.000000000000000000e+00 4.526301775579547098e+02 4.553385210426236728e+64 1.202903613437175558e+52 2.677891453007871314e+04 3.994962273631303185e+61
1.135032880913924735e+01 6.035621318122707605e+08 0.000000000000000000e+00 4.244404536491815065e+02 4.570154854188059915e+64 1.127986998432381800e+52 2.680326319447877904e+04 4.009675304719799231e+61
1.135033157966474704e+01 6.035682818927478790e+08 0.000000000000000000e+00 4.046789881994029656e+02 4.581910749853192498e+64 1.075469204933494801e+52 2.682031192824413665e+04 4.019989468864557605e+61
1.135033435019024672e+01 6.035744321102908850e+08 0.000000000000000000e+00 3.827722625982517002e+02 4.594942923899993948e+64 1.017250198135549094e+52 2.683919125609590265e+04 4.031423389862143789e+61
1.135033636979068916e+01 6.035789154692252874e+08 0.000000000000000000e+00 3.650655077156357038e+02 4.605476620142411374e+64 9.701929746303438999e+51 2.685443497081364330e+04 4.040665243924504402e+61
1.135033838939113160e+01 6.035833988515098095e+08 0.000000000000000000e+00 3.454496149539809267e+02 4.617146110956317417e+64 9.180620530663048633e+51 2.687130487060311134e+04 4.050903599826199309e+61
1.135033984513575867e+01 6.035866305126813650e+08 0.000000000000000000e+00 3.297942711048934257e+02 4.626459509115178745e+64 8.764566307604579873e+51 2.688475517368332294e+04 4.059074811966469414e+61
1.135034130088038573e+01 6.035898621894614697e+08 0.000000000000000000e+00 3.124914537733209272e+02 4.636753027469364764e+64 8.304729060271970660e+51 2.689960657118510062e+04 4.068105943322701696e+61
1.135034275662501280e+01 6.035930937857069969e+08 0.000000000000000000e+00 2.930214084206170355e+02 4.648335875814638294e+64 7.787295864922221991e+51 2.691629956498523825e+04 4.078268282504606558e+61
1.135034366838853792e+01 6.035951177612508535e+08 0.000000000000000000e+00 2.793753287266200687e+02 4.656454033432153559e+64 7.424639564325490546e+51 2.692798731896256504e+04 4.085390837232548993e+61
1.135034458015206305e+01 6.035971417832823992e+08 0.000000000000000000e+00 2.642475791548585562e+02 4.665453667876903499e+64 7.022606612805928094e+51 2.694093232163888024e+04 4.093286765334269418e+61
1.135034524471230633e+01 6.035986170780024529e+08 0.000000000000000000e+00 2.520213557169428213e+02 4.672727171903869238e+64 6.697684212989224067e+51 2.695138520666883414e+04 4.099668253960143758e+61
1.135034590927254960e+01 6.036000923627530336e+08 0.000000000000000000e+00 2.384767025857184422e+02 4.680785035257228834e+64 6.337723410503474154e+51 2.696295541350488202e+04 4.106737908853998302e+61
1.135034638824602027e+01 6.036011556410106421e+08 0.000000000000000000e+00 2.276676991671520796e+02 4.687215438916984913e+64 6.050464851209036190e+51 2.697218118877620873e+04 4.112379694115198055e+61
1.135034686721949093e+01 6.036022189162452221e+08 0.000000000000000000e+00 2.157210928952853521e+02 4.694322623842621473e+64 5.732973517991431774e+51 2.698236998376345218e+04 4.118615260851679528e+61
1.135034734619296160e+01 6.036032821218466759e+08 0.000000000000000000e+00 2.022779201654798271e+02 4.702320142300772215e+64 5.375709644424961124e+51 2.699382493238988172e+04 4.125631971489572051e+61
1.135034764615315339e+01 6.036039479254176617e+08 0.000000000000000000e+00 1.928567707952487069e+02 4.707924911625063653e+64 5.125334499724592518e+51 2.700184620682877721e+04 4.130549377400823476e+61
1.135034794611334519e+01 6.036046137554891109e+08 0.000000000000000000e+00 1.824125924741570941e+02 4.714138299797212990e+64 4.847771481067607408e+51 2.701073215554855415e+04 4.136000761741420668e+61
1.135034816473477015e+01 6.036050990587999821e+08 0.000000000000000000e+00 1.739719993022694098e+02 4.719159730368584785e+64 4.623455460408187537e+51 2.701790850759769819e+04 4.140406368992432815e+61
1.135034838335619511e+01 6.036055843521432877e+08 0.000000000000000000e+00 1.646211363705465374e+02 4.724722696219510242e+64 4.374948238242583878e+51 2.702585354777998145e+04 4.145287098167504155e+61
1.135034854091776957e+01 6.036059340934002399e+08 0.000000000000000000e+00 1.571591782091215634e+02 4.729161926783452951e+64 4.176640284404357803e+51 2.703218967579650052e+04 4.149181905849082902e+61
1.135034869847934402e+01 6.036062838309136629e+08 0.000000000000000000e+00 1.489118363841834878e+02 4.734068395663410900e+64 3.957460084445215546e+51 2.703918852566726491e+04 4.153486650197912892e+61
1.135034885604091848e+01 6.036066335186448097e+08 0.000000000000000000e+00 1.396312672606069043e+02 4.739589548232106813e+64 3.710820980668834521e+51 2.704705887110715048e+04 4.158330694030835107e+61
1.135034895471024186e+01 6.036068524770168066e+08 0.000000000000000000e+00 1.331275856374562352e+02 4.743458689027578820e+64 3.537980049749436201e+51 2.705257092245442618e+04 4.161725327194107714e+61
1.135034905337956523e+01 6.036070714529983997e+08 0.000000000000000000e+00 1.259176466849071971e+02 4.747747994744932881e+64 3.346369723070053552e+51 2.705867828357647159e+04 4.165488596665381198e+61
1.135034912529139994e+01 6.036072310618803501e+08 0.000000000000000000e+00 1.200909663938053313e+02 4.751214379098456644e+64 3.191520684627138257e+51 2.706361139122182431e+04 4.168529867041755880e+61
1.135034919720323465e+01 6.036073906634886265e+08 0.000000000000000000e+00 1.136358896973100343e+02 4.755054606970025681e+64 3.019971471423519760e+51 2.706907385019402864e+04 4.171899133133824618e+61
1.135034924902944731e+01 6.036075056783097982e+08 0.000000000000000000e+00 1.084848439445428738e+02 4.758119046526405125e+64 2.883078001738980902e+51 2.707343077533275573e+04 4.174587752828765132e+61
1.135034930085565996e+01 6.036076206903314590e+08 0.000000000000000000e+00 1.027916272552332373e+02 4.761506032682620447e+64 2.731775873264030812e+51 2.707824417661779444e+04 4.177559362324922526e+61
1.135034932425826071e+01 6.036076726178804636e+08 0.000000000000000000e+00 1.000000000937130409e+02 4.763166816579719108e+64 2.657585981240491843e+51 2.708060357232675233e+04 4.179016469313873815e+61
1.135034932425826071e+01 6.036076726178804636e+08 0.000000000000000000e+00 1.000000000937130409e+02 4.763166816579719108e+64 2.657585981240491843e+51 2.708060357232675233e+04 4.179016469313873815e+61
1.135034932450447087e+01 6.036076731645089388e+08 0.000000000000000000e+00 9.996980015484017201e+01 4.763184783012058669e+64 2.656783391899415328e+51 2.708062909358422621e+04 4.179032232360574250e+61
1.135034932475068103e+01 6.036076737111374140e+08 0.000000000000000000e+00 9.993958239769835927e+01 4.763202760044784771e+64 2.655980329022521866e+51 2.708065462983798352e+04 4.179048004707639120e+61
1.135034932721278444e+01 6.036076791774226427e+08 0.000000000000000000e+00 9.963581959556623246e+01 4.763383473452331442e+64 2.647907571384400498e+51 2.708091132653336172e+04 4.179206555600138564e+61
1.135034932967488785e+01 6.036076846437079906e+08 0.000000000000000000e+00 9.933022808143302029e+01 4.763565274791253051e+64 2.639786214152546669e+51 2.708116956228583513e+04 4.179366061001177375e+61
1.135034933680966063e+01 6.036077004841114283e+08 0.000000000000000000e+00 9.843484030594915168e+01 4.764097955479518588e+64 2.615990514175845870e+51 2.708192616300354348e+04 4.179833414252318165e+61
1.135034934394443340e+01 6.036077163245161772e+08 0.000000000000000000e+00 9.752338541014994178e+01 4.764640194766482192e+64 2.591767816662456056e+51 2.708269628519412072e+04 4.180309153844988890e+61
1.135034935107920617e+01 6.036077321649221182e+08 0.000000000000000000e+00 9.659472181752586550e+01 4.765192671795033464e+64 2.567087783235122395e+51 2.708348088898752030e+04 4.180793875632662064e+61
1.135034937487029438e+01 6.036077849851838350e+08 0.000000000000000000e+00 9.336185609153511678e+01 4.767115956101520662e+64 2.481171596989378405e+51 2.708621178806399985e+04 4.182481290238277945e+61
1.135034939866138437e+01 6.036078378054609299e+08 0.000000000000000000e+00 8.988684218426384120e+01 4.769183298406184411e+64 2.388820114630124763e+51 2.708914642129194908e+04 4.184295095710482362e+61
1.135034942245247258e+01 6.036078906257538795e+08 0.000000000000000000e+00 8.611893949906264822e+01 4.771424885132798886e+64 2.288684861175271890e+51 2.709232744025899592e+04 4.186261776439641564e+61
1.135034943897740689e+01 6.036079273139519691e+08 0.000000000000000000e+00 8.329500572249867218e+01 4.773104889445743341e+64 2.213636393080120791e+51 2.709471087251056088e+04 4.187735746671510475e+61
1.135034945550234298e+01 6.036079640021587610e+08 0.000000000000000000e+00 8.026528499360868807e+01 4.774907319845324702e+64 2.133118959793857185e+51 2.709726736601876837e+04 4.189317128774838849e+61
1.135034947202727906e+01 6.036080006903743744e+08 0.000000000000000000e+00 7.698715958179768393e+01 4.776857530326699440e+64 2.045999958483724671e+51 2.710003273151051326e+04 4.191028167355686552e+61
1.135034948381256825e+01 6.036080268557641506e+08 0.000000000000000000e+00 7.446735008828271418e+01 4.778356606300652237e+64 1.979033854692858141e+51 2.710215787986156283e+04 4.192343398122598454e+61
1.135034949559785922e+01 6.036080530211592913e+08 0.000000000000000000e+00 7.176416475458766797e+01 4.779964775611626976e+64 1.907194380284951360e+51 2.710443717979643043e+04 4.193754343126690388e+61
1.135034950738315018e+01 6.036080791865596771e+08 0.000000000000000000e+00 6.883982375539704890e+01 4.781704514104206764e+64 1.829477503919622321e+51 2.710690236669639853e+04 4.195280721797009266e+61
1.135034951580007245e+01 6.036080978735983372e+08 0.000000000000000000e+00 6.658909359974528286e+01 4.783043510472878765e+64 1.769662414883521758e+51 2.710879929182418346e+04 4.196455504964419924e+61
1.135034952421699472e+01 6.036081165606400967e+08 0.000000000000000000e+00 6.417477134212383305e+01 4.784479830500120128e+64 1.705499725083133221e+51 2.711083368785265702e+04 4.197715676112379075e+61
1.135034953263391699e+01 6.036081352476850748e+08 0.000000000000000000e+00 6.156319405825965418e+01 4.786033500817538686e+64 1.636094813362937728e+51 2.711303382390050319e+04 4.199078805826033876e+61
1.135034953865363683e+01 6.036081486125233173e+08 0.000000000000000000e+00 5.955047459806282717e+01 4.787230900777155518e+64 1.582605063197173001e+51 2.711472911449815365e+04 4.200129357829111190e+61
1.135034954467335844e+01 6.036081619773633480e+08 0.000000000000000000e+00 5.739147050215080270e+01 4.788515327893926378e+64 1.525227673063576170e+51 2.711654729224220137e+04 4.201256264064153749e+61
1.135034955069307827e+01 6.036081753422054052e+08 0.000000000000000000e+00 5.505608306193056478e+01 4.789904688388296984e+64 1.463162743902794445e+51 2.711851362670825620e+04 4.202475234750295925e+61
1.135034955499852138e+01 6.036081849010502100e+08 0.000000000000000000e+00 5.325615048596547751e+01 4.790975497967917757e+64 1.415327988136992308e+51 2.712002885259049071e+04 4.203414721293412580e+61
1.135034955930396450e+01 6.036081944598963261e+08 0.000000000000000000e+00 5.132540243507594369e+01 4.792124131842792344e+64 1.364016698651563408e+51 2.712165393882691205e+04 4.204422487836550289e+61
1.135034956360940761e+01 6.036082040187436342e+08 0.000000000000000000e+00 4.923692390505850369e+01 4.793366602194761761e+64 1.308513586068614750e+51 2.712341147695775726e+04 4.205512582843275935e+61
1.135034956668886608e+01 6.036082108556901217e+08 0.000000000000000000e+00 4.762723549940228196e+01 4.794324232406461806e+64 1.265734732698330408e+51 2.712476587686955099e+04 4.206352770225140569e+61
1.135034956976832454e+01 6.036082176926374435e+08 0.000000000000000000e+00 4.590055822090026538e+01 4.795351461237628956e+64 1.219846799446598305e+51 2.712621849992409625e+04 4.207254020720050167e+61
1.135034957284778478e+01 6.036082245295854807e+08 0.000000000000000000e+00 4.403282187684917659e+01 4.796462608444549597e+64 1.170210100247078922e+51 2.712778954571680879e+04 4.208228897923424981e+61
1.135034957505036246e+01 6.036082294197019339e+08 0.000000000000000000e+00 4.259326901066274473e+01 4.797319022231878605e+64 1.131952745118614404e+51 2.712900025036305669e+04 4.208980281963921822e+61
1.135034957725294014e+01 6.036082343098189831e+08 0.000000000000000000e+00 4.104909234431099208e+01 4.798237678451398342e+64 1.090914922546520825e+51 2.713029877614072029e+04 4.209786275085779265e+61
1.135034957945551959e+01 6.036082391999363899e+08 0.000000000000000000e+00 3.937876576036390475e+01 4.799231383346832585e+64 1.046524557452209056e+51 2.713170318438436516e+04 4.210658112987553211e+61
1.135034958103091007e+01 6.036082426975860596e+08 0.000000000000000000e+00 3.809136554136928510e+01 4.799997279021260592e+64 1.012310789741811132e+51 2.713278548815931572e+04 4.211330079967728059e+61
1.135034958260630056e+01 6.036082461952359676e+08 0.000000000000000000e+00 3.671039959536881980e+01 4.800818838496556986e+64 9.756104323895906891e+50 2.713394631463449332e+04 4.212050884194834006e+61
1.135034958418169104e+01 6.036082496928863525e+08 0.000000000000000000e+00 3.521661696003854303e+01 4.801707514488969588e+64 9.359118745200511857e+50 2.713520181356488683e+04 4.212830573835232230e+61
1.135034958530848748e+01 6.036082521945747137e+08 0.000000000000000000e+00 3.406528801170300369e+01 4.802392459121955763e+64 9.053143178197962936e+50 2.713616937306674299e+04 4.213431517530283910e+61
1.135034958643528213e+01 6.036082546962631941e+08 0.000000000000000000e+00 3.283028267522309562e+01 4.803127184224065976e+64 8.724929891606921259e+50 2.713720714285625945e+04 4.214076136666557948e+61
1.135034958756207857e+01 6.036082571979520321e+08 0.000000000000000000e+00 3.149438468584849460e+01 4.803921932036250467e+64 8.369903515046697499e+50 2.713832956366660073e+04 4.214773417386616677e+61
1.135034958836801700e+01 6.036082589872800112e+08 0.000000000000000000e+00 3.046474523128265233e+01 4.804534481581329516e+64 8.096267977284501872e+50 2.713919457551482628e+04 4.215310844456332950e+61
1.135034958917395542e+01 6.036082607766081095e+08 0.000000000000000000e+00 2.936027350855703943e+01 4.805191550081924957e+64 7.802745120860357804e+50 2.714012236639829644e+04 4.215887330720529089e+61
1.135034958997989385e+01 6.036082625659363270e+08 0.000000000000000000e+00 2.816557290411460457e+01 4.805902297238351527e+64 7.485243163343324122e+50 2.714112584907490600e+04 4.216510912542858019e+61
1.135034959055633941e+01 6.036082638457493782e+08 0.000000000000000000e+00 2.724476116833433537e+01 4.806450103376066997e+64 7.240529527535516303e+50 2.714189920738082583e+04 4.216991536273182385e+61
1.135034959113278319e+01 6.036082651255625486e+08 0.000000000000000000e+00 2.625702653083260074e+01 4.807037723056128270e+64 6.978030555200487389e+50 2.714272870098093699e+04 4.217507090852072539e+61
1.135034959170922875e+01 6.036082664053755999e+08 0.000000000000000000e+00 2.518859970945228355e+01 4.807673347852451352e+64 6.694086941218412632e+50 2.714362587648667613e+04 4.218064763246855424e+61
1.135034959212153005e+01 6.036082673207589388e+08 0.000000000000000000e+00 2.436511327355023937e+01 4.808163253560743837e+64 6.475238340644007744e+50 2.714431731310653413e+04 4.218494587399627196e+61
1.135034959253383136e+01 6.036082682361422777e+08 0.000000000000000000e+00 2.348177733927217758e+01 4.808688764726547242e+64 6.240484221297672689e+50 2.714505894514409738e+04 4.218955650391526001e+61
1.135034959294613266e+01 6.036082691515256166e+08 0.000000000000000000e+00 2.252627796075686106e+01 4.809257207120114489e+64 5.986552046193010025e+50 2.714586109772351119e+04 4.219454379567528012e+61
1.135034959324103099e+01 6.036082698062514067e+08 0.000000000000000000e+00 2.178983010587140257e+01 4.809695332137377833e+64 5.790834696870602468e+50 2.714647930718793577e+04 4.219838773362428184e+61
1.135034959353592754e+01 6.036082704609770775e+08 0.000000000000000000e+00 2.099985854413666075e+01 4.810165299293995239e+64 5.580892962262858172e+50 2.714714240133397834e+04 4.220251104207946379e+61
1.135034959383082587e+01 6.036082711157027483e+08 0.000000000000000000e+00 2.014535084810222898e+01 4.810673660065368566e+64 5.353800195091353237e+50 2.714785961311553910e+04 4.220697120112966829e+61
1.135034959404175048e+01 6.036082715839936733e+08 0.000000000000000000e+00 1.948674207669108682e+01 4.811065477324377006e+64 5.178769251452955067e+50 2.714841236395938176e+04 4.221040885287660933e+61
1.135034959425267509e+01 6.036082720522844791e+08 0.000000000000000000e+00 1.878026679284887024e+01 4.811485771164093167e+64 4.991017370585708870e+50 2.714900525112839387e+04 4.221409634703138080e+61
1.135034959446359970e+01 6.036082725205755234e+08 0.000000000000000000e+00 1.801607652615188115e+01 4.811940400602609669e+64 4.787927236798598170e+50 2.714964653101307704e+04 4.221808508833258613e+61
1.135034959461446213e+01 6.036082728555192947e+08 0.000000000000000000e+00 1.742707965876466858e+01 4.812290804588226100e+64 4.631396255169008432e+50 2.715014076501548334e+04 4.222115939617787997e+61
1.135034959476532634e+01 6.036082731904630661e+08 0.000000000000000000e+00 1.679527554076610230e+01 4.812666675315915537e+64 4.463488878638064250e+50 2.715067088971416888e+04 4.222445713928124845e+61
1.135034959491618878e+01 6.036082735254068375e+08 0.000000000000000000e+00 1.611185663602832108e+01 4.813073252534729517e+64 4.281864428753686264e+50 2.715124428829038516e+04 4.222802428915632412e+61
1.135034959502409357e+01 6.036082737649744749e+08 0.000000000000000000e+00 1.558511404962967717e+01 4.813386620418448828e+64 4.141878057551334233e+50 2.715168620896330322e+04 4.223077365669473523e+61
1.135034959513199837e+01 6.036082740045421124e+08 0.000000000000000000e+00 1.502008873835689862e+01 4.813722763328967225e+64 3.991717723063600585e+50 2.715216022412610982e+04 4.223372284343165158e+61
1.135034959523990317e+01 6.036082742441097498e+08 0.000000000000000000e+00 1.440890407990919719e+01 4.814086367199283536e+64 3.829290145191831528e+50 2.715267293615381277e+04 4.223691296191484418e+61
1.135034959531708054e+01 6.036082744154597521e+08 0.000000000000000000e+00 1.393783580536910804e+01 4.814366613513511370e+64 3.704099701046666001e+50 2.715306808766463655e+04 4.223937173372626133e+61
1.135034959539425969e+01 6.036082745868097544e+08 0.000000000000000000e+00 1.343253111319978466e+01 4.814667227639362925e+64 3.569810634556092521e+50 2.715349193924413339e+04 4.224200920476955172e+61
1.135034959547143707e+01 6.036082747581597567e+08 0.000000000000000000e+00 1.288594590263942052e+01 4.814992400228994966e+64 3.424550915378361605e+50 2.715395039507592082e+04 4.224486214219154644e+61
1.135034959552663913e+01 6.036082748807173967e+08 0.000000000000000000e+00 1.246466743427585477e+01 4.815243025763472669e+64 3.312592540311136780e+50 2.715430373265573144e+04 4.224706103283921774e+61
1.135034959558184120e+01 6.036082750032750368e+08 0.000000000000000000e+00 1.201277118144280998e+01 4.815511866324797356e+64 3.192497225773264894e+50 2.715468273509289429e+04 4.224941973502509686e+61
1.135034959563704327e+01 6.036082751258326769e+08 0.000000000000000000e+00 1.152395757190584469e+01 4.815802669632779057e+64 3.062590806280507074e+50 2.715509268224507832e+04 4.225197112978047659e+61
1.135034959567652457e+01 6.036082752134916782e+08 0.000000000000000000e+00 1.114720636301980861e+01 4.816026805163591326e+64 2.962465933259246203e+50 2.715540863501531567e+04 4.225393760747215074e+61
1.135034959571600766e+01 6.036082753011506796e+08 0.000000000000000000e+00 1.074307353116539687e+01 4.816267230475197326e+64 2.855064158510368327e+50 2.715574753858781332e+04 4.225604700534437650e+61
1.135034959575549074e+01 6.036082753888096809e+08 0.000000000000000000e+00 1.030592533984489911e+01 4.816527297170703918e+64 2.738888268121444538e+50 2.715611411453862456e+04 4.225832872905505835e+61
1.135034959578373126e+01 6.036082754515074492e+08 0.000000000000000000e+00 9.968995066519019232e+00 4.816727742567818329e+64 2.649346151100721337e+50 2.715639664158434607e+04 4.226008735875732624e+61
1.135034959581197000e+01 6.036082755142054558e+08 0.000000000000000000e+00 9.607577285040683535e+00 4.816942755988910229e+64 2.553296268247949595e+50 2.715669969251919247e+04 4.226197380261768235e+61
1.135034959584021053e+01 6.036082755769033432e+08 0.000000000000000000e+00 9.216633719159871063e+00 4.817175334787926593e+64 2.449399654331215609e+50 2.715702748969025561e+04 4.226401435825007987e+61
1.135034959586040948e+01 6.036082756217477322e+08 0.000000000000000000e+00 8.915315491474856913e+00 4.817354593989603000e+64 2.369321744627469624e+50 2.715728013011552684e+04 4.226558710854025156e+61
1.135034959588060843e+01 6.036082756665921211e+08 0.000000000000000000e+00 8.592097976173000973e+00 4.817546881440013205e+64 2.283423910952210832e+50 2.715755112425356492e+04 4.226727416360131243e+61
1.135034959590080561e+01 6.036082757114365101e+08 0.000000000000000000e+00 8.242475420014470089e+00 4.817754877686348830e+64 2.190508710642048821e+50 2.715784424802452850e+04 4.226909904150838993e+61
1.135034959591525272e+01 6.036082757435113192e+08 0.000000000000000000e+00 7.973005206557165714e+00 4.817915189977170263e+64 2.118894684544562650e+50 2.715807016564372680e+04 4.227050555899563321e+61
1.135034959592969983e+01 6.036082757755861282e+08 0.000000000000000000e+00 7.683950363117971527e+00 4.818087153488579726e+64 2.042075874643188479e+50 2.715831249635562199e+04 4.227201429974612470e+61
1.135034959594414694e+01 6.036082758076609373e+08 0.000000000000000000e+00 7.371281374328152225e+00 4.818273165445976165e+64 1.958981402583414927e+50 2.715857461686748866e+04 4.227364629608010620e+61
1.135034959595448001e+01 6.036082758306024075e+08 0.000000000000000000e+00 7.130292983384261873e+00 4.818416533429106251e+64 1.894936665702017552e+50 2.715877664011367597e+04 4.227490415082319926e+61
1.135034959596481308e+01 6.036082758535438776e+08 0.000000000000000000e+00 6.871789971376560224e+00 4.818570321150252427e+64 1.826237267684390006e+50 2.715899334109011033e+04 4.227625342428193455e+61
1.135034959597514614e+01 6.036082758764853477e+08 0.000000000000000000e+00 6.592168724695672388e+00 4.818736672458803677e+64 1.751925517230420520e+50 2.715922773950913688e+04 4.227771292575436743e+61
1.135034959598253756e+01 6.036082758928941488e+08 0.000000000000000000e+00 6.376651754900238167e+00 4.818864887071844892e+64 1.694650029519320019e+50 2.715940839707666601e+04 4.227883783074100032e+61
1.135034959598992721e+01 6.036082759093029499e+08 0.000000000000000000e+00 6.145471382386000769e+00 4.819002420102459382e+64 1.633211857863719997e+50 2.715960218054626603e+04 4.228004449188746687e+61
1.135034959599731863e+01 6.036082759257117510e+08 0.000000000000000000e+00 5.895404879451811908e+00 4.819151188804709611e+64 1.566754534668428039e+50 2.715981179038653136e+04 4.228134973043278225e+61
1.135034959600260507e+01 6.036082759374481440e+08 0.000000000000000000e+00 5.702667114725255892e+00 4.819265851691568857e+64 1.515532816557139400e+50 2.715997334306799894e+04 4.228235573786165875e+61
1.135034959600789151e+01 6.036082759491845369e+08 0.000000000000000000e+00 5.495921500153008843e+00 4.819388848080192198e+64 1.460588391911617637e+50 2.716014663393610317e+04 4.228343486018334103e+61
1.135034959601317794e+01 6.036082759609209299e+08 0.000000000000000000e+00 5.272285936036239740e+00 4.819521892579400654e+64 1.401155317956962626e+50 2.716033407797298787e+04 4.228460214070663492e+61
1.135034959601695803e+01 6.036082759693152905e+08 0.000000000000000000e+00 5.099919715053526481e+00 4.819624436097655056e+64 1.355347512747587069e+50 2.716047854710043976e+04 4.228550181752423812e+61
1.135034959602073990e+01 6.036082759777096510e+08 0.000000000000000000e+00 4.915026212529634897e+00 4.819734432303080901e+64 1.306210474760643149e+50 2.716063351344753028e+04 4.228646688131109354e+61
1.135034959602451998e+01 6.036082759861040115e+08 0.000000000000000000e+00 4.715027953923484283e+00 4.819853414577946589e+64 1.253059217976033372e+50 2.716080113669643470e+04 4.228751078536495321e+61
1.135034959602722360e+01 6.036082759921081066e+08 0.000000000000000000e+00 4.560880094171715804e+00 4.819945119691516395e+64 1.212093098902973438e+50 2.716093032955153467e+04 4.228831537024890171e+61
1.135034959602992899e+01 6.036082759981122017e+08 0.000000000000000000e+00 4.395529031668560904e+00 4.820043489775864722e+64 1.168149632374996388e+50 2.716106890988250962e+04 4.228917843098584951e+61
1.135034959603263260e+01 6.036082760041162968e+08 0.000000000000000000e+00 4.216669719513791215e+00 4.820149896141548844e+64 1.120616232359860550e+50 2.716121880906501246e+04 4.229011199891955187e+61
1.135034959603456706e+01 6.036082760084106922e+08 0.000000000000000000e+00 4.078814620122214407e+00 4.820231908422267875e+64 1.083980054435638215e+50 2.716133434158374803e+04 4.229083154267011597e+61
1.135034959603650151e+01 6.036082760127050877e+08 0.000000000000000000e+00 3.930940447475962163e+00 4.820319881215523735e+64 1.044681221651246716e+50 2.716145826917638260e+04 4.229160338163194709e+61
1.135034959603843596e+01 6.036082760169994831e+08 0.000000000000000000e+00 3.770985787923419874e+00 4.820415040890425605e+64 1.002171895604992946e+50 2.716159231905060005e+04 4.229243827548907816e+61
1.135034959603981974e+01 6.036082760200710297e+08 0.000000000000000000e+00 3.647701375376192878e+00 4.820488384828333368e+64 9.694080029866008797e+49 2.716169563611214835e+04 4.229308176658214410e+61
1.135034959604120353e+01 6.036082760231425762e+08 0.000000000000000000e+00 3.515456861779000519e+00 4.820567059278685073e+64 9.342628864763516622e+49 2.716180646077556594e+04 4.229377202551145082e+61
1.135034959604258553e+01 6.036082760262141228e+08 0.000000000000000000e+00 3.372408715769633414e+00 4.820652160988804238e+64 8.962466117642865720e+49 2.716192633766626022e+04 4.229451867471012823e+61
1.135034959604357496e+01 6.036082760284110308e+08 0.000000000000000000e+00 3.262154932044162070e+00 4.820717752789915381e+64 8.669457207909934933e+49 2.716201873122460529e+04 4.229509415157972756e+61
1.135034959604456439e+01 6.036082760306079388e+08 0.000000000000000000e+00 3.143888090740948549e+00 4.820788111691628857e+64 8.355152908711485944e+49 2.716211783874464891e+04 4.229571145312996139e+61
1.135034959604555382e+01 6.036082760328048468e+08 0.000000000000000000e+00 3.015959513587520568e+00 4.820864218519943202e+64 8.015171715787115953e+49 2.716222504157244839e+04 4.229637918474538341e+61
1.135034959604626259e+01 6.036082760343761444e+08 0.000000000000000000e+00 2.917359077993475935e+00 4.820922877551337572e+64 7.753132580653760837e+49 2.716230766686132120e+04 4.229689383619860646e+61
1.135034959604696958e+01 6.036082760359474421e+08 0.000000000000000000e+00 2.811592529936001839e+00 4.820985799821666508e+64 7.472048885515450907e+49 2.716239629637993494e+04 4.229744589164677163e+61
1.135034959604767835e+01 6.036082760375187397e+08 0.000000000000000000e+00 2.697185449114269495e+00 4.821053862487975096e+64 7.168002231653917595e+49 2.716249216545679155e+04 4.229804304692352075e+61
1.135034959604818461e+01 6.036082760386426449e+08 0.000000000000000000e+00 2.609006653411015897e+00 4.821106321513275967e+64 6.933659500569904659e+49 2.716256605547360959e+04 4.229850330194246759e+61
1.135034959604869087e+01 6.036082760397665501e+08 0.000000000000000000e+00 2.514419171943095943e+00 4.821162593171829176e+64 6.682285136055503177e+49 2.716264531502292812e+04 4.229899700751791568e+61
1.135034959604919713e+01 6.036082760408904552e+08 0.000000000000000000e+00 2.412104424074536180e+00 4.821223461909085261e+64 6.410374896700696922e+49 2.716273104885219436e+04 4.229953104606815171e+61
1.135034959604955951e+01 6.036082760416942835e+08 0.000000000000000000e+00 2.333245746200985238e+00 4.821270376242000760e+64 6.200801180081201056e+49 2.716279712730439132e+04 4.229994265411960698e+61
1.135034959604992011e+01 6.036082760424981117e+08 0.000000000000000000e+00 2.248655752551573794e+00 4.821320700229549797e+64 5.975995999015989177e+49 2.716286800769189358e+04 4.230038417715040121e+61
1.135034959605028249e+01 6.036082760433019400e+08 0.000000000000000000e+00 2.157155230583216454e+00 4.821375135404794322e+64 5.732825494784592450e+49 2.716294467798544065e+04 4.230086177013788119e+61
1.135034959605054183e+01 6.036082760438768864e+08 0.000000000000000000e+00 2.086631574540011691e+00 4.821417091095244159e+64 5.545402815314000440e+49 2.716300377086326625e+04 4.230122987299515260e+61
1.135034959605080118e+01 6.036082760444518328e+08 0.000000000000000000e+00 2.010982377645602170e+00 4.821462096054795214e+64 5.344358570343736631e+49 2.716306715808400259e+04 4.230162472894972799e+61
1.135034959605106053e+01 6.036082760450267792e+08 0.000000000000000000e+00 1.929153064849318922e+00 4.821510777667603857e+64 5.126890136005601419e+49 2.716313572318642400e+04 4.230205184242537743e+61
1.135034959605124527e+01 6.036082760454380512e+08 0.000000000000000000e+00 1.866083454953925358e+00 4.821548298822604339e+64 4.959277225062383709e+49 2.716318856910827162e+04 4.230238103839892348e+61
1.135034959605143001e+01 6.036082760458493233e+08 0.000000000000000000e+00 1.798430051348782088e+00 4.821588546952362215e+64 4.779482488226656401e+49 2.716324525544075004e+04 4.230273415978496769e+61
1.135034959605161475e+01 6.036082760462605953e+08 0.000000000000000000e+00 1.725249742833656619e+00 4.821632083129346037e+64 4.584999526396274670e+49 2.716330657233023157e+04 4.230311612921439820e+61
1.135034959605174798e+01 6.036082760465546846e+08 0.000000000000000000e+00 1.668846318698757658e+00 4.821665638460082587e+64 4.435102577261890410e+49 2.716335383179107885e+04 4.230341053059329558e+61
1.135034959605188121e+01 6.036082760468487740e+08 0.000000000000000000e+00 1.608343587677238062e+00 4.821701632536347229e+64 4.274311367623031978e+49 2.716340452571677451e+04 4.230372632857387584e+61
1.135034959605201266e+01 6.036082760471428633e+08 0.000000000000000000e+00 1.542898121170563464e+00 4.821740567127775115e+64 4.100384413462155062e+49 2.716345936073373377e+04 4.230406792548713489e+61
1.135034959605210680e+01 6.036082760473532677e+08 0.000000000000000000e+00 1.492456295735854699e+00 4.821770575804755484e+64 3.966330925444327824e+49 2.716350162437343170e+04 4.230433120990984477e+61
1.135034959605220273e+01 6.036082760475636721e+08 0.000000000000000000e+00 1.438348442056034626e+00 4.821802765462627050e+64 3.822534652164595315e+49 2.716354695944518971e+04 4.230461362940788274e+61
1.135034959605229687e+01 6.036082760477740765e+08 0.000000000000000000e+00 1.379820278115808874e+00 4.821837584836247639e+64 3.666991024315083603e+49 2.716359599788417836e+04 4.230491912100582741e+61
1.135034959605236438e+01 6.036082760479245186e+08 0.000000000000000000e+00 1.334709936297648669e+00 4.821864421725364775e+64 3.547106412402531409e+49 2.716363379387935129e+04 4.230515457739943373e+61
1.135034959605243188e+01 6.036082760480749607e+08 0.000000000000000000e+00 1.286321049225581215e+00 4.821893209075328923e+64 3.418508784592499609e+49 2.716367433664978307e+04 4.230540714637543024e+61
1.135034959605250116e+01 6.036082760482254028e+08 0.000000000000000000e+00 1.233979059058803784e+00 4.821924348191763930e+64 3.279405445425412958e+49 2.716371819133473400e+04 4.230568034883282711e+61
1.135034959605254912e+01 6.036082760483330488e+08 0.000000000000000000e+00 1.193636685969449163e+00 4.821948348537353520e+64 3.172192120353653673e+49 2.716375199200823408e+04 4.230589091850031774e+61
1.135034959605259708e+01 6.036082760484406948e+08 0.000000000000000000e+00 1.150362295314745431e+00 4.821974093188730868e+64 3.057186706510772594e+49 2.716378824911901393e+04 4.230611679202617827e+61
1.135034959605264504e+01 6.036082760485483408e+08 0.000000000000000000e+00 1.103552626925518920e+00 4.822001941035356879e+64 2.932785988129639422e+49 2.716382746807115836e+04 4.230636111816649197e+61
1.135034959605268057e+01 6.036082760486253500e+08 0.000000000000000000e+00 1.067474268933150450e+00 4.822023404647777782e+64 2.836904649792806175e+49 2.716385769580077977e+04 4.230654943152696878e+61
1.135034959605271432e+01 6.036082760487023592e+08 0.000000000000000000e+00 1.028773794575566836e+00 4.822046428200632815e+64 2.734054811769129414e+49 2.716389012032040409e+04 4.230675143119613162e+61
1.135034959605273919e+01 6.036082760487562418e+08 0.000000000000000000e+00 9.998277879239810817e-01 4.822063648659170779e+64 2.657128310351077158e+49 2.716391437215256155e+04 4.230690251678006253e+61
1.135034959605273919e+01 6.036082760487562418e+08 0.000000000000000000e+00 9.998277879239810817e-01 4.822063648659170779e+64 2.657128310351077158e+49 2.716391437215256155e+04 4.230690251678006253e+61
1.135034959605273919e+01 6.036082760487568378e+08 0.000000000000000000e+00 9.995258272935045873e-01 4.822063828300548324e+64 2.656325824013388103e+49 2.716391462514389423e+04 4.230690409288341540e+61
1.135034959605273919e+01 6.036082760487574339e+08 0.000000000000000000e+00 9.992236884961896992e-01 4.822064008047920399e+64 2.655522864182008553e+49 2.716391487828449317e+04 4.230690566991672291e+61
1.135034959605274274e+01 6.036082760487629175e+08 0.000000000000000000e+00 9.961864496192512908e-01 4.822065814951607483e+64 2.647451140728542512e+49 2.716391742297021483e+04 4.230692152298464067e+61
1.135034959605274452e+01 6.036082760487684011e+08 0.000000000000000000e+00 9.931309252308814228e-01 4.822067632733648198e+64 2.639330821956282683e+49 2.716391998297535611e+04 4.230693747149497517e+61
1.135034959605275162e+01 6.036082760487842560e+08 0.000000000000000000e+00 9.841782001883461195e-01 4.822072958857981996e+64 2.615538185411640726e+49 2.716392748381894489e+04 4.230698420083167758e+61
1.135034959605275873e+01 6.036082760488001108e+08 0.000000000000000000e+00 9.750648181079448751e-01 4.822078380559847823e+64 2.591318588975778205e+49 2.716393511925932035e+04 4.230703176872833985e+61
1.135034959605276583e+01 6.036082760488159657e+08 0.000000000000000000e+00 9.657793638979002004e-01 4.822083904630270881e+64 2.566641696060840889e+49 2.716394289885986655e+04 4.230708023476679849e+61
1.135034959605278893e+01 6.036082760488687754e+08 0.000000000000000000e+00 9.334536354368808686e-01 4.822103135741261723e+64 2.480733293349966798e+49 2.716396998216319844e+04 4.230724896103082527e+61
1.135034959605281379e+01 6.036082760489215851e+08 0.000000000000000000e+00 8.987064288162932568e-01 4.822123807429694889e+64 2.388389604234374433e+49 2.716399909415075672e+04 4.230743032635923049e+61
1.135034959605283689e+01 6.036082760489743948e+08 0.000000000000000000e+00 8.610302864126310185e-01 4.822146221590514621e+64 2.288262016449024797e+49 2.716403065996025543e+04 4.230762697946043886e+61
1.135034959605285465e+01 6.036082760490111113e+08 0.000000000000000000e+00 8.327954944694324624e-01 4.822163018935647843e+64 2.213225629267864577e+49 2.716405431554993629e+04 4.230777435281247882e+61
1.135034959605287064e+01 6.036082760490478277e+08 0.000000000000000000e+00 8.025031170364396171e-01 4.822181040372451534e+64 2.132721031738948575e+49 2.716407969495111320e+04 4.230793246586719252e+61
1.135034959605288662e+01 6.036082760490845442e+08 0.000000000000000000e+00 7.697270229802404273e-01 4.822200539413390804e+64 2.045615743737011414e+49 2.716410715516649725e+04 4.230810354284403878e+61
1.135034959605289906e+01 6.036082760491106510e+08 0.000000000000000000e+00 7.445332170892005053e-01 4.822215527625581017e+64 1.978661038449641294e+49 2.716412826279116052e+04 4.230823504356952968e+61
1.135034959605290972e+01 6.036082760491367579e+08 0.000000000000000000e+00 7.175059344408819539e-01 4.822231606603445648e+64 1.906833711039765173e+49 2.716415090646641329e+04 4.230837611424744215e+61
1.135034959605292215e+01 6.036082760491628647e+08 0.000000000000000000e+00 6.882674269851016824e-01 4.822249001075555048e+64 1.829129863585714537e+49 2.716417540265976641e+04 4.230852872655854394e+61
1.135034959605293103e+01 6.036082760491815805e+08 0.000000000000000000e+00 6.657640970044199635e-01 4.822262388679087198e+64 1.769325329353877213e+49 2.716419425603696436e+04 4.230864618416822119e+61
1.135034959605293992e+01 6.036082760492002964e+08 0.000000000000000000e+00 6.416251140268360853e-01 4.822276749359663712e+64 1.705173906651371961e+49 2.716421447972694659e+04 4.230877217917621049e+61
1.135034959605294702e+01 6.036082760492190123e+08 0.000000000000000000e+00 6.155138986308399396e-01 4.822292283353955551e+64 1.635781106726858912e+49 2.716423635570638726e+04 4.230890846838089753e+61
1.135034959605295413e+01 6.036082760492323637e+08 0.000000000000000000e+00 5.953903312603766596e-01 4.822304255197315954e+64 1.582300996240691050e+49 2.716425321519771023e+04 4.230901350466323366e+61
1.135034959605295946e+01 6.036082760492457151e+08 0.000000000000000000e+00 5.738041654836234517e-01 4.822317097164680340e+64 1.524933904737425080e+49 2.716427130001664045e+04 4.230912617507407013e+61
1.135034959605296478e+01 6.036082760492590666e+08 0.000000000000000000e+00 5.504544612002536530e-01 4.822330988290295675e+64 1.462880058025989855e+49 2.716429086228161032e+04 4.230924805039003738e+61
1.135034959605297011e+01 6.036082760492686033e+08 0.000000000000000000e+00 5.324584328260053567e-01 4.822341694425487968e+64 1.415054065345405072e+49 2.716430593923509878e+04 4.230934198184276855e+61
1.135034959605297367e+01 6.036082760492781401e+08 0.000000000000000000e+00 5.131544771514925385e-01 4.822353178668281011e+64 1.363752143410413829e+49 2.716432211193350304e+04 4.230944274010799368e+61
1.135034959605297900e+01 6.036082760492876768e+08 0.000000000000000000e+00 4.922734878059389363e-01 4.822365601114513467e+64 1.308259118903248988e+49 2.716433960582541840e+04 4.230955172980409071e+61
1.135034959605298077e+01 6.036082760492944717e+08 0.000000000000000000e+00 4.761795907452376353e-01 4.822375175640297432e+64 1.265488203731288523e+49 2.716435308911454558e+04 4.230963573295743800e+61
1.135034959605298432e+01 6.036082760493012667e+08 0.000000000000000000e+00 4.589160122808872422e-01 4.822385446028913351e+64 1.219608759661385825e+49 2.716436755232749420e+04 4.230972584133973530e+61
1.135034959605298788e+01 6.036082760493080616e+08 0.000000000000000000e+00 4.402420906526404720e-01 4.822396555454023124e+64 1.169981207373886352e+49 2.716438319708247218e+04 4.230982331110084990e+61
1.135034959605298965e+01 6.036082760493129492e+08 0.000000000000000000e+00 4.258492607901813165e-01 4.822405117986771690e+64 1.131731024536885061e+49 2.716439525517923903e+04 4.230989843542216194e+61
1.135034959605299143e+01 6.036082760493178368e+08 0.000000000000000000e+00 4.104103810334823743e-01 4.822414302831919274e+64 1.090700874167879788e+49 2.716440818962304547e+04 4.230997901966964016e+61
1.135034959605299498e+01 6.036082760493227243e+08 0.000000000000000000e+00 3.937102268741420885e-01 4.822424238030086824e+64 1.046318778631058480e+49 2.716442218072129253e+04 4.231006618722175109e+61
1.135034959605299498e+01 6.036082760493261814e+08 0.000000000000000000e+00 3.808386581540774141e-01 4.822431895539398799e+64 1.012111478076101764e+49 2.716443296428267786e+04 4.231013337122054421e+61
1.135034959605299676e+01 6.036082760493296385e+08 0.000000000000000000e+00 3.670316022134443856e-01 4.822440109585544038e+64 9.754180398004629670e+48 2.716444453156360760e+04 4.231020543805637897e+61
1.135034959605299854e+01 6.036082760493330956e+08 0.000000000000000000e+00 3.520965827024633565e-01 4.822448994675889703e+64 9.357269413557264260e+48 2.716445704381364339e+04 4.231028339237218894e+61
1.135034959605300031e+01 6.036082760493355989e+08 0.000000000000000000e+00 3.405854839652062704e-01 4.822455842819086923e+64 9.051352067515889852e+48 2.716446668756201689e+04 4.231034347530851084e+61
1.135034959605300209e+01 6.036082760493381023e+08 0.000000000000000000e+00 3.282377746239520389e-01 4.822463188675780482e+64 8.723201075365953856e+48 2.716447703219315736e+04 4.231040792498887462e+61
1.135034959605300209e+01 6.036082760493406057e+08 0.000000000000000000e+00 3.148813220842054950e-01 4.822471134650503933e+64 8.368241865411294121e+48 2.716448822191315412e+04 4.231047763987063543e+61
1.135034959605300386e+01 6.036082760493423939e+08 0.000000000000000000e+00 3.045868973108192823e-01 4.822477258974218275e+64 8.094658676040848474e+48 2.716449684632933713e+04 4.231053137229725325e+61
1.135034959605300386e+01 6.036082760493441820e+08 0.000000000000000000e+00 2.935442876880651752e-01 4.822483828405485438e+64 7.801191831018474900e+48 2.716450609754726247e+04 4.231058900992386331e+61
1.135034959605300564e+01 6.036082760493459702e+08 0.000000000000000000e+00 2.815995541199243779e-01 4.822490934525221505e+64 7.483750266512560688e+48 2.716451610453105604e+04 4.231065135624567284e+61
1.135034959605300564e+01 6.036082760493472815e+08 0.000000000000000000e+00 2.723932061091400847e-01 4.822496411534057164e+64 7.239083652623055777e+48 2.716452381735990639e+04 4.231069940938412571e+61
1.135034959605300564e+01 6.036082760493485928e+08 0.000000000000000000e+00 2.625177527812042055e-01 4.822502286604723138e+64 6.976634989641865861e+48 2.716453209073973994e+04 4.231075095496174454e+61
1.135034959605300564e+01 6.036082760493499041e+08 0.000000000000000000e+00 2.518355255637400036e-01 4.822508641638531245e+64 6.692745616892355116e+48 2.716454104000374718e+04 4.231080671154870808e+61
1.135034959605300742e+01 6.036082760493508577e+08 0.000000000000000000e+00 2.436022492894532598e-01 4.822513539750883294e+64 6.473939221035189493e+48 2.716454793760079338e+04 4.231084968567528362e+61
1.135034959605300742e+01 6.036082760493518114e+08 0.000000000000000000e+00 2.347705888640354566e-01 4.822518793851872141e+64 6.239230251878503090e+48 2.716455533650066718e+04 4.231089578310726155e+61
1.135034959605300742e+01 6.036082760493527651e+08 0.000000000000000000e+00 2.252174265143642717e-01 4.822524477186299744e+64 5.985346748746449547e+48 2.716456333984635057e+04 4.231094564646594130e+61
1.135034959605300742e+01 6.036082760493533611e+08 0.000000000000000000e+00 2.178543724895148359e-01 4.822528857589029189e+64 5.789667257374291082e+48 2.716456950838181729e+04 4.231098407841029224e+61
1.135034959605300919e+01 6.036082760493539572e+08 0.000000000000000000e+00 2.099561805571759365e-01 4.822533556354159128e+64 5.579766016005716170e+48 2.716457612523434364e+04 4.231102530354212441e+61
1.135034959605300919e+01 6.036082760493545532e+08 0.000000000000000000e+00 2.014127457867210536e-01 4.822538638984933716e+64 5.352716891442483387e+48 2.716458328264522061e+04 4.231106989656134969e+61
1.135034959605300919e+01 6.036082760493550301e+08 0.000000000000000000e+00 1.948279352715570623e-01 4.822542556397715892e+64 5.177719890464253679e+48 2.716458879918076491e+04 4.231110426641256566e+61
1.135034959605300919e+01 6.036082760493555069e+08 0.000000000000000000e+00 1.877645482372479191e-01 4.822546758523592364e+64 4.990004307015633418e+48 2.716459471664808007e+04 4.231114113422535734e+61
1.135034959605300919e+01 6.036082760493559837e+08 0.000000000000000000e+00 1.801241171943090691e-01 4.822551303942501575e+64 4.786953282902455647e+48 2.716460111753903402e+04 4.231118101395729362e+61
1.135034959605300919e+01 6.036082760493563414e+08 0.000000000000000000e+00 1.742352932052562975e-01 4.822554807301378067e+64 4.630452722256142558e+48 2.716460605099063105e+04 4.231121175106109881e+61
1.135034959605300919e+01 6.036082760493566990e+08 0.000000000000000000e+00 1.679184757904973180e-01 4.822558565280628522e+64 4.462577868338292658e+48 2.716461134299721380e+04 4.231124472210471318e+61
1.135034959605300919e+01 6.036082760493570566e+08 0.000000000000000000e+00 1.610856048743319613e-01 4.822562630268649601e+64 4.280988448924219559e+48 2.716461706733171377e+04 4.231128038672348808e+61
1.135034959605300919e+01 6.036082760493572950e+08 0.000000000000000000e+00 1.558192046362396055e-01 4.822565763337333455e+64 4.141029334611839585e+48 2.716462147933072629e+04 4.231130787504561549e+61
1.135034959605300919e+01 6.036082760493575335e+08 0.000000000000000000e+00 1.501700476509699733e-01 4.822569124114342214e+64 3.990898130653758950e+48 2.716462621198706256e+04 4.231133736119174918e+61
1.135034959605300919e+01 6.036082760493577719e+08 0.000000000000000000e+00 1.440593812378376526e-01 4.822572759450948514e+64 3.828501916850188812e+48 2.716463133127626861e+04 4.231136925621666347e+61
1.135034959605301097e+01 6.036082760493578911e+08 0.000000000000000000e+00 1.393496172436602398e-01 4.822575561367515294e+64 3.703335889308732856e+48 2.716463527693952710e+04 4.231139383913934340e+61
1.135034959605301097e+01 6.036082760493580103e+08 0.000000000000000000e+00 1.342975518589283324e-01 4.822578566924846404e+64 3.569072908006834935e+48 2.716463950936810943e+04 4.231142020872661174e+61
1.135034959605301097e+01 6.036082760493581295e+08 0.000000000000000000e+00 1.288327560464432309e-01 4.822581818022340602e+64 3.423841260726932708e+48 2.716464408756435296e+04 4.231144873258749191e+61
1.135034959605301097e+01 6.036082760493582487e+08 0.000000000000000000e+00 1.246207942449541750e-01 4.822584323788142194e+64 3.311904754460268149e+48 2.716464761618275224e+04 4.231147071719890789e+61
1.135034959605301097e+01 6.036082760493583679e+08 0.000000000000000000e+00 1.201027104527408879e-01 4.822587011670984092e+64 3.191832793090248902e+48 2.716465140125676407e+04 4.231149429963416584e+61
1.135034959605301097e+01 6.036082760493584871e+08 0.000000000000000000e+00 1.152155195028582435e-01 4.822589919141784143e+64 3.061951491651446903e+48 2.716465549555254984e+04 4.231151980864850221e+61
1.135034959605301097e+01 6.036082760493586063e+08 0.000000000000000000e+00 1.114487443483544032e-01 4.822592160058679768e+64 2.961846203294328892e+48 2.716465865120691888e+04 4.231153946957895308e+61
1.135034959605301097e+01 6.036082760493587255e+08 0.000000000000000000e+00 1.074082025963604831e-01 4.822594563843856355e+64 2.854465332227813855e+48 2.716466203621082605e+04 4.231156055945215882e+61
1.135034959605301097e+01 6.036082760493588448e+08 0.000000000000000000e+00 1.030375661651903862e-01 4.822597164007822461e+64 2.738311911250913250e+48 2.716466569775340031e+04 4.231158337227624009e+61
1.135034959605301097e+01 6.036082760493589640e+08 0.000000000000000000e+00 9.966892334830268485e-02 4.822599168069199347e+64 2.648787332075150148e+48 2.716466851986520851e+04 4.231160095512878669e+61
1.135034959605301097e+01 6.036082760493590832e+08 0.000000000000000000e+00 9.605544950157834938e-02 4.822601317784609852e+64 2.552756157778820104e+48 2.716467154708550515e+04 4.231161981589300564e+61
1.135034959605301097e+01 6.036082760493592024e+08 0.000000000000000000e+00 9.214677000337766211e-02 4.822603643122748356e+64 2.448879639480377111e+48 2.716467482161586304e+04 4.231164021750250128e+61
1.135034959605301097e+01 6.036082760493592024e+08 0.000000000000000000e+00 8.913417865235116755e-02 4.822605435363214651e+64 2.368817434138472853e+48 2.716467734543974802e+04 4.231165594192104092e+61
1.135034959605301097e+01 6.036082760493592024e+08 0.000000000000000000e+00 8.590263347437900043e-02 4.822607357862936792e+64 2.282936342591725690e+48 2.716468005269327477e+04 4.231167280918346198e+61
1.135034959605301097e+01 6.036082760493592024e+08 0.000000000000000000e+00 8.240708405280745830e-02 4.822609437423153952e+64 2.190039111283777418e+48 2.716468298111760305e+04 4.231169105443337762e+61
1.135034959605301097e+01 6.036082760493592024e+08 0.000000000000000000e+00 7.971291106262864967e-02 4.822611040231265581e+64 2.118439147653526051e+48 2.716468523818181711e+04 4.231170511684636220e+61
1.135034959605301097e+01 6.036082760493592024e+08 0.000000000000000000e+00 7.682292633961096406e-02 4.822612759531020470e+64 2.041635318866602933e+48 2.716468765928819266e+04 4.231172020131153371e+61
1.135034959605301097e+01 6.036082760493592024e+08 0.000000000000000000e+00 7.369684092657304009e-02 4.822614619290981165e+64 1.958556911245970362e+48 2.716469027818896211e+04 4.231173651811978985e+61
1.135034959605301097e+01 6.036082760493592024e+08 0.000000000000000000e+00 7.128743084915339923e-02 4.822616052688922970e+64 1.894524766857885686e+48 2.716469229668924527e+04 4.231174909419403003e+61
1.135034959605301097e+01 6.036082760493592024e+08 0.000000000000000000e+00 6.870290511341824169e-02 4.822617590266068199e+64 1.825838773287813780e+48 2.716469446189340670e+04 4.231176258429594997e+61
1.135034959605301097e+01 6.036082760493592024e+08 0.000000000000000000e+00 6.590723295592036679e-02 4.822619253457714765e+64 1.751541382018343552e+48 2.716469680398634955e+04 4.231177717649049566e+61
1.135034959605301097e+01 6.036082760493592024e+08 0.000000000000000000e+00 6.375248757897956919e-02 4.822620535351410785e+64 1.694277171003009175e+48 2.716469860913820594e+04 4.231178842332558842e+61
1.135034959605301097e+01 6.036082760493592024e+08 0.000000000000000000e+00 6.144113513239644886e-02 4.822621910413242897e+64 1.632850992463130932e+48 2.716470054548824191e+04 4.231180048758158412e+61
1.135034959605301097e+01 6.036082760493592024e+08 0.000000000000000000e+00 5.894095297373986436e-02 4.822623397812998495e+64 1.566406501971474029e+48 2.716470264003109332e+04 4.231181353744666394e+61
1.135034959605301097e+01 6.036082760493592024e+08 0.000000000000000000e+00 5.701395533627027362e-02 4.822624544215793041e+64 1.515194882947246609e+48 2.716470425438478560e+04 4.231182359553746959e+61
1.135034959605301097e+01 6.036082760493592024e+08 0.000000000000000000e+00 5.494690293979904994e-02 4.822625773939481667e+64 1.460261188285220384e+48 2.716470598606986096e+04 4.231183438465329103e+61
1.135034959605301097e+01 6.036082760493592024e+08 0.000000000000000000e+00 5.271097876094203716e-02 4.822627104127789588e+64 1.400839580812444327e+48 2.716470785922787400e+04 4.231184605520647035e+61
1.135034959605301097e+01 6.036082760493592024e+08 0.000000000000000000e+00 5.098765690875799172e-02 4.822628129360488230e+64 1.355040820900073254e+48 2.716470930295014841e+04 4.231185505019814193e+61
1.135034959605301097e+01 6.036082760493592024e+08 0.000000000000000000e+00 4.913908310036000510e-02 4.822629229107649087e+64 1.305913382561251319e+48 2.716471085160268558e+04 4.231186469895061559e+61
1.135034959605301097e+01 6.036082760493592024e+08 0.000000000000000000e+00 4.713948597216345571e-02 4.822630418701082010e+64 1.252772369650820129e+48 2.716471252677549637e+04 4.231187513597923465e+61
1.135034959605301097e+01 6.036082760493592024e+08 0.000000000000000000e+00 4.559831225275035732e-02 4.822631335570840549e+64 1.211814352975524416e+48 2.716471381790153828e+04 4.231188318023674508e+61
1.135034959605301097e+01 6.036082760493592024e+08 0.000000000000000000e+00 4.394512478747009815e-02 4.822632319079430601e+64 1.167879474695790717e+48 2.716471520286743907e+04 4.231189180915736110e+61
1.135034959605301097e+01 6.036082760493592024e+08 0.000000000000000000e+00 4.215687595943057309e-02 4.822633382938262413e+64 1.120355224576658382e+48 2.716471670098142204e+04 4.231190114303962885e+61
1.135034959605301097e+01 6.036082760493592024e+08 0.000000000000000000e+00 4.077859810046157579e-02 4.822634202898578051e+64 1.083726305448488418e+48 2.716471785564010861e+04 4.231190833705149759e+61
1.135034959605301097e+01 6.036082760493592024e+08 0.000000000000000000e+00 3.930014548423248211e-02 4.822635082454513216e+64 1.044435156017127634e+48 2.716471909422049430e+04 4.231191605393208178e+61
1.135034959605301097e+01 6.036082760493592024e+08 0.000000000000000000e+00 3.770090635226727022e-02 4.822636033868347255e+64 1.001934001079343930e+48 2.716472043399014001e+04 4.231192440126582245e+61
1.135034959605301097e+01 6.036082760493592024e+08 0.000000000000000000e+00 3.646830696356043178e-02 4.822636767162128494e+64 9.691766125509181255e+47 2.716472146660558792e+04 4.231193083489933987e+61
1.135034959605301097e+01 6.036082760493592024e+08 0.000000000000000000e+00 3.514612047616111346e-02 4.822637553752757104e+64 9.340383698488726572e+47 2.716472257427288423e+04 4.231193773613859918e+61
1.135034959605301097e+01 6.036082760493592024e+08 0.000000000000000000e+00 3.371591353028086102e-02 4.822638404606546314e+64 8.960293905880562793e+47 2.716472377243462324e+04 4.231194520119773563e+61
1.135034959605301097e+01 6.036082760493592024e+08 0.000000000000000000e+00 3.261359502559666584e-02 4.822639060394072104e+64 8.667343285664069982e+47 2.716472469590636683e+04 4.231195095482161895e+61
1.135034959605301097e+01 6.036082760493592024e+08 0.000000000000000000e+00 3.143115801094602257e-02 4.822639763845426857e+64 8.353100482575071281e+47 2.716472568649759705e+04 4.231195712662932172e+61
1.135034959605301097e+01 6.036082760493592024e+08 0.000000000000000000e+00 3.015211727788270554e-02 4.822640524767931374e+64 8.013184410731203730e+47 2.716472675801885271e+04 4.231196380266647880e+61
1.135034959605301097e+01 6.036082760493592024e+08 0.000000000000000000e+00 2.916630952942823873e-02 4.822641111241280845e+64 7.751197525727676618e+47 2.716472758388297370e+04 4.231196894815480950e+61
1.135034959605301097e+01 6.036082760493592024e+08 0.000000000000000000e+00 2.810885107071658603e-02 4.822641740340823315e+64 7.470168848429457226e+47 2.716472846977266818e+04 4.231197446762871809e+61
1.135034959605301097e+01 6.036082760493592024e+08 0.000000000000000000e+00 2.696499893346185339e-02 4.822642420837395486e+64 7.166180308256367543e+47 2.716472942803887054e+04 4.231198043804013079e+61
1.135034959605301097e+01 6.036082760493592024e+08 0.000000000000000000e+00 2.608338725695023147e-02 4.822642945322776445e+64 6.931884425236450155e+47 2.716473016661213478e+04 4.231198503967021329e+61
1.135034959605301097e+01 6.036082760493592024e+08 0.000000000000000000e+00 2.513769766006713341e-02 4.822643507929173394e+64 6.680559283943866088e+47 2.716473095886682131e+04 4.231198997575921367e+61
1.135034959605301097e+01 6.036082760493592024e+08 0.000000000000000000e+00 2.411474526742100541e-02 4.822644116500484913e+64 6.408700890381402189e+47 2.716473181584860868e+04 4.231199531512645804e+61
1.135034959605301097e+01 6.036082760493592024e+08 0.000000000000000000e+00 2.332631658703266872e-02 4.822644585549758925e+64 6.199169189756996292e+47 2.716473247635731968e+04 4.231199943038176646e+61
1.135034959605301097e+01 6.036082760493592024e+08 0.000000000000000000e+00 2.248058236486978265e-02 4.822645088691049612e+64 5.974408048700120905e+47 2.716473318487387587e+04 4.231200384474711509e+61
1.135034959605301097e+01 6.036082760493592024e+08 0.000000000000000000e+00 2.156575113474394276e-02 4.822645632939292408e+64 5.731283783689656041e+47 2.716473395127661934e+04 4.231200861976883270e+61
1.135034959605301097e+01 6.036082760493592024e+08 0.000000000000000000e+00 2.086065641001823984e-02 4.822646052411817132e+64 5.543898798277527161e+47 2.716473454197189130e+04 4.231201230005708199e+61
1.135034959605301097e+01 6.036082760493592024e+08 0.000000000000000000e+00 2.010431271103661766e-02 4.822646502373203963e+64 5.342893957324616360e+47 2.716473517560110849e+04 4.231201624784271998e+61
1.135034959605301097e+01 6.036082760493592024e+08 0.000000000000000000e+00 1.928617470347447280e-02 4.822646989097049229e+64 5.125466747566690963e+47 2.716473586099865133e+04 4.231202051816782226e+61
1.135034959605301097e+01 6.036082760493592024e+08 0.000000000000000000e+00 1.865560589420982990e-02 4.822647364232871591e+64 4.957887664952840902e+47 2.716473638925950581e+04 4.231202380946316113e+61
1.135034959605301097e+01 6.036082760493592024e+08 0.000000000000000000e+00 1.797920452505702774e-02 4.822647766635244264e+64 4.778128185486091573e+47 2.716473695591668002e+04 4.231202733998456107e+61
1.135034959605301097e+01 6.036082760493592024e+08 0.000000000000000000e+00 1.724753968279948979e-02 4.822648201914771482e+64 4.583681962893330522e+47 2.716473756887095078e+04 4.231203115895728119e+61
1.135034959605301097e+01 6.036082760493592024e+08 0.000000000000000000e+00 1.668361972164799506e-02 4.822648537400091253e+64 4.433815384704010471e+47 2.716473804129644486e+04 4.231203410237457665e+61
1.135034959605301097e+01 6.036082760493592024e+08 0.000000000000000000e+00 1.607871112343541020e-02 4.822648897270230282e+64 4.273055723800530538e+47 2.716473854806026065e+04 4.231203725973475983e+61
1.135034959605301097e+01 6.036082760493592024e+08 0.000000000000000000e+00 1.542437960658550426e-02 4.822649286542882050e+64 4.099161497337107911e+47 2.716473909622822248e+04 4.231204067506111452e+61
1.135034959605301097e+01 6.036082760493592024e+08 0.000000000000000000e+00 1.492006399795972604e-02 4.822649586568584990e+64 3.965135288302267852e+47 2.716473951871993995e+04 4.231204330736957835e+61
1.135034959605301097e+01 6.036082760493592024e+08 0.000000000000000000e+00 1.437909169342223292e-02 4.822649908401965352e+64 3.821367247159202858e+47 2.716473997192088427e+04 4.231204613101006661e+61
1.135034959605301097e+01 6.036082760493592024e+08 0.000000000000000000e+00 1.379391970338770569e-02 4.822650256530468041e+64 3.665852759571930952e+47 2.716474046215019189e+04 4.231204918535372641e+61
1.135034959605301097e+01 6.036082760493592024e+08 0.000000000000000000e+00 1.334290852434617987e-02 4.822650524844485069e+64 3.545992661003925502e+47 2.716474083998592687e+04 4.231205153943621489e+61
1.135034959605301097e+01 6.036082760493592024e+08 0.000000000000000000e+00 1.285911472305883638e-02 4.822650812661426515e+64 3.417420298713208927e+47 2.716474124528536777e+04 4.231205406462975652e+61
1.135034959605301097e+01 6.036082760493592024e+08 0.000000000000000000e+00 1.233579239623990367e-02 4.822651123994541967e+64 3.278342890901150994e+47 2.716474168369990730e+04 4.231205679614503142e+61
1.135034959605301097e+01 6.036082760493592024e+08 0.000000000000000000e+00 1.193245159896510685e-02 4.822651363948659309e+64 3.171151606151635640e+47 2.716474202159961715e+04 4.231205890140883003e+61
1.135034959605301097e+01 6.036082760493592024e+08 0.000000000000000000e+00 1.149979278032345342e-02 4.822651621344552910e+64 3.056168805151197060e+47 2.716474238406055520e+04 4.231206115969996256e+61
1.135034959605301097e+01 6.036082760493592024e+08 0.000000000000000000e+00 1.103178287478859439e-02 4.822651899771393688e+64 2.931791148864663923e+47 2.716474277613693630e+04 4.231206360250842281e+61
1.135034959605301097e+01 6.036082760493592024e+08 0.000000000000000000e+00 1.067107390611884976e-02 4.822652114363129573e+64 2.835929639110072910e+47 2.716474307832169143e+04 4.231206548525259700e+61
1.135034959605301097e+01 6.036082760493592024e+08 0.000000000000000000e+00 1.028414532382952717e-02 4.822652344553349082e+64 2.733100041603120167e+47 2.716474340247198052e+04 4.231206750485176737e+61
1.135034959605301097e+01 6.036082760493592024e+08 0.000000000000000000e+00 9.865601556263729408e-03 4.822652593551964630e+64 2.621868436785534001e+47 2.716474375310794858e+04 4.231206968946845963e+61
1.135034959605301097e+01 6.036082760493592024e+08 0.000000000000000000e+00 9.865601556263729408e-03 4.822652593551964630e+64 2.621868436785534001e+47 2.716474375310794858e+04 4.231206968946845963e+61
1.135034959605301097e+01 6.036082760493592024e+08 0.000000000000000000e+00 9.862621285758493492e-03 4.822652595324976573e+64 2.621076404274774463e+47 2.716474375560467888e+04 4.231206970502417496e+61
1.135034959605301097e+01 6.036082760493592024e+08 0.000000000000000000e+00 9.859639256360550746e-03 4.822652597099036119e+64 2.620283904323155479e+47 2.716474375810287529e+04 4.231206972058907034e+61
1.135034959605301097e+01 6.036082760493592024e+08 0.000000000000000000e+00 9.829662479219417048e-03 4.822652614932716964e+64 2.612317318061317785e+47 2.716474378321598851e+04 4.231206987705483234e+61
1.135034959605301097e+01 6.036082760493592024e+08 0.000000000000000000e+00 9.799505183404168610e-03 4.822652632873790703e+64 2.604302757409757485e+47 2.716474380848032160e+04 4.231207003446281758e+61
1.135034959605301097e+01 6.036082760493592024e+08 0.000000000000000000e+00 9.711144195037038282e-03 4.822652685441205530e+64 2.580820065034464724e+47 2.716474388250493575e+04 4.231207049566880364e+61
1.135034959605301097e+01 6.036082760493592024e+08 0.000000000000000000e+00 9.621197159940522367e-03 4.822652738952185690e+64 2.556915867104206068e+47 2.716474395785825982e+04 4.231207096515326591e+61
1.135034959605301097e+01 6.036082760493592024e+08 0.000000000000000000e+00 9.529551366038434626e-03 4.822652793473785464e+64 2.532560209415650907e+47 2.716474403463472117e+04 4.231207144350451589e+61
1.135034959605301097e+01 6.036082760493592024e+08 0.000000000000000000e+00 9.210428677033770731e-03 4.822652983325156741e+64 2.447750611035689211e+47 2.716474430198044502e+04 4.231207310918635271e+61
1.135034959605301097e+01 6.036082760493592024e+08 0.000000000000000000e+00 8.867387638188979973e-03 4.822653187405949399e+64 2.356584505538732920e+47 2.716474458936381052e+04 4.231207489971161188e+61
1.135034959605301097e+01 6.036082760493592024e+08 0.000000000000000000e+00 8.495412645801543247e-03 4.822653408700030072e+64 2.257728953117301672e+47 2.716474490098664683e+04 4.231207684125952709e+61
1.135034959605301097e+01 6.036082760493592024e+08 0.000000000000000000e+00 8.216776758235209283e-03 4.822653574465131215e+64 2.183679070320030559e+47 2.716474513441443924e+04 4.231207829561784681e+61
1.135034959605301097e+01 6.036082760493592024e+08 0.000000000000000000e+00 7.917831021201924072e-03 4.822653752312899583e+64 2.104231670405370994e+47 2.716474538485684752e+04 4.231207985598477196e+61
1.135034959605301097e+01 6.036082760493592024e+08 0.000000000000000000e+00 7.594368119251273565e-03 4.822653944746334449e+64 2.018268623118402968e+47 2.716474565583855292e+04 4.231208154432063775e+61
1.135034959605301097e+01 6.036082760493592024e+08 0.000000000000000000e+00 7.345748044111125377e-03 4.822654092654532655e+64 1.952195700545592665e+47 2.716474586412051940e+04 4.231208284200945873e+61
1.135034959605301097e+01 6.036082760493592024e+08 0.000000000000000000e+00 7.079030601046505146e-03 4.822654251329154513e+64 1.881313246847947019e+47 2.716474608756359157e+04 4.231208423415868151e+61
1.135034959605301097e+01 6.036082760493592024e+08 0.000000000000000000e+00 6.790486265960011918e-03 4.822654422988956516e+64 1.804630108930601196e+47 2.716474632929217842e+04 4.231208574023480571e+61
1.135034959605301097e+01 6.036082760493592024e+08 0.000000000000000000e+00 6.568419163518485031e-03 4.822654555100351757e+64 1.745613867151588058e+47 2.716474651532932694e+04 4.231208689932863287e+61
1.135034959605301097e+01 6.036082760493592024e+08 0.000000000000000000e+00 6.330207240708957996e-03 4.822654696816567978e+64 1.682307000548633213e+47 2.716474671489182583e+04 4.231208814269141129e+61
1.135034959605301097e+01 6.036082760493592024e+08 0.000000000000000000e+00 6.072527356685784514e-03 4.822654850114597151e+64 1.613826355870054688e+47 2.716474693076364201e+04 4.231208948766850502e+61
1.135034959605301097e+01 6.036082760493592024e+08 0.000000000000000000e+00 5.873944777206037242e-03 4.822654968254660507e+64 1.561051327985126234e+47 2.716474709712657568e+04 4.231209052418332965e+61
1.135034959605301097e+01 6.036082760493592024e+08 0.000000000000000000e+00 5.660925166366444737e-03 4.822655094983553335e+64 1.504439534888529306e+47 2.716474727558415543e+04 4.231209163605319011e+61
1.135034959605301097e+01 6.036082760493592024e+08 0.000000000000000000e+00 5.430497093280555430e-03 4.822655232069027925e+64 1.443201293274196921e+47 2.716474746862570100e+04 4.231209283878766739e+61
1.135034959605301097e+01 6.036082760493592024e+08 0.000000000000000000e+00 5.252909897673560535e-03 4.822655337718591440e+64 1.396005969169137569e+47 2.716474761739970563e+04 4.231209376571569669e+61
1.135034959605301097e+01 6.036082760493592024e+08 0.000000000000000000e+00 5.062412029773248612e-03 4.822655451048925983e+64 1.345379522897783409e+47 2.716474777698964317e+04 4.231209476003183096e+61
1.135034959605301097e+01 6.036082760493592024e+08 0.000000000000000000e+00 4.856346208310000426e-03 4.822655573640894031e+64 1.290615759115761429e+47 2.716474794962165834e+04 4.231209583560593767e+61
1.135034959605301097e+01 6.036082760493592024e+08 0.000000000000000000e+00 4.697529947987828629e-03 4.822655668123316453e+64 1.248408972452798328e+47 2.716474808267026674e+04 4.231209666455784304e+61
1.135034959605301097e+01 6.036082760493592024e+08 0.000000000000000000e+00 4.527167278107424586e-03 4.822655769474889523e+64 1.203133628175149464e+47 2.716474822539189699e+04 4.231209755377698352e+61
1.135034959605301097e+01 6.036082760493592024e+08 0.000000000000000000e+00 4.342881619817486223e-03 4.822655879109478692e+64 1.154158130019553280e+47 2.716474837977752759e+04 4.231209851566808832e+61
1.135034959605301097e+01 6.036082760493592024e+08 0.000000000000000000e+00 4.200852118213822123e-03 4.822655963605179819e+64 1.116412568816486453e+47 2.716474849876299777e+04 4.231209925700041862e+61
1.135034959605301097e+01 6.036082760493592024e+08 0.000000000000000000e+00 4.048496249367329256e-03 4.822656054244208372e+64 1.075922686733823201e+47 2.716474862639939965e+04 4.231210005223188455e+61
1.135034959605301097e+01 6.036082760493592024e+08 0.000000000000000000e+00 3.883688459018846094e-03 4.822656152291091230e+64 1.032123599451941632e+47 2.716474876446740745e+04 4.231210091245697913e+61
1.135034959605301097e+01 6.036082760493592024e+08 0.000000000000000000e+00 3.756671323824937406e-03 4.822656227855687386e+64 9.983677036967159519e+46 2.716474887087623938e+04 4.231210157543125881e+61
1.135034959605301097e+01 6.036082760493592024e+08 0.000000000000000000e+00 3.620418895632200595e-03 4.822656308914511908e+64 9.621574494231576161e+46 2.716474898502194628e+04 4.231210228660976743e+61
1.135034959605301097e+01 6.036082760493592024e+08 0.000000000000000000e+00 3.473030107806659213e-03 4.822656396598541993e+64 9.229876118281536103e+46 2.716474910849715161e+04 4.231210305591523336e+61
1.135034959605301097e+01 6.036082760493592024e+08 0.000000000000000000e+00 3.359438593578851617e-03 4.822656464176014748e+64 8.927996902764790563e+46 2.716474920365863363e+04 4.231210364881360951e+61
1.135034959605301097e+01 6.036082760493592024e+08 0.000000000000000000e+00 3.237587538428758713e-03 4.822656536667224956e+64 8.604167247102082036e+46 2.716474930573956590e+04 4.231210428482320111e+61
1.135034959605301097e+01 6.036082760493592024e+08 0.000000000000000000e+00 3.105776635851159682e-03 4.822656615083711809e+64 8.253868440565540809e+46 2.716474941616436990e+04 4.231210497281886837e+61
1.135034959605301097e+01 6.036082760493592024e+08 0.000000000000000000e+00 3.004191711587133207e-03 4.822656675518265430e+64 7.983897770189137640e+46 2.716474950126730982e+04 4.231210550304805431e+61
1.135034959605301097e+01 6.036082760493592024e+08 0.000000000000000000e+00 2.895219865696727936e-03 4.822656740347420601e+64 7.694295720472354010e+46 2.716474959255865542e+04 4.231210607183376006e+61
1.135034959605301097e+01 6.036082760493592024e+08 0.000000000000000000e+00 2.777340332327631663e-03 4.822656810475905879e+64 7.381020725409113390e+46 2.716474969131242688e+04 4.231210668711374356e+61
1.135034959605301097e+01 6.036082760493592024e+08 0.000000000000000000e+00 2.686492954661820042e-03 4.822656864522515282e+64 7.139586008318295361e+46 2.716474976741996943e+04 4.231210716129760154e+61
1.135034959605301097e+01 6.036082760493592024e+08 0.000000000000000000e+00 2.589039042897635975e-03 4.822656922499460364e+64 6.880593858839515857e+46 2.716474984906214013e+04 4.231210766996468864e+61
1.135034959605301097e+01 6.036082760493592024e+08 0.000000000000000000e+00 2.483618395269916561e-03 4.822656985215949442e+64 6.600429423833398331e+46 2.716474993737846671e+04 4.231210822021469435e+61
1.135034959605301097e+01 6.036082760493592024e+08 0.000000000000000000e+00 2.402373653526964931e-03 4.822657033549790970e+64 6.384514537330212499e+46 2.716475000544137947e+04 4.231210864427695883e+61
1.135034959605301097e+01 6.036082760493592024e+08 0.000000000000000000e+00 2.315220281997523635e-03 4.822657085398773683e+64 6.152896959152828514e+46 2.716475007845424989e+04 4.231210909917971098e+61
1.135034959605301097e+01 6.036082760493592024e+08 0.000000000000000000e+00 2.220941672195841238e-03 4.822657141486679376e+64 5.902343447647887201e+46 2.716475015743631229e+04 4.231210959127312402e+61
1.135034959605301097e+01 6.036082760493592024e+08 0.000000000000000000e+00 2.148284611145567184e-03 4.822657184711568337e+64 5.709251060943538222e+46 2.716475021830487822e+04 4.231210997051141874e+61
1.135034959605301097e+01 6.036082760493592024e+08 0.000000000000000000e+00 2.070343059578555293e-03 4.822657231080287624e+64 5.502114686337071425e+46 2.716475028360053693e+04 4.231211037733247972e+61
1.135034959605301097e+01 6.036082760493592024e+08 0.000000000000000000e+00 1.986028825239086627e-03 4.822657281240221079e+64 5.278042359347506934e+46 2.716475035423492591e+04 4.231211081741615903e+61
1.135034959605301097e+01 6.036082760493592024e+08 0.000000000000000000e+00 1.921051766309816609e-03 4.822657319896149007e+64 5.105360238596701045e+46 2.716475040866955896e+04 4.231211115656818703e+61
1.135034959605301097e+01 6.036082760493592024e+08 0.000000000000000000e+00 1.851348387791981309e-03 4.822657361363842981e+64 4.920117517176237736e+46 2.716475046706367721e+04 4.231211152038955198e+61
1.135034959605301097e+01 6.036082760493592024e+08 0.000000000000000000e+00 1.775945340776392692e-03 4.822657406222364565e+64 4.719727436672623190e+46 2.716475053023269356e+04 4.231211191396071333e+61
1.135034959605301097e+01 6.036082760493592024e+08 0.000000000000000000e+00 1.717836543401285486e-03 4.822657440792250183e+64 4.565298311526547735e+46 2.716475057891343022e+04 4.231211221726340210e+61
1.135034959605301097e+01 6.036082760493592024e+08 0.000000000000000000e+00 1.655500601653050368e-03 4.822657477876934069e+64 4.399635186764297673e+46 2.716475063113546275e+04 4.231211254262994721e+61
1.135034959605301097e+01 6.036082760493592024e+08 0.000000000000000000e+00 1.588066871699891263e-03 4.822657517994376495e+64 4.220424251546007615e+46 2.716475068762817318e+04 4.231211289460473385e+61
1.135034959605301097e+01 6.036082760493592024e+08 0.000000000000000000e+00 1.536100393112941167e-03 4.822657548910095292e+64 4.082318866688345947e+46 2.716475073116317435e+04 4.231211316584718053e+61
1.135034959605301097e+01 6.036082760493592024e+08 0.000000000000000000e+00 1.480353185314082229e-03 4.822657582075031202e+64 3.934165868887668731e+46 2.716475077786548354e+04 4.231211345682340464e+61
1.135034959605301097e+01 6.036082760493592024e+08 0.000000000000000000e+00 1.420046454263743704e-03 4.822657617952503628e+64 3.773895546024076997e+46 2.716475082838754315e+04 4.231211377159834462e+61
1.135034959605301097e+01 6.036082760493592024e+08 0.000000000000000000e+00 1.373573081076826571e-03 4.822657645600282549e+64 3.650388561057336000e+46 2.716475086732067575e+04 4.231211401416916636e+61
1.135034959605301097e+01 6.036082760493592024e+08 0.000000000000000000e+00 1.323718210368870747e-03 4.822657675259771121e+64 3.517894955691508739e+46 2.716475090908667335e+04 4.231211427438994965e+61
1.135034959605301097e+01 6.036082760493592024e+08 0.000000000000000000e+00 1.269785189987895045e-03 4.822657707345417886e+64 3.374563316935420027e+46 2.716475095426914413e+04 4.231211455589689342e+61
1.135034959605301097e+01 6.036082760493592024e+08 0.000000000000000000e+00 1.228224328264182963e-03 4.822657732070662382e+64 3.264111753553740590e+46 2.716475098908681684e+04 4.231211477282653099e+61
1.135034959605301097e+01 6.036082760493592024e+08 0.000000000000000000e+00 1.183639004411176287e-03 4.822657758595208897e+64 3.145622422023989526e+46 2.716475102643824357e+04 4.231211500554256708e+61
1.135034959605301097e+01 6.036082760493592024e+08 0.000000000000000000e+00 1.135406026369918664e-03 4.822657787289805904e+64 3.017439135868214345e+46 2.716475106684549246e+04 4.231211525729777340e+61
1.135034959605301097e+01 6.036082760493592024e+08 0.000000000000000000e+00 1.098238448886807144e-03 4.822657809401413115e+64 2.918663103085015220e+46 2.716475109798269114e+04 4.231211545129638749e+61
1.135034959605301097e+01 6.036082760493592024e+08 0.000000000000000000e+00 1.058365708425082182e-03 4.822657833122366300e+64 2.812697867099621785e+46 2.716475113138614324e+04 4.231211565941476871e+61
1.135034959605301097e+01 6.036082760493592024e+08 0.000000000000000000e+00 1.015230308881962754e-03 4.822657858784328702e+64 2.698061834086072351e+46 2.716475116752288886e+04 4.231211588456281820e+61
1.135034959605301097e+01 6.036082760493592024e+08 0.000000000000000000e+00 9.819916689815424548e-04 4.822657878558546406e+64 2.609727290734015853e+46 2.716475119536860802e+04 4.231211605805408661e+61
1.135034959605301097e+01 6.036082760493592024e+08 0.000000000000000000e+00 9.463334176716273671e-04 4.822657899772230980e+64 2.514962422026064043e+46 2.716475122524135440e+04 4.231211624417466452e+61
1.135034959605301097e+01 6.036082760493592024e+08 0.000000000000000000e+00 9.077568113373970203e-04 4.822657922722092393e+64 2.412441773924477457e+46 2.716475125755896806e+04 4.231211644552780033e+61
1.135034959605301097e+01 6.036082760493592024e+08 0.000000000000000000e+00 8.780318423402321080e-04 4.822657940405967566e+64 2.333445113098852177e+46 2.716475128246110398e+04 4.231211660067922705e+61
1.135034959605301097e+01 6.036082760493592024e+08 0.000000000000000000e+00 8.461426330079911077e-04 4.822657959377387098e+64 2.248696797504084273e+46 2.716475130917633578e+04 4.231211676712704523e+61
1.135034959605301097e+01 6.036082760493592024e+08 0.000000000000000000e+00 8.116429826768886517e-04 4.822657979901800024e+64 2.157011010512389510e+46 2.716475133807846578e+04 4.231211694720024335e+61
1.135034959605301097e+01 6.036082760493592024e+08 0.000000000000000000e+00 7.850603103988593613e-04 4.822657995716271960e+64 2.086365273388608406e+46 2.716475136034814204e+04 4.231211708595024198e+61
1.135034959605301097e+01 6.036082760493592024e+08 0.000000000000000000e+00 7.565417784395027509e-04 4.822658012682418294e+64 2.010574822718907116e+46 2.716475138423958560e+04 4.231211723480460050e+61
1.135034959605301097e+01 6.036082760493592024e+08 0.000000000000000000e+00 7.256881759112584823e-04 4.822658031037738303e+64 1.928578721245937945e+46 2.716475141008724313e+04 4.231211739584700919e+61
1.135034959605301097e+01 6.036082760493592024e+08 0.000000000000000000e+00 7.019156794805970091e-04 4.822658045180389163e+64 1.865401268051942437e+46 2.716475143000268145e+04 4.231211751992910907e+61
1.135034959605301097e+01 6.036082760493592024e+08 0.000000000000000000e+00 6.764115665126920352e-04 4.822658060353208097e+64 1.797621895027998807e+46 2.716475145136879291e+04 4.231211765304950615e+61
1.135034959605301097e+01 6.036082760493592024e+08 0.000000000000000000e+00 6.488186497135823129e-04 4.822658076768691013e+64 1.724291346229885301e+46 2.716475147448479765e+04 4.231211779707253988e+61
1.135034959605301097e+01 6.036082760493592024e+08 0.000000000000000000e+00 6.275593127379353476e-04 4.822658089416221606e+64 1.667792830365898403e+46 2.716475149229483577e+04 4.231211790803705740e+61
1.135034959605301097e+01 6.036082760493592024e+08 0.000000000000000000e+00 6.047510162461936780e-04 4.822658102985255872e+64 1.607177821410287442e+46 2.716475151140252274e+04 4.231211802708645926e+61
1.135034959605301097e+01 6.036082760493592024e+08 0.000000000000000000e+00 5.800741553101869960e-04 4.822658117665929329e+64 1.541596941787207818e+46 2.716475153207559561e+04 4.231211815588895252e+61
1.135034959605301097e+01 6.036082760493592024e+08 0.000000000000000000e+00 5.610623555615406894e-04 4.822658128976363058e+64 1.491071449344414408e+46 2.716475154800276505e+04 4.231211825512229897e+61
1.135034959605301097e+01 6.036082760493592024e+08 0.000000000000000000e+00 5.406649489280844923e-04 4.822658141111117617e+64 1.436863587472492358e+46 2.716475156509071530e+04 4.231211836158790341e+61
1.135034959605301097e+01 6.036082760493592024e+08 0.000000000000000000e+00 5.185959410947942744e-04 4.822658154240335765e+64 1.378213301689830085e+46 2.716475158357906184e+04 4.231211847677853561e+61
1.135034959605301097e+01 6.036082760493592024e+08 0.000000000000000000e+00 5.015941323710246865e-04 4.822658164354993407e+64 1.333029533212160813e+46 2.716475159782234914e+04 4.231211856552059532e+61
1.135034959605301097e+01 6.036082760493592024e+08 0.000000000000000000e+00 4.833528055873526747e-04 4.822658175207061053e+64 1.284551638918089524e+46 2.716475161310405019e+04 4.231211866073240879e+61
1.135034959605301097e+01 6.036082760493592024e+08 0.000000000000000000e+00 4.636160251494122033e-04 4.822658186948798530e+64 1.232099447960563943e+46 2.716475162963856201e+04 4.231211876374982276e+61
1.135034959605301097e+01 6.036082760493592024e+08 0.000000000000000000e+00 4.484117698539103977e-04 4.822658195994061393e+64 1.191692832269912800e+46 2.716475164237595163e+04 4.231211884310943589e+61
1.135034959605301097e+01 6.036082760493592024e+08 0.000000000000000000e+00 4.320986464408902469e-04 4.822658205699009266e+64 1.148339304217862409e+46 2.716475165604229187e+04 4.231211892825684669e+61
1.135034959605301097e+01 6.036082760493592024e+08 0.000000000000000000e+00 4.144476016339796939e-04 4.822658216199907884e+64 1.101430135028740760e+46 2.716475167082948246e+04 4.231211902038763773e+61
1.135034959605301097e+01 6.036082760493592024e+08 0.000000000000000000e+00 4.008509170081110597e-04 4.822658224288800906e+64 1.065295776609555340e+46 2.716475168222012508e+04 4.231211909135643312e+61
1.135034959605301097e+01 6.036082760493592024e+08 0.000000000000000000e+00 3.862622073851839592e-04 4.822658232967865827e+64 1.026525026467618586e+46 2.716475169444183484e+04 4.231211916750316326e+61
1.135034959605301097e+01 6.036082760493592024e+08 0.000000000000000000e+00 3.704764612142621028e-04 4.822658242359066712e+64 9.845730487796800285e+45 2.716475170766637166e+04 4.231211924989790423e+61
1.135034959605301097e+01 6.036082760493592024e+08 0.000000000000000000e+00 3.583174460728785911e-04 4.822658249592666177e+64 9.522594206245381449e+45 2.716475171785260318e+04 4.231211931336268227e+61
1.135034959605301097e+01 6.036082760493592024e+08 0.000000000000000000e+00 3.452709018181041403e-04 4.822658257354271691e+64 9.175871075419168056e+45 2.716475172878236117e+04 4.231211938145998090e+61
1.135034959605301097e+01 6.036082760493592024e+08 0.000000000000000000e+00 3.311533183570192326e-04 4.822658265753055674e+64 8.800684156819141526e+45 2.716475174060939389e+04 4.231211945514762606e+61
1.135034959605301097e+01 6.036082760493592024e+08 0.000000000000000000e+00 3.202800306737458680e-04 4.822658272221754872e+64 8.511717187919387407e+45 2.716475174971850356e+04 4.231211951190147403e+61
1.135034959605301097e+01 6.036082760493592024e+08 0.000000000000000000e+00 3.086126678649170080e-04 4.822658279162860506e+64 8.201646989822141321e+45 2.716475175949285403e+04 4.231211957280004359e+61
1.135034959605301097e+01 6.036082760493592024e+08 0.000000000000000000e+00 2.959869496200146031e-04 4.822658286674110206e+64 7.866107672029213239e+45 2.716475177007006641e+04 4.231211963870081373e+61
1.135034959605301097e+01 6.036082760493592024e+08 0.000000000000000000e+00 2.862635084593227481e-04 4.822658292458745963e+64 7.607698863090725404e+45 2.716475177821589386e+04 4.231211968945294813e+61
1.135034959605301097e+01 6.036082760493592024e+08 0.000000000000000000e+00 2.758295716693808376e-04 4.822658298666068454e+64 7.330408021929659816e+45 2.716475178695694194e+04 4.231211974391356872e+61
1.135034959605301097e+01 6.036082760493592024e+08 0.000000000000000000e+00 2.645380572599058898e-04 4.822658305383577784e+64 7.030326318194992675e+45 2.716475179641641444e+04 4.231211980285038062e+61
1.135034959605301097e+01 6.036082760493592024e+08 0.000000000000000000e+00 2.558429453271721132e-04 4.822658310556443571e+64 6.799246242634102032e+45 2.716475180370076851e+04 4.231211984823507604e+61
1.135034959605301097e+01 6.036082760493592024e+08 0.000000000000000000e+00 2.465120868171562208e-04 4.822658316107524935e+64 6.551270655174980239e+45 2.716475181151770812e+04 4.231211989693810522e+61
1.135034959605301097e+01 6.036082760493592024e+08 0.000000000000000000e+00 2.364137814333992858e-04 4.822658322115173566e+64 6.282899507204969217e+45 2.716475181997756954e+04 4.231211994964687061e+61
1.135034959605301097e+01 6.036082760493592024e+08 0.000000000000000000e+00 2.286383270619504683e-04 4.822658326740920369e+64 6.076260122045293625e+45 2.716475182649147246e+04 4.231211999023137809e+61
1.135034959605301097e+01 6.036082760493592024e+08 0.000000000000000000e+00 2.202939784564506682e-04 4.822658331705112367e+64 5.854501883487567392e+45 2.716475183348196151e+04 4.231212003378524584e+61
1.135034959605301097e+01 6.036082760493592024e+08 0.000000000000000000e+00 2.112627925290289056e-04 4.822658337077913916e+64 5.614490352565624165e+45 2.716475184104785149e+04 4.231212008092412002e+61
1.135034959605301097e+01 6.036082760493592024e+08 0.000000000000000000e+00 2.043098120998582926e-04 4.822658341214356986e+64 5.429708919574801630e+45 2.716475184687271758e+04 4.231212011721564913e+61
1.135034959605301097e+01 6.036082760493592024e+08 0.000000000000000000e+00 1.968477281507984673e-04 4.822658345653674056e+64 5.231397622822084670e+45 2.716475185312409303e+04 4.231212015616449649e+61
1.135034959605301097e+01 6.036082760493592024e+08 0.000000000000000000e+00 1.887709021643039521e-04 4.822658350458711449e+64 5.016749027877024455e+45 2.716475185989046440e+04 4.231212019832201361e+61
1.135034959605301097e+01 6.036082760493592024e+08 0.000000000000000000e+00 1.825534860603845533e-04 4.822658354157555206e+64 4.851515849258762194e+45 2.716475186509911509e+04 4.231212023077422930e+61
1.135034959605301097e+01 6.036082760493592024e+08 0.000000000000000000e+00 1.758804423848543653e-04 4.822658358127458995e+64 4.674173976182053756e+45 2.716475187068946980e+04 4.231212026560461072e+61
1.135034959605301097e+01 6.036082760493592024e+08 0.000000000000000000e+00 1.686571382513743327e-04 4.822658362424723367e+64 4.482208458328268298e+45 2.716475187674080007e+04 4.231212030330712831e+61
1.135034959605301097e+01 6.036082760493592024e+08 0.000000000000000000e+00 1.630975651021375700e-04 4.822658365732205631e+64 4.334458021835840765e+45 2.716475188139833699e+04 4.231212033232568291e+61
1.135034959605301097e+01 6.036082760493592024e+08 0.000000000000000000e+00 1.571301935294161609e-04 4.822658369282293075e+64 4.175869991619325379e+45 2.716475188639751286e+04 4.231212036347276621e+61
1.135034959605301097e+01 6.036082760493592024e+08 0.000000000000000000e+00 1.506702348094229285e-04 4.822658373125429135e+64 4.004191034443790836e+45 2.716475189180935922e+04 4.231212039719094489e+61
1.135034959605301097e+01 6.036082760493592024e+08 0.000000000000000000e+00 1.456990005314510788e-04 4.822658376082899295e+64 3.872076209301632772e+45 2.716475189597400822e+04 4.231212042313863336e+61
1.135034959605301097e+01 6.036082760493592024e+08 0.000000000000000000e+00 1.403627475968446416e-04 4.822658379257524630e+64 3.730260699520934363e+45 2.716475190044446936e+04 4.231212045099155477e+61
1.135034959605301097e+01 6.036082760493592024e+08 0.000000000000000000e+00 1.345854929339242287e-04 4.822658382694509385e+64 3.576725189642521337e+45 2.716475190528437088e+04 4.231212048114631842e+61
1.135034959605301097e+01 6.036082760493592024e+08 0.000000000000000000e+00 1.301404423575819856e-04 4.822658385338943432e+64 3.458594148777335927e+45 2.716475190900822054e+04 4.231212050434754844e+61
1.135034959605301097e+01 6.036082760493592024e+08 0.000000000000000000e+00 1.253686378292156827e-04 4.822658388177768305e+64 3.331779340698149356e+45 2.716475191300580991e+04 4.231212052925430520e+61
1.135034959605301097e+01 6.036082760493592024e+08 0.000000000000000000e+00 1.202019734009115071e-04 4.822658391251502089e+64 3.194470791282509105e+45 2.716475191733418978e+04 4.231212055622203618e+61
1.135034959605301097e+01 6.036082760493592024e+08 0.000000000000000000e+00 1.162275237464898190e-04 4.822658393615968545e+64 3.088846374534148686e+45 2.716475192066378804e+04 4.231212057696694437e+61
1.135034959605301097e+01 6.036082760493592024e+08 0.000000000000000000e+00 1.119605476931535848e-04 4.822658396154463600e+64 2.975447817224096567e+45 2.716475192423845874e+04 4.231212059923870503e+61
1.135034959605301097e+01 6.036082760493592024e+08 0.000000000000000000e+00 1.073399862660845725e-04 4.822658398903310832e+64 2.852652424598812369e+45 2.716475192810934095e+04 4.231212062335602254e+61
1.135034959605301097e+01 6.036082760493592024e+08 0.000000000000000000e+00 1.037864325840868091e-04 4.822658401017379381e+64 2.758213680198709384e+45 2.716475193108632811e+04 4.231212064190402546e+61
1.135034959605301097e+01 6.036082760493592024e+08 0.000000000000000000e+00 9.997097034300574136e-05 4.822658403287260373e+64 2.656814490655267525e+45 2.716475193428273997e+04 4.231212066181909188e+61
1.135034959605301097e+01 6.036082760493592024e+08 0.000000000000000000e+00 9.997097034300574136e-05 4.822658403287260958e+64 2.656814490655267208e+45 2.716475193428273997e+04 4.231212066181908617e+61
1.135034959605301097e+01 6.036082760493592024e+08 0.000000000000000000e+00 9.997097034300574136e-05 4.822658403287260958e+64 2.656814490655267208e+45 2.716475193428273997e+04 4.231212066181908617e+61
1.135034959605301097e+01 6.036082760493592024e+08 0.000000000000000000e+00 9.994009714283546468e-05 4.822658403305627941e+64 2.655994008816350481e+45 2.716475193430860600e+04 4.231212066198023386e+61
1.135034959605301097e+01 6.036082760493592024e+08 0.000000000000000000e+00 9.990920531523529431e-05 4.822658403324006032e+64 2.655173031937469274e+45 2.716475193433447930e+04 4.231212066214146717e+61
1.135034959605301097e+01 6.036082760493592024e+08 0.000000000000000000e+00 9.959862943259648873e-05 4.822658403508772576e+64 2.646919210827083460e+45 2.716475193459467118e+04 4.231212066376254081e+61
1.135034959605301097e+01 6.036082760493592024e+08 0.000000000000000000e+00 9.928614076362772111e-05 4.822658403694676754e+64 2.638614555775390192e+45 2.716475193485645286e+04 4.231212066539360518e+61
1.135034959605301097e+01 6.036082760493592024e+08 0.000000000000000000e+00 9.837080256545024969e-05 4.822658404239227002e+64 2.614288656162489247e+45 2.716475193562328423e+04 4.231212067017127116e+61
1.135034959605301097e+01 6.036082760493592024e+08 0.000000000000000000e+00 9.743865439956410324e-05 4.822658404793777430e+64 2.589516017204730966e+45 2.716475193640418365e+04 4.231212067503667291e+61
1.135034959605301097e+01 6.036082760493592024e+08 0.000000000000000000e+00 9.648848301527919674e-05 4.822658405359050603e+64 2.564264395721887810e+45 2.716475193720019161e+04 4.231212067999615312e+61
1.135034959605301097e+01 6.036082760493592024e+08 0.000000000000000000e+00 9.310717442843550985e-05 4.822658407370646841e+64 2.474403212819686100e+45 2.716475194003289289e+04 4.231212069764511559e+61
1.135034959605301097e+01 6.036082760493592024e+08 0.000000000000000000e+00 8.945912796112677338e-05 4.822658409540929420e+64 2.377453241406232784e+45 2.716475194308904975e+04 4.231212071668633534e+61
1.135034959605301097e+01 6.036082760493592024e+08 0.000000000000000000e+00 8.548506455523397364e-05 4.822658411905165543e+64 2.271839089544620342e+45 2.716475194641832786e+04 4.231212073742922827e+61
1.135034959605301097e+01 6.036082760493592024e+08 0.000000000000000000e+00 8.263071132500469018e-05 4.822658413603267926e+64 2.195982198314068447e+45 2.716475194880957133e+04 4.231212075232770745e+61
1.135034959605301097e+01 6.036082760493592024e+08 0.000000000000000000e+00 7.956410690248595392e-05 4.822658415427641713e+64 2.114484549157506674e+45 2.716475195137862102e+04 4.231212076833405625e+61
1.135034959605301097e+01 6.036082760493592024e+08 0.000000000000000000e+00 7.624023769310145002e-05 4.822658417405066289e+64 2.026149867096938921e+45 2.716475195416319912e+04 4.231212078568320536e+61
1.135034959605301097e+01 6.036082760493592024e+08 0.000000000000000000e+00 7.369970457322986494e-05 4.822658418916471192e+64 1.958633015117750044e+45 2.716475195629152950e+04 4.231212079894368946e+61
1.135034959605301097e+01 6.036082760493592024e+08 0.000000000000000000e+00 7.097054719528877499e-05 4.822658420540092530e+64 1.886103311303586723e+45 2.716475195857788276e+04 4.231212081318870043e+61
1.135034959605301097e+01 6.036082760493592024e+08 0.000000000000000000e+00 6.801300576496798519e-05 4.822658422299582074e+64 1.807504104935680333e+45 2.716475196105556824e+04 4.231212082862578293e+61
1.135034959605301097e+01 6.036082760493592024e+08 0.000000000000000000e+00 6.574684003419321052e-05 4.822658423647761798e+64 1.747278802219390004e+45 2.716475196295405476e+04 4.231212084045418382e+61
1.135034959605301097e+01 6.036082760493592024e+08 0.000000000000000000e+00 6.331244342314067369e-05 4.822658425096025153e+64 1.682582619216910144e+45 2.716475196499347294e+04 4.231212085316067887e+61
1.135034959605301097e+01 6.036082760493592024e+08 0.000000000000000000e+00 6.067435379001245220e-05 4.822658426665467455e+64 1.612473119020056083e+45 2.716475196720353051e+04 4.231212086693037068e+61
1.135034959605301097e+01 6.036082760493592024e+08 0.000000000000000000e+00 5.864902083513505671e-05 4.822658427870371496e+64 1.558648154388246503e+45 2.716475196890026200e+04 4.231212087750171460e+61
1.135034959605301097e+01 6.036082760493592024e+08 0.000000000000000000e+00 5.647302854970629978e-05 4.822658429164905925e+64 1.500819288512026362e+45 2.716475197072319861e+04 4.231212088885945488e+61
1.135034959605301097e+01 6.036082760493592024e+08 0.000000000000000000e+00 5.411454613019081816e-05 4.822658430568005957e+64 1.438140590419716581e+45 2.716475197269902856e+04 4.231212090116970029e+61
1.135034959605301097e+01 6.036082760493592024e+08 0.000000000000000000e+00 5.230448060105291142e-05 4.822658431644844456e+64 1.390036542711174493e+45 2.716475197421540724e+04 4.231212091061746345e+61
1.135034959605301097e+01 6.036082760493592024e+08 0.000000000000000000e+00 5.035946023802998194e-05 4.822658432801968501e+64 1.338345954259659368e+45 2.716475197584485431e+04 4.231212092076963043e+61
1.135034959605301097e+01 6.036082760493592024e+08 0.000000000000000000e+00 4.825089750317793102e-05 4.822658434056387048e+64 1.282309086665099316e+45 2.716475197761130403e+04 4.231212093177540571e+61
1.135034959605301097e+01 6.036082760493592024e+08 0.000000000000000000e+00 4.663331363164712764e-05 4.822658435018714555e+64 1.239320404500787512e+45 2.716475197896643658e+04 4.231212094021848354e+61
1.135034959605301097e+01 6.036082760493592024e+08 0.000000000000000000e+00 4.489482072902383310e-05 4.822658436052973665e+64 1.193118460879120521e+45 2.716475198042286138e+04 4.231212094929267318e+61
1.135034959605301097e+01 6.036082760493592024e+08 0.000000000000000000e+00 4.300973248419858830e-05 4.822658437174442916e+64 1.143020619997594283e+45 2.716475198200209707e+04 4.231212095913201030e+61
1.135034959605301097e+01 6.036082760493592024e+08 0.000000000000000000e+00 4.156434316897783028e-05 4.822658438034329681e+64 1.104608156217947487e+45 2.716475198321296921e+04 4.231212096667631601e+61
1.135034959605301097e+01 6.036082760493592024e+08 0.000000000000000000e+00 4.001062117531418706e-05 4.822658438958664576e+64 1.063316658365599434e+45 2.716475198451460528e+04 4.231212097478607441e+61
1.135034959605301097e+01 6.036082760493592024e+08 0.000000000000000000e+00 3.832548015603857609e-05 4.822658439961182793e+64 1.018532586915179013e+45 2.716475198592633751e+04 4.231212098358176806e+61
1.135034959605301097e+01 6.036082760493592024e+08 0.000000000000000000e+00 3.703414741414675807e-05 4.822658440729417621e+64 9.842143090276639373e+44 2.716475198700814872e+04 4.231212099032197954e+61
1.135034959605301097e+01 6.036082760493592024e+08 0.000000000000000000e+00 3.564574563254580035e-05 4.822658441555401640e+64 9.473163379511320894e+44 2.716475198817128330e+04 4.231212099756882399e+61
1.135034959605301097e+01 6.036082760493592024e+08 0.000000000000000000e+00 3.413951958748128905e-05 4.822658442451481032e+64 9.072870857692288201e+44 2.716475198943312716e+04 4.231212100543066947e+61
1.135034959605301097e+01 6.036082760493592024e+08 0.000000000000000000e+00 3.298602604275945315e-05 4.822658443137713341e+64 8.766320030589237444e+44 2.716475199039946529e+04 4.231212101145140539e+61
1.135034959605301097e+01 6.036082760493592024e+08 0.000000000000000000e+00 3.174555441479902460e-05 4.822658443875689239e+64 8.436654030038856928e+44 2.716475199143867576e+04 4.231212101792612597e+61
1.135034959605301097e+01 6.036082760493592024e+08 0.000000000000000000e+00 3.039944070806331627e-05 4.822658444676515554e+64 8.078912738756553869e+44 2.716475199256638371e+04 4.231212102495225513e+61
1.135034959605301097e+01 6.036082760493592024e+08 0.000000000000000000e+00 2.936928413063912108e-05 4.822658445289372297e+64 7.805139771148670649e+44 2.716475199342940323e+04 4.231212103032922812e+61
1.135034959605301097e+01 6.036082760493592024e+08 0.000000000000000000e+00 2.826119266100580397e-05 4.822658445948594887e+64 7.510654935861762084e+44 2.716475199435770264e+04 4.231212103611297813e+61
1.135034959605301097e+01 6.036082760493592024e+08 0.000000000000000000e+00 2.705837943392218957e-05 4.822658446664167719e+64 7.190996979126606642e+44 2.716475199536536820e+04 4.231212104239114386e+61
1.135034959605301097e+01 6.036082760493592024e+08 0.000000000000000000e+00 2.613859038224908949e-05 4.822658447211365624e+64 6.946555130413259368e+44 2.716475199613592122e+04 4.231212104719203401e+61
1.135034959605301097e+01 6.036082760493592024e+08 0.000000000000000000e+00 2.514897345984118214e-05 4.822658447800105252e+64 6.683555924680840425e+44 2.716475199696496929e+04 4.231212105235740897e+61
1.135034959605301097e+01 6.036082760493592024e+08 0.000000000000000000e+00 2.407442787982677474e-05 4.822658448439370160e+64 6.397986197983516206e+44 2.716475199786516896e+04 4.231212105796606994e+61
1.135034959605301097e+01 6.036082760493592024e+08 0.000000000000000000e+00 2.325340640284932685e-05 4.822658448927809853e+64 6.179792681436793173e+44 2.716475199855298706e+04 4.231212106225144394e+61
1.135034959605301097e+01 6.036082760493592024e+08 0.000000000000000000e+00 2.236982754666982039e-05 4.822658449453464639e+64 5.944974003506601157e+44 2.716475199929320297e+04 4.231212106686333795e+61
1.135034959605301097e+01 6.036082760493592024e+08 0.000000000000000000e+00 2.141010612139101907e-05 4.822658450024419546e+64 5.689919783173985921e+44 2.716475200009721084e+04 4.231212107187267478e+61
